observation_id,obs_match,partner_id,par_match,From Dataset,no_partner_ids,id,p_id
414645,No,414707,No,Yes,340433312.0,414645_414707,414707_414645
414707,No,414645,No,Yes,340394115.0,414707_414645,414645_414707
465679,No,66466718,No,Yes,340261882.0,465679_66466718,66466718_465679
509046,No,66466454,No,Yes,340178684.0,509046_66466454,66466454_509046
518909,Yes,66466205,No,Yes,340032293.0,518909_66466205,66466205_518909
526854,No,66465985,No,Yes,339988554.0,526854_66465985,66465985_526854
608490,Yes,66465198,No,Yes,339965719.0,608490_66465198,66465198_608490
613295,No,66465198,No,Yes,338955864.0,613295_66465198,66465198_613295
613368,Yes,66464630,No,Yes,338572816.0,613368_66464630,66464630_613368
613370,Yes,66464171,No,Yes,338572814.0,613370_66464171,66464171_613370
673967,Yes,103137514,Yes,Yes,338262521.0,673967_103137514,103137514_673967
746116,Yes,66463516,No,Yes,338041950.0,746116_66463516,66463516_746116
785661,Yes,66462946,No,Yes,337302179.0,785661_66462946,66462946_785661
855273,Yes,66517113,No,Yes,337302175.0,855273_66517113,66517113_855273
855273,Yes,67665745,No,Yes,337302172.0,855273_67665745,67665745_855273
855282,Yes,66458766,No,Yes,337302171.0,855282_66458766,66458766_855282
859795,No,66462095,No,Yes,337302170.0,859795_66462095,66462095_859795
890705,Yes,66458394,No,Yes,337285510.0,890705_66458394,66458394_890705
893936,Yes,894002,No,Yes,337063055.0,893936_894002,894002_893936
894002,No,893936,Yes,Yes,337060870.0,894002_893936,893936_894002
1031674,Yes,1031679,No,Yes,336269939.0,1031674_1031679,1031679_1031674
1031679,No,1031674,Yes,Yes,336128756.0,1031679_1031674,1031674_1031679
1031728,Yes,1031726,No,Yes,335712937.0,1031728_1031726,1031726_1031728
1059442,Yes,1059454,Yes,Yes,335611213.0,1059442_1059454,1059454_1059442
1059454,Yes,1059442,Yes,Yes,334569592.0,1059454_1059442,1059442_1059454
1068273,No,66419503,Yes,Yes,334489227.0,1068273_66419503,66419503_1068273
1068300,Yes,66419503,Yes,Yes,334290701.0,1068300_66419503,66419503_1068300
1068463,Yes,11065591,No,Yes,333946575.0,1068463_11065591,11065591_1068463
1120591,Yes,74724598,No,Yes,333889171.0,1120591_74724598,74724598_1120591
1133892,Yes,74724395,No,Yes,333880750.0,1133892_74724395,74724395_1133892
1135272,Yes,66419028,No,Yes,333823041.0,1135272_66419028,66419028_1135272
1214196,Yes,66419742,No,Yes,333740956.0,1214196_66419742,66419742_1214196
1480375,Yes,66416214,No,Yes,333588688.0,1480375_66416214,66416214_1480375
1480419,Yes,66416266,No,Yes,333554034.0,1480419_66416266,66416266_1480419
1541560,No,66413452,Yes,Yes,333059160.0,1541560_66413452,66413452_1541560
1541573,Yes,28163775,No,Yes,333012372.0,1541573_28163775,28163775_1541573
1560560,Yes,73591486,No,Yes,332890716.0,1560560_73591486,73591486_1560560
1560782,Yes,40576956,No,Yes,332787693.0,1560782_40576956,40576956_1560782
1564429,Yes,66413110,No,Yes,332380782.0,1564429_66413110,66413110_1564429
2425593,Yes,2425738,Yes,Yes,331849813.0,2425593_2425738,2425738_2425593
2425738,Yes,66412290,No,Yes,331383823.0,2425738_66412290,66412290_2425738
2468967,Yes,28545358,Yes,Yes,328932055.0,2468967_28545358,28545358_2468967
3013721,No,10960412,Yes,Yes,326214114.0,3013721_10960412,10960412_3013721
3174469,Yes,66411306,No,Yes,325507092.0,3174469_66411306,66411306_3174469
3316348,Yes,20827247,No,Yes,323795569.0,3316348_20827247,20827247_3316348
3661794,Yes,66410231,No,Yes,323795549.0,3661794_66410231,66410231_3661794
4150874,Yes,13177701,No,Yes,323795516.0,4150874_13177701,13177701_4150874
4198630,Yes,66409844,No,Yes,323795511.0,4198630_66409844,66409844_4198630
4198647,Yes,66409844,No,Yes,323795509.0,4198647_66409844,66409844_4198647
4311650,Yes,19585966,No,Yes,323666972.0,4311650_19585966,19585966_4311650
4439691,Yes,66409288,No,Yes,323666966.0,4439691_66409288,66409288_4439691
4529334,Yes,67336811,No,Yes,323666948.0,4529334_67336811,67336811_4529334
4616510,No,66409288,No,Yes,323604224.0,4616510_66409288,66409288_4616510
4683091,No,11251463,No,Yes,323602040.0,4683091_11251463,11251463_4683091
4706757,Yes,4706758,Yes,Yes,323492700.0,4706757_4706758,4706758_4706757
4706758,Yes,4706757,Yes,Yes,323392636.0,4706758_4706757,4706757_4706758
4826551,No,66408456,No,Yes,322973942.0,4826551_66408456,66408456_4826551
4977020,Yes,4977021,Yes,Yes,322488107.0,4977020_4977021,4977021_4977020
4977021,Yes,4977020,Yes,Yes,322342886.0,4977021_4977020,4977020_4977021
5020575,Yes,5020579,Yes,Yes,322297428.0,5020575_5020579,5020579_5020575
5020579,Yes,5020575,Yes,Yes,321769363.0,5020579_5020575,5020575_5020579
5064766,Yes,5064767,No,Yes,321768680.0,5064766_5064767,5064767_5064766
5064767,No,5064766,Yes,Yes,321576569.0,5064767_5064766,5064766_5064767
5128044,No,5128057,No,Yes,321297527.0,5128044_5128057,5128057_5128044
6048862,Yes,6048799,No,Yes,319269043.0,6048862_6048799,6048799_6048862
6181749,Yes,6181752,No,Yes,318881382.0,6181749_6181752,6181752_6181749
6547777,Yes,6547967,No,Yes,318344323.0,6547777_6547967,6547967_6547777
6547967,No,6547777,Yes,Yes,318344322.0,6547967_6547777,6547777_6547967
6653565,No,66374547,Yes,Yes,318344316.0,6653565_66374547,66374547_6653565
6654045,Yes,66368233,No,Yes,318344312.0,6654045_66368233,66368233_6654045
6925315,Yes,346264485,No,Yes,316752723.0,6925315_346264485,346264485_6925315
6970258,No,6970344,Yes,Yes,316451558.0,6970258_6970344,6970344_6970258
6970344,Yes,6970258,No,Yes,316417494.0,6970344_6970258,6970258_6970344
7080377,No,340988877,No,Yes,315279908.0,7080377_340988877,340988877_7080377
7118034,Yes,145217567,Yes,Yes,314966052.0,7118034_145217567,145217567_7118034
7267929,Yes,7267930,Yes,Yes,314965610.0,7267929_7267930,7267930_7267929
7267930,Yes,7267929,Yes,Yes,314956568.0,7267930_7267929,7267929_7267930
7273981,Yes,188690574,Yes,Yes,314956565.0,7273981_188690574,188690574_7273981
7945436,Yes,7945437,No,Yes,314579796.0,7945436_7945437,7945437_7945436
8141947,Yes,28851083,Yes,Yes,314361271.0,8141947_28851083,28851083_8141947
8387435,Yes,131337492,No,Yes,314301516.0,8387435_131337492,131337492_8387435
8555135,Yes,31535775,No,Yes,311607120.0,8555135_31535775,31535775_8555135
8555161,Yes,31535775,No,Yes,311236147.0,8555161_31535775,31535775_8555161
8555175,Yes,31535775,No,Yes,311196144.0,8555175_31535775,31535775_8555175
8691364,No,8691352,No,Yes,310449567.0,8691364_8691352,8691352_8691364
8836272,No,8836294,Yes,Yes,309657550.0,8836272_8836294,8836294_8836272
8836272,No,8836285,Yes,Yes,309434042.0,8836272_8836285,8836285_8836272
8836285,Yes,8836272,No,Yes,309325275.0,8836285_8836272,8836272_8836285
8836294,Yes,8836272,No,Yes,309065803.0,8836294_8836272,8836272_8836294
8837880,No,8837836,No,Yes,309040949.0,8837880_8837836,8837836_8837880
8839634,Yes,58530763,No,Yes,308988660.0,8839634_58530763,58530763_8839634
8873609,No,8873618,Yes,Yes,308107971.0,8873609_8873618,8873618_8873609
8873618,Yes,8873609,No,Yes,307858555.0,8873618_8873609,8873609_8873618
9029726,No,9029586,No,Yes,306527112.0,9029726_9029586,9029586_9029726
9122049,No,189589216,No,Yes,306194222.0,9122049_189589216,189589216_9122049
9319352,Yes,9319390,No,Yes,306147008.0,9319352_9319390,9319390_9319352
9319390,No,9319352,Yes,Yes,306129976.0,9319390_9319352,9319352_9319390
9348478,Yes,9348479,Yes,Yes,306050485.0,9348478_9348479,9348479_9348478
9348479,Yes,9348478,Yes,Yes,305440788.0,9348479_9348478,9348478_9348479
9459167,No,9459512,Yes,Yes,305330970.0,9459167_9459512,9459512_9459167
9459167,No,9459405,Yes,Yes,305248599.0,9459167_9459405,9459405_9459167
9459405,Yes,9459167,No,Yes,304882448.0,9459405_9459167,9459167_9459405
9459512,Yes,9459167,No,Yes,303618072.0,9459512_9459167,9459167_9459512
9517655,Yes,89768239,No,Yes,303043348.0,9517655_89768239,89768239_9517655
9537173,Yes,9537171,No,Yes,301940886.0,9537173_9537171,9537171_9537173
9613322,No,9613319,No,Yes,301542958.0,9613322_9613319,9613319_9613322
9834684,Yes,66509279,No,Yes,299101804.0,9834684_66509279,66509279_9834684
9838470,Yes,9838468,No,Yes,298439201.0,9838470_9838468,9838468_9838470
9863697,Yes,9863711,Yes,Yes,298421266.0,9863697_9863711,9863711_9863697
9863711,Yes,9863697,Yes,Yes,298352879.0,9863711_9863697,9863697_9863711
9867536,No,66372280,No,Yes,298178561.0,9867536_66372280,66372280_9867536
9878001,Yes,66372180,No,Yes,298066733.0,9878001_66372180,66372180_9878001
9884371,Yes,9884260,No,Yes,297975654.0,9884371_9884260,9884260_9884371
9904574,No,9715130,No,Yes,297908719.0,9904574_9715130,9715130_9904574
9930991,Yes,66371922,No,Yes,297821644.0,9930991_66371922,66371922_9930991
9964169,No,9964178,No,Yes,297482407.0,9964169_9964178,9964178_9964169
9976884,No,66371811,No,Yes,297339804.0,9976884_66371811,66371811_9976884
10003229,Yes,66371739,No,Yes,297010925.0,10003229_66371739,66371739_10003229
10042362,Yes,66371463,No,Yes,296764034.0,10042362_66371463,66371463_10042362
10155097,Yes,10155098,No,Yes,295994278.0,10155097_10155098,10155098_10155097
10248122,Yes,10248124,No,Yes,294641559.0,10248122_10248124,10248124_10248122
10309167,Yes,10309216,No,Yes,294487673.0,10309167_10309216,10309216_10309167
10317797,Yes,10317798,Yes,Yes,293498632.0,10317797_10317798,10317798_10317797
10317798,Yes,10317797,Yes,Yes,291600833.0,10317798_10317797,10317797_10317798
10443482,Yes,10443455,No,Yes,291009479.0,10443482_10443455,10443455_10443482
10960412,Yes,3013721,No,Yes,289799235.0,10960412_3013721,3013721_10960412
10973513,No,66464171,No,Yes,288619986.0,10973513_66464171,66464171_10973513
10986794,Yes,10986817,No,Yes,287263147.0,10986794_10986817,10986817_10986794
11018377,Yes,11018383,Yes,Yes,286676941.0,11018377_11018383,11018383_11018377
11018383,Yes,11018377,Yes,Yes,286219823.0,11018383_11018377,11018377_11018383
11086957,Yes,11137126,No,Yes,281960206.0,11086957_11137126,11137126_11086957
11212609,Yes,11212629,No,Yes,275379098.0,11212609_11212629,11212629_11212609
11235252,No,66409546,No,Yes,274743112.0,11235252_66409546,66409546_11235252
11236942,Yes,11236972,No,Yes,273318688.0,11236942_11236972,11236972_11236942
11241828,No,11241837,No,Yes,272918858.0,11241828_11241837,11241837_11241828
11243064,Yes,11241837,No,Yes,272178008.0,11243064_11241837,11241837_11243064
11252870,Yes,11252885,Yes,Yes,271162461.0,11252870_11252885,11252885_11252870
11252885,Yes,11252870,Yes,Yes,271162440.0,11252885_11252870,11252870_11252885
11296008,Yes,11296022,No,Yes,271162407.0,11296008_11296022,11296022_11296008
11380928,Yes,70940574,No,Yes,269576608.0,11380928_70940574,70940574_11380928
11436874,Yes,10503314,No,Yes,269576598.0,11436874_10503314,10503314_11436874
12152382,Yes,12180961,Yes,Yes,269468634.0,12152382_12180961,12180961_12152382
12180961,Yes,12152382,Yes,Yes,269441149.0,12180961_12152382,12152382_12180961
12192407,Yes,79527725,No,Yes,269404152.0,12192407_79527725,79527725_12192407
12248949,Yes,12248950,No,Yes,268072225.0,12248949_12248950,12248950_12248949
12248950,No,12248949,Yes,Yes,268068992.0,12248950_12248949,12248949_12248950
12423946,Yes,12423948,Yes,Yes,267553283.0,12423946_12423948,12423948_12423946
12423948,Yes,12423946,Yes,Yes,267496654.0,12423948_12423946,12423946_12423948
12424336,No,12424335,No,Yes,267309706.0,12424336_12424335,12424335_12424336
12713851,Yes,12713850,No,Yes,267079659.0,12713851_12713850,12713850_12713851
12799736,Yes,12799131,No,Yes,267022336.0,12799736_12799131,12799131_12799736
12833153,Yes,12833171,No,Yes,266914721.0,12833153_12833171,12833171_12833153
12833171,No,12833153,Yes,Yes,266204281.0,12833171_12833153,12833153_12833171
13054939,No,13054943,No,Yes,266204278.0,13054939_13054943,13054943_13054939
13054943,No,13054939,No,Yes,266076068.0,13054943_13054939,13054939_13054943
13339379,Yes,13339396,No,Yes,265466247.0,13339379_13339396,13339396_13339379
13376691,Yes,13376692,No,Yes,264160871.0,13376691_13376692,13376692_13376691
13376692,No,13376691,Yes,Yes,264140628.0,13376692_13376691,13376691_13376692
13454032,Yes,13454098,No,Yes,264104786.0,13454032_13454098,13454098_13454032
13454098,No,13454032,Yes,Yes,264095006.0,13454098_13454032,13454032_13454098
13466688,No,13466689,Yes,Yes,264094398.0,13466688_13466689,13466689_13466688
13466689,Yes,13466688,No,Yes,264094392.0,13466689_13466688,13466688_13466689
13658828,Yes,69384807,No,Yes,264093842.0,13658828_69384807,69384807_13658828
13659253,Yes,70940471,No,Yes,264093837.0,13659253_70940471,70940471_13659253
13671361,Yes,70940395,No,Yes,263965551.0,13671361_70940395,70940395_13671361
13671629,Yes,21244313,Yes,Yes,263804642.0,13671629_21244313,21244313_13671629
13671742,Yes,70940001,No,Yes,263790698.0,13671742_70940001,70940001_13671742
13672038,Yes,45126488,No,Yes,263506262.0,13672038_45126488,45126488_13672038
13674014,Yes,70939902,No,Yes,263467894.0,13674014_70939902,70939902_13674014
13896077,Yes,70939804,No,Yes,263465799.0,13896077_70939804,70939804_13896077
13896094,Yes,70939768,No,Yes,263361738.0,13896094_70939768,70939768_13896094
14149750,Yes,14149902,Yes,Yes,263305759.0,14149750_14149902,14149902_14149750
14149902,Yes,14149750,Yes,Yes,263301985.0,14149902_14149750,14149750_14149902
14315471,Yes,70939654,No,Yes,263244646.0,14315471_70939654,70939654_14315471
14774517,No,14774518,Yes,Yes,263072838.0,14774517_14774518,14774518_14774517
14774518,Yes,14774517,No,Yes,263070531.0,14774518_14774517,14774517_14774518
15062351,Yes,254453746,Yes,Yes,262818934.0,15062351_254453746,254453746_15062351
15068248,No,66137135,No,Yes,262810696.0,15068248_66137135,66137135_15068248
15166420,Yes,66136865,No,Yes,262670769.0,15166420_66136865,66136865_15166420
15213348,Yes,15213349,Yes,Yes,262670760.0,15213348_15213349,15213349_15213348
15213349,Yes,15213348,Yes,Yes,261993676.0,15213349_15213348,15213348_15213349
15283784,Yes,212173299,No,Yes,261837733.0,15283784_212173299,212173299_15283784
15338360,Yes,15338361,Yes,Yes,261718737.0,15338360_15338361,15338361_15338360
15338361,Yes,15338360,Yes,Yes,261565880.0,15338361_15338360,15338360_15338361
15415677,Yes,225698071,No,Yes,260987224.0,15415677_225698071,225698071_15415677
15448018,Yes,66136549,No,Yes,260910810.0,15448018_66136549,66136549_15448018
17025639,Yes,70351555,No,Yes,260473984.0,17025639_70351555,70351555_17025639
17397695,No,17397697,No,Yes,259900329.0,17397695_17397697,17397697_17397695
17471940,Yes,17471942,No,Yes,259885586.0,17471940_17471942,17471942_17471940
17471942,No,17471940,Yes,Yes,259274641.0,17471942_17471940,17471940_17471942
17640824,Yes,31535775,No,Yes,259199276.0,17640824_31535775,31535775_17640824
17641370,Yes,31535775,No,Yes,258923591.0,17641370_31535775,31535775_17641370
17775476,No,17775475,No,Yes,258923527.0,17775476_17775475,17775475_17775476
17967539,Yes,116864512,No,Yes,258923353.0,17967539_116864512,116864512_17967539
18141580,No,18141624,No,Yes,258923180.0,18141580_18141624,18141624_18141580
18496989,Yes,66134983,No,Yes,258923064.0,18496989_66134983,66134983_18496989
18497275,Yes,66134765,No,Yes,258923008.0,18497275_66134765,66134765_18497275
18516577,No,66134678,Yes,Yes,258922982.0,18516577_66134678,66134678_18516577
18573817,Yes,66369706,No,Yes,258922846.0,18573817_66369706,66369706_18573817
18593084,Yes,66369616,Yes,Yes,258922329.0,18593084_66369616,66369616_18593084
18629826,Yes,18629832,No,Yes,258917721.0,18629826_18629832,18629832_18629826
18629832,No,18629826,Yes,Yes,258824173.0,18629832_18629826,18629826_18629832
19066016,Yes,28163598,No,Yes,258806327.0,19066016_28163598,28163598_19066016
19105615,Yes,1910,No,Yes,258663220.0,19105615_1910,1910_19105615
19220497,Yes,70939528,No,Yes,258276303.0,19220497_70939528,70939528_19220497
19277228,Yes,19277254,No,Yes,258132470.0,19277228_19277254,19277254_19277228
19277382,Yes,19277495,No,Yes,258031755.0,19277382_19277495,19277495_19277382
19296443,Yes,19296614,Yes,Yes,257636425.0,19296443_19296614,19296614_19296443
19296614,Yes,19296443,Yes,Yes,257587607.0,19296614_19296443,19296443_19296614
19489246,Yes,66368233,No,Yes,257490223.0,19489246_66368233,66368233_19489246
19501897,Yes,19501898,Yes,Yes,257490084.0,19501897_19501898,19501898_19501897
19501898,Yes,19501897,Yes,Yes,257382843.0,19501898_19501897,19501897_19501898
19585966,No,4311650,Yes,Yes,257336344.0,19585966_4311650,4311650_19585966
19608147,Yes,66368233,No,Yes,257327398.0,19608147_66368233,66368233_19608147
19631162,Yes,338453399,Yes,Yes,257327395.0,19631162_338453399,338453399_19631162
19653910,No,11251463,No,Yes,257321562.0,19653910_11251463,11251463_19653910
19653968,No,11251463,No,Yes,257321560.0,19653968_11251463,11251463_19653968
19691820,Yes,28163598,No,Yes,257321561.0,19691820_28163598,28163598_19691820
19729981,Yes,28163598,No,Yes,257321558.0,19729981_28163598,28163598_19729981
19730458,Yes,19752343,No,Yes,257149781.0,19730458_19752343,19752343_19730458
19741623,Yes,19757378,Yes,Yes,256966219.0,19741623_19757378,19757378_19741623
19757378,Yes,70939433,No,Yes,256913393.0,19757378_70939433,70939433_19757378
19779398,Yes,19779399,No,Yes,256913318.0,19779398_19779399,19779399_19779398
19930651,Yes,19930652,No,Yes,256880874.0,19930651_19930652,19930652_19930651
19930652,No,19930651,Yes,Yes,256875832.0,19930652_19930651,19930651_19930652
19970256,Yes,70939006,Yes,Yes,256738002.0,19970256_70939006,70939006_19970256
19970520,Yes,12109806,No,Yes,256737994.0,19970520_12109806,12109806_19970520
19975004,No,196503127,No,Yes,256617177.0,19975004_196503127,196503127_19975004
20162794,Yes,20163778,Yes,Yes,256559442.0,20162794_20163778,20163778_20162794
20163778,Yes,20162794,Yes,Yes,256452260.0,20163778_20162794,20162794_20163778
20177002,Yes,20175839,No,Yes,256153288.0,20177002_20175839,20175839_20177002
20283663,No,144250537,No,Yes,256096045.0,20283663_144250537,144250537_20283663
20448946,Yes,20448909,No,Yes,256019100.0,20448946_20448909,20448909_20448946
20528976,Yes,20529104,No,Yes,256006523.0,20528976_20529104,20529104_20528976
20723542,Yes,20725758,Yes,Yes,255941408.0,20723542_20725758,20725758_20723542
20725758,Yes,20726831,No,Yes,255670633.0,20725758_20726831,20726831_20725758
20725953,No,20726831,No,Yes,255598481.0,20725953_20726831,20726831_20725953
20827477,Yes,20827247,No,Yes,254975995.0,20827477_20827247,20827247_20827477
20827513,Yes,20827247,No,Yes,254945970.0,20827513_20827247,20827247_20827513
20827620,Yes,20827247,No,Yes,254823590.0,20827620_20827247,20827247_20827620
20966203,Yes,20967372,No,Yes,254733934.0,20966203_20967372,20967372_20966203
21087410,Yes,21492361,No,Yes,254732483.0,21087410_21492361,21492361_21087410
21218716,Yes,21218747,No,Yes,254723952.0,21218716_21218747,21218747_21218716
21244313,Yes,13671629,Yes,Yes,254628015.0,21244313_13671629,13671629_21244313
21492361,No,21087410,Yes,Yes,254496336.0,21492361_21087410,21087410_21492361
21554898,No,66368619,No,Yes,254496335.0,21554898_66368619,66368619_21554898
21604712,Yes,66133482,No,Yes,254493998.0,21604712_66133482,66133482_21604712
21661233,Yes,21908958,Yes,Yes,254493992.0,21661233_21908958,21908958_21661233
21908958,Yes,21909745,Yes,Yes,254493990.0,21908958_21909745,21909745_21908958
21908958,Yes,21909120,No,Yes,254493987.0,21908958_21909120,21909120_21908958
21908958,Yes,21661233,Yes,Yes,254211326.0,21908958_21661233,21661233_21908958
21909120,No,21908958,Yes,Yes,254179206.0,21909120_21908958,21908958_21909120
21909745,Yes,21908958,Yes,Yes,253901818.0,21909745_21908958,21908958_21909745
22405356,Yes,215459789,Yes,Yes,253548245.0,22405356_215459789,215459789_22405356
22454166,Yes,22454053,No,Yes,253387938.0,22454166_22454053,22454053_22454166
22464237,No,22464238,No,Yes,253387936.0,22464237_22464238,22464238_22464237
22473322,Yes,22473330,No,Yes,253387934.0,22473322_22473330,22473330_22473322
22674420,Yes,22674499,No,Yes,253387931.0,22674420_22674499,22674499_22674420
22703181,Yes,22864494,No,Yes,253302150.0,22703181_22864494,22864494_22703181
24497247,Yes,24576026,No,Yes,253302141.0,24497247_24576026,24576026_24497247
25090203,Yes,25090204,Yes,Yes,253273767.0,25090203_25090204,25090204_25090203
25090204,Yes,25090203,Yes,Yes,253273762.0,25090204_25090203,25090203_25090204
25189764,Yes,25191260,Yes,Yes,253273761.0,25189764_25191260,25191260_25189764
25191260,Yes,25189764,Yes,Yes,253264116.0,25191260_25189764,25189764_25191260
25492116,No,25455964,No,Yes,253064979.0,25492116_25455964,25455964_25492116
26409231,Yes,26409378,No,Yes,252897907.0,26409231_26409378,26409378_26409231
26493655,Yes,71002555,No,Yes,252831527.0,26493655_71002555,71002555_26493655
26894842,No,339484966,Yes,Yes,252706975.0,26894842_339484966,339484966_26894842
27946878,No,27952112,Yes,Yes,251998513.0,27946878_27952112,27952112_27946878
27952112,Yes,27946878,No,Yes,251660316.0,27952112_27946878,27946878_27952112
28116296,Yes,28116483,No,Yes,251652804.0,28116296_28116483,28116483_28116296
28163987,Yes,28163775,No,Yes,249930152.0,28163987_28163775,28163775_28163987
28343218,Yes,28343219,No,Yes,249288501.0,28343218_28343219,28343219_28343218
28343219,No,28343218,Yes,Yes,249268402.0,28343219_28343218,28343218_28343219
28422596,Yes,28422494,No,Yes,248991833.0,28422596_28422494,28422494_28422596
28487366,Yes,28545358,Yes,Yes,248991832.0,28487366_28545358,28545358_28487366
28487651,Yes,28545358,Yes,Yes,248991829.0,28487651_28545358,28545358_28487651
28487735,Yes,28545358,Yes,Yes,248750775.0,28487735_28545358,28545358_28487735
28488105,Yes,28488105,Yes,Yes,248596857.0,28488105_28488105,28488105_28488105
28488607,Yes,28488415,No,Yes,248304442.0,28488607_28488415,28488415_28488607
28545358,Yes,29305153,Yes,Yes,248304440.0,28545358_29305153,29305153_28545358
28545358,Yes,28487735,Yes,Yes,248290556.0,28545358_28487735,28487735_28545358
28545358,Yes,28487366,Yes,Yes,248288975.0,28545358_28487366,28487366_28545358
28545358,Yes,2468967,Yes,Yes,248288925.0,28545358_2468967,2468967_28545358
28545358,Yes,2468959,No,Yes,248287515.0,28545358_2468959,2468959_28545358
28545358,Yes,97880138,Yes,Yes,248287501.0,28545358_97880138,97880138_28545358
28545358,Yes,138470485,Yes,Yes,248287488.0,28545358_138470485,138470485_28545358
28545358,Yes,258028151,No,Yes,248260241.0,28545358_258028151,258028151_28545358
28545973,Yes,66368233,No,Yes,248085617.0,28545973_66368233,66368233_28545973
28851083,Yes,8141947,Yes,Yes,247353553.0,28851083_8141947,8141947_28851083
29305153,Yes,28545358,Yes,Yes,246572892.0,29305153_28545358,28545358_29305153
29569642,No,310976520,No,Yes,246269942.0,29569642_310976520,310976520_29569642
29593482,Yes,202927670,No,Yes,246117442.0,29593482_202927670,202927670_29593482
30863960,Yes,30868148,Yes,Yes,245966183.0,30863960_30868148,30868148_30863960
30868148,Yes,30863960,Yes,Yes,245959991.0,30868148_30863960,30863960_30868148
31008255,Yes,31109066,Yes,Yes,245778181.0,31008255_31109066,31109066_31008255
31109066,Yes,31008255,Yes,Yes,245660679.0,31109066_31008255,31008255_31109066
31137568,Yes,31168288,Yes,Yes,245472663.0,31137568_31168288,31168288_31137568
31168288,Yes,31137568,Yes,Yes,245459061.0,31168288_31137568,31137568_31168288
31536122,Yes,31535775,No,Yes,245253496.0,31536122_31535775,31535775_31536122
31536261,Yes,31535775,No,Yes,245098561.0,31536261_31535775,31535775_31536261
31810390,Yes,31810391,Yes,Yes,244397433.0,31810390_31810391,31810391_31810390
31810391,Yes,31810390,Yes,Yes,244271812.0,31810391_31810390,31810390_31810391
32936654,Yes,32936654,Yes,Yes,244110150.0,32936654_32936654,32936654_32936654
32936736,No,32936654,Yes,Yes,244088676.0,32936736_32936654,32936654_32936736
32936737,Yes,32936654,Yes,Yes,243833526.0,32936737_32936654,32936654_32936737
33435868,Yes,33435757,No,Yes,243481094.0,33435868_33435757,33435757_33435868
33717879,Yes,33720258,No,Yes,243325789.0,33717879_33720258,33720258_33717879
33720258,No,33717879,Yes,Yes,243038252.0,33720258_33717879,33717879_33720258
34245025,Yes,34244395,No,Yes,242949671.0,34245025_34244395,34244395_34245025
34471055,Yes,70938396,No,Yes,242878997.0,34471055_70938396,70938396_34471055
34861833,Yes,34861851,No,Yes,242864656.0,34861833_34861851,34861851_34861833
34867471,No,34867605,Yes,Yes,242806968.0,34867471_34867605,34867605_34867471
34867605,Yes,34867471,No,Yes,242806603.0,34867605_34867471,34867471_34867605
35329095,No,35640946,No,Yes,242768090.0,35329095_35640946,35640946_35329095
35404936,Yes,35449994,Yes,Yes,242761070.0,35404936_35449994,35449994_35404936
35449994,Yes,35404936,Yes,Yes,242749739.0,35449994_35404936,35404936_35449994
35489854,Yes,84154497,No,Yes,242739711.0,35489854_84154497,84154497_35489854
35703936,No,244767253,No,Yes,242692593.0,35703936_244767253,244767253_35703936
35859466,No,35912204,No,Yes,242671182.0,35859466_35912204,35912204_35859466
36475613,Yes,234453583,No,Yes,242494285.0,36475613_234453583,234453583_36475613
36511984,Yes,68968510,Yes,Yes,242414144.0,36511984_68968510,68968510_36511984
36562571,Yes,66366897,No,Yes,242410414.0,36562571_66366897,66366897_36562571
36852842,No,36852888,No,Yes,242407728.0,36852842_36852888,36852888_36852842
37100156,Yes,37100459,No,Yes,242060768.0,37100156_37100459,37100459_37100156
37521449,Yes,37522037,Yes,Yes,242032540.0,37521449_37522037,37522037_37521449
37522037,Yes,37521449,Yes,Yes,242022117.0,37522037_37521449,37521449_37522037
37744713,Yes,37744971,Yes,Yes,241944736.0,37744713_37744971,37744971_37744713
37744831,Yes,37744971,Yes,Yes,241940124.0,37744831_37744971,37744971_37744831
37744971,Yes,37744713,Yes,Yes,241934367.0,37744971_37744713,37744713_37744971
37955919,Yes,37955925,Yes,Yes,241934363.0,37955919_37955925,37955925_37955919
37955925,Yes,37955919,Yes,Yes,241934359.0,37955925_37955919,37955919_37955925
38337164,Yes,38337165,No,Yes,241915125.0,38337164_38337165,38337165_38337164
38356146,Yes,38356351,Yes,Yes,241785259.0,38356146_38356351,38356351_38356146
38356351,Yes,38356146,Yes,Yes,241784610.0,38356351_38356146,38356146_38356351
38380451,Yes,38380452,No,Yes,241774785.0,38380451_38380452,38380452_38380451
38463327,Yes,38538216,No,Yes,241774765.0,38463327_38538216,38538216_38463327
38538216,No,38463327,Yes,Yes,241774525.0,38538216_38463327,38463327_38538216
39333480,Yes,39333494,No,Yes,241714585.0,39333480_39333494,39333494_39333480
39401932,No,39401933,No,Yes,241688860.0,39401932_39401933,39401933_39401932
39401933,No,39401932,No,Yes,241688857.0,39401933_39401932,39401932_39401933
39428666,Yes,39428668,No,Yes,241688848.0,39428666_39428668,39428668_39428666
39432892,Yes,39432893,Yes,Yes,241605763.0,39432892_39432893,39432893_39432892
39432893,Yes,39432892,Yes,Yes,241605331.0,39432893_39432892,39432892_39432893
39561580,Yes,64497720,Yes,Yes,241568992.0,39561580_64497720,64497720_39561580
39568332,Yes,39568334,No,Yes,241513478.0,39568332_39568334,39568334_39568332
39568334,No,39568332,Yes,Yes,241513192.0,39568334_39568332,39568332_39568334
39631487,Yes,39631488,Yes,Yes,241512985.0,39631487_39631488,39631488_39631487
39631488,Yes,39631487,Yes,Yes,241512557.0,39631488_39631487,39631487_39631488
39792519,Yes,40084725,Yes,Yes,241497084.0,39792519_40084725,40084725_39792519
40053700,Yes,40053701,No,Yes,241386567.0,40053700_40053701,40053701_40053700
40053701,No,40053700,Yes,Yes,241382926.0,40053701_40053700,40053700_40053701
40084725,Yes,39792519,Yes,Yes,241235539.0,40084725_39792519,39792519_40084725
40101030,Yes,40101164,No,Yes,241134572.0,40101030_40101164,40101164_40101030
40575710,Yes,40576956,No,Yes,241089009.0,40575710_40576956,40576956_40575710
40785136,Yes,70609972,No,Yes,240923436.0,40785136_70609972,70609972_40785136
41166045,Yes,70938235,No,Yes,240833983.0,41166045_70938235,70938235_41166045
41442047,Yes,66131035,No,Yes,240608119.0,41442047_66131035,66131035_41442047
41532958,Yes,41532763,No,Yes,240576242.0,41532958_41532763,41532763_41532958
41893810,Yes,41893590,No,Yes,240409205.0,41893810_41893590,41893590_41893810
42003412,Yes,70938158,No,Yes,240409189.0,42003412_70938158,70938158_42003412
42229143,Yes,42229144,No,Yes,240398974.0,42229143_42229144,42229144_42229143
42516960,Yes,42517227,No,Yes,239998062.0,42516960_42517227,42517227_42516960
42752645,Yes,28422494,No,Yes,239914161.0,42752645_28422494,28422494_42752645
42753524,Yes,28116483,No,Yes,239886353.0,42753524_28116483,28116483_42753524
42912779,Yes,70938081,No,Yes,239720062.0,42912779_70938081,70938081_42912779
42952892,Yes,66130594,Yes,Yes,239673548.0,42952892_66130594,66130594_42952892
43280150,Yes,42756172,No,Yes,239549230.0,43280150_42756172,42756172_43280150
43287790,Yes,42756172,No,Yes,239536965.0,43287790_42756172,42756172_43287790
43288443,Yes,42756172,No,Yes,239527101.0,43288443_42756172,42756172_43288443
43443371,Yes,43443372,No,Yes,239417212.0,43443371_43443372,43443372_43443371
44358543,No,130480768,No,Yes,239311944.0,44358543_130480768,130480768_44358543
44360085,Yes,44360084,No,Yes,239198078.0,44360085_44360084,44360084_44360085
44415193,Yes,60453836,No,Yes,239161891.0,44415193_60453836,60453836_44415193
44471646,Yes,28116483,No,Yes,239135068.0,44471646_28116483,28116483_44471646
44474278,Yes,46964624,Yes,Yes,239123669.0,44474278_46964624,46964624_44474278
44508735,Yes,44508736,Yes,Yes,239095638.0,44508735_44508736,44508736_44508735
44508736,Yes,44508735,Yes,Yes,239095163.0,44508736_44508735,44508735_44508736
44675375,No,44675216,No,Yes,238820434.0,44675375_44675216,44675216_44675375
45126488,No,13672038,Yes,Yes,238820405.0,45126488_13672038,13672038_45126488
45181524,No,45183375,No,Yes,238806105.0,45181524_45183375,45183375_45181524
45189811,Yes,338009591,No,Yes,238797242.0,45189811_338009591,338009591_45189811
45320787,Yes,45320788,No,Yes,238588198.0,45320787_45320788,45320788_45320787
45320788,No,45320787,Yes,Yes,238576935.0,45320788_45320787,45320787_45320788
45370039,Yes,70937875,Yes,Yes,238564685.0,45370039_70937875,70937875_45370039
45442625,Yes,45442630,No,Yes,238320317.0,45442625_45442630,45442630_45442625
45442630,No,45442625,Yes,Yes,238309006.0,45442630_45442625,45442625_45442630
45821977,Yes,71000511,No,Yes,238279615.0,45821977_71000511,71000511_45821977
45846383,Yes,45846386,No,Yes,238268119.0,45846383_45846386,45846386_45846383
46058435,No,46058433,No,Yes,237977575.0,46058435_46058433,46058433_46058435
46585932,Yes,46714446,Yes,Yes,237822738.0,46585932_46714446,46714446_46585932
46714446,Yes,46585932,Yes,Yes,237426557.0,46714446_46585932,46585932_46714446
46833536,Yes,46833537,No,Yes,237415715.0,46833536_46833537,46833537_46833536
46955647,Yes,46964622,Yes,Yes,237344792.0,46955647_46964622,46964622_46955647
46964622,Yes,46955647,Yes,Yes,237287242.0,46964622_46955647,46955647_46964622
47363732,Yes,180234956,No,Yes,237114653.0,47363732_180234956,180234956_47363732
48104917,Yes,48104975,Yes,Yes,236998382.0,48104917_48104975,48104975_48104917
48104975,Yes,48104917,Yes,Yes,236988161.0,48104975_48104917,48104917_48104975
48906065,Yes,48906066,No,Yes,236741425.0,48906065_48906066,48906066_48906065
48906066,No,48906065,Yes,Yes,236725943.0,48906066_48906065,48906065_48906066
49370219,Yes,109373625,Yes,Yes,236529054.0,49370219_109373625,109373625_49370219
49673279,Yes,49680042,No,Yes,236333432.0,49673279_49680042,49680042_49673279
49720884,Yes,28163775,No,Yes,236186490.0,49720884_28163775,28163775_49720884
49771021,Yes,64152767,No,Yes,236147696.0,49771021_64152767,64152767_49771021
50101445,No,50101446,No,Yes,236010385.0,50101445_50101446,50101446_50101445
50101446,No,50101445,No,Yes,235734819.0,50101446_50101445,50101445_50101446
50602391,Yes,50602395,Yes,Yes,235615120.0,50602391_50602395,50602395_50602391
50602395,Yes,50602391,Yes,Yes,235374087.0,50602395_50602391,50602391_50602395
50651606,No,51693505,No,Yes,235316341.0,50651606_51693505,51693505_50651606
50991174,No,50991175,No,Yes,235306894.0,50991174_50991175,50991175_50991174
51188925,No,51188925,No,Yes,235252446.0,51188925_51188925,51188925_51188925
51290165,Yes,251558054,No,Yes,235172842.0,51290165_251558054,251558054_51290165
51485780,Yes,70937610,No,Yes,235100137.0,51485780_70937610,70937610_51485780
51520773,Yes,13853881,No,Yes,234804924.0,51520773_13853881,13853881_51520773
51940859,Yes,261314998,No,Yes,234724855.0,51940859_261314998,261314998_51940859
52127319,No,52127029,No,Yes,234510932.0,52127319_52127029,52127029_52127319
52129940,Yes,52350117,No,Yes,234406904.0,52129940_52350117,52350117_52129940
52273719,Yes,52273720,No,Yes,234305414.0,52273719_52273720,52273720_52273719
52349777,Yes,52350117,No,Yes,234129934.0,52349777_52350117,52350117_52349777
53234509,Yes,54626664,No,Yes,233653019.0,53234509_54626664,54626664_53234509
53601988,Yes,66366562,No,Yes,233555373.0,53601988_66366562,66366562_53601988
53660597,Yes,53660598,No,Yes,233549402.0,53660597_53660598,53660598_53660597
53660598,No,53660597,Yes,Yes,233545077.0,53660598_53660597,53660597_53660598
54163580,Yes,54167513,Yes,Yes,233542796.0,54163580_54167513,54167513_54163580
54167513,Yes,54163580,Yes,Yes,233476634.0,54167513_54163580,54163580_54167513
54299920,Yes,54300315,No,Yes,233400734.0,54299920_54300315,54300315_54299920
54300315,No,54299920,Yes,Yes,233400728.0,54300315_54299920,54299920_54300315
54396728,Yes,54795714,No,Yes,233363311.0,54396728_54795714,54795714_54396728
54452971,Yes,55049978,No,Yes,233352571.0,54452971_55049978,55049978_54452971
54625774,Yes,54625776,No,Yes,233352569.0,54625774_54625776,54625776_54625774
54625776,No,54625774,Yes,Yes,233352563.0,54625776_54625774,54625774_54625776
54626664,No,53234509,Yes,Yes,233352555.0,54626664_53234509,53234509_54626664
54726445,Yes,149646021,No,Yes,233352554.0,54726445_149646021,149646021_54726445
54994450,Yes,54994449,No,Yes,233352530.0,54994450_54994449,54994449_54994450
54994451,Yes,54994454,No,Yes,233352520.0,54994451_54994454,54994454_54994451
54994454,No,54994451,Yes,Yes,233352514.0,54994454_54994451,54994451_54994454
55049978,No,54452971,Yes,Yes,233352507.0,55049978_54452971,54452971_55049978
55093613,Yes,55093618,No,Yes,233352504.0,55093613_55093618,55093618_55093613
55097183,Yes,55097184,Yes,Yes,233352483.0,55097183_55097184,55097184_55097183
55097184,Yes,55097183,Yes,Yes,233226217.0,55097184_55097183,55097183_55097184
55500235,Yes,60911935,Yes,Yes,232957580.0,55500235_60911935,60911935_55500235
55508039,Yes,55512307,No,Yes,232792464.0,55508039_55512307,55512307_55508039
55564503,Yes,55661484,No,Yes,232530700.0,55564503_55661484,55661484_55564503
55656283,Yes,55656285,Yes,Yes,232405272.0,55656283_55656285,55656285_55656283
55656284,Yes,55656285,Yes,Yes,231860546.0,55656284_55656285,55656285_55656284
55656285,Yes,55656283,Yes,Yes,231737828.0,55656285_55656283,55656283_55656285
55661484,No,55564503,Yes,Yes,231451978.0,55661484_55564503,55564503_55661484
56179335,No,70979211,No,Yes,231052086.0,56179335_70979211,70979211_56179335
56179337,Yes,70979211,No,Yes,230836494.0,56179337_70979211,70979211_56179337
56336986,Yes,56338719,No,Yes,230106033.0,56336986_56338719,56338719_56336986
56350630,Yes,56350631,Yes,Yes,229809830.0,56350630_56350631,56350631_56350630
56350631,Yes,56350630,Yes,Yes,229671747.0,56350631_56350630,56350630_56350631
56446294,Yes,56446298,No,Yes,229651048.0,56446294_56446298,56446298_56446294
56551963,No,56551965,No,Yes,229565789.0,56551963_56551965,56551965_56551963
56551985,No,56551988,Yes,Yes,229339380.0,56551985_56551988,56551988_56551985
56551988,Yes,56551985,No,Yes,229337923.0,56551988_56551985,56551985_56551988
56551990,Yes,56551992,No,Yes,229144447.0,56551990_56551992,56551992_56551990
56551992,No,56551990,Yes,Yes,229104245.0,56551992_56551990,56551990_56551992
56815799,Yes,242493108,Yes,Yes,228798820.0,56815799_242493108,242493108_56815799
56967330,Yes,56967333,Yes,Yes,228652293.0,56967330_56967333,56967333_56967330
56967333,Yes,56967330,Yes,Yes,228321794.0,56967333_56967330,56967330_56967333
56967345,Yes,56967347,No,Yes,227935497.0,56967345_56967347,56967347_56967345
56967382,Yes,56967383,Yes,Yes,227560610.0,56967382_56967383,56967383_56967382
56967383,Yes,56967382,Yes,Yes,227459955.0,56967383_56967382,56967382_56967383
57384139,Yes,340806083,No,Yes,227459926.0,57384139_340806083,340806083_57384139
57384630,Yes,70045112,No,Yes,227459915.0,57384630_70045112,70045112_57384630
57415520,No,57415267,No,Yes,227261609.0,57415520_57415267,57415267_57415520
57860272,Yes,57860273,Yes,Yes,226886628.0,57860272_57860273,57860273_57860272
57860273,Yes,57860272,Yes,Yes,226835506.0,57860273_57860272,57860272_57860273
57860296,Yes,57860301,No,Yes,226771975.0,57860296_57860301,57860301_57860296
57860300,No,57860302,No,Yes,226766168.0,57860300_57860302,57860302_57860300
57860303,Yes,57860305,No,Yes,225883294.0,57860303_57860305,57860305_57860303
57943056,Yes,58128640,No,Yes,225827807.0,57943056_58128640,58128640_57943056
58011302,Yes,58053679,No,Yes,225827636.0,58011302_58053679,58053679_58011302
58036552,No,58036550,No,Yes,225208347.0,58036552_58036550,58036550_58036552
58169637,Yes,58169788,No,Yes,224621066.0,58169637_58169788,58169788_58169637
58519208,Yes,58519199,No,Yes,224452717.0,58519208_58519199,58519199_58519208
58875298,Yes,58875302,No,Yes,222997361.0,58875298_58875302,58875302_58875298
58875302,No,58875298,Yes,Yes,222892987.0,58875302_58875298,58875298_58875302
58875334,Yes,58875339,No,Yes,222573376.0,58875334_58875339,58875339_58875334
59346077,Yes,59346078,No,Yes,221885994.0,59346077_59346078,59346078_59346077
59346078,No,59346077,Yes,Yes,221169798.0,59346078_59346077,59346077_59346078
59346105,Yes,59346107,No,Yes,220943168.0,59346105_59346107,59346107_59346105
59346140,Yes,59346145,Yes,Yes,220675266.0,59346140_59346145,59346145_59346140
59346145,Yes,59346140,Yes,Yes,220618572.0,59346145_59346140,59346140_59346145
59347472,Yes,61448375,No,Yes,220530287.0,59347472_61448375,61448375_59347472
59984409,No,90178562,Yes,Yes,220129760.0,59984409_90178562,90178562_59984409
60591820,Yes,60591821,Yes,Yes,219474313.0,60591820_60591821,60591821_60591820
60591821,Yes,60591820,Yes,Yes,219465052.0,60591821_60591820,60591820_60591821
60738673,Yes,60803083,No,Yes,219465050.0,60738673_60803083,60803083_60738673
60782435,Yes,216405074,No,Yes,219409208.0,60782435_216405074,216405074_60782435
60911935,Yes,55500235,Yes,Yes,218666896.0,60911935_55500235,55500235_60911935
61230928,Yes,61230763,No,Yes,218555718.0,61230928_61230763,61230763_61230928
61328089,Yes,61328109,No,Yes,218024193.0,61328089_61328109,61328109_61328089
61328090,Yes,61328109,No,Yes,217907713.0,61328090_61328109,61328109_61328090
61328092,Yes,61328109,No,Yes,217772981.0,61328092_61328109,61328109_61328092
61328093,Yes,61328096,No,Yes,217384721.0,61328093_61328096,61328096_61328093
61328097,Yes,61328109,No,Yes,217255595.0,61328097_61328109,61328109_61328097
61328098,Yes,61328109,No,Yes,217187569.0,61328098_61328109,61328109_61328098
61328100,Yes,61328109,No,Yes,217160205.0,61328100_61328109,61328109_61328100
61328103,Yes,61328109,No,Yes,216718155.0,61328103_61328109,61328109_61328103
61328108,Yes,61328107,No,Yes,215998330.0,61328108_61328107,61328107_61328108
61328108,Yes,62178758,No,Yes,215892016.0,61328108_62178758,62178758_61328108
61347353,Yes,61347649,Yes,Yes,214999720.0,61347353_61347649,61347649_61347353
61347649,Yes,61347353,Yes,Yes,214920528.0,61347649_61347353,61347353_61347649
61392014,Yes,61392164,No,Yes,214786102.0,61392014_61392164,61392164_61392014
61400834,Yes,61400836,Yes,Yes,214100999.0,61400834_61400836,61400836_61400834
61400836,Yes,61400834,Yes,Yes,214088958.0,61400836_61400834,61400834_61400836
61494067,No,61494069,Yes,Yes,213579789.0,61494067_61494069,61494069_61494067
61494069,Yes,61494066,No,Yes,213371972.0,61494069_61494066,61494066_61494069
61494069,Yes,61494067,No,Yes,212965958.0,61494069_61494067,61494067_61494069
61494075,Yes,61494072,No,Yes,212258299.0,61494075_61494072,61494072_61494075
61494078,Yes,61494076,No,Yes,211606958.0,61494078_61494076,61494076_61494078
61494082,Yes,61494084,No,Yes,210888252.0,61494082_61494084,61494084_61494082
61494090,Yes,61494095,Yes,Yes,210782600.0,61494090_61494095,61494095_61494090
61494090,Yes,61494092,No,Yes,210782144.0,61494090_61494092,61494092_61494090
61494095,Yes,61494090,Yes,Yes,210504119.0,61494095_61494090,61494090_61494095
61494104,No,61494105,No,Yes,210346572.0,61494104_61494105,61494105_61494104
61494114,Yes,61494113,No,Yes,209348257.0,61494114_61494113,61494113_61494114
61494119,Yes,61494120,No,Yes,209323468.0,61494119_61494120,61494120_61494119
61494124,Yes,61494125,No,Yes,209223421.0,61494124_61494125,61494125_61494124
61534896,Yes,61534914,Yes,Yes,208836379.0,61534896_61534914,61534914_61534896
61534914,Yes,61534896,Yes,Yes,208292477.0,61534914_61534896,61534896_61534914
61550545,No,61550461,No,Yes,208207552.0,61550545_61550461,61550461_61550545
61674205,No,61674220,Yes,Yes,207526248.0,61674205_61674220,61674220_61674205
61674207,No,61674220,Yes,Yes,207525736.0,61674207_61674220,61674220_61674207
61674211,No,61674220,Yes,Yes,207523838.0,61674211_61674220,61674220_61674211
61674212,No,61674220,Yes,Yes,207507817.0,61674212_61674220,61674220_61674212
61674220,Yes,61674203,No,Yes,207181219.0,61674220_61674203,61674203_61674220
61674220,Yes,61674205,No,Yes,207019958.0,61674220_61674205,61674205_61674220
61674220,Yes,61674207,No,Yes,206373408.0,61674220_61674207,61674207_61674220
61674220,Yes,61674211,No,Yes,206212967.0,61674220_61674211,61674211_61674220
61674220,Yes,61674212,No,Yes,206184198.0,61674220_61674212,61674212_61674220
61743989,Yes,61746609,No,Yes,206118750.0,61743989_61746609,61746609_61743989
61746609,No,61743989,Yes,Yes,206081762.0,61746609_61743989,61743989_61746609
61771184,Yes,61771185,Yes,Yes,205528963.0,61771184_61771185,61771185_61771184
61771185,Yes,61771184,Yes,Yes,205493296.0,61771185_61771184,61771184_61771185
61881019,No,61881019,No,Yes,205241096.0,61881019_61881019,61881019_61881019
61951795,Yes,31884610,No,Yes,205006260.0,61951795_31884610,31884610_61951795
61995762,Yes,61995860,No,Yes,204922121.0,61995762_61995860,61995860_61995762
62037090,Yes,62037089,No,Yes,204689456.0,62037090_62037089,62037089_62037090
62037094,Yes,62037099,Yes,Yes,204630342.0,62037094_62037099,62037099_62037094
62037099,Yes,62037094,Yes,Yes,204577551.0,62037099_62037094,62037094_62037099
62179421,Yes,62179422,No,Yes,203317902.0,62179421_62179422,62179422_62179421
62278764,No,182451840,No,Yes,202116373.0,62278764_182451840,182451840_62278764
62283372,Yes,31884610,No,Yes,202036231.0,62283372_31884610,31884610_62283372
62420850,Yes,62420851,No,Yes,201938336.0,62420850_62420851,62420851_62420850
62420905,Yes,62420906,No,Yes,201667101.0,62420905_62420906,62420906_62420905
62498768,No,62498769,No,Yes,200956222.0,62498768_62498769,62498769_62498768
62498776,Yes,62498777,No,Yes,199861592.0,62498776_62498777,62498777_62498776
62498776,Yes,62498781,No,Yes,199447406.0,62498776_62498781,62498781_62498776
62498776,Yes,62498784,No,Yes,199447403.0,62498776_62498784,62498784_62498776
62498781,No,62498776,Yes,Yes,199337810.0,62498781_62498776,62498776_62498781
62498812,Yes,62498813,No,Yes,198584678.0,62498812_62498813,62498813_62498812
62498833,Yes,62498831,No,Yes,197605793.0,62498833_62498831,62498831_62498833
62498835,Yes,62498831,No,Yes,197371884.0,62498835_62498831,62498831_62498835
62699436,Yes,62699336,No,Yes,196784151.0,62699436_62699336,62699336_62699436
62733422,Yes,62733421,No,Yes,196312792.0,62733422_62733421,62733421_62733422
62771388,Yes,62771512,No,Yes,196281307.0,62771388_62771512,62771512_62771388
63016123,No,63016125,Yes,Yes,196204936.0,63016123_63016125,63016125_63016123
63016125,Yes,63016123,No,Yes,196183456.0,63016125_63016123,63016123_63016125
63016127,No,63016128,Yes,Yes,196179458.0,63016127_63016128,63016128_63016127
63016128,Yes,63016127,No,Yes,196179390.0,63016128_63016127,63016127_63016128
63028674,Yes,63028675,Yes,Yes,196154657.0,63028674_63028675,63028675_63028674
63028675,Yes,63028674,Yes,Yes,196010229.0,63028675_63028674,63028674_63028675
63054345,Yes,63054446,No,Yes,195969237.0,63054345_63054446,63054446_63054345
63094765,Yes,63094767,No,Yes,195596918.0,63094765_63094767,63094767_63094765
63094774,Yes,63094775,No,Yes,195049456.0,63094774_63094775,63094775_63094774
63094776,No,63094778,Yes,Yes,194912485.0,63094776_63094778,63094778_63094776
63094778,Yes,63094776,No,Yes,194808543.0,63094778_63094776,63094776_63094778
63094778,Yes,63094780,No,Yes,194776869.0,63094778_63094780,63094780_63094778
63094778,Yes,63094781,No,Yes,194604941.0,63094778_63094781,63094781_63094778
63094780,No,63094778,Yes,Yes,194599339.0,63094780_63094778,63094778_63094780
63094781,No,63094778,Yes,Yes,194475881.0,63094781_63094778,63094778_63094781
63094786,Yes,63094792,No,Yes,194408304.0,63094786_63094792,63094792_63094786
63179581,Yes,63179582,No,Yes,194177884.0,63179581_63179582,63179582_63179581
63263549,Yes,63263548,No,Yes,193880171.0,63263549_63263548,63263548_63263549
63263562,Yes,63263561,No,Yes,193766171.0,63263562_63263561,63263561_63263562
63263577,Yes,63263578,No,Yes,193719022.0,63263577_63263578,63263578_63263577
63263577,Yes,63263588,No,Yes,193487982.0,63263577_63263588,63263588_63263577
63263578,No,63263577,Yes,Yes,193487979.0,63263578_63263577,63263577_63263578
63263599,Yes,63263602,No,Yes,193130520.0,63263599_63263602,63263602_63263599
63404602,No,63404603,No,Yes,192557562.0,63404602_63404603,63404603_63404602
63404602,No,63478218,No,Yes,192206626.0,63404602_63478218,63478218_63404602
63546554,No,149979514,No,Yes,190970599.0,63546554_149979514,149979514_63546554
63714258,Yes,63714256,No,Yes,190040636.0,63714258_63714256,63714256_63714258
63979057,Yes,63979058,No,Yes,189641845.0,63979057_63979058,63979058_63979057
63981688,Yes,63981686,No,Yes,188418282.0,63981688_63981686,63981686_63981688
63981688,Yes,63981687,No,Yes,188340184.0,63981688_63981687,63981687_63981688
64122391,Yes,64122392,No,Yes,188338734.0,64122391_64122392,64122392_64122391
64122403,No,64122404,No,Yes,188119615.0,64122403_64122404,64122404_64122403
64286823,Yes,64287828,No,Yes,187851404.0,64286823_64287828,64287828_64286823
64353642,Yes,66366448,No,Yes,187143170.0,64353642_66366448,66366448_64353642
64452436,Yes,64452440,Yes,Yes,187143169.0,64452436_64452440,64452440_64452436
64452440,Yes,64452436,Yes,Yes,187143162.0,64452440_64452436,64452436_64452440
64476647,Yes,64476848,No,Yes,187143161.0,64476647_64476848,64476848_64476647
64497720,Yes,39561580,Yes,Yes,187072001.0,64497720_39561580,39561580_64497720
64534898,No,64534899,Yes,Yes,187004462.0,64534898_64534899,64534899_64534898
64534899,Yes,64534898,No,Yes,186805050.0,64534899_64534898,64534898_64534899
64553808,Yes,66643149,Yes,Yes,186661438.0,64553808_66643149,66643149_64553808
64613818,Yes,64613822,Yes,Yes,186452555.0,64613818_64613822,64613822_64613818
64613819,Yes,64613822,Yes,Yes,186450807.0,64613819_64613822,64613822_64613819
64613820,Yes,64613822,Yes,Yes,186333097.0,64613820_64613822,64613822_64613820
64613821,Yes,64613822,Yes,Yes,186324707.0,64613821_64613822,64613822_64613821
64613822,Yes,64613818,Yes,Yes,186319316.0,64613822_64613818,64613818_64613822
64613822,Yes,64613819,Yes,Yes,185920871.0,64613822_64613819,64613819_64613822
64613822,Yes,64613820,Yes,Yes,185920870.0,64613822_64613820,64613820_64613822
64613822,Yes,64613821,Yes,Yes,185920855.0,64613822_64613821,64613821_64613822
64668806,Yes,154070701,Yes,Yes,185783413.0,64668806_154070701,154070701_64668806
64844474,Yes,64844473,No,Yes,185781572.0,64844474_64844473,64844473_64844474
64844474,Yes,65284498,No,Yes,185731154.0,64844474_65284498,65284498_64844474
64857393,Yes,64857394,No,Yes,185706298.0,64857393_64857394,64857394_64857393
64857398,No,64857400,Yes,Yes,184662757.0,64857398_64857400,64857400_64857398
64857400,Yes,64857398,No,Yes,184598024.0,64857400_64857398,64857398_64857400
64857420,Yes,64857421,No,Yes,184597848.0,64857420_64857421,64857421_64857420
64857421,No,64857420,Yes,Yes,184530322.0,64857421_64857420,64857420_64857421
64857439,Yes,64857440,No,Yes,184415305.0,64857439_64857440,64857440_64857439
65053096,Yes,65053093,No,Yes,183578296.0,65053096_65053093,65053093_65053096
65053097,Yes,65053093,No,Yes,183577628.0,65053097_65053093,65053093_65053097
65095017,Yes,65095020,No,Yes,183576727.0,65095017_65095020,65095020_65095017
65095035,Yes,65095036,Yes,Yes,182588291.0,65095035_65095036,65095036_65095035
65095036,Yes,65095035,Yes,Yes,182370161.0,65095036_65095035,65095035_65095036
65162246,Yes,65162247,Yes,Yes,182369720.0,65162246_65162247,65162247_65162246
65162247,Yes,65162246,Yes,Yes,182287358.0,65162247_65162246,65162246_65162247
65226532,Yes,65226533,Yes,Yes,182220445.0,65226532_65226533,65226533_65226532
65226533,Yes,65226532,Yes,Yes,182207935.0,65226533_65226532,65226532_65226533
65226552,Yes,65226550,No,Yes,181429740.0,65226552_65226550,65226550_65226552
65281768,Yes,68862095,No,Yes,180863946.0,65281768_68862095,68862095_65281768
65284496,No,65284490,No,Yes,180272264.0,65284496_65284490,65284490_65284496
65318843,Yes,65318844,No,Yes,179739163.0,65318843_65318844,65318844_65318843
65344896,Yes,65344897,No,Yes,179492922.0,65344896_65344897,65344897_65344896
65490249,Yes,65490252,No,Yes,179429908.0,65490249_65490252,65490252_65490249
65592968,No,65592969,Yes,Yes,177290159.0,65592968_65592969,65592969_65592968
65592969,Yes,65592968,No,Yes,177214115.0,65592969_65592968,65592968_65592969
65592969,Yes,65592972,No,Yes,177071759.0,65592969_65592972,65592972_65592969
65592969,Yes,65592973,No,Yes,176864545.0,65592969_65592973,65592973_65592969
65592984,Yes,65592986,Yes,Yes,176511901.0,65592984_65592986,65592986_65592984
65592986,Yes,65592984,Yes,Yes,176455111.0,65592986_65592984,65592984_65592986
65596631,Yes,66791744,Yes,Yes,176381769.0,65596631_66791744,66791744_65596631
65608189,Yes,65608192,No,Yes,176345359.0,65608189_65608192,65608192_65608189
65608192,No,65608189,Yes,Yes,175982624.0,65608192_65608189,65608189_65608192
65703031,Yes,65703030,No,Yes,175014556.0,65703031_65703030,65703030_65703031
65703031,Yes,66053251,No,Yes,174840421.0,65703031_66053251,66053251_65703031
65745185,Yes,65745186,No,Yes,174561480.0,65745185_65745186,65745186_65745185
65745186,No,65745185,Yes,Yes,174371073.0,65745186_65745185,65745185_65745186
65828875,No,65828876,Yes,Yes,174130410.0,65828875_65828876,65828876_65828875
65828876,Yes,65828875,No,Yes,174063346.0,65828876_65828875,65828875_65828876
65942499,No,65942501,No,Yes,173787570.0,65942499_65942501,65942501_65942499
65942501,No,65942499,No,Yes,173744654.0,65942501_65942499,65942499_65942501
66022256,Yes,148562687,No,Yes,173480515.0,66022256_148562687,148562687_66022256
66110556,No,66110557,Yes,Yes,172459889.0,66110556_66110557,66110557_66110556
66110557,Yes,66110556,No,Yes,172360386.0,66110557_66110556,66110556_66110557
66130594,Yes,42952892,Yes,Yes,171998386.0,66130594_42952892,42952892_66130594
66132771,Yes,66132808,No,Yes,171977706.0,66132771_66132808,66132808_66132771
66134678,Yes,18516577,No,Yes,171898806.0,66134678_18516577,18516577_66134678
66194678,No,66194680,No,Yes,171512869.0,66194678_66194680,66194680_66194678
66194681,Yes,66194682,Yes,Yes,171404474.0,66194681_66194682,66194682_66194681
66194681,Yes,66194683,Yes,Yes,171302905.0,66194681_66194683,66194683_66194681
66194682,Yes,66194681,Yes,Yes,171018887.0,66194682_66194681,66194681_66194682
66194683,Yes,66194681,Yes,Yes,170507139.0,66194683_66194681,66194681_66194683
66205822,Yes,66205823,No,Yes,170083089.0,66205822_66205823,66205823_66205822
66294912,Yes,66317345,Yes,Yes,169573827.0,66294912_66317345,66317345_66294912
66297599,Yes,66317830,No,Yes,169479376.0,66297599_66317830,66317830_66297599
66298610,Yes,66298610,Yes,Yes,169479143.0,66298610_66298610,66298610_66298610
66299353,Yes,66318828,No,Yes,169337749.0,66299353_66318828,66318828_66299353
66317345,Yes,66294912,Yes,Yes,168464105.0,66317345_66294912,66294912_66317345
66318319,No,66299014,No,Yes,168049634.0,66318319_66299014,66299014_66318319
66320287,Yes,66320332,Yes,Yes,167781221.0,66320287_66320332,66320332_66320287
66320332,Yes,66320287,Yes,Yes,167463412.0,66320332_66320287,66320287_66320332
66328542,Yes,55010040,No,Yes,167388750.0,66328542_55010040,55010040_66328542
66332318,Yes,66332342,Yes,Yes,167247619.0,66332318_66332342,66332342_66332318
66332342,Yes,66332318,Yes,Yes,167038982.0,66332342_66332318,66332318_66332342
66333198,Yes,66332895,No,Yes,166978891.0,66333198_66332895,66332895_66333198
66369616,Yes,18593084,Yes,Yes,164122144.0,66369616_18593084,18593084_66369616
66369706,No,18573817,Yes,Yes,163767543.0,66369706_18573817,18573817_66369706
66371811,No,9976884,No,Yes,163103506.0,66371811_9976884,9976884_66371811
66372180,No,9878001,Yes,Yes,163082592.0,66372180_9878001,9878001_66372180
66373220,No,8953281,No,Yes,162280842.0,66373220_8953281,8953281_66373220
66374547,Yes,6654045,Yes,Yes,161843231.0,66374547_6654045,6654045_66374547
66374547,Yes,6653565,No,Yes,161111576.0,66374547_6653565,6653565_66374547
66381236,Yes,66398021,No,Yes,161075431.0,66381236_66398021,66398021_66381236
66381589,Yes,66399144,Yes,Yes,160915808.0,66381589_66399144,66399144_66381589
66382521,Yes,66399902,No,Yes,160326052.0,66382521_66399902,66399902_66382521
66399144,Yes,66381589,Yes,Yes,160049845.0,66399144_66381589,66381589_66399144
66400382,No,66400947,No,Yes,158576207.0,66400382_66400947,66400947_66400382
66400748,Yes,66401160,No,Yes,158349152.0,66400748_66401160,66401160_66400748
66400947,No,66400382,No,Yes,158283853.0,66400947_66400382,66400382_66400947
66409844,No,4198630,Yes,Yes,154729457.0,66409844_4198630,4198630_66409844
66409844,No,4198647,Yes,Yes,154566108.0,66409844_4198647,4198647_66409844
66410007,No,3891537,No,Yes,154559221.0,66410007_3891537,3891537_66410007
66412753,No,66412754,Yes,Yes,153613838.0,66412753_66412754,66412754_66412753
66412754,Yes,66412753,No,Yes,153506837.0,66412754_66412753,66412753_66412754
66413452,Yes,1541560,No,Yes,152655814.0,66413452_1541560,1541560_66413452
66415124,Yes,66450440,Yes,Yes,152104069.0,66415124_66450440,66450440_66415124
66415128,Yes,66450578,Yes,Yes,151840539.0,66415128_66450578,66450578_66415128
66415130,Yes,66450857,No,Yes,151840343.0,66415130_66450857,66450857_66415130
66418812,No,11100580,No,Yes,151304771.0,66418812_11100580,11100580_66418812
66419503,Yes,1068273,No,Yes,150627290.0,66419503_1068273,1068273_66419503
66419503,Yes,1068300,Yes,Yes,150518326.0,66419503_1068300,1068300_66419503
66419503,Yes,1068457,No,Yes,150481748.0,66419503_1068457,1068457_66419503
66450440,Yes,66415124,Yes,Yes,150385523.0,66450440_66415124,66415124_66450440
66450578,Yes,66415128,Yes,Yes,150385522.0,66450578_66415128,66415128_66450578
66462946,No,785661,Yes,Yes,148053569.0,66462946_785661,785661_66462946
66466454,No,509046,No,Yes,146981799.0,66466454_509046,509046_66466454
66471801,Yes,66474063,No,Yes,146901081.0,66471801_66474063,66474063_66471801
66472188,Yes,66474267,No,Yes,146765377.0,66472188_66474267,66474267_66472188
66472198,Yes,66474488,No,Yes,146671278.0,66472198_66474488,66474488_66472198
66472210,Yes,66474639,Yes,Yes,146671276.0,66472210_66474639,66474639_66472210
66474639,Yes,66472210,Yes,Yes,146670038.0,66474639_66472210,66472210_66474639
66475489,Yes,66472991,No,Yes,146114573.0,66475489_66472991,66472991_66475489
66498303,Yes,66567749,Yes,Yes,145714566.0,66498303_66567749,66567749_66498303
66515966,Yes,66515966,Yes,Yes,144158257.0,66515966_66515966,66515966_66515966
66516911,Yes,66517048,No,Yes,143916589.0,66516911_66517048,66517048_66516911
66517085,Yes,66517237,No,Yes,143192544.0,66517085_66517237,66517237_66517085
66517113,No,855273,Yes,Yes,142975740.0,66517113_855273,855273_66517113
66517113,No,1495497,No,Yes,142856559.0,66517113_1495497,1495497_66517113
66517237,No,66517237,No,Yes,142523876.0,66517237_66517237,66517237_66517237
66518366,Yes,66518699,Yes,Yes,142442667.0,66518366_66518699,66518699_66518366
66518699,Yes,66518366,Yes,Yes,142066045.0,66518699_66518366,66518366_66518699
66519625,Yes,66521434,Yes,Yes,142066043.0,66519625_66521434,66521434_66519625
66521434,Yes,66521434,Yes,Yes,142026561.0,66521434_66521434,66521434_66521434
66522040,Yes,66524007,No,Yes,141870114.0,66522040_66524007,66524007_66522040
66522480,Yes,66523384,Yes,Yes,141827005.0,66522480_66523384,66523384_66522480
66523384,Yes,66522480,Yes,Yes,141703008.0,66523384_66522480,66522480_66523384
66531667,Yes,66531665,No,Yes,141242639.0,66531667_66531665,66531665_66531667
66531672,Yes,66531671,No,Yes,141108509.0,66531672_66531671,66531671_66531672
66567749,Yes,66498303,Yes,Yes,141039430.0,66567749_66498303,66498303_66567749
66569295,Yes,66570433,Yes,Yes,140756752.0,66569295_66570433,66570433_66569295
66569670,Yes,66570493,No,Yes,140062239.0,66569670_66570493,66570493_66569670
66569928,Yes,66570541,No,Yes,139644927.0,66569928_66570541,66570541_66569928
66570197,Yes,66570638,No,Yes,139327107.0,66570197_66570638,66570638_66570197
66570433,Yes,66569295,Yes,Yes,139119939.0,66570433_66569295,66569295_66570433
66572742,Yes,66573552,Yes,Yes,138445580.0,66572742_66573552,66573552_66572742
66573552,Yes,66572742,Yes,Yes,138445521.0,66573552_66572742,66572742_66573552
66576405,Yes,66602791,Yes,Yes,138269300.0,66576405_66602791,66602791_66576405
66578869,No,66578870,Yes,Yes,138268922.0,66578869_66578870,66578870_66578869
66578870,Yes,66578869,No,Yes,138094094.0,66578870_66578869,66578869_66578870
66578888,No,66578890,No,Yes,137505243.0,66578888_66578890,66578890_66578888
66602791,Yes,66576405,Yes,Yes,137356834.0,66602791_66576405,66576405_66602791
66606870,Yes,66606901,No,Yes,137294837.0,66606870_66606901,66606901_66606870
66614626,Yes,66640975,No,Yes,136829702.0,66614626_66640975,66640975_66614626
66614739,Yes,66641017,No,Yes,136557671.0,66614739_66641017,66641017_66614739
66615987,Yes,66657582,No,Yes,136557670.0,66615987_66657582,66657582_66615987
66618049,Yes,66657804,No,Yes,136557662.0,66618049_66657804,66657804_66618049
66618165,Yes,66657937,Yes,Yes,136018082.0,66618165_66657937,66657937_66618165
66641825,Yes,66641826,No,Yes,135651721.0,66641825_66641826,66641826_66641825
66641826,No,66641825,Yes,Yes,134960613.0,66641826_66641825,66641825_66641826
66643149,Yes,64553808,Yes,Yes,134636348.0,66643149_64553808,64553808_66643149
66657937,Yes,66618165,Yes,Yes,133913214.0,66657937_66618165,66618165_66657937
66658012,Yes,66618870,No,Yes,133890328.0,66658012_66618870,66618870_66658012
66662286,Yes,66662355,Yes,Yes,133764397.0,66662286_66662355,66662355_66662286
66662355,Yes,66662286,Yes,Yes,133000621.0,66662355_66662286,66662286_66662355
66664462,Yes,66664783,Yes,Yes,133000088.0,66664462_66664783,66664783_66664462
66664783,Yes,66664462,Yes,Yes,132670726.0,66664783_66664462,66664462_66664783
66665825,Yes,66665827,No,Yes,132350339.0,66665825_66665827,66665827_66665825
66665827,No,66665825,Yes,Yes,131883754.0,66665827_66665825,66665825_66665827
66672785,Yes,66672906,No,Yes,130749267.0,66672785_66672906,66672906_66672785
66674036,Yes,66675037,No,Yes,130749265.0,66674036_66675037,66675037_66674036
66676250,Yes,66684026,Yes,Yes,130501555.0,66676250_66684026,66684026_66676250
66684026,Yes,66676250,Yes,Yes,130501541.0,66684026_66676250,66676250_66684026
66695552,Yes,66696052,Yes,Yes,130501540.0,66695552_66696052,66696052_66695552
66695957,Yes,66695549,No,Yes,130501539.0,66695957_66695549,66695549_66695957
66696052,Yes,66696052,Yes,Yes,130479091.0,66696052_66696052,66696052_66696052
66696568,Yes,66697526,Yes,Yes,130479090.0,66696568_66697526,66697526_66696568
66697526,Yes,66696568,Yes,Yes,130411851.0,66697526_66696568,66696568_66697526
66698551,Yes,66699584,No,Yes,129658690.0,66698551_66699584,66699584_66698551
66703826,Yes,66703828,No,Yes,129644182.0,66703826_66703828,66703828_66703826
66703832,Yes,66703833,No,Yes,128941065.0,66703832_66703833,66703833_66703832
66703866,Yes,66703867,Yes,Yes,128429893.0,66703866_66703867,66703867_66703866
66703866,Yes,66703868,No,Yes,127952573.0,66703866_66703868,66703868_66703866
66703867,Yes,66703866,Yes,Yes,127948125.0,66703867_66703866,66703866_66703867
66703875,Yes,66703876,No,Yes,127805285.0,66703875_66703876,66703876_66703875
66703880,Yes,68110103,No,Yes,127219518.0,66703880_68110103,68110103_66703880
66703880,Yes,67245809,No,Yes,126965104.0,66703880_67245809,67245809_66703880
66703882,Yes,66703880,Yes,Yes,126965082.0,66703882_66703880,66703880_66703882
66720831,No,66705498,No,Yes,126965074.0,66720831_66705498,66705498_66720831
66722162,Yes,66722259,No,Yes,126825717.0,66722162_66722259,66722259_66722162
66722255,Yes,66722370,No,Yes,126622080.0,66722255_66722370,66722370_66722255
66730604,Yes,66730644,No,Yes,126509102.0,66730604_66730644,66730644_66730604
66733964,Yes,66739535,Yes,Yes,126206884.0,66733964_66739535,66739535_66733964
66734566,Yes,66739628,Yes,Yes,125996584.0,66734566_66739628,66739628_66734566
66735037,Yes,66739756,Yes,Yes,124520324.0,66735037_66739756,66739756_66735037
66735050,Yes,66739833,Yes,Yes,124075666.0,66735050_66739833,66739833_66735050
66735054,Yes,66741266,Yes,Yes,124060218.0,66735054_66741266,66741266_66735054
66736470,Yes,66741577,Yes,Yes,123835352.0,66736470_66741577,66741577_66736470
66736479,Yes,66741660,No,Yes,123639758.0,66736479_66741660,66741660_66736479
66737936,Yes,66741862,Yes,Yes,123541750.0,66737936_66741862,66741862_66737936
66739535,Yes,66733964,Yes,Yes,122567631.0,66739535_66733964,66733964_66739535
66739628,Yes,66734566,Yes,Yes,121187265.0,66739628_66734566,66734566_66739628
66739756,Yes,66735037,Yes,Yes,120169875.0,66739756_66735037,66735037_66739756
66739833,Yes,66735050,Yes,Yes,119847616.0,66739833_66735050,66735050_66739833
66741266,Yes,66735054,Yes,Yes,119690508.0,66741266_66735054,66735054_66741266
66741577,Yes,66736470,Yes,Yes,119672432.0,66741577_66736470,66736470_66741577
66741862,Yes,66737936,Yes,Yes,119527022.0,66741862_66737936,66737936_66741862
66767392,Yes,66767393,No,Yes,119430065.0,66767392_66767393,66767393_66767392
66773730,Yes,66774657,No,Yes,119290868.0,66773730_66774657,66774657_66773730
66775613,Yes,66775771,Yes,Yes,118244230.0,66775613_66775771,66775771_66775613
66775771,Yes,66775613,Yes,Yes,118185376.0,66775771_66775613,66775613_66775771
66779692,Yes,66782107,No,Yes,117988508.0,66779692_66782107,66782107_66779692
66781731,Yes,66776837,No,Yes,117905610.0,66781731_66776837,66776837_66781731
66782031,Yes,66779670,No,Yes,117782036.0,66782031_66779670,66779670_66782031
66791744,Yes,65596631,Yes,Yes,117618530.0,66791744_65596631,65596631_66791744
66820315,Yes,66823222,No,Yes,117444021.0,66820315_66823222,66823222_66820315
66820516,Yes,66825435,No,Yes,117151013.0,66820516_66825435,66825435_66820516
66820927,Yes,66825529,No,Yes,116992306.0,66820927_66825529,66825529_66820927
66822468,Yes,66825739,No,Yes,116824376.0,66822468_66825739,66825739_66822468
66848833,Yes,66848930,Yes,Yes,114072499.0,66848833_66848930,66848930_66848833
66848930,Yes,66848833,Yes,Yes,113889496.0,66848930_66848833,66848833_66848930
66877531,Yes,66877573,Yes,Yes,112966758.0,66877531_66877573,66877573_66877531
66877573,Yes,66877531,Yes,Yes,112966688.0,66877573_66877531,66877531_66877573
66880866,Yes,66880945,Yes,Yes,112966685.0,66880866_66880945,66880945_66880866
66880945,Yes,66880866,Yes,Yes,112005437.0,66880945_66880866,66880866_66880945
66881421,Yes,66881721,Yes,Yes,111971840.0,66881421_66881721,66881721_66881421
66881534,Yes,66881894,No,Yes,111833861.0,66881534_66881894,66881894_66881534
66881721,Yes,66881421,Yes,Yes,111726206.0,66881721_66881421,66881421_66881721
66881825,Yes,66882020,No,Yes,111693463.0,66881825_66882020,66882020_66881825
66884325,Yes,66884502,No,Yes,111280097.0,66884325_66884502,66884502_66884325
66884689,Yes,66884623,No,Yes,111149177.0,66884689_66884623,66884623_66884689
66904914,Yes,66904915,No,Yes,111058496.0,66904914_66904915,66904915_66904914
66904915,No,66904914,Yes,Yes,110808566.0,66904915_66904914,66904914_66904915
66924606,Yes,66924679,No,Yes,110808565.0,66924606_66924679,66924679_66924606
66924684,Yes,66924793,Yes,Yes,110796306.0,66924684_66924793,66924793_66924684
66924793,Yes,66924684,Yes,Yes,110647079.0,66924793_66924684,66924684_66924793
66924963,Yes,66925018,No,Yes,110647060.0,66924963_66925018,66925018_66924963
66925151,Yes,66925075,No,Yes,110407498.0,66925151_66925075,66925075_66925151
66947016,Yes,66947071,No,Yes,110261386.0,66947016_66947071,66947071_66947016
66952804,Yes,66952821,No,Yes,110162051.0,66952804_66952821,66952821_66952804
66969089,Yes,66969662,No,Yes,110061105.0,66969089_66969662,66969662_66969089
66971672,No,66971674,Yes,Yes,109870255.0,66971672_66971674,66971674_66971672
66971674,Yes,66971672,No,Yes,109707606.0,66971674_66971672,66971672_66971674
66971687,Yes,66971689,No,Yes,109299805.0,66971687_66971689,66971689_66971687
66971687,Yes,66971688,No,Yes,109226965.0,66971687_66971688,66971688_66971687
66971691,Yes,66971690,No,Yes,108740166.0,66971691_66971690,66971690_66971691
66971695,Yes,66971696,No,Yes,108623784.0,66971695_66971696,66971696_66971695
66978381,Yes,66978504,Yes,Yes,108580930.0,66978381_66978504,66978504_66978381
66978504,Yes,66978381,Yes,Yes,108574063.0,66978504_66978381,66978381_66978504
66978527,Yes,67012110,Yes,Yes,108420548.0,66978527_67012110,67012110_66978527
66989918,No,66989917,No,Yes,108390002.0,66989918_66989917,66989917_66989918
67010194,Yes,70937456,Yes,Yes,108328630.0,67010194_70937456,70937456_67010194
67012110,Yes,66978527,Yes,Yes,108211315.0,67012110_66978527,66978527_67012110
67023387,Yes,67023348,No,Yes,108188958.0,67023387_67023348,67023348_67023387
67032162,Yes,67032385,No,Yes,108019768.0,67032162_67032385,67032385_67032162
67042871,Yes,67045427,No,Yes,107897956.0,67042871_67045427,67045427_67042871
67043048,Yes,67045638,No,Yes,107669465.0,67043048_67045638,67045638_67043048
67045523,Yes,67042975,No,Yes,107433431.0,67045523_67042975,67042975_67045523
67068219,Yes,67112704,No,Yes,107359856.0,67068219_67112704,67112704_67068219
67068342,Yes,67112986,No,Yes,107325072.0,67068342_67112986,67112986_67068342
67068459,Yes,67113219,Yes,Yes,107319959.0,67068459_67113219,67113219_67068459
67068576,Yes,67113434,No,Yes,107061147.0,67068576_67113434,67113434_67068576
67068693,Yes,67113948,No,Yes,106666137.0,67068693_67113948,67113948_67068693
67068733,No,67114257,Yes,Yes,106631239.0,67068733_67114257,67114257_67068733
67068943,Yes,67114419,No,Yes,106437775.0,67068943_67114419,67114419_67068943
67069089,Yes,67114629,Yes,Yes,106382195.0,67069089_67114629,67114629_67069089
67069163,Yes,67114797,No,Yes,106367954.0,67069163_67114797,67114797_67069163
67069580,Yes,67114911,Yes,Yes,106125894.0,67069580_67114911,67114911_67069580
67069809,Yes,67115766,No,Yes,106048085.0,67069809_67115766,67115766_67069809
67069860,Yes,67115920,Yes,Yes,106016050.0,67069860_67115920,67115920_67069860
67069991,Yes,67116073,Yes,Yes,106016049.0,67069991_67116073,67116073_67069991
67070111,Yes,67116224,No,Yes,105816510.0,67070111_67116224,67116224_67070111
67070166,Yes,67116390,No,Yes,105667234.0,67070166_67116390,67116390_67070166
67070271,Yes,67116574,Yes,Yes,105667217.0,67070271_67116574,67116574_67070271
67070390,Yes,67116881,No,Yes,105534578.0,67070390_67116881,67116881_67070390
67084160,Yes,67084147,No,Yes,105504379.0,67084160_67084147,67084147_67084160
67090531,Yes,67117657,No,Yes,105492260.0,67090531_67117657,67117657_67090531
67090764,Yes,67117791,No,Yes,105486552.0,67090764_67117791,67117791_67090764
67090884,Yes,67118139,No,Yes,105329540.0,67090884_67118139,67118139_67090884
67091040,Yes,67118965,No,Yes,105266808.0,67091040_67118965,67118965_67091040
67092068,Yes,67119451,No,Yes,105157468.0,67092068_67119451,67119451_67092068
67092361,Yes,67121135,No,Yes,105157467.0,67092361_67121135,67121135_67092361
67092430,Yes,67121311,No,Yes,105097060.0,67092430_67121311,67121311_67092430
67093515,Yes,67121224,No,Yes,105019680.0,67093515_67121224,67121224_67093515
67093601,Yes,67121579,No,Yes,104726684.0,67093601_67121579,67121579_67093601
67095282,Yes,67122079,Yes,Yes,104685233.0,67095282_67122079,67122079_67095282
67095677,Yes,67122247,No,Yes,104679526.0,67095677_67122247,67122247_67095677
67113219,Yes,67068459,Yes,Yes,104383277.0,67113219_67068459,67068459_67113219
67114257,Yes,67068733,No,Yes,104115722.0,67114257_67068733,67068733_67114257
67114629,Yes,67069089,Yes,Yes,103752625.0,67114629_67069089,67069089_67114629
67114911,Yes,67069580,Yes,Yes,103625069.0,67114911_67069580,67069580_67114911
67115920,Yes,67069860,Yes,Yes,103555046.0,67115920_67069860,67069860_67115920
67116073,Yes,67069991,Yes,Yes,103403764.0,67116073_67069991,67069991_67116073
67116574,Yes,67070271,Yes,Yes,103342389.0,67116574_67070271,67070271_67116574
67121869,Yes,67094622,No,Yes,99236145.0,67121869_67094622,67094622_67121869
67122079,Yes,67095282,Yes,Yes,99225310.0,67122079_67095282,67095282_67122079
67130272,Yes,67130298,No,Yes,98561205.0,67130272_67130298,67130298_67130272
67175396,Yes,67175397,Yes,Yes,98284405.0,67175396_67175397,67175397_67175396
67175397,Yes,15338360,Yes,Yes,97869833.0,67175397_15338360,15338360_67175397
67175413,Yes,67175414,Yes,Yes,97440909.0,67175413_67175414,67175414_67175413
67175414,Yes,67175413,Yes,Yes,97256608.0,67175414_67175413,67175413_67175414
67242174,Yes,67242176,No,Yes,97159169.0,67242174_67242176,67242176_67242174
67242177,Yes,67242178,No,Yes,97138799.0,67242177_67242178,67242178_67242177
67242181,Yes,67242182,No,Yes,96176962.0,67242181_67242182,67242182_67242181
67242186,Yes,67242185,No,Yes,93797091.0,67242186_67242185,67242185_67242186
67242187,Yes,68285622,Yes,Yes,93425371.0,67242187_68285622,68285622_67242187
67267473,Yes,70937296,No,Yes,93303942.0,67267473_70937296,70937296_67267473
67336811,No,4529334,Yes,Yes,91431203.0,67336811_4529334,4529334_67336811
67349862,Yes,67360048,No,Yes,91332876.0,67349862_67360048,67360048_67349862
67398223,No,66194697,No,Yes,90301156.0,67398223_66194697,66194697_67398223
67422084,Yes,67422057,No,Yes,90195564.0,67422084_67422057,67422057_67422084
67459772,Yes,67620012,No,Yes,90076518.0,67459772_67620012,67620012_67459772
67532329,Yes,67532330,No,Yes,89757876.0,67532329_67532330,67532330_67532329
67664135,Yes,67620012,No,Yes,86316481.0,67664135_67620012,67620012_67664135
67740506,Yes,67740507,Yes,Yes,85866160.0,67740506_67740507,67740507_67740506
67740507,Yes,67740506,Yes,Yes,85520429.0,67740507_67740506,67740506_67740507
67740521,Yes,67740522,Yes,Yes,84905356.0,67740521_67740522,67740522_67740521
67740522,Yes,67740521,Yes,Yes,84791471.0,67740522_67740521,67740521_67740522
67800101,Yes,70879081,No,Yes,84776483.0,67800101_70879081,70879081_67800101
67800194,Yes,67800196,No,Yes,84745133.0,67800194_67800196,67800196_67800194
67827319,Yes,67827320,No,Yes,83985791.0,67827319_67827320,67827320_67827319
67863969,Yes,67863970,Yes,Yes,83101938.0,67863969_67863970,67863970_67863969
67863970,Yes,67863969,Yes,Yes,82734973.0,67863970_67863969,67863969_67863970
67895258,Yes,67895259,No,Yes,79730444.0,67895258_67895259,67895259_67895258
67895259,No,67895258,Yes,Yes,78448738.0,67895259_67895258,67895258_67895259
68005000,Yes,68012050,No,Yes,77960814.0,68005000_68012050,68012050_68005000
68005001,Yes,68012175,No,Yes,77530014.0,68005001_68012175,68012175_68005001
68005588,Yes,68012331,No,Yes,77032956.0,68005588_68012331,68012331_68005588
68005589,Yes,68012451,No,Yes,76475845.0,68005589_68012451,68012451_68005589
68150811,Yes,68319565,No,Yes,74818976.0,68150811_68319565,68319565_68150811
68151231,No,67957433,No,Yes,74333017.0,68151231_67957433,67957433_68151231
68202080,Yes,68202136,No,Yes,74099417.0,68202080_68202136,68202136_68202080
68285621,Yes,68285620,No,Yes,71955281.0,68285621_68285620,68285620_68285621
68285622,Yes,67242187,Yes,Yes,71871925.0,68285622_67242187,67242187_68285622
68291857,Yes,68291860,No,Yes,71788845.0,68291857_68291860,68291860_68291857
68323989,No,68330173,No,Yes,70540495.0,68323989_68330173,68330173_68323989
68324282,Yes,68324534,Yes,Yes,70263290.0,68324282_68324534,68324534_68324282
68324534,Yes,68324282,Yes,Yes,69666917.0,68324534_68324282,68324282_68324534
68336214,Yes,68336215,No,Yes,69024211.0,68336214_68336215,68336215_68336214
68376419,Yes,68376420,No,Yes,68649677.0,68376419_68376420,68376420_68376419
68417061,Yes,68822041,No,Yes,68274401.0,68417061_68822041,68822041_68417061
68457687,Yes,68457686,No,Yes,67767197.0,68457687_68457686,68457686_68457687
68477808,Yes,68477894,No,Yes,67651282.0,68477808_68477894,68477894_68477808
68487487,Yes,68487544,No,Yes,66698964.0,68487487_68487544,68487544_68487487
68552032,Yes,68552033,No,Yes,66136865.0,68552032_68552033,68552033_68552032
68682858,Yes,68682860,No,Yes,64454774.0,68682858_68682860,68682860_68682858
68721002,Yes,68721405,Yes,Yes,64025073.0,68721002_68721405,68721405_68721002
68721405,Yes,68721002,Yes,Yes,63809067.0,68721405_68721002,68721002_68721405
68724692,Yes,68724691,No,Yes,63761592.0,68724692_68724691,68724691_68724692
68748758,Yes,68748846,Yes,Yes,63363806.0,68748758_68748846,68748846_68748758
68748846,Yes,68748758,Yes,Yes,63078227.0,68748846_68748758,68748758_68748846
68862095,No,65281768,Yes,Yes,61369838.0,68862095_65281768,65281768_68862095
68906916,Yes,40576956,No,Yes,60936765.0,68906916_40576956,40576956_68906916
68929203,Yes,68929202,No,Yes,60590893.0,68929203_68929202,68929202_68929203
68968510,Yes,36511984,Yes,Yes,60588146.0,68968510_36511984,36511984_68968510
68969883,Yes,68969884,No,Yes,60521630.0,68969883_68969884,68969884_68969883
69049527,Yes,69051275,Yes,Yes,60490733.0,69049527_69051275,69051275_69049527
69051275,Yes,69049527,Yes,Yes,60457043.0,69051275_69049527,69049527_69051275
69127750,Yes,69127746,No,Yes,59554073.0,69127750_69127746,69127746_69127750
69194929,Yes,69194930,No,Yes,59163423.0,69194929_69194930,69194930_69194929
69194929,Yes,69194931,No,Yes,58691272.0,69194929_69194931,69194931_69194929
69194933,Yes,69194934,Yes,Yes,58421018.0,69194933_69194934,69194934_69194933
69194934,Yes,69194933,Yes,Yes,58421011.0,69194934_69194933,69194933_69194934
69194942,Yes,69194941,No,Yes,57950341.0,69194942_69194941,69194941_69194942
69194945,Yes,69194946,No,Yes,57714773.0,69194945_69194946,69194946_69194945
69194951,Yes,69194952,No,Yes,57362171.0,69194951_69194952,69194952_69194951
69194962,Yes,69194963,Yes,Yes,56497657.0,69194962_69194963,69194963_69194962
69194963,Yes,69194962,Yes,Yes,56497645.0,69194963_69194962,69194962_69194963
69199223,Yes,69199224,No,Yes,56035872.0,69199223_69199224,69199224_69199223
69215715,Yes,69215716,No,Yes,55010046.0,69215715_69215716,69215716_69215715
69215716,No,69215715,Yes,Yes,54908304.0,69215716_69215715,69215715_69215716
69304312,Yes,69304311,No,Yes,54648008.0,69304312_69304311,69304311_69304312
69313494,Yes,69313495,Yes,Yes,54647350.0,69313494_69313495,69313495_69313494
69313495,Yes,69313494,Yes,Yes,54637191.0,69313495_69313494,69313494_69313495
69501014,Yes,69501017,No,Yes,54616542.0,69501014_69501017,69501017_69501014
69502380,Yes,69503327,No,Yes,54602218.0,69502380_69503327,69503327_69502380
69551988,No,69552320,No,Yes,54595437.0,69551988_69552320,69552320_69551988
69629262,Yes,69629263,No,Yes,54594191.0,69629262_69629263,69629263_69629262
69632919,Yes,69632916,No,Yes,54539688.0,69632919_69632916,69632916_69632919
69672770,No,69672777,No,Yes,54536020.0,69672770_69672777,69672777_69672770
69723389,Yes,69723396,No,Yes,54536018.0,69723389_69723396,69723396_69723389
69723396,No,69723389,Yes,Yes,54536013.0,69723396_69723389,69723389_69723396
69819023,Yes,69818454,No,Yes,54265108.0,69819023_69818454,69818454_69819023
69853898,No,69858736,No,Yes,54265106.0,69853898_69858736,69858736_69853898
69872500,No,69872499,No,Yes,54262207.0,69872500_69872499,69872499_69872500
69904395,Yes,69904884,No,Yes,54136886.0,69904395_69904884,69904884_69904395
69904884,No,69904395,Yes,Yes,54136882.0,69904884_69904395,69904395_69904884
69990877,Yes,69991103,Yes,Yes,54136871.0,69990877_69991103,69991103_69990877
69991103,Yes,69990877,Yes,Yes,54136869.0,69991103_69990877,69990877_69991103
70025348,Yes,70025765,No,Yes,54136864.0,70025348_70025765,70025765_70025348
70045112,No,57384630,Yes,Yes,54128624.0,70045112_57384630,57384630_70045112
70048689,Yes,70048690,No,Yes,54128623.0,70048689_70048690,70048690_70048689
70048692,Yes,70048693,Yes,Yes,54031583.0,70048692_70048693,70048693_70048692
70048693,Yes,70048692,Yes,Yes,54030793.0,70048693_70048692,70048692_70048693
70048705,Yes,70048708,No,Yes,54030382.0,70048705_70048708,70048708_70048705
70048714,Yes,70048716,No,Yes,54028585.0,70048714_70048716,70048716_70048714
70172190,Yes,70184510,Yes,Yes,54028533.0,70172190_70184510,70184510_70172190
70184510,Yes,70172190,Yes,Yes,54028086.0,70184510_70172190,70172190_70184510
70227023,Yes,70226852,No,Yes,53469695.0,70227023_70226852,70226852_70227023
70249584,No,70249585,Yes,Yes,53271496.0,70249584_70249585,70249585_70249584
70249585,Yes,70249584,No,Yes,53244880.0,70249585_70249584,70249584_70249585
70250268,No,70250270,Yes,Yes,53243980.0,70250268_70250270,70250270_70250268
70250270,Yes,70250268,No,Yes,53232080.0,70250270_70250268,70250268_70250270
70351555,No,17025639,Yes,Yes,52527243.0,70351555_17025639,17025639_70351555
70491397,No,70491439,Yes,Yes,51312897.0,70491397_70491439,70491439_70491397
70491439,Yes,70491397,No,Yes,50393797.0,70491439_70491397,70491397_70491439
70507439,Yes,70610437,No,Yes,49459675.0,70507439_70610437,70610437_70507439
70589491,No,70589493,Yes,Yes,48973711.0,70589491_70589493,70589493_70589491
70589493,Yes,70589491,No,Yes,48933848.0,70589493_70589491,70589491_70589493
70602651,Yes,70604940,No,Yes,48313876.0,70602651_70604940,70604940_70602651
70607719,Yes,70607722,No,Yes,47590709.0,70607719_70607722,70607722_70607719
70609972,No,40785136,Yes,Yes,46964624.0,70609972_40785136,40785136_70609972
70621484,No,70621485,No,Yes,46698368.0,70621484_70621485,70621485_70621484
70624825,Yes,70624827,No,Yes,46161639.0,70624825_70624827,70624827_70624825
70632997,Yes,70632999,Yes,Yes,45855730.0,70632997_70632999,70632999_70632997
70632999,Yes,70632997,Yes,Yes,45638237.0,70632999_70632997,70632997_70632999
70667622,No,70667165,No,Yes,45635368.0,70667622_70667165,70667165_70667622
70704696,Yes,327445158,Yes,Yes,45532583.0,70704696_327445158,327445158_70704696
70720212,Yes,70720222,No,Yes,45526063.0,70720212_70720222,70720222_70720212
70740343,Yes,70787742,No,Yes,44905213.0,70740343_70787742,70787742_70740343
70856077,Yes,70891038,Yes,Yes,43491648.0,70856077_70891038,70891038_70856077
70856078,Yes,70891038,Yes,Yes,42549891.0,70856078_70891038,70891038_70856078
70876023,Yes,70876023,Yes,Yes,42257540.0,70876023_70876023,70876023_70876023
70885765,Yes,70749668,No,Yes,41977045.0,70885765_70749668,70749668_70885765
70886900,No,70749668,No,Yes,41536285.0,70886900_70749668,70749668_70886900
70891038,Yes,70856077,Yes,Yes,41409015.0,70891038_70856077,70856077_70891038
70896736,Yes,70897093,No,Yes,40852425.0,70896736_70897093,70897093_70896736
70917292,Yes,70916703,No,Yes,40469657.0,70917292_70916703,70916703_70917292
70934939,Yes,70934945,No,Yes,40301200.0,70934939_70934945,70934945_70934939
70937456,Yes,67010194,Yes,Yes,39047731.0,70937456_67010194,67010194_70937456
70937610,No,51485780,Yes,Yes,39031562.0,70937610_51485780,51485780_70937610
70937755,Yes,45373209,No,Yes,38633129.0,70937755_45373209,45373209_70937755
70937875,Yes,70937875,Yes,Yes,38600106.0,70937875_70937875,70937875_70937875
70938158,No,42003412,Yes,Yes,37758364.0,70938158_42003412,42003412_70938158
70939006,Yes,19970256,Yes,Yes,37277133.0,70939006_19970256,19970256_70939006
70939433,No,19757378,Yes,Yes,37095559.0,70939433_19757378,19757378_70939433
70939768,No,13896094,Yes,Yes,36585119.0,70939768_13896094,13896094_70939768
70939804,No,13896077,Yes,Yes,36507253.0,70939804_13896077,13896077_70939804
70979397,Yes,56179335,No,Yes,35913414.0,70979397_56179335,56179335_70979397
70979907,No,52985403,No,Yes,35913307.0,70979907_52985403,52985403_70979907
70999137,Yes,49946869,No,Yes,35880147.0,70999137_49946869,49946869_70999137
71012923,Yes,71012925,No,Yes,35847656.0,71012923_71012925,71012925_71012923
71012924,Yes,71012927,No,Yes,35847624.0,71012924_71012927,71012927_71012924
71012924,Yes,71012926,No,Yes,35773284.0,71012924_71012926,71012926_71012924
71012924,Yes,71012930,Yes,Yes,35751609.0,71012924_71012930,71012930_71012924
71012924,Yes,71012931,No,Yes,35717349.0,71012924_71012931,71012931_71012924
71012924,Yes,71012932,Yes,Yes,35696594.0,71012924_71012932,71012932_71012924
71012924,Yes,71049367,No,Yes,35696357.0,71012924_71049367,71049367_71012924
71012926,No,71012924,Yes,Yes,35667413.0,71012926_71012924,71012924_71012926
71012927,No,71012924,Yes,Yes,35606326.0,71012927_71012924,71012924_71012927
71012930,Yes,71012924,Yes,Yes,35602900.0,71012930_71012924,71012924_71012930
71012931,No,71012924,Yes,Yes,35602283.0,71012931_71012924,71012924_71012931
71012932,Yes,71012924,Yes,Yes,35602158.0,71012932_71012924,71012924_71012932
71049367,No,71012924,Yes,Yes,35568085.0,71049367_71012924,71012924_71049367
71085420,Yes,71085422,Yes,Yes,34776572.0,71085420_71085422,71085422_71085420
71085422,Yes,71085420,Yes,Yes,34596376.0,71085422_71085420,71085420_71085422
71153589,Yes,71153598,Yes,Yes,34596359.0,71153589_71153598,71153598_71153589
71153598,Yes,71153589,Yes,Yes,34339941.0,71153598_71153589,71153589_71153598
71153645,Yes,71153647,Yes,Yes,33942193.0,71153645_71153647,71153647_71153645
71153647,Yes,71153645,Yes,Yes,33829444.0,71153647_71153645,71153645_71153647
71206109,Yes,71206111,No,Yes,33738814.0,71206109_71206111,71206111_71206109
71206111,No,71206109,Yes,Yes,32932455.0,71206111_71206109,71206109_71206111
71427317,Yes,71456747,No,Yes,32920310.0,71427317_71456747,71456747_71427317
71494520,Yes,71494262,No,Yes,32821410.0,71494520_71494262,71494262_71494520
71505246,Yes,71505247,Yes,Yes,32401073.0,71505246_71505247,71505247_71505246
71505247,Yes,71505246,Yes,Yes,32319365.0,71505247_71505246,71505246_71505247
71616838,Yes,71616839,No,Yes,31400662.0,71616838_71616839,71616839_71616838
71616838,Yes,71616840,No,Yes,31232811.0,71616838_71616840,71616840_71616838
71616842,Yes,71616843,Yes,Yes,30413993.0,71616842_71616843,71616843_71616842
71616843,Yes,71616842,Yes,Yes,30355830.0,71616843_71616842,71616842_71616843
71616869,Yes,71616870,Yes,Yes,30355813.0,71616869_71616870,71616870_71616869
71616870,Yes,71616869,Yes,Yes,30355812.0,71616870_71616869,71616869_71616870
71616891,Yes,71616893,No,Yes,30159254.0,71616891_71616893,71616893_71616891
71616892,Yes,71616896,No,Yes,29988807.0,71616892_71616896,71616896_71616892
71616907,Yes,71616908,No,Yes,29441499.0,71616907_71616908,71616908_71616907
71702555,Yes,71705413,No,Yes,28987263.0,71702555_71705413,71705413_71702555
71706873,No,71706880,No,Yes,27716233.0,71706873_71706880,71706880_71706873
71889922,Yes,71889924,No,Yes,26661295.0,71889922_71889924,71889924_71889922
71889946,Yes,71889951,Yes,Yes,26202521.0,71889946_71889951,71889951_71889946
71889951,Yes,71889946,Yes,Yes,25777617.0,71889951_71889946,71889946_71889951
72003148,No,72003361,No,Yes,24911039.0,72003148_72003361,72003361_72003148
72093370,Yes,104980225,No,Yes,24851794.0,72093370_104980225,104980225_72093370
72171160,Yes,72171200,Yes,Yes,24827413.0,72171160_72171200,72171200_72171160
72171200,Yes,72171160,Yes,Yes,24803467.0,72171200_72171160,72171160_72171200
72259533,Yes,72262326,No,Yes,24788106.0,72259533_72262326,72262326_72259533
72466094,Yes,72466095,Yes,Yes,24661650.0,72466094_72466095,72466095_72466094
72466095,Yes,72466094,Yes,Yes,24616083.0,72466095_72466094,72466094_72466095
72466127,Yes,72466132,No,Yes,24316588.0,72466127_72466132,72466132_72466127
72516688,Yes,72516689,No,Yes,22903348.0,72516688_72516689,72516689_72516688
72516689,No,72516688,Yes,Yes,22135368.0,72516689_72516688,72516688_72516689
72616585,No,72616584,No,Yes,22015329.0,72616585_72616584,72616584_72616585
72616587,Yes,72616591,Yes,Yes,21659864.0,72616587_72616591,72616591_72616587
72616590,Yes,72616591,Yes,Yes,21591413.0,72616590_72616591,72616591_72616590
72616591,Yes,72616592,Yes,Yes,21499047.0,72616591_72616592,72616592_72616591
72616591,Yes,72616590,Yes,Yes,21482786.0,72616591_72616590,72616590_72616591
72616592,Yes,72616584,No,Yes,21426530.0,72616592_72616584,72616584_72616592
72616619,Yes,72616620,Yes,Yes,21194656.0,72616619_72616620,72616620_72616619
72616620,Yes,72616619,Yes,Yes,21079325.0,72616620_72616619,72616619_72616620
72616625,No,72616628,No,Yes,21044440.0,72616625_72616628,72616628_72616625
72616632,Yes,72616635,Yes,Yes,20188251.0,72616632_72616635,72616635_72616632
72616635,Yes,72616632,Yes,Yes,20036548.0,72616635_72616632,72616632_72616635
72616644,No,80748309,No,Yes,19753844.0,72616644_80748309,80748309_72616644
72616647,Yes,72616644,No,Yes,19677338.0,72616647_72616644,72616644_72616647
72616647,Yes,72616646,No,Yes,18446276.0,72616647_72616646,72616646_72616647
73184467,Yes,73184543,No,Yes,19305635.0,73184467_73184543,73184543_73184467
73288373,Yes,11254099,No,Yes,16638188.0,73288373_11254099,11254099_73288373
73296347,Yes,73296349,No,Yes,15874060.0,73296347_73296349,73296349_73296347
73306299,Yes,73297476,No,Yes,17100182.0,73306299_73297476,73297476_73306299
73468858,Yes,73471015,No,Yes,15097703.0,73468858_73471015,73471015_73468858
73482591,No,28163775,No,Yes,14342243.0,73482591_28163775,28163775_73482591
73518584,Yes,73518582,No,Yes,13255860.0,73518584_73518582,73518582_73518584
73518585,Yes,73518582,No,Yes,15732268.0,73518585_73518582,73518582_73518585
73591984,No,73592164,No,Yes,13253761.0,73591984_73592164,73592164_73591984
73592164,No,73591984,No,Yes,13080951.0,73592164_73591984,73591984_73592164
73608300,Yes,73609258,No,Yes,14270674.0,73608300_73609258,73609258_73608300
73686045,Yes,338010743,No,Yes,13539701.0,73686045_338010743,338010743_73686045
73702916,Yes,73707609,No,Yes,13113599.0,73702916_73707609,73707609_73702916
73707609,No,73702916,Yes,Yes,12234912.0,73707609_73702916,73702916_73707609
73771707,Yes,73771708,Yes,Yes,12234644.0,73771707_73771708,73771708_73771707
73771708,Yes,73771707,Yes,Yes,10889049.0,73771708_73771707,73771707_73771708
73771712,Yes,73771713,No,Yes,10150273.0,73771712_73771713,73771713_73771712
73771776,No,73771778,No,Yes,12335787.0,73771776_73771778,73771778_73771776
73771779,Yes,73771795,Yes,Yes,9362166.0,73771779_73771795,73771795_73771779
73771795,Yes,73771779,Yes,Yes,12048432.0,73771795_73771779,73771779_73771795
73797998,Yes,73798522,Yes,Yes,12032316.0,73797998_73798522,73798522_73797998
73798522,Yes,73797998,Yes,Yes,10962339.0,73798522_73797998,73797998_73798522
73832306,Yes,73832852,No,Yes,9354132.0,73832306_73832852,73832852_73832306
73933365,Yes,73933779,No,Yes,9709517.0,73933365_73933779,73933779_73933365
73960121,Yes,73960123,No,Yes,9161532.0,73960121_73960123,73960123_73960121
73960133,Yes,73960134,No,Yes,9505830.0,73960133_73960134,73960134_73960133
73960134,No,73960133,Yes,Yes,9108734.0,73960134_73960133,73960133_73960134
73985454,Yes,73983784,No,Yes,9005871.0,73985454_73983784,73983784_73985454
74021650,Yes,74021745,No,Yes,7072534.0,74021650_74021745,74021745_74021650
74095116,No,104676320,No,Yes,6366142.0,74095116_104676320,104676320_74095116
74125293,Yes,74125362,No,Yes,6366141.0,74125293_74125362,74125362_74125293
74170333,Yes,74170334,No,Yes,8744917.0,74170333_74170334,74170334_74170333
74170334,No,74170333,Yes,Yes,8243656.0,74170334_74170333,74170333_74170334
74250546,Yes,74228214,No,Yes,7393601.0,74250546_74228214,74228214_74250546
74400116,No,74399867,No,Yes,7037659.0,74400116_74399867,74399867_74400116
74611022,No,74611069,Yes,Yes,6889825.0,74611022_74611069,74611069_74611022
74611069,Yes,74611022,No,Yes,5967049.0,74611069_74611022,74611022_74611069
74664538,Yes,74664541,Yes,Yes,5296631.0,74664538_74664541,74664541_74664538
74664541,Yes,79557976,No,Yes,6473577.0,74664541_79557976,79557976_74664541
74702908,Yes,74664637,No,Yes,5032625.0,74702908_74664637,74664637_74702908
74822426,No,74822424,No,Yes,5962311.0,74822426_74822424,74822424_74822426
74889789,Yes,74889790,Yes,Yes,4604193.0,74889789_74889790,74889790_74889789
74889790,Yes,74889789,Yes,Yes,4570197.0,74889790_74889789,74889789_74889790
74951794,Yes,74951799,Yes,Yes,2827989.0,74951794_74951799,74951799_74951794
74951799,Yes,74951794,Yes,Yes,2607015.0,74951799_74951794,74951794_74951799
74951799,Yes,74951797,No,Yes,1766483.0,74951799_74951797,74951797_74951799
74951821,Yes,74951830,No,Yes,1744007.0,74951821_74951830,74951830_74951821
74951830,No,74951821,Yes,Yes,1744001.0,74951830_74951821,74951821_74951830
75222572,Yes,73553566,No,Yes,11230799.0,75222572_73553566,73553566_75222572
75313365,Yes,75313225,No,Yes,3058903.0,75313365_75313225,75313225_75313365
75566705,Yes,75566706,Yes,Yes,1207662.0,75566705_75566706,75566706_75566705
75566706,Yes,75566705,Yes,Yes,1207646.0,75566706_75566705,75566705_75566706
75566727,Yes,75566728,No,Yes,2706034.0,75566727_75566728,75566728_75566727
75566728,No,75566727,Yes,Yes,2655204.0,75566728_75566727,75566727_75566728
75566732,No,75566738,Yes,Yes,503139.0,75566732_75566738,75566738_75566732
75566737,Yes,75566738,Yes,Yes,2518530.0,75566737_75566738,75566738_75566737
75566738,Yes,75566732,No,Yes,420386.0,75566738_75566732,75566732_75566738
75566738,Yes,75566737,Yes,Yes,1587964.0,75566738_75566737,75566737_75566738
75566738,Yes,75566742,No,Yes,1515087.0,75566738_75566742,75566742_75566738
75566742,No,75566738,Yes,Yes,843690.0,75566742_75566738,75566738_75566742
75566744,No,75566745,Yes,Yes,424251.0,75566744_75566745,75566745_75566744
75566745,Yes,75566744,No,Yes,338604.0,75566745_75566744,75566744_75566745
75566765,No,75566764,No,Yes,,75566765_75566764,75566764_75566765
75579220,No,75579222,No,Yes,,75579220_75579222,75579222_75579220
75686956,Yes,75686958,No,Yes,,75686956_75686958,75686958_75686956
75686957,Yes,75686958,No,Yes,,75686957_75686958,75686958_75686957
75686996,Yes,75687000,No,Yes,,75686996_75687000,75687000_75686996
75686996,Yes,75686995,No,Yes,,75686996_75686995,75686995_75686996
75686996,Yes,75686997,No,Yes,,75686996_75686997,75686997_75686996
75687000,No,75686996,Yes,Yes,,75687000_75686996,75686996_75687000
75873319,No,76467671,No,Yes,,75873319_76467671,76467671_75873319
75909983,Yes,75910201,No,Yes,,75909983_75910201,75910201_75909983
76646940,No,76646946,Yes,Yes,,76646940_76646946,76646946_76646940
76646946,Yes,76646940,No,Yes,,76646946_76646940,76646940_76646946
76646961,No,76646966,Yes,Yes,,76646961_76646966,76646966_76646961
76646966,Yes,76646961,No,Yes,,76646966_76646961,76646961_76646966
76647099,Yes,76647101,Yes,Yes,,76647099_76647101,76647101_76647099
76647101,Yes,76647099,Yes,Yes,,76647101_76647099,76647099_76647101
76647146,No,76647151,Yes,Yes,,76647146_76647151,76647151_76647146
76647151,Yes,76647146,No,Yes,,76647151_76647146,76647146_76647151
77058408,Yes,77058417,Yes,Yes,,77058408_77058417,77058417_77058408
77058417,Yes,77058408,Yes,Yes,,77058417_77058408,77058408_77058417
77058529,Yes,77058541,No,Yes,,77058529_77058541,77058541_77058529
77638659,No,77638667,No,Yes,,77638659_77638667,77638667_77638659
77638667,No,77638659,No,Yes,,77638667_77638659,77638659_77638667
77638701,Yes,77638702,No,Yes,,77638701_77638702,77638702_77638701
77649668,Yes,77649669,No,Yes,,77649668_77649669,77649669_77649668
77778200,Yes,77778201,No,Yes,,77778200_77778201,77778201_77778200
77786686,Yes,77787099,Yes,Yes,,77786686_77787099,77787099_77786686
77787099,Yes,77786686,Yes,Yes,,77787099_77786686,77786686_77787099
78035823,Yes,78322290,Yes,Yes,,78035823_78322290,78322290_78035823
78197688,Yes,78197746,Yes,Yes,,78197688_78197746,78197746_78197688
78197746,Yes,78197688,Yes,Yes,,78197746_78197688,78197688_78197746
78322290,Yes,78035823,Yes,Yes,,78322290_78035823,78035823_78322290
78381816,Yes,78381830,Yes,Yes,,78381816_78381830,78381830_78381816
78381816,Yes,78381827,Yes,Yes,,78381816_78381827,78381827_78381816
78381816,Yes,78381822,No,Yes,,78381816_78381822,78381822_78381816
78381816,Yes,78381819,Yes,Yes,,78381816_78381819,78381819_78381816
78381816,Yes,78381817,No,Yes,,78381816_78381817,78381817_78381816
78381817,No,78381816,Yes,Yes,,78381817_78381816,78381816_78381817
78381819,Yes,78381816,Yes,Yes,,78381819_78381816,78381816_78381819
78381822,No,78381816,Yes,Yes,,78381822_78381816,78381816_78381822
78381823,Yes,78381825,No,Yes,,78381823_78381825,78381825_78381823
78381825,No,78381823,Yes,Yes,,78381825_78381823,78381823_78381825
78381827,Yes,78381816,Yes,Yes,,78381827_78381816,78381816_78381827
78381830,Yes,78381816,Yes,Yes,,78381830_78381816,78381816_78381830
78447699,Yes,78447700,No,Yes,,78447699_78447700,78447700_78447699
78447700,No,78447699,Yes,Yes,,78447700_78447699,78447699_78447700
78820594,No,66368233,No,Yes,,78820594_66368233,66368233_78820594
78857233,Yes,78857236,No,Yes,,78857233_78857236,78857236_78857233
78857253,Yes,78857254,Yes,Yes,,78857253_78857254,78857254_78857253
78857254,Yes,78857253,Yes,Yes,,78857254_78857253,78857253_78857254
78857275,Yes,78857278,Yes,Yes,,78857275_78857278,78857278_78857275
78857275,Yes,78857279,No,Yes,,78857275_78857279,78857279_78857275
78857275,Yes,78857281,Yes,Yes,,78857275_78857281,78857281_78857275
78857275,Yes,78857282,Yes,Yes,,78857275_78857282,78857282_78857275
78857275,Yes,78857297,Yes,Yes,,78857275_78857297,78857297_78857275
78857275,Yes,78857304,No,Yes,,78857275_78857304,78857304_78857275
78857275,Yes,78857306,No,Yes,,78857275_78857306,78857306_78857275
78857278,Yes,78857275,Yes,Yes,,78857278_78857275,78857275_78857278
78857279,No,78857275,Yes,Yes,,78857279_78857275,78857275_78857279
78857281,Yes,78857275,Yes,Yes,,78857281_78857275,78857275_78857281
78857282,Yes,78857275,Yes,Yes,,78857282_78857275,78857275_78857282
78857285,Yes,78857289,Yes,Yes,,78857285_78857289,78857289_78857285
78857285,Yes,78857288,Yes,Yes,,78857285_78857288,78857288_78857285
78857288,Yes,78857285,Yes,Yes,,78857288_78857285,78857285_78857288
78857289,Yes,78857285,Yes,Yes,,78857289_78857285,78857285_78857289
78857295,No,78857296,No,Yes,,78857295_78857296,78857296_78857295
78857297,Yes,78857275,Yes,Yes,,78857297_78857275,78857275_78857297
78857306,No,78857275,Yes,Yes,,78857306_78857275,78857275_78857306
78857336,Yes,78857347,No,Yes,,78857336_78857347,78857347_78857336
78857350,Yes,78857353,Yes,Yes,,78857350_78857353,78857353_78857350
78857353,Yes,78857355,No,Yes,,78857353_78857355,78857355_78857353
78857353,Yes,78857350,Yes,Yes,,78857353_78857350,78857350_78857353
78857355,No,78857353,Yes,Yes,,78857355_78857353,78857353_78857355
78878698,Yes,78878699,No,Yes,,78878698_78878699,78878699_78878698
79275256,Yes,79275254,No,Yes,,79275256_79275254,79275254_79275256
79275277,Yes,79275274,No,Yes,,79275277_79275274,79275274_79275277
79275278,Yes,79275274,No,Yes,,79275278_79275274,79275274_79275278
79275280,Yes,79275274,No,Yes,,79275280_79275274,79275274_79275280
79317276,Yes,79317277,Yes,Yes,,79317276_79317277,79317277_79317276
79317277,Yes,79317276,Yes,Yes,,79317277_79317276,79317276_79317277
79317318,Yes,79317311,No,Yes,,79317318_79317311,79317311_79317318
79430986,Yes,79430985,No,Yes,,79430986_79430985,79430985_79430986
79517024,Yes,66368233,No,Yes,,79517024_66368233,66368233_79517024
79527725,No,12192407,Yes,Yes,,79527725_12192407,12192407_79527725
79554435,Yes,79554438,No,Yes,,79554435_79554438,79554438_79554435
79677780,Yes,79677789,No,Yes,,79677780_79677789,79677789_79677780
79680524,Yes,79680521,No,Yes,,79680524_79680521,79680521_79680524
79680526,Yes,79680527,Yes,Yes,,79680526_79680527,79680527_79680526
79680527,Yes,79680526,Yes,Yes,,79680527_79680526,79680526_79680527
80274513,Yes,80274514,No,Yes,,80274513_80274514,80274514_80274513
80274525,Yes,80274529,Yes,Yes,,80274525_80274529,80274529_80274525
80274525,Yes,80274526,No,Yes,,80274525_80274526,80274526_80274525
80274525,Yes,80274528,Yes,Yes,,80274525_80274528,80274528_80274525
80274526,No,80274525,Yes,Yes,,80274526_80274525,80274525_80274526
80274528,Yes,80274525,Yes,Yes,,80274528_80274525,80274525_80274528
80274529,Yes,80274525,Yes,Yes,,80274529_80274525,80274525_80274529
80274547,Yes,80274551,No,Yes,,80274547_80274551,80274551_80274547
80538000,Yes,80644999,No,Yes,,80538000_80644999,80644999_80538000
80635381,Yes,80636233,No,Yes,,80635381_80636233,80636233_80635381
80644999,No,80538000,Yes,Yes,,80644999_80538000,80538000_80644999
80744263,Yes,80744592,No,Yes,,80744263_80744592,80744592_80744263
80751923,Yes,80751926,No,Yes,,80751923_80751926,80751926_80751923
80906141,Yes,80906142,Yes,Yes,,80906141_80906142,80906142_80906141
80906142,Yes,80906141,Yes,Yes,,80906142_80906141,80906141_80906142
80991032,Yes,80997814,No,Yes,,80991032_80997814,80997814_80991032
81218712,Yes,81218716,No,Yes,,81218712_81218716,81218716_81218712
81218721,Yes,81218722,Yes,Yes,,81218721_81218722,81218722_81218721
81218722,Yes,81218721,Yes,Yes,,81218722_81218721,81218721_81218722
81324316,Yes,81324319,No,Yes,,81324316_81324319,81324319_81324316
81726798,Yes,83307558,No,Yes,,81726798_83307558,83307558_81726798
81901701,No,81901702,No,Yes,,81901701_81901702,81901702_81901701
81901702,No,81901701,No,Yes,,81901702_81901701,81901701_81901702
81906305,Yes,81906307,No,Yes,,81906305_81906307,81906307_81906305
82037516,No,82037519,No,Yes,,82037516_82037519,82037519_82037516
82066513,Yes,82066527,No,Yes,,82066513_82066527,82066527_82066513
82178867,Yes,82178878,No,Yes,,82178867_82178878,82178878_82178867
82325221,Yes,82325223,Yes,Yes,,82325221_82325223,82325223_82325221
82325222,No,82325223,Yes,Yes,,82325222_82325223,82325223_82325222
82325223,Yes,82325221,Yes,Yes,,82325223_82325221,82325221_82325223
82325223,Yes,82325222,No,Yes,,82325223_82325222,82325222_82325223
82325236,Yes,82325237,No,Yes,,82325236_82325237,82325237_82325236
82325247,Yes,82325248,Yes,Yes,,82325247_82325248,82325248_82325247
82325248,Yes,82325247,Yes,Yes,,82325248_82325247,82325247_82325248
82460727,No,82460728,Yes,Yes,,82460727_82460728,82460728_82460727
82460727,No,82460729,Yes,Yes,,82460727_82460729,82460729_82460727
82460727,No,82460753,No,Yes,,82460727_82460753,82460753_82460727
82460727,No,82460734,No,Yes,,82460727_82460734,82460734_82460727
82460727,No,82460736,Yes,Yes,,82460727_82460736,82460736_82460727
82460727,No,82460751,Yes,Yes,,82460727_82460751,82460751_82460727
82460727,No,82460754,No,Yes,,82460727_82460754,82460754_82460727
82460727,No,82460763,Yes,Yes,,82460727_82460763,82460763_82460727
82460727,No,82460764,No,Yes,,82460727_82460764,82460764_82460727
82460728,Yes,82460727,No,Yes,,82460728_82460727,82460727_82460728
82460729,Yes,82460727,No,Yes,,82460729_82460727,82460727_82460729
82460736,Yes,82460727,No,Yes,,82460736_82460727,82460727_82460736
82460751,Yes,82460727,No,Yes,,82460751_82460727,82460727_82460751
82460763,Yes,82460727,No,Yes,,82460763_82460727,82460727_82460763
82554204,Yes,82574627,Yes,Yes,,82554204_82574627,82574627_82554204
82574627,Yes,82554204,Yes,Yes,,82574627_82554204,82554204_82574627
82588219,No,82588222,Yes,Yes,,82588219_82588222,82588222_82588219
82588222,Yes,82588219,No,Yes,,82588222_82588219,82588219_82588222
82588231,Yes,82588234,Yes,Yes,,82588231_82588234,82588234_82588231
82588234,Yes,82588231,Yes,Yes,,82588234_82588231,82588231_82588234
82719725,Yes,82719723,No,Yes,,82719725_82719723,82719723_82719725
82719738,No,82719739,Yes,Yes,,82719738_82719739,82719739_82719738
82719739,Yes,82719738,No,Yes,,82719739_82719738,82719738_82719739
82719747,No,82719751,No,Yes,,82719747_82719751,82719751_82719747
82719751,No,82719747,No,Yes,,82719751_82719747,82719747_82719751
82719770,Yes,82719780,No,Yes,,82719770_82719780,82719780_82719770
82719789,No,82719796,Yes,Yes,,82719789_82719796,82719796_82719789
82719796,Yes,82719789,No,Yes,,82719796_82719789,82719789_82719796
82719798,Yes,82719801,Yes,Yes,,82719798_82719801,82719801_82719798
82719801,Yes,82719798,Yes,Yes,,82719801_82719798,82719798_82719801
82978838,Yes,242483291,No,Yes,,82978838_242483291,242483291_82978838
83172922,Yes,83172924,No,Yes,,83172922_83172924,83172924_83172922
83172924,No,83172922,Yes,Yes,,83172924_83172922,83172922_83172924
83529430,Yes,228708586,No,Yes,,83529430_228708586,228708586_83529430
83547039,No,83547044,No,Yes,,83547039_83547044,83547044_83547039
83547044,No,83547039,No,Yes,,83547044_83547039,83547039_83547044
83547108,No,83547109,Yes,Yes,,83547108_83547109,83547109_83547108
83547109,Yes,83547108,No,Yes,,83547109_83547108,83547108_83547109
84345068,Yes,84346567,No,Yes,,84345068_84346567,84346567_84345068
84348739,Yes,84348741,No,Yes,,84348739_84348741,84348741_84348739
84355137,Yes,84355139,No,Yes,,84355137_84355139,84355139_84355137
84358234,Yes,84358235,No,Yes,,84358234_84358235,84358235_84358234
84358235,No,84358234,Yes,Yes,,84358235_84358234,84358234_84358235
84740843,Yes,84740841,No,Yes,,84740843_84740841,84740841_84740843
84804118,Yes,84804335,No,Yes,,84804118_84804335,84804335_84804118
84804335,No,84804118,Yes,Yes,,84804335_84804118,84804118_84804335
84867836,Yes,84867837,No,Yes,,84867836_84867837,84867837_84867836
84903294,Yes,299112414,No,Yes,,84903294_299112414,299112414_84903294
85066853,Yes,85070983,Yes,Yes,,85066853_85070983,85070983_85066853
85066853,Yes,85071419,Yes,Yes,,85066853_85071419,85071419_85066853
85066853,Yes,85071783,Yes,Yes,,85066853_85071783,85071783_85066853
85070983,Yes,85066853,Yes,Yes,,85070983_85066853,85066853_85070983
85071419,Yes,85066853,Yes,Yes,,85071419_85066853,85066853_85071419
85071783,Yes,85066853,Yes,Yes,,85071783_85066853,85066853_85071783
85118772,Yes,85118774,No,Yes,,85118772_85118774,85118774_85118772
85812064,Yes,85812063,No,Yes,,85812064_85812063,85812063_85812064
86062717,Yes,86062718,Yes,Yes,,86062717_86062718,86062718_86062717
86062717,Yes,86062721,No,Yes,,86062717_86062721,86062721_86062717
86062717,Yes,86062722,Yes,Yes,,86062717_86062722,86062722_86062717
86062717,Yes,86062723,No,Yes,,86062717_86062723,86062723_86062717
86062717,Yes,86062724,Yes,Yes,,86062717_86062724,86062724_86062717
86062718,Yes,86062717,Yes,Yes,,86062718_86062717,86062717_86062718
86062722,Yes,86062717,Yes,Yes,,86062722_86062717,86062717_86062722
86062723,No,86062717,Yes,Yes,,86062723_86062717,86062717_86062723
86062724,Yes,86062717,Yes,Yes,,86062724_86062717,86062717_86062724
86062744,Yes,86062747,Yes,Yes,,86062744_86062747,86062747_86062744
86062747,Yes,86062744,Yes,Yes,,86062747_86062744,86062744_86062747
86062747,Yes,86062750,No,Yes,,86062747_86062750,86062750_86062747
86062770,Yes,86062776,No,Yes,,86062770_86062776,86062776_86062770
86062776,No,86062770,Yes,Yes,,86062776_86062770,86062770_86062776
86062776,No,86062771,No,Yes,,86062776_86062771,86062771_86062776
86169670,Yes,86169673,No,Yes,,86169670_86169673,86169673_86169670
86169673,No,86169670,Yes,Yes,,86169673_86169670,86169670_86169673
86318339,Yes,323255070,Yes,Yes,,86318339_323255070,323255070_86318339
86345495,Yes,86345499,Yes,Yes,,86345495_86345499,86345499_86345495
86345499,Yes,86345495,Yes,Yes,,86345499_86345495,86345495_86345499
86345500,Yes,86345495,Yes,Yes,,86345500_86345495,86345495_86345500
86379203,Yes,86379205,No,Yes,,86379203_86379205,86379205_86379203
86379213,Yes,86379215,Yes,Yes,,86379213_86379215,86379215_86379213
86379215,Yes,86379213,Yes,Yes,,86379215_86379213,86379213_86379215
86523930,Yes,86523939,Yes,Yes,,86523930_86523939,86523939_86523930
86523939,Yes,86523930,Yes,Yes,,86523939_86523930,86523930_86523939
86523950,Yes,86523951,No,Yes,,86523950_86523951,86523951_86523950
86523950,Yes,86523952,No,Yes,,86523950_86523952,86523952_86523950
86523950,Yes,86523955,No,Yes,,86523950_86523955,86523955_86523950
86523950,Yes,86523956,No,Yes,,86523950_86523956,86523956_86523950
86523951,No,86523950,Yes,Yes,,86523951_86523950,86523950_86523951
86523955,No,86523950,Yes,Yes,,86523955_86523950,86523950_86523955
86523958,Yes,86523959,No,Yes,,86523958_86523959,86523959_86523958
86523958,Yes,86523960,No,Yes,,86523958_86523960,86523960_86523958
86523959,No,86523958,Yes,Yes,,86523959_86523958,86523958_86523959
86523965,Yes,86523963,No,Yes,,86523965_86523963,86523963_86523965
86747211,Yes,86747854,No,Yes,,86747211_86747854,86747854_86747211
87154034,Yes,87154035,Yes,Yes,,87154034_87154035,87154035_87154034
87154035,Yes,87154034,Yes,Yes,,87154035_87154034,87154034_87154035
87313083,Yes,87313084,Yes,Yes,,87313083_87313084,87313084_87313083
87313084,Yes,87313083,Yes,Yes,,87313084_87313083,87313083_87313084
87313084,Yes,87313088,No,Yes,,87313084_87313088,87313088_87313084
87313084,Yes,87313085,No,Yes,,87313084_87313085,87313085_87313084
87313084,Yes,87313090,No,Yes,,87313084_87313090,87313090_87313084
87313084,Yes,87313093,No,Yes,,87313084_87313093,87313093_87313084
87313117,Yes,87313121,No,Yes,,87313117_87313121,87313121_87313117
87313117,Yes,87313128,No,Yes,,87313117_87313128,87313128_87313117
87313117,Yes,87313129,No,Yes,,87313117_87313129,87313129_87313117
87313117,Yes,87313131,No,Yes,,87313117_87313131,87313131_87313117
87313122,Yes,87313123,No,Yes,,87313122_87313123,87313123_87313122
87313134,Yes,87313139,No,Yes,,87313134_87313139,87313139_87313134
87430214,Yes,87430215,No,Yes,,87430214_87430215,87430215_87430214
87430238,Yes,87430245,No,Yes,,87430238_87430245,87430245_87430238
87430247,Yes,87430250,No,Yes,,87430247_87430250,87430250_87430247
87500238,No,87500239,No,Yes,,87500238_87500239,87500239_87500238
87500239,No,87500238,No,Yes,,87500239_87500238,87500238_87500239
87523977,Yes,87523978,Yes,Yes,,87523977_87523978,87523978_87523977
87523978,Yes,87523977,Yes,Yes,,87523978_87523977,87523977_87523978
87524014,Yes,87524015,No,Yes,,87524014_87524015,87524015_87524014
87534459,Yes,87534460,Yes,Yes,,87534459_87534460,87534460_87534459
87534460,Yes,87534459,Yes,Yes,,87534460_87534459,87534459_87534460
87697058,Yes,87697059,No,Yes,,87697058_87697059,87697059_87697058
87704686,Yes,87704801,Yes,Yes,,87704686_87704801,87704801_87704686
87704801,Yes,87704686,Yes,Yes,,87704801_87704686,87704686_87704801
87730539,Yes,87730545,No,Yes,,87730539_87730545,87730545_87730539
87730545,No,87730539,Yes,Yes,,87730545_87730539,87730539_87730545
87941249,Yes,87941993,No,Yes,,87941249_87941993,87941993_87941249
88027599,Yes,88027601,Yes,Yes,,88027599_88027601,88027601_88027599
88027601,Yes,88027599,Yes,Yes,,88027601_88027599,88027599_88027601
88027623,Yes,88027624,No,Yes,,88027623_88027624,88027624_88027623
88027634,Yes,88027638,No,Yes,,88027634_88027638,88027638_88027634
88208630,Yes,88208634,No,Yes,,88208630_88208634,88208634_88208630
88316892,Yes,88316897,No,Yes,,88316892_88316897,88316897_88316892
88420263,No,75286194,No,Yes,,88420263_75286194,75286194_88420263
88422072,Yes,88799916,No,Yes,,88422072_88799916,88799916_88422072
88504964,Yes,88504966,No,Yes,,88504964_88504966,88504966_88504964
88568447,Yes,88568683,No,Yes,,88568447_88568683,88568683_88568447
88568683,No,88568447,Yes,Yes,,88568683_88568447,88568447_88568683
88729425,Yes,88729424,No,Yes,,88729425_88729424,88729424_88729425
88799916,No,88422072,Yes,Yes,,88799916_88422072,88422072_88799916
88799916,No,89895116,Yes,Yes,,88799916_89895116,89895116_88799916
88799916,No,89895376,Yes,Yes,,88799916_89895376,89895376_88799916
88799916,No,89895711,Yes,Yes,,88799916_89895711,89895711_88799916
88799916,No,90029685,No,Yes,,88799916_90029685,90029685_88799916
89098874,Yes,89098903,Yes,Yes,,89098874_89098903,89098903_89098874
89098903,Yes,89098874,Yes,Yes,,89098903_89098874,89098874_89098903
89109493,Yes,89110001,Yes,Yes,,89109493_89110001,89110001_89109493
89110001,Yes,89109493,Yes,Yes,,89110001_89109493,89109493_89110001
89771030,Yes,89771206,No,Yes,,89771030_89771206,89771206_89771030
89895116,Yes,88799916,No,Yes,,89895116_88799916,88799916_89895116
89895376,Yes,88799916,No,Yes,,89895376_88799916,88799916_89895376
89895711,Yes,88799916,No,Yes,,89895711_88799916,88799916_89895711
90029685,No,88799916,No,Yes,,90029685_88799916,88799916_90029685
90043644,Yes,90043642,No,Yes,,90043644_90043642,90043642_90043644
90178562,Yes,59984409,No,Yes,,90178562_59984409,59984409_90178562
90372897,Yes,73471015,No,Yes,,90372897_73471015,73471015_90372897
90904110,Yes,90905692,No,Yes,,90904110_90905692,90905692_90904110
90924766,Yes,90924767,Yes,Yes,,90924766_90924767,90924767_90924766
90924767,Yes,90924766,Yes,Yes,,90924767_90924766,90924766_90924767
90924790,Yes,90924791,No,Yes,,90924790_90924791,90924791_90924790
90924829,Yes,90924830,No,Yes,,90924829_90924830,90924830_90924829
90924834,Yes,90924835,No,Yes,,90924834_90924835,90924835_90924834
90924841,Yes,90924843,No,Yes,,90924841_90924843,90924843_90924841
91055924,Yes,91061718,No,Yes,,91055924_91061718,91061718_91055924
91084384,Yes,91084387,No,Yes,,91084384_91084387,91084387_91084384
91125304,Yes,91125524,Yes,Yes,,91125304_91125524,91125524_91125304
91125524,Yes,91125304,Yes,Yes,,91125524_91125304,91125304_91125524
91378776,Yes,91378779,Yes,Yes,,91378776_91378779,91378779_91378776
91378779,Yes,91378776,Yes,Yes,,91378779_91378776,91378776_91378779
91588552,Yes,91588952,Yes,Yes,,91588552_91588952,91588952_91588552
91588952,Yes,91588552,Yes,Yes,,91588952_91588552,91588552_91588952
91596288,Yes,91596559,No,Yes,,91596288_91596559,91596559_91596288
91782663,Yes,91782664,No,Yes,,91782663_91782664,91782664_91782663
91782680,Yes,91782681,No,Yes,,91782680_91782681,91782681_91782680
91790925,Yes,91791324,Yes,Yes,,91790925_91791324,91791324_91790925
91791324,Yes,91790925,Yes,Yes,,91791324_91790925,91790925_91791324
91889319,Yes,91889761,No,Yes,,91889319_91889761,91889761_91889319
91889761,No,91889319,Yes,Yes,,91889761_91889319,91889319_91889761
92135187,Yes,92135967,No,Yes,,92135187_92135967,92135967_92135187
92137210,Yes,92137211,No,Yes,,92137210_92137211,92137211_92137210
92137231,Yes,92137237,No,Yes,,92137231_92137237,92137237_92137231
92137264,Yes,92144531,Yes,Yes,,92137264_92144531,92144531_92137264
92144531,Yes,92137264,Yes,Yes,,92144531_92137264,92137264_92144531
92394534,Yes,92394550,No,Yes,,92394534_92394550,92394550_92394534
92394534,Yes,923945352,No,Yes,,92394534_923945352,923945352_92394534
92394537,Yes,92394555,Yes,Yes,,92394537_92394555,92394555_92394537
92394552,Yes,92394534,Yes,Yes,,92394552_92394534,92394534_92394552
92394555,Yes,92394537,Yes,Yes,,92394555_92394537,92394537_92394555
92817859,Yes,92817860,No,Yes,,92817859_92817860,92817860_92817859
92928170,No,92928169,No,Yes,,92928170_92928169,92928169_92928170
93029126,Yes,93029097,No,Yes,,93029126_93029097,93029097_93029126
93029346,Yes,93029334,No,Yes,,93029346_93029334,93029334_93029346
93072412,No,93072413,No,Yes,,93072412_93072413,93072413_93072412
93072421,Yes,93072425,No,Yes,,93072421_93072425,93072425_93072421
93072422,Yes,93072425,No,Yes,,93072422_93072425,93072425_93072422
93096614,Yes,189522373,Yes,Yes,,93096614_189522373,189522373_93096614
93096624,Yes,262145496,No,Yes,,93096624_262145496,262145496_93096624
93253933,Yes,93253934,No,Yes,,93253933_93253934,93253934_93253933
93253934,No,93253933,Yes,Yes,,93253934_93253933,93253933_93253934
93272373,Yes,106132007,No,Yes,,93272373_106132007,106132007_93272373
93550821,No,93550813,No,Yes,,93550821_93550813,93550813_93550821
94545153,Yes,94545832,Yes,Yes,,94545153_94545832,94545832_94545153
94545832,Yes,94545153,Yes,Yes,,94545832_94545153,94545153_94545832
94671271,Yes,94671272,No,Yes,,94671271_94671272,94671272_94671271
94775224,Yes,94777185,No,Yes,,94775224_94777185,94777185_94775224
94777185,No,94775224,Yes,Yes,,94777185_94775224,94775224_94777185
94778694,Yes,94778638,No,Yes,,94778694_94778638,94778638_94778694
94949194,Yes,94978892,Yes,Yes,,94949194_94978892,94978892_94949194
94978892,Yes,94949194,Yes,Yes,,94978892_94949194,94949194_94978892
95660945,Yes,95668419,No,Yes,,95660945_95668419,95668419_95660945
95661349,No,95660547,No,Yes,,95661349_95660547,95660547_95661349
95861267,Yes,95862887,No,Yes,,95861267_95862887,95862887_95861267
96395763,Yes,96395766,No,Yes,,96395763_96395766,96395766_96395763
96714360,Yes,96714361,No,Yes,,96714360_96714361,96714361_96714360
96732137,Yes,96732138,No,Yes,,96732137_96732138,96732138_96732137
96841067,Yes,96841068,No,Yes,,96841067_96841068,96841068_96841067
96882979,Yes,96882980,Yes,Yes,,96882979_96882980,96882980_96882979
96882980,Yes,96882979,Yes,Yes,,96882980_96882979,96882979_96882980
97126008,Yes,97125630,No,Yes,,97126008_97125630,97125630_97126008
97254274,Yes,97254276,Yes,Yes,,97254274_97254276,97254276_97254274
97254276,Yes,97254274,Yes,Yes,,97254276_97254274,97254274_97254276
97314562,Yes,97314563,No,Yes,,97314562_97314563,97314563_97314562
97324733,Yes,97324555,No,Yes,,97324733_97324555,97324555_97324733
97326888,No,96099633,No,Yes,,97326888_96099633,96099633_97326888
97610244,No,97610245,Yes,Yes,,97610244_97610245,97610245_97610244
97610245,Yes,97610244,No,Yes,,97610245_97610244,97610244_97610245
97870496,Yes,97871288,No,Yes,,97870496_97871288,97871288_97870496
97880138,Yes,28545358,Yes,Yes,,97880138_28545358,28545358_97880138
98131722,Yes,98131717,No,Yes,,98131722_98131717,98131717_98131722
98368575,Yes,98368576,Yes,Yes,,98368575_98368576,98368576_98368575
98368576,Yes,98368575,Yes,Yes,,98368576_98368575,98368575_98368576
98518083,Yes,98518084,No,Yes,,98518083_98518084,98518084_98518083
98518084,No,98518083,Yes,Yes,,98518084_98518083,98518083_98518084
98518142,Yes,98518139,No,Yes,,98518142_98518139,98518139_98518142
98518142,Yes,98801644,No,Yes,,98518142_98801644,98801644_98518142
98529493,Yes,96882982,No,Yes,,98529493_96882982,96882982_98529493
98596694,No,98596826,No,Yes,,98596694_98596826,98596826_98596694
98604424,Yes,31535775,No,Yes,,98604424_31535775,31535775_98604424
98782881,Yes,98783065,Yes,Yes,,98782881_98783065,98783065_98782881
98783065,Yes,98782881,Yes,Yes,,98783065_98782881,98782881_98783065
98812635,Yes,98812636,Yes,Yes,,98812635_98812636,98812636_98812635
98812636,Yes,98812635,Yes,Yes,,98812636_98812635,98812635_98812636
98812640,No,98812642,No,Yes,,98812640_98812642,98812642_98812640
99108894,Yes,99108893,No,Yes,,99108894_99108893,99108893_99108894
99252816,Yes,99252817,No,Yes,,99252816_99252817,99252817_99252816
99316187,Yes,99315342,No,Yes,,99316187_99315342,99315342_99316187
99333107,No,99333288,No,Yes,,99333107_99333288,99333288_99333107
99333288,No,99333107,No,Yes,,99333288_99333107,99333107_99333288
99381422,Yes,99381427,No,Yes,,99381422_99381427,99381427_99381422
99404064,No,99404065,No,Yes,,99404064_99404065,99404065_99404064
99404065,No,99404064,No,Yes,,99404065_99404064,99404064_99404065
99429982,Yes,99432554,No,Yes,,99429982_99432554,99432554_99429982
99650269,No,99650271,Yes,Yes,,99650269_99650271,99650271_99650269
99650271,Yes,99650269,No,Yes,,99650271_99650269,99650269_99650271
99990955,No,99990956,No,Yes,,99990955_99990956,99990956_99990955
99990956,No,99990955,No,Yes,,99990956_99990955,99990955_99990956
100052837,No,100126056,Yes,Yes,,100052837_100126056,100126056_100052837
100053359,No,100053594,No,Yes,,100053359_100053594,100053594_100053359
100053594,No,100053359,No,Yes,,100053594_100053359,100053359_100053594
100060648,No,100060741,No,Yes,,100060648_100060741,100060741_100060648
100125424,Yes,100126056,Yes,Yes,,100125424_100126056,100126056_100125424
100125750,No,100126056,Yes,Yes,,100125750_100126056,100126056_100125750
100126056,Yes,100125750,No,Yes,,100126056_100125750,100125750_100126056
100126056,Yes,100125424,Yes,Yes,,100126056_100125424,100125424_100126056
100126056,Yes,100126348,Yes,Yes,,100126056_100126348,100126348_100126056
100126056,Yes,100052837,No,Yes,,100126056_100052837,100052837_100126056
100126056,Yes,100218796,Yes,Yes,,100126056_100218796,100218796_100126056
100126348,Yes,100126056,Yes,Yes,,100126348_100126056,100126056_100126348
100157926,Yes,100158013,No,Yes,,100157926_100158013,100158013_100157926
100191270,Yes,100191271,No,Yes,,100191270_100191271,100191271_100191270
100191271,No,100191270,Yes,Yes,,100191271_100191270,100191270_100191271
100213596,Yes,100213691,No,Yes,,100213596_100213691,100213691_100213596
100213691,No,100213596,Yes,Yes,,100213691_100213596,100213596_100213691
100218796,Yes,100126056,Yes,Yes,,100218796_100126056,100126056_100218796
100314445,Yes,100314533,No,Yes,,100314445_100314533,100314533_100314445
100414094,Yes,100414097,No,Yes,,100414094_100414097,100414097_100414094
100598485,Yes,100600106,Yes,Yes,,100598485_100600106,100600106_100598485
100598802,Yes,100598803,Yes,Yes,,100598802_100598803,100598803_100598802
100598803,Yes,100598802,Yes,Yes,,100598803_100598802,100598802_100598803
100600106,Yes,100598485,Yes,Yes,,100600106_100598485,100598485_100600106
100627129,Yes,100627169,Yes,Yes,,100627129_100627169,100627169_100627129
100627169,Yes,100627129,Yes,Yes,,100627169_100627129,100627129_100627169
100682402,No,100682403,No,Yes,,100682402_100682403,100682403_100682402
100682403,No,100682402,No,Yes,,100682403_100682402,100682402_100682403
100708606,Yes,100708607,Yes,Yes,,100708606_100708607,100708607_100708606
100708607,Yes,100708606,Yes,Yes,,100708607_100708606,100708606_100708607
100708626,Yes,100708622,No,Yes,,100708626_100708622,100708622_100708626
100708632,Yes,100708634,Yes,Yes,,100708632_100708634,100708634_100708632
100708632,Yes,100708633,No,Yes,,100708632_100708633,100708633_100708632
100708632,Yes,100708642,No,Yes,,100708632_100708642,100708642_100708632
100708634,Yes,100708632,Yes,Yes,,100708634_100708632,100708632_100708634
100786782,Yes,100786786,Yes,Yes,,100786782_100786786,100786786_100786782
100786786,Yes,100786782,Yes,Yes,,100786786_100786782,100786782_100786786
100876503,Yes,100876506,Yes,Yes,,100876503_100876506,100876506_100876503
100876506,Yes,100876503,Yes,Yes,,100876506_100876503,100876503_100876506
100952210,Yes,100952316,Yes,Yes,,100952210_100952316,100952316_100952210
100952316,Yes,100952210,Yes,Yes,,100952316_100952210,100952210_100952316
101073652,Yes,101073818,No,Yes,,101073652_101073818,101073818_101073652
101074371,Yes,101074747,Yes,Yes,,101074371_101074747,101074747_101074371
101074747,Yes,101074371,Yes,Yes,,101074747_101074371,101074371_101074747
101078740,Yes,101078794,No,Yes,,101078740_101078794,101078794_101078740
101261887,Yes,101262084,No,Yes,,101261887_101262084,101262084_101261887
101412590,Yes,101412591,Yes,Yes,,101412590_101412591,101412591_101412590
101412591,Yes,101412590,Yes,Yes,,101412591_101412590,101412590_101412591
101430193,Yes,101430198,No,Yes,,101430193_101430198,101430198_101430193
101447157,No,101447099,No,Yes,,101447157_101447099,101447099_101447157
101526283,Yes,101526322,No,Yes,,101526283_101526322,101526322_101526283
101530597,Yes,101530598,No,Yes,,101530597_101530598,101530598_101530597
101592881,Yes,17586182,No,Yes,,101592881_17586182,17586182_101592881
101996533,Yes,101996532,No,Yes,,101996533_101996532,101996532_101996533
101998671,Yes,101998669,No,Yes,,101998671_101998669,101998669_101998671
102021841,Yes,102021843,No,Yes,,102021841_102021843,102021843_102021841
102021843,No,102021841,Yes,Yes,,102021843_102021841,102021841_102021843
102103780,Yes,102103779,No,Yes,,102103780_102103779,102103779_102103780
102544205,Yes,193829102,No,Yes,,102544205_193829102,193829102_102544205
102691689,No,102691691,Yes,Yes,,102691689_102691691,102691691_102691689
102691691,Yes,102691689,No,Yes,,102691691_102691689,102691689_102691691
102720406,No,102720635,No,Yes,,102720406_102720635,102720635_102720406
102907353,Yes,102907398,No,Yes,,102907353_102907398,102907398_102907353
102907398,No,102907353,Yes,Yes,,102907398_102907353,102907353_102907398
103017971,Yes,103017970,No,Yes,,103017971_103017970,103017970_103017971
103042339,Yes,103042502,No,Yes,,103042339_103042502,103042502_103042339
103092874,No,103092936,No,Yes,,103092874_103092936,103092936_103092874
103092936,No,103092874,No,Yes,,103092936_103092874,103092874_103092936
103096282,Yes,103096628,Yes,Yes,,103096282_103096628,103096628_103096282
103096628,Yes,103096282,Yes,Yes,,103096628_103096282,103096282_103096628
103137514,Yes,673967,Yes,Yes,,103137514_673967,673967_103137514
103168851,Yes,151142411,No,Yes,,103168851_151142411,151142411_103168851
103189582,Yes,103189606,No,Yes,,103189582_103189606,103189606_103189582
103218458,Yes,101993570,No,Yes,,103218458_101993570,101993570_103218458
103281799,Yes,193828394,No,Yes,,103281799_193828394,193828394_103281799
103333626,Yes,103333743,No,Yes,,103333626_103333743,103333743_103333626
103333743,No,103333626,Yes,Yes,,103333743_103333626,103333626_103333743
103333835,No,103333626,Yes,Yes,,103333835_103333626,103333626_103333835
103370496,Yes,103370497,No,Yes,,103370496_103370497,103370497_103370496
103370497,No,103370496,Yes,Yes,,103370497_103370496,103370496_103370497
103395903,Yes,103395905,No,Yes,,103395903_103395905,103395905_103395903
103418665,No,103418665,No,Yes,,103418665_103418665,103418665_103418665
103443657,Yes,103444146,No,Yes,,103443657_103444146,103444146_103443657
103519418,Yes,103519417,No,Yes,,103519418_103519417,103519417_103519418
103528868,Yes,103528899,Yes,Yes,,103528868_103528899,103528899_103528868
103528899,Yes,103528868,Yes,Yes,,103528899_103528868,103528868_103528899
103598981,Yes,263222178,No,Yes,,103598981_263222178,263222178_103598981
103662869,Yes,103662871,No,Yes,,103662869_103662871,103662871_103662869
103662871,No,103662869,Yes,Yes,,103662871_103662869,103662869_103662871
103688007,Yes,103688009,No,Yes,,103688007_103688009,103688009_103688007
103688009,No,103688007,Yes,Yes,,103688009_103688007,103688007_103688009
103688052,Yes,103688053,No,Yes,,103688052_103688053,103688053_103688052
103688066,Yes,103688063,No,Yes,,103688066_103688063,103688063_103688066
103688115,No,103688116,No,Yes,,103688115_103688116,103688116_103688115
103688120,Yes,103688122,No,Yes,,103688120_103688122,103688122_103688120
103688129,Yes,103688130,No,Yes,,103688129_103688130,103688130_103688129
103821408,Yes,103821410,No,Yes,,103821408_103821410,103821410_103821408
103838721,Yes,103838719,No,Yes,,103838721_103838719,103838719_103838721
103838738,Yes,103954612,No,Yes,,103838738_103954612,103954612_103838738
103887856,Yes,66368233,No,Yes,,103887856_66368233,66368233_103887856
103889648,Yes,103889649,No,Yes,,103889648_103889649,103889649_103889648
103889649,No,103889648,Yes,Yes,,103889649_103889648,103889648_103889649
104057955,No,104057958,Yes,Yes,,104057955_104057958,104057958_104057955
104057958,Yes,104057955,No,Yes,,104057958_104057955,104057955_104057958
104057961,Yes,104057962,No,Yes,,104057961_104057962,104057962_104057961
104057971,Yes,104057972,No,Yes,,104057971_104057972,104057972_104057971
104416194,Yes,104416195,No,Yes,,104416194_104416195,104416195_104416194
104416196,Yes,104416197,No,Yes,,104416196_104416197,104416197_104416196
104446825,Yes,104446822,No,Yes,,104446825_104446822,104446822_104446825
104470091,Yes,104470095,Yes,Yes,,104470091_104470095,104470095_104470091
104470095,Yes,104470091,Yes,Yes,,104470095_104470091,104470091_104470095
104470095,Yes,104470096,No,Yes,,104470095_104470096,104470096_104470095
104496022,Yes,104496023,Yes,Yes,,104496022_104496023,104496023_104496022
104496023,Yes,104496022,Yes,Yes,,104496023_104496022,104496022_104496023
104524357,Yes,104524358,No,Yes,,104524357_104524358,104524358_104524357
104524367,Yes,104524366,No,Yes,,104524367_104524366,104524366_104524367
104524371,Yes,104524372,No,Yes,,104524371_104524372,104524372_104524371
104532181,No,104532183,No,Yes,,104532181_104532183,104532183_104532181
104532188,No,104532189,No,Yes,,104532188_104532189,104532189_104532188
104569394,Yes,104600463,Yes,Yes,,104569394_104600463,104600463_104569394
104581250,Yes,104726684,Yes,Yes,,104581250_104726684,104726684_104581250
104600463,Yes,104569394,Yes,Yes,,104600463_104569394,104569394_104600463
104698372,Yes,231980632,No,Yes,,104698372_231980632,231980632_104698372
104736465,No,104780983,Yes,Yes,,104736465_104780983,104780983_104736465
104780983,Yes,104736465,No,Yes,,104780983_104736465,104736465_104780983
104923206,Yes,104923207,Yes,Yes,,104923206_104923207,104923207_104923206
104923207,Yes,104923206,Yes,Yes,,104923207_104923206,104923206_104923207
104923220,No,104923221,Yes,Yes,,104923220_104923221,104923221_104923220
104923221,Yes,104923220,No,Yes,,104923221_104923220,104923220_104923221
104930165,Yes,104930166,No,Yes,,104930165_104930166,104930166_104930165
104947968,Yes,104948524,Yes,Yes,,104947968_104948524,104948524_104947968
104948524,Yes,104947968,Yes,Yes,,104948524_104947968,104947968_104948524
104987129,No,104987130,No,Yes,,104987129_104987130,104987130_104987129
104987130,No,104987129,No,Yes,,104987130_104987129,104987129_104987130
104987149,Yes,104987152,No,Yes,,104987149_104987152,104987152_104987149
104987157,Yes,104987160,No,Yes,,104987157_104987160,104987160_104987157
105169294,Yes,193827849,No,Yes,,105169294_193827849,193827849_105169294
105251032,Yes,105251040,Yes,Yes,,105251032_105251040,105251040_105251032
105251040,Yes,105251032,Yes,Yes,,105251040_105251032,105251032_105251040
105373534,No,105515506,Yes,Yes,,105373534_105515506,105515506_105373534
105384113,Yes,105384115,No,Yes,,105384113_105384115,105384115_105384113
105384126,Yes,105384129,No,Yes,,105384126_105384129,105384129_105384126
105417298,No,105486552,No,Yes,,105417298_105486552,105486552_105417298
105515506,Yes,105373534,No,Yes,,105515506_105373534,105373534_105515506
105568331,No,105568332,Yes,Yes,,105568331_105568332,105568332_105568331
105568332,Yes,105568331,No,Yes,,105568332_105568331,105568331_105568332
105599462,No,105599463,Yes,Yes,,105599462_105599463,105599463_105599462
105599463,Yes,105599462,No,Yes,,105599463_105599462,105599462_105599463
105605357,Yes,105605356,No,Yes,,105605357_105605356,105605356_105605357
105690986,Yes,105690987,No,Yes,,105690986_105690987,105690987_105690986
105712471,Yes,105712533,No,Yes,,105712471_105712533,105712533_105712471
105728452,Yes,105728451,No,Yes,,105728452_105728451,105728451_105728452
105785145,Yes,105785147,No,Yes,,105785145_105785147,105785147_105785145
105785147,No,105785145,Yes,Yes,,105785147_105785145,105785145_105785147
105785182,No,105785186,No,Yes,,105785182_105785186,105785186_105785182
105839831,Yes,105712533,No,Yes,,105839831_105712533,105712533_105839831
105901413,Yes,105901414,Yes,Yes,,105901413_105901414,105901414_105901413
105901414,Yes,105901413,Yes,Yes,,105901414_105901413,105901413_105901414
105914555,Yes,105914558,No,Yes,,105914555_105914558,105914558_105914555
106003833,Yes,59920174,Yes,Yes,,106003833_59920174,59920174_106003833
106004036,No,56579632,No,Yes,,106004036_56579632,56579632_106004036
106021353,Yes,106021359,No,Yes,,106021353_106021359,106021359_106021353
106055728,Yes,106056236,No,Yes,,106055728_106056236,106056236_106055728
106056644,Yes,106056572,No,Yes,,106056644_106056572,106056572_106056644
106125874,No,106161373,Yes,Yes,,106125874_106161373,106161373_106125874
106126380,No,106161373,Yes,Yes,,106126380_106161373,106161373_106126380
106161373,Yes,106125874,No,Yes,,106161373_106125874,106125874_106161373
106161373,Yes,106126380,No,Yes,,106161373_106126380,106126380_106161373
106173873,Yes,105712533,No,Yes,,106173873_105712533,105712533_106173873
106219205,Yes,106219266,No,Yes,,106219205_106219266,106219266_106219205
106219266,No,106219205,Yes,Yes,,106219266_106219205,106219205_106219266
106244924,Yes,143258272,No,Yes,,106244924_143258272,143258272_106244924
106251745,Yes,106251746,No,Yes,,106251745_106251746,106251746_106251745
106251777,Yes,106251774,No,Yes,,106251777_106251774,106251774_106251777
106251790,No,106251788,No,Yes,,106251790_106251788,106251788_106251790
106320112,Yes,106352778,No,Yes,,106320112_106352778,106352778_106320112
106450543,Yes,106450545,No,Yes,,106450543_106450545,106450545_106450543
106450563,Yes,106450564,No,Yes,,106450563_106450564,106450564_106450563
106450578,Yes,106450580,No,Yes,,106450578_106450580,106450580_106450578
106550271,Yes,106550724,Yes,Yes,,106550271_106550724,106550724_106550271
106550724,Yes,106550271,Yes,Yes,,106550724_106550271,106550271_106550724
106630809,Yes,106630813,Yes,Yes,,106630809_106630813,106630813_106630809
106630813,Yes,106630809,Yes,Yes,,106630813_106630809,106630809_106630813
106657672,Yes,106657673,No,Yes,,106657672_106657673,106657673_106657672
106657673,No,106657672,Yes,Yes,,106657673_106657672,106657672_106657673
106752835,Yes,106752836,No,Yes,,106752835_106752836,106752836_106752835
106752887,Yes,106752889,No,Yes,,106752887_106752889,106752889_106752887
106906483,Yes,106906489,No,Yes,,106906483_106906489,106906489_106906483
107079816,Yes,338009233,Yes,Yes,,107079816_338009233,338009233_107079816
107171888,Yes,107171906,Yes,Yes,,107171888_107171906,107171906_107171888
107171906,Yes,107171888,Yes,Yes,,107171906_107171888,107171888_107171906
107265023,Yes,107265025,No,Yes,,107265023_107265025,107265025_107265023
107265028,No,107265030,No,Yes,,107265028_107265030,107265030_107265028
107429877,Yes,107429878,No,Yes,,107429877_107429878,107429878_107429877
107540786,Yes,107540648,No,Yes,,107540786_107540648,107540648_107540786
107547488,Yes,107547074,No,Yes,,107547488_107547074,107547074_107547488
107633162,No,107632916,No,Yes,,107633162_107632916,107632916_107633162
107672603,Yes,107672613,Yes,Yes,,107672603_107672613,107672613_107672603
107672613,Yes,107672603,Yes,Yes,,107672613_107672603,107672603_107672613
107710947,Yes,107710963,No,Yes,,107710947_107710963,107710963_107710947
107934433,Yes,107935230,No,Yes,,107934433_107935230,107935230_107934433
107935230,No,107934433,Yes,Yes,,107935230_107934433,107934433_107935230
108021398,Yes,112490999,No,Yes,,108021398_112490999,112490999_108021398
108054071,Yes,108173967,Yes,Yes,,108054071_108173967,108173967_108054071
108145344,No,108145345,Yes,Yes,,108145344_108145345,108145345_108145344
108145345,Yes,108145344,No,Yes,,108145345_108145344,108145344_108145345
108173967,Yes,108054071,Yes,Yes,,108173967_108054071,108054071_108173967
108292445,No,108292903,No,Yes,,108292445_108292903,108292903_108292445
108405704,Yes,108406065,No,Yes,,108405704_108406065,108406065_108405704
108406065,No,108405704,Yes,Yes,,108406065_108405704,108405704_108406065
108518030,Yes,108518035,No,Yes,,108518030_108518035,108518035_108518030
108589548,No,108589553,No,Yes,,108589548_108589553,108589553_108589548
108589678,Yes,108589683,No,Yes,,108589678_108589683,108589683_108589678
108671615,No,108671611,No,Yes,,108671615_108671611,108671611_108671615
108694734,Yes,108694701,No,Yes,,108694734_108694701,108694701_108694734
108694738,Yes,108694748,Yes,Yes,,108694738_108694748,108694748_108694738
108694743,Yes,108694744,Yes,Yes,,108694743_108694744,108694744_108694743
108694744,Yes,108694743,Yes,Yes,,108694744_108694743,108694743_108694744
108694748,Yes,108694738,Yes,Yes,,108694748_108694738,108694738_108694748
108730841,Yes,108730842,No,Yes,,108730841_108730842,108730842_108730841
108730842,No,108730841,Yes,Yes,,108730842_108730841,108730841_108730842
108791040,Yes,108856878,Yes,Yes,,108791040_108856878,108856878_108791040
108860079,Yes,108860132,Yes,Yes,,108860079_108860132,108860132_108860079
108860132,Yes,108860079,Yes,Yes,,108860132_108860079,108860079_108860132
109162518,Yes,109162520,Yes,Yes,,109162518_109162520,109162520_109162518
109162520,Yes,109162518,Yes,Yes,,109162520_109162518,109162518_109162520
109173676,No,109174758,Yes,Yes,,109173676_109174758,109174758_109173676
109174758,Yes,109173676,No,Yes,,109174758_109173676,109173676_109174758
109287680,Yes,109287807,No,Yes,,109287680_109287807,109287807_109287680
109373625,Yes,49370219,Yes,Yes,,109373625_49370219,49370219_109373625
109393659,Yes,109393661,Yes,Yes,,109393659_109393661,109393661_109393659
109393659,Yes,109393667,No,Yes,,109393659_109393667,109393667_109393659
109393661,Yes,109393659,Yes,Yes,,109393661_109393659,109393659_109393661
109439612,Yes,109439613,No,Yes,,109439612_109439613,109439613_109439612
109529518,Yes,109529519,Yes,Yes,,109529518_109529519,109529519_109529518
109529519,Yes,109529518,Yes,Yes,,109529519_109529518,109529518_109529519
109868064,Yes,109931801,Yes,Yes,,109868064_109931801,109931801_109868064
109931801,Yes,109868064,Yes,Yes,,109931801_109868064,109868064_109931801
109942332,Yes,109943331,No,Yes,,109942332_109943331,109943331_109942332
110011908,Yes,110011909,Yes,Yes,,110011908_110011909,110011909_110011908
110011909,Yes,110011908,Yes,Yes,,110011909_110011908,110011908_110011909
110019898,Yes,110019900,No,Yes,,110019898_110019900,110019900_110019898
110019900,No,110019898,Yes,Yes,,110019900_110019898,110019898_110019900
110022128,Yes,110022127,No,Yes,,110022128_110022127,110022127_110022128
110022141,Yes,110022140,No,Yes,,110022141_110022140,110022140_110022141
110022179,Yes,110022188,Yes,Yes,,110022179_110022188,110022188_110022179
110022181,Yes,110022188,Yes,Yes,,110022181_110022188,110022188_110022181
110022182,Yes,110022188,Yes,Yes,,110022182_110022188,110022188_110022182
110022185,Yes,110022188,Yes,Yes,,110022185_110022188,110022188_110022185
110022187,Yes,110022188,Yes,Yes,,110022187_110022188,110022188_110022187
110022188,Yes,110022179,Yes,Yes,,110022188_110022179,110022179_110022188
110022188,Yes,110022183,No,Yes,,110022188_110022183,110022183_110022188
110022188,Yes,110022181,Yes,Yes,,110022188_110022181,110022181_110022188
110022188,Yes,110022182,Yes,Yes,,110022188_110022182,110022182_110022188
110022188,Yes,110022185,Yes,Yes,,110022188_110022185,110022185_110022188
110022188,Yes,110022187,Yes,Yes,,110022188_110022187,110022187_110022188
110022194,No,110022197,No,Yes,,110022194_110022197,110022197_110022194
110022194,No,110022198,Yes,Yes,,110022194_110022198,110022198_110022194
110022197,No,110022194,No,Yes,,110022197_110022194,110022194_110022197
110022198,Yes,110022194,No,Yes,,110022198_110022194,110022194_110022198
110060807,Yes,110060809,No,Yes,,110060807_110060809,110060809_110060807
110197137,Yes,110197138,No,Yes,,110197137_110197138,110197138_110197137
110197138,No,110197137,Yes,Yes,,110197138_110197137,110197137_110197138
110224679,Yes,110224752,No,Yes,,110224679_110224752,110224752_110224679
110414948,Yes,110414950,No,Yes,,110414948_110414950,110414950_110414948
110417717,Yes,110418395,No,Yes,,110417717_110418395,110418395_110417717
110543690,Yes,110543692,Yes,Yes,,110543690_110543692,110543692_110543690
110543692,Yes,110543690,Yes,Yes,,110543692_110543690,110543690_110543692
110569111,Yes,110570246,No,Yes,,110569111_110570246,110570246_110569111
110570774,Yes,110570775,Yes,Yes,,110570774_110570775,110570775_110570774
110570775,Yes,110570774,Yes,Yes,,110570775_110570774,110570774_110570775
110573505,Yes,110573506,No,Yes,,110573505_110573506,110573506_110573505
110644349,Yes,110644350,No,Yes,,110644349_110644350,110644350_110644349
110734323,Yes,111324833,Yes,Yes,,110734323_111324833,111324833_110734323
111324833,Yes,110734323,Yes,Yes,,111324833_110734323,110734323_111324833
111551705,Yes,111551706,No,Yes,,111551705_111551706,111551706_111551705
111551705,Yes,111551702,No,Yes,,111551705_111551702,111551702_111551705
111556666,Yes,111557018,No,Yes,,111556666_111557018,111557018_111556666
111640263,Yes,111640262,No,Yes,,111640263_111640262,111640262_111640263
111640284,Yes,111640280,No,Yes,,111640284_111640280,111640280_111640284
111656061,Yes,111656414,No,Yes,,111656061_111656414,111656414_111656061
111758137,Yes,111758138,Yes,Yes,,111758137_111758138,111758138_111758137
111758138,Yes,111758137,Yes,Yes,,111758138_111758137,111758137_111758138
111775478,Yes,111775480,No,Yes,,111775478_111775480,111775480_111775478
111833439,No,113259971,Yes,Yes,,111833439_113259971,113259971_111833439
111833564,Yes,113259971,Yes,Yes,,111833564_113259971,113259971_111833564
112117808,Yes,112117230,No,Yes,,112117808_112117230,112117230_112117808
112257906,Yes,261220895,No,Yes,,112257906_261220895,261220895_112257906
112340061,Yes,112340429,No,Yes,,112340061_112340429,112340429_112340061
112429075,Yes,112521672,No,Yes,,112429075_112521672,112521672_112429075
112521672,No,112429075,Yes,Yes,,112521672_112429075,112429075_112521672
112807108,Yes,112807109,No,Yes,,112807108_112807109,112807109_112807108
112807109,No,112807108,Yes,Yes,,112807109_112807108,112807108_112807109
112910966,No,112911032,No,Yes,,112910966_112911032,112911032_112910966
113045497,Yes,113045498,No,Yes,,113045497_113045498,113045498_113045497
113045498,No,113045497,Yes,Yes,,113045498_113045497,113045497_113045498
113060840,No,113060879,No,Yes,,113060840_113060879,113060879_113060840
113118942,Yes,113118946,No,Yes,,113118942_113118946,113118946_113118942
113259971,Yes,111833439,No,Yes,,113259971_111833439,111833439_113259971
113259971,Yes,111833564,Yes,Yes,,113259971_111833564,111833564_113259971
113259971,Yes,111833687,No,Yes,,113259971_111833687,111833687_113259971
113271021,No,113271158,No,Yes,,113271021_113271158,113271158_113271021
113398823,Yes,113347505,No,Yes,,113398823_113347505,113347505_113398823
113401806,Yes,113347505,No,Yes,,113401806_113347505,113347505_113401806
113404465,Yes,113409955,Yes,Yes,,113404465_113409955,113409955_113404465
113409955,Yes,113404465,Yes,Yes,,113409955_113404465,113404465_113409955
113409955,Yes,113413540,No,Yes,,113409955_113413540,113413540_113409955
113409955,Yes,113414835,Yes,Yes,,113409955_113414835,113414835_113409955
113409955,Yes,113414838,Yes,Yes,,113409955_113414838,113414838_113409955
113409955,Yes,113421886,No,Yes,,113409955_113421886,113421886_113409955
113413540,No,113409955,Yes,Yes,,113413540_113409955,113409955_113413540
113414835,Yes,113409955,Yes,Yes,,113414835_113409955,113409955_113414835
113414838,Yes,113409955,Yes,Yes,,113414838_113409955,113409955_113414838
113414838,Yes,113698641,Yes,Yes,,113414838_113698641,113698641_113414838
113421886,No,113409955,Yes,Yes,,113421886_113409955,113409955_113421886
113698641,Yes,113414838,Yes,Yes,,113698641_113414838,113414838_113698641
113725535,No,113725536,Yes,Yes,,113725535_113725536,113725536_113725535
113725536,Yes,113725535,No,Yes,,113725536_113725535,113725535_113725536
113730771,Yes,113347505,No,Yes,,113730771_113347505,113347505_113730771
113780274,Yes,113780279,No,Yes,,113780274_113780279,113780279_113780274
113780292,Yes,113780291,No,Yes,,113780292_113780291,113780291_113780292
114230947,Yes,114230951,No,Yes,,114230947_114230951,114230951_114230947
114453883,Yes,114454186,Yes,Yes,,114453883_114454186,114454186_114453883
114454186,Yes,114453883,Yes,Yes,,114454186_114453883,114453883_114454186
114642947,No,114642954,No,Yes,,114642947_114642954,114642954_114642947
114716905,Yes,114716907,Yes,Yes,,114716905_114716907,114716907_114716905
114716907,Yes,114716905,Yes,Yes,,114716907_114716905,114716905_114716907
115304961,Yes,115305145,No,Yes,,115304961_115305145,115305145_115304961
115485556,Yes,115485553,No,Yes,,115485556_115485553,115485553_115485556
115495626,Yes,330639950,No,Yes,,115495626_330639950,330639950_115495626
115573816,Yes,115573828,Yes,Yes,,115573816_115573828,115573828_115573816
115573828,Yes,115573816,Yes,Yes,,115573828_115573816,115573816_115573828
115739237,Yes,115741001,No,Yes,,115739237_115741001,115741001_115739237
115739237,Yes,115741976,No,Yes,,115739237_115741976,115741976_115739237
115858660,Yes,115858661,No,Yes,,115858660_115858661,115858661_115858660
115858660,Yes,115858666,No,Yes,,115858660_115858666,115858666_115858660
115858661,No,115858660,Yes,Yes,,115858661_115858660,115858660_115858661
115858666,No,115858660,Yes,Yes,,115858666_115858660,115858660_115858666
115861602,Yes,115861603,Yes,Yes,,115861602_115861603,115861603_115861602
115861603,Yes,115861602,Yes,Yes,,115861603_115861602,115861602_115861603
115868555,No,115868979,Yes,Yes,,115868555_115868979,115868979_115868555
115868979,Yes,115868555,No,Yes,,115868979_115868555,115868555_115868979
115944573,Yes,115945882,No,Yes,,115944573_115945882,115945882_115944573
116154370,Yes,116154371,Yes,Yes,,116154370_116154371,116154371_116154370
116154371,Yes,116154370,Yes,Yes,,116154371_116154370,116154370_116154371
116395035,Yes,116395036,No,Yes,,116395035_116395036,116395036_116395035
116633775,Yes,116634215,No,Yes,,116633775_116634215,116634215_116633775
117166662,Yes,117166663,No,Yes,,117166662_117166663,117166663_117166662
117381144,Yes,117381145,Yes,Yes,,117381144_117381145,117381145_117381144
117381145,Yes,117381144,Yes,Yes,,117381145_117381144,117381144_117381145
117381156,Yes,117381158,No,Yes,,117381156_117381158,117381158_117381156
117452473,Yes,151033728,No,Yes,,117452473_151033728,151033728_117452473
117452473,Yes,151128047,No,Yes,,117452473_151128047,151128047_117452473
117538110,Yes,117538114,No,Yes,,117538110_117538114,117538114_117538110
117708327,Yes,117708465,No,Yes,,117708327_117708465,117708465_117708327
117830710,Yes,117830711,No,Yes,,117830710_117830711,117830711_117830710
117842856,No,117842855,No,Yes,,117842856_117842855,117842855_117842856
117887589,Yes,117885956,No,Yes,,117887589_117885956,117885956_117887589
118061659,Yes,118064385,No,Yes,,118061659_118064385,118064385_118061659
118093115,Yes,118093630,Yes,Yes,,118093115_118093630,118093630_118093115
118093630,Yes,118093115,Yes,Yes,,118093630_118093115,118093115_118093630
118153722,Yes,118153721,No,Yes,,118153722_118153721,118153721_118153722
118153741,Yes,118153750,Yes,Yes,,118153741_118153750,118153750_118153741
118153750,Yes,118153741,Yes,Yes,,118153750_118153741,118153741_118153750
118280918,Yes,174927084,No,Yes,,118280918_174927084,174927084_118280918
118438686,Yes,118438875,No,Yes,,118438686_118438875,118438875_118438686
118475854,Yes,118475856,Yes,Yes,,118475854_118475856,118475856_118475854
118475856,Yes,118475854,Yes,Yes,,118475856_118475854,118475854_118475856
118503207,Yes,118503550,No,Yes,,118503207_118503550,118503550_118503207
118667620,Yes,118667622,Yes,Yes,,118667620_118667622,118667622_118667620
118667622,Yes,118667620,Yes,Yes,,118667622_118667620,118667620_118667622
118957518,Yes,118957519,No,Yes,,118957518_118957519,118957519_118957518
118957556,Yes,118957557,Yes,Yes,,118957556_118957557,118957557_118957556
118957557,Yes,118957556,Yes,Yes,,118957557_118957556,118957556_118957557
119058589,Yes,119058588,No,Yes,,119058589_119058588,119058588_119058589
119058591,No,119058588,No,Yes,,119058591_119058588,119058588_119058591
119063065,No,119063064,No,Yes,,119063065_119063064,119063064_119063065
119103811,Yes,119103812,No,Yes,,119103811_119103812,119103812_119103811
119103831,Yes,119103828,No,Yes,,119103831_119103828,119103828_119103831
119285526,Yes,119285527,Yes,Yes,,119285526_119285527,119285527_119285526
119285527,Yes,119285526,Yes,Yes,,119285527_119285526,119285526_119285527
119285582,No,119285587,No,Yes,,119285582_119285587,119285587_119285582
119285582,No,119285586,No,Yes,,119285582_119285586,119285586_119285582
119463487,Yes,121050551,Yes,Yes,,119463487_121050551,121050551_119463487
119556670,No,119556669,No,Yes,,119556670_119556669,119556669_119556670
119605645,Yes,119605644,No,Yes,,119605645_119605644,119605644_119605645
119762873,Yes,119762874,Yes,Yes,,119762873_119762874,119762874_119762873
119762874,Yes,119762873,Yes,Yes,,119762874_119762873,119762873_119762874
119843777,Yes,119843944,No,Yes,,119843777_119843944,119843944_119843777
119862054,Yes,119862056,No,Yes,,119862054_119862056,119862056_119862054
119940365,Yes,119940777,Yes,Yes,,119940365_119940777,119940777_119940365
119940777,Yes,119940365,Yes,Yes,,119940777_119940365,119940365_119940777
120192872,Yes,120192874,Yes,Yes,,120192872_120192874,120192874_120192872
120192874,Yes,120192872,Yes,Yes,,120192874_120192872,120192872_120192874
120454225,Yes,231980650,No,Yes,,120454225_231980650,231980650_120454225
120459557,Yes,231980646,No,Yes,,120459557_231980646,231980646_120459557
120459701,Yes,219744592,No,Yes,,120459701_219744592,219744592_120459701
120597647,Yes,120597646,No,Yes,,120597647_120597646,120597646_120597647
120853679,Yes,120853388,No,Yes,,120853679_120853388,120853388_120853679
120951421,Yes,120951484,No,Yes,,120951421_120951484,120951484_120951421
121037012,No,121037016,Yes,Yes,,121037012_121037016,121037016_121037012
121037016,Yes,121037012,No,Yes,,121037016_121037012,121037012_121037016
121050551,Yes,119463487,Yes,Yes,,121050551_119463487,119463487_121050551
121179582,Yes,121179584,No,Yes,,121179582_121179584,121179584_121179582
121179584,No,121179582,Yes,Yes,,121179584_121179582,121179582_121179584
121273501,Yes,121273502,No,Yes,,121273501_121273502,121273502_121273501
121515053,Yes,121515054,No,Yes,,121515053_121515054,121515054_121515053
121515127,No,121515128,Yes,Yes,,121515127_121515128,121515128_121515127
121515128,Yes,121515127,No,Yes,,121515128_121515127,121515127_121515128
121533031,Yes,165338702,No,Yes,,121533031_165338702,165338702_121533031
121605416,Yes,121605420,No,Yes,,121605416_121605420,121605420_121605416
121605420,No,121605416,Yes,Yes,,121605420_121605416,121605416_121605420
121627761,Yes,121628141,No,Yes,,121627761_121628141,121628141_121627761
121652921,Yes,121652927,No,Yes,,121652921_121652927,121652927_121652921
121731763,Yes,121731911,No,Yes,,121731763_121731911,121731911_121731763
121755101,Yes,121755102,No,Yes,,121755101_121755102,121755102_121755101
121796184,Yes,121796185,No,Yes,,121796184_121796185,121796185_121796184
121796185,No,121796184,Yes,Yes,,121796185_121796184,121796184_121796185
121800397,Yes,121800399,No,Yes,,121800397_121800399,121800399_121800397
121879138,Yes,121883296,No,Yes,,121879138_121883296,121883296_121879138
121883296,No,121879138,Yes,Yes,,121883296_121879138,121879138_121883296
121911240,Yes,174927300,No,Yes,,121911240_174927300,174927300_121911240
121955975,Yes,121955977,No,Yes,,121955975_121955977,121955977_121955975
121955978,Yes,121955979,No,Yes,,121955978_121955979,121955979_121955978
121955979,No,121955978,Yes,Yes,,121955979_121955978,121955978_121955979
121955980,Yes,121955982,No,Yes,,121955980_121955982,121955982_121955980
122015948,No,122015889,No,Yes,,122015948_122015889,122015889_122015948
122093534,Yes,122093535,No,Yes,,122093534_122093535,122093535_122093534
122228045,Yes,122228047,No,Yes,,122228045_122228047,122228047_122228045
122228047,No,122228045,Yes,Yes,,122228047_122228045,122228045_122228047
122228048,No,122228049,Yes,Yes,,122228048_122228049,122228049_122228048
122228049,Yes,122228048,No,Yes,,122228049_122228048,122228048_122228049
122228050,Yes,122228051,No,Yes,,122228050_122228051,122228051_122228050
122270021,Yes,122270679,No,Yes,,122270021_122270679,122270679_122270021
122537557,Yes,122537559,No,Yes,,122537557_122537559,122537559_122537557
122676140,Yes,122676293,No,Yes,,122676140_122676293,122676293_122676140
122681804,Yes,122683008,Yes,Yes,,122681804_122683008,122683008_122681804
122683008,Yes,122681804,Yes,Yes,,122683008_122681804,122681804_122683008
122812763,No,122812765,No,Yes,,122812763_122812765,122812765_122812763
122835428,Yes,122835424,No,Yes,,122835428_122835424,122835424_122835428
122862739,Yes,122863665,Yes,Yes,,122862739_122863665,122863665_122862739
122863665,Yes,122862739,Yes,Yes,,122863665_122862739,122862739_122863665
122879099,No,122879280,No,Yes,,122879099_122879280,122879280_122879099
122953957,Yes,122966897,No,Yes,,122953957_122966897,122966897_122953957
123467495,Yes,123468053,No,Yes,,123467495_123468053,123468053_123467495
123468053,No,123467495,Yes,Yes,,123468053_123467495,123467495_123468053
123885355,Yes,123885357,No,Yes,,123885355_123885357,123885357_123885355
123900790,Yes,123900791,No,Yes,,123900790_123900791,123900791_123900790
123900791,No,123900790,Yes,Yes,,123900791_123900790,123900790_123900791
124053125,No,124053289,No,Yes,,124053125_124053289,124053289_124053125
124060217,Yes,124060218,No,Yes,,124060217_124060218,124060218_124060217
124061812,Yes,124062042,No,Yes,,124061812_124062042,124062042_124061812
124257142,Yes,124257143,No,Yes,,124257142_124257143,124257143_124257142
124257154,Yes,124257156,No,Yes,,124257154_124257156,124257156_124257154
124325933,No,124326570,Yes,Yes,,124325933_124326570,124326570_124325933
124325933,No,124327907,Yes,Yes,,124325933_124327907,124327907_124325933
124326570,Yes,124325933,No,Yes,,124326570_124325933,124325933_124326570
124327907,Yes,124325933,No,Yes,,124327907_124325933,124325933_124327907
124334530,No,124334533,Yes,Yes,,124334530_124334533,124334533_124334530
124334533,Yes,124334530,No,Yes,,124334533_124334530,124334530_124334533
124447808,Yes,124447968,No,Yes,,124447808_124447968,124447968_124447808
124447968,No,124447808,Yes,Yes,,124447968_124447808,124447808_124447968
124634643,Yes,128435000,No,Yes,,124634643_128435000,128435000_124634643
125124188,Yes,125124193,Yes,Yes,,125124188_125124193,125124193_125124188
125124193,Yes,125124188,Yes,Yes,,125124193_125124188,125124188_125124193
125124231,Yes,202404986,Yes,Yes,,125124231_202404986,202404986_125124231
125124286,Yes,125124379,Yes,Yes,,125124286_125124379,125124379_125124286
125124379,Yes,125124286,Yes,Yes,,125124379_125124286,125124286_125124379
125375734,Yes,125375776,Yes,Yes,,125375734_125375776,125375776_125375734
125375776,Yes,125375734,Yes,Yes,,125375776_125375734,125375734_125375776
125652487,Yes,305155088,No,Yes,,125652487_305155088,305155088_125652487
125767486,Yes,125830144,No,Yes,,125767486_125830144,125830144_125767486
125820216,Yes,125821916,No,Yes,,125820216_125821916,125821916_125820216
125836279,Yes,125836280,No,Yes,,125836279_125836280,125836280_125836279
125836280,No,125836279,Yes,Yes,,125836280_125836279,125836279_125836280
126102450,Yes,126096673,No,Yes,,126102450_126096673,126096673_126102450
126144681,Yes,126144789,No,Yes,,126144681_126144789,126144789_126144681
126144789,No,126144681,Yes,Yes,,126144789_126144681,126144681_126144789
126282990,Yes,126283727,No,Yes,,126282990_126283727,126283727_126282990
126283727,No,126282990,Yes,Yes,,126283727_126282990,126282990_126283727
126351548,Yes,126351557,No,Yes,,126351548_126351557,126351557_126351548
126401879,Yes,126402111,Yes,Yes,,126401879_126402111,126402111_126401879
126402111,Yes,126401879,Yes,Yes,,126402111_126401879,126401879_126402111
126590733,Yes,126590782,No,Yes,,126590733_126590782,126590782_126590733
126678835,No,126678837,No,Yes,,126678835_126678837,126678837_126678835
126678837,No,126678835,No,Yes,,126678837_126678835,126678835_126678837
126980643,Yes,268139772,No,Yes,,126980643_268139772,268139772_126980643
127019661,Yes,338569655,No,Yes,,127019661_338569655,338569655_127019661
127708056,Yes,127708048,No,Yes,,127708056_127708048,127708048_127708056
127725156,Yes,338462037,Yes,Yes,,127725156_338462037,338462037_127725156
127805288,Yes,127697477,No,Yes,,127805288_127697477,127697477_127805288
127953424,No,127953478,No,Yes,,127953424_127953478,127953478_127953424
128033196,Yes,128033197,Yes,Yes,,128033196_128033197,128033197_128033196
128033197,Yes,128033196,Yes,Yes,,128033197_128033196,128033196_128033197
128065484,Yes,174922736,No,Yes,,128065484_174922736,174922736_128065484
128186983,Yes,128186984,No,Yes,,128186983_128186984,128186984_128186983
128187068,Yes,128187073,Yes,Yes,,128187068_128187073,128187073_128187068
128187073,Yes,128187068,Yes,Yes,,128187073_128187068,128187068_128187073
128408424,Yes,128408608,No,Yes,,128408424_128408608,128408608_128408424
128501807,Yes,268137941,Yes,Yes,,128501807_268137941,268137941_128501807
128502932,Yes,268136064,Yes,Yes,,128502932_268136064,268136064_128502932
128504123,Yes,128504200,Yes,Yes,,128504123_128504200,128504200_128504123
128504200,Yes,128504123,Yes,Yes,,128504200_128504123,128504123_128504200
128511537,Yes,128511969,No,Yes,,128511537_128511969,128511969_128511537
128621074,Yes,128621261,No,Yes,,128621074_128621261,128621261_128621074
128621484,Yes,128622452,No,Yes,,128621484_128622452,128622452_128621484
128973220,Yes,128973222,Yes,Yes,,128973220_128973222,128973222_128973220
128973222,Yes,128973220,Yes,Yes,,128973222_128973220,128973220_128973222
128973228,Yes,128973230,Yes,Yes,,128973228_128973230,128973230_128973228
128973230,Yes,128973228,Yes,Yes,,128973230_128973228,128973228_128973230
129029487,Yes,129029492,No,Yes,,129029487_129029492,129029492_129029487
129105852,Yes,129105855,No,Yes,,129105852_129105855,129105855_129105852
129105853,Yes,129105855,No,Yes,,129105853_129105855,129105855_129105853
129105855,No,129105853,Yes,Yes,,129105855_129105853,129105853_129105855
129105855,No,129105852,Yes,Yes,,129105855_129105852,129105852_129105855
129190181,Yes,268135388,Yes,Yes,,129190181_268135388,268135388_129190181
129255411,Yes,129255414,No,Yes,,129255411_129255414,129255414_129255411
129255414,No,129255411,Yes,Yes,,129255414_129255411,129255411_129255414
129419628,Yes,268134459,Yes,Yes,,129419628_268134459,268134459_129419628
129433703,Yes,129430391,No,Yes,,129433703_129430391,129430391_129433703
129435662,Yes,129435669,No,Yes,,129435662_129435669,129435669_129435662
129442954,Yes,268132921,Yes,Yes,,129442954_268132921,268132921_129442954
129465329,Yes,129478169,No,Yes,,129465329_129478169,129478169_129465329
129519294,Yes,129523719,No,Yes,,129519294_129523719,129523719_129519294
129630003,Yes,131287322,No,Yes,,129630003_131287322,131287322_129630003
129824814,Yes,166033984,Yes,Yes,,129824814_166033984,166033984_129824814
130021702,Yes,130021703,No,Yes,,130021702_130021703,130021703_130021702
130308998,Yes,130309571,No,Yes,,130308998_130309571,130309571_130308998
130309571,No,130308998,Yes,Yes,,130309571_130308998,130308998_130309571
130353681,Yes,130353682,Yes,Yes,,130353681_130353682,130353682_130353681
130353682,Yes,130353681,Yes,Yes,,130353682_130353681,130353681_130353682
130353749,Yes,130353752,Yes,Yes,,130353749_130353752,130353752_130353749
130353752,Yes,130353749,Yes,Yes,,130353752_130353749,130353749_130353752
130375391,Yes,137621993,No,Yes,,130375391_137621993,137621993_130375391
130459329,Yes,130458221,No,Yes,,130459329_130458221,130458221_130459329
130479078,Yes,130479079,Yes,Yes,,130479078_130479079,130479079_130479078
130479079,Yes,130479078,Yes,Yes,,130479079_130479078,130479078_130479079
130480768,No,44358543,No,Yes,,130480768_44358543,44358543_130480768
130601235,No,130601236,No,Yes,,130601235_130601236,130601236_130601235
130601236,No,130601235,No,Yes,,130601236_130601235,130601235_130601236
130616700,No,130616703,Yes,Yes,,130616700_130616703,130616703_130616700
130616703,Yes,130616700,No,Yes,,130616703_130616700,130616700_130616703
130635377,Yes,130635379,No,Yes,,130635377_130635379,130635379_130635377
130732689,Yes,130732736,No,Yes,,130732689_130732736,130732736_130732689
130884309,Yes,130884267,No,Yes,,130884309_130884267,130884267_130884309
130896079,Yes,130896266,No,Yes,,130896079_130896266,130896266_130896079
130896266,No,130896079,Yes,Yes,,130896266_130896079,130896079_130896266
130983312,Yes,130983313,Yes,Yes,,130983312_130983313,130983313_130983312
130983313,Yes,130983312,Yes,Yes,,130983313_130983312,130983312_130983313
131000623,Yes,188731534,Yes,Yes,,131000623_188731534,188731534_131000623
131106142,Yes,131106141,No,Yes,,131106142_131106141,131106141_131106142
131149931,Yes,131149930,No,Yes,,131149931_131149930,131149930_131149931
131226185,Yes,131226194,No,Yes,,131226185_131226194,131226194_131226185
131312412,No,131312411,No,Yes,,131312412_131312411,131312411_131312412
131481027,No,131477802,No,Yes,,131481027_131477802,131477802_131481027
131953320,No,131953321,Yes,Yes,,131953320_131953321,131953321_131953320
131953321,Yes,131953320,No,Yes,,131953321_131953320,131953320_131953321
131953325,Yes,131953334,Yes,Yes,,131953325_131953334,131953334_131953325
131953334,Yes,131953325,Yes,Yes,,131953334_131953325,131953325_131953334
132276590,Yes,132276703,No,Yes,,132276590_132276703,132276703_132276590
132362375,No,132362377,No,Yes,,132362375_132362377,132362377_132362375
132362377,No,132362375,No,Yes,,132362377_132362375,132362375_132362377
132659117,No,132659118,No,Yes,,132659117_132659118,132659118_132659117
132741763,Yes,132742703,No,Yes,,132741763_132742703,132742703_132741763
132966631,Yes,132966633,No,Yes,,132966631_132966633,132966633_132966631
132989612,Yes,132989616,No,Yes,,132989612_132989616,132989616_132989612
133356718,Yes,133357225,No,Yes,,133356718_133357225,133357225_133356718
133714473,Yes,207483699,No,Yes,,133714473_207483699,207483699_133714473
133714627,Yes,133714743,No,Yes,,133714627_133714743,133714743_133714627
133811651,Yes,227196736,No,Yes,,133811651_227196736,227196736_133811651
133905790,Yes,133905793,No,Yes,,133905790_133905793,133905793_133905790
133905799,Yes,133905796,No,Yes,,133905799_133905796,133905796_133905799
133905801,No,133905802,No,Yes,,133905801_133905802,133905802_133905801
133905801,No,133905804,Yes,Yes,,133905801_133905804,133905804_133905801
133905804,Yes,133905801,No,Yes,,133905804_133905801,133905801_133905804
133905806,Yes,133905808,No,Yes,,133905806_133905808,133905808_133905806
133905806,Yes,133909336,Yes,Yes,,133905806_133909336,133909336_133905806
133905813,Yes,133905815,Yes,Yes,,133905813_133905815,133905815_133905813
133905813,Yes,133905814,Yes,Yes,,133905813_133905814,133905814_133905813
133905814,Yes,133905813,Yes,Yes,,133905814_133905813,133905813_133905814
133905815,Yes,133905813,Yes,Yes,,133905815_133905813,133905813_133905815
133909336,Yes,133905806,Yes,Yes,,133909336_133905806,133905806_133909336
133941641,Yes,133946568,Yes,Yes,,133941641_133946568,133946568_133941641
133946568,Yes,133941641,Yes,Yes,,133946568_133941641,133941641_133946568
133980761,Yes,133980967,Yes,Yes,,133980761_133980967,133980967_133980761
133980967,Yes,133980761,Yes,Yes,,133980967_133980761,133980761_133980967
134083066,Yes,134083153,Yes,Yes,,134083066_134083153,134083153_134083066
134083153,Yes,134083066,Yes,Yes,,134083153_134083066,134083066_134083153
134141443,Yes,134141442,No,Yes,,134141443_134141442,134141442_134141443
134165251,No,134544086,Yes,Yes,,134165251_134544086,134544086_134165251
134165251,No,134544087,No,Yes,,134165251_134544087,134544087_134165251
134337394,Yes,134339216,No,Yes,,134337394_134339216,134339216_134337394
134339216,No,134337394,Yes,Yes,,134339216_134337394,134337394_134339216
134406746,Yes,134407117,No,Yes,,134406746_134407117,134407117_134406746
134544086,Yes,134165251,No,Yes,,134544086_134165251,134165251_134544086
134601365,Yes,134601663,No,Yes,,134601365_134601663,134601663_134601365
134601436,Yes,199865328,No,Yes,,134601436_199865328,199865328_134601436
134601663,No,134601365,Yes,Yes,,134601663_134601365,134601365_134601663
134922213,No,134922474,No,Yes,,134922213_134922474,134922474_134922213
135075811,Yes,135075812,No,Yes,,135075811_135075812,135075812_135075811
135075812,No,135075811,Yes,Yes,,135075812_135075811,135075811_135075812
135098008,Yes,135098040,Yes,Yes,,135098008_135098040,135098040_135098008
135098040,Yes,135098008,Yes,Yes,,135098040_135098008,135098008_135098040
135318354,Yes,135318293,No,Yes,,135318354_135318293,135318293_135318354
135338169,Yes,135338194,No,Yes,,135338169_135338194,135338194_135338169
135389098,Yes,268130774,No,Yes,,135389098_268130774,268130774_135389098
135484290,Yes,135484329,No,Yes,,135484290_135484329,135484329_135484290
135490629,Yes,135492579,No,Yes,,135490629_135492579,135492579_135490629
135598039,Yes,135598040,No,Yes,,135598039_135598040,135598040_135598039
135776574,No,135776663,No,Yes,,135776574_135776663,135776663_135776574
135828266,Yes,135828446,Yes,Yes,,135828266_135828446,135828446_135828266
135828446,Yes,135828266,Yes,Yes,,135828446_135828266,135828266_135828446
135865978,No,135865403,No,Yes,,135865978_135865403,135865403_135865978
136122901,Yes,136122799,No,Yes,,136122901_136122799,136122799_136122901
136381993,Yes,136381998,No,Yes,,136381993_136381998,136381998_136381993
136381998,No,136381993,Yes,Yes,,136381998_136381993,136381993_136381998
136539454,Yes,136539462,No,Yes,,136539454_136539462,136539462_136539454
136562436,No,136562434,No,Yes,,136562436_136562434,136562434_136562436
136666112,Yes,136668300,No,Yes,,136666112_136668300,136668300_136666112
136666112,Yes,136669840,No,Yes,,136666112_136669840,136669840_136666112
137057089,Yes,137063706,No,Yes,,137057089_137063706,137063706_137057089
137057100,Yes,137063773,No,Yes,,137057100_137063773,137063773_137057100
137063773,No,137057100,Yes,Yes,,137063773_137057100,137057100_137063773
137122065,Yes,137009410,No,Yes,,137122065_137009410,137009410_137122065
137288684,Yes,304289068,No,Yes,,137288684_304289068,304289068_137288684
137293405,Yes,137288684,Yes,Yes,,137293405_137288684,137288684_137293405
137390148,Yes,137390149,Yes,Yes,,137390148_137390149,137390149_137390148
137390149,Yes,137390148,Yes,Yes,,137390149_137390148,137390148_137390149
137390152,Yes,137390154,Yes,Yes,,137390152_137390154,137390154_137390152
137390154,Yes,137390152,Yes,Yes,,137390154_137390152,137390152_137390154
137447849,No,137447855,Yes,Yes,,137447849_137447855,137447855_137447849
137447855,Yes,137447849,No,Yes,,137447855_137447849,137447849_137447855
137454089,Yes,137454087,No,Yes,,137454089_137454087,137454087_137454089
137500000,No,137499979,No,Yes,,137500000_137499979,137499979_137500000
137611175,Yes,137609876,No,Yes,,137611175_137609876,137609876_137611175
137612950,Yes,137613161,Yes,Yes,,137612950_137613161,137613161_137612950
137613161,Yes,137612950,Yes,Yes,,137613161_137612950,137612950_137613161
137616830,Yes,137617062,No,Yes,,137616830_137617062,137617062_137616830
137889727,Yes,137889728,No,Yes,,137889727_137889728,137889728_137889727
138033099,Yes,185235593,Yes,Yes,,138033099_185235593,185235593_138033099
138036589,Yes,337271445,Yes,Yes,,138036589_337271445,337271445_138036589
138332318,Yes,138332467,Yes,Yes,,138332318_138332467,138332467_138332318
138332467,Yes,138332318,Yes,Yes,,138332467_138332318,138332318_138332467
138339504,Yes,138339505,No,Yes,,138339504_138339505,138339505_138339504
138339520,Yes,138339521,Yes,Yes,,138339520_138339521,138339521_138339520
138339521,Yes,138339520,Yes,Yes,,138339521_138339520,138339520_138339521
138374023,Yes,138374024,Yes,Yes,,138374023_138374024,138374024_138374023
138374024,Yes,138374023,Yes,Yes,,138374024_138374023,138374023_138374024
138404329,Yes,138402656,No,Yes,,138404329_138402656,138402656_138404329
138470485,Yes,28545358,Yes,Yes,,138470485_28545358,28545358_138470485
138472991,Yes,138481779,No,Yes,,138472991_138481779,138481779_138472991
138474296,Yes,138474297,No,Yes,,138474296_138474297,138474297_138474296
138478477,Yes,138472991,Yes,Yes,,138478477_138472991,138472991_138478477
138481777,Yes,138472991,Yes,Yes,,138481777_138472991,138472991_138481777
138594511,Yes,138594586,Yes,Yes,,138594511_138594586,138594586_138594511
138594586,Yes,138594511,Yes,Yes,,138594586_138594511,138594511_138594586
138634423,Yes,138636253,No,Yes,,138634423_138636253,138636253_138634423
138731758,Yes,138731890,Yes,Yes,,138731758_138731890,138731890_138731758
138731890,Yes,138731758,Yes,Yes,,138731890_138731758,138731758_138731890
138821874,Yes,138727449,No,Yes,,138821874_138727449,138727449_138821874
138981399,Yes,237726070,No,Yes,,138981399_237726070,237726070_138981399
139026177,Yes,139026130,No,Yes,,139026177_139026130,139026130_139026177
139168384,Yes,139168383,No,Yes,,139168384_139168383,139168383_139168384
139265709,Yes,139265711,No,Yes,,139265709_139265711,139265711_139265709
139265711,No,139265709,Yes,Yes,,139265711_139265709,139265709_139265711
139309382,Yes,140962639,No,Yes,,139309382_140962639,140962639_139309382
139310506,Yes,139507029,No,Yes,,139310506_139507029,139507029_139310506
139507029,No,139310506,Yes,Yes,,139507029_139310506,139310506_139507029
139516590,Yes,139516591,No,Yes,,139516590_139516591,139516591_139516590
139519623,Yes,298730469,No,Yes,,139519623_298730469,298730469_139519623
139807864,No,139808019,Yes,Yes,,139807864_139808019,139808019_139807864
139808019,Yes,139807864,No,Yes,,139808019_139807864,139807864_139808019
139811556,Yes,331440285,No,Yes,,139811556_331440285,331440285_139811556
139900812,No,139900810,No,Yes,,139900812_139900810,139900810_139900812
139974345,Yes,139974346,No,Yes,,139974345_139974346,139974346_139974345
140071463,Yes,140071465,No,Yes,,140071463_140071465,140071465_140071463
140071465,No,140071463,Yes,Yes,,140071465_140071463,140071463_140071465
140131541,Yes,140131873,No,Yes,,140131541_140131873,140131873_140131541
140142656,Yes,140142657,Yes,Yes,,140142656_140142657,140142657_140142656
140142657,Yes,140142656,Yes,Yes,,140142657_140142656,140142656_140142657
140158777,Yes,140160759,No,Yes,,140158777_140160759,140160759_140158777
140287499,Yes,140287500,Yes,Yes,,140287499_140287500,140287500_140287499
140287500,Yes,140287499,Yes,Yes,,140287500_140287499,140287499_140287500
140317363,Yes,140317365,Yes,Yes,,140317363_140317365,140317365_140317363
140317365,Yes,140317363,Yes,Yes,,140317365_140317363,140317363_140317365
140412552,Yes,140409809,No,Yes,,140412552_140409809,140409809_140412552
140504392,Yes,140506735,No,Yes,,140504392_140506735,140506735_140504392
140506735,No,140504392,Yes,Yes,,140506735_140504392,140504392_140506735
140513146,Yes,140513147,No,Yes,,140513146_140513147,140513147_140513146
140600893,Yes,140600897,No,Yes,,140600893_140600897,140600897_140600893
140623021,No,140622904,No,Yes,,140623021_140622904,140622904_140623021
140623021,No,140625564,No,Yes,,140623021_140625564,140625564_140623021
140658154,Yes,140658155,Yes,Yes,,140658154_140658155,140658155_140658154
140658155,Yes,140658154,Yes,Yes,,140658155_140658154,140658154_140658155
140786258,Yes,140786261,No,Yes,,140786258_140786261,140786261_140786258
140786264,Yes,140786266,No,Yes,,140786264_140786266,140786266_140786264
140794542,No,140794543,Yes,Yes,,140794542_140794543,140794543_140794542
140794543,Yes,140794542,No,Yes,,140794543_140794542,140794542_140794543
140816217,Yes,140816220,No,Yes,,140816217_140816220,140816220_140816217
140816220,No,140816217,Yes,Yes,,140816220_140816217,140816217_140816220
140891153,Yes,140891151,No,Yes,,140891153_140891151,140891151_140891153
140962639,No,139309382,Yes,Yes,,140962639_139309382,139309382_140962639
140963220,Yes,140964167,Yes,Yes,,140963220_140964167,140964167_140963220
140963220,Yes,142125146,No,Yes,,140963220_142125146,142125146_140963220
140963220,Yes,142125694,Yes,Yes,,140963220_142125694,142125694_140963220
140964167,Yes,140963220,Yes,Yes,,140964167_140963220,140963220_140964167
140978430,Yes,140978798,No,Yes,,140978430_140978798,140978798_140978430
141043880,Yes,141043928,No,Yes,,141043880_141043928,141043928_141043880
141247926,Yes,141247925,No,Yes,,141247926_141247925,141247925_141247926
141304023,Yes,141304077,No,Yes,,141304023_141304077,141304077_141304023
141304077,No,141304023,Yes,Yes,,141304077_141304023,141304023_141304077
141335287,Yes,141334896,No,Yes,,141335287_141334896,141334896_141335287
141631661,Yes,141631663,No,Yes,,141631661_141631663,141631663_141631661
141727454,Yes,231980628,No,Yes,,141727454_231980628,231980628_141727454
142125694,Yes,140963220,Yes,Yes,,142125694_140963220,140963220_142125694
142127069,Yes,142127072,Yes,Yes,,142127069_142127072,142127072_142127069
142127072,Yes,142127069,Yes,Yes,,142127072_142127069,142127069_142127072
142131977,Yes,142131978,Yes,Yes,,142131977_142131978,142131978_142131977
142131978,Yes,142131977,Yes,Yes,,142131978_142131977,142131977_142131978
142164868,Yes,142164879,No,Yes,,142164868_142164879,142164879_142164868
142191965,Yes,142191966,No,Yes,,142191965_142191966,142191966_142191965
142191966,No,142191965,Yes,Yes,,142191966_142191965,142191965_142191966
142191970,No,142191971,Yes,Yes,,142191970_142191971,142191971_142191970
142191971,Yes,142191970,No,Yes,,142191971_142191970,142191970_142191971
142301829,Yes,142301830,Yes,Yes,,142301829_142301830,142301830_142301829
142301830,Yes,142301829,Yes,Yes,,142301830_142301829,142301829_142301830
142450505,Yes,142450506,Yes,Yes,,142450505_142450506,142450506_142450505
142450506,Yes,142450505,Yes,Yes,,142450506_142450505,142450505_142450506
142489380,Yes,142489376,No,Yes,,142489380_142489376,142489376_142489380
142533378,Yes,142599799,Yes,Yes,,142533378_142599799,142599799_142533378
142598797,Yes,142599609,No,Yes,,142598797_142599609,142599609_142598797
142599799,Yes,142533378,Yes,Yes,,142599799_142533378,142533378_142599799
142601041,Yes,142601043,Yes,Yes,,142601041_142601043,142601043_142601041
142601043,Yes,142601041,Yes,Yes,,142601043_142601041,142601041_142601043
142601085,Yes,142601084,No,Yes,,142601085_142601084,142601084_142601085
142683156,No,142683157,No,Yes,,142683156_142683157,142683157_142683156
142683187,Yes,142683189,No,Yes,,142683187_142683189,142683189_142683187
142833019,Yes,142836242,No,Yes,,142833019_142836242,142836242_142833019
142836242,No,142833019,Yes,Yes,,142836242_142833019,142833019_142836242
142839497,No,142839498,No,Yes,,142839497_142839498,142839498_142839497
142870368,Yes,142870369,Yes,Yes,,142870368_142870369,142870369_142870368
142870369,Yes,142870368,Yes,Yes,,142870369_142870368,142870368_142870369
143086529,Yes,143086531,No,Yes,,143086529_143086531,143086531_143086529
143093982,Yes,143093986,No,Yes,,143093982_143093986,143093986_143093982
143100725,No,143100724,No,Yes,,143100725_143100724,143100724_143100725
143194050,No,143194759,Yes,Yes,,143194050_143194759,143194759_143194050
143194759,Yes,143194050,No,Yes,,143194759_143194050,143194050_143194759
143202101,Yes,143202477,No,Yes,,143202101_143202477,143202477_143202101
143223790,No,143223791,Yes,Yes,,143223790_143223791,143223791_143223790
143223791,Yes,143223790,No,Yes,,143223791_143223790,143223790_143223791
143252526,No,337449289,No,Yes,,143252526_337449289,337449289_143252526
143258272,No,106244924,Yes,Yes,,143258272_106244924,106244924_143258272
143311634,Yes,143311636,No,Yes,,143311634_143311636,143311636_143311634
143367822,Yes,143367870,No,Yes,,143367822_143367870,143367870_143367822
143371293,Yes,143371294,No,Yes,,143371293_143371294,143371294_143371293
143440188,Yes,143440189,No,Yes,,143440188_143440189,143440189_143440188
143454108,Yes,143454110,No,Yes,,143454108_143454110,143454110_143454108
143454110,No,143454108,Yes,Yes,,143454110_143454108,143454108_143454110
143556486,Yes,143761486,No,Yes,,143556486_143761486,143761486_143556486
143663297,Yes,143663299,No,Yes,,143663297_143663299,143663299_143663297
143667115,Yes,143667116,Yes,Yes,,143667115_143667116,143667116_143667115
143667116,Yes,143667115,Yes,Yes,,143667116_143667115,143667115_143667116
143715190,Yes,143715513,No,Yes,,143715190_143715513,143715513_143715190
143761486,No,143556486,Yes,Yes,,143761486_143556486,143556486_143761486
143806981,Yes,143806984,No,Yes,,143806981_143806984,143806984_143806981
143822730,Yes,143822731,No,Yes,,143822730_143822731,143822731_143822730
143935311,Yes,143936020,No,Yes,,143935311_143936020,143936020_143935311
143935632,Yes,143936020,No,Yes,,143935632_143936020,143936020_143935632
143936801,Yes,143989075,Yes,Yes,,143936801_143989075,143989075_143936801
143989075,Yes,143936801,Yes,Yes,,143989075_143936801,143936801_143989075
144056673,Yes,144056675,No,Yes,,144056673_144056675,144056675_144056673
144060356,Yes,144060357,No,Yes,,144060356_144060357,144060357_144060356
144250537,No,20283663,No,Yes,,144250537_20283663,20283663_144250537
144255049,Yes,144255048,No,Yes,,144255049_144255048,144255048_144255049
144263728,No,144264671,Yes,Yes,,144263728_144264671,144264671_144263728
144264671,Yes,144263728,No,Yes,,144264671_144263728,144263728_144264671
144296064,Yes,144296065,No,Yes,,144296064_144296065,144296065_144296064
144298286,No,144298288,Yes,Yes,,144298286_144298288,144298288_144298286
144298288,Yes,144298286,No,Yes,,144298288_144298286,144298286_144298288
144339675,Yes,144339674,No,Yes,,144339675_144339674,144339674_144339675
144381478,No,144381479,No,Yes,,144381478_144381479,144381479_144381478
144381479,No,144381478,No,Yes,,144381479_144381478,144381478_144381479
144385181,Yes,144385182,No,Yes,,144385181_144385182,144385182_144385181
144385189,Yes,144385188,No,Yes,,144385189_144385188,144385188_144385189
144417726,No,144417722,No,Yes,,144417726_144417722,144417722_144417726
144434753,Yes,144434771,No,Yes,,144434753_144434771,144434771_144434753
144483511,Yes,144361968,No,Yes,,144483511_144361968,144361968_144483511
144513458,Yes,144513457,No,Yes,,144513458_144513457,144513457_144513458
144615777,Yes,144615778,Yes,Yes,,144615777_144615778,144615778_144615777
144615778,Yes,144615777,Yes,Yes,,144615778_144615777,144615777_144615778
144615779,No,144615781,Yes,Yes,,144615779_144615781,144615781_144615779
144615781,Yes,144615779,No,Yes,,144615781_144615779,144615779_144615781
144668595,No,144668597,No,Yes,,144668595_144668597,144668597_144668595
144677620,Yes,144677435,No,Yes,,144677620_144677435,144677435_144677620
144739559,No,144739561,No,Yes,,144739559_144739561,144739561_144739559
144744378,Yes,144744377,No,Yes,,144744378_144744377,144744377_144744378
144768057,Yes,144768058,No,Yes,,144768057_144768058,144768058_144768057
144768062,Yes,144768063,No,Yes,,144768062_144768063,144768063_144768062
144768063,No,144768062,Yes,Yes,,144768063_144768062,144768062_144768063
144948255,Yes,144948254,No,Yes,,144948255_144948254,144948254_144948255
144982704,Yes,144982735,No,Yes,,144982704_144982735,144982735_144982704
144982735,No,144982704,Yes,Yes,,144982735_144982704,144982704_144982735
144982814,Yes,144982862,No,Yes,,144982814_144982862,144982862_144982814
144982862,No,144982814,Yes,Yes,,144982862_144982814,144982814_144982862
145172158,Yes,145172157,No,Yes,,145172158_145172157,145172157_145172158
145217567,Yes,7118034,Yes,Yes,,145217567_7118034,7118034_145217567
145229358,Yes,145230571,No,Yes,,145229358_145230571,145230571_145229358
145229360,Yes,145230530,No,Yes,,145229360_145230530,145230530_145229360
145229376,Yes,145230518,No,Yes,,145229376_145230518,145230518_145229376
145259844,Yes,145259845,No,Yes,,145259844_145259845,145259845_145259844
145259845,No,145259844,Yes,Yes,,145259845_145259844,145259844_145259845
145304956,Yes,145352553,No,Yes,,145304956_145352553,145352553_145304956
145304957,Yes,145353954,No,Yes,,145304957_145353954,145353954_145304957
145352553,No,145304956,Yes,Yes,,145352553_145304956,145304956_145352553
145353954,No,145304957,Yes,Yes,,145353954_145304957,145304957_145353954
145447563,Yes,145447564,No,Yes,,145447563_145447564,145447564_145447563
145482312,Yes,145482314,No,Yes,,145482312_145482314,145482314_145482312
145503639,Yes,145504060,No,Yes,,145503639_145504060,145504060_145503639
145503731,No,145504060,No,Yes,,145503731_145504060,145504060_145503731
145506887,Yes,145506917,No,Yes,,145506887_145506917,145506917_145506887
145506917,No,145506887,Yes,Yes,,145506917_145506887,145506887_145506917
145528958,Yes,145529218,No,Yes,,145528958_145529218,145529218_145528958
145586857,No,146132078,No,Yes,,145586857_146132078,146132078_145586857
145586905,Yes,145977313,No,Yes,,145586905_145977313,145977313_145586905
145616868,Yes,145616873,No,Yes,,145616868_145616873,145616873_145616868
145616873,No,145616868,Yes,Yes,,145616873_145616868,145616868_145616873
145911498,Yes,145911496,No,Yes,,145911498_145911496,145911496_145911498
145911511,Yes,145911514,No,Yes,,145911511_145911514,145911514_145911511
145911519,Yes,145911520,No,Yes,,145911519_145911520,145911520_145911519
145977227,No,145977222,No,Yes,,145977227_145977222,145977222_145977227
146136528,Yes,146136529,Yes,Yes,,146136528_146136529,146136529_146136528
146136529,Yes,146136528,Yes,Yes,,146136529_146136528,146136528_146136529
146151901,Yes,146708328,No,Yes,,146151901_146708328,146708328_146151901
146151902,Yes,146708393,No,Yes,,146151902_146708393,146708393_146151902
146153785,Yes,146153786,No,Yes,,146153785_146153786,146153786_146153785
146187228,Yes,146187230,No,Yes,,146187228_146187230,146187230_146187228
146243208,Yes,146787091,No,Yes,,146243208_146787091,146787091_146243208
146478854,Yes,146478855,Yes,Yes,,146478854_146478855,146478855_146478854
146478855,Yes,146478854,Yes,Yes,,146478855_146478854,146478854_146478855
146591268,Yes,146591269,No,Yes,,146591268_146591269,146591269_146591268
146600337,Yes,146600338,Yes,Yes,,146600337_146600338,146600338_146600337
146600338,Yes,146600337,Yes,Yes,,146600338_146600337,146600337_146600338
146644274,Yes,146644275,No,Yes,,146644274_146644275,146644275_146644274
146644275,No,146644274,Yes,Yes,,146644275_146644274,146644274_146644275
146658103,Yes,146658053,No,Yes,,146658103_146658053,146658053_146658103
146665015,Yes,146664948,No,Yes,,146665015_146664948,146664948_146665015
146670034,Yes,146670046,No,Yes,,146670034_146670046,146670046_146670034
146670046,No,146670034,Yes,Yes,,146670046_146670034,146670034_146670046
146680961,Yes,146680962,No,Yes,,146680961_146680962,146680962_146680961
146699117,Yes,146699119,No,Yes,,146699117_146699119,146699119_146699117
146699119,No,146699117,Yes,Yes,,146699119_146699117,146699117_146699119
146708101,No,146708102,No,Yes,,146708101_146708102,146708102_146708101
146708102,No,146708101,No,Yes,,146708102_146708101,146708101_146708102
146946668,Yes,146967885,Yes,Yes,,146946668_146967885,146967885_146946668
146967885,Yes,146967887,No,Yes,,146967885_146967887,146967887_146967885
146970081,Yes,146970085,No,Yes,,146970081_146970085,146970085_146970081
147044337,Yes,339190099,No,Yes,,147044337_339190099,339190099_147044337
147181145,No,146922395,No,Yes,,147181145_146922395,146922395_147181145
147197496,No,337090164,No,Yes,,147197496_337090164,337090164_147197496
147248126,Yes,147248126,Yes,Yes,,147248126_147248126,147248126_147248126
147248128,Yes,147248129,No,Yes,,147248128_147248129,147248129_147248128
147248129,No,147248128,Yes,Yes,,147248129_147248128,147248128_147248129
147280342,Yes,147280344,Yes,Yes,,147280342_147280344,147280344_147280342
147280344,Yes,147280342,Yes,Yes,,147280344_147280342,147280342_147280344
147290982,Yes,147290984,No,Yes,,147290982_147290984,147290984_147290982
147290984,No,147290982,Yes,Yes,,147290984_147290982,147290982_147290984
147519995,Yes,147519998,No,Yes,,147519995_147519998,147519998_147519995
147519995,Yes,147519997,No,Yes,,147519995_147519997,147519997_147519995
147519995,Yes,147519996,Yes,Yes,,147519995_147519996,147519996_147519995
147519996,Yes,147519995,Yes,Yes,,147519996_147519995,147519995_147519996
147519997,No,147519995,Yes,Yes,,147519997_147519995,147519995_147519997
147524292,Yes,147524441,Yes,Yes,,147524292_147524441,147524441_147524292
147524441,Yes,147524292,Yes,Yes,,147524441_147524292,147524292_147524441
147603454,Yes,147757321,No,Yes,,147603454_147757321,147757321_147603454
147732166,No,147732169,No,Yes,,147732166_147732169,147732169_147732166
147784983,Yes,147784984,No,Yes,,147784983_147784984,147784984_147784983
147836387,Yes,320943187,Yes,Yes,,147836387_320943187,320943187_147836387
147886725,Yes,147886774,No,Yes,,147886725_147886774,147886774_147886725
147886774,No,147886725,Yes,Yes,,147886774_147886725,147886725_147886774
148052051,No,56671934,No,Yes,,148052051_56671934,56671934_148052051
148335968,Yes,148336053,Yes,Yes,,148335968_148336053,148336053_148335968
148336053,Yes,148335968,Yes,Yes,,148336053_148335968,148335968_148336053
148361365,Yes,148361386,Yes,Yes,,148361365_148361386,148361386_148361365
148361386,Yes,148361365,Yes,Yes,,148361386_148361365,148361365_148361386
148463938,Yes,148463939,Yes,Yes,,148463938_148463939,148463939_148463938
148463939,Yes,148463938,Yes,Yes,,148463939_148463938,148463938_148463939
148463960,Yes,148463959,No,Yes,,148463960_148463959,148463959_148463960
148463998,No,148464002,Yes,Yes,,148463998_148464002,148464002_148463998
148464002,Yes,148463998,No,Yes,,148464002_148463998,148463998_148464002
148562687,No,66022256,Yes,Yes,,148562687_66022256,66022256_148562687
148878246,Yes,148878245,No,Yes,,148878246_148878245,148878245_148878246
148878300,Yes,148878302,No,Yes,,148878300_148878302,148878302_148878300
149003323,Yes,231980627,No,Yes,,149003323_231980627,231980627_149003323
149034511,Yes,149034514,No,Yes,,149034511_149034514,149034514_149034511
149214354,Yes,149214834,No,Yes,,149214354_149214834,149214834_149214354
149214834,No,149214354,Yes,Yes,,149214834_149214354,149214354_149214834
149311967,Yes,40576956,No,Yes,,149311967_40576956,40576956_149311967
149352301,Yes,149352454,Yes,Yes,,149352301_149352454,149352454_149352301
149352454,Yes,149352301,Yes,Yes,,149352454_149352301,149352301_149352454
149462152,No,231980626,No,Yes,,149462152_231980626,231980626_149462152
149463617,No,149463618,Yes,Yes,,149463617_149463618,149463618_149463617
149463618,Yes,149463617,No,Yes,,149463618_149463617,149463617_149463618
149463618,Yes,149463619,No,Yes,,149463618_149463619,149463619_149463618
149463619,No,149463618,Yes,Yes,,149463619_149463618,149463618_149463619
149490842,Yes,149490841,No,Yes,,149490842_149490841,149490841_149490842
149968300,Yes,149968321,No,Yes,,149968300_149968321,149968321_149968300
149979514,No,63546554,No,Yes,,149979514_63546554,63546554_149979514
150088801,Yes,150088621,No,Yes,,150088801_150088621,150088621_150088801
150090217,Yes,150090218,Yes,Yes,,150090217_150090218,150090218_150090217
150090218,Yes,150090217,Yes,Yes,,150090218_150090217,150090217_150090218
150113454,Yes,150113456,Yes,Yes,,150113454_150113456,150113456_150113454
150113456,Yes,150113454,Yes,Yes,,150113456_150113454,150113454_150113456
150232332,Yes,150232395,Yes,Yes,,150232332_150232395,150232395_150232332
150232395,Yes,150232332,Yes,Yes,,150232395_150232332,150232332_150232395
150434429,No,150434596,Yes,Yes,,150434429_150434596,150434596_150434429
150434596,Yes,150434429,No,Yes,,150434596_150434429,150434429_150434596
150509953,Yes,150511090,No,Yes,,150509953_150511090,150511090_150509953
150511090,No,150509953,Yes,Yes,,150511090_150509953,150509953_150511090
150648403,Yes,150648404,Yes,Yes,,150648403_150648404,150648404_150648403
150648404,Yes,150648403,Yes,Yes,,150648404_150648403,150648403_150648404
150690258,Yes,150690259,Yes,Yes,,150690258_150690259,150690259_150690258
150690259,Yes,150690258,Yes,Yes,,150690259_150690258,150690258_150690259
150729499,Yes,150729929,No,Yes,,150729499_150729929,150729929_150729499
150729929,No,150729499,Yes,Yes,,150729929_150729499,150729499_150729929
150862766,Yes,150862767,Yes,Yes,,150862766_150862767,150862767_150862766
150862767,Yes,150862766,Yes,Yes,,150862767_150862766,150862766_150862767
150979853,No,279605427,No,Yes,,150979853_279605427,279605427_150979853
151153335,Yes,151156146,No,Yes,,151153335_151156146,151156146_151153335
151156146,No,151153335,Yes,Yes,,151156146_151153335,151153335_151156146
151495380,Yes,151495382,No,Yes,,151495380_151495382,151495382_151495380
151634439,Yes,151634441,Yes,Yes,,151634439_151634441,151634441_151634439
151634441,Yes,151634439,Yes,Yes,,151634441_151634439,151634439_151634441
151850970,Yes,151850971,No,Yes,,151850970_151850971,151850971_151850970
152206136,Yes,152206138,Yes,Yes,,152206136_152206138,152206138_152206136
152206138,Yes,152206136,Yes,Yes,,152206138_152206136,152206136_152206138
152232310,Yes,152246603,No,Yes,,152232310_152246603,152246603_152232310
152246603,No,152232310,Yes,Yes,,152246603_152232310,152232310_152246603
152304222,Yes,56906739,No,Yes,,152304222_56906739,56906739_152304222
152455784,No,152699695,Yes,Yes,,152455784_152699695,152699695_152455784
152698653,Yes,152698654,No,Yes,,152698653_152698654,152698654_152698653
152698654,No,152698653,Yes,Yes,,152698654_152698653,152698653_152698654
152699695,Yes,152455784,No,Yes,,152699695_152455784,152455784_152699695
152815107,Yes,152815031,No,Yes,,152815107_152815031,152815031_152815107
153157712,Yes,153157717,No,Yes,,153157712_153157717,153157717_153157712
153361849,Yes,153361854,No,Yes,,153361849_153361854,153361854_153361849
153506829,Yes,153506831,No,Yes,,153506829_153506831,153506831_153506829
153554072,Yes,155762001,No,Yes,,153554072_155762001,155762001_153554072
153574550,Yes,153574549,No,Yes,,153574550_153574549,153574549_153574550
153921542,No,166033898,No,Yes,,153921542_166033898,166033898_153921542
154070701,Yes,64668806,Yes,Yes,,154070701_64668806,64668806_154070701
154217382,Yes,154217383,Yes,Yes,,154217382_154217383,154217383_154217382
154217383,Yes,154217382,Yes,Yes,,154217383_154217382,154217382_154217383
154580263,No,154580132,No,Yes,,154580263_154580132,154580132_154580263
154636064,No,202927088,No,Yes,,154636064_202927088,202927088_154636064
154643158,Yes,154637312,No,Yes,,154643158_154637312,154637312_154643158
155358313,No,155358527,No,Yes,,155358313_155358527,155358527_155358313
155497436,Yes,268129698,No,Yes,,155497436_268129698,268129698_155497436
155497645,Yes,268129355,No,Yes,,155497645_268129355,268129355_155497645
155506374,Yes,264348402,No,Yes,,155506374_264348402,264348402_155506374
155707588,No,155707589,Yes,Yes,,155707588_155707589,155707589_155707588
155707589,Yes,155707588,No,Yes,,155707589_155707588,155707588_155707589
155976459,No,155976461,Yes,Yes,,155976459_155976461,155976461_155976459
155976461,Yes,155976459,No,Yes,,155976461_155976459,155976459_155976461
155991285,Yes,155991368,No,Yes,,155991285_155991368,155991368_155991285
156169243,No,156424100,No,Yes,,156169243_156424100,156424100_156169243
156424100,No,156169243,No,Yes,,156424100_156169243,156169243_156424100
156948180,Yes,156948188,No,Yes,,156948180_156948188,156948188_156948180
156948188,No,156948180,Yes,Yes,,156948188_156948180,156948180_156948188
156949331,Yes,156949328,No,Yes,,156949331_156949328,156949328_156949331
157125624,Yes,157126014,No,Yes,,157125624_157126014,157126014_157125624
157233665,Yes,157233801,No,Yes,,157233665_157233801,157233801_157233665
157526764,No,157527462,Yes,Yes,,157526764_157527462,157527462_157526764
157527462,Yes,157526764,No,Yes,,157527462_157526764,157526764_157527462
157566409,Yes,157565873,No,Yes,,157566409_157565873,157565873_157566409
158530269,Yes,158540087,Yes,Yes,,158530269_158540087,158540087_158530269
158540087,Yes,158530269,Yes,Yes,,158540087_158530269,158530269_158540087
159190540,No,159190542,Yes,Yes,,159190540_159190542,159190542_159190540
159190542,Yes,159190540,No,Yes,,159190542_159190540,159190540_159190542
159202601,Yes,159203221,No,Yes,,159202601_159203221,159203221_159202601
159257451,Yes,159257452,No,Yes,,159257451_159257452,159257452_159257451
159680831,No,159680512,No,Yes,,159680831_159680512,159680512_159680831
159832640,Yes,159832878,No,Yes,,159832640_159832878,159832878_159832640
160221880,No,160221882,Yes,Yes,,160221880_160221882,160221882_160221880
160221882,Yes,160221880,No,Yes,,160221882_160221880,160221880_160221882
160293320,Yes,160292969,No,Yes,,160293320_160292969,160292969_160293320
160363236,Yes,160363238,Yes,Yes,,160363236_160363238,160363238_160363236
160363238,Yes,160363236,Yes,Yes,,160363238_160363236,160363236_160363238
160618875,Yes,160618877,No,Yes,,160618875_160618877,160618877_160618875
160618880,Yes,160618881,No,Yes,,160618880_160618881,160618881_160618880
160618882,Yes,160618885,No,Yes,,160618882_160618885,160618885_160618882
160710567,Yes,160710568,No,Yes,,160710567_160710568,160710568_160710567
161266414,Yes,161266415,No,Yes,,161266414_161266415,161266415_161266414
161266416,Yes,161266418,No,Yes,,161266416_161266418,161266418_161266416
161327859,Yes,161327863,No,Yes,,161327859_161327863,161327863_161327859
161327863,No,161327859,Yes,Yes,,161327863_161327859,161327859_161327863
161642299,Yes,161642300,No,Yes,,161642299_161642300,161642300_161642299
161642383,Yes,161642385,No,Yes,,161642383_161642385,161642385_161642383
161642385,No,161642383,Yes,Yes,,161642385_161642383,161642383_161642385
161750532,Yes,161750533,Yes,Yes,,161750532_161750533,161750533_161750532
161750533,Yes,161750532,Yes,Yes,,161750533_161750532,161750532_161750533
161752973,No,161754190,Yes,Yes,,161752973_161754190,161754190_161752973
161754190,Yes,161752973,No,Yes,,161754190_161752973,161752973_161754190
161766756,Yes,161767034,No,Yes,,161766756_161767034,161767034_161766756
161847850,Yes,161878254,No,Yes,,161847850_161878254,161878254_161847850
161878254,No,161847850,Yes,Yes,,161878254_161847850,161847850_161878254
161942756,Yes,161942758,Yes,Yes,,161942756_161942758,161942758_161942756
161942758,Yes,161942756,Yes,Yes,,161942758_161942756,161942756_161942758
161957367,No,161957626,Yes,Yes,,161957367_161957626,161957626_161957367
161957626,Yes,161957367,No,Yes,,161957626_161957367,161957367_161957626
162036674,Yes,162036918,Yes,Yes,,162036674_162036918,162036918_162036674
162036918,Yes,162036674,Yes,Yes,,162036918_162036674,162036674_162036918
162558307,Yes,162644230,No,Yes,,162558307_162644230,162644230_162558307
162566741,Yes,181468916,No,Yes,,162566741_181468916,181468916_162566741
162581549,Yes,162581550,Yes,Yes,,162581549_162581550,162581550_162581549
162581550,Yes,162581549,Yes,Yes,,162581550_162581549,162581549_162581550
162689388,Yes,204837836,No,Yes,,162689388_204837836,204837836_162689388
162981333,Yes,162981513,Yes,Yes,,162981333_162981513,162981513_162981333
162981513,Yes,162981333,Yes,Yes,,162981513_162981333,162981333_162981513
163073216,Yes,337448283,No,Yes,,163073216_337448283,337448283_163073216
163168761,No,189526524,No,Yes,,163168761_189526524,189526524_163168761
163317530,Yes,163317533,No,Yes,,163317530_163317533,163317533_163317530
163319643,No,163319647,No,Yes,,163319643_163319647,163319647_163319643
163319647,No,163319643,No,Yes,,163319647_163319643,163319643_163319647
163367013,Yes,163367318,No,Yes,,163367013_163367318,163367318_163367013
163372543,Yes,163372546,Yes,Yes,,163372543_163372546,163372546_163372543
163372546,Yes,163372543,Yes,Yes,,163372546_163372543,163372543_163372546
163372554,Yes,163372555,No,Yes,,163372554_163372555,163372555_163372554
163447899,Yes,163448064,No,Yes,,163447899_163448064,163448064_163447899
163617956,Yes,163617883,No,Yes,,163617956_163617883,163617883_163617956
163688739,Yes,163688741,No,Yes,,163688739_163688741,163688741_163688739
163796134,Yes,163796151,Yes,Yes,,163796134_163796151,163796151_163796134
163796151,Yes,163796134,Yes,Yes,,163796151_163796134,163796134_163796151
163828074,No,163828076,Yes,Yes,,163828074_163828076,163828076_163828074
163828074,No,163828075,Yes,Yes,,163828074_163828075,163828075_163828074
163828075,Yes,163828074,No,Yes,,163828075_163828074,163828074_163828075
163828076,Yes,163828074,No,Yes,,163828076_163828074,163828074_163828076
163865333,Yes,163865335,Yes,Yes,,163865333_163865335,163865335_163865333
163865335,Yes,163865333,Yes,Yes,,163865335_163865333,163865333_163865335
163865389,Yes,163867289,Yes,Yes,,163865389_163867289,163867289_163865389
163865919,Yes,163865925,No,Yes,,163865919_163865925,163865925_163865919
163867289,Yes,163865389,Yes,Yes,,163867289_163865389,163865389_163867289
163875259,Yes,163875267,No,Yes,,163875259_163875267,163875267_163875259
163875263,Yes,163875267,No,Yes,,163875263_163875267,163875267_163875263
163875271,Yes,163875267,No,Yes,,163875271_163875267,163875267_163875271
163878193,Yes,163878311,Yes,Yes,,163878193_163878311,163878311_163878193
163878311,Yes,163878193,Yes,Yes,,163878311_163878193,163878193_163878311
163880428,No,337447959,No,Yes,,163880428_337447959,337447959_163880428
163958593,Yes,163958602,Yes,Yes,,163958593_163958602,163958602_163958593
163958602,Yes,163958593,Yes,Yes,,163958602_163958593,163958593_163958602
164112155,Yes,164112157,Yes,Yes,,164112155_164112157,164112157_164112155
164112157,Yes,164112155,Yes,Yes,,164112157_164112155,164112155_164112157
164206506,Yes,164206508,No,Yes,,164206506_164206508,164206508_164206506
164308424,Yes,164308762,No,Yes,,164308424_164308762,164308762_164308424
164308776,Yes,164308907,Yes,Yes,,164308776_164308907,164308907_164308776
164308907,Yes,164308776,Yes,Yes,,164308907_164308776,164308776_164308907
164456499,Yes,164456502,No,Yes,,164456499_164456502,164456502_164456499
164456502,No,164456499,Yes,Yes,,164456502_164456499,164456499_164456502
164485479,Yes,164485487,Yes,Yes,,164485479_164485487,164485487_164485479
164485487,Yes,164485479,Yes,Yes,,164485487_164485479,164485479_164485487
164485538,Yes,164485543,Yes,Yes,,164485538_164485543,164485543_164485538
164485543,Yes,164485538,Yes,Yes,,164485543_164485538,164485538_164485543
164511478,Yes,164511484,No,Yes,,164511478_164511484,164511484_164511478
164511484,No,164511478,Yes,Yes,,164511484_164511478,164511478_164511484
164531990,Yes,165313232,No,Yes,,164531990_165313232,165313232_164531990
164532033,Yes,164532035,Yes,Yes,,164532033_164532035,164532035_164532033
164532035,Yes,164532033,Yes,Yes,,164532035_164532033,164532033_164532035
164650523,Yes,164650696,No,Yes,,164650523_164650696,164650696_164650523
164654693,Yes,164637397,No,Yes,,164654693_164637397,164637397_164654693
164680020,No,164680021,Yes,Yes,,164680020_164680021,164680021_164680020
164680021,Yes,164680020,No,Yes,,164680021_164680020,164680020_164680021
164835009,Yes,164835014,No,Yes,,164835009_164835014,164835014_164835009
164877730,Yes,164877693,No,Yes,,164877730_164877693,164877693_164877730
164883042,Yes,164883087,No,Yes,,164883042_164883087,164883087_164883042
164883087,No,164883042,Yes,Yes,,164883087_164883042,164883042_164883087
164987932,Yes,164987820,No,Yes,,164987932_164987820,164987820_164987932
165209327,Yes,165209461,Yes,Yes,,165209327_165209461,165209461_165209327
165209461,Yes,165209327,Yes,Yes,,165209461_165209327,165209327_165209461
165313232,No,164531990,Yes,Yes,,165313232_164531990,164531990_165313232
165671288,Yes,165671181,No,Yes,,165671288_165671181,165671181_165671288
165875681,No,194388655,No,Yes,,165875681_194388655,194388655_165875681
166018497,Yes,166018498,Yes,Yes,,166018497_166018498,166018498_166018497
166018498,Yes,166018497,Yes,Yes,,166018498_166018497,166018497_166018498
166033898,No,153921542,No,Yes,,166033898_153921542,153921542_166033898
166033984,Yes,129824814,Yes,Yes,,166033984_129824814,129824814_166033984
166146708,Yes,166146712,Yes,Yes,,166146708_166146712,166146712_166146708
166146712,Yes,166146708,Yes,Yes,,166146712_166146708,166146708_166146712
166276086,Yes,166276088,Yes,Yes,,166276086_166276088,166276088_166276086
166276088,Yes,166276086,Yes,Yes,,166276088_166276086,166276086_166276088
166334463,Yes,166438978,No,Yes,,166334463_166438978,166438978_166334463
166444813,No,266255361,Yes,Yes,,166444813_266255361,266255361_166444813
166471021,Yes,166471022,Yes,Yes,,166471021_166471022,166471022_166471021
166471022,Yes,166471021,Yes,Yes,,166471022_166471021,166471021_166471022
166530832,No,166530897,No,Yes,,166530832_166530897,166530897_166530832
166530897,No,166530832,No,Yes,,166530897_166530832,166530832_166530897
166570780,No,166570782,Yes,Yes,,166570780_166570782,166570782_166570780
166570782,Yes,166570780,No,Yes,,166570782_166570780,166570780_166570782
166664276,Yes,166704990,No,Yes,,166664276_166704990,166704990_166664276
166686116,Yes,166686118,No,Yes,,166686116_166686118,166686118_166686116
166686118,No,166686116,Yes,Yes,,166686118_166686116,166686116_166686118
166752859,Yes,258611666,Yes,Yes,,166752859_258611666,258611666_166752859
166785191,Yes,166785194,No,Yes,,166785191_166785194,166785194_166785191
166785194,No,166785191,Yes,Yes,,166785194_166785191,166785191_166785194
166849318,No,168513249,No,Yes,,166849318_168513249,168513249_166849318
166861084,Yes,166861406,No,Yes,,166861084_166861406,166861406_166861084
166861406,No,166861084,Yes,Yes,,166861406_166861084,166861084_166861406
166877010,Yes,166735395,No,Yes,,166877010_166735395,166735395_166877010
167004799,No,167004922,No,Yes,,167004799_167004922,167004922_167004799
167329686,Yes,167329738,No,Yes,,167329686_167329738,167329738_167329686
167329738,No,167329686,Yes,Yes,,167329738_167329686,167329686_167329738
167333393,No,167333394,No,Yes,,167333393_167333394,167333394_167333393
167333394,No,167333393,No,Yes,,167333394_167333393,167333393_167333394
167340711,Yes,167404783,No,Yes,,167340711_167404783,167404783_167340711
167394072,No,167394069,No,Yes,,167394072_167394069,167394069_167394072
167451230,Yes,167450906,No,Yes,,167451230_167450906,167450906_167451230
167642206,Yes,167642789,No,Yes,,167642206_167642789,167642789_167642206
167679006,Yes,167573601,No,Yes,,167679006_167573601,167573601_167679006
167703827,Yes,167704060,No,Yes,,167703827_167704060,167704060_167703827
167756154,No,167756157,No,Yes,,167756154_167756157,167756157_167756154
167946456,Yes,167947305,No,Yes,,167946456_167947305,167947305_167946456
167947305,No,167946456,Yes,Yes,,167947305_167946456,167946456_167947305
168159981,Yes,168159983,No,Yes,,168159981_168159983,168159983_168159981
168159983,No,168159981,Yes,Yes,,168159983_168159981,168159981_168159983
168159990,No,168159987,No,Yes,,168159990_168159987,168159987_168159990
168205169,Yes,168251111,No,Yes,,168205169_168251111,168251111_168205169
168208577,Yes,168208579,Yes,Yes,,168208577_168208579,168208579_168208577
168208579,Yes,168208577,Yes,Yes,,168208579_168208577,168208577_168208579
168208591,Yes,168208588,No,Yes,,168208591_168208588,168208588_168208591
168208615,Yes,168208616,No,Yes,,168208615_168208616,168208616_168208615
168252568,Yes,205760409,Yes,Yes,,168252568_205760409,205760409_168252568
168311248,No,168311250,Yes,Yes,,168311248_168311250,168311250_168311248
168311250,Yes,168311248,No,Yes,,168311250_168311248,168311248_168311250
168781854,Yes,168781767,No,Yes,,168781854_168781767,168781767_168781854
168909311,Yes,207482370,Yes,Yes,,168909311_207482370,207482370_168909311
168948340,Yes,316926334,No,Yes,,168948340_316926334,316926334_168948340
169033812,Yes,169033814,No,Yes,,169033812_169033814,169033814_169033812
169123873,Yes,169123799,No,Yes,,169123873_169123799,169123799_169123873
169194947,Yes,188701633,No,Yes,,169194947_188701633,188701633_169194947
169196153,Yes,267974192,No,Yes,,169196153_267974192,267974192_169196153
169196377,Yes,267973364,No,Yes,,169196377_267973364,267973364_169196377
169218765,Yes,188700660,No,Yes,,169218765_188700660,188700660_169218765
169407098,Yes,169407100,Yes,Yes,,169407098_169407100,169407100_169407098
169407100,Yes,169407098,Yes,Yes,,169407100_169407098,169407098_169407100
169436103,Yes,169436104,No,Yes,,169436103_169436104,169436104_169436103
169551915,No,169552033,No,Yes,,169551915_169552033,169552033_169551915
169552033,No,169551915,No,Yes,,169552033_169551915,169551915_169552033
169557061,Yes,169557064,Yes,Yes,,169557061_169557064,169557064_169557061
169557064,Yes,169557061,Yes,Yes,,169557064_169557061,169557061_169557064
169732736,Yes,169313821,No,Yes,,169732736_169313821,169313821_169732736
169753767,No,219746258,No,Yes,,169753767_219746258,219746258_169753767
169753974,Yes,219746257,No,Yes,,169753974_219746257,219746257_169753974
169758822,Yes,231980624,No,Yes,,169758822_231980624,231980624_169758822
169797067,Yes,337446713,No,Yes,,169797067_337446713,337446713_169797067
169857726,Yes,219743519,No,Yes,,169857726_219743519,219743519_169857726
169903188,Yes,169903237,No,Yes,,169903188_169903237,169903237_169903188
169905539,Yes,231980620,No,Yes,,169905539_231980620,231980620_169905539
170027691,Yes,170027836,No,Yes,,170027691_170027836,170027836_170027691
170100353,Yes,170128185,No,Yes,,170100353_170128185,170128185_170100353
170128185,No,170100353,Yes,Yes,,170128185_170100353,170100353_170128185
170178213,Yes,170178211,No,Yes,,170178213_170178211,170178211_170178213
170346135,Yes,170347914,Yes,Yes,,170346135_170347914,170347914_170346135
170347914,Yes,170346135,Yes,Yes,,170347914_170346135,170346135_170347914
170458393,Yes,173623649,Yes,Yes,,170458393_173623649,173623649_170458393
170522151,Yes,13465172,No,Yes,,170522151_13465172,13465172_170522151
170534115,Yes,170524534,No,Yes,,170534115_170524534,170524534_170534115
170551703,Yes,205753681,No,Yes,,170551703_205753681,205753681_170551703
170770827,Yes,170770996,No,Yes,,170770827_170770996,170770996_170770827
170770996,No,170770827,Yes,Yes,,170770996_170770827,170770827_170770996
171151687,Yes,171151685,No,Yes,,171151687_171151685,171151685_171151687
171151690,Yes,171151689,No,Yes,,171151690_171151689,171151689_171151690
171162399,Yes,171162401,Yes,Yes,,171162399_171162401,171162401_171162399
171162401,Yes,171162399,Yes,Yes,,171162401_171162399,171162399_171162401
171207871,Yes,171208191,Yes,Yes,,171207871_171208191,171208191_171207871
171208191,Yes,171207871,Yes,Yes,,171208191_171207871,171207871_171208191
171307086,Yes,171307087,No,Yes,,171307086_171307087,171307087_171307086
171307087,No,171307086,Yes,Yes,,171307087_171307086,171307086_171307087
171330459,Yes,171330460,No,Yes,,171330459_171330460,171330460_171330459
171330460,No,171330459,Yes,Yes,,171330460_171330459,171330459_171330460
171370948,Yes,171370956,No,Yes,,171370948_171370956,171370956_171370948
171370957,Yes,171370961,No,Yes,,171370957_171370961,171370961_171370957
171400645,Yes,171400646,No,Yes,,171400645_171400646,171400646_171400645
171535524,Yes,171535892,No,Yes,,171535524_171535892,171535892_171535524
172156633,No,172156739,Yes,Yes,,172156633_172156739,172156739_172156633
172156739,Yes,172156633,No,Yes,,172156739_172156633,172156633_172156739
172564154,Yes,172563983,No,Yes,,172564154_172563983,172563983_172564154
172569457,Yes,267970253,Yes,Yes,,172569457_267970253,267970253_172569457
172569936,Yes,172570107,Yes,Yes,,172569936_172570107,172570107_172569936
172570107,Yes,172569936,Yes,Yes,,172570107_172569936,172569936_172570107
172583862,No,172584052,No,Yes,,172583862_172584052,172584052_172583862
172591140,Yes,172586893,No,Yes,,172591140_172586893,172586893_172591140
172739731,Yes,172739736,No,Yes,,172739731_172739736,172739736_172739731
172739736,No,172739731,Yes,Yes,,172739736_172739731,172739731_172739736
173009668,Yes,173009670,Yes,Yes,,173009668_173009670,173009670_173009668
173009670,Yes,173009668,Yes,Yes,,173009670_173009668,173009668_173009670
173109613,Yes,173109614,No,Yes,,173109613_173109614,173109614_173109613
173130239,Yes,173130240,No,Yes,,173130239_173130240,173130240_173130239
173332580,Yes,173332645,No,Yes,,173332580_173332645,173332645_173332580
173447117,No,173441840,No,Yes,,173447117_173441840,173441840_173447117
173525063,Yes,176530117,No,Yes,,173525063_176530117,176530117_173525063
173623649,Yes,170458393,Yes,Yes,,173623649_170458393,170458393_173623649
173689838,Yes,173689918,No,Yes,,173689838_173689918,173689918_173689838
173696204,Yes,173697317,No,Yes,,173696204_173697317,173697317_173696204
173709669,Yes,173709884,No,Yes,,173709669_173709884,173709884_173709669
173734314,Yes,173734315,No,Yes,,173734314_173734315,173734315_173734314
173861262,No,173860955,Yes,Yes,,173861262_173860955,173860955_173861262
174052663,No,174052871,No,Yes,,174052663_174052871,174052871_174052663
174225574,Yes,340891953,No,Yes,,174225574_340891953,340891953_174225574
174225580,Yes,340891948,No,Yes,,174225580_340891948,340891948_174225580
174299884,Yes,174299955,No,Yes,,174299884_174299955,174299955_174299884
174441015,Yes,174442270,No,Yes,,174441015_174442270,174442270_174441015
174442270,No,174441015,Yes,Yes,,174442270_174441015,174441015_174442270
174507228,Yes,174508504,No,Yes,,174507228_174508504,174508504_174507228
174509697,Yes,174510068,No,Yes,,174509697_174510068,174510068_174509697
174510068,No,174509697,Yes,Yes,,174510068_174509697,174509697_174510068
174786723,Yes,174786726,No,Yes,,174786723_174786726,174786726_174786723
174786726,No,174786723,Yes,Yes,,174786726_174786723,174786723_174786726
174887210,Yes,174887743,Yes,Yes,,174887210_174887743,174887743_174887210
174887743,Yes,174887210,Yes,Yes,,174887743_174887210,174887210_174887743
174922736,No,128065484,Yes,Yes,,174922736_128065484,128065484_174922736
174928775,Yes,174929325,Yes,Yes,,174928775_174929325,174929325_174928775
174929325,Yes,174928775,Yes,Yes,,174929325_174928775,174928775_174929325
174964734,No,174964740,No,Yes,,174964734_174964740,174964740_174964734
174964740,No,174964734,No,Yes,,174964740_174964734,174964734_174964740
174988415,Yes,176152572,Yes,Yes,,174988415_176152572,176152572_174988415
174997529,Yes,157565873,No,Yes,,174997529_157565873,157565873_174997529
175091472,Yes,175091496,No,Yes,,175091472_175091496,175091496_175091472
175091496,No,175091472,Yes,Yes,,175091496_175091472,175091472_175091496
175147669,Yes,175147687,No,Yes,,175147669_175147687,175147687_175147669
175147716,Yes,175147687,No,Yes,,175147716_175147687,175147687_175147716
175147760,Yes,175147687,No,Yes,,175147760_175147687,175147687_175147760
175147779,No,175147687,No,Yes,,175147779_175147687,175147687_175147779
175148117,Yes,175147687,No,Yes,,175148117_175147687,175147687_175148117
175289892,Yes,175290098,No,Yes,,175289892_175290098,175290098_175289892
175392764,No,175411647,No,Yes,,175392764_175411647,175411647_175392764
175411647,No,175392764,No,Yes,,175411647_175392764,175392764_175411647
175519438,Yes,175519663,Yes,Yes,,175519438_175519663,175519663_175519438
175519663,Yes,175519438,Yes,Yes,,175519663_175519438,175519438_175519663
175586160,Yes,337446078,No,Yes,,175586160_337446078,337446078_175586160
175801594,Yes,175801601,Yes,Yes,,175801594_175801601,175801601_175801594
175801601,Yes,175801594,Yes,Yes,,175801601_175801594,175801594_175801601
176152572,Yes,174988415,Yes,Yes,,176152572_174988415,174988415_176152572
176220398,Yes,176220399,Yes,Yes,,176220398_176220399,176220399_176220398
176220399,Yes,176220398,Yes,Yes,,176220399_176220398,176220398_176220399
176220408,Yes,176352849,No,Yes,,176220408_176352849,176352849_176220408
176247844,Yes,176248010,No,Yes,,176247844_176248010,176248010_176247844
176281433,Yes,176281897,No,Yes,,176281433_176281897,176281897_176281433
176439484,Yes,199385178,Yes,Yes,,176439484_199385178,199385178_176439484
176455112,Yes,176455111,Yes,Yes,,176455112_176455111,176455111_176455112
176561710,No,176561713,Yes,Yes,,176561710_176561713,176561713_176561710
176561713,Yes,176561710,No,Yes,,176561713_176561710,176561710_176561713
176563841,Yes,176563843,No,Yes,,176563841_176563843,176563843_176563841
176667607,Yes,176667698,No,Yes,,176667607_176667698,176667698_176667607
176762618,Yes,176762617,No,Yes,,176762618_176762617,176762617_176762618
176803768,Yes,176803770,Yes,Yes,,176803768_176803770,176803770_176803768
176803770,Yes,176803768,Yes,Yes,,176803770_176803768,176803768_176803770
176824116,Yes,176824147,No,Yes,,176824116_176824147,176824147_176824116
177013080,Yes,177013081,No,Yes,,177013080_177013081,177013081_177013080
177013086,Yes,177013088,No,Yes,,177013086_177013088,177013088_177013086
177013088,No,177013097,Yes,Yes,,177013088_177013097,177013097_177013088
177013088,No,177013096,Yes,Yes,,177013088_177013096,177013096_177013088
177013088,No,177013086,Yes,Yes,,177013088_177013086,177013086_177013088
177013096,Yes,177013088,No,Yes,,177013096_177013088,177013088_177013096
177013097,Yes,177013088,No,Yes,,177013097_177013088,177013088_177013097
177013264,Yes,177013266,No,Yes,,177013264_177013266,177013266_177013264
177013266,No,177013264,Yes,Yes,,177013266_177013264,177013264_177013266
177095979,Yes,177096001,Yes,Yes,,177095979_177096001,177096001_177095979
177096001,Yes,177095979,Yes,Yes,,177096001_177095979,177095979_177096001
177206839,Yes,177206966,No,Yes,,177206839_177206966,177206966_177206839
177206966,No,177206839,Yes,Yes,,177206966_177206839,177206839_177206966
177361430,Yes,177365954,Yes,Yes,,177361430_177365954,177365954_177361430
177365954,Yes,177361430,Yes,Yes,,177365954_177361430,177361430_177365954
177433093,Yes,177434489,No,Yes,,177433093_177434489,177434489_177433093
177455355,Yes,177455356,Yes,Yes,,177455355_177455356,177455356_177455355
177455356,Yes,177455355,Yes,Yes,,177455356_177455355,177455355_177455356
177589854,Yes,177589935,Yes,Yes,,177589854_177589935,177589935_177589854
177589935,Yes,177589935,Yes,Yes,,177589935_177589935,177589935_177589935
177749501,Yes,177749631,No,Yes,,177749501_177749631,177749631_177749501
177800648,Yes,177800649,No,Yes,,177800648_177800649,177800649_177800648
177987618,Yes,177987626,Yes,Yes,,177987618_177987626,177987626_177987618
177987626,Yes,177987618,Yes,Yes,,177987626_177987618,177987618_177987626
177987642,Yes,177987640,No,Yes,,177987642_177987640,177987640_177987642
177987657,Yes,177987660,No,Yes,,177987657_177987660,177987660_177987657
178032645,Yes,178033009,No,Yes,,178032645_178033009,178033009_178032645
178032800,No,178032795,No,Yes,,178032800_178032795,178032795_178032800
178032800,No,178721875,No,Yes,,178032800_178721875,178721875_178032800
178034655,Yes,178035018,No,Yes,,178034655_178035018,178035018_178034655
178238331,Yes,337445914,No,Yes,,178238331_337445914,337445914_178238331
178240827,Yes,178239255,No,Yes,,178240827_178239255,178239255_178240827
178242335,Yes,178242607,No,Yes,,178242335_178242607,178242607_178242335
178244103,Yes,178244373,Yes,Yes,,178244103_178244373,178244373_178244103
178244373,Yes,178244103,Yes,Yes,,178244373_178244103,178244103_178244373
178245198,Yes,205660762,No,Yes,,178245198_205660762,205660762_178245198
178246161,Yes,205660762,No,Yes,,178246161_205660762,205660762_178246161
178284845,Yes,178284847,Yes,Yes,,178284845_178284847,178284847_178284845
178284847,Yes,178284845,Yes,Yes,,178284847_178284845,178284845_178284847
178284857,Yes,178284857,Yes,Yes,,178284857_178284857,178284857_178284857
178284858,Yes,178284868,Yes,Yes,,178284858_178284868,178284868_178284858
178284868,Yes,178284857,Yes,Yes,,178284868_178284857,178284857_178284868
178284897,Yes,178284902,Yes,Yes,,178284897_178284902,178284902_178284897
178284902,Yes,178284897,Yes,Yes,,178284902_178284897,178284897_178284902
178284908,Yes,178284911,Yes,Yes,,178284908_178284911,178284911_178284908
178284911,Yes,178284908,Yes,Yes,,178284911_178284908,178284908_178284911
178284916,Yes,178284919,Yes,Yes,,178284916_178284919,178284919_178284916
178284919,Yes,178284916,Yes,Yes,,178284919_178284916,178284916_178284919
178284934,No,178284932,No,Yes,,178284934_178284932,178284932_178284934
178303529,Yes,178305209,No,Yes,,178303529_178305209,178305209_178303529
178714679,Yes,178714682,No,Yes,,178714679_178714682,178714682_178714679
178714682,No,178714679,Yes,Yes,,178714682_178714679,178714679_178714682
178726032,Yes,178726022,No,Yes,,178726032_178726022,178726022_178726032
178727578,Yes,178727579,No,Yes,,178727578_178727579,178727579_178727578
178727579,No,178727578,Yes,Yes,,178727579_178727578,178727578_178727579
178745403,Yes,178745816,No,Yes,,178745403_178745816,178745816_178745403
178745816,No,178745403,Yes,Yes,,178745816_178745403,178745403_178745816
178791565,No,178791563,No,Yes,,178791565_178791563,178791563_178791565
178809368,Yes,101262084,No,Yes,,178809368_101262084,101262084_178809368
178838432,Yes,178838523,No,Yes,,178838432_178838523,178838523_178838432
178853549,Yes,178853557,Yes,Yes,,178853549_178853557,178853557_178853549
178853557,Yes,178853549,Yes,Yes,,178853557_178853549,178853549_178853557
178988247,Yes,178988307,No,Yes,,178988247_178988307,178988307_178988247
179008890,Yes,179008892,No,Yes,,179008890_179008892,179008892_179008890
179021622,Yes,205659105,No,Yes,,179021622_205659105,205659105_179021622
179033349,Yes,179033352,Yes,Yes,,179033349_179033352,179033352_179033349
179033352,Yes,179033349,Yes,Yes,,179033352_179033349,179033349_179033352
179038572,Yes,178668068,No,Yes,,179038572_178668068,178668068_179038572
179235822,Yes,179235821,No,Yes,,179235822_179235821,179235821_179235822
179244943,Yes,179244942,No,Yes,,179244943_179244942,179244942_179244943
179638994,Yes,179638995,Yes,Yes,,179638994_179638995,179638995_179638994
179638995,Yes,179638994,Yes,Yes,,179638995_179638994,179638994_179638995
179707851,Yes,196201676,Yes,Yes,,179707851_196201676,196201676_179707851
179733264,Yes,179732655,No,Yes,,179733264_179732655,179732655_179733264
179761552,Yes,179761552,Yes,Yes,,179761552_179761552,179761552_179761552
179780107,Yes,188701953,No,Yes,,179780107_188701953,188701953_179780107
179854766,Yes,179761552,Yes,Yes,,179854766_179761552,179761552_179854766
179917122,Yes,179917125,Yes,Yes,,179917122_179917125,179917125_179917122
179917125,Yes,179917122,Yes,Yes,,179917125_179917122,179917122_179917125
180234956,No,47363732,Yes,Yes,,180234956_47363732,47363732_180234956
180538010,Yes,180537959,No,Yes,,180538010_180537959,180537959_180538010
180725653,Yes,180725628,No,Yes,,180725653_180725628,180725628_180725653
180779504,No,180780287,No,Yes,,180779504_180780287,180780287_180779504
180802759,Yes,180802550,No,Yes,,180802759_180802550,180802550_180802759
180814877,Yes,180814880,Yes,Yes,,180814877_180814880,180814880_180814877
180814880,Yes,180814877,Yes,Yes,,180814880_180814877,180814877_180814880
180875771,Yes,180875772,Yes,Yes,,180875771_180875772,180875772_180875771
180875772,Yes,180875771,Yes,Yes,,180875772_180875771,180875771_180875772
180929912,Yes,180931548,No,Yes,,180929912_180931548,180931548_180929912
180947691,Yes,261853341,Yes,Yes,,180947691_261853341,261853341_180947691
180967113,Yes,181465740,No,Yes,,180967113_181465740,181465740_180967113
180999449,Yes,180999682,Yes,Yes,,180999449_180999682,180999682_180999449
180999682,Yes,180999449,Yes,Yes,,180999682_180999449,180999449_180999682
181010063,Yes,181010260,Yes,Yes,,181010063_181010260,181010260_181010063
181010260,Yes,181010063,Yes,Yes,,181010260_181010063,181010063_181010260
181075263,Yes,181075264,No,Yes,,181075263_181075264,181075264_181075263
181082261,Yes,181082259,No,Yes,,181082261_181082259,181082259_181082261
181365471,Yes,205658027,No,Yes,,181365471_205658027,205658027_181365471
181456788,Yes,181586021,Yes,Yes,,181456788_181586021,181586021_181456788
181456813,Yes,181456816,No,Yes,,181456813_181456816,181456816_181456813
181466324,Yes,303265879,No,Yes,,181466324_303265879,303265879_181466324
181468916,No,162566741,Yes,Yes,,181468916_162566741,162566741_181468916
181478052,No,181478053,Yes,Yes,,181478052_181478053,181478053_181478052
181478053,Yes,181478052,No,Yes,,181478053_181478052,181478052_181478053
181538975,No,181538974,No,Yes,,181538975_181538974,181538974_181538975
181586021,Yes,181456788,Yes,Yes,,181586021_181456788,181456788_181586021
181586023,Yes,181456788,Yes,Yes,,181586023_181456788,181456788_181586023
181656320,Yes,181656321,No,Yes,,181656320_181656321,181656321_181656320
181785046,Yes,188691160,No,Yes,,181785046_188691160,188691160_181785046
181805057,Yes,181805058,No,Yes,,181805057_181805058,181805058_181805057
181805935,No,181805936,Yes,Yes,,181805935_181805936,181805936_181805935
181805936,Yes,181805935,No,Yes,,181805936_181805935,181805935_181805936
181926399,Yes,181926544,No,Yes,,181926399_181926544,181926544_181926399
181926544,No,181926399,Yes,Yes,,181926544_181926399,181926399_181926544
182380579,Yes,182380580,Yes,Yes,,182380579_182380580,182380580_182380579
182380580,Yes,182380579,Yes,Yes,,182380580_182380579,182380579_182380580
182394255,Yes,188583039,Yes,Yes,,182394255_188583039,188583039_182394255
182451840,No,62278764,No,Yes,,182451840_62278764,62278764_182451840
182452053,Yes,203354040,No,Yes,,182452053_203354040,203354040_182452053
182519492,Yes,182581392,No,Yes,,182519492_182581392,182581392_182519492
182581392,No,182519492,Yes,Yes,,182581392_182519492,182519492_182581392
182667805,No,182667811,No,Yes,,182667805_182667811,182667811_182667805
182887083,Yes,182887081,No,Yes,,182887083_182887081,182887081_182887083
182893647,Yes,182893805,No,Yes,,182893647_182893805,182893805_182893647
182893805,No,182893647,Yes,Yes,,182893805_182893647,182893647_182893805
182894754,Yes,182894875,No,Yes,,182894754_182894875,182894875_182894754
182961224,No,182962118,No,Yes,,182961224_182962118,182962118_182961224
182961224,No,182961339,No,Yes,,182961224_182961339,182961339_182961224
182961224,No,182961295,No,Yes,,182961224_182961295,182961295_182961224
182977352,Yes,182977605,Yes,Yes,,182977352_182977605,182977605_182977352
182977605,Yes,182977352,Yes,Yes,,182977605_182977352,182977352_182977605
183015299,Yes,183015348,Yes,Yes,,183015299_183015348,183015348_183015299
183015348,Yes,183015323,No,Yes,,183015348_183015323,183015323_183015348
183138247,Yes,183138376,Yes,Yes,,183138247_183138376,183138376_183138247
183138376,Yes,183138247,Yes,Yes,,183138376_183138247,183138247_183138376
183297484,Yes,183297504,No,Yes,,183297484_183297504,183297504_183297484
183323880,Yes,183323881,Yes,Yes,,183323880_183323881,183323881_183323880
183323881,Yes,183323880,Yes,Yes,,183323881_183323880,183323880_183323881
183353359,Yes,183353360,No,Yes,,183353359_183353360,183353360_183353359
183585379,No,183585495,No,Yes,,183585379_183585495,183585495_183585379
183589921,Yes,303557104,Yes,Yes,,183589921_303557104,303557104_183589921
183695772,Yes,183695842,Yes,Yes,,183695772_183695842,183695842_183695772
183695842,Yes,183695772,Yes,Yes,,183695842_183695772,183695772_183695842
183778576,Yes,183778585,Yes,Yes,,183778576_183778585,183778585_183778576
183778585,Yes,183778576,Yes,Yes,,183778585_183778576,183778576_183778585
183806663,Yes,183806666,Yes,Yes,,183806663_183806666,183806666_183806663
183806666,Yes,183806663,Yes,Yes,,183806666_183806663,183806663_183806666
183889022,Yes,183889023,Yes,Yes,,183889022_183889023,183889023_183889022
183889023,Yes,183889022,Yes,Yes,,183889023_183889022,183889022_183889023
183996203,Yes,195837840,No,Yes,,183996203_195837840,195837840_183996203
184153968,Yes,184154994,No,Yes,,184153968_184154994,184154994_184153968
184293326,Yes,184293327,No,Yes,,184293326_184293327,184293327_184293326
184293327,No,184293326,Yes,Yes,,184293327_184293326,184293326_184293327
184293341,Yes,184293336,No,Yes,,184293341_184293336,184293336_184293341
184293720,Yes,184293823,Yes,Yes,,184293720_184293823,184293823_184293720
184293823,Yes,184293720,Yes,Yes,,184293823_184293720,184293720_184293823
184305332,Yes,184304794,No,Yes,,184305332_184304794,184304794_184305332
184328391,Yes,184328081,No,Yes,,184328391_184328081,184328081_184328391
184331554,Yes,184331724,No,Yes,,184331554_184331724,184331724_184331554
184391879,Yes,184391880,Yes,Yes,,184391879_184391880,184391880_184391879
184391880,Yes,184391879,Yes,Yes,,184391880_184391879,184391879_184391880
184663456,No,184663457,No,Yes,,184663456_184663457,184663457_184663456
184663457,No,184663456,No,Yes,,184663457_184663456,184663456_184663457
184678260,Yes,184677938,No,Yes,,184678260_184677938,184677938_184678260
184727427,Yes,184727426,No,Yes,,184727427_184727426,184727426_184727427
184727464,Yes,184727466,No,Yes,,184727464_184727466,184727466_184727464
184860287,Yes,184860693,No,Yes,,184860287_184860693,184860693_184860287
184932586,Yes,185044798,Yes,Yes,,184932586_185044798,185044798_184932586
184980546,Yes,184980548,Yes,Yes,,184980546_184980548,184980548_184980546
184980548,Yes,184980546,Yes,Yes,,184980548_184980546,184980546_184980548
185044798,Yes,184932586,Yes,Yes,,185044798_184932586,184932586_185044798
185103511,Yes,185103515,Yes,Yes,,185103511_185103515,185103515_185103511
185103515,Yes,185103511,Yes,Yes,,185103515_185103511,185103511_185103515
185112131,Yes,18511219,No,Yes,,185112131_18511219,18511219_185112131
185112131,Yes,185112230,No,Yes,,185112131_185112230,185112230_185112131
185112185,Yes,185112161,No,Yes,,185112185_185112161,185112161_185112185
185112195,Yes,185112131,Yes,Yes,,185112195_185112131,185112131_185112195
185112230,No,185112131,Yes,Yes,,185112230_185112131,185112131_185112230
185160551,Yes,185160553,Yes,Yes,,185160551_185160553,185160553_185160551
185160553,Yes,185160551,Yes,Yes,,185160553_185160551,185160551_185160553
185167844,Yes,185167845,No,Yes,,185167844_185167845,185167845_185167844
185167856,Yes,185167859,Yes,Yes,,185167856_185167859,185167859_185167856
185167859,Yes,185167856,Yes,Yes,,185167859_185167856,185167856_185167859
185176934,Yes,185176937,No,Yes,,185176934_185176937,185176937_185176934
185189922,Yes,185189924,No,Yes,,185189922_185189924,185189924_185189922
185189929,Yes,185235928,No,Yes,,185189929_185235928,185235928_185189929
185189932,Yes,185189933,No,Yes,,185189932_185189933,185189933_185189932
185189933,No,185189932,Yes,Yes,,185189933_185189932,185189932_185189933
185235593,Yes,138033099,Yes,Yes,,185235593_138033099,138033099_185235593
185239050,Yes,185239060,Yes,Yes,,185239050_185239060,185239060_185239050
185239060,Yes,185239050,Yes,Yes,,185239060_185239050,185239050_185239060
185488938,Yes,185488939,Yes,Yes,,185488938_185488939,185488939_185488938
185488939,Yes,185488938,Yes,Yes,,185488939_185488938,185488938_185488939
185604151,Yes,185604152,Yes,Yes,,185604151_185604152,185604152_185604151
185604152,Yes,185604151,Yes,Yes,,185604152_185604151,185604151_185604152
185826638,Yes,185826642,No,Yes,,185826638_185826642,185826642_185826638
185851954,No,185851957,No,Yes,,185851954_185851957,185851957_185851954
185851969,Yes,185851971,Yes,Yes,,185851969_185851971,185851971_185851969
185851971,Yes,185851968,No,Yes,,185851971_185851968,185851968_185851971
186174612,Yes,186174615,No,Yes,,186174612_186174615,186174615_186174612
186202945,No,186202948,Yes,Yes,,186202945_186202948,186202948_186202945
186202948,Yes,186202945,No,Yes,,186202948_186202945,186202945_186202948
186233652,Yes,186233685,No,Yes,,186233652_186233685,186233685_186233652
186233685,No,186233652,Yes,Yes,,186233685_186233652,186233652_186233685
186234170,Yes,186234171,Yes,Yes,,186234170_186234171,186234171_186234170
186234171,Yes,186234170,Yes,Yes,,186234171_186234170,186234170_186234171
186306626,Yes,186307158,No,Yes,,186306626_186307158,186307158_186306626
186357210,Yes,337116113,Yes,Yes,,186357210_337116113,337116113_186357210
186520672,Yes,186520673,No,Yes,,186520672_186520673,186520673_186520672
186580299,No,186584694,Yes,Yes,,186580299_186584694,186584694_186580299
186584694,Yes,186580299,No,Yes,,186584694_186580299,186580299_186584694
186594559,Yes,186594560,Yes,Yes,,186594559_186594560,186594560_186594559
186594560,Yes,186594559,Yes,Yes,,186594560_186594559,186594559_186594560
186719741,Yes,186720389,No,Yes,,186719741_186720389,186720389_186719741
186736323,Yes,186736326,No,Yes,,186736323_186736326,186736326_186736323
186736326,No,186736323,Yes,Yes,,186736326_186736323,186736323_186736326
186738781,Yes,188704334,No,Yes,,186738781_188704334,188704334_186738781
186738794,Yes,186738795,Yes,Yes,,186738794_186738795,186738795_186738794
186738795,Yes,186738794,Yes,Yes,,186738795_186738794,186738794_186738795
186801422,Yes,186801512,No,Yes,,186801422_186801512,186801512_186801422
186912603,Yes,186912605,No,Yes,,186912603_186912605,186912605_186912603
187039219,Yes,187039220,No,Yes,,187039219_187039220,187039220_187039219
187039220,No,187039219,Yes,Yes,,187039220_187039219,187039219_187039220
187043107,Yes,187043106,No,Yes,,187043107_187043106,187043106_187043107
187064632,Yes,187064633,No,Yes,,187064632_187064633,187064633_187064632
187100285,Yes,187108669,No,Yes,,187100285_187108669,187108669_187100285
187170270,Yes,187170267,No,Yes,,187170270_187170267,187170267_187170270
187170273,Yes,187170271,No,Yes,,187170273_187170271,187170271_187170273
187309951,Yes,187310139,No,Yes,,187309951_187310139,187310139_187309951
187310139,No,187309951,Yes,Yes,,187310139_187309951,187309951_187310139
187327036,Yes,187327038,No,Yes,,187327036_187327038,187327038_187327036
187327927,Yes,187327926,No,Yes,,187327927_187327926,187327926_187327927
187434524,Yes,187435627,Yes,Yes,,187434524_187435627,187435627_187434524
187435627,Yes,187434524,Yes,Yes,,187435627_187434524,187434524_187435627
187442901,Yes,187442904,No,Yes,,187442901_187442904,187442904_187442901
187442925,Yes,188703318,Yes,Yes,,187442925_188703318,188703318_187442925
187442927,No,188703318,Yes,Yes,,187442927_188703318,188703318_187442927
187442929,Yes,188703318,Yes,Yes,,187442929_188703318,188703318_187442929
187447992,Yes,187706993,No,Yes,,187447992_187706993,187706993_187447992
187669540,No,187571433,No,Yes,,187669540_187571433,187571433_187669540
187720041,Yes,187720073,No,Yes,,187720041_187720073,187720073_187720041
187720050,Yes,187720054,No,Yes,,187720050_187720054,187720054_187720050
187798803,Yes,187798826,No,Yes,,187798803_187798826,187798826_187798803
187798814,Yes,187798817,Yes,Yes,,187798814_187798817,187798817_187798814
187798817,Yes,187798814,Yes,Yes,,187798817_187798814,187798814_187798817
187837314,No,187837315,No,Yes,,187837314_187837315,187837315_187837314
187837365,Yes,187837366,Yes,Yes,,187837365_187837366,187837366_187837365
187837366,Yes,187837365,Yes,Yes,,187837366_187837365,187837365_187837366
187894574,Yes,187952881,Yes,Yes,,187894574_187952881,187952881_187894574
187918606,Yes,187918607,No,Yes,,187918606_187918607,187918607_187918606
187918656,Yes,187918658,No,Yes,,187918656_187918658,187918658_187918656
187919136,Yes,187919137,No,Yes,,187919136_187919137,187919137_187919136
187919137,No,187919136,Yes,Yes,,187919137_187919136,187919136_187919137
187942286,Yes,187943681,No,Yes,,187942286_187943681,187943681_187942286
187952881,Yes,187894574,Yes,Yes,,187952881_187894574,187894574_187952881
187969686,Yes,187969687,No,Yes,,187969686_187969687,187969687_187969686
188053444,Yes,188053766,No,Yes,,188053444_188053766,188053766_188053444
188053766,No,188053444,Yes,Yes,,188053766_188053444,188053444_188053766
188107531,Yes,188107575,No,Yes,,188107531_188107575,188107575_188107531
188150419,Yes,188150421,No,Yes,,188150419_188150421,188150421_188150419
188207340,Yes,188207341,Yes,Yes,,188207340_188207341,188207341_188207340
188207341,Yes,188207340,Yes,Yes,,188207341_188207340,188207340_188207341
188284740,Yes,188284736,No,Yes,,188284740_188284736,188284736_188284740
188343567,No,188343767,No,Yes,,188343567_188343767,188343767_188343567
188352498,No,188352505,Yes,Yes,,188352498_188352505,188352505_188352498
188352505,Yes,188352498,No,Yes,,188352505_188352498,188352498_188352505
188407494,Yes,188490025,No,Yes,,188407494_188490025,188490025_188407494
188465845,Yes,188466171,Yes,Yes,,188465845_188466171,188466171_188465845
188466171,Yes,188465845,Yes,Yes,,188466171_188465845,188465845_188466171
188583039,Yes,182394255,Yes,Yes,,188583039_182394255,182394255_188583039
188687300,Yes,196655406,No,Yes,,188687300_196655406,196655406_188687300
188690574,Yes,7273981,Yes,Yes,,188690574_7273981,7273981_188690574
188691160,No,181785046,Yes,Yes,,188691160_181785046,181785046_188691160
188697268,Yes,14479871,No,Yes,,188697268_14479871,14479871_188697268
188697608,Yes,14479873,No,Yes,,188697608_14479873,14479873_188697608
188702717,No,187562467,No,Yes,,188702717_187562467,187562467_188702717
188703318,Yes,187442929,Yes,Yes,,188703318_187442929,187442929_188703318
188704747,Yes,111767959,No,Yes,,188704747_111767959,111767959_188704747
188712450,Yes,188712451,No,Yes,,188712450_188712451,188712451_188712450
188712453,Yes,188712451,No,Yes,,188712453_188712451,188712451_188712453
188712457,Yes,188712459,No,Yes,,188712457_188712459,188712459_188712457
188712459,No,188712457,Yes,Yes,,188712459_188712457,188712457_188712459
188712473,Yes,188712472,No,Yes,,188712473_188712472,188712472_188712473
188712476,Yes,188712472,No,Yes,,188712476_188712472,188712472_188712476
188712479,Yes,188712477,No,Yes,,188712479_188712477,188712477_188712479
188721356,Yes,188721362,No,Yes,,188721356_188721362,188721362_188721356
188731534,Yes,131000623,Yes,Yes,,188731534_131000623,131000623_188731534
188759734,Yes,188759735,Yes,Yes,,188759734_188759735,188759735_188759734
188759735,Yes,188759734,Yes,Yes,,188759735_188759734,188759734_188759735
188778853,Yes,191087066,No,Yes,,188778853_191087066,191087066_188778853
188780534,Yes,187171161,No,Yes,,188780534_187171161,187171161_188780534
188811788,Yes,188811789,No,Yes,,188811788_188811789,188811789_188811788
188816656,Yes,188816657,No,Yes,,188816656_188816657,188816657_188816656
188817749,Yes,308208764,No,Yes,,188817749_308208764,308208764_188817749
188854411,Yes,188854412,Yes,Yes,,188854411_188854412,188854412_188854411
188854412,Yes,188854411,Yes,Yes,,188854412_188854411,188854411_188854412
188854413,Yes,188854414,Yes,Yes,,188854413_188854414,188854414_188854413
188854414,Yes,188854413,Yes,Yes,,188854414_188854413,188854413_188854414
188856985,Yes,188856986,No,Yes,,188856985_188856986,188856986_188856985
188871569,Yes,188871570,No,Yes,,188871569_188871570,188871570_188871569
188898597,Yes,188898598,No,Yes,,188898597_188898598,188898598_188898597
188913501,No,188913500,No,Yes,,188913501_188913500,188913500_188913501
188927557,Yes,188927558,No,Yes,,188927557_188927558,188927558_188927557
188927558,No,188927557,Yes,Yes,,188927558_188927557,188927557_188927558
188958496,Yes,188958502,No,Yes,,188958496_188958502,188958502_188958496
188958508,Yes,188958496,Yes,Yes,,188958508_188958496,188958496_188958508
189035919,No,189035918,No,Yes,,189035919_189035918,189035918_189035919
189035934,Yes,189035936,Yes,Yes,,189035934_189035936,189035936_189035934
189035936,Yes,189035937,Yes,Yes,,189035936_189035937,189035937_189035936
189035936,Yes,189035934,Yes,Yes,,189035936_189035934,189035934_189035936
189035937,Yes,189035936,Yes,Yes,,189035937_189035936,189035936_189035937
189035942,Yes,189035938,No,Yes,,189035942_189035938,189035938_189035942
189096807,Yes,189096808,No,Yes,,189096807_189096808,189096808_189096807
189096808,No,189096807,Yes,Yes,,189096808_189096807,189096807_189096808
189129017,Yes,189129019,No,Yes,,189129017_189129019,189129019_189129017
189129020,Yes,189129042,No,Yes,,189129020_189129042,189129042_189129020
189181016,Yes,189181017,No,Yes,,189181016_189181017,189181017_189181016
189181017,No,189181016,Yes,Yes,,189181017_189181016,189181016_189181017
189199526,Yes,189199553,No,Yes,,189199526_189199553,189199553_189199526
189268536,Yes,189268835,Yes,Yes,,189268536_189268835,189268835_189268536
189268835,Yes,189268536,Yes,Yes,,189268835_189268536,189268536_189268835
189273379,Yes,189273641,Yes,Yes,,189273379_189273641,189273641_189273379
189273641,Yes,189273379,Yes,Yes,,189273641_189273379,189273379_189273641
189291280,Yes,189292001,Yes,Yes,,189291280_189292001,189292001_189291280
189292001,Yes,189291280,Yes,Yes,,189292001_189291280,189291280_189292001
189293674,Yes,189293675,No,Yes,,189293674_189293675,189293675_189293674
189293675,No,189293674,Yes,Yes,,189293675_189293674,189293674_189293675
189351725,Yes,189351728,Yes,Yes,,189351725_189351728,189351728_189351725
189351728,Yes,189351725,Yes,Yes,,189351728_189351725,189351725_189351728
189351829,Yes,189351830,Yes,Yes,,189351829_189351830,189351830_189351829
189351830,Yes,189351841,Yes,Yes,,189351830_189351841,189351841_189351830
189351830,Yes,189351840,No,Yes,,189351830_189351840,189351840_189351830
189351830,Yes,189351839,No,Yes,,189351830_189351839,189351839_189351830
189351830,Yes,189351837,No,Yes,,189351830_189351837,189351837_189351830
189351830,Yes,189351836,Yes,Yes,,189351830_189351836,189351836_189351830
189351830,Yes,189351829,Yes,Yes,,189351830_189351829,189351829_189351830
189351836,Yes,189351830,Yes,Yes,,189351836_189351830,189351830_189351836
189351837,No,189351830,Yes,Yes,,189351837_189351830,189351830_189351837
189351839,No,189351830,Yes,Yes,,189351839_189351830,189351830_189351839
189351840,No,189351830,Yes,Yes,,189351840_189351830,189351830_189351840
189351841,Yes,189351830,Yes,Yes,,189351841_189351830,189351830_189351841
189351872,Yes,189351875,No,Yes,,189351872_189351875,189351875_189351872
189351893,Yes,189351895,Yes,Yes,,189351893_189351895,189351895_189351893
189351895,Yes,189351893,Yes,Yes,,189351895_189351893,189351893_189351895
189351911,Yes,189351912,No,Yes,,189351911_189351912,189351912_189351911
189363077,Yes,189363077,Yes,Yes,,189363077_189363077,189363077_189363077
189388275,Yes,189388276,Yes,Yes,,189388275_189388276,189388276_189388275
189388276,Yes,189388275,Yes,Yes,,189388276_189388275,189388275_189388276
189436789,Yes,189436790,No,Yes,,189436789_189436790,189436790_189436789
189436790,No,189436789,Yes,Yes,,189436790_189436789,189436789_189436790
189481132,Yes,189481860,No,Yes,,189481132_189481860,189481860_189481132
189521915,Yes,189521916,No,Yes,,189521915_189521916,189521916_189521915
189521919,Yes,189521920,No,Yes,,189521919_189521920,189521920_189521919
189521926,Yes,189521927,Yes,Yes,,189521926_189521927,189521927_189521926
189521927,Yes,189521926,Yes,Yes,,189521927_189521926,189521926_189521927
189522373,Yes,93096614,Yes,Yes,,189522373_93096614,93096614_189522373
189575540,Yes,189575543,Yes,Yes,,189575540_189575543,189575543_189575540
189575543,Yes,189575540,Yes,Yes,,189575543_189575540,189575540_189575543
189587617,Yes,189587615,No,Yes,,189587617_189587615,189587615_189587617
189588357,No,189588356,No,Yes,,189588357_189588356,189588356_189588357
189589216,No,9122049,No,Yes,,189589216_9122049,9122049_189589216
189728342,Yes,189728380,Yes,Yes,,189728342_189728380,189728380_189728342
189728380,Yes,189728342,Yes,Yes,,189728380_189728342,189728342_189728380
189878937,Yes,189878938,No,Yes,,189878937_189878938,189878938_189878937
189880408,Yes,189880409,Yes,Yes,,189880408_189880409,189880409_189880408
189880409,Yes,189880408,Yes,Yes,,189880409_189880408,189880408_189880409
189881068,No,189880904,No,Yes,,189881068_189880904,189880904_189881068
189907082,Yes,339323750,No,Yes,,189907082_339323750,339323750_189907082
189947295,Yes,189947331,No,Yes,,189947295_189947331,189947331_189947295
190056804,Yes,190056803,No,Yes,,190056804_190056803,190056803_190056804
190095414,Yes,190095579,No,Yes,,190095414_190095579,190095579_190095414
190095579,No,190095414,Yes,Yes,,190095579_190095414,190095414_190095579
190206912,Yes,190206911,No,Yes,,190206912_190206911,190206911_190206912
190324259,Yes,190324258,No,Yes,,190324259_190324258,190324258_190324259
190324265,Yes,190324264,No,Yes,,190324265_190324264,190324264_190324265
190331512,Yes,190331511,No,Yes,,190331512_190331511,190331511_190331512
190331519,Yes,190331520,Yes,Yes,,190331519_190331520,190331520_190331519
190331520,Yes,190331519,Yes,Yes,,190331520_190331519,190331519_190331520
190331546,Yes,190331549,No,Yes,,190331546_190331549,190331549_190331546
190414287,Yes,190414290,No,Yes,,190414287_190414290,190414290_190414287
190419106,Yes,190419119,Yes,Yes,,190419106_190419119,190419119_190419106
190419119,Yes,190419106,Yes,Yes,,190419119_190419106,190419106_190419119
190473808,Yes,190474592,No,Yes,,190473808_190474592,190474592_190473808
190474592,No,190473808,Yes,Yes,,190474592_190473808,190473808_190474592
190564459,No,190564460,No,Yes,,190564459_190564460,190564460_190564459
190620206,Yes,190620254,Yes,Yes,,190620206_190620254,190620254_190620206
190620254,Yes,190620206,Yes,Yes,,190620254_190620206,190620206_190620254
190936204,Yes,190937043,No,Yes,,190936204_190937043,190937043_190936204
191018031,Yes,191018032,No,Yes,,191018031_191018032,191018032_191018031
191018096,Yes,191018098,Yes,Yes,,191018096_191018098,191018098_191018096
191018098,Yes,191018096,Yes,Yes,,191018098_191018096,191018096_191018098
191018156,Yes,191018154,No,Yes,,191018156_191018154,191018154_191018156
191018167,Yes,191018170,No,Yes,,191018167_191018170,191018170_191018167
191065906,Yes,191152012,Yes,Yes,,191065906_191152012,191152012_191065906
191151229,Yes,191151231,Yes,Yes,,191151229_191151231,191151231_191151229
191151231,Yes,191151229,Yes,Yes,,191151231_191151229,191151229_191151231
191152012,Yes,191065906,Yes,Yes,,191152012_191065906,191065906_191152012
191191800,Yes,191191795,No,Yes,,191191800_191191795,191191795_191191800
191191800,Yes,191191801,No,Yes,,191191800_191191801,191191801_191191800
191191810,Yes,191191819,No,Yes,,191191810_191191819,191191819_191191810
191201180,No,191201184,No,Yes,,191201180_191201184,191201184_191201180
191201183,Yes,191201184,No,Yes,,191201183_191201184,191201184_191201183
191201184,No,191201180,No,Yes,,191201184_191201180,191201180_191201184
191201184,No,191201183,Yes,Yes,,191201184_191201183,191201183_191201184
191280064,No,191280162,Yes,Yes,,191280064_191280162,191280162_191280064
191280162,Yes,191280064,No,Yes,,191280162_191280064,191280064_191280162
191300877,Yes,191300878,No,Yes,,191300877_191300878,191300878_191300877
191322158,Yes,191322159,No,Yes,,191322158_191322159,191322159_191322158
191348899,Yes,191348900,No,Yes,,191348899_191348900,191348900_191348899
191348913,No,191348915,No,Yes,,191348913_191348915,191348915_191348913
191348915,No,191348913,No,Yes,,191348915_191348913,191348913_191348915
191348917,No,191348918,Yes,Yes,,191348917_191348918,191348918_191348917
191348918,Yes,191348917,No,Yes,,191348918_191348917,191348917_191348918
191448859,Yes,191449826,No,Yes,,191448859_191449826,191449826_191448859
191458002,Yes,191458006,Yes,Yes,,191458002_191458006,191458006_191458002
191458006,Yes,191458002,Yes,Yes,,191458006_191458002,191458002_191458006
191493527,Yes,193827622,No,Yes,,191493527_193827622,193827622_191493527
191547660,Yes,191547661,No,Yes,,191547660_191547661,191547661_191547660
191637282,Yes,191637283,No,Yes,,191637282_191637283,191637283_191637282
191644295,Yes,191644296,No,Yes,,191644295_191644296,191644296_191644295
191645198,Yes,191645197,No,Yes,,191645198_191645197,191645197_191645198
191772824,No,191806858,No,Yes,,191772824_191806858,191806858_191772824
191810664,Yes,191810666,No,Yes,,191810664_191810666,191810666_191810664
191810666,No,191810664,Yes,Yes,,191810666_191810664,191810664_191810666
191834274,Yes,191834276,No,Yes,,191834274_191834276,191834276_191834274
192017040,Yes,192017425,No,Yes,,192017040_192017425,192017425_192017040
192182877,Yes,192182881,No,Yes,,192182877_192182881,192182881_192182877
192182878,No,192182881,No,Yes,,192182878_192182881,192182881_192182878
192187253,Yes,192182881,No,Yes,,192187253_192182881,192182881_192187253
192241207,Yes,192241208,Yes,Yes,,192241207_192241208,192241208_192241207
192241208,Yes,192241207,Yes,Yes,,192241208_192241207,192241207_192241208
192268129,No,192268130,Yes,Yes,,192268129_192268130,192268130_192268129
192268130,Yes,192268129,No,Yes,,192268130_192268129,192268129_192268130
192308778,No,192308779,Yes,Yes,,192308778_192308779,192308779_192308778
192308779,Yes,192308778,No,Yes,,192308779_192308778,192308778_192308779
192471129,Yes,192471134,No,Yes,,192471129_192471134,192471134_192471129
192471134,No,192471129,Yes,Yes,,192471134_192471129,192471129_192471134
192491277,Yes,192491278,Yes,Yes,,192491277_192491278,192491278_192491277
192491278,Yes,192491275,No,Yes,,192491278_192491275,192491275_192491278
192491278,Yes,192491277,Yes,Yes,,192491278_192491277,192491277_192491278
192588253,No,192588254,No,Yes,,192588253_192588254,192588254_192588253
192737619,Yes,192737620,No,Yes,,192737619_192737620,192737620_192737619
192737625,Yes,192737630,No,Yes,,192737625_192737630,192737630_192737625
192737678,No,192737679,No,Yes,,192737678_192737679,192737679_192737678
192737687,No,192737686,No,Yes,,192737687_192737686,192737686_192737687
192737701,No,192737700,No,Yes,,192737701_192737700,192737700_192737701
192737733,Yes,192739136,No,Yes,,192737733_192739136,192739136_192737733
192788722,No,192046721,No,Yes,,192788722_192046721,192046721_192788722
192807724,Yes,195256647,No,Yes,,192807724_195256647,195256647_192807724
192818759,Yes,192818763,No,Yes,,192818759_192818763,192818763_192818759
192818890,Yes,192820892,No,Yes,,192818890_192820892,192820892_192818890
192820892,No,192818890,Yes,Yes,,192820892_192818890,192818890_192820892
192884141,Yes,231980651,No,Yes,,192884141_231980651,231980651_192884141
192896556,Yes,192896652,No,Yes,,192896556_192896652,192896652_192896556
193000095,Yes,193000093,No,Yes,,193000095_193000093,193000093_193000095
193022722,Yes,193022721,No,Yes,,193022722_193022721,193022721_193022722
193135468,Yes,203169735,No,Yes,,193135468_203169735,203169735_193135468
193228818,Yes,193228838,No,Yes,,193228818_193228838,193228838_193228818
193234139,No,193234140,Yes,Yes,,193234139_193234140,193234140_193234139
193234140,Yes,193234139,No,Yes,,193234140_193234139,193234139_193234140
193352668,Yes,193941279,No,Yes,,193352668_193941279,193941279_193352668
193478963,Yes,193479592,No,Yes,,193478963_193479592,193479592_193478963
193522252,Yes,193524403,No,Yes,,193522252_193524403,193524403_193522252
193524403,No,193522252,Yes,Yes,,193524403_193522252,193522252_193524403
193634942,Yes,193634948,Yes,Yes,,193634942_193634948,193634948_193634942
193634948,Yes,193634942,Yes,Yes,,193634948_193634942,193634942_193634948
193635540,Yes,193635539,No,Yes,,193635540_193635539,193635539_193635540
193636455,Yes,193636459,Yes,Yes,,193636455_193636459,193636459_193636455
193636459,Yes,193636455,Yes,Yes,,193636459_193636455,193636455_193636459
193636469,Yes,193637119,Yes,Yes,,193636469_193637119,193637119_193636469
193637119,Yes,193636469,Yes,Yes,,193637119_193636469,193636469_193637119
193751766,Yes,193751822,Yes,Yes,,193751766_193751822,193751822_193751766
193751822,Yes,193751766,Yes,Yes,,193751822_193751766,193751766_193751822
193804570,Yes,193805034,No,Yes,,193804570_193805034,193805034_193804570
193804571,Yes,193805034,No,Yes,,193804571_193805034,193805034_193804571
193941279,No,193352668,Yes,Yes,,193941279_193352668,193352668_193941279
193981827,Yes,337716311,No,Yes,,193981827_337716311,337716311_193981827
193989197,Yes,193989233,No,Yes,,193989197_193989233,193989233_193989197
194009831,Yes,194010068,No,Yes,,194009831_194010068,194010068_194009831
194013650,Yes,194013651,No,Yes,,194013650_194013651,194013651_194013650
194013651,No,194013650,Yes,Yes,,194013651_194013650,194013650_194013651
194097610,Yes,194097616,No,Yes,,194097610_194097616,194097616_194097610
194097616,No,194097610,Yes,Yes,,194097616_194097610,194097610_194097616
194238752,Yes,196790659,Yes,Yes,,194238752_196790659,196790659_194238752
194285202,Yes,194285203,No,Yes,,194285202_194285203,194285203_194285202
194373830,Yes,194373831,Yes,Yes,,194373830_194373831,194373831_194373830
194373831,Yes,194373830,Yes,Yes,,194373831_194373830,194373830_194373831
194394741,Yes,231980637,No,Yes,,194394741_231980637,231980637_194394741
194450061,Yes,194450064,No,Yes,,194450061_194450064,194450064_194450061
194450064,No,194450061,Yes,Yes,,194450064_194450061,194450061_194450064
194585859,Yes,194586050,No,Yes,,194585859_194586050,194586050_194585859
194746607,Yes,194746354,No,Yes,,194746607_194746354,194746354_194746607
194795499,Yes,194165892,No,Yes,,194795499_194165892,194165892_194795499
194847058,Yes,194847060,Yes,Yes,,194847058_194847060,194847060_194847058
194847060,Yes,194847058,Yes,Yes,,194847060_194847058,194847058_194847060
195015286,Yes,195015326,No,Yes,,195015286_195015326,195015326_195015286
195034227,Yes,195058790,Yes,Yes,,195034227_195058790,195058790_195034227
195058790,Yes,195034227,Yes,Yes,,195058790_195034227,195034227_195058790
195224579,Yes,195225424,No,Yes,,195224579_195225424,195225424_195224579
195248164,Yes,195248165,No,Yes,,195248164_195248165,195248165_195248164
195255386,Yes,195255379,No,Yes,,195255386_195255379,195255379_195255386
195283561,Yes,305997421,No,Yes,,195283561_305997421,305997421_195283561
195370940,Yes,195370941,No,Yes,,195370940_195370941,195370941_195370940
195370940,Yes,195370936,No,Yes,,195370940_195370936,195370936_195370940
195371289,No,195455320,No,Yes,,195371289_195455320,195455320_195371289
195372104,Yes,195373048,No,Yes,,195372104_195373048,195373048_195372104
195373048,No,195372104,Yes,Yes,,195373048_195372104,195372104_195373048
195385873,Yes,195386677,No,Yes,,195385873_195386677,195386677_195385873
195392440,Yes,195392441,No,Yes,,195392440_195392441,195392441_195392440
195398519,No,195398501,No,Yes,,195398519_195398501,195398501_195398519
195520571,Yes,195520037,No,Yes,,195520571_195520037,195520037_195520571
195531877,Yes,195531878,No,Yes,,195531877_195531878,195531878_195531877
195686928,Yes,195686929,No,Yes,,195686928_195686929,195686929_195686928
195689263,Yes,195689264,No,Yes,,195689263_195689264,195689264_195689263
195689264,No,195689263,Yes,Yes,,195689264_195689263,195689263_195689264
195713334,No,195713651,Yes,Yes,,195713334_195713651,195713651_195713334
195713651,Yes,195713334,No,Yes,,195713651_195713334,195713334_195713651
195826088,Yes,180090144,No,Yes,,195826088_180090144,180090144_195826088
195874075,Yes,195874137,No,Yes,,195874075_195874137,195874137_195874075
195915733,Yes,195915837,No,Yes,,195915733_195915837,195915837_195915733
196026367,Yes,196026368,No,Yes,,196026367_196026368,196026368_196026367
196030485,Yes,196109994,No,Yes,,196030485_196109994,196109994_196030485
196054141,Yes,196054663,Yes,Yes,,196054141_196054663,196054663_196054141
196054663,Yes,196054141,Yes,Yes,,196054663_196054141,196054141_196054663
196076330,Yes,196076334,No,Yes,,196076330_196076334,196076334_196076330
196157637,Yes,196157638,No,Yes,,196157637_196157638,196157638_196157637
196201676,Yes,179707851,Yes,Yes,,196201676_179707851,179707851_196201676
196394050,Yes,196394051,Yes,Yes,,196394050_196394051,196394051_196394050
196394051,Yes,196394050,Yes,Yes,,196394051_196394050,196394050_196394051
196443306,Yes,196443308,Yes,Yes,,196443306_196443308,196443308_196443306
196443308,Yes,196443306,Yes,Yes,,196443308_196443306,196443306_196443308
196626788,Yes,196626789,No,Yes,,196626788_196626789,196626789_196626788
196737112,Yes,196737143,Yes,Yes,,196737112_196737143,196737143_196737112
196737143,Yes,196737112,Yes,Yes,,196737143_196737112,196737112_196737143
196790659,Yes,194238752,Yes,Yes,,196790659_194238752,194238752_196790659
196822324,Yes,196822647,Yes,Yes,,196822324_196822647,196822647_196822324
196822647,Yes,196822324,Yes,Yes,,196822647_196822324,196822324_196822647
196927062,Yes,196927060,No,Yes,,196927062_196927060,196927060_196927062
197150489,Yes,197151068,Yes,Yes,,197150489_197151068,197151068_197150489
197151068,Yes,197150489,Yes,Yes,,197151068_197150489,197150489_197151068
197169461,Yes,197169465,Yes,Yes,,197169461_197169465,197169465_197169461
197169465,Yes,197169461,Yes,Yes,,197169465_197169461,197169461_197169465
197192637,Yes,339188339,No,Yes,,197192637_339188339,339188339_197192637
197195732,Yes,197195796,Yes,Yes,,197195732_197195796,197195796_197195732
197195796,Yes,197195732,Yes,Yes,,197195796_197195732,197195732_197195796
197235759,Yes,197394451,Yes,Yes,,197235759_197394451,197394451_197235759
197299660,Yes,197299770,No,Yes,,197299660_197299770,197299770_197299660
197329115,Yes,197329112,No,Yes,,197329115_197329112,197329112_197329115
197330538,Yes,197330456,No,Yes,,197330538_197330456,197330456_197330538
197373306,Yes,197372880,No,Yes,,197373306_197372880,197372880_197373306
197394451,Yes,197235759,Yes,Yes,,197394451_197235759,197235759_197394451
197395856,Yes,197395857,No,Yes,,197395856_197395857,197395857_197395856
197397510,Yes,197397511,No,Yes,,197397510_197397511,197397511_197397510
197410492,Yes,197410493,No,Yes,,197410492_197410493,197410493_197410492
197455515,Yes,197456405,No,Yes,,197455515_197456405,197456405_197455515
197493582,Yes,197493581,No,Yes,,197493582_197493581,197493581_197493582
197585139,Yes,197585140,No,Yes,,197585139_197585140,197585140_197585139
197588850,Yes,197588929,No,Yes,,197588850_197588929,197588929_197588850
197632572,No,197632574,Yes,Yes,,197632572_197632574,197632574_197632572
197632574,Yes,197632572,No,Yes,,197632574_197632572,197632572_197632574
197763538,Yes,197763539,Yes,Yes,,197763538_197763539,197763539_197763538
197763539,Yes,197763538,Yes,Yes,,197763539_197763538,197763538_197763539
197782620,No,231980634,No,Yes,,197782620_231980634,231980634_197782620
197789673,Yes,197789672,No,Yes,,197789673_197789672,197789672_197789673
197827981,Yes,197828053,No,Yes,,197827981_197828053,197828053_197827981
197878329,Yes,339189573,Yes,Yes,,197878329_339189573,339189573_197878329
197888650,Yes,197888651,No,Yes,,197888650_197888651,197888651_197888650
198023977,Yes,198024023,No,Yes,,198023977_198024023,198024023_198023977
198131002,Yes,198131237,No,Yes,,198131002_198131237,198131237_198131002
198163002,Yes,198163003,No,Yes,,198163002_198163003,198163003_198163002
198198512,Yes,197711329,No,Yes,,198198512_197711329,197711329_198198512
198230923,Yes,198230924,Yes,Yes,,198230923_198230924,198230924_198230923
198230924,Yes,198230923,Yes,Yes,,198230924_198230923,198230923_198230924
198245116,Yes,198245118,No,Yes,,198245116_198245118,198245118_198245116
198278951,Yes,231980613,No,Yes,,198278951_231980613,231980613_198278951
198307975,Yes,198307976,No,Yes,,198307975_198307976,198307976_198307975
198320005,Yes,198320009,No,Yes,,198320005_198320009,198320009_198320005
198346162,Yes,198358949,No,Yes,,198346162_198358949,198358949_198346162
198352953,Yes,198353071,No,Yes,,198352953_198353071,198353071_198352953
198354179,Yes,198354180,Yes,Yes,,198354179_198354180,198354180_198354179
198354180,Yes,198354179,Yes,Yes,,198354180_198354179,198354179_198354180
198356532,Yes,198356533,Yes,Yes,,198356532_198356533,198356533_198356532
198356533,Yes,198356532,Yes,Yes,,198356533_198356532,198356532_198356533
198392863,Yes,198392864,No,Yes,,198392863_198392864,198392864_198392863
198507097,Yes,198507098,No,Yes,,198507097_198507098,198507098_198507097
198507099,No,198507098,No,Yes,,198507099_198507098,198507098_198507099
198532961,Yes,198532960,No,Yes,,198532961_198532960,198532960_198532961
198538707,Yes,231980641,No,Yes,,198538707_231980641,231980641_198538707
198541062,Yes,231980643,No,Yes,,198541062_231980643,231980643_198541062
198571824,Yes,198571829,No,Yes,,198571824_198571829,198571829_198571824
198571833,Yes,198571832,No,Yes,,198571833_198571832,198571832_198571833
198609754,Yes,198609755,No,Yes,,198609754_198609755,198609755_198609754
198626121,Yes,198626125,No,Yes,,198626121_198626125,198626125_198626121
198669694,Yes,198669839,No,Yes,,198669694_198669839,198669839_198669694
198692489,Yes,198692656,Yes,Yes,,198692489_198692656,198692656_198692489
198692656,Yes,198692489,Yes,Yes,,198692656_198692489,198692489_198692656
198736129,Yes,198736130,Yes,Yes,,198736129_198736130,198736130_198736129
198736130,Yes,198736129,Yes,Yes,,198736130_198736129,198736129_198736130
198736131,Yes,198736134,No,Yes,,198736131_198736134,198736134_198736131
198736131,Yes,198736133,No,Yes,,198736131_198736133,198736133_198736131
198736139,Yes,198736143,No,Yes,,198736139_198736143,198736143_198736139
198824967,Yes,198824968,No,Yes,,198824967_198824968,198824968_198824967
198824968,No,198824967,Yes,Yes,,198824968_198824967,198824967_198824968
198950346,Yes,198950345,No,Yes,,198950346_198950345,198950345_198950346
198967603,Yes,198967581,No,Yes,,198967603_198967581,198967581_198967603
198968136,Yes,199053609,No,Yes,,198968136_199053609,199053609_198968136
198992315,Yes,198992317,No,Yes,,198992315_198992317,198992317_198992315
198992850,No,198992852,Yes,Yes,,198992850_198992852,198992852_198992850
198992852,Yes,198992850,No,Yes,,198992852_198992850,198992850_198992852
199053609,No,198968136,Yes,Yes,,199053609_198968136,198968136_199053609
199145435,Yes,199147770,No,Yes,,199145435_199147770,199147770_199145435
199163242,Yes,199163244,No,Yes,,199163242_199163244,199163244_199163242
199201078,Yes,199201079,No,Yes,,199201078_199201079,199201079_199201078
199210974,Yes,199210982,No,Yes,,199210974_199210982,199210982_199210974
199211092,Yes,199211089,No,Yes,,199211092_199211089,199211089_199211092
199298578,Yes,199298577,No,Yes,,199298578_199298577,199298577_199298578
199317751,Yes,339187881,No,Yes,,199317751_339187881,339187881_199317751
199332587,No,199332588,Yes,Yes,,199332587_199332588,199332588_199332587
199332588,Yes,199332587,No,Yes,,199332588_199332587,199332587_199332588
199332595,Yes,199332597,Yes,Yes,,199332595_199332597,199332597_199332595
199332597,Yes,199332595,Yes,Yes,,199332597_199332595,199332595_199332597
199357054,Yes,199357050,No,Yes,,199357054_199357050,199357050_199357054
199385178,Yes,176439484,Yes,Yes,,199385178_176439484,176439484_199385178
199428562,Yes,199428563,Yes,Yes,,199428562_199428563,199428563_199428562
199428563,Yes,199428562,Yes,Yes,,199428563_199428562,199428562_199428563
199587380,No,199587382,No,Yes,,199587380_199587382,199587382_199587380
199587382,No,199587380,No,Yes,,199587382_199587380,199587380_199587382
199620916,Yes,199620917,No,Yes,,199620916_199620917,199620917_199620916
199620917,No,199620916,Yes,Yes,,199620917_199620916,199620916_199620917
199783494,Yes,204534071,No,Yes,,199783494_204534071,204534071_199783494
199783494,Yes,207736494,No,Yes,,199783494_207736494,207736494_199783494
199865328,No,134601436,Yes,Yes,,199865328_134601436,134601436_199865328
199946391,Yes,199946393,No,Yes,,199946391_199946393,199946393_199946391
199946393,No,199946391,Yes,Yes,,199946393_199946391,199946391_199946393
200022588,Yes,200022589,Yes,Yes,,200022588_200022589,200022589_200022588
200022589,Yes,200022588,Yes,Yes,,200022589_200022588,200022588_200022589
200076201,Yes,200076204,No,Yes,,200076201_200076204,200076204_200076201
200592336,Yes,200592349,No,Yes,,200592336_200592349,200592349_200592336
200594054,No,200594096,Yes,Yes,,200594054_200594096,200594096_200594054
200594096,Yes,200594054,No,Yes,,200594096_200594054,200594054_200594096
200602808,Yes,231980645,No,Yes,,200602808_231980645,231980645_200602808
200602925,Yes,231980645,No,Yes,,200602925_231980645,231980645_200602925
200706632,Yes,200706666,No,Yes,,200706632_200706666,200706666_200706632
200925762,Yes,200925778,No,Yes,,200925762_200925778,200925778_200925762
200925778,No,200925762,Yes,Yes,,200925778_200925762,200925762_200925778
200956407,Yes,200956406,No,Yes,,200956407_200956406,200956406_200956407
201139770,No,201139767,No,Yes,,201139770_201139767,201139767_201139770
201148384,Yes,201148383,No,Yes,,201148384_201148383,201148383_201148384
201232733,No,201245797,No,Yes,,201232733_201245797,201245797_201232733
201245797,No,201232733,No,Yes,,201245797_201232733,201232733_201245797
201427826,Yes,201428636,Yes,Yes,,201427826_201428636,201428636_201427826
201428636,Yes,201427826,Yes,Yes,,201428636_201427826,201427826_201428636
201467486,Yes,201820029,No,Yes,,201467486_201820029,201820029_201467486
201467996,Yes,201820029,No,Yes,,201467996_201820029,201820029_201467996
201496216,Yes,201496215,No,Yes,,201496216_201496215,201496215_201496216
201504492,Yes,201504490,No,Yes,,201504492_201504490,201504490_201504492
201525611,Yes,201525801,Yes,Yes,,201525611_201525801,201525801_201525611
201525801,Yes,201525611,Yes,Yes,,201525801_201525611,201525611_201525801
201812029,Yes,201812046,No,Yes,,201812029_201812046,201812046_201812029
201812131,Yes,201812046,No,Yes,,201812131_201812046,201812046_201812131
201812136,Yes,201812130,No,Yes,,201812136_201812130,201812130_201812136
201905463,Yes,201905469,No,Yes,,201905463_201905469,201905469_201905463
201905469,No,201905463,Yes,Yes,,201905469_201905463,201905463_201905469
202008407,Yes,202008408,No,Yes,,202008407_202008408,202008408_202008407
202024140,No,202024336,No,Yes,,202024140_202024336,202024336_202024140
202149540,No,202149541,No,Yes,,202149540_202149541,202149541_202149540
202224322,Yes,202229689,No,Yes,,202224322_202229689,202229689_202224322
202286572,Yes,202286574,No,Yes,,202286572_202286574,202286574_202286572
202286574,No,202286572,Yes,Yes,,202286574_202286572,202286572_202286574
202379499,Yes,202379500,Yes,Yes,,202379499_202379500,202379500_202379499
202379500,Yes,202379499,Yes,Yes,,202379500_202379499,202379499_202379500
202404986,Yes,125124231,Yes,Yes,,202404986_125124231,125124231_202404986
202580612,Yes,202584844,No,Yes,,202580612_202584844,202584844_202580612
202584844,No,202580612,Yes,Yes,,202584844_202580612,202580612_202584844
202698350,Yes,226415587,No,Yes,,202698350_226415587,226415587_202698350
202736976,No,202736977,Yes,Yes,,202736976_202736977,202736977_202736976
202736977,Yes,202736976,No,Yes,,202736977_202736976,202736976_202736977
202755623,Yes,202755794,No,Yes,,202755623_202755794,202755794_202755623
202758637,Yes,202768411,No,Yes,,202758637_202768411,202768411_202758637
202777577,Yes,202777580,Yes,Yes,,202777577_202777580,202777580_202777577
202777580,Yes,202777577,Yes,Yes,,202777580_202777577,202777577_202777580
202890075,Yes,202890228,No,Yes,,202890075_202890228,202890228_202890075
202927088,No,154636064,No,Yes,,202927088_154636064,154636064_202927088
202927670,No,29593482,Yes,Yes,,202927670_29593482,29593482_202927670
203145429,No,203147471,Yes,Yes,,203145429_203147471,203147471_203145429
203147471,Yes,203145429,No,Yes,,203147471_203145429,203145429_203147471
203173302,Yes,203173301,No,Yes,,203173302_203173301,203173301_203173302
203354040,No,182452053,Yes,Yes,,203354040_182452053,182452053_203354040
203380169,Yes,203380172,No,Yes,,203380169_203380172,203380172_203380169
203380172,No,203380169,Yes,Yes,,203380172_203380169,203380169_203380172
203422661,No,203422663,Yes,Yes,,203422661_203422663,203422663_203422661
203422663,Yes,203422661,No,Yes,,203422663_203422661,203422661_203422663
203491593,Yes,203491596,No,Yes,,203491593_203491596,203491596_203491593
203491596,No,203491593,Yes,Yes,,203491596_203491593,203491593_203491596
203529777,Yes,203529778,No,Yes,,203529777_203529778,203529778_203529777
203529778,No,203529777,Yes,Yes,,203529778_203529777,203529777_203529778
203531585,Yes,203531587,No,Yes,,203531585_203531587,203531587_203531585
203531587,No,203531585,Yes,Yes,,203531587_203531585,203531585_203531587
203564395,Yes,203571665,Yes,Yes,,203564395_203571665,203571665_203564395
203571665,Yes,203564395,Yes,Yes,,203571665_203564395,203564395_203571665
203691436,No,203691437,Yes,Yes,,203691436_203691437,203691437_203691436
203691437,Yes,203691436,No,Yes,,203691437_203691436,203691436_203691437
203904453,Yes,203904603,No,Yes,,203904453_203904603,203904603_203904453
204052780,No,204052783,No,Yes,,204052780_204052783,204052783_204052780
204160049,No,204160050,No,Yes,,204160049_204160050,204160050_204160049
204181893,Yes,204181894,Yes,Yes,,204181893_204181894,204181894_204181893
204181894,Yes,204181893,Yes,Yes,,204181894_204181893,204181893_204181894
204189720,Yes,204189719,No,Yes,,204189720_204189719,204189719_204189720
204331052,Yes,204359378,No,Yes,,204331052_204359378,204359378_204331052
204411724,Yes,204417187,Yes,Yes,,204411724_204417187,204417187_204411724
204417187,Yes,204411724,Yes,Yes,,204417187_204411724,204411724_204417187
204481602,Yes,204481605,Yes,Yes,,204481602_204481605,204481605_204481602
204481605,Yes,204481602,Yes,Yes,,204481605_204481602,204481602_204481605
204503482,Yes,204503497,No,Yes,,204503482_204503497,204503497_204503482
204505204,Yes,204505205,No,Yes,,204505204_204505205,204505205_204505204
204521728,Yes,204521797,No,Yes,,204521728_204521797,204521797_204521728
204736666,Yes,204736665,No,Yes,,204736666_204736665,204736665_204736666
204741080,Yes,204741082,Yes,Yes,,204741080_204741082,204741082_204741080
204741082,Yes,204741080,Yes,Yes,,204741082_204741080,204741080_204741082
204856355,No,208629771,Yes,Yes,,204856355_208629771,208629771_204856355
204856713,Yes,204856711,No,Yes,,204856713_204856711,204856711_204856713
204897910,Yes,204897914,No,Yes,,204897910_204897914,204897914_204897910
204903733,No,204903732,No,Yes,,204903733_204903732,204903732_204903733
204922123,Yes,204922126,No,Yes,,204922123_204922126,204922126_204922123
204952000,Yes,340042963,Yes,Yes,,204952000_340042963,340042963_204952000
204955976,Yes,337440647,Yes,Yes,,204955976_337440647,337440647_204955976
204958278,Yes,204959263,No,Yes,,204958278_204959263,204959263_204958278
204963977,Yes,204964078,Yes,Yes,,204963977_204964078,204964078_204963977
204964078,Yes,204963977,Yes,Yes,,204964078_204963977,204963977_204964078
205149452,Yes,205149565,Yes,Yes,,205149452_205149565,205149565_205149452
205149565,Yes,205149452,Yes,Yes,,205149565_205149452,205149452_205149565
205266345,Yes,205266346,Yes,Yes,,205266345_205266346,205266346_205266345
205266346,Yes,205266345,Yes,Yes,,205266346_205266345,205266345_205266346
205280532,Yes,205280534,No,Yes,,205280532_205280534,205280534_205280532
205280534,No,205280532,Yes,Yes,,205280534_205280532,205280532_205280534
205392910,Yes,205392929,No,Yes,,205392910_205392929,205392929_205392910
205483006,Yes,205483016,No,Yes,,205483006_205483016,205483016_205483006
205590799,Yes,205590801,No,Yes,,205590799_205590801,205590801_205590799
205590801,No,205590799,Yes,Yes,,205590801_205590799,205590799_205590801
205622573,Yes,205622625,No,Yes,,205622573_205622625,205622625_205622573
205623410,Yes,207138649,Yes,Yes,,205623410_207138649,207138649_205623410
205660762,No,178245198,Yes,Yes,,205660762_178245198,178245198_205660762
205660762,No,178246161,Yes,Yes,,205660762_178246161,178246161_205660762
205660762,No,178245986,No,Yes,,205660762_178245986,178245986_205660762
205760409,Yes,168252568,Yes,Yes,,205760409_168252568,168252568_205760409
205768773,Yes,205768812,No,Yes,,205768773_205768812,205768812_205768773
205770943,Yes,205770944,Yes,Yes,,205770943_205770944,205770944_205770943
205770944,Yes,205770943,Yes,Yes,,205770944_205770943,205770943_205770944
205831643,No,205833025,No,Yes,,205831643_205833025,205833025_205831643
206022526,Yes,206022249,No,Yes,,206022526_206022249,206022249_206022526
206023080,Yes,206023212,Yes,Yes,,206023080_206023212,206023212_206023080
206023212,Yes,206023080,Yes,Yes,,206023212_206023080,206023080_206023212
206102389,No,206102562,Yes,Yes,,206102389_206102562,206102562_206102389
206102562,Yes,206102389,No,Yes,,206102562_206102389,206102389_206102562
206111340,Yes,206111343,No,Yes,,206111340_206111343,206111343_206111340
206187193,Yes,206187195,No,Yes,,206187193_206187195,206187195_206187193
206187200,Yes,206187199,No,Yes,,206187200_206187199,206187199_206187200
206193458,Yes,206193459,Yes,Yes,,206193458_206193459,206193459_206193458
206193459,Yes,206193458,Yes,Yes,,206193459_206193458,206193458_206193459
206222637,Yes,206222843,No,Yes,,206222637_206222843,206222843_206222637
206241079,Yes,206313930,No,Yes,,206241079_206313930,206313930_206241079
206275544,Yes,206275796,Yes,Yes,,206275544_206275796,206275796_206275544
206275796,Yes,206275544,Yes,Yes,,206275796_206275544,206275544_206275796
206280123,Yes,206279483,No,Yes,,206280123_206279483,206279483_206280123
206280591,Yes,206383148,Yes,Yes,,206280591_206383148,206383148_206280591
206313930,No,206241079,Yes,Yes,,206313930_206241079,206241079_206313930
206330806,Yes,206330802,No,Yes,,206330806_206330802,206330802_206330806
206330807,Yes,206330802,No,Yes,,206330807_206330802,206330802_206330807
206333476,Yes,206333658,Yes,Yes,,206333476_206333658,206333658_206333476
206333658,Yes,206333476,Yes,Yes,,206333658_206333476,206333476_206333658
206334291,Yes,206334296,No,Yes,,206334291_206334296,206334296_206334291
206336565,Yes,206336561,No,Yes,,206336565_206336561,206336561_206336565
206355220,Yes,206355217,No,Yes,,206355220_206355217,206355217_206355220
206355228,Yes,206355229,Yes,Yes,,206355228_206355229,206355229_206355228
206355229,Yes,206355228,Yes,Yes,,206355229_206355228,206355228_206355229
206355237,No,206355238,No,Yes,,206355237_206355238,206355238_206355237
206355250,Yes,206356185,No,Yes,,206355250_206356185,206356185_206355250
206356180,Yes,206356179,No,Yes,,206356180_206356179,206356179_206356180
206383148,Yes,206280591,Yes,Yes,,206383148_206280591,206280591_206383148
206416633,Yes,206415227,No,Yes,,206416633_206415227,206415227_206416633
206509546,Yes,206509548,No,Yes,,206509546_206509548,206509548_206509546
206509548,No,206523564,No,Yes,,206509548_206523564,206523564_206509548
206525039,Yes,206525040,No,Yes,,206525039_206525040,206525040_206525039
206525041,Yes,206525042,No,Yes,,206525041_206525042,206525042_206525041
206525042,No,206525041,Yes,Yes,,206525042_206525041,206525041_206525042
206602215,Yes,206602216,Yes,Yes,,206602215_206602216,206602216_206602215
206602216,Yes,206602215,Yes,Yes,,206602216_206602215,206602215_206602216
206609926,Yes,206609930,No,Yes,,206609926_206609930,206609930_206609926
206609930,No,206609926,Yes,Yes,,206609930_206609926,206609926_206609930
206667436,Yes,206824380,No,Yes,,206667436_206824380,206824380_206667436
206816084,Yes,206823967,No,Yes,,206816084_206823967,206823967_206816084
206964033,Yes,206964097,No,Yes,,206964033_206964097,206964097_206964033
207100786,No,174076960,No,Yes,,207100786_174076960,174076960_207100786
207115281,Yes,207115586,No,Yes,,207115281_207115586,207115586_207115281
207138649,Yes,205623410,Yes,Yes,,207138649_205623410,205623410_207138649
207264060,Yes,207264694,No,Yes,,207264060_207264694,207264694_207264060
207271426,Yes,207272287,No,Yes,,207271426_207272287,207272287_207271426
207287231,Yes,207287234,Yes,Yes,,207287231_207287234,207287234_207287231
207287234,Yes,207287231,Yes,Yes,,207287234_207287231,207287231_207287234
207313358,Yes,207302106,No,Yes,,207313358_207302106,207302106_207313358
207400387,Yes,207401125,No,Yes,,207400387_207401125,207401125_207400387
207482370,Yes,168909311,Yes,Yes,,207482370_168909311,168909311_207482370
207515401,Yes,207515402,No,Yes,,207515401_207515402,207515402_207515401
207521671,Yes,207521672,No,Yes,,207521671_207521672,207521672_207521671
207583635,Yes,207583636,No,Yes,,207583635_207583636,207583636_207583635
207652456,Yes,207652457,Yes,Yes,,207652456_207652457,207652457_207652456
207652457,Yes,207652456,Yes,Yes,,207652457_207652456,207652456_207652457
207794635,Yes,207794637,No,Yes,,207794635_207794637,207794637_207794635
207812485,No,207812486,Yes,Yes,,207812485_207812486,207812486_207812485
207812486,Yes,207812485,No,Yes,,207812486_207812485,207812485_207812486
207845546,Yes,231248080,No,Yes,,207845546_231248080,231248080_207845546
207870493,Yes,207870840,No,Yes,,207870493_207870840,207870840_207870493
207901340,Yes,207901341,No,Yes,,207901340_207901341,207901341_207901340
207932271,Yes,207939717,Yes,Yes,,207932271_207939717,207939717_207932271
207939717,Yes,207932271,Yes,Yes,,207939717_207932271,207932271_207939717
208254256,Yes,208254255,No,Yes,,208254256_208254255,208254255_208254256
208268665,Yes,303132712,Yes,Yes,,208268665_303132712,303132712_208268665
208268667,Yes,303125974,Yes,Yes,,208268667_303125974,303125974_208268667
208268668,Yes,303255243,No,Yes,,208268668_303255243,303255243_208268668
208490579,Yes,249900676,No,Yes,,208490579_249900676,249900676_208490579
208572059,Yes,208572061,Yes,Yes,,208572059_208572061,208572061_208572059
208572061,Yes,208572059,Yes,Yes,,208572061_208572059,208572059_208572061
208611933,Yes,208611782,No,Yes,,208611933_208611782,208611782_208611933
208629771,Yes,204856355,No,Yes,,208629771_204856355,204856355_208629771
208814450,Yes,209119096,No,Yes,,208814450_209119096,209119096_208814450
208814451,Yes,209119096,No,Yes,,208814451_209119096,209119096_208814451
208916105,Yes,208916483,No,Yes,,208916105_208916483,208916483_208916105
208916483,No,208916105,Yes,Yes,,208916483_208916105,208916105_208916483
209056197,Yes,209056199,Yes,Yes,,209056197_209056199,209056199_209056197
209056199,Yes,209056197,Yes,Yes,,209056199_209056197,209056197_209056199
209230070,Yes,209230074,No,Yes,,209230070_209230074,209230074_209230070
209368870,Yes,210418627,Yes,Yes,,209368870_210418627,210418627_209368870
209383325,Yes,209387564,Yes,Yes,,209383325_209387564,209387564_209383325
209387564,Yes,209383325,Yes,Yes,,209387564_209383325,209383325_209387564
209619078,Yes,209619081,Yes,Yes,,209619078_209619081,209619081_209619078
209619081,Yes,209619078,Yes,Yes,,209619081_209619078,209619078_209619081
209834599,No,209834609,Yes,Yes,,209834599_209834609,209834609_209834599
209834609,Yes,209834599,No,Yes,,209834609_209834599,209834599_209834609
209834611,Yes,204736665,No,Yes,,209834611_204736665,204736665_209834611
209904301,Yes,209904336,Yes,Yes,,209904301_209904336,209904336_209904301
209904336,Yes,209904301,Yes,Yes,,209904336_209904301,209904301_209904336
210418627,Yes,209368870,Yes,Yes,,210418627_209368870,209368870_210418627
210536160,Yes,212788534,No,Yes,,210536160_212788534,212788534_210536160
210561806,No,210561810,Yes,Yes,,210561806_210561810,210561810_210561806
210561810,Yes,210561806,No,Yes,,210561810_210561806,210561806_210561810
210596505,Yes,210597034,No,Yes,,210596505_210597034,210597034_210596505
210597034,No,210596505,Yes,Yes,,210597034_210596505,210596505_210597034
210642925,Yes,210645586,No,Yes,,210642925_210645586,210645586_210642925
211489436,Yes,211494171,No,Yes,,211489436_211494171,211494171_211489436
211503590,Yes,211503597,No,Yes,,211503590_211503597,211503597_211503590
211503597,No,211503590,Yes,Yes,,211503597_211503590,211503590_211503597
211521409,Yes,211521585,Yes,Yes,,211521409_211521585,211521585_211521409
211521585,Yes,211521409,Yes,Yes,,211521585_211521409,211521409_211521585
211574921,Yes,211574908,No,Yes,,211574921_211574908,211574908_211574921
211575109,Yes,211575092,No,Yes,,211575109_211575092,211575092_211575109
211575177,Yes,211575181,No,Yes,,211575177_211575181,211575181_211575177
211602853,Yes,211768781,No,Yes,,211602853_211768781,211768781_211602853
211615382,Yes,211778389,No,Yes,,211615382_211778389,211778389_211615382
211661542,Yes,211690309,Yes,Yes,,211661542_211690309,211690309_211661542
211690309,Yes,211661542,Yes,Yes,,211690309_211661542,211661542_211690309
211962407,Yes,211962413,Yes,Yes,,211962407_211962413,211962413_211962407
211962413,Yes,211962407,Yes,Yes,,211962413_211962407,211962407_211962413
212041709,Yes,209834599,No,Yes,,212041709_209834599,209834599_212041709
212041737,No,212049279,No,Yes,,212041737_212049279,212049279_212041737
212306394,Yes,212306140,No,Yes,,212306394_212306140,212306140_212306394
212306885,Yes,212306667,No,Yes,,212306885_212306667,212306667_212306885
212328159,Yes,211988730,No,Yes,,212328159_211988730,211988730_212328159
212948762,Yes,212949432,Yes,Yes,,212948762_212949432,212949432_212948762
212949432,Yes,212948762,Yes,Yes,,212949432_212948762,212948762_212949432
213213292,Yes,213343393,No,Yes,,213213292_213343393,213343393_213213292
213231720,Yes,213239388,No,Yes,,213231720_213239388,213239388_213231720
213239388,No,213231720,Yes,Yes,,213239388_213231720,213231720_213239388
213300133,Yes,213300134,Yes,Yes,,213300133_213300134,213300134_213300133
213300134,Yes,213300133,Yes,Yes,,213300134_213300133,213300133_213300134
213487082,Yes,213484517,No,Yes,,213487082_213484517,213484517_213487082
213556879,Yes,213556880,Yes,Yes,,213556879_213556880,213556880_213556879
213556880,Yes,213556879,Yes,Yes,,213556880_213556879,213556879_213556880
213602163,Yes,213602355,No,Yes,,213602163_213602355,213602355_213602163
213602355,No,213602163,Yes,Yes,,213602355_213602163,213602163_213602355
213602441,Yes,213602466,Yes,Yes,,213602441_213602466,213602466_213602441
213602466,Yes,213602441,Yes,Yes,,213602466_213602441,213602441_213602466
213602550,Yes,213602568,No,Yes,,213602550_213602568,213602568_213602550
213602568,No,213602550,Yes,Yes,,213602568_213602550,213602550_213602568
214025940,No,214025941,No,Yes,,214025940_214025941,214025941_214025940
214025941,No,214025940,No,Yes,,214025941_214025940,214025940_214025941
214101005,Yes,214101008,Yes,Yes,,214101005_214101008,214101008_214101005
214101008,Yes,214101005,Yes,Yes,,214101008_214101005,214101005_214101008
214324991,Yes,214325093,No,Yes,,214324991_214325093,214325093_214324991
214325093,No,214324991,Yes,Yes,,214325093_214324991,214324991_214325093
214608093,No,214608049,No,Yes,,214608093_214608049,214608049_214608093
214684017,Yes,214684015,No,Yes,,214684017_214684015,214684015_214684017
214684112,Yes,214684113,No,Yes,,214684112_214684113,214684113_214684112
214718862,Yes,214718869,Yes,Yes,,214718862_214718869,214718869_214718862
214718869,Yes,214718862,Yes,Yes,,214718869_214718862,214718862_214718869
214804453,Yes,214804462,No,Yes,,214804453_214804462,214804462_214804453
215144249,No,215144445,Yes,Yes,,215144249_215144445,215144445_215144249
215144445,Yes,215144249,No,Yes,,215144445_215144249,215144249_215144445
215419051,Yes,215419425,No,Yes,,215419051_215419425,215419425_215419051
215459789,Yes,22405356,Yes,Yes,,215459789_22405356,22405356_215459789
215460637,Yes,215460917,No,Yes,,215460637_215460917,215460917_215460637
215570498,Yes,215570698,Yes,Yes,,215570498_215570698,215570698_215570498
215570698,Yes,215570498,Yes,Yes,,215570698_215570498,215570498_215570698
215617044,Yes,215617049,Yes,Yes,,215617044_215617049,215617049_215617044
215617049,Yes,215617044,Yes,Yes,,215617049_215617044,215617044_215617049
215788857,Yes,215788855,No,Yes,,215788857_215788855,215788855_215788857
215804726,No,215804727,No,Yes,,215804726_215804727,215804727_215804726
215811549,Yes,198595663,No,Yes,,215811549_198595663,198595663_215811549
215891367,Yes,215892016,No,Yes,,215891367_215892016,215892016_215891367
216055428,Yes,227044368,Yes,Yes,,216055428_227044368,227044368_216055428
216079878,Yes,216079957,Yes,Yes,,216079878_216079957,216079957_216079878
216079957,Yes,216079878,Yes,Yes,,216079957_216079878,216079878_216079957
216134740,Yes,216134742,No,Yes,,216134740_216134742,216134742_216134740
216867480,Yes,216867316,No,Yes,,216867480_216867316,216867316_216867480
216884890,No,233296884,Yes,Yes,,216884890_233296884,233296884_216884890
216908385,Yes,216910766,No,Yes,,216908385_216910766,216910766_216908385
216910766,No,216908385,Yes,Yes,,216910766_216908385,216908385_216910766
216947723,Yes,216947719,No,Yes,,216947723_216947719,216947719_216947723
216990993,Yes,216991026,No,Yes,,216990993_216991026,216991026_216990993
216991026,No,216990993,Yes,Yes,,216991026_216990993,216990993_216991026
217241492,No,217241490,No,Yes,,217241492_217241490,217241490_217241492
217268430,Yes,217268564,No,Yes,,217268430_217268564,217268564_217268430
217387319,Yes,217387440,No,Yes,,217387319_217387440,217387440_217387319
217428848,Yes,217479505,No,Yes,,217428848_217479505,217479505_217428848
217479505,No,217428848,Yes,Yes,,217479505_217428848,217428848_217479505
217484419,Yes,217484423,No,Yes,,217484419_217484423,217484423_217484419
217484427,Yes,217484431,No,Yes,,217484427_217484431,217484431_217484427
217602327,No,217602827,Yes,Yes,,217602327_217602827,217602827_217602327
217602827,Yes,217602327,No,Yes,,217602827_217602327,217602327_217602827
217754361,Yes,217754360,No,Yes,,217754361_217754360,217754360_217754361
217780464,No,217779245,No,Yes,,217780464_217779245,217779245_217780464
217791817,Yes,217791818,No,Yes,,217791817_217791818,217791818_217791817
217824611,No,217824923,No,Yes,,217824611_217824923,217824923_217824611
217824923,No,217824611,No,Yes,,217824923_217824611,217824611_217824923
217873977,No,217873980,Yes,Yes,,217873977_217873980,217873980_217873977
217873980,Yes,217873977,No,Yes,,217873980_217873977,217873977_217873980
218040172,Yes,215116762,No,Yes,,218040172_215116762,215116762_218040172
218062252,Yes,218732612,No,Yes,,218062252_218732612,218732612_218062252
218094093,Yes,218094097,Yes,Yes,,218094093_218094097,218094097_218094093
218094097,Yes,218094093,Yes,Yes,,218094097_218094093,218094093_218094097
218100809,No,218100810,No,Yes,,218100809_218100810,218100810_218100809
218100810,No,218100809,No,Yes,,218100810_218100809,218100809_218100810
218158386,Yes,241515459,No,Yes,,218158386_241515459,241515459_218158386
218191368,Yes,218191414,Yes,Yes,,218191368_218191414,218191414_218191368
218191414,Yes,218191368,Yes,Yes,,218191414_218191368,218191368_218191414
218251817,No,218251826,Yes,Yes,,218251817_218251826,218251826_218251817
218251826,Yes,218251817,No,Yes,,218251826_218251817,218251817_218251826
218255089,Yes,218255043,No,Yes,,218255089_218255043,218255043_218255089
218305816,Yes,218305817,Yes,Yes,,218305816_218305817,218305817_218305816
218305817,Yes,218305816,Yes,Yes,,218305817_218305816,218305816_218305817
218389724,Yes,218389814,No,Yes,,218389724_218389814,218389814_218389724
218414831,Yes,218416390,Yes,Yes,,218414831_218416390,218416390_218414831
218416390,Yes,218414831,Yes,Yes,,218416390_218414831,218414831_218416390
218593286,Yes,218594804,No,Yes,,218593286_218594804,218594804_218593286
218642870,Yes,218648707,No,Yes,,218642870_218648707,218648707_218642870
218648707,No,218642870,Yes,Yes,,218648707_218642870,218642870_218648707
218669894,Yes,218669897,Yes,Yes,,218669894_218669897,218669897_218669894
218669897,Yes,218669894,Yes,Yes,,218669897_218669894,218669894_218669897
218670016,Yes,218670023,No,Yes,,218670016_218670023,218670023_218670016
218766533,Yes,218940374,No,Yes,,218766533_218940374,218940374_218766533
218787613,Yes,218788764,No,Yes,,218787613_218788764,218788764_218787613
218788764,No,218787613,Yes,Yes,,218788764_218787613,218787613_218788764
218819285,Yes,265042031,Yes,Yes,,218819285_265042031,265042031_218819285
218843142,Yes,218843143,Yes,Yes,,218843142_218843143,218843143_218843142
218843143,Yes,218843142,Yes,Yes,,218843143_218843142,218843142_218843143
218946291,Yes,218946548,Yes,Yes,,218946291_218946548,218946548_218946291
218946548,Yes,218946291,Yes,Yes,,218946548_218946291,218946291_218946548
218970405,Yes,218970404,No,Yes,,218970405_218970404,218970404_218970405
219079133,Yes,219079432,No,Yes,,219079133_219079432,219079432_219079133
219097307,Yes,219097312,Yes,Yes,,219097307_219097312,219097312_219097307
219097312,Yes,219097307,Yes,Yes,,219097312_219097307,219097307_219097312
219126539,No,219127964,No,Yes,,219126539_219127964,219127964_219126539
219171622,No,219171891,No,Yes,,219171622_219171891,219171891_219171622
219177056,Yes,219177055,No,Yes,,219177056_219177055,219177055_219177056
219401402,No,219401406,Yes,Yes,,219401402_219401406,219401406_219401402
219401406,Yes,219401402,No,Yes,,219401406_219401402,219401402_219401406
219443439,Yes,219443431,No,Yes,,219443439_219443431,219443431_219443439
219443441,Yes,219443442,No,Yes,,219443441_219443442,219443442_219443441
219443445,Yes,219443441,Yes,Yes,,219443445_219443441,219443441_219443445
219443456,Yes,219443452,No,Yes,,219443456_219443452,219443452_219443456
219443470,Yes,219443471,No,Yes,,219443470_219443471,219443471_219443470
219443485,Yes,219443484,No,Yes,,219443485_219443484,219443484_219443485
219443744,No,219443512,No,Yes,,219443744_219443512,219443512_219443744
219443979,Yes,219443491,No,Yes,,219443979_219443491,219443491_219443979
219739692,Yes,192883917,No,Yes,,219739692_192883917,192883917_219739692
219744592,No,120459701,Yes,Yes,,219744592_120459701,120459701_219744592
219807965,Yes,267102689,No,Yes,,219807965_267102689,267102689_219807965
219808602,Yes,252213215,No,Yes,,219808602_252213215,252213215_219808602
219808613,Yes,252213215,No,Yes,,219808613_252213215,252213215_219808613
219809492,Yes,252213215,No,Yes,,219809492_252213215,252213215_219809492
219810283,Yes,267102043,No,Yes,,219810283_267102043,267102043_219810283
220102252,No,220102803,No,Yes,,220102252_220102803,220102803_220102252
220102803,No,220102252,No,Yes,,220102803_220102252,220102252_220102803
220108555,Yes,220109135,No,Yes,,220108555_220109135,220109135_220108555
220135679,Yes,220133721,No,Yes,,220135679_220133721,220133721_220135679
220170408,Yes,337236357,No,Yes,,220170408_337236357,337236357_220170408
220280246,Yes,220280931,No,Yes,,220280246_220280931,220280931_220280246
220337242,Yes,220337437,Yes,Yes,,220337242_220337437,220337437_220337242
220337437,Yes,220337242,Yes,Yes,,220337437_220337242,220337242_220337437
220388788,Yes,221453997,No,Yes,,220388788_221453997,221453997_220388788
220610614,Yes,220610620,No,Yes,,220610614_220610620,220610620_220610614
220669025,Yes,220669174,No,Yes,,220669025_220669174,220669174_220669025
220669174,No,220669025,Yes,Yes,,220669174_220669025,220669025_220669174
220766489,Yes,220766490,No,Yes,,220766489_220766490,220766490_220766489
220766490,No,220766489,Yes,Yes,,220766490_220766489,220766489_220766490
220822642,Yes,220822643,Yes,Yes,,220822642_220822643,220822643_220822642
220822643,Yes,220822642,Yes,Yes,,220822643_220822642,220822642_220822643
220822649,Yes,220822650,No,Yes,,220822649_220822650,220822650_220822649
220822650,No,220822649,Yes,Yes,,220822650_220822649,220822649_220822650
221008094,Yes,221008515,No,Yes,,221008094_221008515,221008515_221008094
221016471,Yes,221016473,No,Yes,,221016471_221016473,221016473_221016471
221016473,No,221016471,Yes,Yes,,221016473_221016471,221016471_221016473
221029585,Yes,221029586,Yes,Yes,,221029585_221029586,221029586_221029585
221029586,Yes,221029585,Yes,Yes,,221029586_221029585,221029585_221029586
221046420,Yes,221047135,Yes,Yes,,221046420_221047135,221047135_221046420
221047135,Yes,221046420,Yes,Yes,,221047135_221046420,221046420_221047135
221143137,Yes,221143464,Yes,Yes,,221143137_221143464,221143464_221143137
221143464,Yes,221143137,Yes,Yes,,221143464_221143137,221143137_221143464
221198618,Yes,218014513,No,Yes,,221198618_218014513,218014513_221198618
221326680,Yes,221326679,No,Yes,,221326680_221326679,221326679_221326680
221651363,Yes,221651624,No,Yes,,221651363_221651624,221651624_221651363
221654752,Yes,221655101,Yes,Yes,,221654752_221655101,221655101_221654752
221655101,Yes,221654752,Yes,Yes,,221655101_221654752,221654752_221655101
221663701,No,221660844,No,Yes,,221663701_221660844,221660844_221663701
221689117,Yes,221689119,No,Yes,,221689117_221689119,221689119_221689117
221720873,Yes,221720877,Yes,Yes,,221720873_221720877,221720877_221720873
221720877,Yes,221726313,Yes,Yes,,221720877_221726313,221726313_221720877
221720881,No,221720880,No,Yes,,221720881_221720880,221720880_221720881
221726278,Yes,221720889,No,Yes,,221726278_221720889,221720889_221726278
221726279,Yes,221726280,Yes,Yes,,221726279_221726280,221726280_221726279
221726280,Yes,221726279,Yes,Yes,,221726280_221726279,221726279_221726280
221726290,Yes,221726292,No,Yes,,221726290_221726292,221726292_221726290
221726294,Yes,221726295,Yes,Yes,,221726294_221726295,221726295_221726294
221726295,Yes,221726294,Yes,Yes,,221726295_221726294,221726294_221726295
221726313,Yes,221720877,Yes,Yes,,221726313_221720877,221720877_221726313
221744105,Yes,221744106,No,Yes,,221744105_221744106,221744106_221744105
221771221,Yes,221770898,No,Yes,,221771221_221770898,221770898_221771221
221771632,Yes,221770898,No,Yes,,221771632_221770898,221770898_221771632
221772288,No,221770898,No,Yes,,221772288_221770898,221770898_221772288
221772760,Yes,221770898,No,Yes,,221772760_221770898,221770898_221772760
221841762,Yes,221841971,No,Yes,,221841762_221841971,221841971_221841762
222009030,Yes,222010349,No,Yes,,222009030_222010349,222010349_222009030
222065888,Yes,267101192,Yes,Yes,,222065888_267101192,267101192_222065888
222066000,Yes,267100165,Yes,Yes,,222066000_267100165,267100165_222066000
222155722,Yes,222158068,No,Yes,,222155722_222158068,222158068_222155722
222344072,Yes,222345004,No,Yes,,222344072_222345004,222345004_222344072
222344073,Yes,222344073,Yes,Yes,,222344073_222344073,222344073_222344073
222344077,Yes,222345004,No,Yes,,222344077_222345004,222345004_222344077
222408648,No,222409080,No,Yes,,222408648_222409080,222409080_222408648
222507656,Yes,222510410,No,Yes,,222507656_222510410,222510410_222507656
222513649,Yes,222516206,No,Yes,,222513649_222516206,222516206_222513649
222548431,No,222548433,No,Yes,,222548431_222548433,222548433_222548431
222548432,Yes,222556564,No,Yes,,222548432_222556564,222556564_222548432
222548456,Yes,222548457,No,Yes,,222548456_222548457,222548457_222548456
222552831,Yes,222552855,No,Yes,,222552831_222552855,222552855_222552831
222851612,Yes,222851704,Yes,Yes,,222851612_222851704,222851704_222851612
222851704,Yes,222851612,Yes,Yes,,222851704_222851612,222851612_222851704
222955580,Yes,223215134,Yes,Yes,,222955580_223215134,223215134_222955580
222955603,Yes,222955610,Yes,Yes,,222955603_222955610,222955610_222955603
222955610,Yes,222955603,Yes,Yes,,222955610_222955603,222955603_222955610
223029740,Yes,223029735,No,Yes,,223029740_223029735,223029735_223029740
223083238,Yes,223083875,No,Yes,,223083238_223083875,223083875_223083238
223215134,Yes,223215137,No,Yes,,223215134_223215137,223215137_223215134
223215140,Yes,223215142,No,Yes,,223215140_223215142,223215142_223215140
223215165,No,223215166,No,Yes,,223215165_223215166,223215166_223215165
223215195,Yes,223215192,No,Yes,,223215195_223215192,223215192_223215195
223299291,No,223303309,Yes,Yes,,223299291_223303309,223303309_223299291
223303309,Yes,223299291,No,Yes,,223303309_223299291,223299291_223303309
223424523,Yes,223424525,Yes,Yes,,223424523_223424525,223424525_223424523
223424525,Yes,223424523,Yes,Yes,,223424525_223424523,223424523_223424525
223424575,Yes,223424577,No,Yes,,223424575_223424577,223424577_223424575
223590927,Yes,223591011,No,Yes,,223590927_223591011,223591011_223590927
223591011,No,223590927,Yes,Yes,,223591011_223590927,223590927_223591011
224170984,Yes,224171139,No,Yes,,224170984_224171139,224171139_224170984
224171139,No,224170984,Yes,Yes,,224171139_224170984,224170984_224171139
224246735,Yes,224246736,No,Yes,,224246735_224246736,224246736_224246735
224246753,Yes,224246756,No,Yes,,224246753_224246756,224246756_224246753
224277024,Yes,224276717,No,Yes,,224277024_224276717,224276717_224277024
224334764,Yes,224336817,No,Yes,,224334764_224336817,224336817_224334764
224336817,No,224334764,Yes,Yes,,224336817_224334764,224334764_224336817
224501759,Yes,224501760,No,Yes,,224501759_224501760,224501760_224501759
224501760,No,224501759,Yes,Yes,,224501760_224501759,224501759_224501760
224521462,Yes,224521476,Yes,Yes,,224521462_224521476,224521476_224521462
224521476,Yes,224521462,Yes,Yes,,224521476_224521462,224521462_224521476
224601452,Yes,224601737,No,Yes,,224601452_224601737,224601737_224601452
224601737,No,224601452,Yes,Yes,,224601737_224601452,224601452_224601737
224618053,Yes,224618049,No,Yes,,224618053_224618049,224618049_224618053
224776211,Yes,224776217,Yes,Yes,,224776211_224776217,224776217_224776211
224776217,Yes,224776211,Yes,Yes,,224776217_224776211,224776211_224776217
224791110,Yes,224791111,No,Yes,,224791110_224791111,224791111_224791110
224791116,Yes,224791117,No,Yes,,224791116_224791117,224791117_224791116
224791126,Yes,224791132,No,Yes,,224791126_224791132,224791132_224791126
224791129,Yes,224791132,No,Yes,,224791129_224791132,224791132_224791129
224793237,Yes,253298957,No,Yes,,224793237_253298957,253298957_224793237
225005282,Yes,225005283,No,Yes,,225005282_225005283,225005283_225005282
225005283,No,225005282,Yes,Yes,,225005283_225005282,225005282_225005283
225007340,Yes,225007341,Yes,Yes,,225007340_225007341,225007341_225007340
225007341,Yes,225007340,Yes,Yes,,225007341_225007340,225007340_225007341
225126386,Yes,266402537,No,Yes,,225126386_266402537,266402537_225126386
225149669,Yes,225149662,No,Yes,,225149669_225149662,225149662_225149669
225360807,No,225361205,No,Yes,,225360807_225361205,225361205_225360807
225463551,No,225463596,No,Yes,,225463551_225463596,225463596_225463551
225644492,No,225644493,No,Yes,,225644492_225644493,225644493_225644492
225644493,No,225644492,No,Yes,,225644493_225644492,225644492_225644493
225944908,Yes,225945029,Yes,Yes,,225944908_225945029,225945029_225944908
225944910,Yes,225944911,Yes,Yes,,225944910_225944911,225944911_225944910
225944911,Yes,225944910,Yes,Yes,,225944911_225944910,225944910_225944911
225944912,Yes,225945029,Yes,Yes,,225944912_225945029,225945029_225944912
225945029,Yes,225944908,Yes,Yes,,225945029_225944908,225944908_225945029
226028814,Yes,226028816,No,Yes,,226028814_226028816,226028816_226028814
226304470,Yes,226304682,Yes,Yes,,226304470_226304682,226304682_226304470
226304682,Yes,226304470,Yes,Yes,,226304682_226304470,226304470_226304682
226403756,Yes,226403757,Yes,Yes,,226403756_226403757,226403757_226403756
226403757,Yes,226403756,Yes,Yes,,226403757_226403756,226403756_226403757
226403758,Yes,226403759,No,Yes,,226403758_226403759,226403759_226403758
226415587,No,202698350,Yes,Yes,,226415587_202698350,202698350_226415587
226415936,No,202188343,No,Yes,,226415936_202188343,202188343_226415936
226463000,Yes,226463001,No,Yes,,226463000_226463001,226463001_226463000
226463001,No,226463000,Yes,Yes,,226463001_226463000,226463000_226463001
226735709,Yes,226735706,No,Yes,,226735709_226735706,226735706_226735709
226974725,Yes,226975061,No,Yes,,226974725_226975061,226975061_226974725
226998801,Yes,226998803,Yes,Yes,,226998801_226998803,226998803_226998801
226998803,Yes,226998801,Yes,Yes,,226998803_226998801,226998801_226998803
227018986,Yes,227018545,No,Yes,,227018986_227018545,227018545_227018986
227019169,Yes,227018545,No,Yes,,227019169_227018545,227018545_227019169
227019278,Yes,227018545,No,Yes,,227019278_227018545,227018545_227019278
227019606,No,227018545,No,Yes,,227019606_227018545,227018545_227019606
227044368,Yes,216055428,Yes,Yes,,227044368_216055428,216055428_227044368
227059567,Yes,227059560,No,Yes,,227059567_227059560,227059560_227059567
227064284,No,227064285,Yes,Yes,,227064284_227064285,227064285_227064284
227064285,Yes,227064284,No,Yes,,227064285_227064284,227064284_227064285
227130225,Yes,227130847,No,Yes,,227130225_227130847,227130847_227130225
227134505,Yes,227134504,No,Yes,,227134505_227134504,227134504_227134505
227206505,No,227213863,No,Yes,,227206505_227213863,227213863_227206505
227229452,Yes,227229453,No,Yes,,227229452_227229453,227229453_227229452
227229453,No,227229452,Yes,Yes,,227229453_227229452,227229452_227229453
227235955,No,227235957,Yes,Yes,,227235955_227235957,227235957_227235955
227235957,Yes,227235955,No,Yes,,227235957_227235955,227235955_227235957
227330217,Yes,227330218,Yes,Yes,,227330217_227330218,227330218_227330217
227330218,Yes,227330217,Yes,Yes,,227330218_227330217,227330217_227330218
227331422,No,227331420,No,Yes,,227331422_227331420,227331420_227331422
227416897,Yes,227416921,No,Yes,,227416897_227416921,227416921_227416897
227416901,Yes,227416898,No,Yes,,227416901_227416898,227416898_227416901
227416903,Yes,227416907,Yes,Yes,,227416903_227416907,227416907_227416903
227416907,Yes,227416903,Yes,Yes,,227416907_227416903,227416903_227416907
227416908,Yes,227416910,Yes,Yes,,227416908_227416910,227416910_227416908
227416910,Yes,227416908,Yes,Yes,,227416910_227416908,227416908_227416910
227551206,No,227551203,No,Yes,,227551206_227551203,227551203_227551206
227608530,Yes,227608531,No,Yes,,227608530_227608531,227608531_227608530
227608531,No,227608530,Yes,Yes,,227608531_227608530,227608530_227608531
227691455,Yes,227691456,No,Yes,,227691455_227691456,227691456_227691455
227691456,No,227691455,Yes,Yes,,227691456_227691455,227691455_227691456
227830474,No,227830474,No,Yes,,227830474_227830474,227830474_227830474
227925551,No,227925553,Yes,Yes,,227925551_227925553,227925553_227925551
227925553,Yes,227925551,No,Yes,,227925553_227925551,227925551_227925553
228134312,Yes,228134315,No,Yes,,228134312_228134315,228134315_228134312
228137718,No,264037907,Yes,Yes,,228137718_264037907,264037907_228137718
228320084,Yes,228320085,No,Yes,,228320084_228320085,228320085_228320084
228377334,Yes,228377195,No,Yes,,228377334_228377195,228377195_228377334
228379704,Yes,228379705,No,Yes,,228379704_228379705,228379705_228379704
228519935,Yes,228519944,No,Yes,,228519935_228519944,228519944_228519935
228610375,Yes,228610620,Yes,Yes,,228610375_228610620,228610620_228610375
228610620,Yes,228610375,Yes,Yes,,228610620_228610375,228610375_228610620
228673913,Yes,228678170,Yes,Yes,,228673913_228678170,228678170_228673913
228678170,Yes,228673913,Yes,Yes,,228678170_228673913,228673913_228678170
228723012,No,337446958,Yes,Yes,,228723012_337446958,337446958_228723012
228896741,Yes,228896742,Yes,Yes,,228896741_228896742,228896742_228896741
228896742,Yes,228896741,Yes,Yes,,228896742_228896741,228896741_228896742
228896745,Yes,228896748,Yes,Yes,,228896745_228896748,228896748_228896745
228896748,Yes,228896745,Yes,Yes,,228896748_228896745,228896745_228896748
228896753,Yes,228896755,No,Yes,,228896753_228896755,228896755_228896753
228896754,Yes,228896741,Yes,Yes,,228896754_228896741,228896741_228896754
228896760,Yes,228896757,No,Yes,,228896760_228896757,228896757_228896760
228898219,Yes,228898217,No,Yes,,228898219_228898217,228898217_228898219
228901690,Yes,228901698,No,Yes,,228901690_228901698,228901698_228901690
228945156,Yes,230812666,No,Yes,,228945156_230812666,230812666_228945156
229107803,No,229107806,No,Yes,,229107803_229107806,229107806_229107803
229107806,No,229107803,No,Yes,,229107806_229107803,229107803_229107806
229284548,No,229284388,No,Yes,,229284548_229284388,229284388_229284548
229781315,Yes,229781124,No,Yes,,229781315_229781124,229781124_229781315
229872202,Yes,229872279,No,Yes,,229872202_229872279,229872279_229872202
229883637,Yes,229883768,Yes,Yes,,229883637_229883768,229883768_229883637
229883768,Yes,229883637,Yes,Yes,,229883768_229883637,229883637_229883768
229978826,Yes,229978826,Yes,Yes,,229978826_229978826,229978826_229978826
229979682,Yes,229978826,Yes,Yes,,229979682_229978826,229978826_229979682
230125627,Yes,230125630,No,Yes,,230125627_230125630,230125630_230125627
230535250,Yes,230535252,Yes,Yes,,230535250_230535252,230535252_230535250
230535252,Yes,230535250,Yes,Yes,,230535252_230535250,230535250_230535252
230630332,Yes,230630338,Yes,Yes,,230630332_230630338,230630338_230630332
230630334,Yes,230630337,Yes,Yes,,230630334_230630337,230630337_230630334
230630337,Yes,230630334,Yes,Yes,,230630337_230630334,230630334_230630337
230630338,Yes,230630332,Yes,Yes,,230630338_230630332,230630332_230630338
230708732,Yes,263973520,Yes,Yes,,230708732_263973520,263973520_230708732
230710974,Yes,230710941,No,Yes,,230710974_230710941,230710941_230710974
230779273,No,230779276,Yes,Yes,,230779273_230779276,230779276_230779273
230779276,Yes,230779273,No,Yes,,230779276_230779273,230779273_230779276
230799636,Yes,230799637,No,Yes,,230799636_230799637,230799637_230799636
230970173,Yes,231309073,No,Yes,,230970173_231309073,231309073_230970173
231140121,No,231140122,Yes,Yes,,231140121_231140122,231140122_231140121
231140122,Yes,231140121,No,Yes,,231140122_231140121,231140121_231140122
231248080,No,207845546,Yes,Yes,,231248080_207845546,207845546_231248080
231347599,Yes,231347598,No,Yes,,231347599_231347598,231347598_231347599
231347602,No,231347603,Yes,Yes,,231347602_231347603,231347603_231347602
231347603,Yes,231347602,No,Yes,,231347603_231347602,231347602_231347603
231347605,Yes,23134760,No,Yes,,231347605_23134760,23134760_231347605
231543728,No,231543729,No,Yes,,231543728_231543729,231543729_231543728
231543729,No,231543728,No,Yes,,231543729_231543728,231543728_231543729
231902205,Yes,231902296,No,Yes,,231902205_231902296,231902296_231902205
231902296,No,231902205,Yes,Yes,,231902296_231902205,231902205_231902296
231946518,Yes,232048209,No,Yes,,231946518_232048209,232048209_231946518
232032703,Yes,232032822,No,Yes,,232032703_232032822,232032822_232032703
232048209,No,231946518,Yes,Yes,,232048209_231946518,231946518_232048209
232247117,Yes,232247188,Yes,Yes,,232247117_232247188,232247188_232247117
232247188,Yes,232247117,Yes,Yes,,232247188_232247117,232247117_232247188
232454911,Yes,232454988,No,Yes,,232454911_232454988,232454988_232454911
232470752,No,232471264,No,Yes,,232470752_232471264,232471264_232470752
232503565,Yes,232503569,No,Yes,,232503565_232503569,232503569_232503565
232542627,Yes,232542625,No,Yes,,232542627_232542625,232542625_232542627
232609744,Yes,232609745,Yes,Yes,,232609744_232609745,232609745_232609744
232609745,Yes,232609744,Yes,Yes,,232609745_232609744,232609744_232609745
232622552,No,232622764,Yes,Yes,,232622552_232622764,232622764_232622552
232622764,Yes,232622552,No,Yes,,232622764_232622552,232622552_232622764
232796398,No,232796402,No,Yes,,232796398_232796402,232796402_232796398
232796407,Yes,232818395,No,Yes,,232796407_232818395,232818395_232796407
232818398,No,232994248,Yes,Yes,,232818398_232994248,232994248_232818398
232818423,Yes,232818425,No,Yes,,232818423_232818425,232818425_232818423
232818428,Yes,232818429,No,Yes,,232818428_232818429,232818429_232818428
232818429,No,232818428,Yes,Yes,,232818429_232818428,232818428_232818429
232994248,Yes,232818398,No,Yes,,232994248_232818398,232818398_232994248
233124890,No,233125379,Yes,Yes,,233124890_233125379,233125379_233124890
233125379,Yes,233124890,No,Yes,,233125379_233124890,233124890_233125379
233126019,Yes,233127437,Yes,Yes,,233126019_233127437,233127437_233126019
233126685,Yes,234283561,No,Yes,,233126685_234283561,234283561_233126685
233127437,Yes,233126019,Yes,Yes,,233127437_233126019,233126019_233127437
233296884,Yes,216884890,No,Yes,,233296884_216884890,216884890_233296884
233317238,Yes,233318739,No,Yes,,233317238_233318739,233318739_233317238
233420857,Yes,233420940,Yes,Yes,,233420857_233420940,233420940_233420857
233420940,Yes,233420857,Yes,Yes,,233420940_233420857,233420857_233420940
233594461,Yes,233594462,Yes,Yes,,233594461_233594462,233594462_233594461
233594462,Yes,233594461,Yes,Yes,,233594462_233594461,233594461_233594462
233677683,Yes,233932962,No,Yes,,233677683_233932962,233932962_233677683
233793557,Yes,233793561,Yes,Yes,,233793557_233793561,233793561_233793557
233793561,Yes,233793557,Yes,Yes,,233793561_233793557,233793557_233793561
233978937,Yes,233978617,No,Yes,,233978937_233978617,233978617_233978937
234044240,Yes,234044241,Yes,Yes,,234044240_234044241,234044241_234044240
234044241,Yes,234044240,Yes,Yes,,234044241_234044240,234044240_234044241
234056034,Yes,234221056,No,Yes,,234056034_234221056,234221056_234056034
234088744,Yes,252767207,No,Yes,,234088744_252767207,252767207_234088744
234102208,Yes,234102275,No,Yes,,234102208_234102275,234102275_234102208
234102275,No,234102208,Yes,Yes,,234102275_234102208,234102208_234102275
234201525,Yes,234201528,No,Yes,,234201525_234201528,234201528_234201525
234221916,Yes,234221733,No,Yes,,234221916_234221733,234221733_234221916
234261877,Yes,234262564,No,Yes,,234261877_234262564,234262564_234261877
234379073,Yes,234454977,No,Yes,,234379073_234454977,234454977_234379073
234508770,Yes,234508627,No,Yes,,234508770_234508627,234508627_234508770
234683410,Yes,234864733,No,Yes,,234683410_234864733,234864733_234683410
234722639,Yes,234722640,No,Yes,,234722639_234722640,234722640_234722639
234722640,No,234722639,Yes,Yes,,234722640_234722639,234722639_234722640
234771253,Yes,234771280,No,Yes,,234771253_234771280,234771280_234771253
234789393,Yes,235401017,No,Yes,,234789393_235401017,235401017_234789393
234864733,No,234864733,No,Yes,,234864733_234864733,234864733_234864733
234891354,Yes,234891410,No,Yes,,234891354_234891410,234891410_234891354
234891410,No,234891354,Yes,Yes,,234891410_234891354,234891354_234891410
234973502,Yes,234973460,No,Yes,,234973502_234973460,234973460_234973502
235179324,No,235179725,Yes,Yes,,235179324_235179725,235179725_235179324
235179725,Yes,235179324,No,Yes,,235179725_235179324,235179324_235179725
235571117,Yes,235571150,No,Yes,,235571117_235571150,235571150_235571117
235830994,Yes,235831244,Yes,Yes,,235830994_235831244,235831244_235830994
235831244,Yes,235830994,Yes,Yes,,235831244_235830994,235830994_235831244
236136165,No,236136713,No,Yes,,236136165_236136713,236136713_236136165
236375306,Yes,236375301,No,Yes,,236375306_236375301,236375301_236375306
236830281,Yes,236830513,Yes,Yes,,236830281_236830513,236830513_236830281
236830513,Yes,236830281,Yes,Yes,,236830513_236830281,236830281_236830513
237037343,Yes,237037210,No,Yes,,237037343_237037210,237037210_237037343
237049897,Yes,237049919,Yes,Yes,,237049897_237049919,237049919_237049897
237049919,Yes,237049897,Yes,Yes,,237049919_237049897,237049897_237049919
237257477,Yes,237257478,Yes,Yes,,237257477_237257478,237257478_237257477
237257478,Yes,237257477,Yes,Yes,,237257478_237257477,237257477_237257478
237358886,Yes,237358905,Yes,Yes,,237358886_237358905,237358905_237358886
237358905,Yes,237358886,Yes,Yes,,237358905_237358886,237358886_237358905
237463176,Yes,237464244,No,Yes,,237463176_237464244,237464244_237463176
237560136,Yes,237560281,No,Yes,,237560136_237560281,237560281_237560136
237609184,Yes,237609191,No,Yes,,237609184_237609191,237609191_237609184
237609191,No,237609184,Yes,Yes,,237609191_237609184,237609184_237609191
237909807,Yes,237909805,No,Yes,,237909807_237909805,237909805_237909807
237917314,Yes,238240048,Yes,Yes,,237917314_238240048,238240048_237917314
237917321,Yes,238048389,Yes,Yes,,237917321_238048389,238048389_237917321
237917322,Yes,238048251,Yes,Yes,,237917322_238048251,238048251_237917322
237981305,No,237981630,Yes,Yes,,237981305_237981630,237981630_237981305
237981630,Yes,237981305,No,Yes,,237981630_237981305,237981305_237981630
237983381,Yes,237983382,Yes,Yes,,237983381_237983382,237983382_237983381
237983382,Yes,237983381,Yes,Yes,,237983382_237983381,237983381_237983382
238009240,Yes,238009904,Yes,Yes,,238009240_238009904,238009904_238009240
238009904,Yes,238009240,Yes,Yes,,238009904_238009240,238009240_238009904
238048251,Yes,237917322,Yes,Yes,,238048251_237917322,237917322_238048251
238048389,Yes,237917321,Yes,Yes,,238048389_237917321,237917321_238048389
238199955,Yes,238199687,No,Yes,,238199955_238199687,238199687_238199955
238240048,Yes,237917314,Yes,Yes,,238240048_237917314,237917314_238240048
238339877,Yes,238339835,No,Yes,,238339877_238339835,238339835_238339877
238510796,Yes,238577781,No,Yes,,238510796_238577781,238577781_238510796
238577463,No,238510796,Yes,Yes,,238577463_238510796,238510796_238577463
238577781,No,238510796,Yes,Yes,,238577781_238510796,238510796_238577781
238654823,Yes,240864314,No,Yes,,238654823_240864314,240864314_238654823
238665378,Yes,238665466,Yes,Yes,,238665378_238665466,238665466_238665378
238665466,Yes,238665378,Yes,Yes,,238665466_238665378,238665378_238665466
238719585,Yes,240723739,No,Yes,,238719585_240723739,240723739_238719585
238758590,Yes,238758744,No,Yes,,238758590_238758744,238758744_238758590
239016122,Yes,240558548,No,Yes,,239016122_240558548,240558548_239016122
239098514,No,239098513,No,Yes,,239098514_239098513,239098513_239098514
239119109,Yes,239119318,No,Yes,,239119109_239119318,239119318_239119109
239119318,No,239119109,Yes,Yes,,239119318_239119109,239119109_239119318
239258818,No,239258817,No,Yes,,239258818_239258817,239258817_239258818
239334120,Yes,239334121,No,Yes,,239334120_239334121,239334121_239334120
239393752,Yes,239393754,Yes,Yes,,239393752_239393754,239393754_239393752
239393754,Yes,239393752,Yes,Yes,,239393754_239393752,239393752_239393754
239416478,Yes,239417212,Yes,Yes,,239416478_239417212,239417212_239416478
239420104,Yes,239420144,No,Yes,,239420104_239420144,239420144_239420104
239425588,Yes,239425597,No,Yes,,239425588_239425597,239425597_239425588
239425599,Yes,239425597,No,Yes,,239425599_239425597,239425597_239425599
239425600,Yes,239425597,No,Yes,,239425600_239425597,239425597_239425600
239580053,No,239580054,No,Yes,,239580053_239580054,239580054_239580053
239609654,Yes,239863491,No,Yes,,239609654_239863491,239863491_239609654
239701610,Yes,239701613,Yes,Yes,,239701610_239701613,239701613_239701610
239701613,Yes,239701610,Yes,Yes,,239701613_239701610,239701610_239701613
239702836,Yes,239703161,Yes,Yes,,239702836_239703161,239703161_239702836
239703161,Yes,239702836,Yes,Yes,,239703161_239702836,239702836_239703161
239883885,Yes,239883886,Yes,Yes,,239883885_239883886,239883886_239883885
239883886,Yes,239883885,Yes,Yes,,239883886_239883885,239883885_239883886
239888048,Yes,239888049,No,Yes,,239888048_239888049,239888049_239888048
239892553,Yes,338451649,No,Yes,,239892553_338451649,338451649_239892553
239921815,Yes,239921817,No,Yes,,239921815_239921817,239921817_239921815
239989218,Yes,239989219,No,Yes,,239989218_239989219,239989219_239989218
240039608,Yes,240039609,No,Yes,,240039608_240039609,240039609_240039608
240062609,No,338316962,No,Yes,,240062609_338316962,338316962_240062609
240227300,Yes,240227367,Yes,Yes,,240227300_240227367,240227367_240227300
240227367,Yes,240227300,Yes,Yes,,240227367_240227300,240227300_240227367
240246947,Yes,240247437,Yes,Yes,,240246947_240247437,240247437_240246947
240247437,Yes,240246947,Yes,Yes,,240247437_240246947,240246947_240247437
240254760,No,249898111,No,Yes,,240254760_249898111,249898111_240254760
240509801,Yes,337417586,No,Yes,,240509801_337417586,337417586_240509801
240542289,Yes,240542495,Yes,Yes,,240542289_240542495,240542495_240542289
240542495,Yes,240542289,Yes,Yes,,240542495_240542289,240542289_240542495
240551361,Yes,240551363,No,Yes,,240551361_240551363,240551363_240551361
240551363,No,240551361,Yes,Yes,,240551363_240551361,240551361_240551363
240558548,No,239016122,Yes,Yes,,240558548_239016122,239016122_240558548
240599185,Yes,240599337,Yes,Yes,,240599185_240599337,240599337_240599185
240599337,Yes,240599185,Yes,Yes,,240599337_240599185,240599185_240599337
240767718,Yes,241089989,No,Yes,,240767718_241089989,241089989_240767718
240813156,Yes,240918446,No,Yes,,240813156_240918446,240918446_240813156
240868017,Yes,240948895,No,Yes,,240868017_240948895,240948895_240868017
240918446,No,240813156,Yes,Yes,,240918446_240813156,240813156_240918446
240933696,Yes,240933765,Yes,Yes,,240933696_240933765,240933765_240933696
240933765,Yes,240933696,Yes,Yes,,240933765_240933696,240933696_240933765
240948895,No,240868017,Yes,Yes,,240948895_240868017,240868017_240948895
240958524,Yes,241126213,No,Yes,,240958524_241126213,241126213_240958524
241050805,Yes,299536535,Yes,Yes,,241050805_299536535,299536535_241050805
241089989,No,240767718,Yes,Yes,,241089989_240767718,240767718_241089989
241126213,No,240958524,Yes,Yes,,241126213_240958524,240958524_241126213
241189214,No,241189249,Yes,Yes,,241189214_241189249,241189249_241189214
241189249,Yes,241189214,No,Yes,,241189249_241189214,241189214_241189249
241215124,Yes,241216282,No,Yes,,241215124_241216282,241216282_241215124
241219478,Yes,241283169,Yes,Yes,,241219478_241283169,241283169_241219478
241283169,Yes,241219478,Yes,Yes,,241283169_241219478,241219478_241283169
241300849,Yes,241301484,Yes,Yes,,241300849_241301484,241301484_241300849
241301484,Yes,241300849,Yes,Yes,,241301484_241300849,241300849_241301484
241314574,Yes,241314574,Yes,Yes,,241314574_241314574,241314574_241314574
241314622,Yes,241314574,Yes,Yes,,241314622_241314574,241314574_241314622
241513725,Yes,241514420,No,Yes,,241513725_241514420,241514420_241513725
241577153,Yes,241788318,No,Yes,,241577153_241788318,241788318_241577153
241579347,Yes,241705342,No,Yes,,241579347_241705342,241705342_241579347
241705342,No,241579347,Yes,Yes,,241705342_241579347,241579347_241705342
241788318,No,241577153,Yes,Yes,,241788318_241577153,241577153_241788318
241972384,Yes,241972385,No,Yes,,241972384_241972385,241972385_241972384
241972385,No,241972384,Yes,Yes,,241972385_241972384,241972384_241972385
242164378,Yes,242309142,No,Yes,,242164378_242309142,242309142_242164378
242185041,No,297800942,No,Yes,,242185041_297800942,297800942_242185041
242189743,Yes,242189745,No,Yes,,242189743_242189745,242189745_242189743
242189745,No,242189743,Yes,Yes,,242189745_242189743,242189743_242189745
242292770,Yes,242292769,No,Yes,,242292770_242292769,242292769_242292770
242308040,Yes,242308041,No,Yes,,242308040_242308041,242308041_242308040
242429835,No,203987423,No,Yes,,242429835_203987423,203987423_242429835
242450283,Yes,165850790,No,Yes,,242450283_165850790,165850790_242450283
242450552,Yes,165533004,No,Yes,,242450552_165533004,165533004_242450552
242462639,Yes,242462640,Yes,Yes,,242462639_242462640,242462640_242462639
242462640,Yes,242462639,Yes,Yes,,242462640_242462639,242462639_242462640
242481576,Yes,93364815,No,Yes,,242481576_93364815,93364815_242481576
242483291,No,82978838,Yes,Yes,,242483291_82978838,82978838_242483291
242493108,Yes,56815799,Yes,Yes,,242493108_56815799,56815799_242493108
242957994,No,242957816,No,Yes,,242957994_242957816,242957816_242957994
242999503,Yes,242999504,No,Yes,,242999503_242999504,242999504_242999503
243124004,Yes,243124005,No,Yes,,243124004_243124005,243124005_243124004
243180038,Yes,243180107,No,Yes,,243180038_243180107,243180107_243180038
243180107,No,243180038,Yes,Yes,,243180107_243180038,243180038_243180107
243371242,No,221016471,Yes,Yes,,243371242_221016471,221016471_243371242
243833291,Yes,243833298,No,Yes,,243833291_243833298,243833298_243833291
243833298,No,243833291,Yes,Yes,,243833298_243833291,243833291_243833298
243933836,No,243933838,No,Yes,,243933836_243933838,243933838_243933836
244014298,No,244014299,Yes,Yes,,244014298_244014299,244014299_244014298
244014299,Yes,244014298,No,Yes,,244014299_244014298,244014298_244014299
244247321,Yes,244247389,No,Yes,,244247321_244247389,244247389_244247321
244268104,No,244268191,No,Yes,,244268104_244268191,244268191_244268104
244268191,No,244268104,No,Yes,,244268191_244268104,244268104_244268191
244601777,Yes,244601643,No,Yes,,244601777_244601643,244601643_244601777
244767253,No,35703936,No,Yes,,244767253_35703936,35703936_244767253
244825252,No,244825250,No,Yes,,244825252_244825250,244825250_244825252
244942407,Yes,339197557,Yes,Yes,,244942407_339197557,339197557_244942407
244942444,Yes,339197557,Yes,Yes,,244942444_339197557,339197557_244942444
244942513,Yes,339197557,Yes,Yes,,244942513_339197557,339197557_244942513
244981560,Yes,244981701,No,Yes,,244981560_244981701,244981701_244981560
244985060,Yes,244985157,No,Yes,,244985060_244985157,244985157_244985060
244985157,No,244985060,Yes,Yes,,244985157_244985060,244985060_244985157
245029196,Yes,245029197,No,Yes,,245029196_245029197,245029197_245029196
245125174,Yes,257883990,No,Yes,,245125174_257883990,257883990_245125174
245127737,Yes,339197557,Yes,Yes,,245127737_339197557,339197557_245127737
245196686,Yes,245127345,No,Yes,,245196686_245127345,245127345_245196686
245452385,Yes,245478124,No,Yes,,245452385_245478124,245478124_245452385
245465881,Yes,245465911,No,Yes,,245465881_245465911,245465911_245465881
245488538,Yes,245488864,No,Yes,,245488538_245488864,245488864_245488538
245488864,No,245488538,Yes,Yes,,245488864_245488538,245488538_245488864
245604818,Yes,245604833,No,Yes,,245604818_245604833,245604833_245604818
245604833,No,245604818,Yes,Yes,,245604833_245604818,245604818_245604833
245654841,Yes,339190540,No,Yes,,245654841_339190540,339190540_245654841
245732252,No,245732259,Yes,Yes,,245732252_245732259,245732259_245732252
245732259,Yes,245732252,No,Yes,,245732259_245732252,245732252_245732259
245765522,Yes,245765525,No,Yes,,245765522_245765525,245765525_245765522
245765525,No,245765522,Yes,Yes,,245765525_245765522,245765522_245765525
245774539,Yes,245807670,No,Yes,,245774539_245807670,245807670_245774539
245776329,Yes,245808924,No,Yes,,245776329_245808924,245808924_245776329
245785001,Yes,245783444,No,Yes,,245785001_245783444,245783444_245785001
245838895,Yes,245839632,Yes,Yes,,245838895_245839632,245839632_245838895
245839632,Yes,245838895,Yes,Yes,,245839632_245838895,245838895_245839632
245840283,Yes,245843470,No,Yes,,245840283_245843470,245843470_245840283
245973477,Yes,246182816,No,Yes,,245973477_246182816,246182816_245973477
245976694,Yes,245976698,No,Yes,,245976694_245976698,245976698_245976694
245986837,Yes,245986852,Yes,Yes,,245986837_245986852,245986852_245986837
245986847,Yes,245986852,Yes,Yes,,245986847_245986852,245986852_245986847
245986852,Yes,245986895,Yes,Yes,,245986852_245986895,245986895_245986852
245986852,Yes,245986862,Yes,Yes,,245986852_245986862,245986862_245986852
245986852,Yes,245986847,Yes,Yes,,245986852_245986847,245986847_245986852
245986852,Yes,245986837,Yes,Yes,,245986852_245986837,245986837_245986852
245986862,Yes,245986852,Yes,Yes,,245986862_245986852,245986852_245986862
245986895,Yes,245986852,Yes,Yes,,245986895_245986852,245986852_245986895
245986987,Yes,245986982,No,Yes,,245986987_245986982,245986982_245986987
245987004,Yes,245987005,Yes,Yes,,245987004_245987005,245987005_245987004
245987005,Yes,245987004,Yes,Yes,,245987005_245987004,245987004_245987005
246053523,No,248739024,No,Yes,,246053523_248739024,248739024_246053523
246182816,No,245973477,Yes,Yes,,246182816_245973477,245973477_246182816
246196109,No,246196106,No,Yes,,246196109_246196106,246196106_246196109
246390451,Yes,246390452,Yes,Yes,,246390451_246390452,246390452_246390451
246390452,Yes,246390451,Yes,Yes,,246390452_246390451,246390451_246390452
246394562,Yes,246394619,No,Yes,,246394562_246394619,246394619_246394562
246880898,Yes,247062724,Yes,Yes,,246880898_247062724,247062724_246880898
247062724,Yes,246880898,Yes,Yes,,247062724_246880898,246880898_247062724
247199549,Yes,247199552,No,Yes,,247199549_247199552,247199552_247199549
247199552,No,247199549,Yes,Yes,,247199552_247199549,247199549_247199552
247343361,Yes,247752021,No,Yes,,247343361_247752021,247752021_247343361
247395768,Yes,247395910,Yes,Yes,,247395768_247395910,247395910_247395768
247395910,Yes,247395768,Yes,Yes,,247395910_247395768,247395768_247395910
247507493,Yes,247574628,No,Yes,,247507493_247574628,247574628_247507493
247576447,Yes,247576444,No,Yes,,247576447_247576444,247576444_247576447
247668486,No,247668249,No,Yes,,247668486_247668249,247668249_247668486
247752021,No,247343361,Yes,Yes,,247752021_247343361,247343361_247752021
247795154,No,247795237,No,Yes,,247795154_247795237,247795237_247795154
247933877,Yes,247893915,No,Yes,,247933877_247893915,247893915_247933877
248012581,Yes,248012864,No,Yes,,248012581_248012864,248012864_248012581
248091179,Yes,247893915,No,Yes,,248091179_247893915,247893915_248091179
248091180,Yes,247893915,No,Yes,,248091180_247893915,247893915_248091180
248299554,Yes,263120929,No,Yes,,248299554_263120929,263120929_248299554
248429288,Yes,247893915,No,Yes,,248429288_247893915,247893915_248429288
248534178,Yes,248534363,Yes,Yes,,248534178_248534363,248534363_248534178
248534363,Yes,248534178,Yes,Yes,,248534363_248534178,248534178_248534363
248570093,Yes,248570071,No,Yes,,248570093_248570071,248570071_248570093
248570671,Yes,248570253,No,Yes,,248570671_248570253,248570253_248570671
248574050,Yes,248573913,No,Yes,,248574050_248573913,248573913_248574050
248619081,Yes,248619087,No,Yes,,248619081_248619087,248619087_248619081
248648631,Yes,248648864,Yes,Yes,,248648631_248648864,248648864_248648631
248648850,Yes,248648864,Yes,Yes,,248648850_248648864,248648864_248648850
248648864,Yes,248648850,Yes,Yes,,248648864_248648850,248648850_248648864
248674133,No,248674134,Yes,Yes,,248674133_248674134,248674134_248674133
248674134,Yes,248674133,No,Yes,,248674134_248674133,248674133_248674134
248739024,No,246053523,No,Yes,,248739024_246053523,246053523_248739024
248807786,Yes,249543248,No,Yes,,248807786_249543248,249543248_248807786
248866738,Yes,248868086,No,Yes,,248866738_248868086,248868086_248866738
248868086,No,248866738,Yes,Yes,,248868086_248866738,248866738_248868086
248966452,Yes,248966455,No,Yes,,248966452_248966455,248966455_248966452
248966460,Yes,248966456,No,Yes,,248966460_248966456,248966456_248966460
248966463,Yes,248966456,No,Yes,,248966463_248966456,248966456_248966463
248966465,Yes,248966456,No,Yes,,248966465_248966456,248966456_248966465
248966467,Yes,248966456,No,Yes,,248966467_248966456,248966456_248966467
248966468,Yes,248966456,No,Yes,,248966468_248966456,248966456_248966468
249029958,Yes,249030109,No,Yes,,249029958_249030109,249030109_249029958
249030109,No,249029958,Yes,Yes,,249030109_249029958,249029958_249030109
249224226,Yes,249224227,No,Yes,,249224226_249224227,249224227_249224226
249371018,Yes,249371019,Yes,Yes,,249371018_249371019,249371019_249371018
249371019,Yes,249371018,Yes,Yes,,249371019_249371018,249371018_249371019
249455973,Yes,249455977,Yes,Yes,,249455973_249455977,249455977_249455973
249455977,Yes,249455973,Yes,Yes,,249455977_249455973,249455973_249455977
249455987,No,249455991,Yes,Yes,,249455987_249455991,249455991_249455987
249455991,Yes,249455987,No,Yes,,249455991_249455987,249455987_249455991
249472508,Yes,249472514,No,Yes,,249472508_249472514,249472514_249472508
249472514,No,249472508,Yes,Yes,,249472514_249472508,249472508_249472514
249561798,Yes,249561799,No,Yes,,249561798_249561799,249561799_249561798
249561799,No,249561798,Yes,Yes,,249561799_249561798,249561798_249561799
249561803,No,249561804,Yes,Yes,,249561803_249561804,249561804_249561803
249561804,Yes,249561803,No,Yes,,249561804_249561803,249561803_249561804
249580540,No,249580542,No,Yes,,249580540_249580542,249580542_249580540
249580542,No,249580540,No,Yes,,249580542_249580540,249580540_249580542
249629529,Yes,249630174,No,Yes,,249629529_249630174,249630174_249629529
249692922,Yes,249693287,No,Yes,,249692922_249693287,249693287_249692922
249692941,Yes,249692943,No,Yes,,249692941_249692943,249692943_249692941
249692962,Yes,249692963,Yes,Yes,,249692962_249692963,249692963_249692962
249692963,Yes,249692962,Yes,Yes,,249692963_249692962,249692962_249692963
249696073,Yes,277882108,No,Yes,,249696073_277882108,277882108_249696073
249733754,Yes,337417438,No,Yes,,249733754_337417438,337417438_249733754
249758554,Yes,249758556,No,Yes,,249758554_249758556,249758556_249758554
249834195,No,249834197,Yes,Yes,,249834195_249834197,249834197_249834195
249834197,Yes,249834195,No,Yes,,249834197_249834195,249834195_249834197
249855114,Yes,249861038,No,Yes,,249855114_249861038,249861038_249855114
249855663,Yes,249861038,No,Yes,,249855663_249861038,249861038_249855663
249861691,Yes,249861038,No,Yes,,249861691_249861038,249861038_249861691
249864433,Yes,249861038,No,Yes,,249864433_249861038,249861038_249864433
249866449,Yes,249861038,No,Yes,,249866449_249861038,249861038_249866449
249877251,Yes,249861038,No,Yes,,249877251_249861038,249861038_249877251
249879134,No,249861038,No,Yes,,249879134_249861038,249861038_249879134
249881582,Yes,249861038,No,Yes,,249881582_249861038,249861038_249881582
249881922,No,249861038,No,Yes,,249881922_249861038,249861038_249881922
249900676,No,208490579,Yes,Yes,,249900676_208490579,208490579_249900676
249978886,Yes,249861038,No,Yes,,249978886_249861038,249861038_249978886
249979118,Yes,249861038,No,Yes,,249979118_249861038,249861038_249979118
250156987,Yes,250157056,Yes,Yes,,250156987_250157056,250157056_250156987
250157056,Yes,250156987,Yes,Yes,,250157056_250156987,250156987_250157056
250173043,Yes,250173280,Yes,Yes,,250173043_250173280,250173280_250173043
250173280,Yes,250173043,Yes,Yes,,250173280_250173043,250173043_250173280
250235945,Yes,250236216,Yes,Yes,,250235945_250236216,250236216_250235945
250236216,Yes,250235945,Yes,Yes,,250236216_250235945,250235945_250236216
250242313,Yes,250242314,No,Yes,,250242313_250242314,250242314_250242313
250249682,No,250249683,No,Yes,,250249682_250249683,250249683_250249682
250258999,Yes,250259000,No,Yes,,250258999_250259000,250259000_250258999
250259000,No,250258999,Yes,Yes,,250259000_250258999,250258999_250259000
250273407,Yes,250273406,No,Yes,,250273407_250273406,250273406_250273407
250285584,Yes,250285587,No,Yes,,250285584_250285587,250285587_250285584
250312915,No,250312916,No,Yes,,250312915_250312916,250312916_250312915
250312916,No,250312915,No,Yes,,250312916_250312915,250312915_250312916
250336195,Yes,246056735,No,Yes,,250336195_246056735,246056735_250336195
250400748,Yes,250400750,No,Yes,,250400748_250400750,250400750_250400748
250413959,No,249861038,No,Yes,,250413959_249861038,249861038_250413959
250425761,Yes,250425107,No,Yes,,250425761_250425107,250425107_250425761
250470486,Yes,250470490,Yes,Yes,,250470486_250470490,250470490_250470486
250470490,Yes,250470486,Yes,Yes,,250470490_250470486,250470486_250470490
250495131,No,250516964,Yes,Yes,,250495131_250516964,250516964_250495131
250506903,Yes,277883317,No,Yes,,250506903_277883317,277883317_250506903
250516964,Yes,250495131,No,Yes,,250516964_250495131,250495131_250516964
250593149,Yes,250593152,No,Yes,,250593149_250593152,250593152_250593149
250593169,Yes,250593170,No,Yes,,250593169_250593170,250593170_250593169
250593182,Yes,250593181,No,Yes,,250593182_250593181,250593181_250593182
250593188,Yes,250593189,No,Yes,,250593188_250593189,250593189_250593188
250649005,Yes,250649007,Yes,Yes,,250649005_250649007,250649007_250649005
250649007,Yes,250649005,Yes,Yes,,250649007_250649005,250649005_250649007
250685584,Yes,250685735,Yes,Yes,,250685584_250685735,250685735_250685584
250685735,Yes,250685584,Yes,Yes,,250685735_250685584,250685584_250685735
250686990,No,250686950,No,Yes,,250686990_250686950,250686950_250686990
250687006,No,250685584,Yes,Yes,,250687006_250685584,250685584_250687006
250699970,No,250699972,No,Yes,,250699970_250699972,250699972_250699970
250699979,No,250699972,No,Yes,,250699979_250699972,250699972_250699979
250712878,Yes,250712880,Yes,Yes,,250712878_250712880,250712880_250712878
250712880,Yes,250712878,Yes,Yes,,250712880_250712878,250712878_250712880
250824495,Yes,250824582,Yes,Yes,,250824495_250824582,250824582_250824495
250824582,Yes,250824495,Yes,Yes,,250824582_250824495,250824495_250824582
250839973,Yes,250839974,No,Yes,,250839973_250839974,250839974_250839973
250956760,Yes,250956763,Yes,Yes,,250956760_250956763,250956763_250956760
250956763,Yes,250956760,Yes,Yes,,250956763_250956760,250956760_250956763
251072047,Yes,251072156,Yes,Yes,,251072047_251072156,251072156_251072047
251072156,Yes,251072047,Yes,Yes,,251072156_251072047,251072047_251072156
251139342,Yes,277884539,No,Yes,,251139342_277884539,277884539_251139342
251142511,Yes,251142512,No,Yes,,251142511_251142512,251142512_251142511
251144592,Yes,251144593,No,Yes,,251144592_251144593,251144593_251144592
251144594,Yes,251144596,No,Yes,,251144594_251144596,251144596_251144594
251159127,Yes,251159101,No,Yes,,251159127_251159101,251159101_251159127
251234058,Yes,249080127,No,Yes,,251234058_249080127,249080127_251234058
251464136,Yes,251464135,No,Yes,,251464136_251464135,251464135_251464136
251498307,Yes,251498308,No,Yes,,251498307_251498308,251498308_251498307
251498310,Yes,251498308,No,Yes,,251498310_251498308,251498308_251498310
251498320,Yes,251498321,No,Yes,,251498320_251498321,251498321_251498320
251498321,No,251498320,Yes,Yes,,251498321_251498320,251498320_251498321
251506442,Yes,251506443,No,Yes,,251506442_251506443,251506443_251506442
251518744,Yes,251518745,No,Yes,,251518744_251518745,251518745_251518744
251530801,Yes,251535249,Yes,Yes,,251530801_251535249,251535249_251530801
251535249,Yes,251530801,Yes,Yes,,251535249_251530801,251530801_251535249
251535249,Yes,251536691,Yes,Yes,,251535249_251536691,251536691_251535249
251536691,Yes,251535249,Yes,Yes,,251536691_251535249,251535249_251536691
251558054,No,51290165,Yes,Yes,,251558054_51290165,51290165_251558054
251595210,Yes,251595156,No,Yes,,251595210_251595156,251595156_251595210
251615230,Yes,251616052,No,Yes,,251615230_251616052,251616052_251615230
251723764,Yes,251723768,No,Yes,,251723764_251723768,251723768_251723764
251801799,Yes,251801945,No,Yes,,251801799_251801945,251801945_251801799
251802590,No,251802590,No,Yes,,251802590_251802590,251802590_251802590
251808998,Yes,251808999,No,Yes,,251808998_251808999,251808999_251808998
251809002,Yes,251808999,No,Yes,,251809002_251808999,251808999_251809002
251824932,No,251824930,No,Yes,,251824932_251824930,251824930_251824932
251831241,Yes,251831243,No,Yes,,251831241_251831243,251831243_251831241
251831243,No,251831241,Yes,Yes,,251831243_251831241,251831241_251831243
251923782,No,251923858,Yes,Yes,,251923782_251923858,251923858_251923782
251923858,Yes,251923782,No,Yes,,251923858_251923782,251923782_251923858
251929462,Yes,254108994,No,Yes,,251929462_254108994,254108994_251929462
251943395,Yes,251943396,No,Yes,,251943395_251943396,251943396_251943395
252148156,Yes,252148157,No,Yes,,252148156_252148157,252148157_252148156
252167760,Yes,252167975,No,Yes,,252167760_252167975,252167975_252167760
252213215,No,219808613,Yes,Yes,,252213215_219808613,219808613_252213215
252293546,Yes,252293547,No,Yes,,252293546_252293547,252293547_252293546
252303163,Yes,252303165,No,Yes,,252303163_252303165,252303165_252303163
252303165,No,252303163,Yes,Yes,,252303165_252303163,252303163_252303165
252403807,Yes,252403808,Yes,Yes,,252403807_252403808,252403808_252403807
252403808,Yes,252403807,Yes,Yes,,252403808_252403807,252403807_252403808
252526144,Yes,252526145,Yes,Yes,,252526144_252526145,252526145_252526144
252526145,Yes,252526144,Yes,Yes,,252526145_252526144,252526144_252526145
252594283,Yes,252594285,Yes,Yes,,252594283_252594285,252594285_252594283
252594285,Yes,252594283,Yes,Yes,,252594285_252594283,252594283_252594285
252623509,Yes,252623512,Yes,Yes,,252623509_252623512,252623512_252623509
252623512,Yes,252623509,Yes,Yes,,252623512_252623509,252623509_252623512
252646022,Yes,252646291,Yes,Yes,,252646022_252646291,252646291_252646022
252646291,Yes,252646022,Yes,Yes,,252646291_252646022,252646022_252646291
252657161,No,252657163,Yes,Yes,,252657161_252657163,252657163_252657161
252657163,Yes,252657161,No,Yes,,252657163_252657161,252657161_252657163
252674469,Yes,252674471,No,Yes,,252674469_252674471,252674471_252674469
252748383,Yes,252748386,No,Yes,,252748383_252748386,252748386_252748383
252748386,No,252748383,Yes,Yes,,252748386_252748383,252748383_252748386
252843094,Yes,252843096,Yes,Yes,,252843094_252843096,252843096_252843094
252843096,Yes,252843094,Yes,Yes,,252843096_252843094,252843094_252843096
252852570,Yes,252852571,Yes,Yes,,252852570_252852571,252852571_252852570
252852571,Yes,252852570,Yes,Yes,,252852571_252852570,252852570_252852571
252852582,Yes,252852581,No,Yes,,252852582_252852581,252852581_252852582
252861325,Yes,252861324,No,Yes,,252861325_252861324,252861324_252861325
252861330,Yes,252861331,No,Yes,,252861330_252861331,252861331_252861330
253120743,No,253509599,No,Yes,,253120743_253509599,253509599_253120743
253187882,Yes,253187884,No,Yes,,253187882_253187884,253187884_253187882
253187882,Yes,253187903,No,Yes,,253187882_253187903,253187903_253187882
253187882,Yes,253187892,Yes,Yes,,253187882_253187892,253187892_253187882
253187892,Yes,253187882,Yes,Yes,,253187892_253187882,253187882_253187892
253187903,No,253187882,Yes,Yes,,253187903_253187882,253187882_253187903
253306783,Yes,253306785,No,Yes,,253306783_253306785,253306785_253306783
253306811,Yes,253306813,Yes,Yes,,253306811_253306813,253306813_253306811
253306813,Yes,253306811,Yes,Yes,,253306813_253306811,253306811_253306813
253306813,Yes,253306814,No,Yes,,253306813_253306814,253306814_253306813
253306813,Yes,253306817,Yes,Yes,,253306813_253306817,253306817_253306813
253306813,Yes,253306819,Yes,Yes,,253306813_253306819,253306819_253306813
253306814,No,253306813,Yes,Yes,,253306814_253306813,253306813_253306814
253306817,Yes,253306813,Yes,Yes,,253306817_253306813,253306813_253306817
253306819,Yes,253306813,Yes,Yes,,253306819_253306813,253306813_253306819
253386841,No,253386840,No,Yes,,253386841_253386840,253386840_253386841
253403247,No,253403245,No,Yes,,253403247_253403245,253403245_253403247
253424846,Yes,253424845,No,Yes,,253424846_253424845,253424845_253424846
253478221,Yes,253478770,No,Yes,,253478221_253478770,253478770_253478221
253501575,Yes,253504877,No,Yes,,253501575_253504877,253504877_253501575
253504877,No,253500954,No,Yes,,253504877_253500954,253500954_253504877
253504877,No,253501469,No,Yes,,253504877_253501469,253501469_253504877
253504877,No,253501575,Yes,Yes,,253504877_253501575,253501575_253504877
253508113,No,253508114,No,Yes,,253508113_253508114,253508114_253508113
253595434,Yes,253595433,No,Yes,,253595434_253595433,253595433_253595434
253635237,Yes,253635240,No,Yes,,253635237_253635240,253635240_253635237
253635271,Yes,253635279,No,Yes,,253635271_253635279,253635279_253635271
253635288,Yes,253635294,No,Yes,,253635288_253635294,253635294_253635288
253635296,Yes,253635297,No,Yes,,253635296_253635297,253635297_253635296
253635321,Yes,253637757,No,Yes,,253635321_253637757,253637757_253635321
253692618,No,253692619,Yes,Yes,,253692618_253692619,253692619_253692618
253692619,Yes,253692618,No,Yes,,253692619_253692618,253692618_253692619
253857557,No,253857555,No,Yes,,253857557_253857555,253857555_253857557
253893846,No,253893849,No,Yes,,253893846_253893849,253893849_253893846
253893847,No,253893848,No,Yes,,253893847_253893848,253893848_253893847
253893849,No,253893846,No,Yes,,253893849_253893846,253893846_253893849
253904241,Yes,253904242,No,Yes,,253904241_253904242,253904242_253904241
254018977,No,254047678,No,Yes,,254018977_254047678,254047678_254018977
254108994,No,251929462,Yes,Yes,,254108994_251929462,251929462_254108994
254200867,Yes,254200869,Yes,Yes,,254200867_254200869,254200869_254200867
254200869,Yes,254200867,Yes,Yes,,254200869_254200867,254200867_254200869
254230254,Yes,254230369,No,Yes,,254230254_254230369,254230369_254230254
254252878,No,254253124,No,Yes,,254252878_254253124,254253124_254252878
254289638,No,254289633,No,Yes,,254289638_254289633,254289633_254289638
254323445,Yes,255613290,No,Yes,,254323445_255613290,255613290_254323445
254327646,Yes,254328623,Yes,Yes,,254327646_254328623,254328623_254327646
254328623,Yes,254327646,Yes,Yes,,254328623_254327646,254327646_254328623
254357079,No,254357078,No,Yes,,254357079_254357078,254357078_254357079
254401163,Yes,254421702,No,Yes,,254401163_254421702,254421702_254401163
254439831,Yes,254439832,No,Yes,,254439831_254439832,254439832_254439831
254453746,Yes,15062351,Yes,Yes,,254453746_15062351,15062351_254453746
254685680,Yes,254685711,Yes,Yes,,254685680_254685711,254685711_254685680
254685711,Yes,254685680,Yes,Yes,,254685711_254685680,254685680_254685711
254732478,Yes,254740598,No,Yes,,254732478_254740598,254740598_254732478
254883007,Yes,254883058,No,Yes,,254883007_254883058,254883058_254883007
255303041,No,255303042,Yes,Yes,,255303041_255303042,255303042_255303041
255303042,Yes,255303041,No,Yes,,255303042_255303041,255303041_255303042
255539822,Yes,255539823,Yes,Yes,,255539822_255539823,255539823_255539822
255539823,Yes,255539822,Yes,Yes,,255539823_255539822,255539822_255539823
255560409,Yes,255560408,No,Yes,,255560409_255560408,255560408_255560409
255596380,Yes,255596430,Yes,Yes,,255596380_255596430,255596430_255596380
255596430,Yes,255596380,Yes,Yes,,255596430_255596380,255596380_255596430
255916916,Yes,255917007,No,Yes,,255916916_255917007,255917007_255916916
255917007,No,255916916,Yes,Yes,,255917007_255916916,255916916_255917007
255935589,Yes,255936117,Yes,Yes,,255935589_255936117,255936117_255935589
255936117,Yes,255935589,Yes,Yes,,255936117_255935589,255935589_255936117
255980743,Yes,255982801,Yes,Yes,,255980743_255982801,255982801_255980743
255982801,Yes,255980743,Yes,Yes,,255982801_255980743,255980743_255982801
256022698,Yes,256022699,No,Yes,,256022698_256022699,256022699_256022698
256022699,No,256022698,Yes,Yes,,256022699_256022698,256022698_256022699
256133239,Yes,256133235,No,Yes,,256133239_256133235,256133235_256133239
256133614,Yes,256133615,Yes,Yes,,256133614_256133615,256133615_256133614
256133615,Yes,256133614,Yes,Yes,,256133615_256133614,256133614_256133615
256154467,Yes,256154525,No,Yes,,256154467_256154525,256154525_256154467
256154525,No,256154467,Yes,Yes,,256154525_256154467,256154467_256154525
256155553,Yes,256155556,No,Yes,,256155553_256155556,256155556_256155553
256160005,Yes,256160006,No,Yes,,256160005_256160006,256160006_256160005
256259369,No,256259367,No,Yes,,256259369_256259367,256259367_256259369
256419669,Yes,256419671,No,Yes,,256419669_256419671,256419671_256419669
256427245,Yes,256463606,No,Yes,,256427245_256463606,256463606_256427245
256463606,No,256427245,Yes,Yes,,256463606_256427245,256427245_256463606
256479597,Yes,256479598,No,Yes,,256479597_256479598,256479598_256479597
256505294,Yes,256505443,No,Yes,,256505294_256505443,256505443_256505294
256505443,No,256505294,Yes,Yes,,256505443_256505294,256505294_256505443
256576795,Yes,256576797,No,Yes,,256576795_256576797,256576797_256576795
256577171,Yes,256576803,No,Yes,,256577171_256576803,256576803_256577171
256624128,Yes,257710177,No,Yes,,256624128_257710177,257710177_256624128
256649712,No,256649710,No,Yes,,256649712_256649710,256649710_256649712
256659880,Yes,256659881,No,Yes,,256659880_256659881,256659881_256659880
256690105,Yes,256690108,No,Yes,,256690105_256690108,256690108_256690105
256690108,No,256690105,Yes,Yes,,256690108_256690105,256690105_256690108
256778364,Yes,256778365,No,Yes,,256778364_256778365,256778365_256778364
256904023,Yes,256904021,No,Yes,,256904023_256904021,256904021_256904023
256927131,No,256927195,No,Yes,,256927131_256927195,256927195_256927131
256927195,No,256927131,No,Yes,,256927195_256927131,256927131_256927195
256949536,Yes,277885660,No,Yes,,256949536_277885660,277885660_256949536
257027851,Yes,257027850,No,Yes,,257027851_257027850,257027850_257027851
257099817,No,256780793,No,Yes,,257099817_256780793,256780793_257099817
257198828,Yes,257262558,No,Yes,,257198828_257262558,257262558_257198828
257262558,No,257198828,Yes,Yes,,257262558_257198828,257198828_257262558
257266899,Yes,257267413,No,Yes,,257266899_257267413,257267413_257266899
257353216,Yes,257353217,No,Yes,,257353216_257353217,257353217_257353216
257386036,No,257476932,Yes,Yes,,257386036_257476932,257476932_257386036
257461933,No,257840909,No,Yes,,257461933_257840909,257840909_257461933
257476932,Yes,257386036,No,Yes,,257476932_257386036,257386036_257476932
257605224,Yes,257634615,No,Yes,,257605224_257634615,257634615_257605224
257634615,No,257605224,Yes,Yes,,257634615_257605224,257605224_257634615
257635212,Yes,257635239,No,Yes,,257635212_257635239,257635239_257635212
257687402,Yes,257687403,No,Yes,,257687402_257687403,257687403_257687402
257687403,No,257687402,Yes,Yes,,257687403_257687402,257687402_257687403
257840909,No,257461933,No,Yes,,257840909_257461933,257461933_257840909
257895121,Yes,258038107,No,Yes,,257895121_258038107,258038107_257895121
258073127,Yes,258126659,No,Yes,,258073127_258126659,258126659_258073127
258151437,No,258151521,No,Yes,,258151437_258151521,258151521_258151437
258151521,No,258151437,No,Yes,,258151521_258151437,258151437_258151521
258283127,Yes,258283314,No,Yes,,258283127_258283314,258283314_258283127
258373872,Yes,258374241,No,Yes,,258373872_258374241,258374241_258373872
258426897,Yes,258426998,No,Yes,,258426897_258426998,258426998_258426897
258568965,No,258740184,No,Yes,,258568965_258740184,258740184_258568965
258611666,Yes,166752859,Yes,Yes,,258611666_166752859,166752859_258611666
258798571,No,258801673,No,Yes,,258798571_258801673,258801673_258798571
258811243,No,258810753,No,Yes,,258811243_258810753,258810753_258811243
258942498,Yes,258969355,No,Yes,,258942498_258969355,258969355_258942498
258969355,No,258942498,Yes,Yes,,258969355_258942498,258942498_258969355
259095294,Yes,259095295,No,Yes,,259095294_259095295,259095295_259095294
259104399,No,259104662,Yes,Yes,,259104399_259104662,259104662_259104399
259104662,Yes,259104399,No,Yes,,259104662_259104399,259104399_259104662
259274626,Yes,259274625,No,Yes,,259274626_259274625,259274625_259274626
259298144,No,259298145,Yes,Yes,,259298144_259298145,259298145_259298144
259298145,Yes,259298144,No,Yes,,259298145_259298144,259298144_259298145
259450730,Yes,259450732,No,Yes,,259450730_259450732,259450732_259450730
259696092,No,259696091,No,Yes,,259696092_259696091,259696091_259696092
259929274,Yes,259929332,No,Yes,,259929274_259929332,259929332_259929274
260011388,Yes,260010324,No,Yes,,260011388_260010324,260010324_260011388
260195669,Yes,260195670,Yes,Yes,,260195669_260195670,260195670_260195669
260195670,Yes,260195669,Yes,Yes,,260195670_260195669,260195669_260195670
260195676,Yes,260195677,Yes,Yes,,260195676_260195677,260195677_260195676
260195677,Yes,260195676,Yes,Yes,,260195677_260195676,260195676_260195677
260288355,Yes,260289878,Yes,Yes,,260288355_260289878,260289878_260288355
260289878,Yes,260288355,Yes,Yes,,260289878_260288355,260288355_260289878
260330037,Yes,337104441,No,Yes,,260330037_337104441,337104441_260330037
260391896,Yes,260392447,No,Yes,,260391896_260392447,260392447_260391896
260392447,No,260391896,Yes,Yes,,260392447_260391896,260391896_260392447
260436866,Yes,260436867,No,Yes,,260436866_260436867,260436867_260436866
260436867,No,260436866,Yes,Yes,,260436867_260436866,260436866_260436867
260478382,Yes,260478383,Yes,Yes,,260478382_260478383,260478383_260478382
260478383,Yes,260478382,Yes,Yes,,260478383_260478382,260478382_260478383
260489987,Yes,260490027,Yes,Yes,,260489987_260490027,260490027_260489987
260490027,Yes,260489987,Yes,Yes,,260490027_260489987,260489987_260490027
260561767,Yes,260561769,No,Yes,,260561767_260561769,260561769_260561767
260656768,Yes,260656771,Yes,Yes,,260656768_260656771,260656771_260656768
260656771,Yes,260656768,Yes,Yes,,260656771_260656768,260656768_260656771
260778505,Yes,260778503,No,Yes,,260778505_260778503,260778503_260778505
260780600,Yes,260780601,No,Yes,,260780600_260780601,260780601_260780600
261082521,Yes,261082665,No,Yes,,261082521_261082665,261082665_261082521
261082665,No,261082521,Yes,Yes,,261082665_261082521,261082521_261082665
261319830,Yes,261319832,No,Yes,,261319830_261319832,261319832_261319830
261319832,No,261319830,Yes,Yes,,261319832_261319830,261319830_261319832
261465360,Yes,261465452,Yes,Yes,,261465360_261465452,261465452_261465360
261465452,Yes,261465360,Yes,Yes,,261465452_261465360,261465360_261465452
261633145,No,120523222,No,Yes,,261633145_120523222,120523222_261633145
261666004,Yes,261666243,No,Yes,,261666004_261666243,261666243_261666004
261666243,No,261666004,Yes,Yes,,261666243_261666004,261666004_261666243
261666403,Yes,261666404,No,Yes,,261666403_261666404,261666404_261666403
261667564,No,261667565,No,Yes,,261667564_261667565,261667565_261667564
261794670,Yes,261794672,Yes,Yes,,261794670_261794672,261794672_261794670
261794672,Yes,261794670,Yes,Yes,,261794672_261794670,261794670_261794672
261853341,Yes,180947691,Yes,Yes,,261853341_180947691,180947691_261853341
262109822,Yes,262109823,Yes,Yes,,262109822_262109823,262109823_262109822
262109823,Yes,262109822,Yes,Yes,,262109823_262109822,262109822_262109823
262124106,Yes,262121936,No,Yes,,262124106_262121936,262121936_262124106
262219771,Yes,262219773,Yes,Yes,,262219771_262219773,262219773_262219771
262219773,Yes,262219771,Yes,Yes,,262219773_262219771,262219771_262219773
262519333,Yes,262520602,Yes,Yes,,262519333_262520602,262520602_262519333
262520602,Yes,262519333,Yes,Yes,,262520602_262519333,262519333_262520602
262846845,No,262845437,No,Yes,,262846845_262845437,262845437_262846845
263076809,Yes,263076808,No,Yes,,263076809_263076808,263076808_263076809
263116577,Yes,263116578,No,Yes,,263116577_263116578,263116578_263116577
263120929,No,248299554,Yes,Yes,,263120929_248299554,248299554_263120929
263371586,Yes,263371587,No,Yes,,263371586_263371587,263371587_263371586
263408085,Yes,263417234,No,Yes,,263408085_263417234,263417234_263408085
263423395,Yes,263423396,No,Yes,,263423395_263423396,263423396_263423395
263448206,Yes,263448730,No,Yes,,263448206_263448730,263448730_263448206
263597887,Yes,263597890,No,Yes,,263597887_263597890,263597890_263597887
263606880,Yes,263606881,No,Yes,,263606880_263606881,263606881_263606880
263606881,No,263606880,Yes,Yes,,263606881_263606880,263606880_263606881
263611362,Yes,263611370,Yes,Yes,,263611362_263611370,263611370_263611362
263611370,Yes,263611362,Yes,Yes,,263611370_263611362,263611362_263611370
263800961,Yes,263801150,No,Yes,,263800961_263801150,263801150_263800961
263836666,Yes,263836667,No,Yes,,263836666_263836667,263836667_263836666
263836667,No,263836666,Yes,Yes,,263836667_263836666,263836666_263836667
263836668,No,263836670,Yes,Yes,,263836668_263836670,263836670_263836668
263836670,Yes,263836668,No,Yes,,263836670_263836668,263836668_263836670
263973520,Yes,230708732,Yes,Yes,,263973520_230708732,230708732_263973520
264023763,Yes,264023762,No,Yes,,264023763_264023762,264023762_264023763
264032678,Yes,227830474,No,Yes,,264032678_227830474,227830474_264032678
264037907,Yes,228137718,No,Yes,,264037907_228137718,228137718_264037907
264049389,No,264733769,No,Yes,,264049389_264733769,264733769_264049389
264132948,No,260791582,No,Yes,,264132948_260791582,260791582_264132948
264134871,Yes,250511625,No,Yes,,264134871_250511625,250511625_264134871
264136720,Yes,242336640,No,Yes,,264136720_242336640,242336640_264136720
264159661,Yes,335403774,No,Yes,,264159661_335403774,335403774_264159661
264159661,Yes,264159662,No,Yes,,264159661_264159662,264159662_264159661
264448800,Yes,264452650,Yes,Yes,,264448800_264452650,264452650_264448800
264452425,Yes,264452428,Yes,Yes,,264452425_264452428,264452428_264452425
264452428,Yes,264452425,Yes,Yes,,264452428_264452425,264452425_264452428
264452650,Yes,264448800,Yes,Yes,,264452650_264448800,264448800_264452650
264454251,Yes,264454333,No,Yes,,264454251_264454333,264454333_264454251
264457541,Yes,264457542,Yes,Yes,,264457541_264457542,264457542_264457541
264457542,Yes,264457541,Yes,Yes,,264457542_264457541,264457541_264457542
264489113,Yes,264489112,No,Yes,,264489113_264489112,264489112_264489113
264512547,No,264512553,No,Yes,,264512547_264512553,264512553_264512547
264512547,No,264512551,No,Yes,,264512547_264512551,264512551_264512547
264601862,Yes,264601860,No,Yes,,264601862_264601860,264601860_264601862
264643630,Yes,264644051,No,Yes,,264643630_264644051,264644051_264643630
264754608,Yes,264754610,No,Yes,,264754608_264754610,264754610_264754608
264824272,Yes,264824270,No,Yes,,264824272_264824270,264824270_264824272
264824290,No,264824296,Yes,Yes,,264824290_264824296,264824296_264824290
264824296,Yes,264824290,No,Yes,,264824296_264824290,264824290_264824296
264855973,Yes,264855974,Yes,Yes,,264855973_264855974,264855974_264855973
264855974,Yes,264855973,Yes,Yes,,264855974_264855973,264855973_264855974
264862618,Yes,264862705,No,Yes,,264862618_264862705,264862705_264862618
264986976,Yes,264989597,No,Yes,,264986976_264989597,264989597_264986976
264989597,No,264991416,Yes,Yes,,264989597_264991416,264991416_264989597
264991416,Yes,264989597,No,Yes,,264991416_264989597,264989597_264991416
264993323,No,264994008,Yes,Yes,,264993323_264994008,264994008_264993323
264994008,Yes,264993323,No,Yes,,264994008_264993323,264993323_264994008
265019110,Yes,265019129,No,Yes,,265019110_265019129,265019129_265019110
265042031,Yes,218819285,Yes,Yes,,265042031_218819285,218819285_265042031
265044095,Yes,265044037,No,Yes,,265044095_265044037,265044037_265044095
265170850,Yes,265215473,No,Yes,,265170850_265215473,265215473_265170850
265333748,Yes,265334535,No,Yes,,265333748_265334535,265334535_265333748
265333749,Yes,265335315,No,Yes,,265333749_265335315,265335315_265333749
265409016,No,265425619,No,Yes,,265409016_265425619,265425619_265409016
265425619,No,265409016,No,Yes,,265425619_265409016,265409016_265425619
265572849,Yes,265572845,No,Yes,,265572849_265572845,265572845_265572849
265640755,Yes,265640753,No,Yes,,265640755_265640753,265640753_265640755
265788502,Yes,265788621,No,Yes,,265788502_265788621,265788621_265788502
265907309,Yes,265908964,No,Yes,,265907309_265908964,265908964_265907309
265942682,Yes,265942684,No,Yes,,265942682_265942684,265942684_265942682
265944589,Yes,71008467,No,Yes,,265944589_71008467,71008467_265944589
265969713,Yes,265969798,Yes,Yes,,265969713_265969798,265969798_265969713
265969798,Yes,265969713,Yes,Yes,,265969798_265969713,265969713_265969798
265992399,Yes,265993274,Yes,Yes,,265992399_265993274,265993274_265992399
265993274,Yes,265994402,Yes,Yes,,265993274_265994402,265994402_265993274
265994402,Yes,265993274,Yes,Yes,,265994402_265993274,265993274_265994402
266155695,Yes,266155697,Yes,Yes,,266155695_266155697,266155697_266155695
266155697,Yes,266155695,Yes,Yes,,266155697_266155695,266155695_266155697
266255361,Yes,166444813,No,Yes,,266255361_166444813,166444813_266255361
266299444,Yes,266299517,No,Yes,,266299444_266299517,266299517_266299444
266300309,Yes,266300372,No,Yes,,266300309_266300372,266300372_266300309
266451191,Yes,266453070,No,Yes,,266451191_266453070,266453070_266451191
266453070,No,266451191,Yes,Yes,,266453070_266451191,266451191_266453070
266744625,No,266744691,No,Yes,,266744625_266744691,266744691_266744625
266744691,No,266744625,No,Yes,,266744691_266744625,266744625_266744691
266759730,Yes,266759729,No,Yes,,266759730_266759729,266759729_266759730
266826856,Yes,266827030,No,Yes,,266826856_266827030,266827030_266826856
266827030,No,266826856,Yes,Yes,,266827030_266826856,266826856_266827030
266963175,Yes,266963317,No,Yes,,266963175_266963317,266963317_266963175
266984975,Yes,278154399,Yes,Yes,,266984975_278154399,278154399_266984975
266984984,No,278159015,No,Yes,,266984984_278159015,278159015_266984984
266994508,No,266994503,No,Yes,,266994508_266994503,266994503_266994508
266997709,Yes,266997706,No,Yes,,266997709_266997706,266997706_266997709
267097867,No,222851209,No,Yes,,267097867_222851209,222851209_267097867
267100165,Yes,222066000,Yes,Yes,,267100165_222066000,222066000_267100165
267101192,Yes,222065888,Yes,Yes,,267101192_222065888,222065888_267101192
267401794,Yes,267401795,No,Yes,,267401794_267401795,267401795_267401794
267603132,Yes,267603170,Yes,Yes,,267603132_267603170,267603170_267603132
267603170,Yes,267603132,Yes,Yes,,267603170_267603132,267603132_267603170
267639591,Yes,267639594,No,Yes,,267639591_267639594,267639594_267639591
267745852,No,267745858,Yes,Yes,,267745852_267745858,267745858_267745852
267745852,No,267745851,No,Yes,,267745852_267745851,267745851_267745852
267745858,Yes,267745852,No,Yes,,267745858_267745852,267745852_267745858
267792863,Yes,267792865,No,Yes,,267792863_267792865,267792865_267792863
267869875,Yes,267872596,Yes,Yes,,267869875_267872596,267872596_267869875
267872596,Yes,267869875,Yes,Yes,,267872596_267869875,267869875_267872596
267872596,Yes,269442537,No,Yes,,267872596_269442537,269442537_267872596
267872596,Yes,269622087,No,Yes,,267872596_269622087,269622087_267872596
267883790,Yes,267883783,No,Yes,,267883790_267883783,267883783_267883790
267912176,Yes,267912950,No,Yes,,267912176_267912950,267912950_267912176
267961237,Yes,320473686,No,Yes,,267961237_320473686,320473686_267961237
267970253,Yes,172569457,Yes,Yes,,267970253_172569457,172569457_267970253
267974192,No,169196153,Yes,Yes,,267974192_169196153,169196153_267974192
268008827,Yes,268008826,No,Yes,,268008827_268008826,268008826_268008827
268132921,Yes,129442954,Yes,Yes,,268132921_129442954,129442954_268132921
268133352,Yes,129442826,No,Yes,,268133352_129442826,129442826_268133352
268134459,Yes,129419628,Yes,Yes,,268134459_129419628,129419628_268134459
268135388,Yes,129190181,Yes,Yes,,268135388_129190181,129190181_268135388
268136064,Yes,128502932,Yes,Yes,,268136064_128502932,128502932_268136064
268137247,No,126981675,No,Yes,,268137247_126981675,126981675_268137247
268137941,Yes,128501807,Yes,Yes,,268137941_128501807,128501807_268137941
268138338,Yes,126981081,No,Yes,,268138338_126981081,126981081_268138338
268139255,Yes,126980735,No,Yes,,268139255_126980735,126980735_268139255
268164482,Yes,268164183,No,Yes,,268164482_268164183,268164183_268164482
268301830,No,268301831,Yes,Yes,,268301830_268301831,268301831_268301830
268301831,Yes,268301830,No,Yes,,268301831_268301830,268301830_268301831
268665320,Yes,268665319,No,Yes,,268665320_268665319,268665319_268665320
268905187,Yes,268905190,No,Yes,,268905187_268905190,268905190_268905187
268922454,Yes,268923593,No,Yes,,268922454_268923593,268923593_268922454
268994456,Yes,268994680,No,Yes,,268994456_268994680,268994680_268994456
268994680,No,268994456,Yes,Yes,,268994680_268994456,268994456_268994680
269034089,No,269132986,No,Yes,,269034089_269132986,269132986_269034089
269080618,Yes,269080621,Yes,Yes,,269080618_269080621,269080621_269080618
269080621,Yes,269080618,Yes,Yes,,269080621_269080618,269080618_269080621
269275291,No,269275307,Yes,Yes,,269275291_269275307,269275307_269275291
269275307,Yes,269275291,No,Yes,,269275307_269275291,269275291_269275307
269385256,No,269387620,No,Yes,,269385256_269387620,269387620_269385256
269385337,No,269387620,No,Yes,,269385337_269387620,269387620_269385337
269416125,Yes,269416129,No,Yes,,269416125_269416129,269416129_269416125
269442537,No,267872596,Yes,Yes,,269442537_267872596,267872596_269442537
269537930,Yes,269537786,No,Yes,,269537930_269537786,269537786_269537930
269559919,Yes,269489526,No,Yes,,269559919_269489526,269489526_269559919
269622087,No,267872596,Yes,Yes,,269622087_267872596,267872596_269622087
269674154,Yes,269674289,No,Yes,,269674154_269674289,269674289_269674154
269731343,Yes,269731345,No,Yes,,269731343_269731345,269731345_269731343
269788022,Yes,269788023,No,Yes,,269788022_269788023,269788023_269788022
269893239,Yes,269893250,Yes,Yes,,269893239_269893250,269893250_269893239
269893250,Yes,269893239,Yes,Yes,,269893250_269893239,269893239_269893250
269903103,Yes,269904130,Yes,Yes,,269903103_269904130,269904130_269903103
269904130,Yes,269903103,Yes,Yes,,269904130_269903103,269903103_269904130
269943363,No,269943387,No,Yes,,269943363_269943387,269943387_269943363
270176633,No,270177769,Yes,Yes,,270176633_270177769,270177769_270176633
270177769,Yes,270176633,No,Yes,,270177769_270176633,270176633_270177769
270313313,Yes,270313319,No,Yes,,270313313_270313319,270313319_270313313
270549182,No,270549232,Yes,Yes,,270549182_270549232,270549232_270549182
270549232,Yes,270549182,No,Yes,,270549232_270549182,270549182_270549232
270589514,Yes,270589515,No,Yes,,270589514_270589515,270589515_270589514
270770076,Yes,270770046,No,Yes,,270770076_270770046,270770046_270770076
270794638,Yes,270620756,No,Yes,,270794638_270620756,270620756_270794638
270797273,No,270797282,No,Yes,,270797273_270797282,270797282_270797273
270797282,No,270797273,No,Yes,,270797282_270797273,270797273_270797282
270800757,Yes,270801159,Yes,Yes,,270800757_270801159,270801159_270800757
270801159,Yes,270800757,Yes,Yes,,270801159_270800757,270800757_270801159
270851492,Yes,270851493,Yes,Yes,,270851492_270851493,270851493_270851492
270851493,Yes,270851492,Yes,Yes,,270851493_270851492,270851492_270851493
270933734,No,270937520,No,Yes,,270933734_270937520,270937520_270933734
270983252,No,270983424,Yes,Yes,,270983252_270983424,270983424_270983252
270983424,Yes,270983252,No,Yes,,270983424_270983252,270983252_270983424
270999801,Yes,271000259,No,Yes,,270999801_271000259,271000259_270999801
271307473,Yes,271307470,No,Yes,,271307473_271307470,271307470_271307473
271370776,Yes,271371273,No,Yes,,271370776_271371273,271371273_271370776
271525092,Yes,271525580,No,Yes,,271525092_271525580,271525580_271525092
271535056,Yes,271534947,No,Yes,,271535056_271534947,271534947_271535056
271636752,Yes,271636780,No,Yes,,271636752_271636780,271636780_271636752
271636780,No,271636752,Yes,Yes,,271636780_271636752,271636752_271636780
271852499,Yes,271852501,Yes,Yes,,271852499_271852501,271852501_271852499
271852501,Yes,271852499,Yes,Yes,,271852501_271852499,271852499_271852501
271907901,Yes,271907902,Yes,Yes,,271907901_271907902,271907902_271907901
271907902,Yes,271907901,Yes,Yes,,271907902_271907901,271907901_271907902
272089456,Yes,272089491,Yes,Yes,,272089456_272089491,272089491_272089456
272089491,Yes,272089456,Yes,Yes,,272089491_272089456,272089456_272089491
272112581,Yes,272202733,No,Yes,,272112581_272202733,272202733_272112581
272168626,No,272168471,No,Yes,,272168626_272168471,272168471_272168626
272202733,No,272112581,Yes,Yes,,272202733_272112581,272112581_272202733
272205104,Yes,272205105,Yes,Yes,,272205104_272205105,272205105_272205104
272205105,Yes,272205104,Yes,Yes,,272205105_272205104,272205104_272205105
272277633,Yes,272278434,No,Yes,,272277633_272278434,272278434_272277633
272278434,No,272277633,Yes,Yes,,272278434_272277633,272277633_272278434
272345315,Yes,272345409,No,Yes,,272345315_272345409,272345409_272345315
272365401,Yes,272365404,No,Yes,,272365401_272365404,272365404_272365401
272365404,No,272365401,Yes,Yes,,272365404_272365401,272365401_272365404
272496583,Yes,272496963,No,Yes,,272496583_272496963,272496963_272496583
272712891,Yes,272712961,No,Yes,,272712891_272712961,272712961_272712891
272712961,No,272712891,Yes,Yes,,272712961_272712891,272712891_272712961
272917076,Yes,272917073,No,Yes,,272917076_272917073,272917073_272917076
272917102,Yes,272917100,No,Yes,,272917102_272917100,272917100_272917102
273105187,Yes,273106425,No,Yes,,273105187_273106425,273106425_273105187
273291500,No,273294636,Yes,Yes,,273291500_273294636,273294636_273291500
273294636,Yes,273291500,No,Yes,,273294636_273291500,273291500_273294636
273330146,Yes,273331845,No,Yes,,273330146_273331845,273331845_273330146
273331845,No,273330146,Yes,Yes,,273331845_273330146,273330146_273331845
273444739,Yes,273444715,No,Yes,,273444739_273444715,273444715_273444739
273791549,No,273791551,No,Yes,,273791549_273791551,273791551_273791549
274484309,Yes,274484316,No,Yes,,274484309_274484316,274484316_274484309
274743099,Yes,274743097,No,Yes,,274743099_274743097,274743097_274743099
275007675,Yes,275007678,Yes,Yes,,275007675_275007678,275007678_275007675
275007678,Yes,275007675,Yes,Yes,,275007678_275007675,275007675_275007678
275012489,Yes,275012482,No,Yes,,275012489_275012482,275012482_275012489
275266029,Yes,275266030,No,Yes,,275266029_275266030,275266030_275266029
275304065,Yes,275307037,No,Yes,,275304065_275307037,275307037_275304065
275665664,Yes,275665665,No,Yes,,275665664_275665665,275665665_275665664
275665717,Yes,275665736,No,Yes,,275665717_275665736,275665736_275665717
276067650,Yes,276067656,Yes,Yes,,276067650_276067656,276067656_276067650
276067656,Yes,276067650,Yes,Yes,,276067656_276067650,276067650_276067656
276169544,Yes,276169542,No,Yes,,276169544_276169542,276169542_276169544
276169544,Yes,276169532,No,Yes,,276169544_276169532,276169532_276169544
276169557,Yes,276169562,No,Yes,,276169557_276169562,276169562_276169557
276175907,Yes,276175917,Yes,Yes,,276175907_276175917,276175917_276175907
276175917,Yes,276175907,Yes,Yes,,276175917_276175907,276175907_276175917
276187516,No,276187515,No,Yes,,276187516_276187515,276187515_276187516
276515052,Yes,276515056,No,Yes,,276515052_276515056,276515056_276515052
276515056,No,276515052,Yes,Yes,,276515056_276515052,276515052_276515056
276661353,No,276662379,No,Yes,,276661353_276662379,276662379_276661353
276869042,Yes,276869044,Yes,Yes,,276869042_276869044,276869044_276869042
276869044,Yes,276869042,Yes,Yes,,276869044_276869042,276869042_276869044
277042728,Yes,277042724,No,Yes,,277042728_277042724,277042724_277042728
277126811,No,277129427,Yes,Yes,,277126811_277129427,277129427_277126811
277129427,Yes,277126811,No,Yes,,277129427_277126811,277126811_277129427
277157430,Yes,277157431,No,Yes,,277157430_277157431,277157431_277157430
277157431,No,277157430,Yes,Yes,,277157431_277157430,277157430_277157431
277352151,Yes,277352503,No,Yes,,277352151_277352503,277352503_277352151
277352503,No,277352151,Yes,Yes,,277352503_277352151,277352151_277352503
277432284,Yes,277774898,No,Yes,,277432284_277774898,277774898_277432284
277506185,Yes,277506326,No,Yes,,277506185_277506326,277506326_277506185
277589626,Yes,277589627,Yes,Yes,,277589626_277589627,277589627_277589626
277589627,Yes,277589626,Yes,Yes,,277589627_277589626,277589626_277589627
277633752,Yes,277634205,No,Yes,,277633752_277634205,277634205_277633752
277634205,No,277633752,Yes,Yes,,277634205_277633752,277633752_277634205
277718415,Yes,277718717,No,Yes,,277718415_277718717,277718717_277718415
277718717,No,277718415,Yes,Yes,,277718717_277718415,277718415_277718717
277774898,No,277432284,Yes,Yes,,277774898_277432284,277432284_277774898
277833350,Yes,276413574,No,Yes,,277833350_276413574,276413574_277833350
277884539,No,251139342,Yes,Yes,,277884539_251139342,251139342_277884539
278154399,Yes,266984975,Yes,Yes,,278154399_266984975,266984975_278154399
278392408,No,278392410,Yes,Yes,,278392408_278392410,278392410_278392408
278392410,Yes,278392408,No,Yes,,278392410_278392408,278392408_278392410
278672715,Yes,273874522,No,Yes,,278672715_273874522,273874522_278672715
278673664,Yes,273874522,No,Yes,,278673664_273874522,273874522_278673664
278676693,Yes,273874522,No,Yes,,278676693_273874522,273874522_278676693
278677222,Yes,273874522,No,Yes,,278677222_273874522,273874522_278677222
278838798,Yes,278838800,No,Yes,,278838798_278838800,278838800_278838798
278838808,Yes,278838830,No,Yes,,278838808_278838830,278838830_278838808
278838811,Yes,278838833,No,Yes,,278838811_278838833,278838833_278838811
279061192,Yes,279072899,No,Yes,,279061192_279072899,279072899_279061192
279065019,Yes,279065020,No,Yes,,279065019_279065020,279065020_279065019
279218186,Yes,279218193,No,Yes,,279218186_279218193,279218193_279218186
279270198,Yes,333144263,Yes,Yes,,279270198_333144263,333144263_279270198
279330973,No,279564631,No,Yes,,279330973_279564631,279564631_279330973
279564631,No,279330973,No,Yes,,279564631_279330973,279330973_279564631
279605427,No,150979853,No,Yes,,279605427_150979853,150979853_279605427
279773925,Yes,280676758,No,Yes,,279773925_280676758,280676758_279773925
279887384,Yes,279887534,No,Yes,,279887384_279887534,279887534_279887384
279955130,No,279955122,No,Yes,,279955130_279955122,279955122_279955130
280157610,Yes,280157568,No,Yes,,280157610_280157568,280157568_280157610
280292714,Yes,280292715,No,Yes,,280292714_280292715,280292715_280292714
280568682,Yes,280568679,No,Yes,,280568682_280568679,280568679_280568682
280576910,No,280582137,Yes,Yes,,280576910_280582137,280582137_280576910
280582137,Yes,280576910,No,Yes,,280582137_280576910,280576910_280582137
280595746,No,280595748,Yes,Yes,,280595746_280595748,280595748_280595746
280595748,Yes,280595746,No,Yes,,280595748_280595746,280595746_280595748
280644697,Yes,280644698,No,Yes,,280644697_280644698,280644698_280644697
280676758,No,279773925,Yes,Yes,,280676758_279773925,279773925_280676758
280819523,Yes,280819984,No,Yes,,280819523_280819984,280819984_280819523
280845530,Yes,280846517,No,Yes,,280845530_280846517,280846517_280845530
280939948,Yes,280939951,No,Yes,,280939948_280939951,280939951_280939948
281084156,Yes,281084155,No,Yes,,281084156_281084155,281084155_281084156
281086933,Yes,281500854,Yes,Yes,,281086933_281500854,281500854_281086933
281100866,Yes,281101901,No,Yes,,281100866_281101901,281101901_281100866
281101901,No,281100866,Yes,Yes,,281101901_281100866,281100866_281101901
281144015,Yes,281141849,No,Yes,,281144015_281141849,281141849_281144015
281145211,Yes,338031190,Yes,Yes,,281145211_338031190,338031190_281145211
281175279,Yes,339800053,No,Yes,,281175279_339800053,339800053_281175279
281367802,Yes,281368179,Yes,Yes,,281367802_281368179,281368179_281367802
281368179,Yes,281367802,Yes,Yes,,281368179_281367802,281367802_281368179
281500854,Yes,281086933,Yes,Yes,,281500854_281086933,281086933_281500854
281566015,Yes,281565622,No,Yes,,281566015_281565622,281565622_281566015
281849691,Yes,281849692,Yes,Yes,,281849691_281849692,281849692_281849691
281849692,Yes,281849691,Yes,Yes,,281849692_281849691,281849691_281849692
281880121,Yes,281880194,Yes,Yes,,281880121_281880194,281880194_281880121
281880194,Yes,281880121,Yes,Yes,,281880194_281880121,281880121_281880194
282113561,No,282113563,No,Yes,,282113561_282113563,282113563_282113561
282113563,No,282113579,Yes,Yes,,282113563_282113579,282113579_282113563
282113563,No,282113575,No,Yes,,282113563_282113575,282113575_282113563
282113563,No,282113569,Yes,Yes,,282113563_282113569,282113569_282113563
282113563,No,282113561,No,Yes,,282113563_282113561,282113561_282113563
282113569,Yes,282113563,No,Yes,,282113569_282113563,282113563_282113569
282113575,No,282113563,No,Yes,,282113575_282113563,282113563_282113575
282113579,Yes,282113563,No,Yes,,282113579_282113563,282113563_282113579
282152028,Yes,282623896,No,Yes,,282152028_282623896,282623896_282152028
282174451,No,282174452,Yes,Yes,,282174451_282174452,282174452_282174451
282174452,Yes,282174451,No,Yes,,282174452_282174451,282174451_282174452
282174492,Yes,282174500,No,Yes,,282174492_282174500,282174500_282174492
282203205,Yes,282203193,No,Yes,,282203205_282203193,282203193_282203205
282203233,Yes,282203240,No,Yes,,282203233_282203240,282203240_282203233
282526214,Yes,282526215,No,Yes,,282526214_282526215,282526215_282526214
282541948,Yes,282542124,No,Yes,,282541948_282542124,282542124_282541948
282542124,No,282541948,Yes,Yes,,282542124_282541948,282541948_282542124
282550805,Yes,282801089,No,Yes,,282550805_282801089,282801089_282550805
282554057,Yes,282554058,No,Yes,,282554057_282554058,282554058_282554057
282623896,No,282152028,Yes,Yes,,282623896_282152028,282152028_282623896
282736368,Yes,282736371,No,Yes,,282736368_282736371,282736371_282736368
282801089,No,282550805,Yes,Yes,,282801089_282550805,282550805_282801089
282817619,No,290291619,No,Yes,,282817619_290291619,290291619_282817619
282964375,Yes,282964345,No,Yes,,282964375_282964345,282964345_282964375
283281662,No,288685031,No,Yes,,283281662_288685031,288685031_283281662
283354380,No,283354485,Yes,Yes,,283354380_283354485,283354485_283354380
283354485,Yes,283354380,No,Yes,,283354485_283354380,283354380_283354485
283373176,Yes,288400312,No,Yes,,283373176_288400312,288400312_283373176
283389025,No,283399309,Yes,Yes,,283389025_283399309,283399309_283389025
283399309,Yes,283389025,No,Yes,,283399309_283389025,283389025_283399309
283617003,No,283616594,No,Yes,,283617003_283616594,283616594_283617003
283633460,Yes,312413280,No,Yes,,283633460_312413280,312413280_283633460
283782038,Yes,283782043,No,Yes,,283782038_283782043,283782043_283782038
283782043,No,283782038,Yes,Yes,,283782043_283782038,283782038_283782043
283838629,Yes,283838630,Yes,Yes,,283838629_283838630,283838630_283838629
283838630,Yes,283838629,Yes,Yes,,283838630_283838629,283838629_283838630
283958606,Yes,283958246,No,Yes,,283958606_283958246,283958246_283958606
284241910,Yes,284242725,No,Yes,,284241910_284242725,284242725_284241910
284260089,Yes,273874522,No,Yes,,284260089_273874522,273874522_284260089
284263100,Yes,273874522,No,Yes,,284263100_273874522,273874522_284263100
284268903,Yes,273874522,No,Yes,,284268903_273874522,273874522_284268903
284325688,Yes,285094406,No,Yes,,284325688_285094406,285094406_284325688
284351493,Yes,284351513,Yes,Yes,,284351493_284351513,284351513_284351493
284351513,Yes,284351493,Yes,Yes,,284351513_284351493,284351493_284351513
284397677,Yes,284398644,No,Yes,,284397677_284398644,284398644_284397677
284468423,Yes,284469082,No,Yes,,284468423_284469082,284469082_284468423
284492818,Yes,313407549,No,Yes,,284492818_313407549,313407549_284492818
284740527,Yes,284740528,No,Yes,,284740527_284740528,284740528_284740527
284990938,Yes,288678490,No,Yes,,284990938_288678490,288678490_284990938
285033420,Yes,285504572,No,Yes,,285033420_285504572,285504572_285033420
285086330,Yes,285085917,No,Yes,,285086330_285085917,285085917_285086330
285094406,No,284325688,Yes,Yes,,285094406_284325688,284325688_285094406
285162654,Yes,285162664,No,Yes,,285162654_285162664,285162664_285162654
285162675,Yes,285162682,Yes,Yes,,285162675_285162682,285162682_285162675
285162682,Yes,285162675,Yes,Yes,,285162682_285162675,285162675_285162682
285334721,No,288677414,No,Yes,,285334721_288677414,288677414_285334721
285432899,Yes,285432187,No,Yes,,285432899_285432187,285432187_285432899
285490498,No,288644081,No,Yes,,285490498_288644081,288644081_285490498
285499220,Yes,288038759,No,Yes,,285499220_288038759,288038759_285499220
285503057,Yes,288037819,No,Yes,,285503057_288037819,288037819_285503057
285504572,No,285504635,No,Yes,,285504572_285504635,285504635_285504572
285504635,No,285504572,No,Yes,,285504635_285504572,285504572_285504635
285882671,No,285882672,No,Yes,,285882671_285882672,285882672_285882671
285929874,Yes,285929912,No,Yes,,285929874_285929912,285929912_285929874
285929912,No,285929874,Yes,Yes,,285929912_285929874,285929874_285929912
285935057,Yes,285935380,No,Yes,,285935057_285935380,285935380_285935057
286129834,Yes,315243996,Yes,Yes,,286129834_315243996,315243996_286129834
286163291,No,286163292,Yes,Yes,,286163291_286163292,286163292_286163291
286163292,Yes,286163291,No,Yes,,286163292_286163291,286163291_286163292
286163295,Yes,286163296,No,Yes,,286163295_286163296,286163296_286163295
286163296,No,286163295,Yes,Yes,,286163296_286163295,286163295_286163296
286163443,Yes,339690086,No,Yes,,286163443_339690086,339690086_286163443
286163467,Yes,286163468,Yes,Yes,,286163467_286163468,286163468_286163467
286163468,Yes,286163467,Yes,Yes,,286163468_286163467,286163467_286163468
286179345,Yes,286269198,No,Yes,,286179345_286269198,286269198_286179345
286214341,No,286006708,No,Yes,,286214341_286006708,286006708_286214341
286235382,Yes,286235631,No,Yes,,286235382_286235631,286235631_286235382
286235631,No,286235382,Yes,Yes,,286235631_286235382,286235382_286235631
286266957,Yes,286266956,No,Yes,,286266957_286266956,286266956_286266957
286269198,No,286179345,Yes,Yes,,286269198_286179345,286179345_286269198
286746475,No,288663784,No,Yes,,286746475_288663784,288663784_286746475
286840735,No,286840732,No,Yes,,286840735_286840732,286840732_286840735
286850379,Yes,286853773,Yes,Yes,,286850379_286853773,286853773_286850379
286850385,Yes,286853773,Yes,Yes,,286850385_286853773,286853773_286850385
286850393,Yes,286853773,Yes,Yes,,286850393_286853773,286853773_286850393
286850394,Yes,286850403,Yes,Yes,,286850394_286850403,286850403_286850394
286850403,Yes,286850394,Yes,Yes,,286850403_286850394,286850394_286850403
286853773,Yes,286850379,Yes,Yes,,286853773_286850379,286850379_286853773
286853773,Yes,286850385,Yes,Yes,,286853773_286850385,286850385_286853773
286853773,Yes,286850393,Yes,Yes,,286853773_286850393,286850393_286853773
286949433,No,286949435,No,Yes,,286949433_286949435,286949435_286949433
286967048,No,286967049,Yes,Yes,,286967048_286967049,286967049_286967048
286967049,Yes,286967048,No,Yes,,286967049_286967048,286967048_286967049
287038066,Yes,287038498,No,Yes,,287038066_287038498,287038498_287038066
287038498,No,287038066,Yes,Yes,,287038498_287038066,287038066_287038498
287067850,Yes,287067327,No,Yes,,287067850_287067327,287067327_287067850
287129800,Yes,287211986,No,Yes,,287129800_287211986,287211986_287129800
287211986,No,287129800,Yes,Yes,,287211986_287129800,287129800_287211986
287224713,Yes,287224712,No,Yes,,287224713_287224712,287224712_287224713
287224715,Yes,287224722,Yes,Yes,,287224715_287224722,287224722_287224715
287224722,Yes,287224715,Yes,Yes,,287224722_287224715,287224715_287224722
287226830,Yes,287226831,No,Yes,,287226830_287226831,287226831_287226830
287226831,No,287226830,Yes,Yes,,287226831_287226830,287226830_287226831
287349623,Yes,287350856,No,Yes,,287349623_287350856,287350856_287349623
287402160,Yes,337504412,No,Yes,,287402160_337504412,337504412_287402160
287544129,Yes,287544130,No,Yes,,287544129_287544130,287544130_287544129
287544130,No,287544129,Yes,Yes,,287544130_287544129,287544129_287544130
287666329,No,287656010,No,Yes,,287666329_287656010,287656010_287666329
287712254,Yes,287900328,No,Yes,,287712254_287900328,287900328_287712254
287900328,No,287712254,Yes,Yes,,287900328_287712254,287712254_287900328
287945495,Yes,287945506,No,Yes,,287945495_287945506,287945506_287945495
287976168,Yes,287976173,Yes,Yes,,287976168_287976173,287976173_287976168
287976173,Yes,287976168,Yes,Yes,,287976173_287976168,287976168_287976173
287992914,Yes,287993063,No,Yes,,287992914_287993063,287993063_287992914
288027657,Yes,288027660,No,Yes,,288027657_288027660,288027660_288027657
288027660,No,288027657,Yes,Yes,,288027660_288027657,288027657_288027660
288037819,No,285503057,Yes,Yes,,288037819_285503057,285503057_288037819
288038759,No,285499220,Yes,Yes,,288038759_285499220,285499220_288038759
288059394,Yes,288077464,No,Yes,,288059394_288077464,288077464_288059394
288075515,Yes,288075519,No,Yes,,288075515_288075519,288075519_288075515
288075826,Yes,288075827,No,Yes,,288075826_288075827,288075827_288075826
288075827,No,288075826,Yes,Yes,,288075827_288075826,288075826_288075827
288075857,Yes,288075858,Yes,Yes,,288075857_288075858,288075858_288075857
288075858,Yes,288075857,Yes,Yes,,288075858_288075857,288075857_288075858
288075895,Yes,288075902,Yes,Yes,,288075895_288075902,288075902_288075895
288075902,Yes,288075895,Yes,Yes,,288075902_288075895,288075895_288075902
288075956,Yes,288075966,No,Yes,,288075956_288075966,288075966_288075956
288076046,No,288076047,No,Yes,,288076046_288076047,288076047_288076046
288077464,No,288059394,Yes,Yes,,288077464_288059394,288059394_288077464
288085114,Yes,288085115,No,Yes,,288085114_288085115,288085115_288085114
288085114,Yes,288085122,No,Yes,,288085114_288085122,288085122_288085114
288085114,Yes,288085113,No,Yes,,288085114_288085113,288085113_288085114
288085118,Yes,288085107,No,Yes,,288085118_288085107,288085107_288085118
288085126,Yes,288085128,Yes,Yes,,288085126_288085128,288085128_288085126
288085126,Yes,288085127,No,Yes,,288085126_288085127,288085127_288085126
288085126,Yes,288085123,No,Yes,,288085126_288085123,288085123_288085126
288085128,Yes,288085126,Yes,Yes,,288085128_288085126,288085126_288085128
288104083,No,288104082,No,Yes,,288104083_288104082,288104082_288104083
288214560,Yes,288281209,No,Yes,,288214560_288281209,288281209_288214560
288320466,Yes,288320467,Yes,Yes,,288320466_288320467,288320467_288320466
288320467,Yes,288320466,Yes,Yes,,288320467_288320466,288320466_288320467
288351276,Yes,288351439,No,Yes,,288351276_288351439,288351439_288351276
288371975,Yes,288371981,Yes,Yes,,288371975_288371981,288371981_288371975
288371981,Yes,288371975,Yes,Yes,,288371981_288371975,288371975_288371981
288433722,Yes,335326943,No,Yes,,288433722_335326943,335326943_288433722
288566829,Yes,288567160,No,Yes,,288566829_288567160,288567160_288566829
288567160,No,288566829,Yes,Yes,,288567160_288566829,288566829_288567160
288634061,Yes,288634134,Yes,Yes,,288634061_288634134,288634134_288634061
288634134,Yes,288634061,Yes,Yes,,288634134_288634061,288634061_288634134
288715636,Yes,288715639,No,Yes,,288715636_288715639,288715639_288715636
288734718,Yes,288736106,No,Yes,,288734718_288736106,288736106_288734718
288736106,No,288734718,Yes,Yes,,288736106_288734718,288734718_288736106
288755246,Yes,288755364,No,Yes,,288755246_288755364,288755364_288755246
288755293,No,288755248,No,Yes,,288755293_288755248,288755248_288755293
288755325,No,226745461,No,Yes,,288755325_226745461,226745461_288755325
288835339,Yes,288865921,Yes,Yes,,288835339_288865921,288865921_288835339
288865921,Yes,288835339,Yes,Yes,,288865921_288835339,288835339_288865921
289021817,Yes,289310329,No,Yes,,289021817_289310329,289310329_289021817
289048128,Yes,289048220,Yes,Yes,,289048128_289048220,289048220_289048128
289048220,Yes,289048128,Yes,Yes,,289048220_289048128,289048128_289048220
289077013,Yes,289077016,No,Yes,,289077013_289077016,289077016_289077013
289109530,Yes,289109533,No,Yes,,289109530_289109533,289109533_289109530
289189080,Yes,291023946,No,Yes,,289189080_291023946,291023946_289189080
289197760,Yes,289197762,No,Yes,,289197760_289197762,289197762_289197760
289197762,No,289197760,Yes,Yes,,289197762_289197760,289197760_289197762
289200546,No,289200542,No,Yes,,289200546_289200542,289200542_289200546
289208609,No,289208610,No,Yes,,289208609_289208610,289208610_289208609
289208611,Yes,289208613,No,Yes,,289208611_289208613,289208613_289208611
289310329,No,289021817,Yes,Yes,,289310329_289021817,289021817_289310329
289377756,Yes,289377773,No,Yes,,289377756_289377773,289377773_289377756
289434900,Yes,289434902,No,Yes,,289434900_289434902,289434902_289434900
289506255,Yes,289387845,No,Yes,,289506255_289387845,289387845_289506255
289563810,No,289564340,Yes,Yes,,289563810_289564340,289564340_289563810
289564340,Yes,289563810,No,Yes,,289564340_289563810,289563810_289564340
289605155,Yes,289605155,Yes,Yes,,289605155_289605155,289605155_289605155
289620116,Yes,289620121,Yes,Yes,,289620116_289620121,289620121_289620116
289620121,Yes,289620116,Yes,Yes,,289620121_289620116,289620116_289620121
289667263,Yes,289667264,No,Yes,,289667263_289667264,289667264_289667263
289667264,No,289667263,Yes,Yes,,289667264_289667263,289667263_289667264
289667476,No,289667474,No,Yes,,289667476_289667474,289667474_289667476
289728651,No,289728662,No,Yes,,289728651_289728662,289728662_289728651
289728662,No,289728651,No,Yes,,289728662_289728651,289728651_289728662
289890784,Yes,289891088,No,Yes,,289890784_289891088,289891088_289890784
290044358,Yes,290044359,No,Yes,,290044358_290044359,290044359_290044358
290085300,Yes,290085538,No,Yes,,290085300_290085538,290085538_290085300
290085538,No,290085300,Yes,Yes,,290085538_290085300,290085300_290085538
290173629,Yes,290173737,No,Yes,,290173629_290173737,290173737_290173629
290173737,No,290173629,Yes,Yes,,290173737_290173629,290173629_290173737
290271970,Yes,290272274,No,Yes,,290271970_290272274,290272274_290271970
290272274,No,290271970,Yes,Yes,,290272274_290271970,290271970_290272274
290294422,No,290294426,No,Yes,,290294422_290294426,290294426_290294422
290688928,Yes,290689054,No,Yes,,290688928_290689054,290689054_290688928
290775369,Yes,290775373,No,Yes,,290775369_290775373,290775373_290775369
290817773,Yes,290817838,No,Yes,,290817773_290817838,290817838_290817773
290817838,No,290817773,Yes,Yes,,290817838_290817773,290817773_290817838
290995638,Yes,291077905,No,Yes,,290995638_291077905,291077905_290995638
291023946,No,289189080,Yes,Yes,,291023946_289189080,289189080_291023946
291060945,Yes,291061137,No,Yes,,291060945_291061137,291061137_291060945
291061137,No,291060945,Yes,Yes,,291061137_291060945,291060945_291061137
291120207,No,291120753,Yes,Yes,,291120207_291120753,291120753_291120207
291120753,Yes,291120207,No,Yes,,291120753_291120207,291120207_291120753
291207387,Yes,291208225,Yes,Yes,,291207387_291208225,291208225_291207387
291208225,Yes,291207387,Yes,Yes,,291208225_291207387,291207387_291208225
291265897,Yes,291266160,No,Yes,,291265897_291266160,291266160_291265897
291282306,Yes,291282477,No,Yes,,291282306_291282477,291282477_291282306
291530913,Yes,291533722,Yes,Yes,,291530913_291533722,291533722_291530913
291673751,No,291673806,Yes,Yes,,291673751_291673806,291673806_291673751
291673806,Yes,291673751,No,Yes,,291673806_291673751,291673751_291673806
291676254,Yes,291648895,No,Yes,,291676254_291648895,291648895_291676254
291682789,Yes,282282453,No,Yes,,291682789_282282453,282282453_291682789
291718637,Yes,291718848,Yes,Yes,,291718637_291718848,291718848_291718637
291718848,Yes,291718637,Yes,Yes,,291718848_291718637,291718637_291718848
291771596,Yes,291694814,No,Yes,,291771596_291694814,291694814_291771596
291861654,Yes,291861659,No,Yes,,291861654_291861659,291861659_291861654
291866320,No,291866435,Yes,Yes,,291866320_291866435,291866435_291866320
291866435,Yes,291866320,No,Yes,,291866435_291866320,291866320_291866435
292164401,Yes,292591652,No,Yes,,292164401_292591652,292591652_292164401
292260513,Yes,292260870,No,Yes,,292260513_292260870,292260870_292260513
292382283,Yes,292382284,Yes,Yes,,292382283_292382284,292382284_292382283
292382284,Yes,292382283,Yes,Yes,,292382284_292382283,292382283_292382284
292508664,Yes,292508667,Yes,Yes,,292508664_292508667,292508667_292508664
292508667,Yes,292508664,Yes,Yes,,292508667_292508664,292508664_292508667
292511867,Yes,292534778,No,Yes,,292511867_292534778,292534778_292511867
292513499,Yes,292513501,No,Yes,,292513499_292513501,292513501_292513499
292513504,Yes,292513501,No,Yes,,292513504_292513501,292513501_292513504
292556681,Yes,292556538,No,Yes,,292556681_292556538,292556538_292556681
292591652,No,292164401,Yes,Yes,,292591652_292164401,292164401_292591652
292653473,Yes,293092528,No,Yes,,292653473_293092528,293092528_292653473
292690886,Yes,292690888,Yes,Yes,,292690886_292690888,292690888_292690886
292690888,Yes,292690886,Yes,Yes,,292690888_292690886,292690886_292690888
292898227,Yes,292898228,Yes,Yes,,292898227_292898228,292898228_292898227
292898228,Yes,292898227,Yes,Yes,,292898228_292898227,292898227_292898228
292949168,Yes,292950010,No,Yes,,292949168_292950010,292950010_292949168
293044864,Yes,293047433,No,Yes,,293044864_293047433,293047433_293044864
293092528,No,292653473,Yes,Yes,,293092528_292653473,292653473_293092528
293200641,No,293200640,No,Yes,,293200641_293200640,293200640_293200641
293368840,Yes,293368942,Yes,Yes,,293368840_293368942,293368942_293368840
293368942,Yes,293368840,Yes,Yes,,293368942_293368840,293368840_293368942
293447243,Yes,293447314,No,Yes,,293447243_293447314,293447314_293447243
293447314,No,293447243,Yes,Yes,,293447314_293447243,293447243_293447314
293496474,Yes,293497055,No,Yes,,293496474_293497055,293497055_293496474
293497055,No,293496474,Yes,Yes,,293497055_293496474,293496474_293497055
293787929,Yes,293788102,Yes,Yes,,293787929_293788102,293788102_293787929
293788102,Yes,293787929,Yes,Yes,,293788102_293787929,293787929_293788102
293803816,Yes,295497270,No,Yes,,293803816_295497270,295497270_293803816
293824839,Yes,293824892,No,Yes,,293824839_293824892,293824892_293824839
293840570,Yes,293936272,No,Yes,,293840570_293936272,293936272_293840570
293909531,Yes,294999858,No,Yes,,293909531_294999858,294999858_293909531
293933327,Yes,293933328,Yes,Yes,,293933327_293933328,293933328_293933327
293933328,Yes,293933327,Yes,Yes,,293933328_293933327,293933327_293933328
293936272,No,293840570,Yes,Yes,,293936272_293840570,293840570_293936272
293944465,Yes,294033735,No,Yes,,293944465_294033735,294033735_293944465
294024230,Yes,294024234,Yes,Yes,,294024230_294024234,294024234_294024230
294024234,Yes,294024230,Yes,Yes,,294024234_294024230,294024230_294024234
294024235,Yes,294024230,Yes,Yes,,294024235_294024230,294024230_294024235
294028726,Yes,294056030,No,Yes,,294028726_294056030,294056030_294028726
294033735,No,293944465,Yes,Yes,,294033735_293944465,293944465_294033735
294071012,Yes,294071298,No,Yes,,294071012_294071298,294071298_294071012
294086087,Yes,253845621,No,Yes,,294086087_253845621,253845621_294086087
294086095,Yes,253845621,No,Yes,,294086095_253845621,253845621_294086095
294113411,Yes,294113413,No,Yes,,294113411_294113413,294113413_294113411
294155116,Yes,294155163,No,Yes,,294155116_294155163,294155163_294155116
294207268,Yes,294207271,No,Yes,,294207268_294207271,294207271_294207268
294226838,Yes,294226981,No,Yes,,294226838_294226981,294226981_294226838
294410415,Yes,294410703,No,Yes,,294410415_294410703,294410703_294410415
294422608,Yes,294422604,No,Yes,,294422608_294422604,294422604_294422608
294499346,Yes,294499382,No,Yes,,294499346_294499382,294499382_294499346
294499382,No,294499346,Yes,Yes,,294499382_294499346,294499346_294499382
294544441,Yes,295098606,No,Yes,,294544441_295098606,295098606_294544441
294581879,Yes,294841809,No,Yes,,294581879_294841809,294841809_294581879
294719139,Yes,294719141,Yes,Yes,,294719139_294719141,294719141_294719139
294719141,Yes,294719139,Yes,Yes,,294719141_294719139,294719139_294719141
294841809,No,294581879,Yes,Yes,,294841809_294581879,294581879_294841809
294877761,Yes,294877894,Yes,Yes,,294877761_294877894,294877894_294877761
294877894,Yes,294877761,Yes,Yes,,294877894_294877761,294877761_294877894
294878026,Yes,294878100,No,Yes,,294878026_294878100,294878100_294878026
294878100,No,294878026,Yes,Yes,,294878100_294878026,294878026_294878100
294891316,No,295092969,Yes,Yes,,294891316_295092969,295092969_294891316
294908889,Yes,294908888,No,Yes,,294908889_294908888,294908888_294908889
294999260,Yes,294998512,No,Yes,,294999260_294998512,294998512_294999260
294999858,No,293909531,Yes,Yes,,294999858_293909531,293909531_294999858
295035719,Yes,295035893,No,Yes,,295035719_295035893,295035893_295035719
295035893,No,295035719,Yes,Yes,,295035893_295035719,295035719_295035893
295092969,Yes,294891316,No,Yes,,295092969_294891316,294891316_295092969
295098606,No,294544441,Yes,Yes,,295098606_294544441,294544441_295098606
295298404,Yes,295298406,No,Yes,,295298404_295298406,295298406_295298404
295298406,No,295298404,Yes,Yes,,295298406_295298404,295298404_295298406
295309536,No,295309537,No,Yes,,295309536_295309537,295309537_295309536
295457710,Yes,295456325,No,Yes,,295457710_295456325,295456325_295457710
295497270,No,293803816,Yes,Yes,,295497270_293803816,293803816_295497270
295551491,Yes,297752431,No,Yes,,295551491_297752431,297752431_295551491
295571626,Yes,295571631,No,Yes,,295571626_295571631,295571631_295571626
295691825,Yes,295691828,Yes,Yes,,295691825_295691828,295691828_295691825
295691828,Yes,295691825,Yes,Yes,,295691828_295691825,295691825_295691828
295788917,Yes,295935713,Yes,Yes,,295788917_295935713,295935713_295788917
295935713,Yes,295788917,Yes,Yes,,295935713_295788917,295788917_295935713
296014866,No,296014867,Yes,Yes,,296014866_296014867,296014867_296014866
296014867,Yes,296014866,No,Yes,,296014867_296014866,296014866_296014867
296027418,No,296027565,Yes,Yes,,296027418_296027565,296027565_296027418
296027565,Yes,296027418,No,Yes,,296027565_296027418,296027418_296027565
296059363,No,296059029,No,Yes,,296059363_296059029,296059029_296059363
296064024,Yes,296064293,No,Yes,,296064024_296064293,296064293_296064024
296064293,No,296064024,Yes,Yes,,296064293_296064024,296064024_296064293
296107453,Yes,296107672,No,Yes,,296107453_296107672,296107672_296107453
296107672,No,296107453,Yes,Yes,,296107672_296107453,296107453_296107672
296160864,Yes,296160865,Yes,Yes,,296160864_296160865,296160865_296160864
296160865,Yes,296160864,Yes,Yes,,296160865_296160864,296160864_296160865
296160879,Yes,296160880,No,Yes,,296160879_296160880,296160880_296160879
296243634,Yes,297673817,No,Yes,,296243634_297673817,297673817_296243634
296388512,Yes,296388620,Yes,Yes,,296388512_296388620,296388620_296388512
296388620,Yes,296388512,Yes,Yes,,296388620_296388512,296388512_296388620
296388620,Yes,296388647,No,Yes,,296388620_296388647,296388647_296388620
296388620,Yes,296388709,No,Yes,,296388620_296388709,296388709_296388620
296388647,No,296388620,Yes,Yes,,296388647_296388620,296388620_296388647
296400721,Yes,296400713,No,Yes,,296400721_296400713,296400713_296400721
296410864,Yes,338450979,No,Yes,,296410864_338450979,338450979_296410864
296423206,Yes,296613189,No,Yes,,296423206_296613189,296613189_296423206
296427700,Yes,340337865,Yes,Yes,,296427700_340337865,340337865_296427700
296575151,Yes,296591045,No,Yes,,296575151_296591045,296591045_296575151
296591045,No,296575151,Yes,Yes,,296591045_296575151,296575151_296591045
296612439,No,299024233,No,Yes,,296612439_299024233,299024233_296612439
296613189,No,296423206,Yes,Yes,,296613189_296423206,296423206_296613189
296631019,Yes,296631022,Yes,Yes,,296631019_296631022,296631022_296631019
296631022,Yes,296631019,Yes,Yes,,296631022_296631019,296631019_296631022
296641287,Yes,296641286,No,Yes,,296641287_296641286,296641286_296641287
296648000,Yes,296925459,No,Yes,,296648000_296925459,296925459_296648000
296889654,Yes,296994088,No,Yes,,296889654_296994088,296994088_296889654
296911354,No,296911356,No,Yes,,296911354_296911356,296911356_296911354
296911356,No,296911354,No,Yes,,296911356_296911354,296911354_296911356
296920959,Yes,297132005,Yes,Yes,,296920959_297132005,297132005_296920959
296925459,No,296648000,Yes,Yes,,296925459_296648000,296648000_296925459
296994088,No,296889654,Yes,Yes,,296994088_296889654,296889654_296994088
297132005,Yes,296920959,Yes,Yes,,297132005_296920959,296920959_297132005
297457210,Yes,297675536,No,Yes,,297457210_297675536,297675536_297457210
297636149,Yes,297637293,No,Yes,,297636149_297637293,297637293_297636149
297673817,No,296243634,Yes,Yes,,297673817_296243634,296243634_297673817
297675536,No,297457210,Yes,Yes,,297675536_297457210,297457210_297675536
297697283,Yes,298052441,No,Yes,,297697283_298052441,298052441_297697283
297733249,Yes,297733551,No,Yes,,297733249_297733551,297733551_297733249
297733551,No,297733249,Yes,Yes,,297733551_297733249,297733249_297733551
297737362,Yes,298289215,No,Yes,,297737362_298289215,298289215_297737362
297746630,Yes,297746629,No,Yes,,297746630_297746629,297746629_297746630
297746635,Yes,297746637,No,Yes,,297746635_297746637,297746637_297746635
297746655,Yes,297746651,No,Yes,,297746655_297746651,297746651_297746655
297746673,Yes,297746668,No,Yes,,297746673_297746668,297746668_297746673
297746674,Yes,297746676,Yes,Yes,,297746674_297746676,297746676_297746674
297746676,Yes,297746674,Yes,Yes,,297746676_297746674,297746674_297746676
297746686,Yes,297746694,No,Yes,,297746686_297746694,297746694_297746686
297747987,Yes,298081753,No,Yes,,297747987_298081753,298081753_297747987
297752431,No,295551491,Yes,Yes,,297752431_295551491,295551491_297752431
297763061,Yes,297763288,No,Yes,,297763061_297763288,297763288_297763061
297763288,No,297763061,Yes,Yes,,297763288_297763061,297763061_297763288
297793094,Yes,340337296,Yes,Yes,,297793094_340337296,340337296_297793094
297805897,Yes,297805895,No,Yes,,297805897_297805895,297805895_297805897
297921085,No,297921086,Yes,Yes,,297921085_297921086,297921086_297921085
297921086,Yes,297921085,No,Yes,,297921086_297921085,297921085_297921086
298052441,No,297697283,Yes,Yes,,298052441_297697283,297697283_298052441
298081753,No,297747987,Yes,Yes,,298081753_297747987,297747987_298081753
298085305,Yes,298306741,No,Yes,,298085305_298306741,298306741_298085305
298181666,Yes,298181924,No,Yes,,298181666_298181924,298181924_298181666
298289215,No,297737362,Yes,Yes,,298289215_297737362,297737362_298289215
298306741,No,298085305,Yes,Yes,,298306741_298085305,298085305_298306741
298313287,Yes,298313341,Yes,Yes,,298313287_298313341,298313341_298313287
298313341,Yes,298313287,Yes,Yes,,298313341_298313287,298313287_298313341
298321307,Yes,298321308,No,Yes,,298321307_298321308,298321308_298321307
298321308,No,298321307,Yes,Yes,,298321308_298321307,298321307_298321308
298461306,Yes,298460935,No,Yes,,298461306_298460935,298460935_298461306
298484030,Yes,322294936,Yes,Yes,,298484030_322294936,322294936_298484030
298489863,No,298489896,Yes,Yes,,298489863_298489896,298489896_298489863
298489896,Yes,298489863,No,Yes,,298489896_298489863,298489863_298489896
298511395,No,298511397,No,Yes,,298511395_298511397,298511397_298511395
298552767,Yes,301795742,No,Yes,,298552767_301795742,301795742_298552767
298730469,No,139519623,Yes,Yes,,298730469_139519623,139519623_298730469
298751481,Yes,298751608,No,Yes,,298751481_298751608,298751608_298751481
298758155,Yes,298758168,No,Yes,,298758155_298758168,298758168_298758155
298809101,Yes,301352374,No,Yes,,298809101_301352374,301352374_298809101
298835284,Yes,298835285,No,Yes,,298835284_298835285,298835285_298835284
298849443,Yes,298849446,No,Yes,,298849443_298849446,298849446_298849443
298983167,Yes,298983185,No,Yes,,298983167_298983185,298983185_298983167
298986425,Yes,298986426,No,Yes,,298986425_298986426,298986426_298986425
299048515,Yes,299048520,Yes,Yes,,299048515_299048520,299048520_299048515
299048520,Yes,299048515,Yes,Yes,,299048520_299048515,299048515_299048520
299242428,Yes,299242430,No,Yes,,299242428_299242430,299242430_299242428
299242430,No,299242428,Yes,Yes,,299242430_299242428,299242428_299242430
299242452,Yes,299242456,No,Yes,,299242452_299242456,299242456_299242452
299242456,No,299242452,Yes,Yes,,299242456_299242452,299242452_299242456
299242470,No,299242475,Yes,Yes,,299242470_299242475,299242475_299242470
299242475,Yes,299242470,No,Yes,,299242475_299242470,299242470_299242475
299242508,Yes,299242523,No,Yes,,299242508_299242523,299242523_299242508
299242523,No,299242508,Yes,Yes,,299242523_299242508,299242508_299242523
299267847,Yes,299256813,No,Yes,,299267847_299256813,299256813_299267847
299325136,Yes,299325142,No,Yes,,299325136_299325142,299325142_299325136
299325143,No,299325144,No,Yes,,299325143_299325144,299325144_299325143
299393046,Yes,299393047,No,Yes,,299393046_299393047,299393047_299393046
299393065,Yes,299393070,No,Yes,,299393065_299393070,299393070_299393065
299449174,No,299449178,No,Yes,,299449174_299449178,299449178_299449174
299532180,Yes,299532545,No,Yes,,299532180_299532545,299532545_299532180
299536535,Yes,241050805,Yes,Yes,,299536535_241050805,241050805_299536535
299658594,Yes,299659114,No,Yes,,299658594_299659114,299659114_299658594
299690481,Yes,299690909,No,Yes,,299690481_299690909,299690909_299690481
299690909,No,299690481,Yes,Yes,,299690909_299690481,299690481_299690909
299696210,Yes,299696546,No,Yes,,299696210_299696546,299696546_299696210
299696546,No,299696210,Yes,Yes,,299696546_299696210,299696210_299696546
299698834,Yes,300012903,No,Yes,,299698834_300012903,300012903_299698834
299732233,No,241564450,No,Yes,,299732233_241564450,241564450_299732233
299912855,Yes,299912856,No,Yes,,299912855_299912856,299912856_299912855
299912856,No,299912855,Yes,Yes,,299912856_299912855,299912855_299912856
299923923,Yes,299810247,No,Yes,,299923923_299810247,299810247_299923923
299924523,Yes,299810247,No,Yes,,299924523_299810247,299810247_299924523
299960467,Yes,299960972,No,Yes,,299960467_299960972,299960972_299960467
299960972,No,299960467,Yes,Yes,,299960972_299960467,299960467_299960972
299981166,Yes,300219042,No,Yes,,299981166_300219042,300219042_299981166
300012903,No,299698834,Yes,Yes,,300012903_299698834,299698834_300012903
300021976,Yes,300022177,No,Yes,,300021976_300022177,300022177_300021976
300022177,No,300021976,Yes,Yes,,300022177_300021976,300021976_300022177
300177578,No,300177577,No,Yes,,300177578_300177577,300177577_300177578
300216362,Yes,300216367,No,Yes,,300216362_300216367,300216367_300216362
300216367,No,300216362,Yes,Yes,,300216367_300216362,300216362_300216367
300219042,No,299981166,Yes,Yes,,300219042_299981166,299981166_300219042
300267917,No,300268061,Yes,Yes,,300267917_300268061,300268061_300267917
300268061,Yes,300267917,No,Yes,,300268061_300267917,300267917_300268061
300311913,Yes,300311914,No,Yes,,300311913_300311914,300311914_300311913
300334018,No,300333088,No,Yes,,300334018_300333088,300333088_300334018
300344496,Yes,300344965,No,Yes,,300344496_300344965,300344965_300344496
300457017,Yes,300456726,No,Yes,,300457017_300456726,300456726_300457017
300538471,No,300538473,No,Yes,,300538471_300538473,300538473_300538471
300541845,Yes,300543110,No,Yes,,300541845_300543110,300543110_300541845
300543575,Yes,300543573,No,Yes,,300543575_300543573,300543573_300543575
300545182,Yes,337434488,Yes,Yes,,300545182_337434488,337434488_300545182
300548931,No,302015978,Yes,Yes,,300548931_302015978,302015978_300548931
300563704,No,302015959,No,Yes,,300563704_302015959,302015959_300563704
300574392,Yes,300690224,No,Yes,,300574392_300690224,300690224_300574392
300690224,No,300574392,Yes,Yes,,300690224_300574392,300574392_300690224
300738865,No,300738863,No,Yes,,300738865_300738863,300738863_300738865
300757949,Yes,300758134,No,Yes,,300757949_300758134,300758134_300757949
300758134,No,300757949,Yes,Yes,,300758134_300757949,300757949_300758134
300792103,Yes,301653269,No,Yes,,300792103_301653269,301653269_300792103
300830010,Yes,300830011,Yes,Yes,,300830010_300830011,300830011_300830010
300830011,Yes,300830010,Yes,Yes,,300830011_300830010,300830010_300830011
300859550,Yes,301078493,No,Yes,,300859550_301078493,301078493_300859550
301030726,Yes,301039099,No,Yes,,301030726_301039099,301039099_301030726
301045694,Yes,301046044,Yes,Yes,,301045694_301046044,301046044_301045694
301046044,Yes,301045694,Yes,Yes,,301046044_301045694,301045694_301046044
301078493,No,300859550,Yes,Yes,,301078493_300859550,300859550_301078493
301099077,Yes,301099078,No,Yes,,301099077_301099078,301099078_301099077
301099078,No,301099077,Yes,Yes,,301099078_301099077,301099077_301099078
301099079,Yes,301099081,No,Yes,,301099079_301099081,301099081_301099079
301099081,No,301099079,Yes,Yes,,301099081_301099079,301099079_301099081
301139007,Yes,301139756,No,Yes,,301139007_301139756,301139756_301139007
301221238,Yes,301345369,No,Yes,,301221238_301345369,301345369_301221238
301284403,Yes,301284402,No,Yes,,301284403_301284402,301284402_301284403
301345310,No,301221238,Yes,Yes,,301345310_301221238,301221238_301345310
301345369,No,301221238,Yes,Yes,,301345369_301221238,301221238_301345369
301352374,No,298809101,Yes,Yes,,301352374_298809101,298809101_301352374
301496166,Yes,301494256,No,Yes,,301496166_301494256,301494256_301496166
301546142,No,255910403,No,Yes,,301546142_255910403,255910403_301546142
301579322,Yes,301579215,No,Yes,,301579322_301579215,301579215_301579322
301583319,Yes,301990322,No,Yes,,301583319_301990322,301990322_301583319
301592935,Yes,301593150,No,Yes,,301592935_301593150,301593150_301592935
301593150,No,301592935,Yes,Yes,,301593150_301592935,301592935_301593150
301597659,Yes,302214021,No,Yes,,301597659_302214021,302214021_301597659
301604386,Yes,301604682,No,Yes,,301604386_301604682,301604682_301604386
301604682,No,301604386,Yes,Yes,,301604682_301604386,301604386_301604682
301653269,No,300792103,Yes,Yes,,301653269_300792103,300792103_301653269
301795742,No,298552767,Yes,Yes,,301795742_298552767,298552767_301795742
301803243,Yes,301803340,No,Yes,,301803243_301803340,301803340_301803243
301990322,No,301583319,Yes,Yes,,301990322_301583319,301583319_301990322
301991318,Yes,301991325,No,Yes,,301991318_301991325,301991325_301991318
301991325,No,301991318,Yes,Yes,,301991325_301991318,301991318_301991325
301991329,Yes,301991318,Yes,Yes,,301991329_301991318,301991318_301991329
301991337,Yes,301991339,Yes,Yes,,301991337_301991339,301991339_301991337
301991339,Yes,301991337,Yes,Yes,,301991339_301991337,301991337_301991339
302015939,No,302015959,No,Yes,,302015939_302015959,302015959_302015939
302015978,Yes,300548931,No,Yes,,302015978_300548931,300548931_302015978
302016320,Yes,302016324,No,Yes,,302016320_302016324,302016324_302016320
302016324,No,302016320,Yes,Yes,,302016324_302016320,302016320_302016324
302097882,Yes,302867062,Yes,Yes,,302097882_302867062,302867062_302097882
302169307,Yes,302170316,No,Yes,,302169307_302170316,302170316_302169307
302214021,No,301597659,Yes,Yes,,302214021_301597659,301597659_302214021
302224934,Yes,302224877,No,Yes,,302224934_302224877,302224877_302224934
302225050,Yes,302225125,Yes,Yes,,302225050_302225125,302225125_302225050
302225125,Yes,302225050,Yes,Yes,,302225125_302225050,302225050_302225125
302225179,No,302225284,Yes,Yes,,302225179_302225284,302225284_302225179
302225179,No,302225358,Yes,Yes,,302225179_302225358,302225358_302225179
302225284,Yes,302225179,No,Yes,,302225284_302225179,302225179_302225284
302225358,Yes,302225179,No,Yes,,302225358_302225179,302225179_302225358
302227614,Yes,302227997,No,Yes,,302227614_302227997,302227997_302227614
302232236,No,302232142,No,Yes,,302232236_302232142,302232142_302232236
302259374,Yes,302259521,No,Yes,,302259374_302259521,302259521_302259374
302439926,Yes,302441156,Yes,Yes,,302439926_302441156,302441156_302439926
302441156,Yes,302439926,Yes,Yes,,302441156_302439926,302439926_302441156
302445369,Yes,302445585,No,Yes,,302445369_302445585,302445585_302445369
302464115,Yes,302464540,No,Yes,,302464115_302464540,302464540_302464115
302464540,No,302464115,Yes,Yes,,302464540_302464115,302464115_302464540
302633952,Yes,302633953,No,Yes,,302633952_302633953,302633953_302633952
302734469,No,302734890,No,Yes,,302734469_302734890,302734890_302734469
302734890,No,302734469,No,Yes,,302734890_302734469,302734469_302734890
302740027,Yes,302740195,No,Yes,,302740027_302740195,302740195_302740027
302740195,No,302740027,Yes,Yes,,302740195_302740027,302740027_302740195
302744620,Yes,302850993,No,Yes,,302744620_302850993,302850993_302744620
302755190,No,302719773,No,Yes,,302755190_302719773,302719773_302755190
302756129,Yes,302757567,No,Yes,,302756129_302757567,302757567_302756129
302757567,No,302756129,Yes,Yes,,302757567_302756129,302756129_302757567
302760307,Yes,302760309,No,Yes,,302760307_302760309,302760309_302760307
302785520,Yes,302785572,No,Yes,,302785520_302785572,302785572_302785520
302785572,No,302785520,Yes,Yes,,302785572_302785520,302785520_302785572
302831046,Yes,302832521,Yes,Yes,,302831046_302832521,302832521_302831046
302832521,Yes,302831046,Yes,Yes,,302832521_302831046,302831046_302832521
302850993,No,302744620,Yes,Yes,,302850993_302744620,302744620_302850993
302867062,Yes,302097882,Yes,Yes,,302867062_302097882,302097882_302867062
302979456,No,302979499,No,Yes,,302979456_302979499,302979499_302979456
302979499,No,302979456,No,Yes,,302979499_302979456,302979456_302979499
303125974,Yes,208268667,Yes,Yes,,303125974_208268667,208268667_303125974
303132712,Yes,208268665,Yes,Yes,,303132712_208268665,208268665_303132712
303166677,No,303166818,Yes,Yes,,303166677_303166818,303166818_303166677
303166818,Yes,303166677,No,Yes,,303166818_303166677,303166677_303166818
303265879,No,181466324,Yes,Yes,,303265879_181466324,181466324_303265879
303270585,No,303270778,Yes,Yes,,303270585_303270778,303270778_303270585
303270778,Yes,303270585,No,Yes,,303270778_303270585,303270585_303270778
303282328,Yes,303282748,Yes,Yes,,303282328_303282748,303282748_303282328
303282748,Yes,303282328,Yes,Yes,,303282748_303282328,303282328_303282748
303338965,No,303338966,Yes,Yes,,303338965_303338966,303338966_303338965
303338966,Yes,303338965,No,Yes,,303338966_303338965,303338965_303338966
303379843,Yes,303379849,Yes,Yes,,303379843_303379849,303379849_303379843
303379845,Yes,303379849,Yes,Yes,,303379845_303379849,303379849_303379845
303379849,Yes,303379843,Yes,Yes,,303379849_303379843,303379843_303379849
303480313,Yes,303480338,Yes,Yes,,303480313_303480338,303480338_303480313
303480338,Yes,303480313,Yes,Yes,,303480338_303480313,303480313_303480338
303550640,Yes,305442058,No,Yes,,303550640_305442058,305442058_303550640
303553660,Yes,303554018,No,Yes,,303553660_303554018,303554018_303553660
303554018,No,303553660,Yes,Yes,,303554018_303553660,303553660_303554018
303554075,Yes,303554247,No,Yes,,303554075_303554247,303554247_303554075
303554247,No,303554075,Yes,Yes,,303554247_303554075,303554075_303554247
303557104,Yes,183589921,Yes,Yes,,303557104_183589921,183589921_303557104
303621729,Yes,304019419,No,Yes,,303621729_304019419,304019419_303621729
303665354,Yes,303665355,No,Yes,,303665354_303665355,303665355_303665354
303722300,Yes,303723585,No,Yes,,303722300_303723585,303723585_303722300
303723585,No,303722300,Yes,Yes,,303723585_303722300,303722300_303723585
303771456,Yes,303771523,No,Yes,,303771456_303771523,303771523_303771456
303775705,Yes,337394642,Yes,Yes,,303775705_337394642,337394642_303775705
303790022,Yes,341060278,Yes,Yes,,303790022_341060278,341060278_303790022
303790322,Yes,307391276,Yes,Yes,,303790322_307391276,307391276_303790322
303790480,Yes,341060248,Yes,Yes,,303790480_341060248,341060248_303790480
303912262,Yes,303912261,No,Yes,,303912262_303912261,303912261_303912262
303990605,Yes,303990606,No,Yes,,303990605_303990606,303990606_303990605
303990606,No,303990605,Yes,Yes,,303990606_303990605,303990605_303990606
304019419,No,303621729,Yes,Yes,,304019419_303621729,303621729_304019419
304097077,Yes,304097072,No,Yes,,304097077_304097072,304097072_304097077
304270166,Yes,304270235,No,Yes,,304270166_304270235,304270235_304270166
304270298,Yes,304270410,Yes,Yes,,304270298_304270410,304270410_304270298
304270410,Yes,304270298,Yes,Yes,,304270410_304270298,304270298_304270410
304282594,Yes,304287500,No,Yes,,304282594_304287500,304287500_304282594
304283737,Yes,304287161,No,Yes,,304283737_304287161,304287161_304283737
304287161,No,304283737,Yes,Yes,,304287161_304283737,304283737_304287161
304287500,No,304282594,Yes,Yes,,304287500_304282594,304282594_304287500
304287935,No,137294837,No,Yes,,304287935_137294837,137294837_304287935
304288240,No,137293784,Yes,Yes,,304288240_137293784,137293784_304288240
304288869,No,137293405,Yes,Yes,,304288869_137293405,137293405_304288869
304393112,Yes,304393113,No,Yes,,304393112_304393113,304393113_304393112
304393113,No,304393112,Yes,Yes,,304393113_304393112,304393112_304393113
304397098,Yes,304397100,No,Yes,,304397098_304397100,304397100_304397098
304397100,No,304397098,Yes,Yes,,304397100_304397098,304397098_304397100
304461611,Yes,304837682,No,Yes,,304461611_304837682,304837682_304461611
304491122,No,304491124,Yes,Yes,,304491122_304491124,304491124_304491122
304491124,Yes,304491122,No,Yes,,304491124_304491122,304491122_304491124
304533352,Yes,304533412,Yes,Yes,,304533352_304533412,304533412_304533352
304533412,Yes,304533352,Yes,Yes,,304533412_304533352,304533352_304533412
304536260,Yes,304536285,Yes,Yes,,304536260_304536285,304536285_304536260
304536285,Yes,304536260,Yes,Yes,,304536285_304536260,304536260_304536285
304554195,Yes,304827271,No,Yes,,304554195_304827271,304827271_304554195
304566251,Yes,304566255,No,Yes,,304566251_304566255,304566255_304566251
304605138,Yes,337087098,No,Yes,,304605138_337087098,337087098_304605138
304777652,Yes,304892216,No,Yes,,304777652_304892216,304892216_304777652
304782118,Yes,305098123,No,Yes,,304782118_305098123,305098123_304782118
304827271,No,304554195,Yes,Yes,,304827271_304554195,304554195_304827271
304837682,No,304461611,Yes,Yes,,304837682_304461611,304461611_304837682
304859029,Yes,304962334,No,Yes,,304859029_304962334,304962334_304859029
304875962,Yes,304875966,No,Yes,,304875962_304875966,304875966_304875962
304892216,No,304777652,Yes,Yes,,304892216_304777652,304777652_304892216
304954857,Yes,305233770,No,Yes,,304954857_305233770,305233770_304954857
304962334,No,304859029,Yes,Yes,,304962334_304859029,304859029_304962334
304973784,No,337351923,No,Yes,,304973784_337351923,337351923_304973784
305010026,Yes,305010029,No,Yes,,305010026_305010029,305010029_305010026
305010029,No,305010026,Yes,Yes,,305010029_305010026,305010026_305010029
305034174,No,305034176,Yes,Yes,,305034174_305034176,305034176_305034174
305034176,Yes,305034174,No,Yes,,305034176_305034174,305034174_305034176
305049583,Yes,305049758,No,Yes,,305049583_305049758,305049758_305049583
305049758,No,305049583,Yes,Yes,,305049758_305049583,305049583_305049758
305060284,Yes,305289487,No,Yes,,305060284_305289487,305289487_305060284
305071771,Yes,305288767,No,Yes,,305071771_305288767,305288767_305071771
305098123,No,304782118,Yes,Yes,,305098123_304782118,304782118_305098123
305107823,Yes,305107769,No,Yes,,305107823_305107769,305107769_305107823
305127608,Yes,305127611,Yes,Yes,,305127608_305127611,305127611_305127608
305127611,Yes,305127608,Yes,Yes,,305127611_305127608,305127608_305127611
305155088,No,125652487,Yes,Yes,,305155088_125652487,125652487_305155088
305233770,No,304954857,Yes,Yes,,305233770_304954857,304954857_305233770
305240910,No,303544458,No,Yes,,305240910_303544458,303544458_305240910
305288767,No,305071771,Yes,Yes,,305288767_305071771,305071771_305288767
305289487,No,305060284,Yes,Yes,,305289487_305060284,305060284_305289487
305430702,No,337102896,No,Yes,,305430702_337102896,337102896_305430702
305442058,No,303550640,Yes,Yes,,305442058_303550640,303550640_305442058
305517913,Yes,305690438,No,Yes,,305517913_305690438,305690438_305517913
305606234,Yes,308039916,No,Yes,,305606234_308039916,308039916_305606234
305651413,Yes,322325420,Yes,Yes,,305651413_322325420,322325420_305651413
305651742,No,305651743,Yes,Yes,,305651742_305651743,305651743_305651742
305651743,Yes,305651742,No,Yes,,305651743_305651742,305651742_305651743
305653519,Yes,305653518,No,Yes,,305653519_305653518,305653518_305653519
305680214,Yes,305680351,No,Yes,,305680214_305680351,305680351_305680214
305680351,No,305680214,Yes,Yes,,305680351_305680214,305680214_305680351
305690438,No,305517913,Yes,Yes,,305690438_305517913,305517913_305690438
305692429,Yes,305692430,No,Yes,,305692429_305692430,305692430_305692429
305704800,Yes,305704948,No,Yes,,305704800_305704948,305704948_305704800
305704948,No,305704800,Yes,Yes,,305704948_305704800,305704800_305704948
305783675,Yes,305783795,No,Yes,,305783675_305783795,305783795_305783675
305789101,Yes,305789102,No,Yes,,305789101_305789102,305789102_305789101
305875843,Yes,305887464,Yes,Yes,,305875843_305887464,305887464_305875843
305887464,Yes,305875843,Yes,Yes,,305887464_305875843,305875843_305887464
305897050,Yes,322326037,Yes,Yes,,305897050_322326037,322326037_305897050
305914032,Yes,305916090,No,Yes,,305914032_305916090,305916090_305914032
305916090,No,305914032,Yes,Yes,,305916090_305914032,305914032_305916090
305993986,No,305993986,No,Yes,,305993986_305993986,305993986_305993986
305997421,No,195283561,Yes,Yes,,305997421_195283561,195283561_305997421
306060108,Yes,306060113,Yes,Yes,,306060108_306060113,306060113_306060108
306060113,Yes,306060108,Yes,Yes,,306060113_306060108,306060108_306060113
306060128,Yes,306060134,No,Yes,,306060128_306060134,306060134_306060128
306060313,Yes,307727476,No,Yes,,306060313_307727476,307727476_306060313
306103618,Yes,306103617,No,Yes,,306103618_306103617,306103617_306103618
306118702,Yes,306118746,No,Yes,,306118702_306118746,306118746_306118702
306118746,No,306118702,Yes,Yes,,306118746_306118702,306118702_306118746
306168488,Yes,306168489,No,Yes,,306168488_306168489,306168489_306168488
306176770,Yes,306176771,Yes,Yes,,306176770_306176771,306176771_306176770
306176771,Yes,306176770,Yes,Yes,,306176771_306176770,306176770_306176771
306259179,Yes,308446358,No,Yes,,306259179_308446358,308446358_306259179
306263750,Yes,306470961,No,Yes,,306263750_306470961,306470961_306263750
306329642,Yes,306329643,Yes,Yes,,306329642_306329643,306329643_306329642
306329643,Yes,306329642,Yes,Yes,,306329643_306329642,306329642_306329643
306332567,Yes,307541387,No,Yes,,306332567_307541387,307541387_306332567
306382005,No,306382006,No,Yes,,306382005_306382006,306382006_306382005
306411495,Yes,306411497,No,Yes,,306411495_306411497,306411497_306411495
306433738,Yes,306433739,No,Yes,,306433738_306433739,306433739_306433738
306433751,Yes,306433752,No,Yes,,306433751_306433752,306433752_306433751
306470961,No,306263750,Yes,Yes,,306470961_306263750,306263750_306470961
306565025,Yes,306565822,No,Yes,,306565025_306565822,306565822_306565025
306583634,No,306587479,No,Yes,,306583634_306587479,306587479_306583634
306592636,Yes,306592637,No,Yes,,306592636_306592637,306592637_306592636
306592637,No,306592636,Yes,Yes,,306592637_306592636,306592636_306592637
306601032,Yes,306601222,No,Yes,,306601032_306601222,306601222_306601032
306601222,No,306601032,Yes,Yes,,306601222_306601032,306601032_306601222
306629679,No,309475848,No,Yes,,306629679_309475848,309475848_306629679
306645578,Yes,306645579,Yes,Yes,,306645578_306645579,306645579_306645578
306645579,Yes,306645578,Yes,Yes,,306645579_306645578,306645578_306645579
306828420,Yes,306828714,Yes,Yes,,306828420_306828714,306828714_306828420
306828714,Yes,306828420,Yes,Yes,,306828714_306828420,306828420_306828714
306841528,Yes,306841533,Yes,Yes,,306841528_306841533,306841533_306841528
306841533,Yes,306841528,Yes,Yes,,306841533_306841528,306841528_306841533
306842302,Yes,306842671,Yes,Yes,,306842302_306842671,306842671_306842302
306842671,Yes,306842302,Yes,Yes,,306842671_306842302,306842302_306842671
306862449,Yes,306862307,No,Yes,,306862449_306862307,306862307_306862449
306871563,Yes,306871849,No,Yes,,306871563_306871849,306871849_306871563
306871849,No,306871563,Yes,Yes,,306871849_306871563,306871563_306871849
306879622,Yes,306879623,No,Yes,,306879622_306879623,306879623_306879622
306977845,Yes,306977594,No,Yes,,306977845_306977594,306977594_306977845
306983638,Yes,307005470,Yes,Yes,,306983638_307005470,307005470_306983638
306984590,Yes,307278771,No,Yes,,306984590_307278771,307278771_306984590
306992868,Yes,306990918,No,Yes,,306992868_306990918,306990918_306992868
307005470,Yes,306983638,Yes,Yes,,307005470_306983638,306983638_307005470
307083986,Yes,307085473,No,Yes,,307083986_307085473,307085473_307083986
307084042,Yes,307084054,No,Yes,,307084042_307084054,307084054_307084042
307084054,No,307084042,Yes,Yes,,307084054_307084042,307084042_307084054
307110136,Yes,307110141,No,Yes,,307110136_307110141,307110141_307110136
307196308,Yes,307196309,No,Yes,,307196308_307196309,307196309_307196308
307196309,No,307196308,Yes,Yes,,307196309_307196308,307196308_307196309
307354304,Yes,307354762,Yes,Yes,,307354304_307354762,307354762_307354304
307354762,Yes,307354304,Yes,Yes,,307354762_307354304,307354304_307354762
307391276,Yes,303790322,Yes,Yes,,307391276_303790322,303790322_307391276
307429281,Yes,307429285,No,Yes,,307429281_307429285,307429285_307429281
307429285,No,307429281,Yes,Yes,,307429285_307429281,307429281_307429285
307541387,No,306332567,Yes,Yes,,307541387_306332567,306332567_307541387
307632073,No,307632229,No,Yes,,307632073_307632229,307632229_307632073
307632229,No,307632073,No,Yes,,307632229_307632073,307632073_307632229
307662335,Yes,307662336,No,Yes,,307662335_307662336,307662336_307662335
307667741,Yes,307667777,No,Yes,,307667741_307667777,307667777_307667741
307678067,Yes,307678065,No,Yes,,307678067_307678065,307678065_307678067
307727476,No,306060313,Yes,Yes,,307727476_306060313,306060313_307727476
307742373,Yes,307742374,Yes,Yes,,307742373_307742374,307742374_307742373
307742374,Yes,307742373,Yes,Yes,,307742374_307742373,307742373_307742374
307836892,Yes,307836891,No,Yes,,307836892_307836891,307836891_307836892
307836909,Yes,307836915,Yes,Yes,,307836909_307836915,307836915_307836909
307836915,Yes,307836909,Yes,Yes,,307836915_307836909,307836909_307836915
308026909,Yes,308026966,No,Yes,,308026909_308026966,308026966_308026909
308039916,No,305606234,Yes,Yes,,308039916_305606234,305606234_308039916
308161802,Yes,308161815,No,Yes,,308161802_308161815,308161815_308161802
308161815,No,308161802,Yes,Yes,,308161815_308161802,308161802_308161815
308182598,Yes,339141763,No,Yes,,308182598_339141763,339141763_308182598
308208764,No,188817749,Yes,Yes,,308208764_188817749,188817749_308208764
308212241,Yes,308212242,No,Yes,,308212241_308212242,308212242_308212241
308212242,No,308212241,Yes,Yes,,308212242_308212241,308212241_308212242
308242368,Yes,308584774,No,Yes,,308242368_308584774,308584774_308242368
308287177,Yes,312901280,No,Yes,,308287177_312901280,312901280_308287177
308358598,Yes,308328648,No,Yes,,308358598_308328648,308328648_308358598
308446358,No,306259179,Yes,Yes,,308446358_306259179,306259179_308446358
308476702,Yes,308884839,No,Yes,,308476702_308884839,308884839_308476702
308542062,No,308542893,No,Yes,,308542062_308542893,308542893_308542062
308584774,No,308242368,Yes,Yes,,308584774_308242368,308242368_308584774
308596990,Yes,308738271,No,Yes,,308596990_308738271,308738271_308596990
308618794,Yes,308618795,No,Yes,,308618794_308618795,308618795_308618794
308618795,No,308618794,Yes,Yes,,308618795_308618794,308618794_308618795
308739987,No,308739359,No,Yes,,308739987_308739359,308739359_308739987
308772981,Yes,308773345,No,Yes,,308772981_308773345,308773345_308772981
308772981,Yes,308773299,No,Yes,,308772981_308773299,308773299_308772981
308786050,Yes,308786054,No,Yes,,308786050_308786054,308786054_308786050
308849465,Yes,308849641,Yes,Yes,,308849465_308849641,308849641_308849465
308849641,Yes,308849465,Yes,Yes,,308849641_308849465,308849465_308849641
308850549,Yes,308851056,Yes,Yes,,308850549_308851056,308851056_308850549
308851056,Yes,308850549,Yes,Yes,,308851056_308850549,308850549_308851056
308853281,Yes,308853300,No,Yes,,308853281_308853300,308853300_308853281
308853300,No,308853281,Yes,Yes,,308853300_308853281,308853281_308853300
308883020,Yes,308883021,No,Yes,,308883020_308883021,308883021_308883020
308883021,No,308883020,Yes,Yes,,308883021_308883020,308883020_308883021
308884839,No,308476702,Yes,Yes,,308884839_308476702,308476702_308884839
308889284,Yes,308889424,Yes,Yes,,308889284_308889424,308889424_308889284
308889424,Yes,308889284,Yes,Yes,,308889424_308889284,308889284_308889424
309132346,No,309132347,No,Yes,,309132346_309132347,309132347_309132346
309132347,No,309132346,No,Yes,,309132347_309132346,309132346_309132347
309192569,Yes,309192570,No,Yes,,309192569_309192570,309192570_309192569
309225888,Yes,311432112,Yes,Yes,,309225888_311432112,311432112_309225888
309251416,Yes,309481933,No,Yes,,309251416_309481933,309481933_309251416
309270714,Yes,309271316,Yes,Yes,,309270714_309271316,309271316_309270714
309271316,Yes,309270714,Yes,Yes,,309271316_309270714,309270714_309271316
309357814,No,309358366,No,Yes,,309357814_309358366,309358366_309357814
309387816,No,309387870,No,Yes,,309387816_309387870,309387870_309387816
309387870,No,309387816,No,Yes,,309387870_309387816,309387816_309387870
309391962,Yes,309391963,No,Yes,,309391962_309391963,309391963_309391962
309475848,No,306629679,No,Yes,,309475848_306629679,306629679_309475848
309573897,Yes,309573970,No,Yes,,309573897_309573970,309573970_309573897
309637370,Yes,309963452,No,Yes,,309637370_309963452,309963452_309637370
309664982,Yes,309664985,Yes,Yes,,309664982_309664985,309664985_309664982
309664985,Yes,309664982,Yes,Yes,,309664985_309664982,309664982_309664985
309664989,No,309664990,No,Yes,,309664989_309664990,309664990_309664989
309664990,No,309664989,No,Yes,,309664990_309664989,309664989_309664990
309666945,Yes,309666946,Yes,Yes,,309666945_309666946,309666946_309666945
309666946,Yes,309666945,Yes,Yes,,309666946_309666945,309666945_309666946
309672122,No,309672128,No,Yes,,309672122_309672128,309672128_309672122
309756373,Yes,309756379,Yes,Yes,,309756373_309756379,309756379_309756373
309756379,Yes,309756373,Yes,Yes,,309756379_309756373,309756373_309756379
309963452,No,309637370,Yes,Yes,,309963452_309637370,309637370_309963452
309997502,Yes,309997636,No,Yes,,309997502_309997636,309997636_309997502
310052616,Yes,310053836,No,Yes,,310052616_310053836,310053836_310052616
310053836,No,310052616,Yes,Yes,,310053836_310052616,310052616_310053836
310062718,Yes,310062764,No,Yes,,310062718_310062764,310062764_310062718
310062764,No,310062718,Yes,Yes,,310062764_310062718,310062718_310062764
310108511,Yes,310108371,No,Yes,,310108511_310108371,310108371_310108511
310220939,Yes,310499501,No,Yes,,310220939_310499501,310499501_310220939
310422891,Yes,310422889,No,Yes,,310422891_310422889,310422889_310422891
310499501,No,310220939,Yes,Yes,,310499501_310220939,310220939_310499501
310567528,Yes,310567628,No,Yes,,310567528_310567628,310567628_310567528
310609124,Yes,310609326,Yes,Yes,,310609124_310609326,310609326_310609124
310609326,Yes,310609124,Yes,Yes,,310609326_310609124,310609124_310609326
310637230,Yes,339141234,No,Yes,,310637230_339141234,339141234_310637230
310644793,Yes,337594374,No,Yes,,310644793_337594374,337594374_310644793
310867961,No,310867962,No,Yes,,310867961_310867962,310867962_310867961
310928961,Yes,310929236,No,Yes,,310928961_310929236,310929236_310928961
310929236,No,310928961,Yes,Yes,,310929236_310928961,310928961_310929236
311005687,Yes,311006078,No,Yes,,311005687_311006078,311006078_311005687
311065347,Yes,311065362,Yes,Yes,,311065347_311065362,311065362_311065347
311065362,Yes,311065347,Yes,Yes,,311065362_311065347,311065347_311065362
311076518,Yes,311076518,Yes,Yes,,311076518_311076518,311076518_311076518
311087751,Yes,311087752,No,Yes,,311087751_311087752,311087752_311087751
311224534,Yes,311224533,No,Yes,,311224534_311224533,311224533_311224534
311331220,Yes,311506985,No,Yes,,311331220_311506985,311506985_311331220
311377265,Yes,311377266,No,Yes,,311377265_311377266,311377266_311377265
311432112,Yes,309225888,Yes,Yes,,311432112_309225888,309225888_311432112
311549295,Yes,311549296,No,Yes,,311549295_311549296,311549296_311549295
311549296,No,311549295,Yes,Yes,,311549296_311549295,311549295_311549296
311678512,Yes,313521120,No,Yes,,311678512_313521120,313521120_311678512
311828964,No,311829094,Yes,Yes,,311828964_311829094,311829094_311828964
311829094,Yes,311828964,No,Yes,,311829094_311828964,311828964_311829094
311831727,Yes,312711379,No,Yes,,311831727_312711379,312711379_311831727
311846245,No,311815954,No,Yes,,311846245_311815954,311815954_311846245
311851888,Yes,311851904,No,Yes,,311851888_311851904,311851904_311851888
312011395,Yes,312808271,No,Yes,,312011395_312808271,312808271_312011395
312087218,Yes,312087221,No,Yes,,312087218_312087221,312087221_312087218
312087221,No,312087218,Yes,Yes,,312087221_312087218,312087218_312087221
312170695,Yes,312183996,No,Yes,,312170695_312183996,312183996_312170695
312183996,No,312170695,Yes,Yes,,312183996_312170695,312170695_312183996
312197095,No,312197133,No,Yes,,312197095_312197133,312197133_312197095
312197133,No,312197095,No,Yes,,312197133_312197095,312197095_312197133
312365426,Yes,312365427,No,Yes,,312365426_312365427,312365427_312365426
312374463,No,313125402,No,Yes,,312374463_313125402,313125402_312374463
312375570,Yes,312375999,Yes,Yes,,312375570_312375999,312375999_312375570
312375999,Yes,312375570,Yes,Yes,,312375999_312375570,312375570_312375999
312439129,Yes,312439130,No,Yes,,312439129_312439130,312439130_312439129
312439130,No,312439129,Yes,Yes,,312439130_312439129,312439129_312439130
312534005,Yes,312534020,Yes,Yes,,312534005_312534020,312534020_312534005
312534020,Yes,312534005,Yes,Yes,,312534020_312534005,312534005_312534020
312548908,Yes,312548910,Yes,Yes,,312548908_312548910,312548910_312548908
312548910,Yes,312548908,Yes,Yes,,312548910_312548908,312548908_312548910
312600514,Yes,312600540,No,Yes,,312600514_312600540,312600540_312600514
312600540,No,312600514,Yes,Yes,,312600540_312600514,312600514_312600540
312711379,No,311831727,Yes,Yes,,312711379_311831727,311831727_312711379
312720647,Yes,312720998,No,Yes,,312720647_312720998,312720998_312720647
312784389,Yes,312784394,No,Yes,,312784389_312784394,312784394_312784389
312808271,No,312011395,Yes,Yes,,312808271_312011395,312011395_312808271
312843850,Yes,312843848,No,Yes,,312843850_312843848,312843848_312843850
312990015,Yes,312990419,No,Yes,,312990015_312990419,312990419_312990015
312992941,Yes,312994641,No,Yes,,312992941_312994641,312994641_312992941
313015377,Yes,313015375,No,Yes,,313015377_313015375,313015375_313015377
313017059,Yes,313107264,No,Yes,,313017059_313107264,313107264_313017059
313017088,Yes,313107196,Yes,Yes,,313017088_313107196,313107196_313017088
313024786,Yes,313024787,Yes,Yes,,313024786_313024787,313024787_313024786
313024787,Yes,313024786,Yes,Yes,,313024787_313024786,313024786_313024787
313107196,Yes,313017088,Yes,Yes,,313107196_313017088,313017088_313107196
313107264,No,313017059,Yes,Yes,,313107264_313017059,313017059_313107264
313125402,No,312374463,No,Yes,,313125402_312374463,312374463_313125402
313219588,Yes,313269440,No,Yes,,313219588_313269440,313269440_313219588
313240912,No,314349484,No,Yes,,313240912_314349484,314349484_313240912
313254661,No,313254674,Yes,Yes,,313254661_313254674,313254674_313254661
313254674,Yes,313254661,No,Yes,,313254674_313254661,313254661_313254674
313402031,Yes,315238661,Yes,Yes,,313402031_315238661,315238661_313402031
313407549,No,284492818,Yes,Yes,,313407549_284492818,284492818_313407549
313466126,Yes,313466204,No,Yes,,313466126_313466204,313466204_313466126
313521120,No,311678512,Yes,Yes,,313521120_311678512,311678512_313521120
313548019,Yes,313548020,No,Yes,,313548019_313548020,313548020_313548019
313548020,No,313548019,Yes,Yes,,313548020_313548019,313548019_313548020
313582194,Yes,313593647,No,Yes,,313582194_313593647,313593647_313582194
313785203,No,313785204,Yes,Yes,,313785203_313785204,313785204_313785203
313785204,Yes,313785203,No,Yes,,313785204_313785203,313785203_313785204
313835962,No,313835398,No,Yes,,313835962_313835398,313835398_313835962
313885862,Yes,313885863,Yes,Yes,,313885862_313885863,313885863_313885862
313885863,Yes,313885862,Yes,Yes,,313885863_313885862,313885862_313885863
313952678,Yes,313953011,No,Yes,,313952678_313953011,313953011_313952678
313953011,No,313952678,Yes,Yes,,313953011_313952678,313952678_313953011
313960407,No,313956854,No,Yes,,313960407_313956854,313956854_313960407
313963733,Yes,320063610,No,Yes,,313963733_320063610,320063610_313963733
313964410,Yes,313964411,Yes,Yes,,313964410_313964411,313964411_313964410
313964410,Yes,313964417,No,Yes,,313964410_313964417,313964417_313964410
313964411,Yes,313964410,Yes,Yes,,313964411_313964410,313964410_313964411
313996192,Yes,313996270,Yes,Yes,,313996192_313996270,313996270_313996192
313996192,Yes,333025396,Yes,Yes,,313996192_333025396,333025396_313996192
313996192,Yes,325267824,No,Yes,,313996192_325267824,325267824_313996192
313996270,Yes,313996192,Yes,Yes,,313996270_313996192,313996192_313996270
314034674,Yes,314034671,No,Yes,,314034674_314034671,314034671_314034674
314042040,Yes,314042042,Yes,Yes,,314042040_314042042,314042042_314042040
314042042,Yes,314042040,Yes,Yes,,314042042_314042040,314042040_314042042
314053686,Yes,313873751,No,Yes,,314053686_313873751,313873751_314053686
314081542,Yes,314083720,Yes,Yes,,314081542_314083720,314083720_314081542
314083720,Yes,314081542,Yes,Yes,,314083720_314081542,314081542_314083720
314121737,Yes,314122507,No,Yes,,314121737_314122507,314122507_314121737
314158692,Yes,314159346,No,Yes,,314158692_314159346,314159346_314158692
314159346,No,314158692,Yes,Yes,,314159346_314158692,314158692_314159346
314191218,Yes,314753324,No,Yes,,314191218_314753324,314753324_314191218
314214087,Yes,314214119,No,Yes,,314214087_314214119,314214119_314214087
314214119,No,314214087,Yes,Yes,,314214119_314214087,314214087_314214119
314217453,Yes,314217450,No,Yes,,314217453_314217450,314217450_314217453
314230331,Yes,339140999,No,Yes,,314230331_339140999,339140999_314230331
314246309,Yes,314362268,No,Yes,,314246309_314362268,314362268_314246309
314331232,Yes,314331236,No,Yes,,314331232_314331236,314331236_314331232
314349484,No,313240912,No,Yes,,314349484_313240912,313240912_314349484
314362268,No,314246309,Yes,Yes,,314362268_314246309,314246309_314362268
314417607,Yes,314417917,No,Yes,,314417607_314417917,314417917_314417607
314417917,No,314417607,Yes,Yes,,314417917_314417607,314417607_314417917
314661724,Yes,314662236,No,Yes,,314661724_314662236,314662236_314661724
314682441,Yes,314682913,Yes,Yes,,314682441_314682913,314682913_314682441
314682913,Yes,314682441,Yes,Yes,,314682913_314682441,314682441_314682913
314693170,Yes,314693685,No,Yes,,314693170_314693685,314693685_314693170
314753324,No,314191218,Yes,Yes,,314753324_314191218,314191218_314753324
314759566,Yes,314759325,No,Yes,,314759566_314759325,314759325_314759566
314801276,Yes,314801312,No,Yes,,314801276_314801312,314801312_314801276
314801312,No,314801276,Yes,Yes,,314801312_314801276,314801276_314801312
314820289,Yes,314820339,Yes,Yes,,314820289_314820339,314820339_314820289
314820339,Yes,314820289,Yes,Yes,,314820339_314820289,314820289_314820339
314831395,Yes,314831398,No,Yes,,314831395_314831398,314831398_314831395
314831398,No,314831395,Yes,Yes,,314831398_314831395,314831395_314831398
314832800,Yes,314832801,No,Yes,,314832800_314832801,314832801_314832800
314917314,Yes,314917315,Yes,Yes,,314917314_314917315,314917315_314917314
314917315,Yes,314917314,Yes,Yes,,314917315_314917314,314917314_314917315
315113330,Yes,337093849,No,Yes,,315113330_337093849,337093849_315113330
315124480,Yes,315124606,Yes,Yes,,315124480_315124606,315124606_315124480
315124606,Yes,315124480,Yes,Yes,,315124606_315124480,315124480_315124606
315142786,Yes,315279908,No,Yes,,315142786_315279908,315279908_315142786
315189033,Yes,315189034,Yes,Yes,,315189033_315189034,315189034_315189033
315189034,Yes,315189033,Yes,Yes,,315189034_315189033,315189033_315189034
315238661,Yes,313402031,Yes,Yes,,315238661_313402031,313402031_315238661
315243996,Yes,286129834,Yes,Yes,,315243996_286129834,286129834_315243996
315334218,Yes,315372333,No,Yes,,315334218_315372333,315372333_315334218
315341282,Yes,321634097,No,Yes,,315341282_321634097,321634097_315341282
315408703,Yes,315513852,Yes,Yes,,315408703_315513852,315513852_315408703
315428026,Yes,329256556,Yes,Yes,,315428026_329256556,329256556_315428026
315512373,Yes,315514341,Yes,Yes,,315512373_315514341,315514341_315512373
315513852,Yes,315408703,Yes,Yes,,315513852_315408703,315408703_315513852
315514341,Yes,315512373,Yes,Yes,,315514341_315512373,315512373_315514341
315695936,Yes,315695937,Yes,Yes,,315695936_315695937,315695937_315695936
315695937,Yes,315695936,Yes,Yes,,315695937_315695936,315695936_315695937
315701519,Yes,315701520,Yes,Yes,,315701519_315701520,315701520_315701519
315701520,Yes,315701519,Yes,Yes,,315701520_315701519,315701519_315701520
315701523,Yes,315701528,Yes,Yes,,315701523_315701528,315701528_315701523
315701528,Yes,315701523,Yes,Yes,,315701528_315701523,315701523_315701528
315715808,No,315717540,Yes,Yes,,315715808_315717540,315717540_315715808
315717540,Yes,315715808,No,Yes,,315717540_315715808,315715808_315717540
315785193,Yes,315786267,Yes,Yes,,315785193_315786267,315786267_315785193
315786071,Yes,315786697,Yes,Yes,,315786071_315786697,315786697_315786071
315786267,Yes,315785193,Yes,Yes,,315786267_315785193,315785193_315786267
315786697,Yes,315786071,Yes,Yes,,315786697_315786071,315786071_315786697
315810799,Yes,315812671,No,Yes,,315810799_315812671,315812671_315810799
315810872,Yes,315812587,No,Yes,,315810872_315812587,315812587_315810872
315811863,Yes,315812539,No,Yes,,315811863_315812539,315812539_315811863
315812539,No,315811863,Yes,Yes,,315812539_315811863,315811863_315812539
315812587,No,315810872,Yes,Yes,,315812587_315810872,315810872_315812587
315812671,No,315810799,Yes,Yes,,315812671_315810799,315810799_315812671
315818937,Yes,315821387,No,Yes,,315818937_315821387,315821387_315818937
315821603,Yes,315821693,No,Yes,,315821603_315821693,315821693_315821603
315864760,Yes,315864761,No,Yes,,315864760_315864761,315864761_315864760
315924282,Yes,315961523,Yes,Yes,,315924282_315961523,315961523_315924282
315941103,Yes,339632321,Yes,Yes,,315941103_339632321,339632321_315941103
315943151,Yes,339634567,No,Yes,,315943151_339634567,339634567_315943151
315961523,Yes,315924282,Yes,Yes,,315961523_315924282,315924282_315961523
315985598,Yes,315985602,Yes,Yes,,315985598_315985602,315985602_315985598
315985602,Yes,315985598,Yes,Yes,,315985602_315985598,315985598_315985602
316070220,No,316067203,No,Yes,,316070220_316067203,316067203_316070220
316154818,Yes,316154822,No,Yes,,316154818_316154822,316154822_316154818
316154856,No,316154822,No,Yes,,316154856_316154822,316154822_316154856
316232245,No,316232244,No,Yes,,316232245_316232244,316232244_316232245
316232249,Yes,316232244,No,Yes,,316232249_316232244,316232244_316232249
316232253,Yes,316232255,Yes,Yes,,316232253_316232255,316232255_316232253
316232255,Yes,316232253,Yes,Yes,,316232255_316232253,316232253_316232255
316239061,Yes,316244659,No,Yes,,316239061_316244659,316244659_316239061
316244659,No,316239061,Yes,Yes,,316244659_316239061,316239061_316244659
316392181,Yes,316392189,No,Yes,,316392181_316392189,316392189_316392181
316408443,Yes,316408444,Yes,Yes,,316408443_316408444,316408444_316408443
316408444,Yes,316408443,Yes,Yes,,316408444_316408443,316408443_316408444
316533407,Yes,316534679,No,Yes,,316533407_316534679,316534679_316533407
316599562,Yes,316599949,No,Yes,,316599562_316599949,316599949_316599562
316625583,Yes,316625584,Yes,Yes,,316625583_316625584,316625584_316625583
316625584,Yes,316625583,Yes,Yes,,316625584_316625583,316625583_316625584
316688341,No,316688674,No,Yes,,316688341_316688674,316688674_316688341
316741969,Yes,316741971,No,Yes,,316741969_316741971,316741971_316741969
316798363,Yes,316798746,No,Yes,,316798363_316798746,316798746_316798363
316820195,No,317230526,Yes,Yes,,316820195_317230526,317230526_316820195
316855730,Yes,316856139,Yes,Yes,,316855730_316856139,316856139_316855730
316856139,Yes,316855730,Yes,Yes,,316856139_316855730,316855730_316856139
317169238,Yes,317170176,Yes,Yes,,317169238_317170176,317170176_317169238
317170176,Yes,317169238,Yes,Yes,,317170176_317169238,317169238_317170176
317230526,Yes,316820195,No,Yes,,317230526_316820195,316820195_317230526
317257118,No,317257122,No,Yes,,317257118_317257122,317257122_317257118
317257122,No,317257118,No,Yes,,317257122_317257118,317257118_317257122
317270729,No,317313843,No,Yes,,317270729_317313843,317313843_317270729
317272090,Yes,317313337,Yes,Yes,,317272090_317313337,317313337_317272090
317278705,Yes,317279483,No,Yes,,317278705_317279483,317279483_317278705
317279483,No,317278705,Yes,Yes,,317279483_317278705,317278705_317279483
317280485,Yes,317280904,Yes,Yes,,317280485_317280904,317280904_317280485
317280904,Yes,317280485,Yes,Yes,,317280904_317280485,317280485_317280904
317296305,Yes,317296306,Yes,Yes,,317296305_317296306,317296306_317296305
317296306,Yes,317296305,Yes,Yes,,317296306_317296305,317296305_317296306
317313337,Yes,317272090,Yes,Yes,,317313337_317272090,317272090_317313337
317315292,Yes,317312427,No,Yes,,317315292_317312427,317312427_317315292
317366638,Yes,317663146,No,Yes,,317366638_317663146,317663146_317366638
317383472,Yes,317384141,No,Yes,,317383472_317384141,317384141_317383472
317404217,Yes,317404621,No,Yes,,317404217_317404621,317404621_317404217
317404621,No,317404217,Yes,Yes,,317404621_317404217,317404217_317404621
317539485,Yes,317541051,No,Yes,,317539485_317541051,317541051_317539485
317541051,No,317539485,Yes,Yes,,317541051_317539485,317539485_317541051
317589716,Yes,317589496,No,Yes,,317589716_317589496,317589496_317589716
317663146,No,317366638,Yes,Yes,,317663146_317366638,317366638_317663146
317743195,Yes,317743255,No,Yes,,317743195_317743255,317743255_317743195
317930830,Yes,339630227,No,Yes,,317930830_339630227,339630227_317930830
318088154,Yes,318088151,No,Yes,,318088154_318088151,318088151_318088154
318088185,Yes,318088184,No,Yes,,318088185_318088184,318088184_318088185
318091602,No,318091989,Yes,Yes,,318091602_318091989,318091989_318091602
318091989,Yes,318091602,No,Yes,,318091989_318091602,318091602_318091989
318258995,Yes,318259803,No,Yes,,318258995_318259803,318259803_318258995
318259803,No,318258995,Yes,Yes,,318259803_318258995,318258995_318259803
318319310,No,318410902,No,Yes,,318319310_318410902,318410902_318319310
318344956,Yes,318344311,No,Yes,,318344956_318344311,318344311_318344956
318400266,Yes,338759072,Yes,Yes,,318400266_338759072,338759072_318400266
318410902,No,318319310,No,Yes,,318410902_318319310,318319310_318410902
318428955,Yes,340223929,No,Yes,,318428955_340223929,340223929_318428955
318464073,Yes,318464237,No,Yes,,318464073_318464237,318464237_318464073
318475445,Yes,340042636,No,Yes,,318475445_340042636,340042636_318475445
318514235,No,318514385,Yes,Yes,,318514235_318514385,318514385_318514235
318514385,Yes,318514235,No,Yes,,318514385_318514235,318514235_318514385
318533969,Yes,318534061,Yes,Yes,,318533969_318534061,318534061_318533969
318534061,Yes,318533969,Yes,Yes,,318534061_318533969,318533969_318534061
318776318,Yes,318776319,No,Yes,,318776318_318776319,318776319_318776318
318816854,Yes,318816935,No,Yes,,318816854_318816935,318816935_318816854
318925057,Yes,318925059,Yes,Yes,,318925057_318925059,318925059_318925057
318925059,Yes,318925057,Yes,Yes,,318925059_318925057,318925057_318925059
318972599,Yes,318972601,Yes,Yes,,318972599_318972601,318972601_318972599
318972601,Yes,318972605,No,Yes,,318972601_318972605,318972605_318972601
318972601,Yes,318972599,Yes,Yes,,318972601_318972599,318972599_318972601
318972605,No,318972601,Yes,Yes,,318972605_318972601,318972601_318972605
319005645,Yes,319005647,No,Yes,,319005645_319005647,319005647_319005645
319024913,No,318891914,No,Yes,,319024913_318891914,318891914_319024913
319052088,No,319052246,Yes,Yes,,319052088_319052246,319052246_319052088
319052246,Yes,319052088,No,Yes,,319052246_319052088,319052088_319052246
319237761,Yes,319237762,No,Yes,,319237761_319237762,319237762_319237761
319245763,Yes,319245764,Yes,Yes,,319245763_319245764,319245764_319245763
319245764,Yes,319245763,Yes,Yes,,319245764_319245763,319245763_319245764
319252542,No,319253057,Yes,Yes,,319252542_319253057,319253057_319252542
319253057,Yes,319252542,No,Yes,,319253057_319252542,319252542_319253057
319361086,No,319361126,Yes,Yes,,319361086_319361126,319361126_319361086
319361126,Yes,319361086,No,Yes,,319361126_319361086,319361086_319361126
319421440,Yes,319421441,No,Yes,,319421440_319421441,319421441_319421440
319421441,No,319421440,Yes,Yes,,319421441_319421440,319421440_319421441
319500781,Yes,319500587,No,Yes,,319500781_319500587,319500587_319500781
319557148,Yes,337089460,No,Yes,,319557148_337089460,337089460_319557148
319557866,Yes,319558129,Yes,Yes,,319557866_319558129,319558129_319557866
319558129,Yes,319557866,Yes,Yes,,319558129_319557866,319557866_319558129
319618668,Yes,319618092,No,Yes,,319618668_319618092,319618092_319618668
319669355,No,319669394,Yes,Yes,,319669355_319669394,319669394_319669355
319669394,Yes,319669355,No,Yes,,319669394_319669355,319669355_319669394
319904822,No,319904235,No,Yes,,319904822_319904235,319904235_319904822
320012046,Yes,320012047,No,Yes,,320012046_320012047,320012047_320012046
320059533,Yes,320059619,No,Yes,,320059533_320059619,320059619_320059533
320068040,Yes,320625907,No,Yes,,320068040_320625907,320625907_320068040
320074100,Yes,320153304,Yes,Yes,,320074100_320153304,320153304_320074100
320153304,Yes,320074100,Yes,Yes,,320153304_320074100,320074100_320153304
320315117,No,320314946,No,Yes,,320315117_320314946,320314946_320315117
320355628,Yes,320355629,No,Yes,,320355628_320355629,320355629_320355628
320451874,Yes,340041735,No,Yes,,320451874_340041735,340041735_320451874
320452447,Yes,340041596,No,Yes,,320452447_340041596,340041596_320452447
320625907,No,320068040,Yes,Yes,,320625907_320068040,320068040_320625907
320809026,Yes,320808882,No,Yes,,320809026_320808882,320808882_320809026
320905632,Yes,321123110,No,Yes,,320905632_321123110,321123110_320905632
320925992,No,320926001,Yes,Yes,,320925992_320926001,320926001_320925992
320926001,Yes,320925992,No,Yes,,320926001_320925992,320925992_320926001
320935575,Yes,321753223,No,Yes,,320935575_321753223,321753223_320935575
320937596,Yes,320938061,Yes,Yes,,320937596_320938061,320938061_320937596
320938061,Yes,320937596,Yes,Yes,,320938061_320937596,320937596_320938061
320938285,Yes,320938952,No,Yes,,320938285_320938952,320938952_320938285
320940762,Yes,320940763,No,Yes,,320940762_320940763,320940763_320940762
320943187,Yes,147836387,Yes,Yes,,320943187_147836387,147836387_320943187
320957715,No,337089890,Yes,Yes,,320957715_337089890,337089890_320957715
321066991,Yes,321066990,No,Yes,,321066991_321066990,321066990_321066991
321075574,Yes,321089818,Yes,Yes,,321075574_321089818,321089818_321075574
321089818,Yes,321075574,Yes,Yes,,321089818_321075574,321075574_321089818
321123110,No,320905632,Yes,Yes,,321123110_320905632,320905632_321123110
321182938,Yes,340041342,No,Yes,,321182938_340041342,340041342_321182938
321183003,Yes,321183228,No,Yes,,321183003_321183228,321183228_321183003
321286087,Yes,321285881,No,Yes,,321286087_321285881,321285881_321286087
321305353,No,321543346,No,Yes,,321305353_321543346,321543346_321305353
321389781,Yes,321389820,No,Yes,,321389781_321389820,321389820_321389781
321389820,No,321389781,Yes,Yes,,321389820_321389781,321389781_321389820
321516456,Yes,321654262,No,Yes,,321516456_321654262,321654262_321516456
321543346,No,321305353,No,Yes,,321543346_321305353,321305353_321543346
321634097,No,315341282,Yes,Yes,,321634097_315341282,315341282_321634097
321662781,Yes,321672268,No,Yes,,321662781_321672268,321672268_321662781
321672268,No,321662781,Yes,Yes,,321672268_321662781,321662781_321672268
321706459,No,321706498,No,Yes,,321706459_321706498,321706498_321706459
321718709,Yes,321717690,No,Yes,,321718709_321717690,321717690_321718709
321753223,No,320935575,Yes,Yes,,321753223_320935575,320935575_321753223
321792016,Yes,340040844,No,Yes,,321792016_340040844,340040844_321792016
321798863,No,321798862,No,Yes,,321798863_321798862,321798862_321798863
321851883,Yes,321851583,No,Yes,,321851883_321851583,321851583_321851883
321960098,No,321960151,Yes,Yes,,321960098_321960151,321960151_321960098
321960151,Yes,321960098,No,Yes,,321960151_321960098,321960098_321960151
322018719,Yes,322018317,No,Yes,,322018719_322018317,322018317_322018719
322148409,No,322152201,Yes,Yes,,322148409_322152201,322152201_322148409
322152201,Yes,322148409,No,Yes,,322152201_322148409,322148409_322152201
322167173,Yes,322167964,No,Yes,,322167173_322167964,322167964_322167173
322167964,No,322167173,Yes,Yes,,322167964_322167173,322167173_322167964
322220935,No,322406957,No,Yes,,322220935_322406957,322406957_322220935
322276714,Yes,322276715,No,Yes,,322276714_322276715,322276715_322276714
322286640,No,322286651,Yes,Yes,,322286640_322286651,322286651_322286640
322286651,Yes,322286640,No,Yes,,322286651_322286640,322286640_322286651
322286687,Yes,322501361,Yes,Yes,,322286687_322501361,322501361_322286687
322294936,Yes,298484030,Yes,Yes,,322294936_298484030,298484030_322294936
322325420,Yes,305651413,Yes,Yes,,322325420_305651413,305651413_322325420
322326037,Yes,305897050,Yes,Yes,,322326037_305897050,305897050_322326037
322400262,No,322400266,Yes,Yes,,322400262_322400266,322400266_322400262
322400266,Yes,322400262,No,Yes,,322400266_322400262,322400262_322400266
322501361,Yes,322286687,Yes,Yes,,322501361_322286687,322286687_322501361
322692526,Yes,322692547,Yes,Yes,,322692526_322692547,322692547_322692526
322692547,Yes,322692526,Yes,Yes,,322692547_322692526,322692526_322692547
322698311,Yes,322698310,No,Yes,,322698311_322698310,322698310_322698311
322996178,Yes,322996176,No,Yes,,322996178_322996176,322996176_322996178
323064910,Yes,339288274,No,Yes,,323064910_339288274,339288274_323064910
323124903,Yes,323232002,No,Yes,,323124903_323232002,323232002_323124903
323146019,Yes,323146308,No,Yes,,323146019_323146308,323146308_323146019
323146308,No,323146019,Yes,Yes,,323146308_323146019,323146019_323146308
323165161,Yes,323165162,No,Yes,,323165161_323165162,323165162_323165161
323232002,No,323124903,Yes,Yes,,323232002_323124903,323124903_323232002
323255070,Yes,86318339,Yes,Yes,,323255070_86318339,86318339_323255070
323304057,Yes,323304250,No,Yes,,323304057_323304250,323304250_323304057
323368922,Yes,323369018,No,Yes,,323368922_323369018,323369018_323368922
323369018,No,323368922,Yes,Yes,,323369018_323368922,323368922_323369018
323389256,Yes,323389384,No,Yes,,323389256_323389384,323389384_323389256
323389384,No,323389256,Yes,Yes,,323389384_323389256,323389256_323389384
323424676,No,323424677,No,Yes,,323424676_323424677,323424677_323424676
323451837,Yes,323451836,No,Yes,,323451837_323451836,323451836_323451837
323554229,Yes,337594101,No,Yes,,323554229_337594101,337594101_323554229
323861969,Yes,323861972,Yes,Yes,,323861969_323861972,323861972_323861969
323861972,Yes,323861969,Yes,Yes,,323861972_323861969,323861969_323861972
323888987,Yes,324069158,No,Yes,,323888987_324069158,324069158_323888987
323916922,No,323916944,Yes,Yes,,323916922_323916944,323916944_323916922
323916944,Yes,323916922,No,Yes,,323916944_323916922,323916922_323916944
323927176,Yes,323927180,No,Yes,,323927176_323927180,323927180_323927176
323944433,No,323944435,Yes,Yes,,323944433_323944435,323944435_323944433
323944435,Yes,323944433,No,Yes,,323944435_323944433,323944433_323944435
323997660,Yes,323997661,No,Yes,,323997660_323997661,323997661_323997660
323997661,No,323997660,Yes,Yes,,323997661_323997660,323997660_323997661
324069158,No,323888987,Yes,Yes,,324069158_323888987,323888987_324069158
324136859,Yes,324150943,No,Yes,,324136859_324150943,324150943_324136859
324150943,No,324136859,Yes,Yes,,324150943_324136859,324136859_324150943
324208235,Yes,324208236,Yes,Yes,,324208235_324208236,324208236_324208235
324208236,Yes,324208235,Yes,Yes,,324208236_324208235,324208235_324208236
324259972,Yes,324327606,No,Yes,,324259972_324327606,324327606_324259972
324281409,Yes,324340820,No,Yes,,324281409_324340820,324340820_324281409
324327606,No,324259972,Yes,Yes,,324327606_324259972,324259972_324327606
324340820,No,324281409,Yes,Yes,,324340820_324281409,324281409_324340820
324397993,Yes,324526765,No,Yes,,324397993_324526765,324526765_324397993
324398551,No,338026678,Yes,Yes,,324398551_338026678,338026678_324398551
324423452,Yes,324423662,Yes,Yes,,324423452_324423662,324423662_324423452
324423662,Yes,324423452,Yes,Yes,,324423662_324423452,324423452_324423662
324526765,No,324397993,Yes,Yes,,324526765_324397993,324397993_324526765
324799303,Yes,325057938,No,Yes,,324799303_325057938,325057938_324799303
324980360,Yes,324980365,No,Yes,,324980360_324980365,324980365_324980360
324980366,No,324980367,No,Yes,,324980366_324980367,324980367_324980366
325057938,No,324799303,Yes,Yes,,325057938_324799303,324799303_325057938
325134493,Yes,325138279,No,Yes,,325134493_325138279,325138279_325134493
325267824,No,313996192,Yes,Yes,,325267824_313996192,313996192_325267824
325426068,Yes,325426196,No,Yes,,325426068_325426196,325426196_325426068
325433144,Yes,325433183,No,Yes,,325433144_325433183,325433183_325433144
325433183,No,325433144,Yes,Yes,,325433183_325433144,325433144_325433183
325585870,Yes,338027874,No,Yes,,325585870_338027874,338027874_325585870
325595626,Yes,325595660,No,Yes,,325595626_325595660,325595660_325595626
325595660,No,325595626,Yes,Yes,,325595660_325595626,325595626_325595660
325603869,Yes,325612345,No,Yes,,325603869_325612345,325612345_325603869
325612345,No,325603869,Yes,Yes,,325612345_325603869,325603869_325612345
325614593,Yes,325614930,No,Yes,,325614593_325614930,325614930_325614593
325614930,No,325614593,Yes,Yes,,325614930_325614593,325614593_325614930
325623517,Yes,325623635,No,Yes,,325623517_325623635,325623635_325623517
325623635,No,325623517,Yes,Yes,,325623635_325623517,325623517_325623635
325625054,Yes,325625055,No,Yes,,325625054_325625055,325625055_325625054
325625055,No,325625054,Yes,Yes,,325625055_325625054,325625054_325625055
325639062,Yes,325721467,No,Yes,,325639062_325721467,325721467_325639062
325646147,No,325646146,No,Yes,,325646147_325646146,325646146_325646147
325678349,Yes,325678351,No,Yes,,325678349_325678351,325678351_325678349
325678375,Yes,325678387,No,Yes,,325678375_325678387,325678387_325678375
325678386,Yes,325678387,No,Yes,,325678386_325678387,325678387_325678386
325678388,Yes,325678387,No,Yes,,325678388_325678387,325678387_325678388
325711940,Yes,325711943,No,Yes,,325711940_325711943,325711943_325711940
325711940,Yes,325711942,Yes,Yes,,325711940_325711942,325711942_325711940
325711942,Yes,325711940,Yes,Yes,,325711942_325711940,325711940_325711942
325721467,No,325639062,Yes,Yes,,325721467_325639062,325639062_325721467
325782806,Yes,325782808,Yes,Yes,,325782806_325782808,325782808_325782806
325782808,Yes,325782806,Yes,Yes,,325782808_325782806,325782806_325782808
325830479,Yes,325830479,Yes,Yes,,325830479_325830479,325830479_325830479
325899294,Yes,325899362,No,Yes,,325899294_325899362,325899362_325899294
325899362,No,325899294,Yes,Yes,,325899362_325899294,325899294_325899362
325905670,Yes,325905720,No,Yes,,325905670_325905720,325905720_325905670
325911006,Yes,325911125,No,Yes,,325911006_325911125,325911125_325911006
325911125,No,325911006,Yes,Yes,,325911125_325911006,325911006_325911125
325912631,Yes,325912805,No,Yes,,325912631_325912805,325912805_325912631
325912805,No,325912631,Yes,Yes,,325912805_325912631,325912631_325912805
325913246,Yes,325913305,No,Yes,,325913246_325913305,325913305_325913246
325913305,No,325913246,Yes,Yes,,325913305_325913246,325913246_325913305
325914964,Yes,325915002,No,Yes,,325914964_325915002,325915002_325914964
325915002,No,325914964,Yes,Yes,,325915002_325914964,325914964_325915002
325925911,Yes,325925966,No,Yes,,325925911_325925966,325925966_325925911
325925966,No,325925911,Yes,Yes,,325925966_325925911,325925911_325925966
325925985,Yes,325926043,No,Yes,,325925985_325926043,325926043_325925985
325926043,No,325925985,Yes,Yes,,325926043_325925985,325925985_325926043
325926136,Yes,325926192,No,Yes,,325926136_325926192,325926192_325926136
325926192,No,325926136,Yes,Yes,,325926192_325926136,325926136_325926192
325926223,Yes,325926290,No,Yes,,325926223_325926290,325926290_325926223
325926290,No,325926223,Yes,Yes,,325926290_325926223,325926223_325926290
326027548,Yes,326027673,Yes,Yes,,326027548_326027673,326027673_326027548
326027673,Yes,326027548,Yes,Yes,,326027673_326027548,326027548_326027673
326073955,Yes,326074437,No,Yes,,326073955_326074437,326074437_326073955
326115354,Yes,326115355,Yes,Yes,,326115354_326115355,326115355_326115354
326115355,Yes,326115354,Yes,Yes,,326115355_326115354,326115354_326115355
326141727,Yes,326141918,Yes,Yes,,326141727_326141918,326141918_326141727
326141918,Yes,326141727,Yes,Yes,,326141918_326141727,326141727_326141918
326213758,Yes,326213833,No,Yes,,326213758_326213833,326213833_326213758
326253193,Yes,326253225,No,Yes,,326253193_326253225,326253225_326253193
326253236,Yes,326253251,No,Yes,,326253236_326253251,326253251_326253236
326272423,Yes,326272459,No,Yes,,326272423_326272459,326272459_326272423
326272459,No,326272423,Yes,Yes,,326272459_326272423,326272423_326272459
326484723,Yes,326484777,No,Yes,,326484723_326484777,326484777_326484723
326484777,No,326484723,Yes,Yes,,326484777_326484723,326484723_326484777
326501583,Yes,326501514,No,Yes,,326501583_326501514,326501514_326501583
326512441,Yes,326512441,Yes,Yes,,326512441_326512441,326512441_326512441
326562300,Yes,326562330,Yes,Yes,,326562300_326562330,326562330_326562300
326562330,Yes,326562300,Yes,Yes,,326562330_326562300,326562300_326562330
326810304,Yes,326810698,Yes,Yes,,326810304_326810698,326810698_326810304
326810698,Yes,326810304,Yes,Yes,,326810698_326810304,326810304_326810698
326876805,Yes,338027232,Yes,Yes,,326876805_338027232,338027232_326876805
327005470,Yes,327026666,No,Yes,,327005470_327026666,327026666_327005470
327007192,Yes,328098467,No,Yes,,327007192_328098467,328098467_327007192
327030861,Yes,327030905,No,Yes,,327030861_327030905,327030905_327030861
327030905,No,327030861,Yes,Yes,,327030905_327030861,327030861_327030905
327030923,Yes,327030995,No,Yes,,327030923_327030995,327030995_327030923
327040961,No,327040989,Yes,Yes,,327040961_327040989,327040989_327040961
327040989,Yes,327040961,No,Yes,,327040989_327040961,327040961_327040989
327076111,Yes,327076113,Yes,Yes,,327076111_327076113,327076113_327076111
327076113,Yes,327076111,Yes,Yes,,327076113_327076111,327076111_327076113
327099957,No,327215650,Yes,Yes,,327099957_327215650,327215650_327099957
327159183,Yes,327159179,No,Yes,,327159183_327159179,327159179_327159183
327160651,Yes,327160742,No,Yes,,327160651_327160742,327160742_327160651
327160742,No,327160651,Yes,Yes,,327160742_327160651,327160651_327160742
327205203,Yes,327205209,No,Yes,,327205203_327205209,327205209_327205203
327215650,Yes,327099957,No,Yes,,327215650_327099957,327099957_327215650
327445158,Yes,70704696,Yes,Yes,,327445158_70704696,70704696_327445158
327879788,Yes,327882839,No,Yes,,327879788_327882839,327882839_327879788
327970766,Yes,327970878,No,Yes,,327970766_327970878,327970878_327970766
327970878,No,327970766,Yes,Yes,,327970878_327970766,327970766_327970878
328005062,Yes,328005121,No,Yes,,328005062_328005121,328005121_328005062
328005121,No,328005062,Yes,Yes,,328005121_328005062,328005062_328005121
328091438,Yes,328091559,No,Yes,,328091438_328091559,328091559_328091438
328091559,No,328091438,Yes,Yes,,328091559_328091438,328091438_328091559
328098467,No,327007192,Yes,Yes,,328098467_327007192,327007192_328098467
328106011,Yes,328107305,No,Yes,,328106011_328107305,328107305_328106011
328106021,Yes,328107471,No,Yes,,328106021_328107471,328107471_328106021
328111594,Yes,328111658,No,Yes,,328111594_328111658,328111658_328111594
328111658,No,328111594,Yes,Yes,,328111658_328111594,328111594_328111658
328125677,Yes,328236427,No,Yes,,328125677_328236427,328236427_328125677
328131605,No,328131932,Yes,Yes,,328131605_328131932,328131932_328131605
328131932,Yes,328131605,No,Yes,,328131932_328131605,328131605_328131932
328136527,Yes,328136529,Yes,Yes,,328136527_328136529,328136529_328136527
328136529,Yes,328136527,Yes,Yes,,328136529_328136527,328136527_328136529
328136547,Yes,328137398,No,Yes,,328136547_328137398,328137398_328136547
328142885,No,309145894,No,Yes,,328142885_309145894,309145894_328142885
328196149,Yes,328196150,No,Yes,,328196149_328196150,328196150_328196149
328205563,Yes,328205715,No,Yes,,328205563_328205715,328205715_328205563
328205715,No,328205563,Yes,Yes,,328205715_328205563,328205563_328205715
328217871,Yes,328217995,No,Yes,,328217871_328217995,328217995_328217871
328221926,Yes,328221927,No,Yes,,328221926_328221927,328221927_328221926
328222221,Yes,328222382,Yes,Yes,,328222221_328222382,328222382_328222221
328222382,Yes,328222221,Yes,Yes,,328222382_328222221,328222221_328222382
328236427,No,328125677,Yes,Yes,,328236427_328125677,328125677_328236427
328251248,No,328251324,Yes,Yes,,328251248_328251324,328251324_328251248
328251324,Yes,328251248,No,Yes,,328251324_328251248,328251248_328251324
328293348,Yes,340334437,No,Yes,,328293348_340334437,340334437_328293348
328311588,Yes,328311924,No,Yes,,328311588_328311924,328311924_328311588
328417331,Yes,328418486,No,Yes,,328417331_328418486,328418486_328417331
328515684,Yes,328515921,No,Yes,,328515684_328515921,328515921_328515684
328566618,Yes,328566619,Yes,Yes,,328566618_328566619,328566619_328566618
328566619,Yes,328566618,Yes,Yes,,328566619_328566618,328566618_328566619
328566630,Yes,328569158,No,Yes,,328566630_328569158,328569158_328566630
328566653,Yes,328569526,No,Yes,,328566653_328569526,328569526_328566653
328612410,Yes,333463718,No,Yes,,328612410_333463718,333463718_328612410
328619754,Yes,328636719,No,Yes,,328619754_328636719,328636719_328619754
328681774,Yes,328685245,No,Yes,,328681774_328685245,328685245_328681774
328740206,No,328740205,No,Yes,,328740206_328740205,328740205_328740206
328837760,Yes,328837761,No,Yes,,328837760_328837761,328837761_328837760
328908456,Yes,328908861,No,Yes,,328908456_328908861,328908861_328908456
328937991,Yes,328937997,Yes,Yes,,328937991_328937997,328937997_328937991
328937997,Yes,328937991,Yes,Yes,,328937997_328937991,328937991_328937997
328991906,Yes,329025558,No,Yes,,328991906_329025558,329025558_328991906
329003978,Yes,329004063,No,Yes,,329003978_329004063,329004063_329003978
329004063,No,329003978,Yes,Yes,,329004063_329003978,329003978_329004063
329011555,No,329011557,Yes,Yes,,329011555_329011557,329011557_329011555
329011557,Yes,329011555,No,Yes,,329011557_329011555,329011555_329011557
329126626,Yes,329127013,No,Yes,,329126626_329127013,329127013_329126626
329133494,Yes,339045568,No,Yes,,329133494_339045568,339045568_329133494
329252320,Yes,329252521,No,Yes,,329252320_329252521,329252521_329252320
329254079,Yes,329254544,No,Yes,,329254079_329254544,329254544_329254079
329256556,Yes,315428026,Yes,Yes,,329256556_315428026,315428026_329256556
329476387,Yes,329476388,No,Yes,,329476387_329476388,329476388_329476387
329520902,Yes,329520949,No,Yes,,329520902_329520949,329520949_329520902
329580248,Yes,329580463,Yes,Yes,,329580248_329580463,329580463_329580248
329580463,Yes,329580463,Yes,Yes,,329580463_329580463,329580463_329580463
329600069,Yes,329600070,No,Yes,,329600069_329600070,329600070_329600069
329600070,No,329600069,Yes,Yes,,329600070_329600069,329600069_329600070
329608213,Yes,329608215,Yes,Yes,,329608213_329608215,329608215_329608213
329608215,Yes,329608213,Yes,Yes,,329608215_329608213,329608213_329608215
329712105,Yes,329712131,Yes,Yes,,329712105_329712131,329712131_329712105
329712131,Yes,329712105,Yes,Yes,,329712131_329712105,329712105_329712131
329820841,Yes,329820843,Yes,Yes,,329820841_329820843,329820843_329820841
329820843,Yes,329820841,Yes,Yes,,329820843_329820841,329820841_329820843
329956685,Yes,329956719,No,Yes,,329956685_329956719,329956719_329956685
330156324,Yes,330114506,No,Yes,,330156324_330114506,330114506_330156324
330275419,Yes,330275422,No,Yes,,330275419_330275422,330275422_330275419
330275420,Yes,330275422,No,Yes,,330275420_330275422,330275422_330275420
330275422,No,330275420,Yes,Yes,,330275422_330275420,330275420_330275422
330320886,Yes,330320887,No,Yes,,330320886_330320887,330320887_330320886
330320887,No,330320886,Yes,Yes,,330320887_330320886,330320886_330320887
330379006,No,330813263,No,Yes,,330379006_330813263,330813263_330379006
330389613,Yes,330389617,No,Yes,,330389613_330389617,330389617_330389613
330435349,Yes,330435276,No,Yes,,330435349_330435276,330435276_330435349
330639950,No,115495626,Yes,Yes,,330639950_115495626,115495626_330639950
330731881,Yes,330732079,No,Yes,,330731881_330732079,330732079_330731881
330765563,Yes,247858343,No,Yes,,330765563_247858343,247858343_330765563
330813263,No,330379006,No,Yes,,330813263_330379006,330379006_330813263
330856408,Yes,330856413,No,Yes,,330856408_330856413,330856413_330856408
330880849,Yes,330880853,No,Yes,,330880849_330880853,330880853_330880849
330880853,No,330880849,Yes,Yes,,330880853_330880849,330880849_330880853
330885936,Yes,330885938,No,Yes,,330885936_330885938,330885938_330885936
330955797,Yes,330955798,No,Yes,,330955797_330955798,330955798_330955797
330955799,Yes,330955800,No,Yes,,330955799_330955800,330955800_330955799
331325937,No,331326178,Yes,Yes,,331325937_331326178,331326178_331325937
331326178,Yes,331325937,No,Yes,,331326178_331325937,331325937_331326178
331371030,No,331495438,Yes,Yes,,331371030_331495438,331495438_331371030
331410645,Yes,331410646,No,Yes,,331410645_331410646,331410646_331410645
331436079,Yes,331436081,No,Yes,,331436079_331436081,331436081_331436079
331436081,No,331436079,Yes,Yes,,331436081_331436079,331436079_331436081
331440285,No,139811556,Yes,Yes,,331440285_139811556,139811556_331440285
331450972,Yes,331451454,Yes,Yes,,331450972_331451454,331451454_331450972
331451454,Yes,331450972,Yes,Yes,,331451454_331450972,331450972_331451454
331495438,Yes,331371030,No,Yes,,331495438_331371030,331371030_331495438
331632935,Yes,331632844,No,Yes,,331632935_331632844,331632844_331632935
331639041,Yes,331638967,No,Yes,,331639041_331638967,331638967_331639041
331669532,Yes,331669651,No,Yes,,331669532_331669651,331669651_331669532
331684530,No,337418658,No,Yes,,331684530_337418658,337418658_331684530
331752337,Yes,331752340,No,Yes,,331752337_331752340,331752340_331752337
331752340,No,331752337,Yes,Yes,,331752340_331752337,331752337_331752340
331831590,Yes,331831594,Yes,Yes,,331831590_331831594,331831594_331831590
331831594,Yes,331831590,Yes,Yes,,331831594_331831590,331831590_331831594
331903681,Yes,331903801,No,Yes,,331903681_331903801,331903801_331903681
331924147,No,339173039,No,Yes,,331924147_339173039,339173039_331924147
332027088,No,332582535,No,Yes,,332027088_332582535,332582535_332027088
332030443,Yes,332157650,No,Yes,,332030443_332157650,332157650_332030443
332157650,No,332030443,Yes,Yes,,332157650_332030443,332030443_332157650
332185233,Yes,332185248,Yes,Yes,,332185233_332185248,332185248_332185233
332185248,Yes,332185233,Yes,Yes,,332185248_332185233,332185233_332185248
332209996,Yes,332209997,Yes,Yes,,332209996_332209997,332209997_332209996
332209997,Yes,332209996,Yes,Yes,,332209997_332209996,332209996_332209997
332241462,Yes,332388266,No,Yes,,332241462_332388266,332388266_332241462
332250752,Yes,332250754,Yes,Yes,,332250752_332250754,332250754_332250752
332250754,Yes,332250752,Yes,Yes,,332250754_332250752,332250752_332250754
332298168,No,332298105,No,Yes,,332298168_332298105,332298105_332298168
332353703,Yes,332353793,No,Yes,,332353703_332353793,332353793_332353703
332363386,Yes,332363387,Yes,Yes,,332363386_332363387,332363387_332363386
332363387,Yes,332363386,Yes,Yes,,332363387_332363386,332363386_332363387
332443449,Yes,332443461,Yes,Yes,,332443449_332443461,332443461_332443449
332443461,Yes,332443449,Yes,Yes,,332443461_332443449,332443449_332443461
332473885,No,332473886,Yes,Yes,,332473885_332473886,332473886_332473885
332473886,Yes,332473885,No,Yes,,332473886_332473885,332473885_332473886
332479890,Yes,332480337,No,Yes,,332479890_332480337,332480337_332479890
332510914,No,332608421,Yes,Yes,,332510914_332608421,332608421_332510914
332574413,Yes,333823288,Yes,Yes,,332574413_333823288,333823288_332574413
332605718,Yes,332606027,No,Yes,,332605718_332606027,332606027_332605718
332608421,Yes,332510914,No,Yes,,332608421_332510914,332510914_332608421
332692731,Yes,332692732,Yes,Yes,,332692731_332692732,332692732_332692731
332692732,Yes,332692731,Yes,Yes,,332692732_332692731,332692731_332692732
332694510,Yes,332694256,No,Yes,,332694510_332694256,332694256_332694510
332696284,No,337887939,Yes,Yes,,332696284_337887939,337887939_332696284
332745533,Yes,335972890,No,Yes,,332745533_335972890,335972890_332745533
332921819,Yes,332921821,No,Yes,,332921819_332921821,332921821_332921819
332925307,Yes,333445270,No,Yes,,332925307_333445270,333445270_332925307
332941090,Yes,332941091,Yes,Yes,,332941090_332941091,332941091_332941090
332941091,Yes,332941090,Yes,Yes,,332941091_332941090,332941090_332941091
332946108,No,332946107,No,Yes,,332946108_332946107,332946107_332946108
333025396,Yes,313996192,Yes,Yes,,333025396_313996192,313996192_333025396
333076064,Yes,333076061,No,Yes,,333076064_333076061,333076061_333076064
333108795,Yes,333108793,No,Yes,,333108795_333108793,333108793_333108795
333121592,Yes,335169422,No,Yes,,333121592_335169422,335169422_333121592
333144263,Yes,279270198,Yes,Yes,,333144263_279270198,279270198_333144263
333293787,Yes,333659655,No,Yes,,333293787_333659655,333659655_333293787
333362784,Yes,333659654,No,Yes,,333362784_333659654,333659654_333362784
333491091,Yes,333491092,No,Yes,,333491091_333491092,333491092_333491091
333516780,Yes,333517135,Yes,Yes,,333516780_333517135,333517135_333516780
333517135,Yes,333516780,Yes,Yes,,333517135_333516780,333516780_333517135
333534613,Yes,340223926,No,Yes,,333534613_340223926,340223926_333534613
333581952,Yes,333581951,No,Yes,,333581952_333581951,333581951_333581952
333655915,Yes,333655918,No,Yes,,333655915_333655918,333655918_333655915
333664673,Yes,333664678,Yes,Yes,,333664673_333664678,333664678_333664673
333664678,Yes,333664673,Yes,Yes,,333664678_333664673,333664673_333664678
333664707,Yes,333664708,No,Yes,,333664707_333664708,333664708_333664707
333667788,No,333900157,No,Yes,,333667788_333900157,333900157_333667788
333691385,Yes,333691574,Yes,Yes,,333691385_333691574,333691574_333691385
333691574,Yes,333691385,Yes,Yes,,333691574_333691385,333691385_333691574
333709102,Yes,333709103,No,Yes,,333709102_333709103,333709103_333709102
333709103,No,333709102,Yes,Yes,,333709103_333709102,333709102_333709103
333709106,Yes,333709105,No,Yes,,333709106_333709105,333709105_333709106
333729313,No,333811009,No,Yes,,333729313_333811009,333811009_333729313
333811009,No,333729313,No,Yes,,333811009_333729313,333729313_333811009
333823288,Yes,332574413,Yes,Yes,,333823288_332574413,332574413_333823288
333844953,Yes,333844966,Yes,Yes,,333844953_333844966,333844966_333844953
333844966,Yes,333844953,Yes,Yes,,333844966_333844953,333844953_333844966
333876887,Yes,333882220,No,Yes,,333876887_333882220,333882220_333876887
333882220,No,333876887,Yes,Yes,,333882220_333876887,333876887_333882220
333987898,No,333988167,No,Yes,,333987898_333988167,333988167_333987898
333988167,No,333987898,No,Yes,,333988167_333987898,333987898_333988167
334018863,Yes,334018769,No,Yes,,334018863_334018769,334018769_334018863
334025380,Yes,334074798,No,Yes,,334025380_334074798,334074798_334025380
334079609,Yes,334080623,No,Yes,,334079609_334080623,334080623_334079609
334080623,No,334079609,Yes,Yes,,334080623_334079609,334079609_334080623
334124909,Yes,337604821,No,Yes,,334124909_337604821,337604821_334124909
334149289,Yes,334149484,No,Yes,,334149289_334149484,334149484_334149289
334186081,Yes,334186139,No,Yes,,334186081_334186139,334186139_334186081
334203356,Yes,334203668,No,Yes,,334203356_334203668,334203668_334203356
334273353,Yes,334551143,No,Yes,,334273353_334551143,334551143_334273353
334383812,Yes,334384183,Yes,Yes,,334383812_334384183,334384183_334383812
334384183,Yes,334383812,Yes,Yes,,334384183_334383812,334383812_334384183
334391543,Yes,334391547,No,Yes,,334391543_334391547,334391547_334391543
334391547,No,334391543,Yes,Yes,,334391547_334391543,334391543_334391547
334489231,No,334489228,No,Yes,,334489231_334489228,334489228_334489231
334555029,Yes,334560377,Yes,Yes,,334555029_334560377,334560377_334555029
334560377,Yes,334555029,Yes,Yes,,334560377_334555029,334555029_334560377
334579903,Yes,334579906,No,Yes,,334579903_334579906,334579906_334579903
334665942,Yes,334666480,No,Yes,,334665942_334666480,334666480_334665942
334666668,Yes,334675957,Yes,Yes,,334666668_334675957,334675957_334666668
334675957,Yes,334666668,Yes,Yes,,334675957_334666668,334666668_334675957
334676099,Yes,334676415,Yes,Yes,,334676099_334676415,334676415_334676099
334676415,Yes,334676099,Yes,Yes,,334676415_334676099,334676099_334676415
334758419,Yes,334758208,No,Yes,,334758419_334758208,334758208_334758419
335049285,Yes,335049273,No,Yes,,335049285_335049273,335049273_335049285
335051577,Yes,335051576,No,Yes,,335051577_335051576,335051576_335051577
335078640,Yes,335307504,No,Yes,,335078640_335307504,335307504_335078640
335127733,Yes,335127782,No,Yes,,335127733_335127782,335127782_335127733
335127782,No,335127733,Yes,Yes,,335127782_335127733,335127733_335127782
335233453,Yes,335231712,No,Yes,,335233453_335231712,335231712_335233453
335307504,No,335078640,Yes,Yes,,335307504_335078640,335078640_335307504
335308373,No,335078640,Yes,Yes,,335308373_335078640,335078640_335308373
335356566,Yes,335356564,No,Yes,,335356566_335356564,335356564_335356566
335390036,Yes,335390128,Yes,Yes,,335390036_335390128,335390128_335390036
335390128,Yes,335390036,Yes,Yes,,335390128_335390036,335390036_335390128
335448468,Yes,335448438,No,Yes,,335448468_335448438,335448438_335448468
335448806,No,335448807,Yes,Yes,,335448806_335448807,335448807_335448806
335448807,Yes,335448806,No,Yes,,335448807_335448806,335448806_335448807
335517051,Yes,335517052,Yes,Yes,,335517051_335517052,335517052_335517051
335517052,Yes,335517051,Yes,Yes,,335517052_335517051,335517051_335517052
335555354,Yes,335555353,No,Yes,,335555354_335555353,335555353_335555354
335556542,Yes,335556543,Yes,Yes,,335556542_335556543,335556543_335556542
335556543,Yes,335556542,Yes,Yes,,335556543_335556542,335556542_335556543
335557393,Yes,335557394,Yes,Yes,,335557393_335557394,335557394_335557393
335557394,Yes,335557393,Yes,Yes,,335557394_335557393,335557393_335557394
335652744,Yes,335652745,Yes,Yes,,335652744_335652745,335652745_335652744
335652745,Yes,335652744,Yes,Yes,,335652745_335652744,335652744_335652745
335652747,Yes,335652748,Yes,Yes,,335652747_335652748,335652748_335652747
335652748,Yes,335652747,Yes,Yes,,335652748_335652747,335652747_335652748
335663978,Yes,335665072,No,Yes,,335663978_335665072,335665072_335663978
335753188,Yes,335753189,No,Yes,,335753188_335753189,335753189_335753188
335782429,Yes,335816566,Yes,Yes,,335782429_335816566,335816566_335782429
335816566,Yes,335782429,Yes,Yes,,335816566_335782429,335782429_335816566
335851389,Yes,335851393,No,Yes,,335851389_335851393,335851393_335851389
335851400,Yes,335851401,No,Yes,,335851400_335851401,335851401_335851400
335862545,Yes,336157641,No,Yes,,335862545_336157641,336157641_335862545
335874769,Yes,335875191,No,Yes,,335874769_335875191,335875191_335874769
335917970,Yes,337725484,No,Yes,,335917970_337725484,337725484_335917970
335921564,Yes,335921566,No,Yes,,335921564_335921566,335921566_335921564
335921566,No,335921564,Yes,Yes,,335921566_335921564,335921564_335921566
335922490,Yes,335922491,No,Yes,,335922490_335922491,335922491_335922490
335922491,No,335922494,No,Yes,,335922491_335922494,335922494_335922491
335942687,Yes,335942688,Yes,Yes,,335942687_335942688,335942688_335942687
335942688,Yes,335942687,Yes,Yes,,335942688_335942687,335942687_335942688
335942779,Yes,335942780,Yes,Yes,,335942779_335942780,335942780_335942779
335942780,Yes,335942779,Yes,Yes,,335942780_335942779,335942779_335942780
335972890,No,332745533,Yes,Yes,,335972890_332745533,332745533_335972890
336053536,Yes,336053549,Yes,Yes,,336053536_336053549,336053549_336053536
336053549,Yes,336053536,Yes,Yes,,336053549_336053536,336053536_336053549
336103863,No,336103867,Yes,Yes,,336103863_336103867,336103867_336103863
336103867,Yes,336103863,No,Yes,,336103867_336103863,336103863_336103867
336103929,Yes,336103930,No,Yes,,336103929_336103930,336103930_336103929
336166205,No,336166210,Yes,Yes,,336166205_336166210,336166210_336166205
336166210,Yes,336166205,No,Yes,,336166210_336166205,336166205_336166210
336438705,No,336438706,No,Yes,,336438705_336438706,336438706_336438705
336438755,No,336438768,No,Yes,,336438755_336438768,336438768_336438755
336467344,Yes,337552855,No,Yes,,336467344_337552855,337552855_336467344
336492705,Yes,336492698,No,Yes,,336492705_336492698,336492698_336492705
336530176,Yes,336818104,No,Yes,,336530176_336818104,336818104_336530176
336622751,Yes,336622891,Yes,Yes,,336622751_336622891,336622891_336622751
336622891,Yes,336622751,Yes,Yes,,336622891_336622751,336622751_336622891
336627197,No,337264643,No,Yes,,336627197_337264643,337264643_336627197
336627366,Yes,337264407,No,Yes,,336627366_337264407,337264407_336627366
336627471,Yes,337264028,Yes,Yes,,336627471_337264028,337264028_336627471
336627585,No,337236813,No,Yes,,336627585_337236813,337236813_336627585
336628438,Yes,337229015,No,Yes,,336628438_337229015,337229015_336628438
336628480,Yes,337228868,No,Yes,,336628480_337228868,337228868_336628480
336628635,Yes,337228747,No,Yes,,336628635_337228747,337228747_336628635
336636911,No,337221532,No,Yes,,336636911_337221532,337221532_336636911
336644830,Yes,336645004,No,Yes,,336644830_336645004,336645004_336644830
336645004,No,336644830,Yes,Yes,,336645004_336644830,336644830_336645004
336738886,Yes,336738888,No,Yes,,336738886_336738888,336738888_336738886
336841985,Yes,336841997,Yes,Yes,,336841985_336841997,336841997_336841985
336841997,Yes,336841985,Yes,Yes,,336841997_336841985,336841985_336841997
336846305,Yes,336846304,No,Yes,,336846305_336846304,336846304_336846305
336887567,Yes,337885801,No,Yes,,336887567_337885801,337885801_336887567
336972358,Yes,336972484,No,Yes,,336972358_336972484,336972484_336972358
336972375,Yes,336972358,Yes,Yes,,336972375_336972358,336972358_336972375
337009215,Yes,337009218,No,Yes,,337009215_337009218,337009218_337009215
337009218,No,337009215,Yes,Yes,,337009218_337009215,337009215_337009218
337071348,No,337885958,Yes,Yes,,337071348_337885958,337885958_337071348
337089890,Yes,320957715,No,Yes,,337089890_320957715,320957715_337089890
337116113,Yes,186357210,Yes,Yes,,337116113_186357210,186357210_337116113
337127674,Yes,337128130,No,Yes,,337127674_337128130,337128130_337127674
337142159,Yes,337142163,No,Yes,,337142159_337142163,337142163_337142159
337149749,Yes,337217045,No,Yes,,337149749_337217045,337217045_337149749
337155069,Yes,337222411,No,Yes,,337155069_337222411,337222411_337155069
337173792,Yes,337174832,No,Yes,,337173792_337174832,337174832_337173792
337174832,No,337173792,Yes,Yes,,337174832_337173792,337173792_337174832
337202823,Yes,337202824,Yes,Yes,,337202823_337202824,337202824_337202823
337202824,Yes,337202823,Yes,Yes,,337202824_337202823,337202823_337202824
337203729,Yes,337203666,No,Yes,,337203729_337203666,337203666_337203729
337215659,Yes,337215658,No,Yes,,337215659_337215658,337215658_337215659
337217045,No,337149749,Yes,Yes,,337217045_337149749,337149749_337217045
337228730,No,337228730,No,Yes,,337228730_337228730,337228730_337228730
337229088,No,337228730,No,Yes,,337229088_337228730,337228730_337229088
337232321,Yes,337232592,No,Yes,,337232321_337232592,337232592_337232321
337236357,No,220170408,Yes,Yes,,337236357_220170408,220170408_337236357
337236813,No,336627585,No,Yes,,337236813_336627585,336627585_337236813
337264028,Yes,336627471,Yes,Yes,,337264028_336627471,336627471_337264028
337264407,No,336627366,Yes,Yes,,337264407_336627366,336627366_337264407
337264643,No,336627197,No,Yes,,337264643_336627197,336627197_337264643
337271445,Yes,138036589,Yes,Yes,,337271445_138036589,138036589_337271445
337323020,Yes,337324438,Yes,Yes,,337323020_337324438,337324438_337323020
337324438,Yes,337323020,Yes,Yes,,337324438_337323020,337323020_337324438
337331319,No,304035326,No,Yes,,337331319_304035326,304035326_337331319
337351646,Yes,305813740,No,Yes,,337351646_305813740,305813740_337351646
337351923,No,304973784,No,Yes,,337351923_304973784,304973784_337351923
337353746,Yes,337354201,Yes,Yes,,337353746_337354201,337354201_337353746
337354201,Yes,337353746,Yes,Yes,,337354201_337353746,337353746_337354201
337355178,Yes,337357346,Yes,Yes,,337355178_337357346,337357346_337355178
337357273,Yes,337681930,Yes,Yes,,337357273_337681930,337681930_337357273
337357346,Yes,337355178,Yes,Yes,,337357346_337355178,337355178_337357346
337394642,Yes,303775705,Yes,Yes,,337394642_303775705,303775705_337394642
337418658,No,331684530,No,Yes,,337418658_331684530,331684530_337418658
337434488,Yes,300545182,Yes,Yes,,337434488_300545182,300545182_337434488
337440647,Yes,204955976,Yes,Yes,,337440647_204955976,204955976_337440647
337444712,No,186719456,No,Yes,,337444712_186719456,186719456_337444712
337444808,Yes,337444809,No,Yes,,337444808_337444809,337444809_337444808
337445914,No,178238331,Yes,Yes,,337445914_178238331,178238331_337445914
337446713,No,169797067,Yes,Yes,,337446713_169797067,169797067_337446713
337446958,Yes,228723012,No,Yes,,337446958_228723012,228723012_337446958
337472644,Yes,337472645,Yes,Yes,,337472644_337472645,337472645_337472644
337472645,Yes,337472644,Yes,Yes,,337472645_337472644,337472644_337472645
337502932,Yes,289383325,No,Yes,,337502932_289383325,289383325_337502932
337504412,No,287402160,Yes,Yes,,337504412_287402160,287402160_337504412
337566289,Yes,337565404,No,Yes,,337566289_337565404,337565404_337566289
337582265,Yes,337583442,No,Yes,,337582265_337583442,337583442_337582265
337594547,Yes,337594548,No,Yes,,337594547_337594548,337594548_337594547
337594548,No,337594547,Yes,Yes,,337594548_337594547,337594547_337594548
337594549,Yes,337594551,Yes,Yes,,337594549_337594551,337594551_337594549
337594551,Yes,337594549,Yes,Yes,,337594551_337594549,337594549_337594551
337600640,Yes,337600645,No,Yes,,337600640_337600645,337600645_337600640
337600641,Yes,337600645,No,Yes,,337600641_337600645,337600645_337600641
337600645,No,337600641,Yes,Yes,,337600645_337600641,337600641_337600645
337604819,Yes,337604821,No,Yes,,337604819_337604821,337604821_337604819
337604821,No,334124909,Yes,Yes,,337604821_334124909,334124909_337604821
337606241,Yes,337606242,No,Yes,,337606241_337606242,337606242_337606241
337606242,No,337606241,Yes,Yes,,337606242_337606241,337606241_337606242
337606338,Yes,337606336,No,Yes,,337606338_337606336,337606336_337606338
337606343,Yes,337606345,No,Yes,,337606343_337606345,337606345_337606343
337610668,No,337610669,Yes,Yes,,337610668_337610669,337610669_337610668
337610669,Yes,337610668,No,Yes,,337610669_337610668,337610668_337610669
337610679,Yes,337610681,Yes,Yes,,337610679_337610681,337610681_337610679
337610681,Yes,337610679,Yes,Yes,,337610681_337610679,337610679_337610681
337610708,Yes,337610706,No,Yes,,337610708_337610706,337610706_337610708
337610713,Yes,337610714,No,Yes,,337610713_337610714,337610714_337610713
337610714,No,337610713,Yes,Yes,,337610714_337610713,337610713_337610714
337610724,Yes,337610725,Yes,Yes,,337610724_337610725,337610725_337610724
337610725,Yes,337610724,Yes,Yes,,337610725_337610724,337610724_337610725
337610731,Yes,337610729,No,Yes,,337610731_337610729,337610729_337610731
337613554,Yes,337613594,No,Yes,,337613554_337613594,337613594_337613554
337632541,Yes,337632538,No,Yes,,337632541_337632538,337632538_337632541
337632555,Yes,337632558,Yes,Yes,,337632555_337632558,337632558_337632555
337632558,Yes,337632555,Yes,Yes,,337632558_337632555,337632555_337632558
337636334,Yes,337636337,Yes,Yes,,337636334_337636337,337636337_337636334
337636337,Yes,337636334,Yes,Yes,,337636337_337636334,337636334_337636337
337636352,Yes,337636353,No,Yes,,337636352_337636353,337636353_337636352
337637954,Yes,337637953,No,Yes,,337637954_337637953,337637953_337637954
337650530,Yes,337650531,No,Yes,,337650530_337650531,337650531_337650530
337664743,Yes,337664745,No,Yes,,337664743_337664745,337664745_337664743
337674147,Yes,337674286,No,Yes,,337674147_337674286,337674286_337674147
337681930,Yes,337357273,Yes,Yes,,337681930_337357273,337357273_337681930
337694352,Yes,337824591,No,Yes,,337694352_337824591,337824591_337694352
337705477,Yes,337705478,No,Yes,,337705477_337705478,337705478_337705477
337707312,Yes,337707313,No,Yes,,337707312_337707313,337707313_337707312
337707313,No,337707312,Yes,Yes,,337707313_337707312,337707312_337707313
337712373,Yes,337712375,No,Yes,,337712373_337712375,337712375_337712373
337712375,No,337712373,Yes,Yes,,337712375_337712373,337712373_337712375
337712393,Yes,337712397,No,Yes,,337712393_337712397,337712397_337712393
337712454,No,337712453,No,Yes,,337712454_337712453,337712453_337712454
337712476,Yes,337712477,No,Yes,,337712476_337712477,337712477_337712476
337712489,Yes,337712494,No,Yes,,337712489_337712494,337712494_337712489
337712493,Yes,337712499,No,Yes,,337712493_337712499,337712499_337712493
337712499,No,337712493,Yes,Yes,,337712499_337712493,337712493_337712499
337713466,Yes,337724431,No,Yes,,337713466_337724431,337724431_337713466
337716082,Yes,337716094,Yes,Yes,,337716082_337716094,337716094_337716082
337716094,Yes,337716082,Yes,Yes,,337716094_337716082,337716082_337716094
337725484,No,335917970,Yes,Yes,,337725484_335917970,335917970_337725484
337760104,Yes,337760132,Yes,Yes,,337760104_337760132,337760132_337760104
337760132,Yes,337760104,Yes,Yes,,337760132_337760104,337760104_337760132
337861974,Yes,337861976,Yes,Yes,,337861974_337861976,337861976_337861974
337861976,Yes,337861974,Yes,Yes,,337861976_337861974,337861974_337861976
337885801,No,336887567,Yes,Yes,,337885801_336887567,336887567_337885801
337885958,Yes,337071348,No,Yes,,337885958_337071348,337071348_337885958
337887939,Yes,332696284,No,Yes,,337887939_332696284,332696284_337887939
337995289,Yes,337995387,No,Yes,,337995289_337995387,337995387_337995289
338007030,Yes,338007031,No,Yes,,338007030_338007031,338007031_338007030
338007031,No,338007030,Yes,Yes,,338007031_338007030,338007030_338007031
338009233,Yes,107079816,Yes,Yes,,338009233_107079816,107079816_338009233
338026678,Yes,324398551,No,Yes,,338026678_324398551,324398551_338026678
338027232,Yes,326876805,Yes,Yes,,338027232_326876805,326876805_338027232
338027874,No,325585870,Yes,Yes,,338027874_325585870,325585870_338027874
338031190,Yes,281145211,Yes,Yes,,338031190_281145211,281145211_338031190
338034774,Yes,338034947,No,Yes,,338034774_338034947,338034947_338034774
338034947,No,338034774,Yes,Yes,,338034947_338034774,338034774_338034947
338069397,Yes,338069502,No,Yes,,338069397_338069502,338069502_338069397
338165541,Yes,338165583,Yes,Yes,,338165541_338165583,338165583_338165541
338165583,Yes,338165541,Yes,Yes,,338165583_338165541,338165541_338165583
338166164,Yes,338166165,Yes,Yes,,338166164_338166165,338166165_338166164
338166165,Yes,338166164,Yes,Yes,,338166165_338166164,338166164_338166165
338175830,Yes,338176241,No,Yes,,338175830_338176241,338176241_338175830
338206231,Yes,338206230,No,Yes,,338206231_338206230,338206230_338206231
338316962,No,240062609,No,Yes,,338316962_240062609,240062609_338316962
338332892,Yes,338332896,No,Yes,,338332892_338332896,338332896_338332892
338332901,Yes,338332900,No,Yes,,338332901_338332900,338332900_338332901
338354236,Yes,338354233,No,Yes,,338354236_338354233,338354233_338354236
338431251,Yes,338431185,No,Yes,,338431251_338431185,338431185_338431251
338453399,Yes,19631162,Yes,Yes,,338453399_19631162,19631162_338453399
338462037,Yes,127725156,Yes,Yes,,338462037_127725156,127725156_338462037
338486790,Yes,338491629,Yes,Yes,,338486790_338491629,338491629_338486790
338486970,Yes,338491637,Yes,Yes,,338486970_338491637,338491637_338486970
338491629,Yes,338486790,Yes,Yes,,338491629_338486790,338486790_338491629
338491637,Yes,338486970,Yes,Yes,,338491637_338486970,338486970_338491637
338541959,Yes,338580394,No,Yes,,338541959_338580394,338580394_338541959
338562942,Yes,191151231,Yes,Yes,,338562942_191151231,191151231_338562942
338569655,No,127019661,Yes,Yes,,338569655_127019661,127019661_338569655
338721108,No,338721108,No,Yes,,338721108_338721108,338721108_338721108
338745055,Yes,338745215,No,Yes,,338745055_338745215,338745215_338745055
338751788,No,338751778,No,Yes,,338751788_338751778,338751778_338751788
338755768,Yes,338756748,No,Yes,,338755768_338756748,338756748_338755768
338755769,Yes,338757230,No,Yes,,338755769_338757230,338757230_338755769
338759072,Yes,318400266,Yes,Yes,,338759072_318400266,318400266_338759072
338761023,Yes,24884478,No,Yes,,338761023_24884478,24884478_338761023
338762379,Yes,338529736,No,Yes,,338762379_338529736,338529736_338762379
338801663,Yes,338801687,No,Yes,,338801663_338801687,338801687_338801663
338838643,Yes,338813712,No,Yes,,338838643_338813712,338813712_338838643
338845282,Yes,338845442,No,Yes,,338845282_338845442,338845442_338845282
338846557,Yes,338813712,No,Yes,,338846557_338813712,338813712_338846557
338848951,Yes,338848926,No,Yes,,338848951_338848926,338848926_338848951
338924205,Yes,338924204,No,Yes,,338924205_338924204,338924204_338924205
338949235,Yes,338949241,No,Yes,,338949235_338949241,338949241_338949235
338960783,Yes,338960784,No,Yes,,338960783_338960784,338960784_338960783
338960784,No,338960783,Yes,Yes,,338960784_338960783,338960783_338960784
339047738,Yes,339048219,No,Yes,,339047738_339048219,339048219_339047738
339089145,Yes,182867390,No,Yes,,339089145_182867390,182867390_339089145
339094010,Yes,6455091,No,Yes,,339094010_6455091,6455091_339094010
339128163,Yes,339128162,No,Yes,,339128163_339128162,339128162_339128163
339128187,Yes,339128191,Yes,Yes,,339128187_339128191,339128191_339128187
339128191,Yes,339128187,Yes,Yes,,339128191_339128187,339128187_339128191
339128282,Yes,339128280,No,Yes,,339128282_339128280,339128280_339128282
339168613,Yes,339168612,No,Yes,,339168613_339168612,339168612_339168613
339173039,No,331924147,No,Yes,,339173039_331924147,331924147_339173039
339187881,No,199317751,Yes,Yes,,339187881_199317751,199317751_339187881
339189573,Yes,197878329,Yes,Yes,,339189573_197878329,197878329_339189573
339197557,Yes,245196635,No,Yes,,339197557_245196635,245196635_339197557
339225579,Yes,339226187,No,Yes,,339225579_339226187,339226187_339225579
339413099,Yes,339413207,Yes,Yes,,339413099_339413207,339413207_339413099
339413207,Yes,339413099,Yes,Yes,,339413207_339413099,339413099_339413207
339447471,Yes,339447019,No,Yes,,339447471_339447019,339447019_339447471
339484966,Yes,26894842,No,Yes,,339484966_26894842,26894842_339484966
339530410,No,339530504,No,Yes,,339530410_339530504,339530504_339530410
339576790,Yes,339576689,No,Yes,,339576790_339576689,339576689_339576790
339632321,Yes,315941103,Yes,Yes,,339632321_315941103,315941103_339632321
339633540,Yes,339633536,No,Yes,,339633540_339633536,339633536_339633540
339799625,Yes,281175280,No,Yes,,339799625_281175280,281175280_339799625
339908235,Yes,63847586,No,Yes,,339908235_63847586,63847586_339908235
339919588,No,339915723,No,Yes,,339919588_339915723,339915723_339919588
339945807,Yes,339946042,No,Yes,,339945807_339946042,339946042_339945807
339948077,Yes,339948123,Yes,Yes,,339948077_339948123,339948123_339948077
339948123,Yes,339948077,Yes,Yes,,339948123_339948077,339948077_339948123
339990356,Yes,339988814,No,Yes,,339990356_339988814,339988814_339990356
339993293,No,339993526,Yes,Yes,,339993293_339993526,339993526_339993293
339993526,Yes,339993293,No,Yes,,339993526_339993293,339993293_339993526
340035133,Yes,340035665,No,Yes,,340035133_340035665,340035665_340035133
340035665,No,340035133,Yes,Yes,,340035665_340035133,340035133_340035665
340042963,Yes,204952000,Yes,Yes,,340042963_204952000,204952000_340042963
340114984,Yes,340115097,No,Yes,,340114984_340115097,340115097_340114984
340115097,No,340114984,Yes,Yes,,340115097_340114984,340114984_340115097
340122341,Yes,340122342,No,Yes,,340122341_340122342,340122342_340122341
340147007,Yes,340147022,Yes,Yes,,340147007_340147022,340147022_340147007
340147022,Yes,340147007,Yes,Yes,,340147022_340147007,340147007_340147022
340152756,Yes,340152977,No,Yes,,340152756_340152977,340152977_340152756
340152977,No,340152756,Yes,Yes,,340152977_340152756,340152756_340152977
340201729,Yes,340202173,No,Yes,,340201729_340202173,340202173_340201729
340263466,Yes,340263454,No,Yes,,340263466_340263454,340263454_340263466
340271186,Yes,340271239,Yes,Yes,,340271186_340271239,340271239_340271186
340271239,Yes,340271186,Yes,Yes,,340271239_340271186,340271186_340271239
340304697,Yes,340304769,No,Yes,,340304697_340304769,340304769_340304697
340326193,No,340326194,No,Yes,,340326193_340326194,340326194_340326193
340326194,No,340326193,No,Yes,,340326194_340326193,340326193_340326194
340337296,Yes,296427700,Yes,Yes,,340337296_296427700,296427700_340337296
340337865,Yes,296427700,Yes,Yes,,340337865_296427700,296427700_340337865
340364592,Yes,340365106,No,Yes,,340364592_340365106,340365106_340364592
340368188,Yes,340367747,No,Yes,,340368188_340367747,340367747_340368188
340514309,Yes,340514310,Yes,Yes,,340514309_340514310,340514310_340514309
340514310,Yes,340514309,Yes,Yes,,340514310_340514309,340514309_340514310
340542613,No,340542614,No,Yes,,340542613_340542614,340542614_340542613
340722576,No,340722577,No,Yes,,340722576_340722577,340722577_340722576
340722577,No,340722576,No,Yes,,340722577_340722576,340722576_340722577
340825934,Yes,340827355,No,Yes,,340825934_340827355,340827355_340825934
340848497,Yes,340848415,No,Yes,,340848497_340848415,340848415_340848497
340848514,Yes,340848415,No,Yes,,340848514_340848415,340848415_340848514
340848746,Yes,340848415,No,Yes,,340848746_340848415,340848415_340848746
340891948,No,174225580,Yes,Yes,,340891948_174225580,174225580_340891948
341011035,Yes,341186087,No,Yes,,341011035_341186087,341186087_341011035
341060248,Yes,303790480,Yes,Yes,,341060248_303790480,303790480_341060248
341060278,Yes,303790022,Yes,Yes,,341060278_303790022,303790022_341060278
341067936,Yes,341067932,No,Yes,,341067936_341067932,341067932_341067936
