observation_id,obs_match,partner_id,par_match,From Dataset,no_partner_ids
10686,No,1766953,No,No,341194952
414645,No,414707,No,Yes,340433312
414707,No,414645,No,Yes,340394115
465679,No,66466718,No,Yes,340261882
509046,No,66466454,No,Yes,340178684
518909,Yes,66466205,No,Yes,340032293
526854,No,66465985,No,Yes,339988554
608490,Yes,66465198,No,Yes,339965719
613295,No,66465198,No,Yes,338955864
613368,Yes,66464630,No,Yes,338572816
613370,Yes,66464171,No,Yes,338572814
673967,Yes,103137514,Yes,Yes,338262521
746116,Yes,66463516,No,Yes,338041950
768014,No,66463381,No,No,337589064
768088,No,66463116,No,No,337535694
785661,Yes,66462946,No,Yes,337302179
855273,Yes,66517113,No,Yes,337302175
855273,Yes,67665745,No,Yes,337302172
855282,Yes,66458766,No,Yes,337302171
859795,No,66462095,No,Yes,337302170
859818,No,66462095,No,No,337302168
890705,Yes,66458394,No,Yes,337285510
890716,No,66458238,No,No,337114587
893936,Yes,894002,No,Yes,337063055
894002,No,893936,Yes,Yes,337060870
913990,No,66420608,No,No,336590992
913998,No,66420608,No,No,336522878
1031674,Yes,1031679,No,Yes,336269939
1031679,No,1031674,Yes,Yes,336128756
1031728,Yes,1031726,No,Yes,335712937
1055931,No,66420288,No,No,335611421
1059442,Yes,1059454,Yes,Yes,335611213
1059454,Yes,1059442,Yes,Yes,334569592
1068273,No,66419503,Yes,Yes,334489227
1068300,Yes,66419503,Yes,Yes,334290701
1068463,Yes,11065591,No,Yes,333946575
1120591,Yes,74724598,No,Yes,333889171
1126540,No,22363205,No,No,333889030
1133892,Yes,74724395,No,Yes,333880750
1133932,No,11084042,No,No,333832708
1135272,Yes,66419028,No,Yes,333823041
1214196,Yes,66419742,No,Yes,333740956
1361255,No,74716276,No,No,333707468
1480375,Yes,66416214,No,Yes,333588688
1480419,Yes,66416266,No,Yes,333554034
1495497,No,66517113,No,No,333534633
1495497,No,67665745,No,No,333500776
1515651,No,66415616,No,No,333115231
1541560,No,66413452,Yes,Yes,333059160
1541573,Yes,28163775,No,Yes,333012372
1542113,No,66413287,No,No,332890719
1560560,Yes,73591486,No,Yes,332890716
1560782,Yes,40576956,No,Yes,332787693
1564429,Yes,66413110,No,Yes,332380782
1766953,No,10686,No,No,331944746
1850681,No,66412888,No,No,331917127
2379770,No,28163598,No,No,331903104
2425593,Yes,2425738,Yes,Yes,331849813
2425738,Yes,66412290,No,Yes,331383823
2455375,No,66365196,No,No,330315874
2468959,No,28545358,Yes,No,329649237
2468967,Yes,28545358,Yes,Yes,328932055
2498470,No,91934044,No,No,328206641
2656722,No,2656724,No,No,328200437
2656724,No,2656722,No,No,328200434
2660716,No,244948769,No,No,326367157
2700865,No,2700869,No,No,326367154
2700869,No,2700865,No,No,326367144
3013721,No,10960412,Yes,Yes,326214114
3174469,Yes,66411306,No,Yes,325507092
3295191,No,3295226,No,No,323951991
3295226,No,3295191,No,No,323795572
3316348,Yes,20827247,No,Yes,323795569
3331285,No,66410426,No,No,323795567
3572546,No,243148026,No,No,323795566
3661794,Yes,66410231,No,Yes,323795549
3891537,No,66410007,No,No,323795542
4013888,No,243145704,No,No,323795528
4150874,Yes,13177701,No,Yes,323795516
4198630,Yes,66409844,No,Yes,323795511
4198647,Yes,66409844,No,Yes,323795509
4207150,No,243149232,No,No,323666998
4311650,Yes,19585966,No,Yes,323666972
4439648,No,66409288,No,No,323666971
4439691,Yes,66409288,No,Yes,323666966
4529334,Yes,67336811,No,Yes,323666948
4616510,No,66409288,No,Yes,323604224
4683091,No,11251463,No,Yes,323602040
4706757,Yes,4706758,Yes,Yes,323492700
4706758,Yes,4706757,Yes,Yes,323392636
4826509,No,43061684,No,No,323080139
4826551,No,66408456,No,Yes,322973942
4924430,No,66408258,No,No,322575335
4977020,Yes,4977021,Yes,Yes,322488107
4977021,Yes,4977020,Yes,Yes,322342886
5020575,Yes,5020579,Yes,Yes,322297428
5020579,Yes,5020575,Yes,Yes,321769363
5064766,Yes,5064767,No,Yes,321768680
5064767,No,5064766,Yes,Yes,321576569
5128044,No,5128057,No,Yes,321297527
5128057,No,5128044,No,No,320670653
5694006,No,5716786,No,No,320156280
5716786,No,5694006,No,No,319704471
6048862,Yes,6048799,No,Yes,319269043
6181749,Yes,6181752,No,Yes,318881382
6181752,No,6181749,Yes,No,318531447
6455091,No,339094010,Yes,No,318531444
6547777,Yes,6547967,No,Yes,318344323
6547967,No,6547777,Yes,Yes,318344322
6579590,No,243161513,No,No,318344320
6653565,No,66374547,Yes,Yes,318344316
6654045,Yes,66368233,No,Yes,318344312
6925315,Yes,346264485,No,Yes,316752723
6970258,No,6970344,Yes,Yes,316451558
6970344,Yes,6970258,No,Yes,316417494
7069541,No,8345572,No,No,315510754
7080377,No,340988877,No,Yes,315279908
7118034,Yes,145217567,Yes,Yes,314966052
7267929,Yes,7267930,Yes,Yes,314965610
7267930,Yes,7267929,Yes,Yes,314956568
7273981,Yes,188690574,Yes,Yes,314956565
7351973,No,243139864,No,No,314940624
7871131,No,7871201,No,No,314642970
7871201,No,7871131,No,No,314610115
7945436,Yes,7945437,No,Yes,314579796
7945437,No,7945436,Yes,No,314361275
8141947,Yes,28851083,Yes,Yes,314361271
8345572,No,7069541,No,No,314310600
8387435,Yes,131337492,No,Yes,314301516
8402905,No,8456770,No,No,313876706
8412455,No,74716276,No,No,312757090
8456770,No,8402905,No,No,311771676
8555135,Yes,31535775,No,Yes,311607120
8555161,Yes,31535775,No,Yes,311236147
8555175,Yes,31535775,No,Yes,311196144
8653677,No,66368233,No,No,311141612
8691364,No,8691352,No,Yes,310449567
8816604,No,242845507,No,No,309858944
8816667,No,242840859,No,No,309657552
8836272,No,8836294,Yes,Yes,309657550
8836272,No,8836285,Yes,Yes,309434042
8836285,Yes,8836272,No,Yes,309325275
8836294,Yes,8836272,No,Yes,309065803
8837836,No,8837880,No,No,309040974
8837880,No,8837836,No,Yes,309040949
8839634,Yes,58530763,No,Yes,308988660
8873609,No,8873618,Yes,Yes,308107971
8873618,Yes,8873609,No,Yes,307858555
8909987,No,8909988,No,No,307834163
8909988,No,8909987,No,No,307827905
8953281,No,66373220,No,No,306646297
9029586,No,9029726,No,No,306610261
9029726,No,9029586,No,Yes,306527112
9122049,No,189589216,No,Yes,306194222
9319352,Yes,9319390,No,Yes,306147008
9319390,No,9319352,Yes,Yes,306129976
9348478,Yes,9348479,Yes,Yes,306050485
9348479,Yes,9348478,Yes,Yes,305440788
9459167,No,9459512,Yes,Yes,305330970
9459167,No,9459405,Yes,Yes,305248599
9459405,Yes,9459167,No,Yes,304882448
9459512,Yes,9459167,No,Yes,303618072
9517655,Yes,89768239,No,Yes,303043348
9522897,No,9522909,No,No,302590565
9522909,No,9522897,No,No,302590564
9537171,No,9537173,Yes,No,302489428
9537173,Yes,9537171,No,Yes,301940886
9613319,No,9613322,No,No,301804098
9613322,No,9613319,No,Yes,301542958
9692012,No,9692033,No,No,301205306
9692033,No,9692012,No,No,299710138
9715130,No,9904574,No,No,299613787
9834684,Yes,66509279,No,Yes,299101804
9838468,No,9838470,Yes,No,298849453
9838470,Yes,9838468,No,Yes,298439201
9863697,Yes,9863711,Yes,Yes,298421266
9863711,Yes,9863697,Yes,Yes,298352879
9867536,No,66372280,No,Yes,298178561
9878001,Yes,66372180,No,Yes,298066733
9884371,Yes,9884260,No,Yes,297975654
9904574,No,9715130,No,Yes,297908719
9930991,Yes,66371922,No,Yes,297821644
9964169,No,9964178,No,Yes,297482407
9976884,No,66371811,No,Yes,297339804
10003229,Yes,66371739,No,Yes,297010925
10029654,No,10041811,No,No,296965821
10041811,No,10029654,No,No,296949971
10042362,Yes,66371463,No,Yes,296764034
10100279,No,10110571,No,No,295998008
10110571,No,10100279,No,No,295994285
10155097,Yes,10155098,No,Yes,295994278
10155098,No,10155097,Yes,No,295994274
10248122,Yes,10248124,No,Yes,294641559
10309167,Yes,10309216,No,Yes,294487673
10309216,No,10309167,Yes,No,293747774
10317797,Yes,10317798,Yes,Yes,293498632
10317798,Yes,10317797,Yes,Yes,291600833
10443455,No,10443482,Yes,No,291533722
10443482,Yes,10443455,No,Yes,291009479
10798943,No,10798942,No,No,290369368
10960123,No,10960412,Yes,No,290347942
10960412,Yes,3013721,No,Yes,289799235
10973513,No,66464171,No,Yes,288619986
10973541,No,66464171,No,No,288126839
10986794,Yes,10986817,No,Yes,287263147
10986817,No,10986794,Yes,No,286974934
11018377,Yes,11018383,Yes,Yes,286676941
11018383,Yes,11018377,Yes,Yes,286219823
11038627,No,66511689,No,No,285954278
11052821,No,74716276,No,No,285868929
11062359,No,74723977,No,No,285524996
11065591,No,1068463,Yes,No,285308541
11074133,No,11074145,No,No,284894026
11074145,No,11074133,No,No,282319904
11086957,Yes,11137126,No,Yes,281960206
11100580,No,66418812,No,No,281387537
11111443,No,28163598,No,No,280240859
11145464,No,66412784,No,No,279605894
11161551,No,11161923,No,No,277710262
11161568,No,43061684,No,No,277225238
11161923,No,11161551,No,No,276923661
11170366,No,11170752,No,No,276201799
11170752,No,11170366,No,No,275379114
11212609,Yes,11212629,No,Yes,275379098
11212629,No,11212609,Yes,No,274806496
11235252,No,66409546,No,Yes,274743112
11236942,Yes,11236972,No,Yes,273318688
11236972,No,11236942,Yes,No,273215067
11241828,No,11241837,No,Yes,272918858
11241837,No,11243067,No,No,272412885
11241837,No,11243064,Yes,No,272360609
11241837,No,11241828,No,No,272187103
11243064,Yes,11241837,No,Yes,272178008
11243067,No,11241837,No,No,272005373
11251463,No,4683091,No,No,271228089
11252870,Yes,11252885,Yes,Yes,271162461
11252885,Yes,11252870,Yes,Yes,271162440
11254099,No,73288373,Yes,No,271162434
11296008,Yes,11296022,No,Yes,271162407
11296022,No,11296008,Yes,No,269707033
11380928,Yes,70940574,No,Yes,269576608
11436874,Yes,10503314,No,Yes,269576598
12109806,No,19970520,Yes,No,269468635
12152382,Yes,12180961,Yes,Yes,269468634
12180961,Yes,12152382,Yes,Yes,269441149
12192407,Yes,79527725,No,Yes,269404152
12248949,Yes,12248950,No,Yes,268072225
12248950,No,12248949,Yes,Yes,268068992
12423946,Yes,12423948,Yes,Yes,267553283
12423948,Yes,12423946,Yes,Yes,267496654
12424336,No,12424335,No,Yes,267309706
12713850,No,12713851,Yes,No,267201467
12713851,Yes,12713850,No,Yes,267079659
12799736,Yes,12799131,No,Yes,267022336
12833153,Yes,12833171,No,Yes,266914721
12833171,No,12833153,Yes,Yes,266204281
13054939,No,13054943,No,Yes,266204278
13054943,No,13054939,No,Yes,266076068
13243479,No,13243478,No,No,265624911
13339379,Yes,13339396,No,Yes,265466247
13339396,No,13339379,Yes,No,264953671
13341112,No,13362711,No,No,264844044
13362711,No,13341112,No,No,264169115
13376691,Yes,13376692,No,Yes,264160871
13376692,No,13376691,Yes,Yes,264140628
13454032,Yes,13454098,No,Yes,264104786
13454098,No,13454032,Yes,Yes,264095006
13465172,No,170522151,Yes,No,264095005
13466688,No,13466689,Yes,Yes,264094398
13466689,Yes,13466688,No,Yes,264094392
13658828,Yes,69384807,No,Yes,264093842
13659253,Yes,70940471,No,Yes,264093837
13671361,Yes,70940395,No,Yes,263965551
13671629,Yes,21244313,Yes,Yes,263804642
13671742,Yes,70940001,No,Yes,263790698
13672038,Yes,45126488,No,Yes,263506262
13674014,Yes,70939902,No,Yes,263467894
13896077,Yes,70939804,No,Yes,263465799
13896094,Yes,70939768,No,Yes,263361738
14149750,Yes,14149902,Yes,Yes,263305759
14149902,Yes,14149750,Yes,Yes,263301985
14315471,Yes,70939654,No,Yes,263244646
14479871,No,188697268,Yes,No,263147038
14479873,No,188697608,Yes,No,263078785
14774517,No,14774518,Yes,Yes,263072838
14774518,Yes,14774517,No,Yes,263070531
14844443,No,14844445,No,No,262818937
14844445,No,14844443,No,No,262818935
15062351,Yes,254453746,Yes,Yes,262818934
15068248,No,66137135,No,Yes,262810696
15166420,Yes,66136865,No,Yes,262670769
15213348,Yes,15213349,Yes,Yes,262670760
15213349,Yes,15213348,Yes,Yes,261993676
15283784,Yes,212173299,No,Yes,261837733
15338360,Yes,15338361,Yes,Yes,261718737
15338361,Yes,15338360,Yes,Yes,261565880
15415677,Yes,225698071,No,Yes,260987224
15448018,Yes,66136549,No,Yes,260910810
16271597,No,243159868,No,No,260867242
17025639,Yes,70351555,No,Yes,260473984
17222610,No,17232666,No,No,260224269
17232666,No,17222610,No,No,260168357
17397457,No,17397637,No,No,259973898
17397637,No,17397457,No,No,259965044
17397695,No,17397697,No,Yes,259900329
17471940,Yes,17471942,No,Yes,259885586
17471942,No,17471940,Yes,Yes,259274641
17640824,Yes,31535775,No,Yes,259199276
17641370,Yes,31535775,No,Yes,258923591
17775476,No,17775475,No,Yes,258923527
17967539,Yes,116864512,No,Yes,258923353
18141580,No,18141624,No,Yes,258923180
18141624,No,18141580,No,No,258923118
18496989,Yes,66134983,No,Yes,258923064
18497275,Yes,66134765,No,Yes,258923008
18516577,No,66134678,Yes,Yes,258922982
18573817,Yes,66369706,No,Yes,258922846
18593084,Yes,66369616,Yes,Yes,258922329
18629826,Yes,18629832,No,Yes,258917721
18629832,No,18629826,Yes,Yes,258824173
19066016,Yes,28163598,No,Yes,258806327
19105615,Yes,1910,No,Yes,258663220
19105617,No,19105615,Yes,No,258276335
19220497,Yes,70939528,No,Yes,258276303
19277228,Yes,19277254,No,Yes,258132470
19277254,No,19277228,Yes,No,258058952
19277382,Yes,19277495,No,Yes,258031755
19296443,Yes,19296614,Yes,Yes,257636425
19296614,Yes,19296443,Yes,Yes,257587607
19488634,No,66368233,No,No,257490944
19489246,Yes,66368233,No,Yes,257490223
19501897,Yes,19501898,Yes,Yes,257490084
19501898,Yes,19501897,Yes,Yes,257382843
19585966,No,4311650,Yes,Yes,257336344
19608147,Yes,66368233,No,Yes,257327398
19613696,No,28163598,No,No,257327396
19631162,Yes,338453399,Yes,Yes,257327395
19653910,No,11251463,No,Yes,257321562
19653968,No,11251463,No,Yes,257321560
19691820,Yes,28163598,No,Yes,257321561
19729981,Yes,28163598,No,Yes,257321558
19730458,Yes,19752343,No,Yes,257149781
19741623,Yes,19757378,Yes,Yes,256966219
19752343,No,19730458,Yes,No,256960178
19757378,Yes,70939433,No,Yes,256913393
19779398,Yes,19779399,No,Yes,256913318
19909015,No,19909016,No,No,256913213
19909016,No,19909015,No,No,256906065
19930651,Yes,19930652,No,Yes,256880874
19930652,No,19930651,Yes,Yes,256875832
19970256,Yes,70939006,Yes,Yes,256738002
19970520,Yes,12109806,No,Yes,256737994
19975004,No,196503127,No,Yes,256617177
20053898,No,66133840,No,No,256605828
20162794,Yes,20163778,Yes,Yes,256559442
20163778,Yes,20162794,Yes,Yes,256452260
20175839,No,20177002,Yes,No,256376073
20177002,Yes,20175839,No,Yes,256153288
20283663,No,144250537,No,Yes,256096045
20417802,No,20485184,No,No,256046785
20446947,No,20446923,No,No,256021668
20448909,No,20448946,Yes,No,256021474
20448946,Yes,20448909,No,Yes,256019100
20485184,No,20417802,No,No,256006960
20528976,Yes,20529104,No,Yes,256006523
20529104,No,20528976,Yes,No,255957104
20723542,Yes,20725758,Yes,Yes,255941408
20725758,Yes,20726831,No,Yes,255670633
20725953,No,20726831,No,Yes,255598481
20726831,No,20725953,No,No,255524025
20726831,No,20725758,Yes,No,255386626
20827247,No,20827620,Yes,No,255369790
20827247,No,3316348,Yes,No,255210401
20827477,Yes,20827247,No,Yes,254975995
20827513,Yes,20827247,No,Yes,254945970
20827620,Yes,20827247,No,Yes,254823590
20966203,Yes,20967372,No,Yes,254733934
20967372,No,20966203,Yes,No,254733849
21087410,Yes,21492361,No,Yes,254732483
21218716,Yes,21218747,No,Yes,254723952
21244313,Yes,13671629,Yes,Yes,254628015
21492361,No,21087410,Yes,Yes,254496336
21554898,No,66368619,No,Yes,254496335
21601950,No,152032340,No,No,254496331
21604712,Yes,66133482,No,Yes,254493998
21661233,Yes,21908958,Yes,Yes,254493992
21908958,Yes,21909745,Yes,Yes,254493990
21908958,Yes,21909120,No,Yes,254493987
21908958,Yes,21661233,Yes,Yes,254211326
21909120,No,21908958,Yes,Yes,254179206
21909745,Yes,21908958,Yes,Yes,253901818
22363205,No,1126540,No,No,253846237
22405356,Yes,215459789,Yes,Yes,253548245
22454053,No,22454166,Yes,No,253387939
22454166,Yes,22454053,No,Yes,253387938
22464237,No,22464238,No,Yes,253387936
22464238,No,22464237,No,No,253387935
22473322,Yes,22473330,No,Yes,253387934
22473330,No,22473322,Yes,No,253387933
22674420,Yes,22674499,No,Yes,253387931
22703181,Yes,22864494,No,Yes,253302150
24497247,Yes,24576026,No,Yes,253302141
24884478,No,338761023,Yes,No,253285082
25090203,Yes,25090204,Yes,Yes,253273767
25090204,Yes,25090203,Yes,Yes,253273762
25189764,Yes,25191260,Yes,Yes,253273761
25191260,Yes,25189764,Yes,Yes,253264116
25314527,No,25314661,No,No,253264109
25314661,No,25314527,No,No,253264108
25455964,No,25492250,No,No,253264106
25492116,No,25455964,No,Yes,253064979
25492250,No,25455964,No,No,253064975
25942704,No,244946940,No,No,253064972
26409231,Yes,26409378,No,Yes,252897907
26493655,Yes,71002555,No,Yes,252831527
26894842,No,339484966,Yes,Yes,252706975
27139016,No,253806629,No,No,252475069
27946878,No,27952112,Yes,Yes,251998513
27952112,Yes,27946878,No,Yes,251660316
28116296,Yes,28116483,No,Yes,251652804
28116483,No,28116296,Yes,No,251625840
28163598,No,19729981,Yes,No,251625838
28163598,No,19691820,Yes,No,251609872
28163598,No,19613696,No,No,251460926
28163598,No,19066016,Yes,No,251460917
28163598,No,2379770,No,No,251460895
28163598,No,11111443,No,No,250881895
28163775,No,49720884,Yes,No,250242963
28163775,No,1541573,Yes,No,249984754
28163775,No,73482591,No,No,249984747
28163987,Yes,28163775,No,Yes,249930152
28343218,Yes,28343219,No,Yes,249288501
28343219,No,28343218,Yes,Yes,249268402
28422596,Yes,28422494,No,Yes,248991833
28487366,Yes,28545358,Yes,Yes,248991832
28487651,Yes,28545358,Yes,Yes,248991829
28487735,Yes,28545358,Yes,Yes,248750775
28488105,Yes,28488105,Yes,Yes,248596857
28488415,No,28488607,Yes,No,248306730
28488607,Yes,28488415,No,Yes,248304442
28545358,Yes,29305153,Yes,Yes,248304440
28545358,Yes,28487735,Yes,Yes,248290556
28545358,Yes,28487366,Yes,Yes,248288975
28545358,Yes,2468967,Yes,Yes,248288925
28545358,Yes,2468959,No,Yes,248287515
28545358,Yes,97880138,Yes,Yes,248287501
28545358,Yes,138470485,Yes,Yes,248287488
28545358,Yes,258028151,No,Yes,248260241
28545973,Yes,66368233,No,Yes,248085617
28851083,Yes,8141947,Yes,Yes,247353553
29305153,Yes,28545358,Yes,Yes,246572892
29569642,No,310976520,No,Yes,246269942
29593482,Yes,202927670,No,Yes,246117442
30863960,Yes,30868148,Yes,Yes,245966183
30868148,Yes,30863960,Yes,Yes,245959991
31008255,Yes,31109066,Yes,Yes,245778181
31109066,Yes,31008255,Yes,Yes,245660679
31137568,Yes,31168288,Yes,Yes,245472663
31168288,Yes,31137568,Yes,Yes,245459061
31535775,No,17641370,Yes,No,245347962
31535775,No,17640824,Yes,No,245313603
31535775,No,8555175,Yes,No,245296540
31535775,No,8555161,Yes,No,245289941
31535775,No,8555135,Yes,No,245272727
31535775,No,98604424,Yes,No,245253499
31536122,Yes,31535775,No,Yes,245253496
31536261,Yes,31535775,No,Yes,245098561
31810390,Yes,31810391,Yes,Yes,244397433
31810391,Yes,31810390,Yes,Yes,244271812
31884610,No,62283372,Yes,No,244110557
32936654,Yes,32936654,Yes,Yes,244110150
32936736,No,32936654,Yes,Yes,244088676
32936737,Yes,32936654,Yes,Yes,243833526
33084926,No,33085048,No,No,243735194
33435757,No,33435868,Yes,No,243563804
33435868,Yes,33435757,No,Yes,243481094
33717879,Yes,33720258,No,Yes,243325789
33720258,No,33717879,Yes,Yes,243038252
34244395,No,34245025,Yes,No,243017794
34245025,Yes,34244395,No,Yes,242949671
34471055,Yes,70938396,No,Yes,242878997
34861833,Yes,34861851,No,Yes,242864656
34867471,No,34867605,Yes,Yes,242806968
34867605,Yes,34867471,No,Yes,242806603
35031137,No,35031095,No,No,242778303
35329095,No,35640946,No,Yes,242768090
35404936,Yes,35449994,Yes,Yes,242761070
35449994,Yes,35404936,Yes,Yes,242749739
35489854,Yes,84154497,No,Yes,242739711
35703936,No,244767253,No,Yes,242692593
35859466,No,35912204,No,Yes,242671182
35912204,No,35859466,No,No,242517806
36475613,Yes,234453583,No,Yes,242494285
36511984,Yes,68968510,Yes,Yes,242414144
36562571,Yes,66366897,No,Yes,242410414
36852842,No,36852888,No,Yes,242407728
36852888,No,36852842,No,No,242407194
36882853,No,224430741,No,No,242390919
36909047,No,36911905,No,No,242302845
36911905,No,36909047,No,No,242146956
36934854,No,36909047,No,No,242129369
36963301,No,224430681,No,No,242068731
37100156,Yes,37100459,No,Yes,242060768
37100459,No,37100156,Yes,No,242035751
37521449,Yes,37522037,Yes,Yes,242032540
37522037,Yes,37521449,Yes,Yes,242022117
37744713,Yes,37744971,Yes,Yes,241944736
37744831,Yes,37744971,Yes,Yes,241940124
37744971,Yes,37744713,Yes,Yes,241934367
37955919,Yes,37955925,Yes,Yes,241934363
37955925,Yes,37955919,Yes,Yes,241934359
38254749,No,40576956,No,No,241934355
38337164,Yes,38337165,No,Yes,241915125
38337165,No,38337164,Yes,No,241814000
38356146,Yes,38356351,Yes,Yes,241785259
38356351,Yes,38356146,Yes,Yes,241784610
38380451,Yes,38380452,No,Yes,241774785
38463327,Yes,38538216,No,Yes,241774765
38538216,No,38463327,Yes,Yes,241774525
38998030,No,38998030,No,No,241764574
39174754,No,224658582,No,No,241714597
39333480,Yes,39333494,No,Yes,241714585
39401932,No,39401933,No,Yes,241688860
39401933,No,39401932,No,Yes,241688857
39420764,No,19860904,No,No,241688856
39428666,Yes,39428668,No,Yes,241688848
39428668,No,39428666,Yes,No,241605952
39432892,Yes,39432893,Yes,Yes,241605763
39432893,Yes,39432892,Yes,Yes,241605331
39561580,Yes,64497720,Yes,Yes,241568992
39568332,Yes,39568334,No,Yes,241513478
39568334,No,39568332,Yes,Yes,241513192
39631487,Yes,39631488,Yes,Yes,241512985
39631488,Yes,39631487,Yes,Yes,241512557
39792519,Yes,40084725,Yes,Yes,241497084
39979456,No,152034846,No,No,241463931
40053700,Yes,40053701,No,Yes,241386567
40053701,No,40053700,Yes,Yes,241382926
40084725,Yes,39792519,Yes,Yes,241235539
40101030,Yes,40101164,No,Yes,241134572
40127365,No,40084725,Yes,No,241104409
40575710,Yes,40576956,No,Yes,241089009
40576956,No,40575710,Yes,No,240990559
40576956,No,1560782,Yes,No,240986684
40576956,No,68906916,Yes,No,240983767
40576956,No,149311967,Yes,No,240926065
40785136,Yes,70609972,No,Yes,240923436
41166045,Yes,70938235,No,Yes,240833983
41423765,No,80601280,No,No,240689179
41442047,Yes,66131035,No,Yes,240608119
41532958,Yes,41532763,No,Yes,240576242
41893590,No,41893810,Yes,No,240479414
41893810,Yes,41893590,No,Yes,240409205
42003412,Yes,70938158,No,Yes,240409189
42229143,Yes,42229144,No,Yes,240398974
42229144,No,42229143,Yes,No,240218587
42474297,No,42474568,No,No,240206115
42474568,No,42474297,No,No,240169249
42516960,Yes,42517227,No,Yes,239998062
42517227,No,42516960,Yes,No,239962935
42752645,Yes,28422494,No,Yes,239914161
42753524,Yes,28116483,No,Yes,239886353
42912779,Yes,70938081,No,Yes,239720062
42952892,Yes,66130594,Yes,Yes,239673548
43061684,No,43066384,No,No,239653651
43061684,No,4826509,No,No,239622378
43061684,No,11161568,No,No,239566703
43066384,No,43061684,No,No,239566057
43280150,Yes,42756172,No,Yes,239549230
43287790,Yes,42756172,No,Yes,239536965
43288443,Yes,42756172,No,Yes,239527101
43443371,Yes,43443372,No,Yes,239417212
43443372,No,43443371,Yes,No,239363463
44358543,No,130480768,No,Yes,239311944
44360084,No,44360085,Yes,No,239228594
44360085,Yes,44360084,No,Yes,239198078
44415193,Yes,60453836,No,Yes,239161891
44471646,Yes,28116483,No,Yes,239135068
44474278,Yes,46964624,Yes,Yes,239123669
44508735,Yes,44508736,Yes,Yes,239095638
44508736,Yes,44508735,Yes,Yes,239095163
44675216,No,44675375,No,No,238864757
44675375,No,44675216,No,Yes,238820434
45126488,No,13672038,Yes,Yes,238820405
45181524,No,45183375,No,Yes,238806105
45189811,Yes,338009591,No,Yes,238797242
45320787,Yes,45320788,No,Yes,238588198
45320788,No,45320787,Yes,Yes,238576935
45370039,Yes,70937875,Yes,Yes,238564685
45373209,No,70937755,Yes,No,238377385
45442625,Yes,45442630,No,Yes,238320317
45442630,No,45442625,Yes,Yes,238309006
45649828,No,152034280,No,No,238291937
45821977,Yes,71000511,No,Yes,238279615
45846383,Yes,45846386,No,Yes,238268119
45846386,No,45846383,Yes,No,238203685
46058433,No,46058435,No,No,237996481
46058435,No,46058433,No,Yes,237977575
46585932,Yes,46714446,Yes,Yes,237822738
46676935,No,46155095,No,No,237434713
46714446,Yes,46585932,Yes,Yes,237426557
46833536,Yes,46833537,No,Yes,237415715
46948135,No,193613373,No,No,237366447
46955647,Yes,46964622,Yes,Yes,237344792
46964622,Yes,46955647,Yes,Yes,237287242
46990112,No,46990383,No,No,237282236
46990383,No,46990112,No,No,237127935
47363732,Yes,180234956,No,Yes,237114653
48104917,Yes,48104975,Yes,Yes,236998382
48104975,Yes,48104917,Yes,Yes,236988161
48906065,Yes,48906066,No,Yes,236741425
48906066,No,48906065,Yes,Yes,236725943
49051495,No,206236238,No,No,236630648
49370219,Yes,109373625,Yes,Yes,236529054
49673279,Yes,49680042,No,Yes,236333432
49680042,No,49673279,Yes,No,236267395
49720884,Yes,28163775,No,Yes,236186490
49771021,Yes,64152767,No,Yes,236147696
50101445,No,50101446,No,Yes,236010385
50101446,No,50101445,No,Yes,235734819
50445617,No,243158022,No,No,235689773
50602391,Yes,50602395,Yes,Yes,235615120
50602395,Yes,50602391,Yes,Yes,235374087
50651606,No,51693505,No,Yes,235316341
50991174,No,50991175,No,Yes,235306894
51188925,No,51188925,No,Yes,235252446
51290165,Yes,251558054,No,Yes,235172842
51485780,Yes,70937610,No,Yes,235100137
51520773,Yes,13853881,No,Yes,234804924
51693505,No,50651606,No,No,234799213
51940859,Yes,261314998,No,Yes,234724855
52127029,No,52127319,No,No,234521904
52127319,No,52127029,No,Yes,234510932
52129940,Yes,52350117,No,Yes,234406904
52273719,Yes,52273720,No,Yes,234305414
52273720,No,52273719,Yes,No,234144124
52349777,Yes,52350117,No,Yes,234129934
52350117,No,20448909,No,No,234129584
52827917,No,52828087,No,No,234080751
52828087,No,52827917,No,No,234003518
52982996,No,52985220,No,No,233829328
52985220,No,52982996,No,No,233748296
53234509,Yes,54626664,No,Yes,233653019
53601988,Yes,66366562,No,Yes,233555373
53660597,Yes,53660598,No,Yes,233549402
53660598,No,53660597,Yes,Yes,233545077
54163580,Yes,54167513,Yes,Yes,233542796
54167513,Yes,54163580,Yes,Yes,233476634
54299920,Yes,54300315,No,Yes,233400734
54300315,No,54299920,Yes,Yes,233400728
54396728,Yes,54795714,No,Yes,233363311
54452971,Yes,55049978,No,Yes,233352571
54625774,Yes,54625776,No,Yes,233352569
54625776,No,54625774,Yes,Yes,233352563
54626664,No,53234509,Yes,Yes,233352555
54726445,Yes,149646021,No,Yes,233352554
54795714,No,54396728,Yes,No,233352545
54994449,No,54994450,Yes,No,233352531
54994450,Yes,54994449,No,Yes,233352530
54994451,Yes,54994454,No,Yes,233352520
54994454,No,54994451,Yes,Yes,233352514
55010040,No,66328542,Yes,No,233352508
55049978,No,54452971,Yes,Yes,233352507
55093613,Yes,55093618,No,Yes,233352504
55093618,No,55093613,Yes,No,233352487
55097183,Yes,55097184,Yes,Yes,233352483
55097184,Yes,55097183,Yes,Yes,233226217
55455907,No,55455908,No,No,233162817
55500235,Yes,60911935,Yes,Yes,232957580
55508039,Yes,55512307,No,Yes,232792464
55512307,No,55508039,Yes,No,232587818
55564503,Yes,55661484,No,Yes,232530700
55656283,Yes,55656285,Yes,Yes,232405272
55656284,Yes,55656285,Yes,Yes,231860546
55656285,Yes,55656283,Yes,Yes,231737828
55661484,No,55564503,Yes,Yes,231451978
56179335,No,70979211,No,Yes,231052086
56179337,Yes,70979211,No,Yes,230836494
56336986,Yes,56338719,No,Yes,230106033
56338719,No,56336986,Yes,No,230071177
56350630,Yes,56350631,Yes,Yes,229809830
56350631,Yes,56350630,Yes,Yes,229671747
56446294,Yes,56446298,No,Yes,229651048
56551963,No,56551965,No,Yes,229565789
56551965,No,56551963,No,No,229535390
56551985,No,56551988,Yes,Yes,229339380
56551988,Yes,56551985,No,Yes,229337923
56551990,Yes,56551992,No,Yes,229144447
56551992,No,56551990,Yes,Yes,229104245
56671934,No,148052051,No,No,229102104
56778028,No,56777621,No,No,229089577
56815799,Yes,242493108,Yes,Yes,228798820
56866028,No,57134289,No,No,228793296
56967330,Yes,56967333,Yes,Yes,228652293
56967333,Yes,56967330,Yes,Yes,228321794
56967342,No,56967343,No,No,228320221
56967343,No,56967342,No,No,228040738
56967345,Yes,56967347,No,Yes,227935497
56967347,No,56967345,Yes,No,227611004
56967382,Yes,56967383,Yes,Yes,227560610
56967383,Yes,56967382,Yes,Yes,227459955
57134289,No,56866028,No,No,227459933
57384139,Yes,340806083,No,Yes,227459926
57384630,Yes,70045112,No,Yes,227459915
57415267,No,57415520,No,No,227263134
57415520,No,57415267,No,Yes,227261609
57860272,Yes,57860273,Yes,Yes,226886628
57860273,Yes,57860272,Yes,Yes,226835506
57860296,Yes,57860301,No,Yes,226771975
57860300,No,57860302,No,Yes,226766168
57860301,No,57860296,Yes,No,226637339
57860302,No,57860300,No,No,226236023
57860303,Yes,57860305,No,Yes,225883294
57860305,No,57860303,Yes,No,225831309
57943056,Yes,58128640,No,Yes,225827807
58011302,Yes,58053679,No,Yes,225827636
58036550,No,58036552,No,No,225799578
58036552,No,58036550,No,Yes,225208347
58053679,No,58011302,Yes,No,224802217
58128640,No,57943056,Yes,No,224652639
58169637,Yes,58169788,No,Yes,224621066
58519199,No,58519208,Yes,No,224592404
58519208,Yes,58519199,No,Yes,224452717
58530763,No,8839634,Yes,No,224168550
58546975,No,58546976,No,No,224097587
58546976,No,58546975,No,No,223912826
58597660,No,58597662,No,No,223621091
58597660,No,58597664,No,No,223403361
58597660,No,58597665,No,No,223372121
58597662,No,58597660,No,No,223305015
58597664,No,58597660,No,No,223250192
58597665,No,58597660,No,No,223246659
58875298,Yes,58875302,No,Yes,222997361
58875302,No,58875298,Yes,Yes,222892987
58875334,Yes,58875339,No,Yes,222573376
58875339,No,58875334,Yes,No,222337225
58875360,No,58875369,No,No,222322024
59061706,No,59061727,No,No,222136246
59279061,No,59283855,No,No,222083202
59283855,No,59279061,No,No,222048366
59346077,Yes,59346078,No,Yes,221885994
59346078,No,59346077,Yes,Yes,221169798
59346105,Yes,59346107,No,Yes,220943168
59346107,No,59346105,Yes,No,220921359
59346114,No,59346117,No,No,220849462
59346117,No,59346114,No,No,220842911
59346140,Yes,59346145,Yes,Yes,220675266
59346145,Yes,59346140,Yes,Yes,220618572
59347472,Yes,61448375,No,Yes,220530287
59536612,No,59536832,No,No,220379461
59536832,No,59536612,No,No,220151579
59984409,No,90178562,Yes,Yes,220129760
60453836,No,44415193,Yes,No,219496614
60591820,Yes,60591821,Yes,Yes,219474313
60591821,Yes,60591820,Yes,Yes,219465052
60738673,Yes,60803083,No,Yes,219465050
60782435,Yes,216405074,No,Yes,219409208
60803083,No,60738673,Yes,No,219301437
60858465,No,60858849,No,No,219062948
60858849,No,60858465,No,No,218843141
60911935,Yes,55500235,Yes,Yes,218666896
61230763,No,61230928,Yes,No,218625627
61230928,Yes,61230763,No,Yes,218555718
61315373,No,61315385,No,No,218094119
61315385,No,61315373,No,No,218094117
61328089,Yes,61328109,No,Yes,218024193
61328090,Yes,61328109,No,Yes,217907713
61328092,Yes,61328109,No,Yes,217772981
61328093,Yes,61328096,No,Yes,217384721
61328096,No,61328093,Yes,No,217377445
61328097,Yes,61328109,No,Yes,217255595
61328098,Yes,61328109,No,Yes,217187569
61328100,Yes,61328109,No,Yes,217160205
61328103,Yes,61328109,No,Yes,216718155
61328107,No,61328108,Yes,No,216128085
61328108,Yes,61328107,No,Yes,215998330
61328108,Yes,62178758,No,Yes,215892016
61328109,No,61328089,Yes,No,215630041
61328109,No,61328090,Yes,No,215490190
61328109,No,61328092,Yes,No,215460917
61328109,No,61328097,Yes,No,215449713
61328109,No,61328098,Yes,No,215381460
61328109,No,61328100,Yes,No,215082681
61328109,No,61328103,Yes,No,214999799
61347353,Yes,61347649,Yes,Yes,214999720
61347649,Yes,61347353,Yes,Yes,214920528
61392014,Yes,61392164,No,Yes,214786102
61392164,No,61392014,Yes,No,214521932
61400834,Yes,61400836,Yes,Yes,214100999
61400836,Yes,61400834,Yes,Yes,214088958
61448375,No,59347472,Yes,No,213884196
61494066,No,61494069,Yes,No,213701169
61494067,No,61494069,Yes,Yes,213579789
61494069,Yes,61494066,No,Yes,213371972
61494069,Yes,61494067,No,Yes,212965958
61494072,No,61494075,Yes,No,212784108
61494075,Yes,61494072,No,Yes,212258299
61494076,No,61494078,Yes,No,211673589
61494078,Yes,61494076,No,Yes,211606958
61494082,Yes,61494084,No,Yes,210888252
61494084,No,61494082,Yes,No,210888218
61494090,Yes,61494095,Yes,Yes,210782600
61494090,Yes,61494092,No,Yes,210782144
61494092,No,61494090,Yes,No,210663586
61494095,Yes,61494090,Yes,Yes,210504119
61494104,No,61494105,No,Yes,210346572
61494105,No,61494104,No,No,210318773
61494113,No,61494114,Yes,No,209995942
61494114,Yes,61494113,No,Yes,209348257
61494119,Yes,61494120,No,Yes,209323468
61494120,No,61494119,Yes,No,209273492
61494124,Yes,61494125,No,Yes,209223421
61494125,No,61494124,Yes,No,209199640
61534896,Yes,61534914,Yes,Yes,208836379
61534914,Yes,61534896,Yes,Yes,208292477
61550545,No,61550461,No,Yes,208207552
61565653,No,61647950,No,No,207806491
61647950,No,61565653,No,No,207803701
61674203,No,61674220,Yes,No,207536758
61674205,No,61674220,Yes,Yes,207526248
61674207,No,61674220,Yes,Yes,207525736
61674211,No,61674220,Yes,Yes,207523838
61674212,No,61674220,Yes,Yes,207507817
61674220,Yes,61674203,No,Yes,207181219
61674220,Yes,61674205,No,Yes,207019958
61674220,Yes,61674207,No,Yes,206373408
61674220,Yes,61674211,No,Yes,206212967
61674220,Yes,61674212,No,Yes,206184198
61743989,Yes,61746609,No,Yes,206118750
61746609,No,61743989,Yes,Yes,206081762
61771184,Yes,61771185,Yes,Yes,205528963
61771185,Yes,61771184,Yes,Yes,205493296
61839710,No,61839711,No,No,205299887
61839711,No,61839710,No,No,205241097
61881019,No,61881019,No,Yes,205241096
61951795,Yes,31884610,No,Yes,205006260
61995762,Yes,61995860,No,Yes,204922121
61995860,No,61995762,Yes,No,204886803
62037089,No,62037090,Yes,No,204750857
62037090,Yes,62037089,No,Yes,204689456
62037094,Yes,62037099,Yes,Yes,204630342
62037099,Yes,62037094,Yes,Yes,204577551
62133146,No,62133149,No,No,204541929
62133149,No,62133146,No,No,203683104
62178758,No,61328108,Yes,No,203682995
62179421,Yes,62179422,No,Yes,203317902
62179422,No,62179421,Yes,No,203237528
62278764,No,182451840,No,Yes,202116373
62283372,Yes,31884610,No,Yes,202036231
62420850,Yes,62420851,No,Yes,201938336
62420851,No,62420850,Yes,No,201783004
62420892,No,62420893,No,No,201768823
62420893,No,62420892,No,No,201668397
62420905,Yes,62420906,No,Yes,201667101
62420906,No,62420905,Yes,No,201666965
62420922,No,62420923,No,No,201385312
62420923,No,62420922,No,No,201280921
62420925,No,62420926,No,No,201033259
62420926,No,62420925,No,No,201013723
62498768,No,62498769,No,Yes,200956222
62498769,No,62498768,No,No,200881065
62498769,No,62498773,No,No,200398585
62498773,No,62498769,No,No,200054615
62498776,Yes,62498777,No,Yes,199861592
62498776,Yes,62498781,No,Yes,199447406
62498776,Yes,62498784,No,Yes,199447403
62498777,No,62498776,Yes,No,199378409
62498781,No,62498776,Yes,Yes,199337810
62498784,No,62498776,Yes,No,198881612
62498801,No,62498804,No,No,198838686
62498804,No,62498801,No,No,198802348
62498812,Yes,62498813,No,Yes,198584678
62498813,No,62498812,Yes,No,198301848
62498831,No,62498833,Yes,No,198281345
62498831,No,62498835,Yes,No,197721139
62498833,Yes,62498831,No,Yes,197605793
62498835,Yes,62498831,No,Yes,197371884
62566775,No,62567413,No,No,197126002
62567413,No,62566775,No,No,197090115
62699336,No,62699436,Yes,No,196849555
62699436,Yes,62699336,No,Yes,196784151
62733421,No,62733422,Yes,No,196501768
62733422,Yes,62733421,No,Yes,196312792
62771388,Yes,62771512,No,Yes,196281307
63016123,No,63016125,Yes,Yes,196204936
63016125,Yes,63016123,No,Yes,196183456
63016127,No,63016128,Yes,Yes,196179458
63016128,Yes,63016127,No,Yes,196179390
63028674,Yes,63028675,Yes,Yes,196154657
63028675,Yes,63028674,Yes,Yes,196010229
63054345,Yes,63054446,No,Yes,195969237
63054446,No,63054345,Yes,No,195869675
63094765,Yes,63094767,No,Yes,195596918
63094767,No,63094765,Yes,No,195272950
63094774,Yes,63094775,No,Yes,195049456
63094775,No,63094774,Yes,No,195022654
63094776,No,63094778,Yes,Yes,194912485
63094778,Yes,63094776,No,Yes,194808543
63094778,Yes,63094780,No,Yes,194776869
63094778,Yes,63094781,No,Yes,194604941
63094780,No,63094778,Yes,Yes,194599339
63094781,No,63094778,Yes,Yes,194475881
63094786,Yes,63094792,No,Yes,194408304
63094790,No,63094791,No,No,194348728
63094791,No,63094790,No,No,194208654
63094792,No,63094786,Yes,No,194182387
63179581,Yes,63179582,No,Yes,194177884
63179582,No,63179581,Yes,No,194021998
63263548,No,63263549,Yes,No,193914525
63263549,Yes,63263548,No,Yes,193880171
63263561,No,63263562,Yes,No,193786395
63263562,Yes,63263561,No,Yes,193766171
63263577,Yes,63263578,No,Yes,193719022
63263577,Yes,63263588,No,Yes,193487982
63263578,No,63263577,Yes,Yes,193487979
63263588,No,63263577,Yes,No,193220770
63263599,Yes,63263602,No,Yes,193130520
63263602,No,63263599,Yes,No,193091095
63392222,No,63356621,No,No,192679730
63404602,No,63404603,No,Yes,192557562
63404602,No,63478218,No,Yes,192206626
63404603,No,63404602,No,No,192084971
63478218,No,63404602,No,No,192076577
63496406,No,63496407,No,No,191235007
63496407,No,63496406,No,No,191113948
63546554,No,149979514,No,Yes,190970599
63701886,No,63701888,No,No,190906924
63701888,No,63701886,No,No,190554128
63714256,No,63714258,Yes,No,190412975
63714258,Yes,63714256,No,Yes,190040636
63829440,No,63829441,No,No,189994997
63829441,No,63829440,No,No,189904003
63847586,No,339908235,Yes,No,189808332
63878519,No,63878561,No,No,189752553
63979057,Yes,63979058,No,Yes,189641845
63979058,No,63979057,Yes,No,188763575
63981686,No,63981688,Yes,No,188449113
63981687,No,63981688,Yes,No,188434956
63981688,Yes,63981686,No,Yes,188418282
63981688,Yes,63981687,No,Yes,188340184
64122391,Yes,64122392,No,Yes,188338734
64122392,No,64122391,Yes,No,188119630
64122403,No,64122404,No,Yes,188119615
64122404,No,64122403,No,No,188006433
64286823,Yes,64287828,No,Yes,187851404
64287828,No,64286823,Yes,No,187709578
64303546,No,64306531,No,No,187579144
64310434,No,64310435,No,No,187458821
64310435,No,64310434,No,No,187264643
64353642,Yes,66366448,No,Yes,187143170
64452436,Yes,64452440,Yes,Yes,187143169
64452440,Yes,64452436,Yes,Yes,187143162
64476647,Yes,64476848,No,Yes,187143161
64476848,No,64476647,Yes,No,187097859
64497720,Yes,39561580,Yes,Yes,187072001
64534898,No,64534899,Yes,Yes,187004462
64534899,Yes,64534898,No,Yes,186805050
64553808,Yes,66643149,Yes,Yes,186661438
64613818,Yes,64613822,Yes,Yes,186452555
64613819,Yes,64613822,Yes,Yes,186450807
64613820,Yes,64613822,Yes,Yes,186333097
64613821,Yes,64613822,Yes,Yes,186324707
64613822,Yes,64613818,Yes,Yes,186319316
64613822,Yes,64613819,Yes,Yes,185920871
64613822,Yes,64613820,Yes,Yes,185920870
64613822,Yes,64613821,Yes,Yes,185920855
64668806,Yes,154070701,Yes,Yes,185783413
64844473,No,64844474,Yes,No,185783253
64844474,Yes,64844473,No,Yes,185781572
64844474,Yes,65284498,No,Yes,185731154
64857393,Yes,64857394,No,Yes,185706298
64857394,No,64857393,Yes,No,184859248
64857398,No,64857400,Yes,Yes,184662757
64857400,Yes,64857398,No,Yes,184598024
64857420,Yes,64857421,No,Yes,184597848
64857421,No,64857420,Yes,Yes,184530322
64857439,Yes,64857440,No,Yes,184415305
64857440,No,64857439,Yes,No,184231389
65053093,No,65053096,Yes,No,183700215
65053093,No,65053097,Yes,No,183650740
65053096,Yes,65053093,No,Yes,183578296
65053097,Yes,65053093,No,Yes,183577628
65095017,Yes,65095020,No,Yes,183576727
65095020,No,65095017,Yes,No,183374935
65095022,No,65095023,No,No,183373969
65095023,No,65095022,No,No,182697142
65095035,Yes,65095036,Yes,Yes,182588291
65095036,Yes,65095035,Yes,Yes,182370161
65162246,Yes,65162247,Yes,Yes,182369720
65162247,Yes,65162246,Yes,Yes,182287358
65226532,Yes,65226533,Yes,Yes,182220445
65226533,Yes,65226532,Yes,Yes,182207935
65226550,No,65226552,Yes,No,182207474
65226552,Yes,65226550,No,Yes,181429740
65281768,Yes,68862095,No,Yes,180863946
65284490,No,65284495,No,No,180682902
65284490,No,65284496,No,No,180284908
65284495,No,65284490,No,No,180274242
65284496,No,65284490,No,Yes,180272264
65284498,No,64844474,Yes,No,180205776
65302787,No,65302790,No,No,180204702
65302790,No,65302787,No,No,179898992
65318843,Yes,65318844,No,Yes,179739163
65318844,No,65318843,Yes,No,179601111
65344896,Yes,65344897,No,Yes,179492922
65344897,No,65344896,Yes,No,179432033
65490249,Yes,65490252,No,Yes,179429908
65490252,No,65490249,Yes,No,179429816
65531187,No,65531185,No,No,179265100
65540068,No,65540071,No,No,179204853
65540071,No,65540068,No,No,178761011
65592947,No,65592948,No,No,178600991
65592948,No,65592947,No,No,178101111
65592949,No,65592951,No,No,177853796
65592951,No,65592949,No,No,177290453
65592968,No,65592969,Yes,Yes,177290159
65592969,Yes,65592968,No,Yes,177214115
65592969,Yes,65592972,No,Yes,177071759
65592969,Yes,65592973,No,Yes,176864545
65592972,No,65592969,Yes,No,176535810
65592984,Yes,65592986,Yes,Yes,176511901
65592986,Yes,65592984,Yes,Yes,176455111
65596631,Yes,66791744,Yes,Yes,176381769
65608189,Yes,65608192,No,Yes,176345359
65608192,No,65608189,Yes,Yes,175982624
65703030,No,65703031,Yes,No,175091900
65703031,Yes,65703030,No,Yes,175014556
65703031,Yes,66053251,No,Yes,174840421
65745185,Yes,65745186,No,Yes,174561480
65745186,No,65745185,Yes,Yes,174371073
65828875,No,65828876,Yes,Yes,174130410
65828876,Yes,65828875,No,Yes,174063346
65896263,No,65896264,No,No,173880597
65896264,No,65896263,No,No,173860955
65896291,No,65896292,No,No,173845266
65896292,No,65896291,No,No,173844909
65942499,No,65942501,No,Yes,173787570
65942501,No,65942499,No,Yes,173744654
65975243,No,65975244,No,No,173744648
65975244,No,65975243,No,No,173587289
66022256,Yes,148562687,No,Yes,173480515
66045381,No,66045231,No,No,173086270
66053251,No,65703031,Yes,No,172789776
66089540,No,66089541,No,No,172709053
66110556,No,66110557,Yes,Yes,172459889
66110557,Yes,66110556,No,Yes,172360386
66130594,Yes,42952892,Yes,Yes,171998386
66132771,Yes,66132808,No,Yes,171977706
66132808,No,66132771,Yes,No,171977704
66134678,Yes,18516577,No,Yes,171898806
66136549,No,15448018,Yes,No,171679251
66194678,No,66194680,No,Yes,171512869
66194680,No,66194678,No,No,171408615
66194681,Yes,66194682,Yes,Yes,171404474
66194681,Yes,66194683,Yes,Yes,171302905
66194682,Yes,66194681,Yes,Yes,171018887
66194683,Yes,66194681,Yes,Yes,170507139
66194697,No,67398223,No,No,170383414
66205822,Yes,66205823,No,Yes,170083089
66205823,No,66205822,Yes,No,169655896
66294912,Yes,66317345,Yes,Yes,169573827
66297599,Yes,66317830,No,Yes,169479376
66298610,Yes,66298610,Yes,Yes,169479143
66299186,No,66318575,No,No,169379639
66299353,Yes,66318828,No,Yes,169337749
66316385,No,66316386,No,No,169063130
66316386,No,66316385,No,No,168998913
66317345,Yes,66294912,Yes,Yes,168464105
66317830,No,66297599,Yes,No,168396057
66318319,No,66299014,No,Yes,168049634
66318494,No,66299016,No,No,167968869
66318828,No,66299353,Yes,No,167843570
66320287,Yes,66320332,Yes,Yes,167781221
66320332,Yes,66320287,Yes,Yes,167463412
66328542,Yes,55010040,No,Yes,167388750
66332318,Yes,66332342,Yes,Yes,167247619
66332342,Yes,66332318,Yes,Yes,167038982
66333198,Yes,66332895,No,Yes,166978891
66365196,No,2455375,No,No,166851474
66366448,No,64353642,Yes,No,166741176
66366562,No,53601988,Yes,No,166498697
66366897,No,36562571,Yes,No,166414268
66368233,No,28545973,Yes,No,166054739
66368233,No,28545850,No,No,165852059
66368233,No,27496655,No,No,165632870
66368233,No,19608147,Yes,No,165101971
66368233,No,19489246,Yes,No,164986219
66368233,No,19488634,No,No,164771362
66368233,No,8653677,No,No,164717774
66368233,No,78556678,No,No,164711250
66368233,No,7882059,No,No,164700632
66368233,No,79516431,No,No,164579375
66368233,No,79517024,Yes,No,164330819
66368233,No,103887856,Yes,No,164235998
66368619,No,21554898,No,No,164133013
66369616,Yes,18593084,Yes,Yes,164122144
66369706,No,18573817,Yes,Yes,163767543
66371739,No,10003229,Yes,No,163248615
66371811,No,9976884,No,Yes,163103506
66371922,No,9930991,Yes,No,163086382
66372180,No,9878001,Yes,Yes,163082592
66372280,No,9867536,No,No,162298676
66373220,No,8953281,No,Yes,162280842
66374547,Yes,6654045,Yes,Yes,161843231
66374547,Yes,6653565,No,Yes,161111576
66381236,Yes,66398021,No,Yes,161075431
66381589,Yes,66399144,Yes,Yes,160915808
66382521,Yes,66399902,No,Yes,160326052
66398021,No,66381236,Yes,No,160259491
66399144,Yes,66381589,Yes,Yes,160049845
66400382,No,66400947,No,Yes,158576207
66400748,Yes,66401160,No,Yes,158349152
66400947,No,66400382,No,Yes,158283853
66401160,No,66400748,Yes,No,157226875
66401918,No,66401924,No,No,156498436
66401924,No,66401918,No,No,156241593
66408258,No,4924430,No,No,155820257
66408456,No,4826551,No,No,155819604
66409288,No,4439691,Yes,No,155480860
66409288,No,4439648,No,No,155301370
66409288,No,4616510,No,No,155271768
66409546,No,11235252,No,No,154926631
66409844,No,4198630,Yes,Yes,154729457
66409844,No,4198647,Yes,Yes,154566108
66410007,No,3891537,No,Yes,154559221
66410231,No,3661794,Yes,No,154344919
66410426,No,3331285,No,No,154226163
66411306,No,3174469,Yes,No,154105260
66412290,No,2425738,Yes,No,154105257
66412411,No,2425593,Yes,No,153845019
66412753,No,66412754,Yes,Yes,153613838
66412754,Yes,66412753,No,Yes,153506837
66412784,No,11145464,No,No,153497942
66412888,No,1850681,No,No,153441438
66413110,No,1564429,Yes,No,153359121
66413287,No,1542113,No,No,153350368
66413452,Yes,1541560,No,Yes,152655814
66415124,Yes,66450440,Yes,Yes,152104069
66415128,Yes,66450578,Yes,Yes,151840539
66415130,Yes,66450857,No,Yes,151840343
66415616,No,1515651,No,No,151773953
66415917,No,1511193,No,No,151773417
66416214,No,1480375,Yes,No,151512622
66416266,No,1480419,Yes,No,151490938
66418812,No,11100580,No,Yes,151304771
66419028,No,1135272,Yes,No,151083977
66419503,Yes,1068273,No,Yes,150627290
66419503,Yes,1068300,Yes,Yes,150518326
66419503,Yes,1068457,No,Yes,150481748
66419742,No,1214196,Yes,No,150481746
66420288,No,1055931,No,No,150481739
66420608,No,913998,No,No,150385543
66420608,No,913990,No,No,150385538
66450440,Yes,66415124,Yes,Yes,150385523
66450578,Yes,66415128,Yes,Yes,150385522
66450857,No,66415130,Yes,No,150385520
66458238,No,890716,No,No,150268932
66458394,No,890705,Yes,No,149850223
66458766,No,873496,No,No,149414652
66458766,No,855282,Yes,No,148931234
66458918,No,66458920,No,No,148888598
66458920,No,66458918,No,No,148830293
66459001,No,66459002,No,No,148817737
66459002,No,66459001,No,No,148797324
66462095,No,859818,No,No,148380022
66462095,No,859795,No,No,148210654
66462946,No,785661,Yes,Yes,148053569
66463116,No,768088,No,No,147805894
66463381,No,768014,No,No,147462207
66463516,No,746116,Yes,No,147351025
66464171,No,10973513,No,No,147117737
66464171,No,10973541,No,No,147117732
66464171,No,613370,Yes,No,147117722
66464630,No,613368,Yes,No,147117718
66465198,No,613295,No,No,147117715
66465198,No,608490,Yes,No,147082870
66465985,No,526854,No,No,147017578
66466205,No,518909,Yes,No,147017564
66466454,No,509046,No,Yes,146981799
66466718,No,465679,No,No,146952260
66471801,Yes,66474063,No,Yes,146901081
66472188,Yes,66474267,No,Yes,146765377
66472198,Yes,66474488,No,Yes,146671278
66472210,Yes,66474639,Yes,Yes,146671276
66472991,No,66475489,Yes,No,146670045
66474063,No,66471801,Yes,No,146670039
66474639,Yes,66472210,Yes,Yes,146670038
66475262,No,66472663,Yes,No,146327861
66475489,Yes,66472991,No,Yes,146114573
66498303,Yes,66567749,Yes,Yes,145714566
66509279,No,9834684,Yes,No,145667170
66511689,No,11038627,No,No,145163135
66512728,No,66512776,No,No,144821871
66512776,No,66512728,No,No,144706887
66512776,No,66513363,No,No,144430273
66513363,No,66512776,No,No,144220800
66515966,Yes,66515966,Yes,Yes,144158257
66516911,Yes,66517048,No,Yes,143916589
66517048,No,66516911,Yes,No,143434724
66517085,Yes,66517237,No,Yes,143192544
66517113,No,855273,Yes,Yes,142975740
66517113,No,1495497,No,Yes,142856559
66517237,No,66517237,No,Yes,142523876
66518366,Yes,66518699,Yes,Yes,142442667
66518699,Yes,66518366,Yes,Yes,142066045
66519625,Yes,66521434,Yes,Yes,142066043
66521434,Yes,66521434,Yes,Yes,142026561
66522040,Yes,66524007,No,Yes,141870114
66522480,Yes,66523384,Yes,Yes,141827005
66523384,Yes,66522480,Yes,Yes,141703008
66524007,No,66522040,Yes,No,141544084
66524108,No,66522478,No,No,141381044
66531663,No,66531667,Yes,No,141309258
66531667,Yes,66531665,No,Yes,141242639
66531671,No,66531672,Yes,No,141136089
66531672,Yes,66531671,No,Yes,141108509
66567749,Yes,66498303,Yes,Yes,141039430
66569295,Yes,66570433,Yes,Yes,140756752
66569670,Yes,66570493,No,Yes,140062239
66569928,Yes,66570541,No,Yes,139644927
66570197,Yes,66570638,No,Yes,139327107
66570433,Yes,66569295,Yes,Yes,139119939
66570541,No,66569928,Yes,No,139119937
66572742,Yes,66573552,Yes,Yes,138445580
66573552,Yes,66572742,Yes,Yes,138445521
66576405,Yes,66602791,Yes,Yes,138269300
66578869,No,66578870,Yes,Yes,138268922
66578870,Yes,66578869,No,Yes,138094094
66578876,No,66578877,No,No,138094092
66578877,No,66578876,No,No,137783274
66578888,No,66578890,No,Yes,137505243
66578890,No,66578888,No,No,137390137
66602791,Yes,66576405,Yes,Yes,137356834
66606870,Yes,66606901,No,Yes,137294837
66606901,No,66606870,Yes,No,137293784
66614626,Yes,66640975,No,Yes,136829702
66614739,Yes,66641017,No,Yes,136557671
66615987,Yes,66657582,No,Yes,136557670
66618049,Yes,66657804,No,Yes,136557662
66618165,Yes,66657937,Yes,Yes,136018082
66640975,No,66614626,Yes,No,135864885
66641825,Yes,66641826,No,Yes,135651721
66641826,No,66641825,Yes,Yes,134960613
66643149,Yes,64553808,Yes,Yes,134636348
66657682,No,66618003,No,No,134440535
66657937,Yes,66618165,Yes,Yes,133913214
66658012,Yes,66618870,No,Yes,133890328
66662286,Yes,66662355,Yes,Yes,133764397
66662355,Yes,66662286,Yes,Yes,133000621
66664462,Yes,66664783,Yes,Yes,133000088
66664783,Yes,66664462,Yes,Yes,132670726
66665624,No,66665200,No,No,132551417
66665825,Yes,66665827,No,Yes,132350339
66665827,No,66665825,Yes,Yes,131883754
66671806,No,66671810,No,No,131811644
66671810,No,66671806,No,No,131021361
66672785,Yes,66672906,No,Yes,130749267
66674036,Yes,66675037,No,Yes,130749265
66676250,Yes,66684026,Yes,Yes,130501555
66684026,Yes,66676250,Yes,Yes,130501541
66695552,Yes,66696052,Yes,Yes,130501540
66695957,Yes,66695549,No,Yes,130501539
66696052,Yes,66696052,Yes,Yes,130479091
66696568,Yes,66697526,Yes,Yes,130479090
66697526,Yes,66696568,Yes,Yes,130411851
66698551,Yes,66699584,No,Yes,129658690
66699584,No,66698551,Yes,No,129644186
66703826,Yes,66703828,No,Yes,129644182
66703828,No,66703826,Yes,No,129644172
66703832,Yes,66703833,No,Yes,128941065
66703833,No,66703832,Yes,No,128706051
66703866,Yes,66703867,Yes,Yes,128429893
66703866,Yes,66703868,No,Yes,127952573
66703867,Yes,66703866,Yes,Yes,127948125
66703868,No,66703866,Yes,No,127838563
66703875,Yes,66703876,No,Yes,127805285
66703876,No,66703875,Yes,No,127220567
66703880,Yes,68110103,No,Yes,127219518
66703880,Yes,67245809,No,Yes,126965104
66703882,Yes,66703880,Yes,Yes,126965082
66720831,No,66705498,No,Yes,126965074
66722162,Yes,66722259,No,Yes,126825717
66722255,Yes,66722370,No,Yes,126622080
66722259,No,66722162,Yes,No,126617936
66730604,Yes,66730644,No,Yes,126509102
66730644,No,66730604,Yes,No,126207510
66733964,Yes,66739535,Yes,Yes,126206884
66734566,Yes,66739628,Yes,Yes,125996584
66735037,Yes,66739756,Yes,Yes,124520324
66735050,Yes,66739833,Yes,Yes,124075666
66735054,Yes,66741266,Yes,Yes,124060218
66736470,Yes,66741577,Yes,Yes,123835352
66736479,Yes,66741660,No,Yes,123639758
66737936,Yes,66741862,Yes,Yes,123541750
66739410,No,66733841,No,No,122722150
66739535,Yes,66733964,Yes,Yes,122567631
66739628,Yes,66734566,Yes,Yes,121187265
66739756,Yes,66735037,Yes,Yes,120169875
66739833,Yes,66735050,Yes,Yes,119847616
66741266,Yes,66735054,Yes,Yes,119690508
66741577,Yes,66736470,Yes,Yes,119672432
66741862,Yes,66737936,Yes,Yes,119527022
66741951,No,66738223,No,No,119430068
66767392,Yes,66767393,No,Yes,119430065
66767393,No,66767392,Yes,No,119430062
66767395,No,66767396,No,No,119430058
66767396,No,66767395,No,No,119296641
66773730,Yes,66774657,No,Yes,119290868
66774657,No,66773730,Yes,No,118442128
66774855,No,66774072,No,No,118287232
66775613,Yes,66775771,Yes,Yes,118244230
66775771,Yes,66775613,Yes,Yes,118185376
66779692,Yes,66782107,No,Yes,117988508
66781731,Yes,66776837,No,Yes,117905610
66782031,Yes,66779670,No,Yes,117782036
66782107,No,66782107,No,No,117767192
66791744,Yes,65596631,Yes,Yes,117618530
66805005,No,66805103,No,No,117568090
66805103,No,66805005,No,No,117520218
66820315,Yes,66823222,No,Yes,117444021
66820516,Yes,66825435,No,Yes,117151013
66820927,Yes,66825529,No,Yes,116992306
66822468,Yes,66825739,No,Yes,116824376
66823222,No,66820315,Yes,No,116514877
66825435,No,66820516,Yes,No,116197481
66825692,No,66820999,No,No,116016721
66825694,No,66826402,No,No,115889687
66826402,No,66825694,No,No,115149892
66848833,Yes,66848930,Yes,Yes,114072499
66848930,Yes,66848833,Yes,Yes,113889496
66877531,Yes,66877573,Yes,Yes,112966758
66877573,Yes,66877531,Yes,Yes,112966688
66880866,Yes,66880945,Yes,Yes,112966685
66880945,Yes,66880866,Yes,Yes,112005437
66881421,Yes,66881721,Yes,Yes,111971840
66881534,Yes,66881894,No,Yes,111833861
66881721,Yes,66881421,Yes,Yes,111726206
66881825,Yes,66882020,No,Yes,111693463
66881894,No,66881534,Yes,No,111294263
66882020,No,66881825,Yes,No,111280100
66884325,Yes,66884502,No,Yes,111280097
66884689,Yes,66884623,No,Yes,111149177
66904914,Yes,66904915,No,Yes,111058496
66904915,No,66904914,Yes,Yes,110808566
66924606,Yes,66924679,No,Yes,110808565
66924679,No,66924606,Yes,No,110808564
66924684,Yes,66924793,Yes,Yes,110796306
66924793,Yes,66924684,Yes,Yes,110647079
66924963,Yes,66925018,No,Yes,110647060
66925018,No,66924963,Yes,No,110452785
66925151,Yes,66925075,No,Yes,110407498
66947016,Yes,66947071,No,Yes,110261386
66947071,No,66947016,Yes,No,110261376
66952681,No,66952613,No,No,110221661
66952804,Yes,66952821,No,Yes,110162051
66952821,No,66952804,Yes,No,110061275
66969089,Yes,66969662,No,Yes,110061105
66969542,No,66969033,No,No,110034694
66971672,No,66971674,Yes,Yes,109870255
66971674,Yes,66971672,No,Yes,109707606
66971687,Yes,66971689,No,Yes,109299805
66971687,Yes,66971688,No,Yes,109226965
66971688,No,66971687,Yes,No,109191340
66971689,No,66971687,Yes,No,108856878
66971690,No,66971691,Yes,No,108788387
66971691,Yes,66971690,No,Yes,108740166
66971695,Yes,66971696,No,Yes,108623784
66971696,No,66971695,Yes,No,108623571
66978381,Yes,66978504,Yes,Yes,108580930
66978504,Yes,66978381,Yes,Yes,108574063
66978527,Yes,67012110,Yes,Yes,108420548
66989918,No,66989917,No,Yes,108390002
67010194,Yes,70937456,Yes,Yes,108328630
67012110,Yes,66978527,Yes,Yes,108211315
67023348,No,67023387,Yes,No,108189393
67023387,Yes,67023348,No,Yes,108188958
67032162,Yes,67032385,No,Yes,108019768
67032302,No,67032160,No,No,107935735
67042871,Yes,67045427,No,Yes,107897956
67043048,Yes,67045638,No,Yes,107669465
67045306,No,67032372,No,No,107599835
67045427,No,67042871,Yes,No,107439734
67045523,Yes,67042975,No,Yes,107433431
67045638,No,67043048,Yes,No,107401326
67068219,Yes,67112704,No,Yes,107359856
67068342,Yes,67112986,No,Yes,107325072
67068459,Yes,67113219,Yes,Yes,107319959
67068576,Yes,67113434,No,Yes,107061147
67068693,Yes,67113948,No,Yes,106666137
67068733,No,67114257,Yes,Yes,106631239
67068943,Yes,67114419,No,Yes,106437775
67069089,Yes,67114629,Yes,Yes,106382195
67069163,Yes,67114797,No,Yes,106367954
67069580,Yes,67114911,Yes,Yes,106125894
67069809,Yes,67115766,No,Yes,106048085
67069860,Yes,67115920,Yes,Yes,106016050
67069991,Yes,67116073,Yes,Yes,106016049
67070111,Yes,67116224,No,Yes,105816510
67070166,Yes,67116390,No,Yes,105667234
67070271,Yes,67116574,Yes,Yes,105667217
67070390,Yes,67116881,No,Yes,105534578
67084160,Yes,67084147,No,Yes,105504379
67090531,Yes,67117657,No,Yes,105492260
67090764,Yes,67117791,No,Yes,105486552
67090884,Yes,67118139,No,Yes,105329540
67091040,Yes,67118965,No,Yes,105266808
67092068,Yes,67119451,No,Yes,105157468
67092361,Yes,67121135,No,Yes,105157467
67092430,Yes,67121311,No,Yes,105097060
67093515,Yes,67121224,No,Yes,105019680
67093601,Yes,67121579,No,Yes,104726684
67095282,Yes,67122079,Yes,Yes,104685233
67095677,Yes,67122247,No,Yes,104679526
67112704,No,67068219,Yes,No,104671399
67112986,No,67068342,Yes,No,104601764
67113219,Yes,67068459,Yes,Yes,104383277
67113434,No,67068576,Yes,No,104205671
67113948,No,67068693,Yes,No,104187098
67114257,Yes,67068733,No,Yes,104115722
67114419,No,67068943,Yes,No,104002079
67114629,Yes,67069089,Yes,Yes,103752625
67114797,No,67069163,Yes,No,103691933
67114911,Yes,67069580,Yes,Yes,103625069
67115766,No,67069809,Yes,No,103608326
67115920,Yes,67069860,Yes,Yes,103555046
67116073,Yes,67069991,Yes,Yes,103403764
67116574,Yes,67070271,Yes,Yes,103342389
67116881,No,67070390,Yes,No,103245591
67117248,No,67089687,No,No,102836588
67117576,No,67090372,No,No,102797000
67117791,No,67090764,Yes,No,102708208
67119132,No,67091457,No,No,102328947
67119451,No,67092068,Yes,No,102008783
67121135,No,67092361,Yes,No,101969101
67121224,No,67093515,Yes,No,101255862
67121311,No,67092430,Yes,No,101255856
67121409,No,67092456,No,No,100565863
67121579,No,67093601,Yes,No,99976381
67121661,No,67094103,No,No,99944557
67121775,No,67094329,No,No,99913931
67121869,Yes,67094622,No,Yes,99236145
67122079,Yes,67095282,Yes,Yes,99225310
67122247,No,67095677,Yes,No,99160019
67130272,Yes,67130298,No,Yes,98561205
67130298,No,67130272,Yes,No,98473508
67175396,Yes,67175397,Yes,Yes,98284405
67175397,Yes,15338360,Yes,Yes,97869833
67175413,Yes,67175414,Yes,Yes,97440909
67175414,Yes,67175413,Yes,Yes,97256608
67242174,Yes,67242176,No,Yes,97159169
67242176,No,67242174,Yes,No,97159166
67242177,Yes,67242178,No,Yes,97138799
67242178,No,67242177,Yes,No,96647013
67242181,Yes,67242182,No,Yes,96176962
67242182,No,67242181,Yes,No,95654902
67242185,No,67242186,Yes,No,95654900
67242186,Yes,67242185,No,Yes,93797091
67242187,Yes,68285622,Yes,Yes,93425371
67267473,Yes,70937296,No,Yes,93303942
67304752,No,67305203,No,No,92189876
67305203,No,67304752,No,No,91616843
67336811,No,4529334,Yes,Yes,91431203
67349862,Yes,67360048,No,Yes,91332876
67351556,No,67360336,No,No,90411961
67360048,No,67349862,Yes,No,90310795
67398223,No,66194697,No,Yes,90301156
67422057,No,67422084,Yes,No,90224151
67422084,Yes,67422057,No,Yes,90195564
67459772,Yes,67620012,No,Yes,90076518
67532329,Yes,67532330,No,Yes,89757876
67532330,No,67532329,Yes,No,89418107
67549873,No,67549869,No,No,89418103
67620012,No,67459772,Yes,No,89373001
67620012,No,67664135,Yes,No,89039898
67620777,No,67620919,No,No,87609990
67620919,No,67620777,No,No,86963643
67664135,Yes,67620012,No,Yes,86316481
67665745,No,1495497,No,No,86240655
67665745,No,78555300,No,No,86125668
67740506,Yes,67740507,Yes,Yes,85866160
67740507,Yes,67740506,Yes,Yes,85520429
67740521,Yes,67740522,Yes,Yes,84905356
67740522,Yes,67740521,Yes,Yes,84791471
67800101,Yes,70879081,No,Yes,84776483
67800194,Yes,67800196,No,Yes,84745133
67800196,No,67800194,Yes,No,84476329
67827319,Yes,67827320,No,Yes,83985791
67827320,No,67827319,Yes,No,83909640
67863969,Yes,67863970,Yes,Yes,83101938
67863970,Yes,67863969,Yes,Yes,82734973
67872521,No,67872327,No,No,82247687
67895258,Yes,67895259,No,Yes,79730444
67895259,No,67895258,Yes,Yes,78448738
67957433,No,68151231,No,No,78306590
68005000,Yes,68012050,No,Yes,77960814
68005001,Yes,68012175,No,Yes,77530014
68005588,Yes,68012331,No,Yes,77032956
68005589,Yes,68012451,No,Yes,76475845
68012050,No,68005000,Yes,No,76314940
68012175,No,68005001,Yes,No,75385830
68012331,No,68005588,Yes,No,75172058
68012451,No,68005589,Yes,No,74819085
68150811,Yes,68319565,No,Yes,74818976
68151231,No,67957433,No,Yes,74333017
68202080,Yes,68202136,No,Yes,74099417
68202136,No,68202136,No,No,73987794
68285620,No,68285621,Yes,No,73875323
68285621,Yes,68285620,No,Yes,71955281
68285622,Yes,67242187,Yes,Yes,71871925
68291857,Yes,68291860,No,Yes,71788845
68291860,No,68291857,Yes,No,71782204
68319565,No,68150811,Yes,No,71232767
68323989,No,68330173,No,Yes,70540495
68324282,Yes,68324534,Yes,Yes,70263290
68324534,Yes,68324282,Yes,Yes,69666917
68330173,No,68323989,No,No,69666857
68330950,No,68331269,No,No,69543617
68331269,No,68330950,No,No,69102994
68336214,Yes,68336215,No,Yes,69024211
68336215,No,68336214,Yes,No,68984757
68376419,Yes,68376420,No,Yes,68649677
68376420,No,68376419,Yes,No,68586938
68417061,Yes,68822041,No,Yes,68274401
68417063,No,68417061,Yes,No,68210702
68456389,No,7659042,No,No,67808523
68457686,No,68457687,Yes,No,67788107
68457687,Yes,68457686,No,Yes,67767197
68477808,Yes,68477894,No,Yes,67651282
68477894,No,68477808,Yes,No,66740108
68487487,Yes,68487544,No,Yes,66698964
68487544,No,68487487,Yes,No,66640804
68517558,No,68487108,No,No,66472663
68552032,Yes,68552033,No,Yes,66136865
68649678,No,68649677,Yes,No,65929569
68682858,Yes,68682860,No,Yes,64454774
68682860,No,68682858,Yes,No,64433748
68687692,No,68687785,No,No,64405653
68687785,No,68687692,No,No,64120143
68715797,No,68715798,No,No,64039623
68715798,No,68715797,No,No,64039619
68721002,Yes,68721405,Yes,Yes,64025073
68721405,Yes,68721002,Yes,Yes,63809067
68724691,No,68724692,Yes,No,63804648
68724692,Yes,68724691,No,Yes,63761592
68748758,Yes,68748846,Yes,Yes,63363806
68748846,Yes,68748758,Yes,Yes,63078227
68828633,No,68829703,No,No,62544282
68829703,No,68828633,No,No,61655506
68862095,No,65281768,Yes,Yes,61369838
68906916,Yes,40576956,No,Yes,60936765
68929202,No,68929203,Yes,No,60607923
68929203,Yes,68929202,No,Yes,60590893
68968510,Yes,36511984,Yes,Yes,60588146
68969883,Yes,68969884,No,Yes,60521630
68969884,No,68969883,Yes,No,60511962
69049527,Yes,69051275,Yes,Yes,60490733
69051275,Yes,69049527,Yes,Yes,60457043
69127746,No,69127748,No,No,60455228
69127746,No,69127749,No,No,60432517
69127746,No,69127750,Yes,No,60431791
69127746,No,69127753,No,No,60162578
69127748,No,69127746,No,No,59920174
69127749,No,69127746,No,No,59918533
69127750,Yes,69127746,No,Yes,59554073
69127753,No,69127746,No,No,59309540
69194929,Yes,69194930,No,Yes,59163423
69194929,Yes,69194931,No,Yes,58691272
69194930,No,69194929,Yes,No,58690785
69194931,No,69194929,Yes,No,58690777
69194933,Yes,69194934,Yes,Yes,58421018
69194934,Yes,69194933,Yes,Yes,58421011
69194935,No,69194937,No,No,58421002
69194937,No,69194935,No,No,58011153
69194941,No,69194942,Yes,No,57952982
69194942,Yes,69194941,No,Yes,57950341
69194945,Yes,69194946,No,Yes,57714773
69194946,No,69194945,Yes,No,57592508
69194951,Yes,69194952,No,Yes,57362171
69194952,No,69194951,Yes,No,57086304
69194960,No,69194961,No,No,56808690
69194961,No,69194960,No,No,56499281
69194962,Yes,69194963,Yes,Yes,56497657
69194963,Yes,69194962,Yes,Yes,56497645
69196068,No,69244512,No,No,56043912
69199223,Yes,69199224,No,Yes,56035872
69199224,No,69199223,Yes,No,55359558
69215715,Yes,69215716,No,Yes,55010046
69215716,No,69215715,Yes,Yes,54908304
69244512,No,69196068,No,No,54705230
69304311,No,69304312,Yes,No,54705229
69304312,Yes,69304311,No,Yes,54648008
69313494,Yes,69313495,Yes,Yes,54647350
69313495,Yes,69313494,Yes,Yes,54637191
69407175,No,69407009,No,No,54634837
69501014,Yes,69501017,No,Yes,54616542
69501017,No,69501014,Yes,No,54608706
69502380,Yes,69503327,No,Yes,54602218
69503327,No,69502380,Yes,No,54599315
69511044,No,69524718,No,No,54599306
69524718,No,69511044,No,No,54595460
69551988,No,69552320,No,Yes,54595437
69629262,Yes,69629263,No,Yes,54594191
69629263,No,69629262,Yes,No,54594190
69632872,No,69632873,No,No,54594189
69632873,No,69632872,No,No,54545477
69632916,No,69632919,Yes,No,54543357
69632919,Yes,69632916,No,Yes,54539688
69672770,No,69672777,No,Yes,54536020
69672777,No,69672770,No,No,54536019
69723389,Yes,69723396,No,Yes,54536018
69723396,No,69723389,Yes,Yes,54536013
69764840,No,69767427,No,No,54536012
69765351,No,69765352,No,No,54266136
69765352,No,69765351,No,No,54266124
69813224,No,69821651,No,No,54265109
69819023,Yes,69818454,No,Yes,54265108
69853898,No,69858736,No,Yes,54265106
69858736,No,69853898,No,No,54265103
69872499,No,69872500,No,No,54262900
69872500,No,69872499,No,Yes,54262207
69876407,No,69876408,No,No,54260770
69876408,No,69876407,No,No,54259491
69904395,Yes,69904884,No,Yes,54136886
69904884,No,69904395,Yes,Yes,54136882
69979121,No,69979122,No,No,54136881
69979122,No,69979121,No,No,54136874
69990877,Yes,69991103,Yes,Yes,54136871
69991103,Yes,69990877,Yes,Yes,54136869
70025348,Yes,70025765,No,Yes,54136864
70025765,No,70025348,Yes,No,54136857
70036852,No,70037073,No,No,54132424
70037073,No,70036852,No,No,54131537
70045112,No,57384630,Yes,Yes,54128624
70048689,Yes,70048690,No,Yes,54128623
70048690,No,70048689,Yes,No,54034450
70048692,Yes,70048693,Yes,Yes,54031583
70048693,Yes,70048692,Yes,Yes,54030793
70048705,Yes,70048708,No,Yes,54030382
70048708,No,70048705,Yes,No,54030238
70048714,Yes,70048716,No,Yes,54028585
70048716,No,70048714,Yes,No,54028578
70172190,Yes,70184510,Yes,Yes,54028533
70184510,Yes,70172190,Yes,Yes,54028086
70226852,No,70227023,Yes,No,54008451
70227023,Yes,70226852,No,Yes,53469695
70249584,No,70249585,Yes,Yes,53271496
70249585,Yes,70249584,No,Yes,53244880
70250268,No,70250270,Yes,Yes,53243980
70250270,Yes,70250268,No,Yes,53232080
70351555,No,17025639,Yes,Yes,52527243
70389455,No,70389456,No,No,51824029
70389456,No,70389455,No,No,51770782
70491397,No,70491439,Yes,Yes,51312897
70491439,Yes,70491397,No,Yes,50393797
70507439,Yes,70610437,No,Yes,49459675
70542917,No,70543256,No,No,49362363
70543256,No,70542917,No,No,49305110
70589491,No,70589493,Yes,Yes,48973711
70589493,Yes,70589491,No,Yes,48933848
70602651,Yes,70604940,No,Yes,48313876
70605112,No,70602997,No,No,47714253
70607719,Yes,70607722,No,Yes,47590709
70607722,No,70607719,Yes,No,47267041
70609972,No,40785136,Yes,Yes,46964624
70610437,No,70507439,Yes,No,46808715
70621484,No,70621485,No,Yes,46698368
70621485,No,70621484,No,No,46578393
70624825,Yes,70624827,No,Yes,46161639
70624827,No,70624825,Yes,No,46032939
70632997,Yes,70632999,Yes,Yes,45855730
70632999,Yes,70632997,Yes,Yes,45638237
70667622,No,70667165,No,Yes,45635368
70704696,Yes,327445158,Yes,Yes,45532583
70720212,Yes,70720222,No,Yes,45526063
70720222,No,70720212,Yes,No,45405973
70740343,Yes,70787742,No,Yes,44905213
70749668,No,70885765,Yes,No,44567033
70749668,No,70886900,No,No,44551792
70787742,No,70740343,Yes,No,44475770
70856077,Yes,70891038,Yes,Yes,43491648
70856078,Yes,70891038,Yes,Yes,42549891
70876023,Yes,70876023,Yes,Yes,42257540
70879081,No,67800101,Yes,No,42227619
70885765,Yes,70749668,No,Yes,41977045
70886900,No,70749668,No,Yes,41536285
70891038,Yes,70856077,Yes,Yes,41409015
70896736,Yes,70897093,No,Yes,40852425
70897093,No,70896736,Yes,No,40685944
70916608,No,70876023,Yes,No,40519791
70916703,No,70917292,Yes,No,40518216
70917292,Yes,70916703,No,Yes,40469657
70934939,Yes,70934945,No,Yes,40301200
70934945,No,70934939,Yes,No,40257872
70934996,No,70987087,No,No,40152003
70937456,Yes,67010194,Yes,Yes,39047731
70937610,No,51485780,Yes,Yes,39031562
70937755,Yes,45373209,No,Yes,38633129
70937875,Yes,70937875,Yes,Yes,38600106
70938081,No,42912779,Yes,No,38381342
70938158,No,42003412,Yes,Yes,37758364
70938235,No,41166045,Yes,No,37678804
70938396,No,34471055,Yes,No,37452802
70939006,Yes,19970256,Yes,Yes,37277133
70939433,No,19757378,Yes,Yes,37095559
70939461,No,19741623,Yes,No,37052494
70939528,No,19220497,Yes,No,36995550
70939654,No,14315471,Yes,No,36673302
70939768,No,13896094,Yes,Yes,36585119
70939804,No,13896077,Yes,Yes,36507253
70939902,No,13674014,Yes,No,36482355
70940001,No,13671742,Yes,No,36311621
70940395,No,13671361,Yes,No,36213605
70940574,No,11380928,Yes,No,35913657
70979211,No,56179337,Yes,No,35913463
70979397,Yes,56179335,No,Yes,35913414
70979907,No,52985403,No,Yes,35913307
70987087,No,70934996,No,No,35880478
70990478,No,71047417,No,No,35880404
70999137,Yes,49946869,No,Yes,35880147
71002555,No,26493655,Yes,No,35847864
71008467,No,265944589,Yes,No,35847812
71012923,Yes,71012925,No,Yes,35847656
71012924,Yes,71012927,No,Yes,35847624
71012924,Yes,71012926,No,Yes,35773284
71012924,Yes,71012930,Yes,Yes,35751609
71012924,Yes,71012931,No,Yes,35717349
71012924,Yes,71012932,Yes,Yes,35696594
71012924,Yes,71049367,No,Yes,35696357
71012925,No,71012923,Yes,No,35695995
71012926,No,71012924,Yes,Yes,35667413
71012927,No,71012924,Yes,Yes,35606326
71012930,Yes,71012924,Yes,Yes,35602900
71012931,No,71012924,Yes,Yes,35602283
71012932,Yes,71012924,Yes,Yes,35602158
71047417,No,70990478,No,No,35602074
71049367,No,71012924,Yes,Yes,35568085
71077042,No,71077043,No,No,35568079
71077042,No,287086694,No,No,35485252
71077043,No,71077042,No,No,35041669
71085420,Yes,71085422,Yes,Yes,34776572
71085422,Yes,71085420,Yes,Yes,34596376
71153589,Yes,71153598,Yes,Yes,34596359
71153598,Yes,71153589,Yes,Yes,34339941
71153645,Yes,71153647,Yes,Yes,33942193
71153647,Yes,71153645,Yes,Yes,33829444
71205704,No,71205705,No,No,33829217
71205705,No,71205704,No,No,33829214
71206109,Yes,71206111,No,Yes,33738814
71206111,No,71206109,Yes,Yes,32932455
71427317,Yes,71456747,No,Yes,32920310
71494520,Yes,71494262,No,Yes,32821410
71505246,Yes,71505247,Yes,Yes,32401073
71505247,Yes,71505246,Yes,Yes,32319365
71616838,Yes,71616839,No,Yes,31400662
71616838,Yes,71616840,No,Yes,31232811
71616839,No,71616838,Yes,No,30933660
71616840,No,71616838,Yes,No,30615382
71616842,Yes,71616843,Yes,Yes,30413993
71616843,Yes,71616842,Yes,Yes,30355830
71616869,Yes,71616870,Yes,Yes,30355813
71616870,Yes,71616869,Yes,Yes,30355812
71616873,No,71616875,No,No,30355735
71616874,No,71616875,No,No,30355732
71616875,No,71616874,No,No,30355731
71616875,No,71616873,No,No,30161227
71616891,Yes,71616893,No,Yes,30159254
71616892,Yes,71616896,No,Yes,29988807
71616893,No,71616891,Yes,No,29659181
71616896,No,71616892,Yes,No,29629975
71616907,Yes,71616908,No,Yes,29441499
71616908,No,71616907,Yes,No,28987331
71702555,Yes,71705413,No,Yes,28987263
71704369,No,71704370,No,No,28818128
71704370,No,71704369,No,No,28727854
71706873,No,71706880,No,Yes,27716233
71706880,No,71706873,No,No,26958654
71889922,Yes,71889924,No,Yes,26661295
71889924,No,71889922,Yes,No,26374366
71889926,No,73325214,No,No,26237580
71889946,Yes,71889951,Yes,Yes,26202521
71889951,Yes,71889946,Yes,Yes,25777617
72000620,No,72000626,No,No,25633499
72000626,No,72000620,No,No,24978136
72003148,No,72003361,No,Yes,24911039
72003361,No,72003148,No,No,24885575
72013016,No,72013346,No,No,24852475
72093370,Yes,104980225,No,Yes,24851794
72171160,Yes,72171200,Yes,Yes,24827413
72171200,Yes,72171160,Yes,Yes,24803467
72259533,Yes,72262326,No,Yes,24788106
72262326,No,72259533,Yes,No,24787957
72272289,No,72273607,No,No,24681810
72273607,No,72272289,No,No,24669568
72466094,Yes,72466095,Yes,Yes,24661650
72466095,Yes,72466094,Yes,Yes,24616083
72466127,Yes,72466132,No,Yes,24316588
72466132,No,72466127,Yes,No,23430281
72466143,No,72466147,No,No,23027791
72466147,No,72466143,No,No,22950722
72516688,Yes,72516689,No,Yes,22903348
72516689,No,72516688,Yes,Yes,22135368
72616585,No,72616584,No,Yes,22015329
72616587,Yes,72616591,Yes,Yes,21659864
72616590,Yes,72616591,Yes,Yes,21591413
72616591,Yes,72616592,Yes,Yes,21499047
72616591,Yes,72616590,Yes,Yes,21482786
72616592,Yes,72616584,No,Yes,21426530
72616619,Yes,72616620,Yes,Yes,21194656
72616620,Yes,72616619,Yes,Yes,21079325
72616625,No,72616628,No,Yes,21044440
72616628,No,72616625,No,No,20416800
72616632,Yes,72616635,Yes,Yes,20188251
72616635,Yes,72616632,Yes,Yes,20036548
72616644,No,80748309,No,Yes,19753844
72616646,No,72616647,Yes,No,19726185
72616647,Yes,72616644,No,Yes,19677338
72616647,Yes,72616646,No,Yes,18446276
72779118,No,72779223,No,No,18446202
72779223,No,72779118,No,No,18445440
73180598,No,73180711,No,No,16925340
73180711,No,73180598,No,No,19462654
73184467,Yes,73184543,No,Yes,19305635
73184543,No,73184467,Yes,No,19169634
73208733,No,73208734,No,No,18579753
73208734,No,73208733,No,No,18467833
73288373,Yes,11254099,No,Yes,16638188
73296347,Yes,73296349,No,Yes,15874060
73296349,No,73296347,Yes,No,17929052
73306299,Yes,73297476,No,Yes,17100182
73325214,No,71889926,No,No,15098653
73468858,Yes,73471015,No,Yes,15097703
73471015,No,73468858,Yes,No,15068185
73471015,No,90372897,Yes,No,14874405
73482591,No,28163775,No,Yes,14342243
73492385,No,73490068,No,No,13390063
73518582,No,73518584,Yes,No,16500830
73518582,No,73518585,Yes,No,13390062
73518584,Yes,73518582,No,Yes,13255860
73518585,Yes,73518582,No,Yes,15732268
73553566,No,75222572,Yes,No,15297864
73591984,No,73592164,No,Yes,13253761
73592164,No,73591984,No,Yes,13080951
73606008,No,73606108,No,No,12451716
73606108,No,73606008,No,No,14469682
73608195,No,73608357,No,No,14421588
73608300,Yes,73609258,No,Yes,14270674
73608357,No,73608195,No,No,14220479
73609258,No,73608300,Yes,No,13926751
73686045,Yes,338010743,No,Yes,13539701
73702916,Yes,73707609,No,Yes,13113599
73707609,No,73702916,Yes,Yes,12234912
73771707,Yes,73771708,Yes,Yes,12234644
73771708,Yes,73771707,Yes,Yes,10889049
73771712,Yes,73771713,No,Yes,10150273
73771713,No,73771712,Yes,No,9607616
73771776,No,73771778,No,Yes,12335787
73771778,No,73771776,No,No,9362167
73771779,Yes,73771795,Yes,Yes,9362166
73771795,Yes,73771779,Yes,Yes,12048432
73797998,Yes,73798522,Yes,Yes,12032316
73798522,Yes,73797998,Yes,Yes,10962339
73832306,Yes,73832852,No,Yes,9354132
73832852,No,73832306,Yes,No,10494726
73899137,No,73899138,No,No,9292920
73899138,No,73899137,No,No,9734218
73933365,Yes,73933779,No,Yes,9709517
73933779,No,73933365,Yes,No,9256801
73960121,Yes,73960123,No,Yes,9161532
73960123,No,73960121,Yes,No,9132996
73960133,Yes,73960134,No,Yes,9505830
73960134,No,73960133,Yes,Yes,9108734
73983784,No,73985454,Yes,No,9005932
73985454,Yes,73983784,No,Yes,9005871
74021650,Yes,74021745,No,Yes,7072534
74021745,No,74021650,Yes,No,6806513
74021957,No,74022016,No,No,6806508
74022016,No,74021957,No,No,6774680
74095116,No,104676320,No,Yes,6366142
74125293,Yes,74125362,No,Yes,6366141
74125362,No,74125293,Yes,No,6366091
74145264,No,74146251,No,No,6256438
74146251,No,74145264,No,No,8980501
74170333,Yes,74170334,No,Yes,8744917
74170334,No,74170333,Yes,Yes,8243656
74228214,No,74250546,Yes,No,8172030
74250546,Yes,74228214,No,Yes,7393601
74347709,No,74347836,No,No,7375143
74347836,No,74347709,No,No,7303528
74399867,No,74400116,No,No,6245744
74400116,No,74399867,No,Yes,7037659
74611022,No,74611069,Yes,Yes,6889825
74611069,Yes,74611022,No,Yes,5967049
74664538,Yes,74664541,Yes,Yes,5296631
74664541,Yes,79557976,No,Yes,6473577
74664556,No,74664557,No,No,6387568
74664557,No,74664556,No,No,5273080
74664637,No,74702908,Yes,No,5089048
74702908,Yes,74664637,No,Yes,5032625
74716276,No,8412455,No,No,6364645
74716276,No,1361255,No,No,5032581
74716276,No,11052821,No,No,4927266
74723977,No,11062359,No,No,4646600
74724395,No,1133892,Yes,No,6139143
74724598,No,1120591,Yes,No,6138249
74822424,No,74822426,No,No,4610066
74822426,No,74822424,No,Yes,5962311
74889789,Yes,74889790,Yes,Yes,4604193
74889790,Yes,74889789,Yes,Yes,4570197
74924427,No,74925538,No,No,4511578
74927991,No,74928113,No,No,3120733
74928113,No,74927991,No,No,2990868
74951794,Yes,74951799,Yes,Yes,2827989
74951797,No,74951799,Yes,No,4787562
74951799,Yes,74951794,Yes,Yes,2607015
74951799,Yes,74951797,No,Yes,1766483
74951821,Yes,74951830,No,Yes,1744007
74951830,No,74951821,Yes,Yes,1744001
75103252,No,75103415,No,No,1743984
75103415,No,75103252,No,No,3705259
75222572,Yes,73553566,No,Yes,11230799
75286194,No,88420263,No,No,3304440
75313225,No,75313365,Yes,No,1219458
75313365,Yes,75313225,No,Yes,3058903
75566705,Yes,75566706,Yes,Yes,1207662
75566706,Yes,75566705,Yes,Yes,1207646
75566727,Yes,75566728,No,Yes,2706034
75566728,No,75566727,Yes,Yes,2655204
75566732,No,75566738,Yes,Yes,503139
75566737,Yes,75566738,Yes,Yes,2518530
75566738,Yes,75566732,No,Yes,420386
75566738,Yes,75566737,Yes,Yes,1587964
75566738,Yes,75566742,No,Yes,1515087
75566742,No,75566738,Yes,Yes,843690
75566744,No,75566745,Yes,Yes,424251
75566745,Yes,75566744,No,Yes,338604
75566764,No,75566765,No,No,
75566765,No,75566764,No,Yes,
75579220,No,75579222,No,Yes,
75579222,No,75579220,No,No,
75686956,Yes,75686958,No,Yes,
75686957,Yes,75686958,No,Yes,
75686958,No,75686957,Yes,No,
75686958,No,75686956,Yes,No,
75686995,No,75686996,Yes,No,
75686996,Yes,75687000,No,Yes,
75686996,Yes,75686995,No,Yes,
75686996,Yes,75686997,No,Yes,
75686997,No,75686996,Yes,No,
75687000,No,75686996,Yes,Yes,
75873319,No,76467671,No,Yes,
75909983,Yes,75910201,No,Yes,
75910201,No,75909983,Yes,No,
76467671,No,75873319,No,No,
76646940,No,76646946,Yes,Yes,
76646946,Yes,76646940,No,Yes,
76646961,No,76646966,Yes,Yes,
76646966,Yes,76646961,No,Yes,
76647099,Yes,76647101,Yes,Yes,
76647101,Yes,76647099,Yes,Yes,
76647146,No,76647151,Yes,Yes,
76647151,Yes,76647146,No,Yes,
76770944,No,76770952,No,No,
76770952,No,76770944,No,No,
77058408,Yes,77058417,Yes,Yes,
77058417,Yes,77058408,Yes,Yes,
77058529,Yes,77058541,No,Yes,
77058541,No,77058529,Yes,No,
77638659,No,77638667,No,Yes,
77638667,No,77638659,No,Yes,
77638701,Yes,77638702,No,Yes,
77638702,No,77638701,Yes,No,
77649668,Yes,77649669,No,Yes,
77649669,No,77649668,Yes,No,
77778200,Yes,77778201,No,Yes,
77778201,No,77778200,Yes,No,
77786686,Yes,77787099,Yes,Yes,
77787099,Yes,77786686,Yes,Yes,
77860188,No,77860185,No,No,
78035823,Yes,78322290,Yes,Yes,
78137298,No,78137346,No,No,
78137346,No,78137298,No,No,
78197688,Yes,78197746,Yes,Yes,
78197746,Yes,78197688,Yes,Yes,
78321781,No,78322158,No,No,
78322158,No,78321781,No,No,
78322290,Yes,78035823,Yes,Yes,
78337807,No,78337880,No,No,
78337880,No,78337807,No,No,
78381816,Yes,78381830,Yes,Yes,
78381816,Yes,78381827,Yes,Yes,
78381816,Yes,78381822,No,Yes,
78381816,Yes,78381819,Yes,Yes,
78381816,Yes,78381817,No,Yes,
78381817,No,78381816,Yes,Yes,
78381819,Yes,78381816,Yes,Yes,
78381822,No,78381816,Yes,Yes,
78381823,Yes,78381825,No,Yes,
78381825,No,78381823,Yes,Yes,
78381827,Yes,78381816,Yes,Yes,
78381830,Yes,78381816,Yes,Yes,
78447699,Yes,78447700,No,Yes,
78447700,No,78447699,Yes,Yes,
78555300,No,67665745,No,No,
78556678,No,66368233,No,No,
78598722,No,197527384,No,No,
78820594,No,66368233,No,Yes,
78857233,Yes,78857236,No,Yes,
78857236,No,78857233,Yes,No,
78857253,Yes,78857254,Yes,Yes,
78857254,Yes,78857253,Yes,Yes,
78857275,Yes,78857278,Yes,Yes,
78857275,Yes,78857279,No,Yes,
78857275,Yes,78857281,Yes,Yes,
78857275,Yes,78857282,Yes,Yes,
78857275,Yes,78857297,Yes,Yes,
78857275,Yes,78857304,No,Yes,
78857275,Yes,78857306,No,Yes,
78857278,Yes,78857275,Yes,Yes,
78857279,No,78857275,Yes,Yes,
78857281,Yes,78857275,Yes,Yes,
78857282,Yes,78857275,Yes,Yes,
78857285,Yes,78857289,Yes,Yes,
78857285,Yes,78857288,Yes,Yes,
78857288,Yes,78857285,Yes,Yes,
78857289,Yes,78857285,Yes,Yes,
78857295,No,78857296,No,Yes,
78857296,No,78857295,No,No,
78857297,Yes,78857275,Yes,Yes,
78857304,No,78857275,Yes,No,
78857306,No,78857275,Yes,Yes,
78857336,Yes,78857347,No,Yes,
78857347,No,78857336,Yes,No,
78857350,Yes,78857353,Yes,Yes,
78857353,Yes,78857355,No,Yes,
78857353,Yes,78857350,Yes,Yes,
78857355,No,78857353,Yes,Yes,
78878698,Yes,78878699,No,Yes,
78878699,No,78878698,Yes,No,
79275254,No,79275256,Yes,No,
79275256,Yes,79275254,No,Yes,
79275274,No,79275280,Yes,No,
79275274,No,79275277,Yes,No,
79275274,No,79275276,No,No,
79275274,No,79275278,Yes,No,
79275274,No,79275279,No,No,
79275276,No,79275274,No,No,
79275277,Yes,79275274,No,Yes,
79275278,Yes,79275274,No,Yes,
79275279,No,79275274,No,No,
79275280,Yes,79275274,No,Yes,
79317276,Yes,79317277,Yes,Yes,
79317277,Yes,79317276,Yes,Yes,
79317311,No,79317318,Yes,No,
79317318,Yes,79317311,No,Yes,
79430985,No,79430986,Yes,No,
79430986,Yes,79430985,No,Yes,
79516431,No,66368233,No,No,
79517024,Yes,66368233,No,Yes,
79527725,No,12192407,Yes,Yes,
79554435,Yes,79554438,No,Yes,
79554438,No,79554435,Yes,No,
79677780,Yes,79677789,No,Yes,
79677789,No,79677780,Yes,No,
79680521,No,79680524,Yes,No,
79680524,Yes,79680521,No,Yes,
79680526,Yes,79680527,Yes,Yes,
79680527,Yes,79680526,Yes,Yes,
79886763,No,79886764,No,No,
79886764,No,79886763,No,No,
80274513,Yes,80274514,No,Yes,
80274514,No,80274513,Yes,No,
80274525,Yes,80274529,Yes,Yes,
80274525,Yes,80274526,No,Yes,
80274525,Yes,80274528,Yes,Yes,
80274526,No,80274525,Yes,Yes,
80274528,Yes,80274525,Yes,Yes,
80274529,Yes,80274525,Yes,Yes,
80274547,Yes,80274551,No,Yes,
80274551,No,80274547,Yes,No,
80432584,No,80432816,No,No,
80432816,No,80432584,No,No,
80538000,Yes,80644999,No,Yes,
80601280,No,41423765,No,No,
80635381,Yes,80636233,No,Yes,
80636233,No,80635381,Yes,No,
80644999,No,80538000,Yes,Yes,
80744263,Yes,80744592,No,Yes,
80744592,No,80744263,Yes,No,
80751923,Yes,80751926,No,Yes,
80751926,No,80751923,Yes,No,
80906141,Yes,80906142,Yes,Yes,
80906142,Yes,80906141,Yes,Yes,
80991032,Yes,80997814,No,Yes,
80997814,No,80991032,Yes,No,
81218712,Yes,81218716,No,Yes,
81218716,No,81218712,Yes,No,
81218721,Yes,81218722,Yes,Yes,
81218722,Yes,81218721,Yes,Yes,
81324316,Yes,81324319,No,Yes,
81324319,No,81324316,Yes,No,
81726798,Yes,83307558,No,Yes,
81758852,No,81759991,No,No,
81759991,No,81758852,No,No,
81901701,No,81901702,No,Yes,
81901702,No,81901701,No,Yes,
81906283,No,81906307,No,No,
81906289,No,81906307,No,No,
81906291,No,81906307,No,No,
81906292,No,81906307,No,No,
81906295,No,81906307,No,No,
81906296,No,81906307,No,No,
81906297,No,81906307,No,No,
81906301,No,81906307,No,No,
81906302,No,81906307,No,No,
81906305,Yes,81906307,No,Yes,
81906307,No,81906283,No,No,
81906307,No,81906289,No,No,
81906307,No,81906291,No,No,
81906307,No,81906292,No,No,
81906307,No,81906295,No,No,
81906307,No,81906296,No,No,
81906307,No,81906297,No,No,
81906307,No,81906301,No,No,
81906307,No,81906302,No,No,
81906307,No,81906305,Yes,No,
82037516,No,82037519,No,Yes,
82037519,No,82037516,No,No,
82066513,Yes,82066527,No,Yes,
82066527,No,82066513,Yes,No,
82178867,Yes,82178878,No,Yes,
82178878,No,82178867,Yes,No,
82325221,Yes,82325223,Yes,Yes,
82325222,No,82325223,Yes,Yes,
82325223,Yes,82325221,Yes,Yes,
82325223,Yes,82325222,No,Yes,
82325236,Yes,82325237,No,Yes,
82325237,No,82325236,Yes,No,
82325247,Yes,82325248,Yes,Yes,
82325248,Yes,82325247,Yes,Yes,
82460727,No,82460728,Yes,Yes,
82460727,No,82460729,Yes,Yes,
82460727,No,82460753,No,Yes,
82460727,No,82460734,No,Yes,
82460727,No,82460736,Yes,Yes,
82460727,No,82460751,Yes,Yes,
82460727,No,82460754,No,Yes,
82460727,No,82460763,Yes,Yes,
82460727,No,82460764,No,Yes,
82460728,Yes,82460727,No,Yes,
82460729,Yes,82460727,No,Yes,
82460734,No,82460727,No,No,
82460736,Yes,82460727,No,Yes,
82460751,Yes,82460727,No,Yes,
82460753,No,82460727,No,No,
82460754,No,82460727,No,No,
82460763,Yes,82460727,No,Yes,
82460764,No,82460727,No,No,
82554204,Yes,82574627,Yes,Yes,
82574627,Yes,82554204,Yes,Yes,
82588219,No,82588222,Yes,Yes,
82588222,Yes,82588219,No,Yes,
82588231,Yes,82588234,Yes,Yes,
82588234,Yes,82588231,Yes,Yes,
82624166,No,108306652,No,No,
82719723,No,82719725,Yes,No,
82719725,Yes,82719723,No,Yes,
82719738,No,82719739,Yes,Yes,
82719739,Yes,82719738,No,Yes,
82719747,No,82719751,No,Yes,
82719751,No,82719747,No,Yes,
82719770,Yes,82719780,No,Yes,
82719780,No,82719770,Yes,No,
82719789,No,82719796,Yes,Yes,
82719796,Yes,82719789,No,Yes,
82719798,Yes,82719801,Yes,Yes,
82719801,Yes,82719798,Yes,Yes,
82978838,Yes,242483291,No,Yes,
83172922,Yes,83172924,No,Yes,
83172924,No,83172922,Yes,Yes,
83299073,No,83299388,No,No,
83299388,No,83299073,No,No,
83307558,No,81726798,Yes,No,
83529430,Yes,228708586,No,Yes,
83547039,No,83547044,No,Yes,
83547044,No,83547039,No,Yes,
83547108,No,83547109,Yes,Yes,
83547109,Yes,83547108,No,Yes,
84154497,No,35489854,Yes,No,
84345068,Yes,84346567,No,Yes,
84346567,No,84345068,Yes,No,
84348739,Yes,84348741,No,Yes,
84348741,No,84348739,Yes,No,
84355137,Yes,84355139,No,Yes,
84355139,No,84355137,Yes,No,
84358234,Yes,84358235,No,Yes,
84358235,No,84358234,Yes,Yes,
84740841,No,84740843,Yes,No,
84740843,Yes,84740841,No,Yes,
84804118,Yes,84804335,No,Yes,
84804335,No,84804118,Yes,Yes,
84820353,No,84820354,No,No,
84820354,No,84820353,No,No,
84867836,Yes,84867837,No,Yes,
84867837,No,84867836,Yes,No,
84903294,Yes,299112414,No,Yes,
85066853,Yes,85070983,Yes,Yes,
85066853,Yes,85071419,Yes,Yes,
85066853,Yes,85071783,Yes,Yes,
85070983,Yes,85066853,Yes,Yes,
85071419,Yes,85066853,Yes,Yes,
85071783,Yes,85066853,Yes,Yes,
85118772,Yes,85118774,No,Yes,
85118774,No,85118772,Yes,No,
85158001,No,85159352,No,No,
85159352,No,85158001,No,No,
85812063,No,85812064,Yes,No,
85812064,Yes,85812063,No,Yes,
86062705,No,86062707,No,No,
86062707,No,86062705,No,No,
86062717,Yes,86062718,Yes,Yes,
86062717,Yes,86062721,No,Yes,
86062717,Yes,86062722,Yes,Yes,
86062717,Yes,86062723,No,Yes,
86062717,Yes,86062724,Yes,Yes,
86062718,Yes,86062717,Yes,Yes,
86062721,No,86062717,Yes,No,
86062722,Yes,86062717,Yes,Yes,
86062723,No,86062717,Yes,Yes,
86062724,Yes,86062717,Yes,Yes,
86062733,No,86062734,No,No,
86062734,No,86062733,No,No,
86062744,Yes,86062747,Yes,Yes,
86062747,Yes,86062744,Yes,Yes,
86062747,Yes,86062750,No,Yes,
86062750,No,86062747,Yes,No,
86062770,Yes,86062776,No,Yes,
86062771,No,86062776,No,No,
86062776,No,86062770,Yes,Yes,
86062776,No,86062771,No,Yes,
86169670,Yes,86169673,No,Yes,
86169673,No,86169670,Yes,Yes,
86318339,Yes,323255070,Yes,Yes,
86345495,Yes,86345499,Yes,Yes,
86345499,Yes,86345495,Yes,Yes,
86345500,Yes,86345495,Yes,Yes,
86379203,Yes,86379205,No,Yes,
86379205,No,86379203,Yes,No,
86379213,Yes,86379215,Yes,Yes,
86379215,Yes,86379213,Yes,Yes,
86523930,Yes,86523939,Yes,Yes,
86523939,Yes,86523930,Yes,Yes,
86523950,Yes,86523951,No,Yes,
86523950,Yes,86523952,No,Yes,
86523950,Yes,86523955,No,Yes,
86523950,Yes,86523956,No,Yes,
86523951,No,86523950,Yes,Yes,
86523952,No,86523950,Yes,No,
86523955,No,86523950,Yes,Yes,
86523956,No,86523950,Yes,No,
86523958,Yes,86523959,No,Yes,
86523958,Yes,86523960,No,Yes,
86523959,No,86523958,Yes,Yes,
86523960,No,86523958,Yes,No,
86523963,No,86523965,Yes,No,
86523965,Yes,86523963,No,Yes,
86747211,Yes,86747854,No,Yes,
86747854,No,86747211,Yes,No,
86782704,No,86807256,No,No,
86807256,No,86782704,No,No,
87154034,Yes,87154035,Yes,Yes,
87154035,Yes,87154034,Yes,Yes,
87313083,Yes,87313084,Yes,Yes,
87313084,Yes,87313083,Yes,Yes,
87313084,Yes,87313088,No,Yes,
87313084,Yes,87313085,No,Yes,
87313084,Yes,87313090,No,Yes,
87313084,Yes,87313093,No,Yes,
87313085,No,87313084,Yes,No,
87313088,No,87313084,Yes,No,
87313090,No,87313084,Yes,No,
87313093,No,87313084,Yes,No,
87313117,Yes,87313121,No,Yes,
87313117,Yes,87313128,No,Yes,
87313117,Yes,87313129,No,Yes,
87313117,Yes,87313131,No,Yes,
87313121,No,87313117,Yes,No,
87313122,Yes,87313123,No,Yes,
87313123,No,87313122,Yes,No,
87313128,No,87313117,Yes,No,
87313129,No,87313117,Yes,No,
87313131,No,87313117,Yes,No,
87313134,Yes,87313139,No,Yes,
87313139,No,87313134,Yes,No,
87323229,No,87324084,No,No,
87324084,No,87323229,No,No,
87430214,Yes,87430215,No,Yes,
87430215,No,87430215,No,No,
87430238,Yes,87430245,No,Yes,
87430245,No,87430238,Yes,No,
87430247,Yes,87430250,No,Yes,
87430250,No,87430247,Yes,No,
87500238,No,87500239,No,Yes,
87500239,No,87500238,No,Yes,
87523977,Yes,87523978,Yes,Yes,
87523978,Yes,87523977,Yes,Yes,
87524014,Yes,87524015,No,Yes,
87524015,No,87524014,Yes,No,
87534459,Yes,87534460,Yes,Yes,
87534460,Yes,87534459,Yes,Yes,
87697058,Yes,87697059,No,Yes,
87697059,No,87697058,Yes,No,
87704686,Yes,87704801,Yes,Yes,
87704801,Yes,87704686,Yes,Yes,
87730539,Yes,87730545,No,Yes,
87730545,No,87730539,Yes,Yes,
87941249,Yes,87941993,No,Yes,
87941993,No,87941249,Yes,No,
88027599,Yes,88027601,Yes,Yes,
88027601,Yes,88027599,Yes,Yes,
88027623,Yes,88027624,No,Yes,
88027624,No,88027623,Yes,No,
88027634,Yes,88027638,No,Yes,
88027638,No,88027634,Yes,No,
88208630,Yes,88208634,No,Yes,
88316892,Yes,88316897,No,Yes,
88316897,No,88316892,Yes,No,
88420263,No,75286194,No,Yes,
88422072,Yes,88799916,No,Yes,
88504964,Yes,88504966,No,Yes,
88504966,No,88504964,Yes,No,
88506721,No,88506722,No,No,
88506721,No,88506723,No,No,
88506722,No,88506721,No,No,
88506723,No,88506721,No,No,
88568447,Yes,88568683,No,Yes,
88568683,No,88568447,Yes,Yes,
88729424,No,88729425,Yes,No,
88729425,Yes,88729424,No,Yes,
88799916,No,88422072,Yes,Yes,
88799916,No,89895116,Yes,Yes,
88799916,No,89895376,Yes,Yes,
88799916,No,89895711,Yes,Yes,
88799916,No,90029685,No,Yes,
89098874,Yes,89098903,Yes,Yes,
89098903,Yes,89098874,Yes,Yes,
89109493,Yes,89110001,Yes,Yes,
89110001,Yes,89109493,Yes,Yes,
89288809,No,89445609,No,No,
89445609,No,89288809,No,No,
89549463,No,89549180,No,No,
89768239,No,9517655,Yes,No,
89771030,Yes,89771206,No,Yes,
89771206,No,89771030,Yes,No,
89895116,Yes,88799916,No,Yes,
89895376,Yes,88799916,No,Yes,
89895711,Yes,88799916,No,Yes,
89928128,No,206295516,No,No,
90029685,No,88799916,No,Yes,
90043642,No,90043644,Yes,No,
90043644,Yes,90043642,No,Yes,
90050415,No,206294747,No,No,
90178562,Yes,59984409,No,Yes,
90372897,Yes,73471015,No,Yes,
90574880,No,206294381,No,No,
90581129,No,90581133,No,No,
90904110,Yes,90905692,No,Yes,
90905692,No,90904110,Yes,No,
90924766,Yes,90924767,Yes,Yes,
90924767,Yes,90924766,Yes,Yes,
90924790,Yes,90924791,No,Yes,
90924791,No,90924790,Yes,No,
90924829,Yes,90924830,No,Yes,
90924830,No,90924829,Yes,No,
90924834,Yes,90924835,No,Yes,
90924835,No,90924834,Yes,No,
90924838,No,90924840,No,No,
90924840,No,90924838,No,No,
90924841,Yes,90924843,No,Yes,
90924843,No,90924841,Yes,No,
91055924,Yes,91061718,No,Yes,
91061718,No,91055924,Yes,No,
91084384,Yes,91084387,No,Yes,
91084387,No,91084384,Yes,No,
91090099,No,91090100,No,No,
91090100,No,91090099,No,No,
91125304,Yes,91125524,Yes,Yes,
91125524,Yes,91125304,Yes,Yes,
91126736,No,91127198,No,No,
91127198,No,91126736,No,No,
91378686,No,342464524,No,No,
91378776,Yes,91378779,Yes,Yes,
91378779,Yes,91378776,Yes,Yes,
91588552,Yes,91588952,Yes,Yes,
91588952,Yes,91588552,Yes,Yes,
91596288,Yes,91596559,No,Yes,
91596559,No,91596288,Yes,No,
91782663,Yes,91782664,No,Yes,
91782664,No,91782663,Yes,No,
91782680,Yes,91782681,No,Yes,
91782681,No,91782680,Yes,No,
91790925,Yes,91791324,Yes,Yes,
91791324,Yes,91790925,Yes,Yes,
91889319,Yes,91889761,No,Yes,
91889761,No,91889319,Yes,Yes,
91934044,No,2498470,No,No,
92135187,Yes,92135967,No,Yes,
92135967,No,92135187,Yes,No,
92137210,Yes,92137211,No,Yes,
92137211,No,92137210,Yes,No,
92137231,Yes,92137237,No,Yes,
92137237,No,92137231,Yes,No,
92137264,Yes,92144531,Yes,Yes,
92144531,Yes,92137264,Yes,Yes,
92394534,Yes,92394550,No,Yes,
92394534,Yes,923945352,No,Yes,
92394537,Yes,92394555,Yes,Yes,
92394550,No,92394534,Yes,No,
92394552,Yes,92394534,Yes,Yes,
92394555,Yes,92394537,Yes,Yes,
92706755,No,92706756,No,No,
92706756,No,92706755,No,No,
92804693,No,92804813,No,No,
92804813,No,92804693,No,No,
92817850,No,92817851,No,No,
92817851,No,92817850,No,No,
92817859,Yes,92817860,No,Yes,
92817860,No,92817859,Yes,No,
92928170,No,92928169,No,Yes,
93029097,No,93029126,Yes,No,
93029126,Yes,93029097,No,Yes,
93029334,No,93029346,Yes,No,
93029346,Yes,93029334,No,Yes,
93072412,No,93072413,No,Yes,
93072413,No,93072412,No,No,
93072421,Yes,93072425,No,Yes,
93072422,Yes,93072425,No,Yes,
93072425,No,93072421,Yes,No,
93072425,No,93072422,Yes,No,
93096614,Yes,189522373,Yes,Yes,
93096624,Yes,262145496,No,Yes,
93165448,No,93165587,No,No,
93165587,No,93165448,No,No,
93253933,Yes,93253934,No,Yes,
93253934,No,93253933,Yes,Yes,
93272373,Yes,106132007,No,Yes,
93364815,No,242481576,Yes,No,
93550813,No,93550821,No,No,
93550821,No,93550813,No,Yes,
93724770,No,93724774,No,No,
93724774,No,93724770,No,No,
93724783,No,93724789,No,No,
93724789,No,93724783,No,No,
94476737,No,243155301,No,No,
94477241,No,94477505,No,No,
94477505,No,94477241,No,No,
94545153,Yes,94545832,Yes,Yes,
94545832,Yes,94545153,Yes,Yes,
94594217,No,94594562,No,No,
94594562,No,94594217,No,No,
94594910,No,94595202,No,No,
94595202,No,94594910,No,No,
94595498,No,94595624,No,No,
94595624,No,94595498,No,No,
94671271,Yes,94671272,No,Yes,
94775224,Yes,94777185,No,Yes,
94777185,No,94775224,Yes,Yes,
94778694,Yes,94778638,No,Yes,
94949194,Yes,94978892,Yes,Yes,
94978892,Yes,94949194,Yes,Yes,
95025921,No,95025922,No,No,
95025922,No,95025921,No,No,
95660547,No,95661349,No,No,
95660945,Yes,95668419,No,Yes,
95661349,No,95660547,No,Yes,
95668419,No,95660945,Yes,No,
95861267,Yes,95862887,No,Yes,
95862887,No,95861267,Yes,No,
96099633,No,97326888,No,No,
96395763,Yes,96395766,No,Yes,
96395766,No,96395763,Yes,No,
96714360,Yes,96714361,No,Yes,
96714361,No,96714360,Yes,No,
96732137,Yes,96732138,No,Yes,
96841067,Yes,96841068,No,Yes,
96841068,No,96841067,Yes,No,
96882979,Yes,96882980,Yes,Yes,
96882980,Yes,96882979,Yes,Yes,
96882982,No,98529493,Yes,No,
97125630,No,97126008,Yes,No,
97126008,Yes,97125630,No,Yes,
97254274,Yes,97254276,Yes,Yes,
97254276,Yes,97254274,Yes,Yes,
97314562,Yes,97314563,No,Yes,
97314563,No,97314562,Yes,No,
97324555,No,97324733,Yes,No,
97324733,Yes,97324555,No,Yes,
97326888,No,96099633,No,Yes,
97403215,No,97403219,No,No,
97403219,No,97403215,No,No,
97610244,No,97610245,Yes,Yes,
97610245,Yes,97610244,No,Yes,
97622049,No,97622122,No,No,
97622122,No,97622049,No,No,
97870496,Yes,97871288,No,Yes,
97871288,No,97870496,Yes,No,
97880138,Yes,28545358,Yes,Yes,
98131717,No,98131722,Yes,No,
98131722,Yes,98131717,No,Yes,
98368575,Yes,98368576,Yes,Yes,
98368576,Yes,98368575,Yes,Yes,
98518083,Yes,98518084,No,Yes,
98518084,No,98518083,Yes,Yes,
98518139,No,98518142,Yes,No,
98518142,Yes,98518139,No,Yes,
98518142,Yes,98801644,No,Yes,
98529493,Yes,96882982,No,Yes,
98596694,No,98596826,No,Yes,
98596826,No,98597256,No,No,
98597256,No,98596826,No,No,
98604424,Yes,31535775,No,Yes,
98609604,No,98714996,No,No,
98714996,No,98609604,No,No,
98782881,Yes,98783065,Yes,Yes,
98783065,Yes,98782881,Yes,Yes,
98801644,No,98518142,Yes,No,
98812635,Yes,98812636,Yes,Yes,
98812636,Yes,98812635,Yes,Yes,
98812640,No,98812642,No,Yes,
98812642,No,98812640,No,No,
99108893,No,99108894,Yes,No,
99108894,Yes,99108893,No,Yes,
99252816,Yes,99252817,No,Yes,
99252817,No,99252816,Yes,No,
99315342,No,99316187,Yes,No,
99316187,Yes,99315342,No,Yes,
99333107,No,99333288,No,Yes,
99333288,No,99333107,No,Yes,
99381422,Yes,99381427,No,Yes,
99381427,No,99381422,Yes,No,
99404064,No,99404065,No,Yes,
99404065,No,99404064,No,Yes,
99424238,No,99424899,No,No,
99424899,No,99424238,No,No,
99429982,Yes,99432554,No,Yes,
99432554,No,99429982,Yes,No,
99519469,No,99519470,No,No,
99519470,No,99519469,No,No,
99650269,No,99650271,Yes,Yes,
99650271,Yes,99650269,No,Yes,
99990955,No,99990956,No,Yes,
99990956,No,99990955,No,Yes,
100052837,No,100126056,Yes,Yes,
100053359,No,100053594,No,Yes,
100053594,No,100053359,No,Yes,
100060648,No,100060741,No,Yes,
100060741,No,100060648,No,No,
100125424,Yes,100126056,Yes,Yes,
100125750,No,100126056,Yes,Yes,
100126056,Yes,100125750,No,Yes,
100126056,Yes,100125424,Yes,Yes,
100126056,Yes,100126348,Yes,Yes,
100126056,Yes,100052837,No,Yes,
100126056,Yes,100218796,Yes,Yes,
100126348,Yes,100126056,Yes,Yes,
100157926,Yes,100158013,No,Yes,
100158013,No,100157926,Yes,No,
100191270,Yes,100191271,No,Yes,
100191271,No,100191270,Yes,Yes,
100213596,Yes,100213691,No,Yes,
100213691,No,100213596,Yes,Yes,
100218796,Yes,100126056,Yes,Yes,
100228709,No,100228846,No,No,
100228846,No,100228709,No,No,
100314445,Yes,100314533,No,Yes,
100314533,No,100314445,Yes,No,
100399114,No,100399401,No,No,
100399401,No,100399114,No,No,
100408829,No,100408830,No,No,
100408830,No,100408829,No,No,
100414094,Yes,100414097,No,Yes,
100414097,No,100414094,Yes,No,
100518089,No,100518090,No,No,
100518090,No,100518089,No,No,
100585480,No,100600916,No,No,
100585480,No,100601326,No,No,
100585480,No,100666421,No,No,
100598485,Yes,100600106,Yes,Yes,
100598802,Yes,100598803,Yes,Yes,
100598803,Yes,100598802,Yes,Yes,
100600106,Yes,100598485,Yes,Yes,
100600916,No,100585480,No,No,
100601326,No,100585480,No,No,
100627129,Yes,100627169,Yes,Yes,
100627169,Yes,100627129,Yes,Yes,
100666421,No,100585480,No,No,
100682402,No,100682403,No,Yes,
100682403,No,100682402,No,Yes,
100708606,Yes,100708607,Yes,Yes,
100708607,Yes,100708606,Yes,Yes,
100708622,No,100708626,Yes,No,
100708626,Yes,100708622,No,Yes,
100708632,Yes,100708634,Yes,Yes,
100708632,Yes,100708633,No,Yes,
100708632,Yes,100708642,No,Yes,
100708633,No,100708632,Yes,No,
100708634,Yes,100708632,Yes,Yes,
100708642,No,100708632,Yes,No,
100786782,Yes,100786786,Yes,Yes,
100786786,Yes,100786782,Yes,Yes,
100876503,Yes,100876506,Yes,Yes,
100876506,Yes,100876503,Yes,Yes,
100952210,Yes,100952316,Yes,Yes,
100952316,Yes,100952210,Yes,Yes,
101073652,Yes,101073818,No,Yes,
101073818,No,101073652,Yes,No,
101074371,Yes,101074747,Yes,Yes,
101074747,Yes,101074371,Yes,Yes,
101078740,Yes,101078794,No,Yes,
101078794,No,101078740,Yes,No,
101082985,No,101083775,No,No,
101083775,No,101082985,No,No,
101261887,Yes,101262084,No,Yes,
101262084,No,101261887,Yes,No,
101262084,No,178809368,Yes,No,
101272964,No,101272966,No,No,
101272966,No,101272964,No,No,
101412590,Yes,101412591,Yes,Yes,
101412591,Yes,101412590,Yes,Yes,
101430193,Yes,101430198,No,Yes,
101430198,No,101430193,Yes,No,
101447157,No,101447099,No,Yes,
101526283,Yes,101526322,No,Yes,
101526322,No,101526283,Yes,No,
101530597,Yes,101530598,No,Yes,
101530598,No,101530597,Yes,No,
101592881,Yes,17586182,No,Yes,
101973909,No,50358378,No,No,
101976408,No,101976411,No,No,
101976411,No,101976408,No,No,
101993570,No,103218458,Yes,No,
101996532,No,101996533,Yes,No,
101996533,Yes,101996532,No,Yes,
101998669,No,101998671,Yes,No,
101998671,Yes,101998669,No,Yes,
102021841,Yes,102021843,No,Yes,
102021843,No,102021841,Yes,Yes,
102021844,No,102021845,No,No,
102021845,No,102021844,No,No,
102103779,No,102103780,Yes,No,
102103780,Yes,102103779,No,Yes,
102363341,No,271447767,No,No,
102544205,Yes,193829102,No,Yes,
102617257,No,102617258,No,No,
102617258,No,102617257,No,No,
102691689,No,102691691,Yes,Yes,
102691691,Yes,102691689,No,Yes,
102720406,No,102720635,No,Yes,
102720635,No,102720406,No,No,
102907353,Yes,102907398,No,Yes,
102907398,No,102907353,Yes,Yes,
103017970,No,103017971,Yes,No,
103017971,Yes,103017970,No,Yes,
103042339,Yes,103042502,No,Yes,
103042502,No,103042339,Yes,No,
103092874,No,103092936,No,Yes,
103092936,No,103092874,No,Yes,
103096282,Yes,103096628,Yes,Yes,
103096628,Yes,103096282,Yes,Yes,
103137514,Yes,673967,Yes,Yes,
103168851,Yes,151142411,No,Yes,
103189582,Yes,103189606,No,Yes,
103189606,No,103189582,Yes,No,
103218458,Yes,101993570,No,Yes,
103281799,Yes,193828394,No,Yes,
103322849,No,30829811,No,No,
103333626,Yes,103333743,No,Yes,
103333743,No,103333626,Yes,Yes,
103333835,No,103333626,Yes,Yes,
103370496,Yes,103370497,No,Yes,
103370497,No,103370496,Yes,Yes,
103395903,Yes,103395905,No,Yes,
103395905,No,103395903,Yes,No,
103418660,No,103418665,No,No,
103418665,No,103418665,No,Yes,
103421394,No,103421395,No,No,
103421395,No,103421394,No,No,
103428507,No,103428508,No,No,
103428508,No,103428507,No,No,
103443657,Yes,103444146,No,Yes,
103444146,No,103443657,Yes,No,
103519418,Yes,103519417,No,Yes,
103528868,Yes,103528899,Yes,Yes,
103528899,Yes,103528868,Yes,Yes,
103569433,No,103569434,No,No,
103569434,No,103569433,No,No,
103598981,Yes,263222178,No,Yes,
103662869,Yes,103662871,No,Yes,
103662871,No,103662869,Yes,Yes,
103688007,Yes,103688009,No,Yes,
103688009,No,103688007,Yes,Yes,
103688052,Yes,103688053,No,Yes,
103688053,No,103688052,Yes,No,
103688063,No,103688066,Yes,No,
103688066,Yes,103688063,No,Yes,
103688115,No,103688116,No,Yes,
103688116,No,103688115,No,No,
103688120,Yes,103688122,No,Yes,
103688122,No,103688120,Yes,No,
103688129,Yes,103688130,No,Yes,
103688130,No,103688129,Yes,No,
103787651,No,103787652,No,No,
103787652,No,103787651,No,No,
103821408,Yes,103821410,No,Yes,
103838719,No,103838721,Yes,No,
103838721,Yes,103838719,No,Yes,
103838738,Yes,103954612,No,Yes,
103887856,Yes,66368233,No,Yes,
103889648,Yes,103889649,No,Yes,
103889649,No,103889648,Yes,Yes,
103954612,No,103838738,Yes,No,
104057955,No,104057958,Yes,Yes,
104057958,Yes,104057955,No,Yes,
104057961,Yes,104057962,No,Yes,
104057962,No,104057961,Yes,No,
104057971,Yes,104057972,No,Yes,
104057972,No,104057971,Yes,No,
104257067,No,104257068,No,No,
104257068,No,104257067,No,No,
104316537,No,104316584,No,No,
104316584,No,104316537,No,No,
104400356,No,104417270,No,No,
104416194,Yes,104416195,No,Yes,
104416195,No,104416194,Yes,No,
104416196,Yes,104416197,No,Yes,
104416197,No,105669188,No,No,
104417270,No,104400356,No,No,
104446822,No,104446825,Yes,No,
104446825,Yes,104446822,No,Yes,
104470091,Yes,104470095,Yes,Yes,
104470095,Yes,104470091,Yes,Yes,
104470095,Yes,104470096,No,Yes,
104470096,No,104470095,Yes,No,
104496022,Yes,104496023,Yes,Yes,
104496023,Yes,104496022,Yes,Yes,
104524350,No,104524352,No,No,
104524352,No,104524350,No,No,
104524357,Yes,104524358,No,Yes,
104524358,No,104524357,Yes,No,
104524366,No,104524367,Yes,No,
104524367,Yes,104524366,No,Yes,
104524371,Yes,104524372,No,Yes,
104524372,No,104524371,Yes,No,
104532181,No,104532183,No,Yes,
104532183,No,104532181,No,No,
104532188,No,104532189,No,Yes,
104532189,No,104532188,No,No,
104560225,No,104560226,No,No,
104569394,Yes,104600463,Yes,Yes,
104581250,Yes,104726684,Yes,Yes,
104600463,Yes,104569394,Yes,Yes,
104676320,No,74095116,No,No,
104691259,No,104691260,No,No,
104691260,No,104691259,No,No,
104693545,No,104693546,No,No,
104693546,No,104693545,No,No,
104698372,Yes,231980632,No,Yes,
104736465,No,104780983,Yes,Yes,
104780983,Yes,104736465,No,Yes,
104923206,Yes,104923207,Yes,Yes,
104923207,Yes,104923206,Yes,Yes,
104923220,No,104923221,Yes,Yes,
104923221,Yes,104923220,No,Yes,
104930165,Yes,104930166,No,Yes,
104930166,No,104930165,Yes,No,
104947968,Yes,104948524,Yes,Yes,
104948524,Yes,104947968,Yes,Yes,
104958701,No,104958741,No,No,
104958741,No,104958701,No,No,
104958741,No,104959136,No,No,
104959136,No,104958741,No,No,
104962294,No,104962385,No,No,
104962385,No,104962294,No,No,
104980225,No,72093370,Yes,No,
104987129,No,104987130,No,Yes,
104987130,No,104987129,No,Yes,
104987149,Yes,104987152,No,Yes,
104987152,No,104987149,Yes,No,
104987157,Yes,104987160,No,Yes,
104987160,No,104987157,Yes,No,
105106237,No,105106240,No,No,
105106240,No,105106237,No,No,
105116439,No,105116597,No,No,
105116597,No,105116439,No,No,
105169294,Yes,193827849,No,Yes,
105227728,No,105227772,No,No,
105227772,No,105227728,No,No,
105251032,Yes,105251040,Yes,Yes,
105251040,Yes,105251032,Yes,Yes,
105316842,No,105316844,No,No,
105316844,No,105316842,No,No,
105373534,No,105515506,Yes,Yes,
105384113,Yes,105384115,No,Yes,
105384115,No,105384113,Yes,No,
105384126,Yes,105384129,No,Yes,
105384129,No,105384126,Yes,No,
105384245,No,105384247,No,No,
105384247,No,105384245,No,No,
105417298,No,105486552,No,Yes,
105421874,No,231980633,No,No,
105515506,Yes,105373534,No,Yes,
105568331,No,105568332,Yes,Yes,
105568332,Yes,105568331,No,Yes,
105599462,No,105599463,Yes,Yes,
105599463,Yes,105599462,No,Yes,
105605357,Yes,105605356,No,Yes,
105690986,Yes,105690987,No,Yes,
105690987,No,105690986,Yes,No,
105712471,Yes,105712533,No,Yes,
105712533,No,105712471,Yes,No,
105712533,No,105839831,Yes,No,
105712533,No,106173873,Yes,No,
105723269,No,105723305,No,No,
105728451,No,105728452,Yes,No,
105728452,Yes,105728451,No,Yes,
105785145,Yes,105785147,No,Yes,
105785147,No,105785145,Yes,Yes,
105785182,No,105785186,No,Yes,
105785186,No,105785182,No,No,
105836264,No,105836265,No,No,
105839831,Yes,105712533,No,Yes,
105869169,No,231980630,No,No,
105901413,Yes,105901414,Yes,Yes,
105901414,Yes,105901413,Yes,Yes,
105914555,Yes,105914558,No,Yes,
105914558,No,105914555,Yes,No,
106003833,Yes,59920174,Yes,Yes,
106004036,No,56579632,No,Yes,
106004170,No,106004170,No,No,
106021353,Yes,106021359,No,Yes,
106021359,No,106021353,Yes,No,
106055728,Yes,106056236,No,Yes,
106056236,No,106055728,Yes,No,
106056572,No,106056644,Yes,No,
106056644,Yes,106056572,No,Yes,
106125874,No,106161373,Yes,Yes,
106126380,No,106161373,Yes,Yes,
106132007,No,106132007,No,No,
106161373,Yes,106125874,No,Yes,
106161373,Yes,106126380,No,Yes,
106173873,Yes,105712533,No,Yes,
106219205,Yes,106219266,No,Yes,
106219266,No,106219205,Yes,Yes,
106244924,Yes,143258272,No,Yes,
106251745,Yes,106251746,No,Yes,
106251746,No,106251745,Yes,No,
106251774,No,106251777,Yes,No,
106251777,Yes,106251774,No,Yes,
106251788,No,106251790,No,No,
106251790,No,106251788,No,Yes,
106320112,Yes,106352778,No,Yes,
106352778,No,106320112,Yes,No,
106450543,Yes,106450545,No,Yes,
106450545,No,106450543,Yes,No,
106450563,Yes,106450564,No,Yes,
106450564,No,106450563,Yes,No,
106450578,Yes,106450580,No,Yes,
106450580,No,106450578,Yes,No,
106470410,No,219742380,No,No,
106550271,Yes,106550724,Yes,Yes,
106550724,Yes,106550271,Yes,Yes,
106630809,Yes,106630813,Yes,Yes,
106630813,Yes,106630809,Yes,Yes,
106636735,No,106636739,No,No,
106636739,No,106636735,No,No,
106657672,Yes,106657673,No,Yes,
106657673,No,106657672,Yes,Yes,
106752835,Yes,106752836,No,Yes,
106752836,No,106752836,No,No,
106752887,Yes,106752889,No,Yes,
106752889,No,106752887,Yes,No,
106836965,No,106837086,No,No,
106837086,No,106836965,No,No,
106906439,No,106906440,No,No,
106906440,No,106906439,No,No,
106906483,Yes,106906489,No,Yes,
106906489,No,106906483,Yes,No,
107079816,Yes,338009233,Yes,Yes,
107171888,Yes,107171906,Yes,Yes,
107171906,Yes,107171888,Yes,Yes,
107180897,No,107180898,No,No,
107180898,No,107180897,No,No,
107265023,Yes,107265025,No,Yes,
107265025,No,107265023,Yes,No,
107265028,No,107265030,No,Yes,
107265030,No,107265028,No,No,
107429877,Yes,107429878,No,Yes,
107429878,No,107429877,Yes,No,
107540648,No,107540786,Yes,No,
107540786,Yes,107540648,No,Yes,
107547074,No,107547488,Yes,No,
107547074,No,112805057,No,No,
107547488,Yes,107547074,No,Yes,
107621367,No,107621416,No,No,
107621416,No,107621367,No,No,
107621416,No,107621448,No,No,
107621448,No,107621416,No,No,
107632916,No,107633162,No,No,
107633162,No,107632916,No,Yes,
107672603,Yes,107672613,Yes,Yes,
107672613,Yes,107672603,Yes,Yes,
107710947,Yes,107710963,No,Yes,
107710963,No,107710947,Yes,No,
107934433,Yes,107935230,No,Yes,
107935230,No,107934433,Yes,Yes,
108021398,Yes,112490999,No,Yes,
108054071,Yes,108173967,Yes,Yes,
108145344,No,108145345,Yes,Yes,
108145345,Yes,108145344,No,Yes,
108173967,Yes,108054071,Yes,Yes,
108292445,No,108292903,No,Yes,
108292903,No,108292445,No,No,
108306652,No,82624166,No,No,
108405704,Yes,108406065,No,Yes,
108406065,No,108405704,Yes,Yes,
108518030,Yes,108518035,No,Yes,
108518035,No,108518030,Yes,No,
108589548,No,108589553,No,Yes,
108589553,No,108589548,No,No,
108589678,Yes,108589683,No,Yes,
108589683,No,108589678,Yes,No,
108605323,No,108605324,No,No,
108605324,No,108605323,No,No,
108671611,No,108671615,No,No,
108671615,No,108671611,No,Yes,
108694701,No,108694734,Yes,No,
108694703,No,108694734,Yes,No,
108694732,No,108694734,Yes,No,
108694734,Yes,108694701,No,Yes,
108694738,Yes,108694748,Yes,Yes,
108694743,Yes,108694744,Yes,Yes,
108694744,Yes,108694743,Yes,Yes,
108694748,Yes,108694738,Yes,Yes,
108730841,Yes,108730842,No,Yes,
108730842,No,108730841,Yes,Yes,
108791040,Yes,108856878,Yes,Yes,
108860079,Yes,108860132,Yes,Yes,
108860132,Yes,108860079,Yes,Yes,
109162518,Yes,109162520,Yes,Yes,
109162520,Yes,109162518,Yes,Yes,
109173676,No,109174758,Yes,Yes,
109174758,Yes,109173676,No,Yes,
109287680,Yes,109287807,No,Yes,
109287807,No,109287680,Yes,No,
109373625,Yes,49370219,Yes,Yes,
109393659,Yes,109393661,Yes,Yes,
109393659,Yes,109393667,No,Yes,
109393661,Yes,109393659,Yes,Yes,
109393667,No,109393659,Yes,No,
109439612,Yes,109439613,No,Yes,
109439613,No,109439612,Yes,No,
109529518,Yes,109529519,Yes,Yes,
109529519,Yes,109529518,Yes,Yes,
109708256,No,337308283,No,No,
109868064,Yes,109931801,Yes,Yes,
109906045,No,109906304,No,No,
109906304,No,109906045,No,No,
109931801,Yes,109868064,Yes,Yes,
109942332,Yes,109943331,No,Yes,
109943331,No,109942332,Yes,No,
110011908,Yes,110011909,Yes,Yes,
110011909,Yes,110011908,Yes,Yes,
110019898,Yes,110019900,No,Yes,
110019900,No,110019898,Yes,Yes,
110019904,No,110019898,Yes,No,
110022128,Yes,110022127,No,Yes,
110022140,No,110022141,Yes,No,
110022141,Yes,110022140,No,Yes,
110022179,Yes,110022188,Yes,Yes,
110022181,Yes,110022188,Yes,Yes,
110022182,Yes,110022188,Yes,Yes,
110022183,No,110022188,Yes,No,
110022185,Yes,110022188,Yes,Yes,
110022187,Yes,110022188,Yes,Yes,
110022188,Yes,110022179,Yes,Yes,
110022188,Yes,110022183,No,Yes,
110022188,Yes,110022181,Yes,Yes,
110022188,Yes,110022182,Yes,Yes,
110022188,Yes,110022185,Yes,Yes,
110022188,Yes,110022187,Yes,Yes,
110022194,No,110022197,No,Yes,
110022194,No,110022198,Yes,Yes,
110022197,No,110022194,No,Yes,
110022198,Yes,110022194,No,Yes,
110060807,Yes,110060809,No,Yes,
110060809,No,110060807,Yes,No,
110197137,Yes,110197138,No,Yes,
110197138,No,110197137,Yes,Yes,
110224679,Yes,110224752,No,Yes,
110224752,No,110224679,Yes,No,
110296157,No,110296318,No,No,
110296318,No,110296157,No,No,
110414948,Yes,110414950,No,Yes,
110414950,No,110414948,Yes,No,
110415025,No,110415029,No,No,
110415029,No,110415025,No,No,
110417717,Yes,110418395,No,Yes,
110418395,No,110417717,Yes,No,
110543690,Yes,110543692,Yes,Yes,
110543692,Yes,110543690,Yes,Yes,
110569111,Yes,110570246,No,Yes,
110570246,No,110569111,Yes,No,
110570774,Yes,110570775,Yes,Yes,
110570775,Yes,110570774,Yes,Yes,
110573505,Yes,110573506,No,Yes,
110573506,No,110573505,Yes,No,
110644349,Yes,110644350,No,Yes,
110644350,No,110644349,Yes,No,
110734323,Yes,111324833,Yes,Yes,
110954112,No,110954114,No,No,
110954113,No,110954114,No,No,
110954114,No,110954112,No,No,
111070973,No,111070977,No,No,
111070977,No,111070973,No,No,
111324833,Yes,110734323,Yes,Yes,
111431462,No,231980649,No,No,
111551702,No,111551705,Yes,No,
111551705,Yes,111551706,No,Yes,
111551705,Yes,111551702,No,Yes,
111551706,No,111551705,Yes,No,
111556666,Yes,111557018,No,Yes,
111557018,No,111556666,Yes,No,
111640262,No,111640263,Yes,No,
111640263,Yes,111640262,No,Yes,
111640280,No,111640284,Yes,No,
111640284,Yes,111640280,No,Yes,
111646345,No,111646607,No,No,
111646607,No,111646345,No,No,
111656061,Yes,111656414,No,Yes,
111656414,No,111656061,Yes,No,
111758137,Yes,111758138,Yes,Yes,
111758138,Yes,111758137,Yes,Yes,
111775478,Yes,111775480,No,Yes,
111775480,No,111775478,Yes,No,
111824170,No,260790560,No,No,
111833439,No,113259971,Yes,Yes,
111833564,Yes,113259971,Yes,Yes,
111833687,No,113259971,Yes,No,
111963712,No,111963654,No,No,
112117230,No,112117808,Yes,No,
112117808,Yes,112117230,No,Yes,
112257906,Yes,261220895,No,Yes,
112340061,Yes,112340429,No,Yes,
112340429,No,112340061,Yes,No,
112429075,Yes,112521672,No,Yes,
112490999,No,108021398,Yes,No,
112521672,No,112429075,Yes,Yes,
112676494,No,112677160,No,No,
112677160,No,112676494,No,No,
112805057,No,107547074,No,No,
112807108,Yes,112807109,No,Yes,
112807109,No,112807108,Yes,Yes,
112910966,No,112911032,No,Yes,
112995331,No,333306195,No,No,
113045497,Yes,113045498,No,Yes,
113045498,No,113045497,Yes,Yes,
113060840,No,113060879,No,Yes,
113060879,No,113060840,No,No,
113086062,No,113086297,No,No,
113086297,No,113086062,No,No,
113118942,Yes,113118946,No,Yes,
113118946,No,113118942,Yes,No,
113259971,Yes,111833439,No,Yes,
113259971,Yes,111833564,Yes,Yes,
113259971,Yes,111833687,No,Yes,
113271021,No,113271158,No,Yes,
113271158,No,113271021,No,No,
113347505,No,113398823,Yes,No,
113347505,No,113401806,Yes,No,
113347505,No,113730771,Yes,No,
113347505,No,209436116,No,No,
113398823,Yes,113347505,No,Yes,
113401806,Yes,113347505,No,Yes,
113404465,Yes,113409955,Yes,Yes,
113409955,Yes,113404465,Yes,Yes,
113409955,Yes,113413540,No,Yes,
113409955,Yes,113414835,Yes,Yes,
113409955,Yes,113414838,Yes,Yes,
113409955,Yes,113421886,No,Yes,
113413540,No,113409955,Yes,Yes,
113414835,Yes,113409955,Yes,Yes,
113414838,Yes,113409955,Yes,Yes,
113414838,Yes,113698641,Yes,Yes,
113421886,No,113409955,Yes,Yes,
113698641,Yes,113414838,Yes,Yes,
113725535,No,113725536,Yes,Yes,
113725536,Yes,113725535,No,Yes,
113730771,Yes,113347505,No,Yes,
113730882,No,113730885,No,No,
113730885,No,113730882,No,No,
113780274,Yes,113780279,No,Yes,
113780279,No,113780274,Yes,No,
113780291,No,113780292,Yes,No,
113780292,Yes,113780291,No,Yes,
114230947,Yes,114230951,No,Yes,
114230951,No,114230947,Yes,No,
114453883,Yes,114454186,Yes,Yes,
114454186,Yes,114453883,Yes,Yes,
114642947,No,114642954,No,Yes,
114642954,No,114642947,No,No,
114716905,Yes,114716907,Yes,Yes,
114716907,Yes,114716905,Yes,Yes,
114920475,No,114920907,No,No,
114920907,No,114920475,No,No,
115246721,No,115247478,No,No,
115247478,No,115246721,No,No,
115304961,Yes,115305145,No,Yes,
115305145,No,115304961,Yes,No,
115403848,No,115544146,No,No,
115485556,Yes,115485553,No,Yes,
115495626,Yes,330639950,No,Yes,
115544146,No,115403848,No,No,
115573816,Yes,115573828,Yes,Yes,
115573828,Yes,115573816,Yes,Yes,
115739237,Yes,115741001,No,Yes,
115739237,Yes,115741976,No,Yes,
115740683,No,115741001,No,No,
115740683,No,115741976,No,No,
115741976,No,115739237,Yes,No,
115858660,Yes,115858661,No,Yes,
115858660,Yes,115858666,No,Yes,
115858661,No,115858660,Yes,Yes,
115858666,No,115858660,Yes,Yes,
115861602,Yes,115861603,Yes,Yes,
115861603,Yes,115861602,Yes,Yes,
115867618,No,229726832,No,No,
115868555,No,115868979,Yes,Yes,
115868979,Yes,115868555,No,Yes,
115943390,No,115973320,No,No,
115944573,Yes,115945882,No,Yes,
115945882,No,115944573,Yes,No,
115973320,No,115943390,No,No,
116041473,No,142070046,No,No,
116041473,No,142070047,No,No,
116154370,Yes,116154371,Yes,Yes,
116154371,Yes,116154370,Yes,Yes,
116369351,No,116369353,No,No,
116369353,No,116369351,No,No,
116395035,Yes,116395036,No,Yes,
116395036,No,116395035,Yes,No,
116633775,Yes,116634215,No,Yes,
116864512,No,17967539,Yes,No,
116883393,No,116883396,No,No,
116883396,No,116883393,No,No,
117166662,Yes,117166663,No,Yes,
117166663,No,117166662,Yes,No,
117381144,Yes,117381145,Yes,Yes,
117381145,Yes,117381144,Yes,Yes,
117381156,Yes,117381158,No,Yes,
117381158,No,117381156,Yes,No,
117452473,Yes,151033728,No,Yes,
117452473,Yes,151128047,No,Yes,
117538110,Yes,117538114,No,Yes,
117560812,No,117560813,No,No,
117708327,Yes,117708465,No,Yes,
117708465,No,117708327,Yes,No,
117830710,Yes,117830711,No,Yes,
117830711,No,117830710,Yes,No,
117835692,No,117835693,No,No,
117835693,No,117835692,No,No,
117842855,No,117842857,No,No,
117842855,No,117842856,No,No,
117842856,No,117842855,No,Yes,
117842857,No,117842855,No,No,
117885956,No,117887589,Yes,No,
117887589,Yes,117885956,No,Yes,
118061659,Yes,118064385,No,Yes,
118064385,No,118061659,Yes,No,
118093115,Yes,118093630,Yes,Yes,
118093630,Yes,118093115,Yes,Yes,
118153721,No,118153722,Yes,No,
118153722,Yes,118153721,No,Yes,
118153741,Yes,118153750,Yes,Yes,
118153750,Yes,118153741,Yes,Yes,
118280918,Yes,174927084,No,Yes,
118409447,No,337236860,No,No,
118438686,Yes,118438875,No,Yes,
118475854,Yes,118475856,Yes,Yes,
118475856,Yes,118475854,Yes,Yes,
118503207,Yes,118503550,No,Yes,
118503550,No,118503207,Yes,No,
118667620,Yes,118667622,Yes,Yes,
118667622,Yes,118667620,Yes,Yes,
118957518,Yes,118957519,No,Yes,
118957519,No,118957518,Yes,No,
118957556,Yes,118957557,Yes,Yes,
118957557,Yes,118957556,Yes,Yes,
119058588,No,119058591,No,No,
119058588,No,119058589,Yes,No,
119058589,Yes,119058588,No,Yes,
119058591,No,119058588,No,Yes,
119063064,No,119063065,No,No,
119063065,No,119063064,No,Yes,
119103811,Yes,119103812,No,Yes,
119103812,No,119103811,Yes,No,
119103828,No,119103831,Yes,No,
119103831,Yes,119103828,No,Yes,
119222448,No,337308221,No,No,
119225250,No,119225870,No,No,
119225250,No,119234328,No,No,
119225870,No,119225870,No,No,
119231058,No,119231268,No,No,
119231268,No,119231058,No,No,
119234328,No,119225250,No,No,
119285526,Yes,119285527,Yes,Yes,
119285527,Yes,119285526,Yes,Yes,
119285582,No,119285587,No,Yes,
119285582,No,119285586,No,Yes,
119285586,No,119285582,No,No,
119285587,No,119285582,No,No,
119463487,Yes,121050551,Yes,Yes,
119556669,No,119556670,No,No,
119556670,No,119556669,No,Yes,
119557974,No,206293779,No,No,
119605644,No,119605645,Yes,No,
119605645,Yes,119605644,No,Yes,
119762873,Yes,119762874,Yes,Yes,
119762874,Yes,119762873,Yes,Yes,
119843777,Yes,119843944,No,Yes,
119843944,No,119843777,Yes,No,
119862054,Yes,119862056,No,Yes,
119862056,No,119862054,Yes,No,
119940365,Yes,119940777,Yes,Yes,
119940777,Yes,119940365,Yes,Yes,
120026165,No,206293518,No,No,
120192872,Yes,120192874,Yes,Yes,
120192874,Yes,120192872,Yes,Yes,
120453210,No,120454863,No,No,
120453608,No,231980648,No,No,
120454225,Yes,231980650,No,Yes,
120454863,No,120453210,No,No,
120459557,Yes,231980646,No,Yes,
120459701,Yes,219744592,No,Yes,
120597646,No,120597647,Yes,No,
120597647,Yes,120597646,No,Yes,
120853388,No,120853679,Yes,No,
120853679,Yes,120853388,No,Yes,
120951421,Yes,120951484,No,Yes,
120951484,No,120951421,Yes,No,
121037012,No,121037016,Yes,Yes,
121037016,Yes,121037012,No,Yes,
121050551,Yes,119463487,Yes,Yes,
121143315,No,121143319,No,No,
121143319,No,121143315,No,No,
121154767,No,121154769,No,No,
121154769,No,121154767,No,No,
121179582,Yes,121179584,No,Yes,
121179584,No,121179582,Yes,Yes,
121273501,Yes,121273502,No,Yes,
121515053,Yes,121515054,No,Yes,
121515054,No,121515053,Yes,No,
121515127,No,121515128,Yes,Yes,
121515128,Yes,121515127,No,Yes,
121515144,No,121515145,No,No,
121515145,No,121515144,No,No,
121533031,Yes,165338702,No,Yes,
121605416,Yes,121605420,No,Yes,
121605420,No,121605416,Yes,Yes,
121627761,Yes,121628141,No,Yes,
121628141,No,121627761,Yes,No,
121652921,Yes,121652927,No,Yes,
121652927,No,121652921,Yes,No,
121660374,No,206292609,No,No,
121731763,Yes,121731911,No,Yes,
121731911,No,121731763,Yes,No,
121755101,Yes,121755102,No,Yes,
121755102,No,121755101,Yes,No,
121796184,Yes,121796185,No,Yes,
121796185,No,121796184,Yes,Yes,
121800397,Yes,121800399,No,Yes,
121800399,No,121800397,Yes,No,
121879138,Yes,121883296,No,Yes,
121883296,No,121879138,Yes,Yes,
121911240,Yes,174927300,No,Yes,
121955975,Yes,121955977,No,Yes,
121955977,No,121955975,Yes,No,
121955978,Yes,121955979,No,Yes,
121955979,No,121955978,Yes,Yes,
121955980,Yes,121955982,No,Yes,
121955982,No,121955980,Yes,No,
122015889,No,122015948,No,No,
122015948,No,122015889,No,Yes,
122093534,Yes,122093535,No,Yes,
122093535,No,122093534,Yes,No,
122171372,No,122171373,No,No,
122171373,No,122171372,No,No,
122228045,Yes,122228047,No,Yes,
122228047,No,122228045,Yes,Yes,
122228048,No,122228049,Yes,Yes,
122228049,Yes,122228048,No,Yes,
122228050,Yes,122228051,No,Yes,
122228051,No,122228050,Yes,No,
122246219,No,122246225,No,No,
122246225,No,122246219,No,No,
122270021,Yes,122270679,No,Yes,
122270679,No,122270021,Yes,No,
122537557,Yes,122537559,No,Yes,
122537559,No,122537557,Yes,No,
122676140,Yes,122676293,No,Yes,
122676293,No,122676140,Yes,No,
122681804,Yes,122683008,Yes,Yes,
122683008,Yes,122681804,Yes,Yes,
122812763,No,122812765,No,Yes,
122812765,No,122812763,No,No,
122835424,No,122835428,Yes,No,
122835428,Yes,122835424,No,Yes,
122835465,No,122835466,No,No,
122835466,No,122835465,No,No,
122862739,Yes,122863665,Yes,Yes,
122863665,Yes,122862739,Yes,Yes,
122879099,No,122879280,No,Yes,
122879280,No,122879099,No,No,
122953957,Yes,122966897,No,Yes,
122966897,No,122953957,Yes,No,
123137972,No,123139102,No,No,
123139102,No,123137972,No,No,
123218985,No,123218987,No,No,
123218987,No,123218985,No,No,
123467495,Yes,123468053,No,Yes,
123468053,No,123467495,Yes,Yes,
123692140,No,132244817,No,No,
123885342,No,123885343,No,No,
123885343,No,123885342,No,No,
123885355,Yes,123885357,No,Yes,
123885357,No,123885355,Yes,No,
123900790,Yes,123900791,No,Yes,
123900791,No,123900790,Yes,Yes,
123974205,No,123974209,No,No,
123974209,No,123974205,No,No,
124053125,No,124053289,No,Yes,
124053289,No,124053125,No,No,
124060217,Yes,124060218,No,Yes,
124061812,Yes,124062042,No,Yes,
124062042,No,124061812,Yes,No,
124257142,Yes,124257143,No,Yes,
124257143,No,124257142,Yes,No,
124257154,Yes,124257156,No,Yes,
124257156,No,124257154,Yes,No,
124325933,No,124326570,Yes,Yes,
124325933,No,124327907,Yes,Yes,
124326570,Yes,124325933,No,Yes,
124327907,Yes,124325933,No,Yes,
124334530,No,124334533,Yes,Yes,
124334533,Yes,124334530,No,Yes,
124447808,Yes,124447968,No,Yes,
124447968,No,124447808,Yes,Yes,
124634643,Yes,128435000,No,Yes,
124770027,No,124770145,No,No,
124770145,No,124770027,No,No,
124794509,No,337306982,No,No,
124909707,No,124909710,No,No,
124909710,No,124909707,No,No,
125124188,Yes,125124193,Yes,Yes,
125124193,Yes,125124188,Yes,Yes,
125124231,Yes,202404986,Yes,Yes,
125124286,Yes,125124379,Yes,Yes,
125124379,Yes,125124286,Yes,Yes,
125212538,No,125212541,No,No,
125212541,No,125212538,No,No,
125375734,Yes,125375776,Yes,Yes,
125375776,Yes,125375734,Yes,Yes,
125652487,Yes,305155088,No,Yes,
125767486,Yes,125830144,No,Yes,
125820216,Yes,125821916,No,Yes,
125821916,No,125820216,Yes,No,
125830144,No,125767486,Yes,No,
125836279,Yes,125836280,No,Yes,
125836280,No,125836279,Yes,Yes,
126096673,No,126102450,Yes,No,
126102450,Yes,126096673,No,Yes,
126144681,Yes,126144789,No,Yes,
126144789,No,126144681,Yes,Yes,
126282990,Yes,126283727,No,Yes,
126283727,No,126282990,Yes,Yes,
126284247,No,126283727,No,No,
126351548,Yes,126351557,No,Yes,
126351557,No,126351548,Yes,No,
126401879,Yes,126402111,Yes,Yes,
126402111,Yes,126401879,Yes,Yes,
126590733,Yes,126590782,No,Yes,
126590782,No,126590733,Yes,No,
126619186,No,206185487,No,No,
126678835,No,126678837,No,Yes,
126678837,No,126678835,No,Yes,
126980643,Yes,268139772,No,Yes,
126980735,No,268139255,Yes,No,
126981081,No,268138338,Yes,No,
126981675,No,268137247,No,No,
126996350,No,126996344,No,No,
127019661,Yes,338569655,No,Yes,
127134942,No,127135404,No,No,
127135404,No,127134942,No,No,
127310866,No,127310940,No,No,
127310940,No,127310866,No,No,
127627692,No,127627693,No,No,
127627693,No,127627692,No,No,
127697477,No,127805288,Yes,No,
127708048,No,127708056,Yes,No,
127708056,Yes,127708048,No,Yes,
127725156,Yes,338462037,Yes,Yes,
127805288,Yes,127697477,No,Yes,
127953424,No,127953478,No,Yes,
127953478,No,127953424,No,No,
128033196,Yes,128033197,Yes,Yes,
128033197,Yes,128033196,Yes,Yes,
128065484,Yes,174922736,No,Yes,
128109850,No,201650252,No,No,
128186983,Yes,128186984,No,Yes,
128186984,No,128186983,Yes,No,
128187068,Yes,128187073,Yes,Yes,
128187073,Yes,128187068,Yes,Yes,
128408424,Yes,128408608,No,Yes,
128408608,No,128408424,Yes,No,
128435000,No,124634643,Yes,No,
128501807,Yes,268137941,Yes,Yes,
128502932,Yes,268136064,Yes,Yes,
128504123,Yes,128504200,Yes,Yes,
128504200,Yes,128504123,Yes,Yes,
128511537,Yes,128511969,No,Yes,
128511969,No,128511537,Yes,No,
128621074,Yes,128621261,No,Yes,
128621261,No,128621074,Yes,No,
128621484,Yes,128622452,No,Yes,
128622452,No,128621484,Yes,No,
128973220,Yes,128973222,Yes,Yes,
128973222,Yes,128973220,Yes,Yes,
128973228,Yes,128973230,Yes,Yes,
128973230,Yes,128973228,Yes,Yes,
129029487,Yes,129029492,No,Yes,
129029492,No,129029487,Yes,No,
129105852,Yes,129105855,No,Yes,
129105853,Yes,129105855,No,Yes,
129105855,No,129105853,Yes,Yes,
129105855,No,129105852,Yes,Yes,
129190181,Yes,268135388,Yes,Yes,
129255411,Yes,129255414,No,Yes,
129255414,No,129255411,Yes,Yes,
129419628,Yes,268134459,Yes,Yes,
129430391,No,129433703,Yes,No,
129433703,Yes,129430391,No,Yes,
129435662,Yes,129435669,No,Yes,
129435669,No,129435662,Yes,No,
129442826,No,268133352,Yes,No,
129442954,Yes,268132921,Yes,Yes,
129465329,Yes,129478169,No,Yes,
129478169,No,129465329,Yes,No,
129519294,Yes,129523719,No,Yes,
129609882,No,206181942,No,No,
129630003,Yes,131287322,No,Yes,
129824814,Yes,166033984,Yes,Yes,
130021702,Yes,130021703,No,Yes,
130071766,No,130071765,No,No,
130308998,Yes,130309571,No,Yes,
130309571,No,130308998,Yes,Yes,
130353681,Yes,130353682,Yes,Yes,
130353682,Yes,130353681,Yes,Yes,
130353749,Yes,130353752,Yes,Yes,
130353752,Yes,130353749,Yes,Yes,
130375391,Yes,137621993,No,Yes,
130415772,No,135744884,No,No,
130458221,No,130459329,Yes,No,
130459329,Yes,130458221,No,Yes,
130479078,Yes,130479079,Yes,Yes,
130479079,Yes,130479078,Yes,Yes,
130480768,No,44358543,No,Yes,
130601235,No,130601236,No,Yes,
130601236,No,130601235,No,Yes,
130616700,No,130616703,Yes,Yes,
130616703,Yes,130616700,No,Yes,
130635377,Yes,130635379,No,Yes,
130635379,No,130635377,Yes,No,
130732689,Yes,130732736,No,Yes,
130732736,No,130732689,Yes,No,
130884309,Yes,130884267,No,Yes,
130896079,Yes,130896266,No,Yes,
130896137,No,337306943,No,No,
130896266,No,130896079,Yes,Yes,
130983312,Yes,130983313,Yes,Yes,
130983313,Yes,130983312,Yes,Yes,
131000623,Yes,188731534,Yes,Yes,
131106142,Yes,131106141,No,Yes,
131149930,No,131149931,Yes,No,
131149931,Yes,131149930,No,Yes,
131220561,No,131220562,No,No,
131220562,No,131220561,No,No,
131226185,Yes,131226194,No,Yes,
131226194,No,131226185,Yes,No,
131312412,No,131312411,No,Yes,
131337492,No,8387435,Yes,No,
131477802,No,131481027,No,No,
131481027,No,131477802,No,Yes,
131673910,No,135744473,No,No,
131917957,No,131918123,No,No,
131918123,No,131917957,No,No,
131953320,No,131953321,Yes,Yes,
131953321,Yes,131953320,No,Yes,
131953325,Yes,131953334,Yes,Yes,
131953334,Yes,131953325,Yes,Yes,
131984772,No,206177407,No,No,
131984781,No,206177242,No,No,
132244817,No,123692140,No,No,
132276590,Yes,132276703,No,Yes,
132276703,No,132276590,Yes,No,
132362375,No,132362377,No,Yes,
132362377,No,132362375,No,Yes,
132659117,No,132659118,No,Yes,
132659118,No,132659117,No,No,
132715319,No,135739899,No,No,
132741763,Yes,132742703,No,Yes,
132742703,No,132741763,Yes,No,
132847360,No,132847362,No,No,
132966631,Yes,132966633,No,Yes,
132966633,No,132966631,Yes,No,
132989612,Yes,132989616,No,Yes,
132989616,No,132989612,Yes,No,
133054766,No,206176998,No,No,
133356718,Yes,133357225,No,Yes,
133357225,No,133356718,Yes,No,
133578088,No,206173676,No,No,
133714473,Yes,207483699,No,Yes,
133714627,Yes,133714743,No,Yes,
133714743,No,133714627,Yes,No,
133811651,Yes,227196736,No,Yes,
133831573,No,133835187,No,No,
133835187,No,133831573,No,No,
133905790,Yes,133905793,No,Yes,
133905793,No,133905790,Yes,No,
133905796,No,133905799,Yes,No,
133905799,Yes,133905796,No,Yes,
133905801,No,133905802,No,Yes,
133905801,No,133905804,Yes,Yes,
133905802,No,133905801,No,No,
133905804,Yes,133905801,No,Yes,
133905806,Yes,133905808,No,Yes,
133905806,Yes,133909336,Yes,Yes,
133905808,No,133905806,Yes,No,
133905813,Yes,133905815,Yes,Yes,
133905813,Yes,133905814,Yes,Yes,
133905814,Yes,133905813,Yes,Yes,
133905815,Yes,133905813,Yes,Yes,
133909336,Yes,133905806,Yes,Yes,
133941641,Yes,133946568,Yes,Yes,
133946568,Yes,133941641,Yes,Yes,
133980761,Yes,133980967,Yes,Yes,
133980967,Yes,133980761,Yes,Yes,
134083066,Yes,134083153,Yes,Yes,
134083153,Yes,134083066,Yes,Yes,
134090223,No,134090229,No,No,
134090229,No,134090223,No,No,
134141442,No,134141443,Yes,No,
134141443,Yes,134141442,No,Yes,
134161862,No,134170441,No,No,
134165251,No,134544086,Yes,Yes,
134165251,No,134544087,No,Yes,
134337394,Yes,134339216,No,Yes,
134339216,No,134337394,Yes,Yes,
134406746,Yes,134407117,No,Yes,
134407117,No,134406746,Yes,No,
134544086,Yes,134165251,No,Yes,
134544087,No,134165251,No,No,
134601365,Yes,134601663,No,Yes,
134601436,Yes,199865328,No,Yes,
134601663,No,134601365,Yes,Yes,
134821271,No,134822299,No,No,
134822299,No,134821271,No,No,
134922213,No,134922474,No,Yes,
134922474,No,134922213,No,No,
135075811,Yes,135075812,No,Yes,
135075812,No,135075811,Yes,Yes,
135098008,Yes,135098040,Yes,Yes,
135098040,Yes,135098008,Yes,Yes,
135220591,No,135220639,No,No,
135220639,No,135220591,No,No,
135318354,Yes,135318293,No,Yes,
135338169,Yes,135338194,No,Yes,
135338194,No,135338169,Yes,No,
135389098,Yes,268130774,No,Yes,
135484290,Yes,135484329,No,Yes,
135484329,No,135484290,Yes,No,
135490629,Yes,135492579,No,Yes,
135492579,No,135490629,Yes,No,
135499876,No,218407341,No,No,
135598039,Yes,135598040,No,Yes,
135646098,No,224663565,No,No,
135739899,No,132715319,No,No,
135744473,No,131673910,No,No,
135744884,No,130415772,No,No,
135776574,No,135776663,No,Yes,
135776663,No,135776574,No,No,
135828266,Yes,135828446,Yes,Yes,
135828446,Yes,135828266,Yes,Yes,
135865403,No,135865978,No,No,
135865978,No,135865403,No,Yes,
136122799,No,136122901,Yes,No,
136122901,Yes,136122799,No,Yes,
136164700,No,136163904,No,No,
136220580,No,136220584,No,No,
136220584,No,136220580,No,No,
136280243,No,136280768,No,No,
136280768,No,136280243,No,No,
136381993,Yes,136381998,No,Yes,
136381998,No,136381993,Yes,Yes,
136383637,No,136498416,No,No,
136393489,No,136393490,No,No,
136393490,No,136393489,No,No,
136498416,No,136383637,No,No,
136539454,Yes,136539462,No,Yes,
136539462,No,136539454,Yes,No,
136549220,No,136549221,No,No,
136549221,No,136549220,No,No,
136562434,No,136562436,No,No,
136562436,No,136562434,No,Yes,
136666112,Yes,136668300,No,Yes,
136666112,Yes,136669840,No,Yes,
136668300,No,136666112,Yes,No,
136669840,No,136666112,Yes,No,
137009410,No,137122065,Yes,No,
137057089,Yes,137063706,No,Yes,
137057100,Yes,137063773,No,Yes,
137063706,No,137057089,Yes,No,
137063773,No,137057100,Yes,Yes,
137122065,Yes,137009410,No,Yes,
137288684,Yes,304289068,No,Yes,
137293405,Yes,137288684,Yes,Yes,
137390148,Yes,137390149,Yes,Yes,
137390149,Yes,137390148,Yes,Yes,
137390152,Yes,137390154,Yes,Yes,
137390154,Yes,137390152,Yes,Yes,
137447849,No,137447855,Yes,Yes,
137447855,Yes,137447849,No,Yes,
137454087,No,137454089,Yes,No,
137454089,Yes,137454087,No,Yes,
137500000,No,137499979,No,Yes,
137503815,No,137503759,No,No,
137609876,No,137611175,Yes,No,
137609876,No,137618313,No,No,
137611175,Yes,137609876,No,Yes,
137612950,Yes,137613161,Yes,Yes,
137613161,Yes,137612950,Yes,Yes,
137616830,Yes,137617062,No,Yes,
137617062,No,137616830,Yes,No,
137618313,No,137609876,No,No,
137621993,No,130375391,Yes,No,
137889727,Yes,137889728,No,Yes,
137889728,No,138018613,No,No,
138033099,Yes,185235593,Yes,Yes,
138036589,Yes,337271445,Yes,Yes,
138332318,Yes,138332467,Yes,Yes,
138332467,Yes,138332318,Yes,Yes,
138339504,Yes,138339505,No,Yes,
138339505,No,138339504,Yes,No,
138339520,Yes,138339521,Yes,Yes,
138339521,Yes,138339520,Yes,Yes,
138374023,Yes,138374024,Yes,Yes,
138374024,Yes,138374023,Yes,Yes,
138402656,No,138402660,No,No,
138404329,Yes,138402656,No,Yes,
138470485,Yes,28545358,Yes,Yes,
138472991,Yes,138481779,No,Yes,
138474296,Yes,138474297,No,Yes,
138474297,No,138474296,Yes,No,
138478477,Yes,138472991,Yes,Yes,
138481777,Yes,138472991,Yes,Yes,
138481779,No,138472991,Yes,No,
138594511,Yes,138594586,Yes,Yes,
138594586,Yes,138594511,Yes,Yes,
138634423,Yes,138636253,No,Yes,
138636253,No,138634423,Yes,No,
138731758,Yes,138731890,Yes,Yes,
138731890,Yes,138731758,Yes,Yes,
138765927,No,138765117,No,No,
138821874,Yes,138727449,No,Yes,
138981399,Yes,237726070,No,Yes,
139026177,Yes,139026130,No,Yes,
139116487,No,139148844,No,No,
139148844,No,139116487,No,No,
139168383,No,139168384,Yes,No,
139168384,Yes,139168383,No,Yes,
139265709,Yes,139265711,No,Yes,
139265711,No,139265709,Yes,Yes,
139309382,Yes,140962639,No,Yes,
139310506,Yes,139507029,No,Yes,
139507029,No,139310506,Yes,Yes,
139516590,Yes,139516591,No,Yes,
139516591,No,139516590,Yes,No,
139519623,Yes,298730469,No,Yes,
139807864,No,139808019,Yes,Yes,
139808019,Yes,139807864,No,Yes,
139811556,Yes,331440285,No,Yes,
139900810,No,139900812,No,No,
139900812,No,139900810,No,Yes,
139974276,No,139974277,No,No,
139974277,No,139974276,No,No,
139974345,Yes,139974346,No,Yes,
139974346,No,139974345,Yes,No,
140071463,Yes,140071465,No,Yes,
140071465,No,140071463,Yes,Yes,
140131541,Yes,140131873,No,Yes,
140131873,No,140131541,Yes,No,
140142656,Yes,140142657,Yes,Yes,
140142657,Yes,140142656,Yes,Yes,
140158777,Yes,140160759,No,Yes,
140158779,No,140158780,No,No,
140158780,No,140158779,No,No,
140160759,No,140158777,Yes,No,
140287499,Yes,140287500,Yes,Yes,
140287500,Yes,140287499,Yes,Yes,
140299612,No,140302657,No,No,
140302657,No,140299612,No,No,
140317363,Yes,140317365,Yes,Yes,
140317365,Yes,140317363,Yes,Yes,
140412552,Yes,140409809,No,Yes,
140504392,Yes,140506735,No,Yes,
140506735,No,140504392,Yes,Yes,
140513146,Yes,140513147,No,Yes,
140513147,No,140513146,Yes,No,
140600893,Yes,140600897,No,Yes,
140600897,No,140600893,Yes,No,
140622904,No,140623021,No,No,
140623021,No,140622904,No,Yes,
140623021,No,140625564,No,Yes,
140623534,No,140622904,No,No,
140625564,No,140623021,No,No,
140658154,Yes,140658155,Yes,Yes,
140658155,Yes,140658154,Yes,Yes,
140786258,Yes,140786261,No,Yes,
140786261,No,140786258,Yes,No,
140786264,Yes,140786266,No,Yes,
140786266,No,140786264,Yes,No,
140794542,No,140794543,Yes,Yes,
140794543,Yes,140794542,No,Yes,
140816217,Yes,140816220,No,Yes,
140816220,No,140816217,Yes,Yes,
140891151,No,140891153,Yes,No,
140891153,Yes,140891151,No,Yes,
140962639,No,139309382,Yes,Yes,
140963220,Yes,140964167,Yes,Yes,
140963220,Yes,142125146,No,Yes,
140963220,Yes,142125694,Yes,Yes,
140964167,Yes,140963220,Yes,Yes,
140978430,Yes,140978798,No,Yes,
140978798,No,140978430,Yes,No,
141043880,Yes,141043928,No,Yes,
141043928,No,141043880,Yes,No,
141247926,Yes,141247925,No,Yes,
141281387,No,243141776,No,No,
141304023,Yes,141304077,No,Yes,
141304077,No,141304023,Yes,Yes,
141334896,No,141335287,Yes,No,
141335287,Yes,141334896,No,Yes,
141631661,Yes,141631663,No,Yes,
141631663,No,141631661,Yes,No,
141727454,Yes,231980628,No,Yes,
141876961,No,141876962,No,No,
141876962,No,141876961,No,No,
141988624,No,141988625,No,No,
141988625,No,141988624,No,No,
142070046,No,116041473,No,No,
142070047,No,116041473,No,No,
142125146,No,140963220,Yes,No,
142125694,Yes,140963220,Yes,Yes,
142127069,Yes,142127072,Yes,Yes,
142127072,Yes,142127069,Yes,Yes,
142131977,Yes,142131978,Yes,Yes,
142131978,Yes,142131977,Yes,Yes,
142164868,Yes,142164879,No,Yes,
142164879,No,142164868,Yes,No,
142191965,Yes,142191966,No,Yes,
142191966,No,142191965,Yes,Yes,
142191970,No,142191971,Yes,Yes,
142191971,Yes,142191970,No,Yes,
142301829,Yes,142301830,Yes,Yes,
142301830,Yes,142301829,Yes,Yes,
142450505,Yes,142450506,Yes,Yes,
142450506,Yes,142450505,Yes,Yes,
142489380,Yes,142489376,No,Yes,
142533378,Yes,142599799,Yes,Yes,
142539601,No,142539603,No,No,
142539603,No,142539601,No,No,
142598797,Yes,142599609,No,Yes,
142599609,No,142598797,Yes,No,
142599799,Yes,142533378,Yes,Yes,
142601041,Yes,142601043,Yes,Yes,
142601043,Yes,142601041,Yes,Yes,
142601084,No,142601085,Yes,No,
142601085,Yes,142601084,No,Yes,
142683156,No,142683157,No,Yes,
142683157,No,142683156,No,No,
142683187,Yes,142683189,No,Yes,
142683189,No,142683187,Yes,No,
142777239,No,143099993,No,No,
142833019,Yes,142836242,No,Yes,
142836242,No,142833019,Yes,Yes,
142839471,No,142839472,No,No,
142839472,No,142839471,No,No,
142839497,No,142839498,No,Yes,
142839498,No,142839497,No,No,
142870368,Yes,142870369,Yes,Yes,
142870369,Yes,142870368,Yes,Yes,
143086529,Yes,143086531,No,Yes,
143093982,Yes,143093986,No,Yes,
143099993,No,142777239,No,No,
143100724,No,143100725,No,No,
143100725,No,143100724,No,Yes,
143112939,No,143112940,No,No,
143194050,No,143194759,Yes,Yes,
143194759,Yes,143194050,No,Yes,
143202101,Yes,143202477,No,Yes,
143202477,No,143202101,Yes,No,
143223790,No,143223791,Yes,Yes,
143223791,Yes,143223790,No,Yes,
143252526,No,337449289,No,Yes,
143258272,No,106244924,Yes,Yes,
143311634,Yes,143311636,No,Yes,
143311636,No,143311634,Yes,No,
143367822,Yes,143367870,No,Yes,
143367870,No,143367822,Yes,No,
143371293,Yes,143371294,No,Yes,
143371294,No,143371293,Yes,No,
143440188,Yes,143440189,No,Yes,
143440189,No,143440188,Yes,No,
143454108,Yes,143454110,No,Yes,
143454110,No,143454108,Yes,Yes,
143556486,Yes,143761486,No,Yes,
143663297,Yes,143663299,No,Yes,
143663299,No,143663297,Yes,No,
143667115,Yes,143667116,Yes,Yes,
143667116,Yes,143667115,Yes,Yes,
143715190,Yes,143715513,No,Yes,
143715191,No,143715360,No,No,
143715360,No,143715191,No,No,
143715513,No,143715190,Yes,No,
143761486,No,143556486,Yes,Yes,
143806981,Yes,143806984,No,Yes,
143806984,No,143806981,Yes,No,
143822730,Yes,143822731,No,Yes,
143822731,No,143822730,Yes,No,
143935311,Yes,143936020,No,Yes,
143935632,Yes,143936020,No,Yes,
143936020,No,143935311,Yes,No,
143936020,No,143935632,Yes,No,
143936801,Yes,143989075,Yes,Yes,
143989075,Yes,143936801,Yes,Yes,
144056673,Yes,144056675,No,Yes,
144056675,No,144056673,Yes,No,
144060356,Yes,144060357,No,Yes,
144060357,No,144060356,Yes,No,
144060357,No,144998241,No,No,
144142400,No,144142401,No,No,
144142401,No,144142400,No,No,
144250537,No,20283663,No,Yes,
144255048,No,144255049,Yes,No,
144255049,Yes,144255048,No,Yes,
144263728,No,144264671,Yes,Yes,
144264671,Yes,144263728,No,Yes,
144296064,Yes,144296065,No,Yes,
144296065,No,144296064,Yes,No,
144298286,No,144298288,Yes,Yes,
144298288,Yes,144298286,No,Yes,
144298741,No,144298742,No,No,
144298742,No,144298741,No,No,
144339674,No,144339675,Yes,No,
144339675,Yes,144339674,No,Yes,
144361968,No,144483511,Yes,No,
144381478,No,144381479,No,Yes,
144381479,No,144381478,No,Yes,
144385181,Yes,144385182,No,Yes,
144385182,No,144385181,Yes,No,
144385188,No,144385189,Yes,No,
144385189,Yes,144385188,No,Yes,
144417722,No,144417726,No,No,
144417726,No,144417722,No,Yes,
144434753,Yes,144434771,No,Yes,
144434771,No,144434753,Yes,No,
144483511,Yes,144361968,No,Yes,
144513457,No,144513458,Yes,No,
144513458,Yes,144513457,No,Yes,
144541202,No,144533952,No,No,
144615777,Yes,144615778,Yes,Yes,
144615778,Yes,144615777,Yes,Yes,
144615779,No,144615781,Yes,Yes,
144615781,Yes,144615779,No,Yes,
144668595,No,144668597,No,Yes,
144668597,No,144668595,No,No,
144677435,No,144677620,Yes,No,
144677620,Yes,144677435,No,Yes,
144739550,No,144739553,No,No,
144739553,No,144739550,No,No,
144739559,No,144739561,No,Yes,
144739561,No,144739559,No,No,
144744377,No,144744378,Yes,No,
144744378,Yes,144744377,No,Yes,
144768057,Yes,144768058,No,Yes,
144768058,No,144768057,Yes,No,
144768062,Yes,144768063,No,Yes,
144768063,No,144768062,Yes,Yes,
144948254,No,144948255,Yes,No,
144948255,Yes,144948254,No,Yes,
144982704,Yes,144982735,No,Yes,
144982735,No,144982704,Yes,Yes,
144982814,Yes,144982862,No,Yes,
144982862,No,144982814,Yes,Yes,
144998241,No,144060357,No,No,
145172157,No,145172158,Yes,No,
145172158,Yes,145172157,No,Yes,
145217567,Yes,7118034,Yes,Yes,
145229358,Yes,145230571,No,Yes,
145229360,Yes,145230530,No,Yes,
145229376,Yes,145230518,No,Yes,
145230518,No,145229376,Yes,No,
145230530,No,145229360,Yes,No,
145230571,No,145229358,Yes,No,
145255852,No,145255953,No,No,
145255953,No,145255852,No,No,
145259844,Yes,145259845,No,Yes,
145259845,No,145259844,Yes,Yes,
145302193,No,145302194,No,No,
145302194,No,145302193,No,No,
145304956,Yes,145352553,No,Yes,
145304957,Yes,145353954,No,Yes,
145352553,No,145304956,Yes,Yes,
145353954,No,145304957,Yes,Yes,
145422424,No,145422425,No,No,
145422425,No,145422424,No,No,
145447563,Yes,145447564,No,Yes,
145482312,Yes,145482314,No,Yes,
145482314,No,145482312,Yes,No,
145503639,Yes,145504060,No,Yes,
145503731,No,145504060,No,Yes,
145504060,No,145503731,No,No,
145506887,Yes,145506917,No,Yes,
145506917,No,145506887,Yes,Yes,
145528958,Yes,145529218,No,Yes,
145529218,No,145528958,Yes,No,
145586857,No,146132078,No,Yes,
145586905,Yes,145977313,No,Yes,
145612013,No,145612019,No,No,
145612019,No,145612013,No,No,
145616868,Yes,145616873,No,Yes,
145616873,No,145616868,Yes,Yes,
145631248,No,337306676,No,No,
145631257,No,337306637,No,No,
145911496,No,145911498,Yes,No,
145911498,Yes,145911496,No,Yes,
145911511,Yes,145911514,No,Yes,
145911514,No,145911511,Yes,No,
145911519,Yes,145911520,No,Yes,
145911520,No,145911519,Yes,No,
145977222,No,145977227,No,No,
145977227,No,145977222,No,Yes,
145977279,No,145980212,No,No,
145977313,No,145586905,Yes,No,
145980212,No,145977279,No,No,
146132078,No,145586857,No,No,
146136528,Yes,146136529,Yes,Yes,
146136529,Yes,146136528,Yes,Yes,
146151901,Yes,146708328,No,Yes,
146151902,Yes,146708393,No,Yes,
146153785,Yes,146153786,No,Yes,
146153786,No,146153785,Yes,No,
146187228,Yes,146187230,No,Yes,
146187230,No,146187228,Yes,No,
146243208,Yes,146787091,No,Yes,
146406672,No,146406648,No,No,
146478854,Yes,146478855,Yes,Yes,
146478855,Yes,146478854,Yes,Yes,
146591268,Yes,146591269,No,Yes,
146591269,No,146591268,Yes,No,
146596114,No,146596115,No,No,
146596115,No,146596114,No,No,
146600337,Yes,146600338,Yes,Yes,
146600338,Yes,146600337,Yes,Yes,
146644274,Yes,146644275,No,Yes,
146644275,No,146644274,Yes,Yes,
146658103,Yes,146658053,No,Yes,
146665015,Yes,146664948,No,Yes,
146670034,Yes,146670046,No,Yes,
146670046,No,146670034,Yes,Yes,
146680961,Yes,146680962,No,Yes,
146680962,No,146680961,Yes,No,
146699117,Yes,146699119,No,Yes,
146699119,No,146699117,Yes,Yes,
146708101,No,146708102,No,Yes,
146708102,No,146708101,No,Yes,
146708328,No,146151901,Yes,No,
146708393,No,146151902,Yes,No,
146787091,No,146243208,Yes,No,
146922395,No,147181145,No,No,
146946666,No,146946668,Yes,No,
146946668,Yes,146967885,Yes,Yes,
146967885,Yes,146967887,No,Yes,
146967887,No,146967885,Yes,No,
146970081,Yes,146970085,No,Yes,
146970085,No,146970081,Yes,No,
146994880,No,146994913,No,No,
146994913,No,146994880,No,No,
147044337,Yes,339190099,No,Yes,
147112727,No,147112730,No,No,
147112730,No,147112727,No,No,
147181145,No,146922395,No,Yes,
147197496,No,337090164,No,Yes,
147248125,No,147248126,Yes,No,
147248126,Yes,147248126,Yes,Yes,
147248128,Yes,147248129,No,Yes,
147248129,No,147248128,Yes,Yes,
147280342,Yes,147280344,Yes,Yes,
147280344,Yes,147280342,Yes,Yes,
147290982,Yes,147290984,No,Yes,
147290984,No,147290982,Yes,Yes,
147519995,Yes,147519998,No,Yes,
147519995,Yes,147519997,No,Yes,
147519995,Yes,147519996,Yes,Yes,
147519996,Yes,147519995,Yes,Yes,
147519997,No,147519995,Yes,Yes,
147519998,No,147519995,Yes,No,
147524292,Yes,147524441,Yes,Yes,
147524441,Yes,147524292,Yes,Yes,
147603454,Yes,147757321,No,Yes,
147673411,No,147674954,No,No,
147674954,No,147673411,No,No,
147732166,No,147732169,No,Yes,
147732169,No,147732166,No,No,
147757321,No,147603454,Yes,No,
147780609,No,147780610,No,No,
147780610,No,147780609,No,No,
147784983,Yes,147784984,No,Yes,
147784984,No,147784983,Yes,No,
147819800,No,147879979,No,No,
147836387,Yes,320943187,Yes,Yes,
147886725,Yes,147886774,No,Yes,
147886774,No,147886725,Yes,Yes,
148052051,No,56671934,No,Yes,
148335968,Yes,148336053,Yes,Yes,
148336053,Yes,148335968,Yes,Yes,
148361365,Yes,148361386,Yes,Yes,
148361386,Yes,148361365,Yes,Yes,
148463938,Yes,148463939,Yes,Yes,
148463939,Yes,148463938,Yes,Yes,
148463959,No,148463960,Yes,No,
148463960,Yes,148463959,No,Yes,
148463998,No,148464002,Yes,Yes,
148464002,Yes,148463998,No,Yes,
148562687,No,66022256,Yes,Yes,
148602518,No,148602797,No,No,
148602797,No,148602518,No,No,
148878245,No,148878246,Yes,No,
148878246,Yes,148878245,No,Yes,
148878300,Yes,148878302,No,Yes,
148878302,No,148878300,Yes,No,
148918336,No,148918337,No,No,
148918337,No,148918336,No,No,
148918348,No,148918351,No,No,
148918351,No,148918348,No,No,
149003323,Yes,231980627,No,Yes,
149034511,Yes,149034514,No,Yes,
149034514,No,149034511,Yes,No,
149214354,Yes,149214834,No,Yes,
149214834,No,149214354,Yes,Yes,
149311967,Yes,40576956,No,Yes,
149352301,Yes,149352454,Yes,Yes,
149352454,Yes,149352301,Yes,Yes,
149462152,No,231980626,No,Yes,
149463617,No,149463618,Yes,Yes,
149463618,Yes,149463617,No,Yes,
149463618,Yes,149463619,No,Yes,
149463619,No,149463618,Yes,Yes,
149490841,No,149490842,Yes,No,
149490842,Yes,149490841,No,Yes,
149743284,No,149804925,No,No,
149804925,No,149743284,No,No,
149968300,Yes,149968321,No,Yes,
149968321,No,149968300,Yes,No,
149979514,No,63546554,No,Yes,
150088621,No,150088801,Yes,No,
150088801,Yes,150088621,No,Yes,
150090217,Yes,150090218,Yes,Yes,
150090218,Yes,150090217,Yes,Yes,
150113454,Yes,150113456,Yes,Yes,
150113456,Yes,150113454,Yes,Yes,
150157801,No,231980625,No,No,
150232332,Yes,150232395,Yes,Yes,
150232395,Yes,150232332,Yes,Yes,
150434429,No,150434596,Yes,Yes,
150434596,Yes,150434429,No,Yes,
150509953,Yes,150511090,No,Yes,
150511090,No,150509953,Yes,Yes,
150648403,Yes,150648404,Yes,Yes,
150648404,Yes,150648403,Yes,Yes,
150690258,Yes,150690259,Yes,Yes,
150690259,Yes,150690258,Yes,Yes,
150729499,Yes,150729929,No,Yes,
150729929,No,150729499,Yes,Yes,
150862766,Yes,150862767,Yes,Yes,
150862767,Yes,150862766,Yes,Yes,
150979853,No,279605427,No,Yes,
151033728,No,117452473,Yes,No,
151128047,No,117452473,Yes,No,
151142411,No,103168851,Yes,No,
151153335,Yes,151156146,No,Yes,
151156146,No,151153335,Yes,Yes,
151219516,No,151219563,No,No,
151219563,No,151219516,No,No,
151495380,Yes,151495382,No,Yes,
151495382,No,151495380,Yes,No,
151634439,Yes,151634441,Yes,Yes,
151634441,Yes,151634439,Yes,Yes,
151784868,No,151866159,No,No,
151850970,Yes,151850971,No,Yes,
151850971,No,151850970,Yes,No,
151866159,No,151784868,No,No,
152032340,No,21601950,No,No,
152034280,No,45649828,No,No,
152034846,No,39979456,No,No,
152206136,Yes,152206138,Yes,Yes,
152206138,Yes,152206136,Yes,Yes,
152232310,Yes,152246603,No,Yes,
152246603,No,152232310,Yes,Yes,
152247982,No,152247985,No,No,
152247985,No,152247982,No,No,
152304222,Yes,56906739,No,Yes,
152455784,No,152699695,Yes,Yes,
152698653,Yes,152698654,No,Yes,
152698654,No,152698653,Yes,Yes,
152699695,Yes,152455784,No,Yes,
152749327,No,152749329,No,No,
152749329,No,152749327,No,No,
152815031,No,152815107,Yes,No,
152815107,Yes,152815031,No,Yes,
153155094,No,153164417,No,No,
153157712,Yes,153157717,No,Yes,
153157717,No,153157712,Yes,No,
153164417,No,153155094,No,No,
153361849,Yes,153361854,No,Yes,
153361854,No,153361849,Yes,No,
153506829,Yes,153506831,No,Yes,
153506831,No,153506829,Yes,No,
153554072,Yes,155762001,No,Yes,
153554073,No,153554072,Yes,No,
153574549,No,153574550,Yes,No,
153574550,Yes,153574549,No,Yes,
153785004,No,153785104,No,No,
153785104,No,153785004,No,No,
153921542,No,166033898,No,Yes,
154070701,Yes,64668806,Yes,Yes,
154217382,Yes,154217383,Yes,Yes,
154217383,Yes,154217382,Yes,Yes,
154580263,No,154580132,No,Yes,
154636064,No,202927088,No,Yes,
154637312,No,154643158,Yes,No,
154643158,Yes,154637312,No,Yes,
154884274,No,154884357,No,No,
154884357,No,154884274,No,No,
154918613,No,154918617,No,No,
154918617,No,154918613,No,No,
155358313,No,155358527,No,Yes,
155358527,No,155358313,No,No,
155497436,Yes,268129698,No,Yes,
155497645,Yes,268129355,No,Yes,
155506374,Yes,264348402,No,Yes,
155707588,No,155707589,Yes,Yes,
155707589,Yes,155707588,No,Yes,
155762443,No,153554072,Yes,No,
155805763,No,158954915,No,No,
155976459,No,155976461,Yes,Yes,
155976461,Yes,155976459,No,Yes,
155991285,Yes,155991368,No,Yes,
155991368,No,155991285,Yes,No,
156153409,No,337306597,No,No,
156169243,No,156424100,No,Yes,
156424100,No,156169243,No,Yes,
156948180,Yes,156948188,No,Yes,
156948188,No,156948180,Yes,Yes,
156949328,No,156949330,No,No,
156949328,No,156949331,Yes,No,
156949331,Yes,156949328,No,Yes,
156958211,No,156958212,No,No,
156958212,No,156958211,No,No,
157125624,Yes,157126014,No,Yes,
157126014,No,157125624,Yes,No,
157126540,No,157125624,Yes,No,
157127806,No,156995508,No,No,
157233665,Yes,157233801,No,Yes,
157233801,No,157233665,Yes,No,
157354201,No,157354400,No,No,
157354400,No,157354201,No,No,
157526764,No,157527462,Yes,Yes,
157527462,Yes,157526764,No,Yes,
157565873,No,157566409,Yes,No,
157566409,Yes,157565873,No,Yes,
157715921,No,157715924,No,No,
157715924,No,157715921,No,No,
158530269,Yes,158540087,Yes,Yes,
158540087,Yes,158530269,Yes,Yes,
158954915,No,155805763,No,No,
159190540,No,159190542,Yes,Yes,
159190542,Yes,159190540,No,Yes,
159202601,Yes,159203221,No,Yes,
159203221,No,159202601,Yes,No,
159257451,Yes,159257452,No,Yes,
159257452,No,159257451,Yes,No,
159680512,No,159680831,No,No,
159680831,No,159680512,No,Yes,
159832640,Yes,159832878,No,Yes,
160073366,No,197527666,No,No,
160175082,No,160175184,No,No,
160175184,No,160175082,No,No,
160221880,No,160221882,Yes,Yes,
160221882,Yes,160221880,No,Yes,
160292969,No,160293320,Yes,No,
160293320,Yes,160292969,No,Yes,
160312967,No,164421880,No,No,
160363236,Yes,160363238,Yes,Yes,
160363238,Yes,160363236,Yes,Yes,
160618844,No,160618845,No,No,
160618845,No,160618844,No,No,
160618875,Yes,160618877,No,Yes,
160618877,No,160618875,Yes,No,
160618880,Yes,160618881,No,Yes,
160618881,No,160618880,Yes,No,
160618882,Yes,160618885,No,Yes,
160618885,No,160618882,Yes,No,
160710567,Yes,160710568,No,Yes,
160710568,No,160710567,Yes,No,
161266414,Yes,161266415,No,Yes,
161266415,No,161266414,Yes,No,
161266416,Yes,161266418,No,Yes,
161266418,No,161266416,Yes,No,
161327859,Yes,161327863,No,Yes,
161327863,No,161327859,Yes,Yes,
161642299,Yes,161642300,No,Yes,
161642300,No,161642299,Yes,No,
161642383,Yes,161642385,No,Yes,
161642385,No,161642383,Yes,Yes,
161750532,Yes,161750533,Yes,Yes,
161750533,Yes,161750532,Yes,Yes,
161752973,No,161754190,Yes,Yes,
161754190,Yes,161752973,No,Yes,
161754886,No,161752973,No,No,
161766756,Yes,161767034,No,Yes,
161767034,No,161766756,Yes,No,
161847850,Yes,161878254,No,Yes,
161878254,No,161847850,Yes,Yes,
161942756,Yes,161942758,Yes,Yes,
161942758,Yes,161942756,Yes,Yes,
161957367,No,161957626,Yes,Yes,
161957626,Yes,161957367,No,Yes,
162036674,Yes,162036918,Yes,Yes,
162036918,Yes,162036674,Yes,Yes,
162558307,Yes,162644230,No,Yes,
162566741,Yes,181468916,No,Yes,
162581549,Yes,162581550,Yes,Yes,
162581550,Yes,162581549,Yes,Yes,
162644230,No,162558307,Yes,No,
162689388,Yes,204837836,No,Yes,
162981333,Yes,162981513,Yes,Yes,
162981513,Yes,162981333,Yes,Yes,
163073216,Yes,337448283,No,Yes,
163168761,No,189526524,No,Yes,
163317530,Yes,163317533,No,Yes,
163317533,No,163317530,Yes,No,
163319643,No,163319647,No,Yes,
163319647,No,163319643,No,Yes,
163365136,No,163365139,No,No,
163365139,No,163365136,No,No,
163367013,Yes,163367318,No,Yes,
163367318,No,163367013,Yes,No,
163372543,Yes,163372546,Yes,Yes,
163372546,Yes,163372543,Yes,Yes,
163372554,Yes,163372555,No,Yes,
163372555,No,163372554,Yes,No,
163447899,Yes,163448064,No,Yes,
163448064,No,163447899,Yes,No,
163568919,No,163569087,No,No,
163569087,No,163568919,No,No,
163583888,No,163583888,No,No,
163584021,No,163583888,No,No,
163617883,No,163617956,Yes,No,
163617956,Yes,163617883,No,Yes,
163688739,Yes,163688741,No,Yes,
163688741,No,163688739,Yes,No,
163736737,No,163737318,No,No,
163737318,No,163736737,No,No,
163796134,Yes,163796151,Yes,Yes,
163796138,No,163796134,Yes,No,
163796151,Yes,163796134,Yes,Yes,
163828074,No,163828076,Yes,Yes,
163828074,No,163828075,Yes,Yes,
163828075,Yes,163828074,No,Yes,
163828076,Yes,163828074,No,Yes,
163862864,No,163862865,No,No,
163862865,No,163862864,No,No,
163865333,Yes,163865335,Yes,Yes,
163865335,Yes,163865333,Yes,Yes,
163865336,No,163865333,Yes,No,
163865340,No,163865333,Yes,No,
163865363,No,163865364,No,No,
163865364,No,163865363,No,No,
163865389,Yes,163867289,Yes,Yes,
163865919,Yes,163865925,No,Yes,
163865925,No,163865919,Yes,No,
163867289,Yes,163865389,Yes,Yes,
163875259,Yes,163875267,No,Yes,
163875263,Yes,163875267,No,Yes,
163875267,No,163875271,Yes,No,
163875267,No,163875263,Yes,No,
163875267,No,163875259,Yes,No,
163875271,Yes,163875267,No,Yes,
163878193,Yes,163878311,Yes,Yes,
163878311,Yes,163878193,Yes,Yes,
163880428,No,337447959,No,Yes,
163931211,No,163931524,No,No,
163931524,No,163931211,No,No,
163958593,Yes,163958602,Yes,Yes,
163958602,Yes,163958593,Yes,Yes,
164112155,Yes,164112157,Yes,Yes,
164112156,No,164112155,Yes,No,
164112157,Yes,164112155,Yes,Yes,
164112161,No,164112155,Yes,No,
164206506,Yes,164206508,No,Yes,
164206508,No,164206506,Yes,No,
164308424,Yes,164308762,No,Yes,
164308762,No,164308424,Yes,No,
164308776,Yes,164308907,Yes,Yes,
164308907,Yes,164308776,Yes,Yes,
164421880,No,160312967,No,No,
164456499,Yes,164456502,No,Yes,
164456502,No,164456499,Yes,Yes,
164485479,Yes,164485487,Yes,Yes,
164485487,Yes,164485479,Yes,Yes,
164485538,Yes,164485543,Yes,Yes,
164485543,Yes,164485538,Yes,Yes,
164511478,Yes,164511484,No,Yes,
164511484,No,164511478,Yes,Yes,
164531990,Yes,165313232,No,Yes,
164532033,Yes,164532035,Yes,Yes,
164532035,Yes,164532033,Yes,Yes,
164637397,No,164654693,Yes,No,
164650523,Yes,164650696,No,Yes,
164650696,No,164650523,Yes,No,
164654693,Yes,164637397,No,Yes,
164680020,No,164680021,Yes,Yes,
164680021,Yes,164680020,No,Yes,
164835009,Yes,164835014,No,Yes,
164835014,No,164835009,Yes,No,
164877693,No,164877730,Yes,No,
164877730,Yes,164877693,No,Yes,
164883042,Yes,164883087,No,Yes,
164883087,No,164883042,Yes,Yes,
164987820,No,164987932,Yes,No,
164987932,Yes,164987820,No,Yes,
165209327,Yes,165209461,Yes,Yes,
165209461,Yes,165209327,Yes,Yes,
165313232,No,164531990,Yes,Yes,
165338702,No,121533031,Yes,No,
165533004,No,242450552,Yes,No,
165671181,No,165671288,Yes,No,
165671288,Yes,165671181,No,Yes,
165700690,No,166033209,No,No,
165850790,No,242450283,Yes,No,
165875681,No,194388655,No,Yes,
166018497,Yes,166018498,Yes,Yes,
166018498,Yes,166018497,Yes,Yes,
166033209,No,165700690,No,No,
166033898,No,153921542,No,Yes,
166033984,Yes,129824814,Yes,Yes,
166146708,Yes,166146712,Yes,Yes,
166146712,Yes,166146708,Yes,Yes,
166276086,Yes,166276088,Yes,Yes,
166276088,Yes,166276086,Yes,Yes,
166334463,Yes,166438978,No,Yes,
166394685,No,267971456,No,No,
166438978,No,166334463,Yes,No,
166444813,No,266255361,Yes,Yes,
166471021,Yes,166471022,Yes,Yes,
166471022,Yes,166471021,Yes,Yes,
166530832,No,166530897,No,Yes,
166530897,No,166530832,No,Yes,
166570780,No,166570782,Yes,Yes,
166570782,Yes,166570780,No,Yes,
166664276,Yes,166704990,No,Yes,
166674568,No,166674670,No,No,
166674670,No,166674568,No,No,
166686116,Yes,166686118,No,Yes,
166686118,No,166686116,Yes,Yes,
166704990,No,166664276,Yes,No,
166752859,Yes,258611666,Yes,Yes,
166785191,Yes,166785194,No,Yes,
166785194,No,166785191,Yes,Yes,
166849318,No,168513249,No,Yes,
166861084,Yes,166861406,No,Yes,
166861406,No,166861084,Yes,Yes,
166877010,Yes,166735395,No,Yes,
166877015,No,166877970,No,No,
166877970,No,166877015,No,No,
167004799,No,167004922,No,Yes,
167004922,No,167004799,No,No,
167329686,Yes,167329738,No,Yes,
167329738,No,167329686,Yes,Yes,
167333393,No,167333394,No,Yes,
167333394,No,167333393,No,Yes,
167340711,Yes,167404783,No,Yes,
167343680,No,167390792,No,No,
167390792,No,167343680,No,No,
167394069,No,167394072,No,No,
167394072,No,167394069,No,Yes,
167404783,No,167340711,Yes,No,
167450906,No,167451230,Yes,No,
167451230,Yes,167450906,No,Yes,
167573601,No,167679006,Yes,No,
167642206,Yes,167642789,No,Yes,
167642789,No,167642206,Yes,No,
167679006,Yes,167573601,No,Yes,
167703827,Yes,167704060,No,Yes,
167704060,No,167703827,Yes,No,
167756154,No,167756157,No,Yes,
167756157,No,167756154,No,No,
167946456,Yes,167947305,No,Yes,
167947305,No,167946456,Yes,Yes,
168116128,No,168121134,No,No,
168121134,No,168116128,No,No,
168159981,Yes,168159983,No,Yes,
168159983,No,168159981,Yes,Yes,
168159986,No,168159981,Yes,No,
168159987,No,168159990,No,No,
168159990,No,168159987,No,Yes,
168188535,No,168188536,No,No,
168188536,No,168188535,No,No,
168205169,Yes,168251111,No,Yes,
168208577,Yes,168208579,Yes,Yes,
168208579,Yes,168208577,Yes,Yes,
168208588,No,168208591,Yes,No,
168208591,Yes,168208588,No,Yes,
168208615,Yes,168208616,No,Yes,
168208616,No,168208615,Yes,No,
168251111,No,168205169,Yes,No,
168252568,Yes,205760409,Yes,Yes,
168257734,No,205761765,No,No,
168311248,No,168311250,Yes,Yes,
168311250,Yes,168311248,No,Yes,
168438116,No,168438178,No,No,
168438178,No,168438116,No,No,
168513249,No,169407100,Yes,No,
168781767,No,168781854,Yes,No,
168781767,No,168781945,No,No,
168781854,Yes,168781767,No,Yes,
168781945,No,168781767,No,No,
168909311,Yes,207482370,Yes,Yes,
168914224,No,168915176,No,No,
168915176,No,168914224,No,No,
168948340,Yes,316926334,No,Yes,
169033812,Yes,169033814,No,Yes,
169033814,No,169033812,Yes,No,
169123799,No,169123873,Yes,No,
169123873,Yes,169123799,No,Yes,
169194947,Yes,188701633,No,Yes,
169196153,Yes,267974192,No,Yes,
169196377,Yes,267973364,No,Yes,
169218765,Yes,188700660,No,Yes,
169313821,No,169732736,Yes,No,
169407098,Yes,169407100,Yes,Yes,
169407100,Yes,169407098,Yes,Yes,
169436103,Yes,169436104,No,Yes,
169436104,No,169436103,Yes,No,
169551915,No,169552033,No,Yes,
169552033,No,169551915,No,Yes,
169557061,Yes,169557064,Yes,Yes,
169557064,Yes,169557061,Yes,Yes,
169695498,No,337306542,No,No,
169732736,Yes,169313821,No,Yes,
169753767,No,219746258,No,Yes,
169753974,Yes,219746257,No,Yes,
169758822,Yes,231980624,No,Yes,
169797067,Yes,337446713,No,Yes,
169857726,Yes,219743519,No,Yes,
169858545,No,231980621,No,No,
169903188,Yes,169903237,No,Yes,
169903237,No,169903188,Yes,No,
169905539,Yes,231980620,No,Yes,
169905890,No,231980619,No,No,
170027691,Yes,170027836,No,Yes,
170027836,No,170027691,Yes,No,
170100353,Yes,170128185,No,Yes,
170128185,No,170100353,Yes,Yes,
170178211,No,170178213,Yes,No,
170178213,Yes,170178211,No,Yes,
170197442,No,170197554,No,No,
170197554,No,170197442,No,No,
170346135,Yes,170347914,Yes,Yes,
170347914,Yes,170346135,Yes,Yes,
170458393,Yes,173623649,Yes,Yes,
170522151,Yes,13465172,No,Yes,
170534115,Yes,170524534,No,Yes,
170551703,Yes,205753681,No,Yes,
170622827,No,170622830,No,No,
170770827,Yes,170770996,No,Yes,
170770996,No,170770827,Yes,Yes,
170777346,No,170777347,No,No,
170777347,No,170777346,No,No,
170800728,No,337306521,No,No,
170800738,No,170800740,No,No,
170800740,No,170800738,No,No,
170800787,No,337306445,No,No,
170800791,No,170800792,No,No,
170800792,No,170800791,No,No,
170800794,No,206171884,No,No,
170860206,No,170860210,No,No,
170860210,No,170860206,No,No,
171151685,No,171151687,Yes,No,
171151687,Yes,171151685,No,Yes,
171151689,No,171151690,Yes,No,
171151690,Yes,171151689,No,Yes,
171162395,No,171162396,No,No,
171162396,No,171162395,No,No,
171162399,Yes,171162401,Yes,Yes,
171162401,Yes,171162399,Yes,Yes,
171207871,Yes,171208191,Yes,Yes,
171208191,Yes,171207871,Yes,Yes,
171307086,Yes,171307087,No,Yes,
171307087,No,171307086,Yes,Yes,
171307104,No,171307105,No,No,
171307105,No,171307104,No,No,
171330459,Yes,171330460,No,Yes,
171330460,No,171330459,Yes,Yes,
171339734,No,171436757,No,No,
171370948,Yes,171370956,No,Yes,
171370956,No,171370948,Yes,No,
171370957,Yes,171370961,No,Yes,
171370961,No,171370957,Yes,No,
171400645,Yes,171400646,No,Yes,
171400646,No,171400645,Yes,No,
171436757,No,171339734,No,No,
171535524,Yes,171535892,No,Yes,
171535892,No,171535524,Yes,No,
172156633,No,172156739,Yes,Yes,
172156739,Yes,172156633,No,Yes,
172544107,No,172544112,No,No,
172544112,No,172544107,No,No,
172564154,Yes,172563983,No,Yes,
172569457,Yes,267970253,Yes,Yes,
172569936,Yes,172570107,Yes,Yes,
172570107,Yes,172569936,Yes,Yes,
172583862,No,172584052,No,Yes,
172584052,No,172583862,No,No,
172586893,No,172586893,No,No,
172591140,Yes,172586893,No,Yes,
172739731,Yes,172739736,No,Yes,
172739736,No,172739731,Yes,Yes,
172842416,No,202175907,No,No,
172943552,No,172943811,No,No,
172943811,No,172943552,No,No,
172962857,No,172963785,No,No,
172963785,No,172962857,No,No,
173009668,Yes,173009670,Yes,Yes,
173009670,Yes,173009668,Yes,Yes,
173109613,Yes,173109614,No,Yes,
173109614,No,173109613,Yes,No,
173130239,Yes,173130240,No,Yes,
173130240,No,173130239,Yes,No,
173332580,Yes,173332645,No,Yes,
173332645,No,173332580,Yes,No,
173441840,No,173447117,No,No,
173447117,No,173441840,No,Yes,
173525063,Yes,176530117,No,Yes,
173623649,Yes,170458393,Yes,Yes,
173689838,Yes,173689918,No,Yes,
173689918,No,173689838,Yes,No,
173696204,Yes,173697317,No,Yes,
173697317,No,173696204,Yes,No,
173709669,Yes,173709884,No,Yes,
173709884,No,173709669,Yes,No,
173727453,No,173727587,No,No,
173727587,No,173727453,No,No,
173734314,Yes,173734315,No,Yes,
173776511,No,205725164,No,No,
173826227,No,173895872,No,No,
173861262,No,173860955,Yes,Yes,
173893854,No,173893870,No,No,
173893870,No,173893854,No,No,
173895872,No,173826227,No,No,
174052663,No,174052871,No,Yes,
174052871,No,174052871,No,No,
174076960,No,207100786,No,No,
174225574,Yes,340891953,No,Yes,
174225580,Yes,340891948,No,Yes,
174271348,No,337446243,No,No,
174299884,Yes,174299955,No,Yes,
174299955,No,174299884,Yes,No,
174440186,No,174440189,No,No,
174440189,No,174440186,No,No,
174440203,No,174440206,No,No,
174440206,No,174440203,No,No,
174441015,Yes,174442270,No,Yes,
174442270,No,174441015,Yes,Yes,
174507228,Yes,174508504,No,Yes,
174508504,No,174507228,Yes,No,
174509697,Yes,174510068,No,Yes,
174510068,No,174509697,Yes,Yes,
174786723,Yes,174786726,No,Yes,
174786726,No,174786723,Yes,Yes,
174827693,No,174827694,No,No,
174827694,No,174827693,No,No,
174880854,No,337306310,No,No,
174880868,No,206169543,No,No,
174887210,Yes,174887743,Yes,Yes,
174887743,Yes,174887210,Yes,Yes,
174922736,No,128065484,Yes,Yes,
174927084,No,118280918,Yes,No,
174927300,No,121911240,Yes,No,
174928775,Yes,174929325,Yes,Yes,
174929325,Yes,174928775,Yes,Yes,
174964734,No,174964740,No,Yes,
174964740,No,174964734,No,Yes,
174988415,Yes,176152572,Yes,Yes,
174996805,No,174996892,No,No,
174996892,No,174996805,No,No,
174997529,Yes,157565873,No,Yes,
175091472,Yes,175091496,No,Yes,
175091496,No,175091472,Yes,Yes,
175147669,Yes,175147687,No,Yes,
175147687,No,175148117,Yes,No,
175147687,No,175147779,No,No,
175147687,No,175147760,Yes,No,
175147687,No,17514771,No,No,
175147687,No,175147669,Yes,No,
175147716,Yes,175147687,No,Yes,
175147760,Yes,175147687,No,Yes,
175147779,No,175147687,No,Yes,
175148117,Yes,175147687,No,Yes,
175289892,Yes,175290098,No,Yes,
175290098,No,175289892,Yes,No,
175301366,No,175301367,No,No,
175301367,No,175301366,No,No,
175330523,No,175330524,No,No,
175330524,No,175330523,No,No,
175392764,No,175411647,No,Yes,
175411647,No,175392764,No,Yes,
175432591,No,175597510,No,No,
175471395,No,175471399,No,No,
175471399,No,175471395,No,No,
175519438,Yes,175519663,Yes,Yes,
175519663,Yes,175519438,Yes,Yes,
175586160,Yes,337446078,No,Yes,
175800051,No,175800052,No,No,
175800052,No,175800051,No,No,
175801594,Yes,175801601,Yes,Yes,
175801601,Yes,175801594,Yes,Yes,
175802085,No,175802198,No,No,
175802198,No,175802085,No,No,
175862776,No,198819141,No,No,
175966626,No,196791848,No,No,
176152572,Yes,174988415,Yes,Yes,
176220398,Yes,176220399,Yes,Yes,
176220399,Yes,176220398,Yes,Yes,
176220408,Yes,176352849,No,Yes,
176247844,Yes,176248010,No,Yes,
176248010,No,176247844,Yes,No,
176281433,Yes,176281897,No,Yes,
176281897,No,176281433,Yes,No,
176352849,No,176220408,Yes,No,
176439484,Yes,199385178,Yes,Yes,
176455112,Yes,176455111,Yes,Yes,
176530117,No,173525063,Yes,No,
176561710,No,176561713,Yes,Yes,
176561713,Yes,176561710,No,Yes,
176563841,Yes,176563843,No,Yes,
176563843,No,176563841,Yes,No,
176667607,Yes,176667698,No,Yes,
176667698,No,176667607,Yes,No,
176762617,No,176762618,Yes,No,
176762618,Yes,176762617,No,Yes,
176803768,Yes,176803770,Yes,Yes,
176803770,Yes,176803768,Yes,Yes,
176824116,Yes,176824147,No,Yes,
176824147,No,176824116,Yes,No,
177013080,Yes,177013081,No,Yes,
177013081,No,177013080,Yes,No,
177013086,Yes,177013088,No,Yes,
177013088,No,177013097,Yes,Yes,
177013088,No,177013096,Yes,Yes,
177013088,No,177013086,Yes,Yes,
177013096,Yes,177013088,No,Yes,
177013097,Yes,177013088,No,Yes,
177013264,Yes,177013266,No,Yes,
177013266,No,177013264,Yes,Yes,
177095979,Yes,177096001,Yes,Yes,
177096001,Yes,177095979,Yes,Yes,
177121135,No,177121139,No,No,
177121139,No,177121135,No,No,
177162487,No,177163421,No,No,
177163421,No,177162487,No,No,
177206839,Yes,177206966,No,Yes,
177206966,No,177206839,Yes,Yes,
177314726,No,177314727,No,No,
177314727,No,177314726,No,No,
177361430,Yes,177365954,Yes,Yes,
177365954,Yes,177361430,Yes,Yes,
177433093,Yes,177434489,No,Yes,
177434489,No,177433093,Yes,No,
177434489,No,177437551,No,No,
177437551,No,177434489,No,No,
177455355,Yes,177455356,Yes,Yes,
177455356,Yes,177455355,Yes,Yes,
177522833,No,177522835,No,No,
177522835,No,177522833,No,No,
177589854,Yes,177589935,Yes,Yes,
177589935,Yes,177589935,Yes,Yes,
177603435,No,177603436,No,No,
177603436,No,177603435,No,No,
177749501,Yes,177749631,No,Yes,
177749631,No,177749501,Yes,No,
177752321,No,177752322,No,No,
177752322,No,177752321,No,No,
177800648,Yes,177800649,No,Yes,
177987618,Yes,177987626,Yes,Yes,
177987626,Yes,177987618,Yes,Yes,
177987640,No,177987642,Yes,No,
177987642,Yes,177987640,No,Yes,
177987657,Yes,177987660,No,Yes,
177987660,No,177987657,Yes,No,
178009197,No,178009200,No,No,
178009200,No,178009197,No,No,
178032645,Yes,178033009,No,Yes,
178032795,No,178032800,No,No,
178032800,No,178032795,No,Yes,
178032800,No,178721875,No,Yes,
178033009,No,178032645,Yes,No,
178034655,Yes,178035018,No,Yes,
178035018,No,178034655,Yes,No,
178238331,Yes,337445914,No,Yes,
178239255,No,178240827,Yes,No,
178240827,Yes,178239255,No,Yes,
178242335,Yes,178242607,No,Yes,
178242607,No,178242335,Yes,No,
178244103,Yes,178244373,Yes,Yes,
178244373,Yes,178244103,Yes,Yes,
178245198,Yes,205660762,No,Yes,
178245986,No,205660762,No,No,
178246161,Yes,205660762,No,Yes,
178284838,No,178284839,No,No,
178284839,No,178284838,No,No,
178284845,Yes,178284847,Yes,Yes,
178284847,Yes,178284845,Yes,Yes,
178284857,Yes,178284857,Yes,Yes,
178284858,Yes,178284868,Yes,Yes,
178284868,Yes,178284857,Yes,Yes,
178284897,Yes,178284902,Yes,Yes,
178284901,No,178284902,Yes,No,
178284902,Yes,178284897,Yes,Yes,
178284908,Yes,178284911,Yes,Yes,
178284911,Yes,178284908,Yes,Yes,
178284916,Yes,178284919,Yes,Yes,
178284919,Yes,178284916,Yes,Yes,
178284924,No,178284924,No,No,
178284925,No,178284924,No,No,
178284932,No,178284934,No,No,
178284934,No,178284932,No,Yes,
178303529,Yes,178305209,No,Yes,
178305209,No,178303529,Yes,No,
178338392,No,178338546,No,No,
178338546,No,178338392,No,No,
178377499,No,243152885,No,No,
178481296,No,206168173,No,No,
178555022,No,178555187,No,No,
178555187,No,178555022,No,No,
178714679,Yes,178714682,No,Yes,
178714682,No,178714679,Yes,Yes,
178721875,No,178032800,No,No,
178726022,No,178726032,Yes,No,
178726032,Yes,178726022,No,Yes,
178727578,Yes,178727579,No,Yes,
178727579,No,178727578,Yes,Yes,
178745403,Yes,178745816,No,Yes,
178745816,No,178745403,Yes,Yes,
178791563,No,178791563,No,No,
178791565,No,178791563,No,Yes,
178809368,Yes,101262084,No,Yes,
178824784,No,178825423,No,No,
178825423,No,178824784,No,No,
178838432,Yes,178838523,No,Yes,
178838523,No,178838432,Yes,No,
178853549,Yes,178853557,Yes,Yes,
178853557,Yes,178853549,Yes,Yes,
178988247,Yes,178988307,No,Yes,
178988307,No,178988247,Yes,No,
179008890,Yes,179008892,No,Yes,
179008892,No,179008890,Yes,No,
179021622,Yes,205659105,No,Yes,
179033349,Yes,179033352,Yes,Yes,
179033352,Yes,179033349,Yes,Yes,
179038572,Yes,178668068,No,Yes,
179235821,No,179235822,Yes,No,
179235822,Yes,179235821,No,Yes,
179244942,No,179244943,Yes,No,
179244943,Yes,179244942,No,Yes,
179480909,No,179480982,No,No,
179480982,No,179480909,No,No,
179492965,No,179492720,No,No,
179638994,Yes,179638995,Yes,Yes,
179638995,Yes,179638994,Yes,Yes,
179707851,Yes,196201676,Yes,Yes,
179732655,No,179733264,Yes,No,
179733264,Yes,179732655,No,Yes,
179761552,Yes,179761552,Yes,Yes,
179780107,Yes,188701953,No,Yes,
179854766,Yes,179761552,Yes,Yes,
179854768,No,179761552,Yes,No,
179854769,No,179761552,Yes,No,
179917122,Yes,179917125,Yes,Yes,
179917125,Yes,179917122,Yes,Yes,
180041467,No,180041680,No,No,
180041680,No,180041467,No,No,
180090144,No,195826088,Yes,No,
180234956,No,47363732,Yes,Yes,
180266658,No,180266659,No,No,
180266659,No,180266658,No,No,
180306688,No,180306690,No,No,
180306690,No,180306688,No,No,
180423091,No,180426184,No,No,
180426184,No,180423091,No,No,
180463713,No,180463831,No,No,
180463831,No,180463713,No,No,
180538010,Yes,180537959,No,Yes,
180725628,No,180725653,Yes,No,
180725653,Yes,180725628,No,Yes,
180779504,No,180780287,No,Yes,
180780287,No,180779504,No,No,
180802550,No,180802759,Yes,No,
180802759,Yes,180802550,No,Yes,
180814877,Yes,180814880,Yes,Yes,
180814880,Yes,180814877,Yes,Yes,
180875771,Yes,180875772,Yes,Yes,
180875772,Yes,180875771,Yes,Yes,
180929912,Yes,180931548,No,Yes,
180931548,No,180929912,Yes,No,
180947691,Yes,261853341,Yes,Yes,
180967113,Yes,181465740,No,Yes,
180999449,Yes,180999682,Yes,Yes,
180999682,Yes,180999449,Yes,Yes,
181005537,No,181005665,No,No,
181005665,No,181005537,No,No,
181010063,Yes,181010260,Yes,Yes,
181010260,Yes,181010063,Yes,Yes,
181075263,Yes,181075264,No,Yes,
181075264,No,181075263,Yes,No,
181082259,No,181082261,Yes,No,
181082261,Yes,181082259,No,Yes,
181306968,No,181318041,No,No,
181318041,No,181306968,No,No,
181365471,Yes,205658027,No,Yes,
181456788,Yes,181586021,Yes,Yes,
181456813,Yes,181456816,No,Yes,
181456815,No,181456813,Yes,No,
181456816,No,181456813,Yes,No,
181465740,No,180967113,Yes,No,
181466324,Yes,303265879,No,Yes,
181468916,No,162566741,Yes,Yes,
181478052,No,181478053,Yes,Yes,
181478053,Yes,181478052,No,Yes,
181538975,No,181538974,No,Yes,
181586021,Yes,181456788,Yes,Yes,
181586023,Yes,181456788,Yes,Yes,
181656320,Yes,181656321,No,Yes,
181656321,No,181656320,Yes,No,
181785046,Yes,188691160,No,Yes,
181805057,Yes,181805058,No,Yes,
181805058,No,181805057,Yes,No,
181805935,No,181805936,Yes,Yes,
181805936,Yes,181805935,No,Yes,
181926399,Yes,181926544,No,Yes,
181926544,No,181926399,Yes,Yes,
182380579,Yes,182380580,Yes,Yes,
182380580,Yes,182380579,Yes,Yes,
182394255,Yes,188583039,Yes,Yes,
182451840,No,62278764,No,Yes,
182452053,Yes,203354040,No,Yes,
182512576,No,182512579,No,No,
182512579,No,182512576,No,No,
182519492,Yes,182581392,No,Yes,
182556997,No,188959744,No,No,
182581392,No,182519492,Yes,Yes,
182667805,No,182667811,No,Yes,
182867390,No,339089145,Yes,No,
182879596,No,182879597,No,No,
182879597,No,182879596,No,No,
182887081,No,182887083,Yes,No,
182887083,Yes,182887081,No,Yes,
182893647,Yes,182893805,No,Yes,
182893805,No,182893647,Yes,Yes,
182894754,Yes,182894875,No,Yes,
182894875,No,182894754,Yes,No,
182961224,No,182962118,No,Yes,
182961224,No,182961339,No,Yes,
182961224,No,182961295,No,Yes,
182961295,No,182961224,No,No,
182961339,No,182961224,No,No,
182962118,No,182961224,No,No,
182962518,No,182962519,No,No,
182962519,No,182962518,No,No,
182977352,Yes,182977605,Yes,Yes,
182977605,Yes,182977352,Yes,Yes,
183015299,Yes,183015348,Yes,Yes,
183015323,No,183015348,Yes,No,
183015348,Yes,183015323,No,Yes,
183138247,Yes,183138376,Yes,Yes,
183138376,Yes,183138247,Yes,Yes,
183232482,No,183232525,No,No,
183287168,No,183287246,No,No,
183287246,No,183287168,No,No,
183297484,Yes,183297504,No,Yes,
183297504,No,183297484,Yes,No,
183323880,Yes,183323881,Yes,Yes,
183323881,Yes,183323880,Yes,Yes,
183353359,Yes,183353360,No,Yes,
183353360,No,183353359,Yes,No,
183566149,No,183566150,No,No,
183566150,No,183566149,No,No,
183585379,No,183585495,No,Yes,
183585495,No,183585379,No,No,
183589921,Yes,303557104,Yes,Yes,
183642230,No,183642231,No,No,
183642231,No,183642230,No,No,
183695772,Yes,183695842,Yes,Yes,
183695842,Yes,183695772,Yes,Yes,
183778576,Yes,183778585,Yes,Yes,
183778585,Yes,183778576,Yes,Yes,
183806663,Yes,183806666,Yes,Yes,
183806666,Yes,183806663,Yes,Yes,
183889022,Yes,183889023,Yes,Yes,
183889023,Yes,183889022,Yes,Yes,
183996203,Yes,195837840,No,Yes,
184013534,No,184013537,No,No,
184013536,No,184013534,No,No,
184013537,No,184013534,No,No,
184153968,Yes,184154994,No,Yes,
184154994,No,184153968,Yes,No,
184293326,Yes,184293327,No,Yes,
184293327,No,184293326,Yes,Yes,
184293336,No,184293341,Yes,No,
184293341,Yes,184293336,No,Yes,
184293720,Yes,184293823,Yes,Yes,
184293823,Yes,184293720,Yes,Yes,
184304794,No,184305332,Yes,No,
184305332,Yes,184304794,No,Yes,
184328081,No,184328391,Yes,No,
184328391,Yes,184328081,No,Yes,
184331554,Yes,184331724,No,Yes,
184331724,No,184331554,Yes,No,
184332713,No,184332884,No,No,
184332884,No,184332713,No,No,
184391879,Yes,184391880,Yes,Yes,
184391880,Yes,184391879,Yes,Yes,
184391890,No,325834428,No,No,
184481306,No,184481405,No,No,
184481405,No,184481306,No,No,
184483095,No,184483230,No,No,
184483230,No,184483095,No,No,
184488573,No,206166383,No,No,
184663456,No,184663457,No,Yes,
184663457,No,184663456,No,Yes,
184677938,No,184678260,Yes,No,
184678260,Yes,184677938,No,Yes,
184727426,No,184727427,Yes,No,
184727427,Yes,184727426,No,Yes,
184727441,No,184727442,No,No,
184727442,No,184727441,No,No,
184727464,Yes,184727466,No,Yes,
184727466,No,184727464,Yes,No,
184860287,Yes,184860693,No,Yes,
184860693,No,184860287,Yes,No,
184926585,No,184926584,No,No,
184932586,Yes,185044798,Yes,Yes,
184964528,No,185121868,No,No,
184980546,Yes,184980548,Yes,Yes,
184980548,Yes,184980546,Yes,Yes,
185032923,No,185033501,No,No,
185033501,No,185032923,No,No,
185044798,Yes,184932586,Yes,Yes,
185103511,Yes,185103515,Yes,Yes,
185103515,Yes,185103511,Yes,Yes,
185112131,Yes,18511219,No,Yes,
185112131,Yes,185112230,No,Yes,
185112161,No,185112185,Yes,No,
185112185,Yes,185112161,No,Yes,
185112195,Yes,185112131,Yes,Yes,
185112230,No,185112131,Yes,Yes,
185147071,No,185162726,No,No,
185160551,Yes,185160553,Yes,Yes,
185160553,Yes,185160551,Yes,Yes,
185162726,No,185147071,No,No,
185167844,Yes,185167845,No,Yes,
185167845,No,185167844,Yes,No,
185167856,Yes,185167859,Yes,Yes,
185167859,Yes,185167856,Yes,Yes,
185176934,Yes,185176937,No,Yes,
185176937,No,185176934,Yes,No,
185176940,No,191955548,No,No,
185189922,Yes,185189924,No,Yes,
185189924,No,185189922,Yes,No,
185189929,Yes,185235928,No,Yes,
185189932,Yes,185189933,No,Yes,
185189933,No,185189932,Yes,Yes,
185235593,Yes,138033099,Yes,Yes,
185235928,No,185189929,Yes,No,
185239050,Yes,185239060,Yes,Yes,
185239060,Yes,185239050,Yes,Yes,
185488938,Yes,185488939,Yes,Yes,
185488939,Yes,185488938,Yes,Yes,
185604151,Yes,185604152,Yes,Yes,
185604152,Yes,185604151,Yes,Yes,
185604286,No,185604287,No,No,
185604287,No,185604286,No,No,
185668856,No,202174712,No,No,
185826638,Yes,185826642,No,Yes,
185826642,No,185826638,Yes,No,
185851954,No,185851957,No,Yes,
185851957,No,185851954,No,No,
185851968,No,185851971,Yes,No,
185851969,Yes,185851971,Yes,Yes,
185851971,Yes,185851968,No,Yes,
186036630,No,202175395,No,No,
186174612,Yes,186174615,No,Yes,
186174615,No,186174612,Yes,No,
186202945,No,186202948,Yes,Yes,
186202948,Yes,186202945,No,Yes,
186233652,Yes,186233685,No,Yes,
186233685,No,186233652,Yes,Yes,
186234170,Yes,186234171,Yes,Yes,
186234171,Yes,186234170,Yes,Yes,
186306626,Yes,186307158,No,Yes,
186307158,No,186306626,Yes,No,
186357210,Yes,337116113,Yes,Yes,
186406995,No,186406997,No,No,
186406997,No,186406995,No,No,
186430441,No,186430466,No,No,
186430466,No,186430441,No,No,
186487374,No,231980616,No,No,
186520672,Yes,186520673,No,Yes,
186520673,No,186520672,Yes,No,
186552450,No,186552453,No,No,
186552453,No,186552450,No,No,
186574441,No,186574615,No,No,
186574615,No,186574441,No,No,
186580299,No,186584694,Yes,Yes,
186584694,Yes,186580299,No,Yes,
186594559,Yes,186594560,Yes,Yes,
186594560,Yes,186594559,Yes,Yes,
186719456,No,337444712,No,No,
186719741,Yes,186720389,No,Yes,
186720389,No,186719741,Yes,No,
186736323,Yes,186736326,No,Yes,
186736326,No,186736323,Yes,Yes,
186738781,Yes,188704334,No,Yes,
186738794,Yes,186738795,Yes,Yes,
186738795,Yes,186738794,Yes,Yes,
186801422,Yes,186801512,No,Yes,
186801512,No,186801422,Yes,No,
186906332,No,337305954,No,No,
186906394,No,186906395,No,No,
186906395,No,186906394,No,No,
186906405,No,186906406,No,No,
186906406,No,186906405,No,No,
186912603,Yes,186912605,No,Yes,
186912605,No,186912603,Yes,No,
186937420,No,231980613,No,No,
187039219,Yes,187039220,No,Yes,
187039220,No,187039219,Yes,Yes,
187043106,No,187043107,Yes,No,
187043107,Yes,187043106,No,Yes,
187064632,Yes,187064633,No,Yes,
187064633,No,187064632,Yes,No,
187100285,Yes,187108669,No,Yes,
187108669,No,187100285,Yes,No,
187170258,No,187170260,No,No,
187170260,No,187170258,No,No,
187170267,No,187170270,Yes,No,
187170270,Yes,187170267,No,Yes,
187170271,No,187170273,Yes,No,
187170273,Yes,187170271,No,Yes,
187171161,No,188780534,Yes,No,
187309951,Yes,187310139,No,Yes,
187310139,No,187309951,Yes,Yes,
187327036,Yes,187327038,No,Yes,
187327038,No,187327036,Yes,No,
187327926,No,187327927,Yes,No,
187327927,Yes,187327926,No,Yes,
187342840,No,187342840,No,No,
187434524,Yes,187435627,Yes,Yes,
187435627,Yes,187434524,Yes,Yes,
187442901,Yes,187442904,No,Yes,
187442904,No,187442901,Yes,No,
187442923,No,188703318,Yes,No,
187442925,Yes,188703318,Yes,Yes,
187442927,No,188703318,Yes,Yes,
187442928,No,188703318,Yes,No,
187442929,Yes,188703318,Yes,Yes,
187447992,Yes,187706993,No,Yes,
187539756,No,187539958,No,No,
187539958,No,187539756,No,No,
187562467,No,188702717,No,No,
187608179,No,187608179,No,No,
187608180,No,187608179,No,No,
187669540,No,187571433,No,Yes,
187691041,No,337305861,No,No,
187706993,No,187447992,Yes,No,
187720041,Yes,187720073,No,Yes,
187720050,Yes,187720054,No,Yes,
187720054,No,187720050,Yes,No,
187720073,No,187720041,Yes,No,
187798803,Yes,187798826,No,Yes,
187798814,Yes,187798817,Yes,Yes,
187798817,Yes,187798814,Yes,Yes,
187798826,No,187798803,Yes,No,
187837314,No,187837315,No,Yes,
187837315,No,187837314,No,No,
187837365,Yes,187837366,Yes,Yes,
187837366,Yes,187837365,Yes,Yes,
187894574,Yes,187952881,Yes,Yes,
187918606,Yes,187918607,No,Yes,
187918607,No,187918606,Yes,No,
187918656,Yes,187918658,No,Yes,
187918658,No,187918656,Yes,No,
187918671,No,187918673,No,No,
187918673,No,187918671,No,No,
187919136,Yes,187919137,No,Yes,
187919137,No,187919136,Yes,Yes,
187942286,Yes,187943681,No,Yes,
187943681,No,187942286,Yes,No,
187952881,Yes,187894574,Yes,Yes,
187969686,Yes,187969687,No,Yes,
187969687,No,187969686,Yes,No,
188053444,Yes,188053766,No,Yes,
188053766,No,188053444,Yes,Yes,
188107531,Yes,188107575,No,Yes,
188107575,No,188107531,Yes,No,
188150419,Yes,188150421,No,Yes,
188150421,No,188150419,Yes,No,
188207340,Yes,188207341,Yes,Yes,
188207341,Yes,188207340,Yes,Yes,
188284736,No,188284740,Yes,No,
188284740,Yes,188284736,No,Yes,
188343567,No,188343767,No,Yes,
188343767,No,188343567,No,No,
188352498,No,188352505,Yes,Yes,
188352505,Yes,188352498,No,Yes,
188407494,Yes,188490025,No,Yes,
188465845,Yes,188466171,Yes,Yes,
188466171,Yes,188465845,Yes,Yes,
188490025,No,188407494,Yes,No,
188493639,No,224662991,No,No,
188583039,Yes,182394255,Yes,Yes,
188623382,No,188623904,No,No,
188623904,No,188623382,No,No,
188687300,Yes,196655406,No,Yes,
188690574,Yes,7273981,Yes,Yes,
188691160,No,181785046,Yes,Yes,
188697268,Yes,14479871,No,Yes,
188697608,Yes,14479873,No,Yes,
188700660,No,169218765,Yes,No,
188701633,No,169194947,Yes,No,
188701953,No,179780107,Yes,No,
188702717,No,187562467,No,Yes,
188703318,Yes,187442929,Yes,Yes,
188704334,No,186738781,Yes,No,
188704747,Yes,111767959,No,Yes,
188712450,Yes,188712451,No,Yes,
188712451,No,188712450,Yes,No,
188712453,Yes,188712451,No,Yes,
188712457,Yes,188712459,No,Yes,
188712459,No,188712457,Yes,Yes,
188712472,No,188712476,Yes,No,
188712473,Yes,188712472,No,Yes,
188712476,Yes,188712472,No,Yes,
188712477,No,188712479,Yes,No,
188712479,Yes,188712477,No,Yes,
188721356,Yes,188721362,No,Yes,
188721362,No,188721356,Yes,No,
188731534,Yes,131000623,Yes,Yes,
188759734,Yes,188759735,Yes,Yes,
188759735,Yes,188759734,Yes,Yes,
188778853,Yes,191087066,No,Yes,
188779770,No,146244000,No,No,
188780534,Yes,187171161,No,Yes,
188798764,No,188798766,No,No,
188798766,No,188798764,No,No,
188811788,Yes,188811789,No,Yes,
188811789,No,188811788,Yes,No,
188816656,Yes,188816657,No,Yes,
188816657,No,188816656,Yes,No,
188817749,Yes,308208764,No,Yes,
188854411,Yes,188854412,Yes,Yes,
188854412,Yes,188854411,Yes,Yes,
188854413,Yes,188854414,Yes,Yes,
188854414,Yes,188854413,Yes,Yes,
188856985,Yes,188856986,No,Yes,
188856986,No,188856985,Yes,No,
188871569,Yes,188871570,No,Yes,
188871570,No,188871569,Yes,No,
188898597,Yes,188898598,No,Yes,
188898598,No,188898597,Yes,No,
188913500,No,188913501,No,No,
188913501,No,188913500,No,Yes,
188927557,Yes,188927558,No,Yes,
188927558,No,188927557,Yes,Yes,
188958496,Yes,188958502,No,Yes,
188958502,No,188958496,Yes,No,
188958508,Yes,188958496,Yes,Yes,
188959744,No,182556997,No,No,
189005055,No,189005222,No,No,
189014565,No,189014566,No,No,
189014566,No,189014565,No,No,
189035918,No,189035919,No,No,
189035919,No,189035918,No,Yes,
189035934,Yes,189035936,Yes,Yes,
189035936,Yes,189035937,Yes,Yes,
189035936,Yes,189035934,Yes,Yes,
189035937,Yes,189035936,Yes,Yes,
189035938,No,189035942,Yes,No,
189035942,Yes,189035938,No,Yes,
189035989,No,189035992,No,No,
189035992,No,189035989,No,No,
189096807,Yes,189096808,No,Yes,
189096808,No,189096807,Yes,Yes,
189129017,Yes,189129019,No,Yes,
189129019,No,189129017,Yes,No,
189129020,Yes,189129042,No,Yes,
189129042,No,189129020,Yes,No,
189181016,Yes,189181017,No,Yes,
189181017,No,189181016,Yes,Yes,
189199526,Yes,189199553,No,Yes,
189199553,No,189199526,Yes,No,
189268536,Yes,189268835,Yes,Yes,
189268835,Yes,189268536,Yes,Yes,
189273379,Yes,189273641,Yes,Yes,
189273641,Yes,189273379,Yes,Yes,
189291280,Yes,189292001,Yes,Yes,
189292001,Yes,189291280,Yes,Yes,
189293674,Yes,189293675,No,Yes,
189293675,No,189293674,Yes,Yes,
189351725,Yes,189351728,Yes,Yes,
189351728,Yes,189351725,Yes,Yes,
189351829,Yes,189351830,Yes,Yes,
189351830,Yes,189351841,Yes,Yes,
189351830,Yes,189351840,No,Yes,
189351830,Yes,189351839,No,Yes,
189351830,Yes,189351837,No,Yes,
189351830,Yes,189351836,Yes,Yes,
189351830,Yes,189351829,Yes,Yes,
189351836,Yes,189351830,Yes,Yes,
189351837,No,189351830,Yes,Yes,
189351839,No,189351830,Yes,Yes,
189351840,No,189351830,Yes,Yes,
189351841,Yes,189351830,Yes,Yes,
189351872,Yes,189351875,No,Yes,
189351875,No,189351872,Yes,No,
189351893,Yes,189351895,Yes,Yes,
189351895,Yes,189351893,Yes,Yes,
189351911,Yes,189351912,No,Yes,
189351912,No,189351911,Yes,No,
189351928,No,189351929,No,No,
189351929,No,189351928,No,No,
189363077,Yes,189363077,Yes,Yes,
189388275,Yes,189388276,Yes,Yes,
189388276,Yes,189388275,Yes,Yes,
189432405,No,189432409,No,No,
189432409,No,189432405,No,No,
189436789,Yes,189436790,No,Yes,
189436790,No,189436789,Yes,Yes,
189476297,No,195826004,No,No,
189481132,Yes,189481860,No,Yes,
189481860,No,189481132,Yes,No,
189521915,Yes,189521916,No,Yes,
189521916,No,189521915,Yes,No,
189521919,Yes,189521920,No,Yes,
189521920,No,189521919,Yes,No,
189521926,Yes,189521927,Yes,Yes,
189521927,Yes,189521926,Yes,Yes,
189522373,Yes,93096614,Yes,Yes,
189526524,No,163168761,No,No,
189530766,No,189530767,No,No,
189530767,No,189530766,No,No,
189530768,No,189530770,No,No,
189530770,No,189530768,No,No,
189575540,Yes,189575543,Yes,Yes,
189575543,Yes,189575540,Yes,Yes,
189587615,No,189587617,Yes,No,
189587617,Yes,189587615,No,Yes,
189588356,No,189588357,No,No,
189588357,No,189588356,No,Yes,
189589216,No,9122049,No,Yes,
189635605,No,189635606,No,No,
189635606,No,189635605,No,No,
189728342,Yes,189728380,Yes,Yes,
189728380,Yes,189728342,Yes,Yes,
189878937,Yes,189878938,No,Yes,
189878938,No,189878937,Yes,No,
189880408,Yes,189880409,Yes,Yes,
189880409,Yes,189880408,Yes,Yes,
189880904,No,189881068,No,No,
189881068,No,189880904,No,Yes,
189901526,No,189901528,No,No,
189901528,No,189901526,No,No,
189907082,Yes,339323750,No,Yes,
189947295,Yes,189947331,No,Yes,
189947331,No,189947295,Yes,No,
190056803,No,190056804,Yes,No,
190056804,Yes,190056803,No,Yes,
190095414,Yes,190095579,No,Yes,
190095579,No,190095414,Yes,Yes,
190206911,No,190206912,Yes,No,
190206912,Yes,190206911,No,Yes,
190209828,No,189536851,No,No,
190324258,No,190324259,Yes,No,
190324259,Yes,190324258,No,Yes,
190324264,No,190324265,Yes,No,
190324265,Yes,190324264,No,Yes,
190331511,No,190331512,Yes,No,
190331512,Yes,190331511,No,Yes,
190331519,Yes,190331520,Yes,Yes,
190331520,Yes,190331519,Yes,Yes,
190331546,Yes,190331549,No,Yes,
190331549,No,190331546,Yes,No,
190372341,No,190374562,No,No,
190372351,No,190374156,No,No,
190374156,No,190372351,No,No,
190374562,No,190372341,No,No,
190414287,Yes,190414290,No,Yes,
190419106,Yes,190419119,Yes,Yes,
190419119,Yes,190419106,Yes,Yes,
190473808,Yes,190474592,No,Yes,
190474592,No,190473808,Yes,Yes,
190564459,No,190564460,No,Yes,
190564460,No,190564459,No,No,
190620206,Yes,190620254,Yes,Yes,
190620254,Yes,190620206,Yes,Yes,
190936204,Yes,190937043,No,Yes,
191018031,Yes,191018032,No,Yes,
191018032,No,191018031,Yes,No,
191018096,Yes,191018098,Yes,Yes,
191018098,Yes,191018096,Yes,Yes,
191018154,No,191018156,Yes,No,
191018156,Yes,191018154,No,Yes,
191018167,Yes,191018170,No,Yes,
191018170,No,191018167,Yes,No,
191046621,No,191046623,No,No,
191065906,Yes,191152012,Yes,Yes,
191151229,Yes,191151231,Yes,Yes,
191151231,Yes,191151229,Yes,Yes,
191152012,Yes,191065906,Yes,Yes,
191191766,No,191191767,No,No,
191191767,No,191191766,No,No,
191191795,No,191191800,Yes,No,
191191800,Yes,191191795,No,Yes,
191191800,Yes,191191801,No,Yes,
191191801,No,191191800,Yes,No,
191191810,Yes,191191819,No,Yes,
191191819,No,191191810,Yes,No,
191201180,No,191201184,No,Yes,
191201183,Yes,191201184,No,Yes,
191201184,No,191201180,No,Yes,
191201184,No,191201183,Yes,Yes,
191280064,No,191280162,Yes,Yes,
191280162,Yes,191280064,No,Yes,
191300873,No,191300874,No,No,
191300874,No,191300873,No,No,
191300877,Yes,191300878,No,Yes,
191300878,No,191300877,Yes,No,
191322158,Yes,191322159,No,Yes,
191322159,No,191322158,Yes,No,
191348899,Yes,191348900,No,Yes,
191348900,No,191348899,Yes,No,
191348911,No,191348912,No,No,
191348912,No,191348911,No,No,
191348913,No,191348915,No,Yes,
191348915,No,191348913,No,Yes,
191348917,No,191348918,Yes,Yes,
191348918,Yes,191348917,No,Yes,
191425106,No,191425146,No,No,
191425146,No,191425106,No,No,
191448859,Yes,191449826,No,Yes,
191449826,No,191448859,Yes,No,
191458002,Yes,191458006,Yes,Yes,
191458006,Yes,191458002,Yes,Yes,
191465167,No,193285922,No,No,
191493527,Yes,193827622,No,Yes,
191525417,No,191525420,No,No,
191547660,Yes,191547661,No,Yes,
191547661,No,191547660,Yes,No,
191637282,Yes,191637283,No,Yes,
191637283,No,191637282,Yes,No,
191644295,Yes,191644296,No,Yes,
191644296,No,191644295,Yes,No,
191645197,No,191645198,Yes,No,
191645198,Yes,191645197,No,Yes,
191713101,No,191713102,No,No,
191713102,No,191713101,No,No,
191744515,No,191745161,No,No,
191745161,No,191744515,No,No,
191772824,No,191806858,No,Yes,
191806858,No,191772824,No,No,
191810664,Yes,191810666,No,Yes,
191810666,No,191810664,Yes,Yes,
191834274,Yes,191834276,No,Yes,
191834276,No,191834274,Yes,No,
191923368,No,193472875,No,No,
191955548,No,185176940,No,No,
192017040,Yes,192017425,No,Yes,
192017425,No,192017040,Yes,No,
192046721,No,192788722,No,No,
192131887,No,231980613,No,No,
192182877,Yes,192182881,No,Yes,
192182878,No,192182881,No,Yes,
192182881,No,192182877,Yes,No,
192182881,No,192182878,No,No,
192182881,No,192187253,Yes,No,
192187253,Yes,192182881,No,Yes,
192241207,Yes,192241208,Yes,Yes,
192241208,Yes,192241207,Yes,Yes,
192268129,No,192268130,Yes,Yes,
192268130,Yes,192268129,No,Yes,
192308778,No,192308779,Yes,Yes,
192308779,Yes,192308778,No,Yes,
192471129,Yes,192471134,No,Yes,
192471134,No,192471129,Yes,Yes,
192491275,No,192491278,Yes,No,
192491277,Yes,192491278,Yes,Yes,
192491278,Yes,192491275,No,Yes,
192491278,Yes,192491277,Yes,Yes,
192527013,No,231980615,No,No,
192527178,No,231980613,No,No,
192530037,No,193473578,No,No,
192540979,No,192540982,No,No,
192540982,No,192540979,No,No,
192588253,No,192588254,No,Yes,
192588254,No,192588253,No,No,
192737619,Yes,192737620,No,Yes,
192737620,No,192737619,Yes,No,
192737625,Yes,192737630,No,Yes,
192737630,No,192737625,Yes,No,
192737678,No,192737679,No,Yes,
192737679,No,192737678,No,No,
192737686,No,192737687,No,No,
192737687,No,192737686,No,Yes,
192737700,No,192737701,No,No,
192737701,No,192737700,No,Yes,
192737733,Yes,192739136,No,Yes,
192739136,No,192737733,Yes,No,
192788722,No,192046721,No,Yes,
192807724,Yes,195256647,No,Yes,
192818759,Yes,192818763,No,Yes,
192818763,No,192818759,Yes,No,
192818890,Yes,192820892,No,Yes,
192820892,No,192818890,Yes,Yes,
192883917,No,219739692,Yes,No,
192884141,Yes,231980651,No,Yes,
192885610,No,219741269,No,No,
192896556,Yes,192896652,No,Yes,
192896652,No,192896556,Yes,No,
193000093,No,193000095,Yes,No,
193000095,Yes,193000093,No,Yes,
193022721,No,193022722,Yes,No,
193022722,Yes,193022721,No,Yes,
193135468,Yes,203169735,No,Yes,
193228818,Yes,193228838,No,Yes,
193228838,No,193228818,Yes,No,
193234139,No,193234140,Yes,Yes,
193234140,Yes,193234139,No,Yes,
193285922,No,191465167,No,No,
193352668,Yes,193941279,No,Yes,
193472875,No,191923368,No,No,
193473578,No,192530037,No,No,
193478963,Yes,193479592,No,Yes,
193479592,No,193478963,Yes,No,
193522252,Yes,193524403,No,Yes,
193524403,No,193522252,Yes,Yes,
193564208,No,231980613,No,No,
193634942,Yes,193634948,Yes,Yes,
193634948,Yes,193634942,Yes,Yes,
193635539,No,193635540,Yes,No,
193635540,Yes,193635539,No,Yes,
193636455,Yes,193636459,Yes,Yes,
193636459,Yes,193636455,Yes,Yes,
193636469,Yes,193637119,Yes,Yes,
193637119,Yes,193636469,Yes,Yes,
193688811,No,193688812,No,No,
193751766,Yes,193751822,Yes,Yes,
193751822,Yes,193751766,Yes,Yes,
193804570,Yes,193805034,No,Yes,
193804571,Yes,193805034,No,Yes,
193805034,No,193804570,Yes,No,
193827622,No,191493527,Yes,No,
193827849,No,105169294,Yes,No,
193828394,No,103281799,Yes,No,
193829102,No,102544205,Yes,No,
193941279,No,193352668,Yes,Yes,
193981827,Yes,337716311,No,Yes,
193989197,Yes,193989233,No,Yes,
193989233,No,193989197,Yes,No,
194009831,Yes,194010068,No,Yes,
194010068,No,194009831,Yes,No,
194013650,Yes,194013651,No,Yes,
194013651,No,194013650,Yes,Yes,
194097610,Yes,194097616,No,Yes,
194097616,No,194097610,Yes,Yes,
194165892,No,194795499,Yes,No,
194185204,No,194118423,No,No,
194238752,Yes,196790659,Yes,Yes,
194281520,No,194281524,No,No,
194281524,No,194281520,No,No,
194282099,No,194282102,No,No,
194282102,No,194282099,No,No,
194285202,Yes,194285203,No,Yes,
194373830,Yes,194373831,Yes,Yes,
194373831,Yes,194373830,Yes,Yes,
194388655,No,165875681,No,No,
194394563,No,231980639,No,No,
194394741,Yes,231980637,No,Yes,
194404350,No,194404352,No,No,
194404352,No,194404350,No,No,
194450061,Yes,194450064,No,Yes,
194450064,No,194450061,Yes,Yes,
194585859,Yes,194586050,No,Yes,
194650007,No,194650035,No,No,
194650035,No,194650007,No,No,
194746354,No,194746607,Yes,No,
194746607,Yes,194746354,No,Yes,
194777359,No,194776869,Yes,No,
194795499,Yes,194165892,No,Yes,
194811207,No,194811284,No,No,
194811284,No,194811207,No,No,
194847058,Yes,194847060,Yes,Yes,
194847060,Yes,194847058,Yes,Yes,
195015286,Yes,195015326,No,Yes,
195015326,No,195015286,Yes,No,
195034227,Yes,195058790,Yes,Yes,
195058790,Yes,195034227,Yes,Yes,
195224579,Yes,195225424,No,Yes,
195225424,No,195224579,Yes,No,
195248164,Yes,195248165,No,Yes,
195255379,No,195255386,Yes,No,
195255386,Yes,195255379,No,Yes,
195256647,No,192807724,Yes,No,
195283561,Yes,305997421,No,Yes,
195342844,No,195342715,No,No,
195370936,No,195370940,Yes,No,
195370940,Yes,195370941,No,Yes,
195370940,Yes,195370936,No,Yes,
195370941,No,195370940,Yes,No,
195371289,No,195455320,No,Yes,
195372104,Yes,195373048,No,Yes,
195373048,No,195372104,Yes,Yes,
195385873,Yes,195386677,No,Yes,
195392440,Yes,195392441,No,Yes,
195392441,No,195392440,Yes,No,
195398519,No,195398501,No,Yes,
195455320,No,195371289,No,No,
195518347,No,195591231,No,No,
195520037,No,195520571,Yes,No,
195520571,Yes,195520037,No,Yes,
195531877,Yes,195531878,No,Yes,
195531878,No,195531877,Yes,No,
195591231,No,195518347,No,No,
195686928,Yes,195686929,No,Yes,
195686929,No,195686928,Yes,No,
195689263,Yes,195689264,No,Yes,
195689264,No,195689263,Yes,Yes,
195713334,No,195713651,Yes,Yes,
195713651,Yes,195713334,No,Yes,
195826004,No,189476297,No,No,
195826088,Yes,180090144,No,Yes,
195837840,No,183996203,Yes,No,
195874075,Yes,195874137,No,Yes,
195874137,No,195874137,No,No,
195915733,Yes,195915837,No,Yes,
195915837,No,195915733,Yes,No,
195976881,No,195976973,No,No,
195976973,No,195976881,No,No,
196006596,No,196006597,No,No,
196006597,No,196006596,No,No,
196026367,Yes,196026368,No,Yes,
196026368,No,196026367,Yes,No,
196030485,Yes,196109994,No,Yes,
196043893,No,196045905,No,No,
196045905,No,196043893,No,No,
196054141,Yes,196054663,Yes,Yes,
196054663,Yes,196054141,Yes,Yes,
196076330,Yes,196076334,No,Yes,
196076334,No,196076330,Yes,No,
196109994,No,196030485,Yes,No,
196117463,No,196117464,No,No,
196117464,No,196117463,No,No,
196157637,Yes,196157638,No,Yes,
196157638,No,196157637,Yes,No,
196201676,Yes,179707851,Yes,Yes,
196313495,No,196313496,No,No,
196313496,No,196313495,No,No,
196330872,No,196670458,No,No,
196394050,Yes,196394051,Yes,Yes,
196394051,Yes,196394050,Yes,Yes,
196443306,Yes,196443308,Yes,Yes,
196443308,Yes,196443306,Yes,Yes,
196626788,Yes,196626789,No,Yes,
196626789,No,196626788,Yes,No,
196659580,No,196659581,No,No,
196670458,No,196330872,No,No,
196729186,No,196729294,No,No,
196729294,No,196729186,No,No,
196737112,Yes,196737143,Yes,Yes,
196737143,Yes,196737112,Yes,Yes,
196782138,No,198595663,No,No,
196790659,Yes,194238752,Yes,Yes,
196791848,No,175966626,No,No,
196822324,Yes,196822647,Yes,Yes,
196822647,Yes,196822324,Yes,Yes,
196864718,No,196864719,No,No,
196864719,No,196864718,No,No,
196927062,Yes,196927060,No,Yes,
197112939,No,197329836,No,No,
197123062,No,197123066,No,No,
197123066,No,197123062,No,No,
197150489,Yes,197151068,Yes,Yes,
197151068,Yes,197150489,Yes,Yes,
197156415,No,197156417,No,No,
197169461,Yes,197169465,Yes,Yes,
197169465,Yes,197169461,Yes,Yes,
197185017,No,197185050,No,No,
197185050,No,197185050,No,No,
197185316,No,197185336,No,No,
197185336,No,197185316,No,No,
197192637,Yes,339188339,No,Yes,
197195732,Yes,197195796,Yes,Yes,
197195796,Yes,197195732,Yes,Yes,
197235759,Yes,197394451,Yes,Yes,
197283264,No,231980636,No,No,
197283518,No,231980635,No,No,
197299660,Yes,197299770,No,Yes,
197299770,No,197299660,Yes,No,
197329080,No,197329081,No,No,
197329081,No,197329080,No,No,
197329112,No,197329115,Yes,No,
197329115,Yes,197329112,No,Yes,
197329836,No,197112939,No,No,
197330456,No,197330538,Yes,No,
197330538,Yes,197330456,No,Yes,
197372880,No,197373306,Yes,No,
197373306,Yes,197372880,No,Yes,
197394451,Yes,197235759,Yes,Yes,
197395856,Yes,197395857,No,Yes,
197395857,No,197395856,Yes,No,
197397510,Yes,197397511,No,Yes,
197397511,No,197397510,Yes,No,
197404338,No,203287238,No,No,
197410492,Yes,197410493,No,Yes,
197410493,No,197410492,Yes,No,
197455515,Yes,197456405,No,Yes,
197456405,No,197455515,Yes,No,
197493581,No,197493582,Yes,No,
197493582,Yes,197493581,No,Yes,
197527384,No,78598722,No,No,
197527666,No,160073366,No,No,
197585139,Yes,197585140,No,Yes,
197585140,No,197585139,Yes,No,
197588850,Yes,197588929,No,Yes,
197588929,No,197588850,Yes,No,
197632572,No,197632574,Yes,Yes,
197632574,Yes,197632572,No,Yes,
197763538,Yes,197763539,Yes,Yes,
197763539,Yes,197763538,Yes,Yes,
197782374,No,197782497,No,No,
197782497,No,197782374,No,No,
197782620,No,231980634,No,Yes,
197789672,No,197789673,Yes,No,
197789673,Yes,197789672,No,Yes,
197827981,Yes,197828053,No,Yes,
197828053,No,197827981,Yes,No,
197878329,Yes,339189573,Yes,Yes,
197888650,Yes,197888651,No,Yes,
197888651,No,197888650,Yes,No,
197901604,No,197901752,No,No,
197936587,No,197936889,No,No,
197936889,No,197936587,No,No,
197940789,No,197940790,No,No,
197940790,No,197940789,No,No,
198019831,No,198019959,No,No,
198019835,No,198019958,No,No,
198019958,No,198019835,No,No,
198019959,No,198019831,No,No,
198023977,Yes,198024023,No,Yes,
198024023,No,198023977,Yes,No,
198131002,Yes,198131237,No,Yes,
198163002,Yes,198163003,No,Yes,
198163003,No,198163002,Yes,No,
198198512,Yes,197711329,No,Yes,
198230920,No,198230924,Yes,No,
198230923,Yes,198230924,Yes,Yes,
198230924,Yes,198230923,Yes,Yes,
198245116,Yes,198245118,No,Yes,
198245118,No,198245116,Yes,No,
198278951,Yes,231980613,No,Yes,
198307975,Yes,198307976,No,Yes,
198307976,No,198307975,Yes,No,
198320005,Yes,198320009,No,Yes,
198320009,No,198320005,Yes,No,
198340370,No,258995454,No,No,
198346162,Yes,198358949,No,Yes,
198352953,Yes,198353071,No,Yes,
198353071,No,198352953,Yes,No,
198354179,Yes,198354180,Yes,Yes,
198354180,Yes,198354179,Yes,Yes,
198356532,Yes,198356533,Yes,Yes,
198356533,Yes,198356532,Yes,Yes,
198358949,No,198346162,Yes,No,
198380059,No,198380522,No,No,
198380522,No,198380059,No,No,
198392863,Yes,198392864,No,Yes,
198507097,Yes,198507098,No,Yes,
198507098,No,198507097,Yes,No,
198507098,No,198507099,No,No,
198507099,No,198507098,No,Yes,
198532960,No,198532961,Yes,No,
198532961,Yes,198532960,No,Yes,
198538707,Yes,231980641,No,Yes,
198541062,Yes,231980643,No,Yes,
198571824,Yes,198571829,No,Yes,
198571829,No,198571824,Yes,No,
198571832,No,198571833,Yes,No,
198571833,Yes,198571832,No,Yes,
198595663,No,196782138,No,No,
198609754,Yes,198609755,No,Yes,
198609755,No,198609754,Yes,No,
198626121,Yes,198626125,No,Yes,
198663554,No,198663555,No,No,
198663555,No,198663554,No,No,
198669694,Yes,198669839,No,Yes,
198692489,Yes,198692656,Yes,Yes,
198692656,Yes,198692489,Yes,Yes,
198736129,Yes,198736130,Yes,Yes,
198736130,Yes,198736129,Yes,Yes,
198736131,Yes,198736134,No,Yes,
198736131,Yes,198736133,No,Yes,
198736133,No,198736131,Yes,No,
198736134,No,198736131,Yes,No,
198736139,Yes,198736143,No,Yes,
198736143,No,198736139,Yes,No,
198819141,No,175862776,No,No,
198824967,Yes,198824968,No,Yes,
198824968,No,198824967,Yes,Yes,
198846332,No,198846340,No,No,
198846340,No,198846332,No,No,
198950341,No,198950342,No,No,
198950342,No,198950341,No,No,
198950345,No,198950346,Yes,No,
198950346,Yes,198950345,No,Yes,
198967581,No,198967603,Yes,No,
198967603,Yes,198967581,No,Yes,
198968136,Yes,199053609,No,Yes,
198992315,Yes,198992317,No,Yes,
198992317,No,198992315,Yes,No,
198992850,No,198992852,Yes,Yes,
198992852,Yes,198992850,No,Yes,
199053609,No,198968136,Yes,Yes,
199119542,No,199119543,No,No,
199119543,No,199119542,No,No,
199145435,Yes,199147770,No,Yes,
199147770,No,199145435,Yes,No,
199163242,Yes,199163244,No,Yes,
199163244,No,199163242,Yes,No,
199189450,No,199189452,No,No,
199189452,No,199189450,No,No,
199201078,Yes,199201079,No,Yes,
199210974,Yes,199210982,No,Yes,
199210982,No,199210974,Yes,No,
199211089,No,199211092,Yes,No,
199211092,Yes,199211089,No,Yes,
199298577,No,199298578,Yes,No,
199298578,Yes,199298577,No,Yes,
199317751,Yes,339187881,No,Yes,
199332587,No,199332588,Yes,Yes,
199332588,Yes,199332587,No,Yes,
199332595,Yes,199332597,Yes,Yes,
199332597,Yes,199332595,Yes,Yes,
199357050,No,199357054,Yes,No,
199357054,Yes,199357050,No,Yes,
199385178,Yes,176439484,Yes,Yes,
199403424,No,199403601,No,No,
199403601,No,199403424,No,No,
199428562,Yes,199428563,Yes,Yes,
199428563,Yes,199428562,Yes,Yes,
199556605,No,199782320,No,No,
199564071,No,199564143,No,No,
199564143,No,199564071,No,No,
199587380,No,199587382,No,Yes,
199587382,No,199587380,No,Yes,
199620916,Yes,199620917,No,Yes,
199620917,No,199620916,Yes,Yes,
199625575,No,199625576,No,No,
199625576,No,199625575,No,No,
199782320,No,199556605,No,No,
199783494,Yes,204534071,No,Yes,
199783494,Yes,207736494,No,Yes,
199865328,No,134601436,Yes,Yes,
199881978,No,199882254,No,No,
199882254,No,199881978,No,No,
199946391,Yes,199946393,No,Yes,
199946393,No,199946391,Yes,Yes,
199980033,No,199978841,No,No,
200022588,Yes,200022589,Yes,Yes,
200022589,Yes,200022588,Yes,Yes,
200040838,No,200040891,No,No,
200040891,No,200040838,No,No,
200050421,No,200059046,No,No,
200059046,No,200050421,No,No,
200076201,Yes,200076204,No,Yes,
200076204,No,200076201,Yes,No,
200117747,No,200117750,No,No,
200117750,No,200117747,No,No,
200138629,No,200138637,No,No,
200138637,No,200138629,No,No,
200468796,No,200468796,No,No,
200484106,No,200484106,No,No,
200484173,No,200484106,No,No,
200540757,No,200540759,No,No,
200540759,No,200540757,No,No,
200579297,No,200579487,No,No,
200579487,No,200579297,No,No,
200592164,No,200592208,No,No,
200592208,No,200592164,No,No,
200592295,No,200592278,No,No,
200592336,Yes,200592349,No,Yes,
200592349,No,200592336,Yes,No,
200592484,No,200592510,No,No,
200592510,No,200592484,No,No,
200593929,No,200593947,No,No,
200593947,No,200593929,No,No,
200594054,No,200594096,Yes,Yes,
200594096,Yes,200594054,No,Yes,
200602808,Yes,231980645,No,Yes,
200602925,Yes,231980645,No,Yes,
200706632,Yes,200706666,No,Yes,
200706666,No,200706632,Yes,No,
200925762,Yes,200925778,No,Yes,
200925778,No,200925762,Yes,Yes,
200956406,No,200956407,Yes,No,
200956407,Yes,200956406,No,Yes,
201015720,No,201015815,No,No,
201015815,No,201015720,No,No,
201139767,No,201139770,No,No,
201139770,No,201139767,No,Yes,
201148384,Yes,201148383,No,Yes,
201213812,No,201213814,No,No,
201213814,No,201213812,No,No,
201232733,No,201245797,No,Yes,
201245797,No,201232733,No,Yes,
201302963,No,201303417,No,No,
201303417,No,201302963,No,No,
201309341,No,197549638,No,No,
201427826,Yes,201428636,Yes,Yes,
201428636,Yes,201427826,Yes,Yes,
201443683,No,201444841,No,No,
201444841,No,201443683,No,No,
201447402,No,201447406,No,No,
201447404,No,201447407,No,No,
201447406,No,201447402,No,No,
201447407,No,201447404,No,No,
201467486,Yes,201820029,No,Yes,
201467996,Yes,201820029,No,Yes,
201496215,No,201496216,Yes,No,
201496216,Yes,201496215,No,Yes,
201504490,No,201504492,Yes,No,
201504492,Yes,201504490,No,Yes,
201525229,No,203990929,No,No,
201525611,Yes,201525801,Yes,Yes,
201525801,Yes,201525611,Yes,Yes,
201643210,No,201643560,No,No,
201643560,No,201643210,No,No,
201650252,No,128109850,No,No,
201812029,Yes,201812046,No,Yes,
201812046,No,201812131,Yes,No,
201812130,No,201812136,Yes,No,
201812131,Yes,201812046,No,Yes,
201812136,Yes,201812130,No,Yes,
201820029,No,201467996,Yes,No,
201905463,Yes,201905469,No,Yes,
201905469,No,201905463,Yes,Yes,
202008407,Yes,202008408,No,Yes,
202008408,No,202008407,Yes,No,
202024140,No,202024336,No,Yes,
202024336,No,202024140,No,No,
202149540,No,202149541,No,Yes,
202149541,No,202149540,No,No,
202174712,No,185668856,No,No,
202175395,No,186036630,No,No,
202175907,No,172842416,No,No,
202185394,No,202185396,No,No,
202185396,No,202185394,No,No,
202188343,No,226415936,No,No,
202224322,Yes,202229689,No,Yes,
202229689,No,202224322,Yes,No,
202235637,No,202235644,No,No,
202235644,No,202235637,No,No,
202286572,Yes,202286574,No,Yes,
202286574,No,202286572,Yes,Yes,
202379499,Yes,202379500,Yes,Yes,
202379500,Yes,202379499,Yes,Yes,
202404986,Yes,125124231,Yes,Yes,
202455347,No,202328591,No,No,
202481615,No,202481617,No,No,
202481617,No,202481615,No,No,
202482072,No,202482073,No,No,
202482073,No,202482072,No,No,
202486252,No,202486255,No,No,
202486255,No,202486252,No,No,
202511601,No,202511601,No,No,
202550952,No,202511601,No,No,
202580612,Yes,202584844,No,Yes,
202584844,No,202580612,Yes,Yes,
202698350,Yes,226415587,No,Yes,
202736976,No,202736977,Yes,Yes,
202736977,Yes,202736976,No,Yes,
202755623,Yes,202755794,No,Yes,
202756640,No,202756641,No,No,
202756641,No,202756640,No,No,
202758637,Yes,202768411,No,Yes,
202768411,No,202758637,Yes,No,
202777577,Yes,202777580,Yes,Yes,
202777580,Yes,202777577,Yes,Yes,
202856876,No,209619780,No,No,
202890075,Yes,202890228,No,Yes,
202890228,No,202890075,Yes,No,
202927088,No,154636064,No,Yes,
202927670,No,29593482,Yes,Yes,
203145429,No,203147471,Yes,Yes,
203147471,Yes,203145429,No,Yes,
203173301,No,203173302,Yes,No,
203173302,Yes,203173301,No,Yes,
203196641,No,203196687,No,No,
203196687,No,203196641,No,No,
203274682,No,203276587,No,No,
203276587,No,203274682,No,No,
203287238,No,197404338,No,No,
203354040,No,182452053,Yes,Yes,
203380169,Yes,203380172,No,Yes,
203380172,No,203380169,Yes,Yes,
203414554,No,203414597,No,No,
203414597,No,203414554,No,No,
203422661,No,203422663,Yes,Yes,
203422663,Yes,203422661,No,Yes,
203491593,Yes,203491596,No,Yes,
203491596,No,203491593,Yes,Yes,
203529777,Yes,203529778,No,Yes,
203529778,No,203529777,Yes,Yes,
203531585,Yes,203531587,No,Yes,
203531587,No,203531585,Yes,Yes,
203543018,No,203543019,No,No,
203543019,No,203543018,No,No,
203564395,Yes,203571665,Yes,Yes,
203571665,Yes,203564395,Yes,Yes,
203691436,No,203691437,Yes,Yes,
203691437,Yes,203691436,No,Yes,
203904453,Yes,203904603,No,Yes,
203904603,No,203904453,Yes,No,
203913457,No,203913458,No,No,
203913458,No,203913457,No,No,
203987423,No,242429835,No,No,
203990929,No,201525229,No,No,
204052780,No,204052783,No,Yes,
204052783,No,204052780,No,No,
204058765,No,204058865,No,No,
204058865,No,204058765,No,No,
204160049,No,204160050,No,Yes,
204160050,No,204160049,No,No,
204164632,No,204164633,No,No,
204164633,No,204164632,No,No,
204181893,Yes,204181894,Yes,Yes,
204181894,Yes,204181893,Yes,Yes,
204189719,No,204189720,Yes,No,
204189720,Yes,204189719,No,Yes,
204331052,Yes,204359378,No,Yes,
204411724,Yes,204417187,Yes,Yes,
204417187,Yes,204411724,Yes,Yes,
204481602,Yes,204481605,Yes,Yes,
204481605,Yes,204481602,Yes,Yes,
204503482,Yes,204503497,No,Yes,
204503497,No,204503482,Yes,No,
204505204,Yes,204505205,No,Yes,
204505205,No,204505204,Yes,No,
204521728,Yes,204521797,No,Yes,
204521797,No,204521728,Yes,No,
204534071,No,199783494,Yes,No,
204675788,No,204676289,No,No,
204676289,No,204675788,No,No,
204736666,Yes,204736665,No,Yes,
204741080,Yes,204741082,Yes,Yes,
204741082,Yes,204741080,Yes,Yes,
204837836,No,162689388,Yes,No,
204856355,No,208629771,Yes,Yes,
204856711,No,204856713,Yes,No,
204856713,Yes,204856711,No,Yes,
204897910,Yes,204897914,No,Yes,
204897914,No,204897910,Yes,No,
204903732,No,204903733,No,No,
204903733,No,204903732,No,Yes,
204905570,No,215472281,No,No,
204909098,No,204909099,No,No,
204909099,No,204909098,No,No,
204922123,Yes,204922126,No,Yes,
204922126,No,204922123,Yes,No,
204952000,Yes,340042963,Yes,Yes,
204955976,Yes,337440647,Yes,Yes,
204958278,Yes,204959263,No,Yes,
204959263,No,204958278,Yes,No,
204963977,Yes,204964078,Yes,Yes,
204964078,Yes,204963977,Yes,Yes,
205149452,Yes,205149565,Yes,Yes,
205149565,Yes,205149452,Yes,Yes,
205164267,No,205164274,No,No,
205164274,No,205164267,No,No,
205266345,Yes,205266346,Yes,Yes,
205266346,Yes,205266345,Yes,Yes,
205269207,No,205270021,No,No,
205270021,No,205269207,No,No,
205280532,Yes,205280534,No,Yes,
205280534,No,205280532,Yes,Yes,
205392910,Yes,205392929,No,Yes,
205392929,No,205392910,Yes,No,
205402436,No,205409845,No,No,
205409845,No,205402436,No,No,
205483006,Yes,205483016,No,Yes,
205483016,No,205483006,Yes,No,
205588866,No,205588950,No,No,
205588950,No,205588866,No,No,
205590799,Yes,205590801,No,Yes,
205590801,No,205590799,Yes,Yes,
205622573,Yes,205622625,No,Yes,
205622625,No,205622573,Yes,No,
205623410,Yes,207138649,Yes,Yes,
205658027,No,181365471,Yes,No,
205659105,No,179021622,Yes,No,
205660762,No,178245198,Yes,Yes,
205660762,No,178246161,Yes,Yes,
205660762,No,178245986,No,Yes,
205725164,No,173776511,No,No,
205753681,No,170551703,Yes,No,
205760409,Yes,168252568,Yes,Yes,
205761765,No,168257734,No,No,
205768773,Yes,205768812,No,Yes,
205768812,No,205768773,Yes,No,
205770943,Yes,205770944,Yes,Yes,
205770944,Yes,205770943,Yes,Yes,
205831643,No,205833025,No,Yes,
205833025,No,205831643,No,No,
206022249,No,206022526,Yes,No,
206022526,Yes,206022249,No,Yes,
206023080,Yes,206023212,Yes,Yes,
206023212,Yes,206023080,Yes,Yes,
206102389,No,206102562,Yes,Yes,
206102562,Yes,206102389,No,Yes,
206111340,Yes,206111343,No,Yes,
206111343,No,206111340,Yes,No,
206160106,No,206160107,No,No,
206160107,No,206160106,No,No,
206160137,No,206160139,No,No,
206160139,No,206160137,No,No,
206166383,No,184488573,No,No,
206168173,No,178481296,No,No,
206169543,No,174880868,No,No,
206171884,No,170800794,No,No,
206173676,No,133578088,No,No,
206174326,No,206174331,No,No,
206174331,No,206174326,No,No,
206176998,No,133054766,No,No,
206177242,No,131984781,No,No,
206177407,No,131984772,No,No,
206181942,No,129609882,No,No,
206185487,No,126619186,No,No,
206187192,No,206187200,Yes,No,
206187193,Yes,206187195,No,Yes,
206187195,No,206187193,Yes,No,
206187199,No,206187200,Yes,No,
206187200,Yes,206187199,No,Yes,
206193458,Yes,206193459,Yes,Yes,
206193459,Yes,206193458,Yes,Yes,
206222637,Yes,206222843,No,Yes,
206222843,No,206222637,Yes,No,
206236238,No,49051495,No,No,
206241079,Yes,206313930,No,Yes,
206275544,Yes,206275796,Yes,Yes,
206275796,Yes,206275544,Yes,Yes,
206279483,No,206280123,Yes,No,
206280123,Yes,206279483,No,Yes,
206280591,Yes,206383148,Yes,Yes,
206292609,No,121660374,No,No,
206293518,No,120026165,No,No,
206293779,No,119557974,No,No,
206294381,No,90574880,No,No,
206294747,No,90050415,No,No,
206295516,No,89928128,No,No,
206313930,No,206241079,Yes,Yes,
206330802,No,206330803,No,No,
206330803,No,206330802,No,No,
206330804,No,206330802,No,No,
206330806,Yes,206330802,No,Yes,
206330807,Yes,206330802,No,Yes,
206333476,Yes,206333658,Yes,Yes,
206333658,Yes,206333476,Yes,Yes,
206334291,Yes,206334296,No,Yes,
206334293,No,206334291,Yes,No,
206334296,No,206334291,Yes,No,
206334299,No,206334291,Yes,No,
206336561,No,206336565,Yes,No,
206336565,Yes,206336561,No,Yes,
206355216,No,206355220,Yes,No,
206355217,No,206355220,Yes,No,
206355220,Yes,206355217,No,Yes,
206355228,Yes,206355229,Yes,Yes,
206355229,Yes,206355228,Yes,Yes,
206355237,No,206355238,No,Yes,
206355238,No,206355237,No,No,
206355250,Yes,206356185,No,Yes,
206356179,No,206356180,Yes,No,
206356180,Yes,206356179,No,Yes,
206356185,No,206355250,Yes,No,
206383148,Yes,206280591,Yes,Yes,
206415227,No,206416633,Yes,No,
206415981,No,206611301,No,No,
206416633,Yes,206415227,No,Yes,
206509546,Yes,206509548,No,Yes,
206509548,No,206523564,No,Yes,
206525039,Yes,206525040,No,Yes,
206525040,No,206525039,Yes,No,
206525041,Yes,206525042,No,Yes,
206525042,No,206525041,Yes,Yes,
206602215,Yes,206602216,Yes,Yes,
206602216,Yes,206602215,Yes,Yes,
206609926,Yes,206609930,No,Yes,
206609930,No,206609926,Yes,Yes,
206611301,No,206415981,No,No,
206667436,Yes,206824380,No,Yes,
206816084,Yes,206823967,No,Yes,
206824380,No,206667436,Yes,No,
206964033,Yes,206964097,No,Yes,
206964097,No,206964033,Yes,No,
206975913,No,206984430,No,No,
206984430,No,206975913,No,No,
207100786,No,174076960,No,Yes,
207115281,Yes,207115586,No,Yes,
207115586,No,207115281,Yes,No,
207138649,Yes,205623410,Yes,Yes,
207264060,Yes,207264694,No,Yes,
207264694,No,207264060,Yes,No,
207271426,Yes,207272287,No,Yes,
207272287,No,207271426,Yes,No,
207287231,Yes,207287234,Yes,Yes,
207287234,Yes,207287231,Yes,Yes,
207313358,Yes,207302106,No,Yes,
207400387,Yes,207401125,No,Yes,
207401125,No,207400387,Yes,No,
207482370,Yes,168909311,Yes,Yes,
207483699,No,133714473,Yes,No,
207494171,No,207494419,No,No,
207494419,No,207494171,No,No,
207515401,Yes,207515402,No,Yes,
207515402,No,207515401,Yes,No,
207521671,Yes,207521672,No,Yes,
207521672,No,207521671,Yes,No,
207583635,Yes,207583636,No,Yes,
207583636,No,207583635,Yes,No,
207583993,No,207583995,No,No,
207583995,No,207583993,No,No,
207652456,Yes,207652457,Yes,Yes,
207652457,Yes,207652456,Yes,Yes,
207736494,No,207736494,No,No,
207794635,Yes,207794637,No,Yes,
207794637,No,207794635,Yes,No,
207812485,No,207812486,Yes,Yes,
207812486,Yes,207812485,No,Yes,
207845546,Yes,231248080,No,Yes,
207870493,Yes,207870840,No,Yes,
207870840,No,207870493,Yes,No,
207901340,Yes,207901341,No,Yes,
207901341,No,207901340,Yes,No,
207932271,Yes,207939717,Yes,Yes,
207939717,Yes,207932271,Yes,Yes,
208177015,No,208177017,No,No,
208177017,No,208177015,No,No,
208254255,No,208254256,Yes,No,
208254256,Yes,208254255,No,Yes,
208268665,Yes,303132712,Yes,Yes,
208268667,Yes,303125974,Yes,Yes,
208268668,Yes,303255243,No,Yes,
208490579,Yes,249900676,No,Yes,
208572059,Yes,208572061,Yes,Yes,
208572061,Yes,208572059,Yes,Yes,
208611782,No,208611933,Yes,No,
208611933,Yes,208611782,No,Yes,
208629771,Yes,204856355,No,Yes,
208814450,Yes,209119096,No,Yes,
208814451,Yes,209119096,No,Yes,
208916105,Yes,208916483,No,Yes,
208916483,No,208916105,Yes,Yes,
209020769,No,209020773,No,No,
209020773,No,209020769,No,No,
209056197,Yes,209056199,Yes,Yes,
209056199,Yes,209056197,Yes,Yes,
209119096,No,208814451,Yes,No,
209230070,Yes,209230074,No,Yes,
209368870,Yes,210418627,Yes,Yes,
209383325,Yes,209387564,Yes,Yes,
209387564,Yes,209383325,Yes,Yes,
209436116,No,113347505,No,No,
209619078,Yes,209619081,Yes,Yes,
209619081,Yes,209619078,Yes,Yes,
209619780,No,202856876,No,No,
209834599,No,209834609,Yes,Yes,
209834609,Yes,209834599,No,Yes,
209834611,Yes,204736665,No,Yes,
209904301,Yes,209904336,Yes,Yes,
209904336,Yes,209904301,Yes,Yes,
210418627,Yes,209368870,Yes,Yes,
210536160,Yes,212788534,No,Yes,
210561806,No,210561810,Yes,Yes,
210561810,Yes,210561806,No,Yes,
210572461,No,210572464,No,No,
210572464,No,210572461,No,No,
210596505,Yes,210597034,No,Yes,
210597034,No,210596505,Yes,Yes,
210621064,No,210621133,No,No,
210621133,No,210621064,No,No,
210624617,No,210624758,No,No,
210624758,No,210624617,No,No,
210642925,Yes,210645586,No,Yes,
210645586,No,210642925,Yes,No,
210878800,No,210903102,No,No,
210903102,No,210878800,No,No,
211118609,No,211119266,No,No,
211119266,No,211118609,No,No,
211489436,Yes,211494171,No,Yes,
211494171,No,211489436,Yes,No,
211503590,Yes,211503597,No,Yes,
211503597,No,211503590,Yes,Yes,
211521409,Yes,211521585,Yes,Yes,
211521585,Yes,211521409,Yes,Yes,
211574669,No,211574693,No,No,
211574693,No,211574669,No,No,
211574908,No,211574921,Yes,No,
211574921,Yes,211574908,No,Yes,
211575092,No,211575109,Yes,No,
211575109,Yes,211575092,No,Yes,
211575177,Yes,211575181,No,Yes,
211575181,No,211575177,Yes,No,
211602853,Yes,211768781,No,Yes,
211615382,Yes,211778389,No,Yes,
211661542,Yes,211690309,Yes,Yes,
211690309,Yes,211661542,Yes,Yes,
211768781,No,211602853,Yes,No,
211778389,No,211615382,Yes,No,
211962407,Yes,211962413,Yes,Yes,
211962413,Yes,211962407,Yes,Yes,
212041709,Yes,209834599,No,Yes,
212041717,No,212472240,No,No,
212041737,No,212049279,No,Yes,
212049279,No,212041737,No,No,
212097708,No,212105159,No,No,
212105159,No,212097708,No,No,
212173299,No,15283784,Yes,No,
212306140,No,212306394,Yes,No,
212306394,Yes,212306140,No,Yes,
212306667,No,212306885,Yes,No,
212306885,Yes,212306667,No,Yes,
212328159,Yes,211988730,No,Yes,
212328719,No,212328159,Yes,No,
212472240,No,212041717,No,No,
212516191,No,212516193,No,No,
212516193,No,212516191,No,No,
212578805,No,212578807,No,No,
212578807,No,212578805,No,No,
212788534,No,210536160,Yes,No,
212811682,No,212811684,No,No,
212811684,No,212811682,No,No,
212948762,Yes,212949432,Yes,Yes,
212949432,Yes,212948762,Yes,Yes,
213200892,No,213200894,No,No,
213200894,No,213200892,No,No,
213213292,Yes,213343393,No,Yes,
213231720,Yes,213239388,No,Yes,
213239388,No,213231720,Yes,Yes,
213300133,Yes,213300134,Yes,Yes,
213300134,Yes,213300133,Yes,Yes,
213343393,No,213213292,Yes,No,
213487082,Yes,213484517,No,Yes,
213556879,Yes,213556880,Yes,Yes,
213556880,Yes,213556879,Yes,Yes,
213581476,No,213579789,Yes,No,
213602163,Yes,213602355,No,Yes,
213602355,No,213602163,Yes,Yes,
213602441,Yes,213602466,Yes,Yes,
213602466,Yes,213602441,Yes,Yes,
213602550,Yes,213602568,No,Yes,
213602568,No,213602550,Yes,Yes,
214025940,No,214025941,No,Yes,
214025941,No,214025940,No,Yes,
214101005,Yes,214101008,Yes,Yes,
214101008,Yes,214101005,Yes,Yes,
214120682,No,214120683,No,No,
214120683,No,214120682,No,No,
214281959,No,214281961,No,No,
214281961,No,214281959,No,No,
214324991,Yes,214325093,No,Yes,
214325093,No,214324991,Yes,Yes,
214506370,No,214506374,No,No,
214506374,No,214506370,No,No,
214506380,No,214506382,No,No,
214506382,No,214506380,No,No,
214608049,No,214608093,No,No,
214608093,No,214608049,No,Yes,
214628690,No,214629886,No,No,
214629886,No,214628690,No,No,
214684015,No,214684017,Yes,No,
214684017,Yes,214684015,No,Yes,
214684112,Yes,214684113,No,Yes,
214684113,No,214684112,Yes,No,
214718862,Yes,214718869,Yes,Yes,
214718869,Yes,214718862,Yes,Yes,
214804453,Yes,214804462,No,Yes,
214804462,No,214804453,Yes,No,
215070113,No,215070470,No,No,
215070470,No,215070113,No,No,
215144249,No,215144445,Yes,Yes,
215144445,Yes,215144249,No,Yes,
215410333,No,215410998,No,No,
215410998,No,215410333,No,No,
215419051,Yes,215419425,No,Yes,
215419425,No,215419051,Yes,No,
215459789,Yes,22405356,Yes,Yes,
215460637,Yes,215460917,No,Yes,
215472281,No,204905570,No,No,
215570498,Yes,215570698,Yes,Yes,
215570698,Yes,215570498,Yes,Yes,
215617044,Yes,215617049,Yes,Yes,
215617049,Yes,215617044,Yes,Yes,
215788855,No,215788857,Yes,No,
215788857,Yes,215788855,No,Yes,
215804726,No,215804727,No,Yes,
215804727,No,215804726,No,No,
215807363,No,215836217,No,No,
215811549,Yes,198595663,No,Yes,
215836217,No,215807363,No,No,
215891367,Yes,215892016,No,Yes,
216055428,Yes,227044368,Yes,Yes,
216079878,Yes,216079957,Yes,Yes,
216079957,Yes,216079878,Yes,Yes,
216134740,Yes,216134742,No,Yes,
216134742,No,216134740,Yes,No,
216135994,No,216135995,No,No,
216135995,No,216135994,No,No,
216405074,No,60782435,Yes,No,
216409678,No,216409679,No,No,
216409679,No,216409678,No,No,
216417466,No,216417467,No,No,
216417467,No,216417466,No,No,
216483685,No,216483686,No,No,
216483686,No,216483685,No,No,
216867316,No,216867480,Yes,No,
216867480,Yes,216867316,No,Yes,
216884890,No,233296884,Yes,Yes,
216908385,Yes,216910766,No,Yes,
216910766,No,216908385,Yes,Yes,
216947719,No,216947723,Yes,No,
216947723,Yes,216947719,No,Yes,
216990993,Yes,216991026,No,Yes,
216991026,No,216990993,Yes,Yes,
217011883,No,219816895,No,No,
217241490,No,217241492,No,No,
217241492,No,217241490,No,Yes,
217268430,Yes,217268564,No,Yes,
217268564,No,217268430,Yes,No,
217278644,No,217278353,No,No,
217387319,Yes,217387440,No,Yes,
217387440,No,217387319,Yes,No,
217428848,Yes,217479505,No,Yes,
217479505,No,217428848,Yes,Yes,
217484419,Yes,217484423,No,Yes,
217484423,No,217484419,Yes,No,
217484425,No,217484419,Yes,No,
217484427,Yes,217484431,No,Yes,
217484431,No,217484427,Yes,No,
217518752,No,217518757,No,No,
217518757,No,217518752,No,No,
217602327,No,217602827,Yes,Yes,
217602827,Yes,217602327,No,Yes,
217618737,No,255467944,No,No,
217651326,No,217651327,No,No,
217651327,No,217651326,No,No,
217651352,No,217651353,No,No,
217651353,No,217651352,No,No,
217651356,No,217651357,No,No,
217651357,No,217651356,No,No,
217651412,No,217651413,No,No,
217651413,No,217651412,No,No,
217754360,No,217754361,Yes,No,
217754361,Yes,217754360,No,Yes,
217779245,No,217780464,No,No,
217780464,No,217779245,No,Yes,
217791817,Yes,217791818,No,Yes,
217791818,No,217791817,Yes,No,
217812347,No,217811469,No,No,
217824611,No,217824923,No,Yes,
217824923,No,217824611,No,Yes,
217873977,No,217873980,Yes,Yes,
217873980,Yes,217873977,No,Yes,
218014513,No,221198618,Yes,No,
218029493,No,218029495,No,No,
218029495,No,218029493,No,No,
218040172,Yes,215116762,No,Yes,
218062252,Yes,218732612,No,Yes,
218094093,Yes,218094097,Yes,Yes,
218094097,Yes,218094093,Yes,Yes,
218100809,No,218100810,No,Yes,
218100810,No,218100809,No,Yes,
218158386,Yes,241515459,No,Yes,
218191368,Yes,218191414,Yes,Yes,
218191414,Yes,218191368,Yes,Yes,
218251817,No,218251826,Yes,Yes,
218251826,Yes,218251817,No,Yes,
218255043,No,218255089,Yes,No,
218255089,Yes,218255043,No,Yes,
218305816,Yes,218305817,Yes,Yes,
218305817,Yes,218305816,Yes,Yes,
218312852,No,218312853,No,No,
218312853,No,218312852,No,No,
218389724,Yes,218389814,No,Yes,
218407341,No,135499876,No,No,
218414831,Yes,218416390,Yes,Yes,
218416390,Yes,218414831,Yes,Yes,
218544448,No,218544449,No,No,
218544449,No,218544448,No,No,
218555394,No,218555396,No,No,
218555396,No,218555394,No,No,
218593286,Yes,218594804,No,Yes,
218642870,Yes,218648707,No,Yes,
218648707,No,218642870,Yes,Yes,
218669894,Yes,218669897,Yes,Yes,
218669897,Yes,218669894,Yes,Yes,
218670016,Yes,218670023,No,Yes,
218670023,No,218670016,Yes,No,
218727493,No,218727523,No,No,
218727523,No,218727493,No,No,
218732612,No,218062252,Yes,No,
218765331,No,218765347,No,No,
218765347,No,218765331,No,No,
218766533,Yes,218940374,No,Yes,
218787613,Yes,218788764,No,Yes,
218788764,No,218787613,Yes,Yes,
218819285,Yes,265042031,Yes,Yes,
218843142,Yes,218843143,Yes,Yes,
218843143,Yes,218843142,Yes,Yes,
218897423,No,218898227,No,No,
218898227,No,218897423,No,No,
218946291,Yes,218946548,Yes,Yes,
218946548,Yes,218946291,Yes,Yes,
218970404,No,218970405,Yes,No,
218970405,Yes,218970404,No,Yes,
219079133,Yes,219079432,No,Yes,
219097307,Yes,219097312,Yes,Yes,
219097312,Yes,219097307,Yes,Yes,
219126539,No,219127964,No,Yes,
219127964,No,219126539,No,No,
219171622,No,219171891,No,Yes,
219171891,No,219171622,No,No,
219177055,No,219177056,Yes,No,
219177056,Yes,219177055,No,Yes,
219317958,No,219318054,No,No,
219318054,No,219317958,No,No,
219401402,No,219401406,Yes,Yes,
219401406,Yes,219401402,No,Yes,
219415599,No,219415841,No,No,
219415841,No,219415599,No,No,
219443424,No,219443515,No,No,
219443431,No,219443439,Yes,No,
219443439,Yes,219443431,No,Yes,
219443441,Yes,219443442,No,Yes,
219443442,No,219443441,Yes,No,
219443445,Yes,219443441,Yes,Yes,
219443452,No,219443456,Yes,No,
219443456,Yes,219443452,No,Yes,
219443464,No,219443979,Yes,No,
219443465,No,219443979,Yes,No,
219443470,Yes,219443471,No,Yes,
219443484,No,219443485,Yes,No,
219443485,Yes,219443484,No,Yes,
219443491,No,219443979,Yes,No,
219443497,No,219443456,Yes,No,
219443512,No,219443744,No,No,
219443514,No,219443515,No,No,
219443515,No,219443424,No,No,
219443744,No,219443512,No,Yes,
219443979,Yes,219443491,No,Yes,
219463950,No,219463951,No,No,
219463951,No,219463950,No,No,
219472281,No,219472283,No,No,
219472283,No,219472281,No,No,
219739692,Yes,192883917,No,Yes,
219741269,No,192885610,No,No,
219742380,No,106470410,No,No,
219743519,No,169857726,Yes,No,
219744592,No,120459701,Yes,Yes,
219746257,No,169753974,Yes,No,
219746258,No,169753767,No,No,
219807965,Yes,267102689,No,Yes,
219808602,Yes,252213215,No,Yes,
219808610,No,252213215,No,No,
219808613,Yes,252213215,No,Yes,
219809488,No,252213215,No,No,
219809492,Yes,252213215,No,Yes,
219810283,Yes,267102043,No,Yes,
219816895,No,217011883,No,No,
220031572,No,220032064,No,No,
220032064,No,220031572,No,No,
220077169,No,220077842,No,No,
220077842,No,220077842,No,No,
220102252,No,220102803,No,Yes,
220102803,No,220102252,No,Yes,
220108555,Yes,220109135,No,Yes,
220109135,No,220108555,Yes,No,
220133721,No,220135679,Yes,No,
220135679,Yes,220133721,No,Yes,
220170408,Yes,337236357,No,Yes,
220280246,Yes,220280931,No,Yes,
220337242,Yes,220337437,Yes,Yes,
220337437,Yes,220337242,Yes,Yes,
220388788,Yes,221453997,No,Yes,
220401579,No,220401651,No,No,
220401651,No,220401579,No,No,
220405402,No,221017964,No,No,
220405480,No,220405481,No,No,
220405481,No,220405480,No,No,
220610614,Yes,220610620,No,Yes,
220669025,Yes,220669174,No,Yes,
220669174,No,220669025,Yes,Yes,
220766489,Yes,220766490,No,Yes,
220766490,No,220766489,Yes,Yes,
220822642,Yes,220822643,Yes,Yes,
220822643,Yes,220822642,Yes,Yes,
220822649,Yes,220822650,No,Yes,
220822650,No,220822649,Yes,Yes,
220837360,No,220837471,No,No,
220837471,No,220837360,No,No,
221008094,Yes,221008515,No,Yes,
221008515,No,221008094,Yes,No,
221016471,Yes,221016473,No,Yes,
221016473,No,221016471,Yes,Yes,
221017964,No,220405402,No,No,
221025438,No,337305732,No,No,
221029585,Yes,221029586,Yes,Yes,
221029586,Yes,221029585,Yes,Yes,
221046420,Yes,221047135,Yes,Yes,
221047135,Yes,221046420,Yes,Yes,
221143137,Yes,221143464,Yes,Yes,
221143464,Yes,221143137,Yes,Yes,
221144214,No,221144336,No,No,
221144336,No,221144214,No,No,
221198618,Yes,218014513,No,Yes,
221208838,No,221208840,No,No,
221208840,No,221208838,No,No,
221326679,No,221326680,Yes,No,
221326680,Yes,221326679,No,Yes,
221453997,No,220388788,Yes,No,
221462513,No,221462514,No,No,
221462514,No,221462513,No,No,
221545284,No,221545667,No,No,
221545667,No,221545284,No,No,
221595103,No,221594305,No,No,
221651363,Yes,221651624,No,Yes,
221651624,No,221651363,Yes,No,
221654752,Yes,221655101,Yes,Yes,
221655101,Yes,221654752,Yes,Yes,
221660844,No,221663701,No,No,
221663701,No,221660844,No,Yes,
221663973,No,221663701,No,No,
221689117,Yes,221689119,No,Yes,
221689119,No,221689117,Yes,No,
221697811,No,221697813,No,No,
221697812,No,221697813,No,No,
221697813,No,221697812,No,No,
221708697,No,221708699,No,No,
221708699,No,221708697,No,No,
221720873,Yes,221720877,Yes,Yes,
221720877,Yes,221726313,Yes,Yes,
221720880,No,221720881,No,No,
221720881,No,221720880,No,Yes,
221720889,No,221726278,Yes,No,
221726278,Yes,221720889,No,Yes,
221726279,Yes,221726280,Yes,Yes,
221726280,Yes,221726279,Yes,Yes,
221726290,Yes,221726292,No,Yes,
221726292,No,221726290,Yes,No,
221726294,Yes,221726295,Yes,Yes,
221726295,Yes,221726294,Yes,Yes,
221726313,Yes,221720877,Yes,Yes,
221744105,Yes,221744106,No,Yes,
221744106,No,221744105,Yes,No,
221770898,No,221771221,Yes,No,
221770898,No,221771632,Yes,No,
221770898,No,221772288,No,No,
221770898,No,221772760,Yes,No,
221771221,Yes,221770898,No,Yes,
221771632,Yes,221770898,No,Yes,
221772288,No,221770898,No,Yes,
221772760,Yes,221770898,No,Yes,
221829642,No,221867864,No,No,
221841762,Yes,221841971,No,Yes,
221841971,No,221841762,Yes,No,
221867864,No,221829642,No,No,
222009030,Yes,222010349,No,Yes,
222010349,No,222009030,Yes,No,
222065888,Yes,267101192,Yes,Yes,
222066000,Yes,267100165,Yes,Yes,
222155722,Yes,222158068,No,Yes,
222158068,No,222155722,Yes,No,
222177908,No,222177891,No,No,
222256557,No,261292127,No,No,
222259410,No,222260495,No,No,
222260495,No,222259410,No,No,
222344063,No,222344067,No,No,
222344067,No,222344063,No,No,
222344069,No,222345004,No,No,
222344072,Yes,222345004,No,Yes,
222344073,Yes,222344073,Yes,Yes,
222344077,Yes,222345004,No,Yes,
222344089,No,222345006,No,No,
222344090,No,222345006,No,No,
222345004,No,222344073,Yes,No,
222345006,No,222344089,No,No,
222408648,No,222409080,No,Yes,
222507656,Yes,222510410,No,Yes,
222510410,No,222507656,Yes,No,
222513649,Yes,222516206,No,Yes,
222516206,No,222513649,Yes,No,
222548431,No,222548433,No,Yes,
222548432,Yes,222556564,No,Yes,
222548433,No,222548431,No,No,
222548456,Yes,222548457,No,Yes,
222548457,No,222548456,Yes,No,
222552831,Yes,222552855,No,Yes,
222552855,No,222552831,Yes,No,
222556172,No,222556173,No,No,
222556564,No,222548432,Yes,No,
222635356,No,222635455,No,No,
222635455,No,222635356,No,No,
222851209,No,267097867,No,No,
222851361,No,267097236,No,No,
222851612,Yes,222851704,Yes,Yes,
222851704,Yes,222851612,Yes,Yes,
222852000,No,222851612,Yes,No,
222857083,No,222851612,Yes,No,
222867973,No,222868970,No,No,
222868970,No,222867973,No,No,
222955580,Yes,223215134,Yes,Yes,
222955581,No,223215134,Yes,No,
222955584,No,223215134,Yes,No,
222955603,Yes,222955610,Yes,Yes,
222955610,Yes,222955603,Yes,Yes,
223018765,No,223018888,No,No,
223018888,No,223018765,No,No,
223029735,No,223029740,Yes,No,
223029740,Yes,223029735,No,Yes,
223083238,Yes,223083875,No,Yes,
223083875,No,223083238,Yes,No,
223215134,Yes,223215137,No,Yes,
223215137,No,223215134,Yes,No,
223215140,Yes,223215142,No,Yes,
223215142,No,223215140,Yes,No,
223215163,No,223215166,No,No,
223215165,No,223215166,No,Yes,
223215166,No,223215165,No,No,
223215174,No,223215179,No,No,
223215179,No,223215174,No,No,
223215192,No,223215195,Yes,No,
223215195,Yes,223215192,No,Yes,
223299291,No,223303309,Yes,Yes,
223303309,Yes,223299291,No,Yes,
223424523,Yes,223424525,Yes,Yes,
223424525,Yes,223424523,Yes,Yes,
223424575,Yes,223424577,No,Yes,
223424577,No,223424575,Yes,No,
223590927,Yes,223591011,No,Yes,
223591011,No,223590927,Yes,Yes,
223676936,No,223766991,No,No,
223766991,No,223766991,No,No,
223784201,No,223783632,No,No,
224110838,No,224110863,No,No,
224110843,No,224110866,No,No,
224110863,No,224110838,No,No,
224110866,No,224110843,No,No,
224170984,Yes,224171139,No,Yes,
224171139,No,224170984,Yes,Yes,
224210709,No,224210711,No,No,
224210711,No,224210709,No,No,
224246735,Yes,224246736,No,Yes,
224246736,No,224246735,Yes,No,
224246753,Yes,224246756,No,Yes,
224246756,No,224246753,Yes,No,
224248629,No,224248763,No,No,
224248763,No,224248629,No,No,
224277024,Yes,224276717,No,Yes,
224334764,Yes,224336817,No,Yes,
224336817,No,224334764,Yes,Yes,
224430681,No,36963301,No,No,
224430741,No,36882853,No,No,
224501759,Yes,224501760,No,Yes,
224501760,No,224501759,Yes,Yes,
224521462,Yes,224521476,Yes,Yes,
224521476,Yes,224521462,Yes,Yes,
224601452,Yes,224601737,No,Yes,
224601737,No,224601452,Yes,Yes,
224618053,Yes,224618049,No,Yes,
224658582,No,39174754,No,No,
224661204,No,38998030,No,No,
224662991,No,188493639,No,No,
224663565,No,135646098,No,No,
224776211,Yes,224776217,Yes,Yes,
224776217,Yes,224776211,Yes,Yes,
224791110,Yes,224791111,No,Yes,
224791111,No,224791110,Yes,No,
224791116,Yes,224791117,No,Yes,
224791117,No,224791116,Yes,No,
224791126,Yes,224791132,No,Yes,
224791127,No,224791132,No,No,
224791129,Yes,224791132,No,Yes,
224791132,No,224791127,No,No,
224793237,Yes,253298957,No,Yes,
225005282,Yes,225005283,No,Yes,
225005283,No,225005282,Yes,Yes,
225007340,Yes,225007341,Yes,Yes,
225007341,Yes,225007340,Yes,Yes,
225126380,No,266403002,No,No,
225126386,Yes,266402537,No,Yes,
225149662,No,225149669,Yes,No,
225149669,Yes,225149662,No,Yes,
225210226,No,225210227,No,No,
225210227,No,225210229,No,No,
225210229,No,225210227,No,No,
225360807,No,225361205,No,Yes,
225361205,No,225360807,No,No,
225463551,No,225463596,No,Yes,
225463596,No,225463551,No,No,
225642542,No,225642543,No,No,
225642543,No,225642542,No,No,
225644492,No,225644493,No,Yes,
225644493,No,225644492,No,Yes,
225698071,No,15415677,Yes,No,
225944908,Yes,225945029,Yes,Yes,
225944910,Yes,225944911,Yes,Yes,
225944911,Yes,225944910,Yes,Yes,
225944912,Yes,225945029,Yes,Yes,
225945029,Yes,225944908,Yes,Yes,
225972120,No,225974032,No,No,
225974032,No,225972120,No,No,
226028814,Yes,226028816,No,Yes,
226028816,No,226028814,Yes,No,
226073102,No,226073103,No,No,
226073103,No,226073102,No,No,
226264652,No,226264657,No,No,
226264657,No,226264652,No,No,
226304470,Yes,226304682,Yes,Yes,
226304682,Yes,226304470,Yes,Yes,
226403756,Yes,226403757,Yes,Yes,
226403757,Yes,226403756,Yes,Yes,
226403758,Yes,226403759,No,Yes,
226403759,No,226403758,Yes,No,
226415587,No,202698350,Yes,Yes,
226415936,No,202188343,No,Yes,
226463000,Yes,226463001,No,Yes,
226463001,No,226463000,Yes,Yes,
226735706,No,226735709,Yes,No,
226735709,Yes,226735706,No,Yes,
226974725,Yes,226975061,No,Yes,
226975061,No,226974725,Yes,No,
226998801,Yes,226998803,Yes,Yes,
226998803,Yes,226998801,Yes,Yes,
227018986,Yes,227018545,No,Yes,
227019169,Yes,227018545,No,Yes,
227019278,Yes,227018545,No,Yes,
227019606,No,227018545,No,Yes,
227032071,No,227032080,No,No,
227032080,No,227032071,No,No,
227044368,Yes,216055428,Yes,Yes,
227059560,No,227059567,Yes,No,
227059567,Yes,227059560,No,Yes,
227064284,No,227064285,Yes,Yes,
227064285,Yes,227064284,No,Yes,
227130225,Yes,227130847,No,Yes,
227130847,No,227130225,Yes,No,
227134504,No,227134505,Yes,No,
227134505,Yes,227134504,No,Yes,
227196736,No,133811651,Yes,No,
227206505,No,227213863,No,Yes,
227213863,No,227206505,No,No,
227229452,Yes,227229453,No,Yes,
227229453,No,227229452,Yes,Yes,
227235955,No,227235957,Yes,Yes,
227235957,Yes,227235955,No,Yes,
227330217,Yes,227330218,Yes,Yes,
227330218,Yes,227330217,Yes,Yes,
227331420,No,227331422,No,No,
227331422,No,227331420,No,Yes,
227416897,Yes,227416921,No,Yes,
227416898,No,227416901,Yes,No,
227416901,Yes,227416898,No,Yes,
227416903,Yes,227416907,Yes,Yes,
227416907,Yes,227416903,Yes,Yes,
227416908,Yes,227416910,Yes,Yes,
227416910,Yes,227416908,Yes,Yes,
227416913,No,227416910,Yes,No,
227416919,No,227416901,Yes,No,
227416921,No,227416897,Yes,No,
227551206,No,227551203,No,Yes,
227602079,No,227722002,No,No,
227608530,Yes,227608531,No,Yes,
227608531,No,227608530,Yes,Yes,
227610997,No,227611004,Yes,No,
227691455,Yes,227691456,No,Yes,
227691456,No,227691455,Yes,Yes,
227706101,No,227698735,No,No,
227722002,No,227602079,No,No,
227722491,No,227722492,No,No,
227722492,No,227722491,No,No,
227830474,No,227830474,No,Yes,
227925551,No,227925553,Yes,Yes,
227925553,Yes,227925551,No,Yes,
228131451,No,228131454,No,No,
228131454,No,228131451,No,No,
228134312,Yes,228134315,No,Yes,
228134315,No,228134312,Yes,No,
228137718,No,264037907,Yes,Yes,
228320084,Yes,228320085,No,Yes,
228320085,No,228320084,Yes,No,
228377195,No,228377334,Yes,No,
228377334,Yes,228377195,No,Yes,
228379704,Yes,228379705,No,Yes,
228379705,No,228379704,Yes,No,
228519935,Yes,228519944,No,Yes,
228610375,Yes,228610620,Yes,Yes,
228610620,Yes,228610375,Yes,Yes,
228673913,Yes,228678170,Yes,Yes,
228678170,Yes,228673913,Yes,Yes,
228708586,No,83529430,Yes,No,
228723012,No,337446958,Yes,Yes,
228729087,No,228729249,No,No,
228729249,No,228729087,No,No,
228735388,No,229032317,No,No,
228896741,Yes,228896742,Yes,Yes,
228896742,Yes,228896741,Yes,Yes,
228896745,Yes,228896748,Yes,Yes,
228896748,Yes,228896745,Yes,Yes,
228896753,Yes,228896755,No,Yes,
228896754,Yes,228896741,Yes,Yes,
228896755,No,228896753,Yes,No,
228896757,No,228896760,Yes,No,
228896760,Yes,228896757,No,Yes,
228898217,No,228898219,Yes,No,
228898219,Yes,228898217,No,Yes,
228901690,Yes,228901698,No,Yes,
228901698,No,228901690,Yes,No,
228945156,Yes,230812666,No,Yes,
229107803,No,229107806,No,Yes,
229107806,No,229107803,No,Yes,
229177398,No,226745461,No,No,
229177400,No,226745461,No,No,
229177402,No,226745461,No,No,
229177405,No,226745461,No,No,
229177408,No,226745461,No,No,
229177410,No,226745461,No,No,
229177412,No,226745461,No,No,
229177413,No,226745461,No,No,
229177419,No,226745461,No,No,
229284388,No,229284548,No,No,
229284548,No,229284388,No,Yes,
229502750,No,229502697,No,No,
229502767,No,229502697,No,No,
229726832,No,115867618,No,No,
229781124,No,229781315,Yes,No,
229781315,Yes,229781124,No,Yes,
229872202,Yes,229872279,No,Yes,
229883637,Yes,229883768,Yes,Yes,
229883768,Yes,229883637,Yes,Yes,
229884813,No,229884417,No,No,
229939706,No,229986171,No,No,
229978826,Yes,229978826,Yes,Yes,
229979682,Yes,229978826,Yes,Yes,
229986171,No,229939706,No,No,
230072131,No,230071177,Yes,No,
230125627,Yes,230125630,No,Yes,
230125630,No,230125627,Yes,No,
230131961,No,230132396,No,No,
230132396,No,230131961,No,No,
230226126,No,230226129,No,No,
230226129,No,230226126,No,No,
230400623,No,230401869,No,No,
230401869,No,230400623,No,No,
230535250,Yes,230535252,Yes,Yes,
230535252,Yes,230535250,Yes,Yes,
230630332,Yes,230630338,Yes,Yes,
230630334,Yes,230630337,Yes,Yes,
230630337,Yes,230630334,Yes,Yes,
230630338,Yes,230630332,Yes,Yes,
230673803,No,230674554,No,No,
230674554,No,230673803,No,No,
230708732,Yes,263973520,Yes,Yes,
230710974,Yes,230710941,No,Yes,
230779273,No,230779276,Yes,Yes,
230779276,Yes,230779273,No,Yes,
230799636,Yes,230799637,No,Yes,
230799637,No,230799636,Yes,No,
230970173,Yes,231309073,No,Yes,
231007344,No,231007345,No,No,
231140121,No,231140122,Yes,Yes,
231140122,Yes,231140121,No,Yes,
231248080,No,207845546,Yes,Yes,
231309073,No,230970173,Yes,No,
231347598,No,231347599,Yes,No,
231347599,Yes,231347598,No,Yes,
231347602,No,231347603,Yes,Yes,
231347603,Yes,231347602,No,Yes,
231347605,Yes,23134760,No,Yes,
231347606,No,231347605,Yes,No,
231398109,No,231398804,No,No,
231398804,No,231398109,No,No,
231418004,No,231419099,No,No,
231419099,No,231418004,No,No,
231543728,No,231543729,No,Yes,
231543729,No,231543728,No,Yes,
231555134,No,254893494,No,No,
231572777,No,231572852,No,No,
231572852,No,231572777,No,No,
231902205,Yes,231902296,No,Yes,
231902296,No,231902205,Yes,Yes,
231946518,Yes,232048209,No,Yes,
231979011,No,231980101,No,No,
231980101,No,231979011,No,No,
231980613,No,192527178,No,No,
231980615,No,192527013,No,No,
231980616,No,186487374,No,No,
231980619,No,169905890,No,No,
231980620,No,169905539,Yes,No,
231980621,No,169858545,No,No,
231980624,No,169758822,Yes,No,
231980625,No,150157801,No,No,
231980626,No,149462152,No,No,
231980627,No,149003323,Yes,No,
231980628,No,141727454,Yes,No,
231980630,No,105869169,No,No,
231980632,No,104698372,Yes,No,
231980633,No,105421874,No,No,
231980634,No,197782620,No,No,
231980635,No,197283518,No,No,
231980636,No,197283264,No,No,
231980637,No,194394741,Yes,No,
231980639,No,194394563,No,No,
231980641,No,198538707,Yes,No,
231980643,No,198541062,Yes,No,
231980645,No,200602925,Yes,No,
231980646,No,120459557,Yes,No,
231980648,No,120453608,No,No,
231980649,No,111431462,No,No,
231980650,No,120454225,Yes,No,
231980651,No,192884141,Yes,No,
232032703,Yes,232032822,No,Yes,
232041238,No,232041239,No,No,
232041239,No,232041238,No,No,
232048209,No,231946518,Yes,Yes,
232062782,No,232121174,No,No,
232121174,No,232062782,No,No,
232247117,Yes,232247188,Yes,Yes,
232247188,Yes,232247117,Yes,Yes,
232273131,No,232273562,No,No,
232441054,No,232441055,No,No,
232441055,No,232441054,No,No,
232454911,Yes,232454988,No,Yes,
232454988,No,232454911,Yes,No,
232470752,No,232471264,No,Yes,
232471264,No,232470752,No,No,
232490674,No,233575312,No,No,
232503565,Yes,232503569,No,Yes,
232503569,No,232503565,Yes,No,
232511081,No,230644173,No,No,
232542625,No,232542627,Yes,No,
232542627,Yes,232542625,No,Yes,
232609744,Yes,232609745,Yes,Yes,
232609745,Yes,232609744,Yes,Yes,
232622552,No,232622764,Yes,Yes,
232622764,Yes,232622552,No,Yes,
232796398,No,232796402,No,Yes,
232796402,No,232796398,No,No,
232796407,Yes,232818395,No,Yes,
232818395,No,232796407,Yes,No,
232818397,No,232818395,No,No,
232818398,No,232994248,Yes,Yes,
232818423,Yes,232818425,No,Yes,
232818425,No,232818423,Yes,No,
232818428,Yes,232818429,No,Yes,
232818429,No,232818428,Yes,Yes,
232879913,No,232879914,No,No,
232879914,No,232879913,No,No,
232994248,Yes,232818398,No,Yes,
233124890,No,233125379,Yes,Yes,
233125379,Yes,233124890,No,Yes,
233126019,Yes,233127437,Yes,Yes,
233126685,Yes,234283561,No,Yes,
233127437,Yes,233126019,Yes,Yes,
233224236,No,233224238,No,No,
233224238,No,233224236,No,No,
233296884,Yes,216884890,No,Yes,
233317238,Yes,233318739,No,Yes,
233385376,No,233385493,No,No,
233385493,No,233385376,No,No,
233410404,No,233410359,No,No,
233420857,Yes,233420940,Yes,Yes,
233420940,Yes,233420857,Yes,Yes,
233508471,No,233508701,No,No,
233508701,No,233508471,No,No,
233575312,No,232490674,No,No,
233585273,No,233585285,No,No,
233585285,No,233585273,No,No,
233594461,Yes,233594462,Yes,Yes,
233594462,Yes,233594461,Yes,Yes,
233594471,No,233594469,No,No,
233677683,Yes,233932962,No,Yes,
233742233,No,233742537,No,No,
233742537,No,233742233,No,No,
233793557,Yes,233793561,Yes,Yes,
233793561,Yes,233793557,Yes,Yes,
233863092,No,233863484,No,No,
233863484,No,233863092,No,No,
233878941,No,233878948,No,No,
233941946,No,233942753,No,No,
233942753,No,233941946,No,No,
233978937,Yes,233978617,No,Yes,
234044240,Yes,234044241,Yes,Yes,
234044241,Yes,234044240,Yes,Yes,
234056034,Yes,234221056,No,Yes,
234088744,Yes,252767207,No,Yes,
234102208,Yes,234102275,No,Yes,
234102275,No,234102208,Yes,Yes,
234201525,Yes,234201528,No,Yes,
234201528,No,234201525,Yes,No,
234221056,No,234056034,Yes,No,
234221733,No,234221916,Yes,No,
234221916,Yes,234221733,No,Yes,
234223527,No,234223997,No,No,
234223997,No,234223527,No,No,
234261877,Yes,234262564,No,Yes,
234262564,No,234261877,Yes,No,
234283561,No,233126685,Yes,No,
234379073,Yes,234454977,No,Yes,
234395302,No,246318914,No,No,
234395302,No,246134557,No,No,
234395302,No,243973596,No,No,
234395302,No,242086914,No,No,
234395302,No,234867078,No,No,
234395302,No,243543169,No,No,
234407746,No,234407747,No,No,
234407747,No,234407746,No,No,
234453583,No,36475613,Yes,No,
234454977,No,234379073,Yes,No,
234508627,No,234508770,Yes,No,
234508770,Yes,234508627,No,Yes,
234683410,Yes,234864733,No,Yes,
234722639,Yes,234722640,No,Yes,
234722640,No,234722639,Yes,Yes,
234771253,Yes,234771280,No,Yes,
234771280,No,234771253,Yes,No,
234789393,Yes,235401017,No,Yes,
234864733,No,234864733,No,Yes,
234867078,No,234395302,No,No,
234891354,Yes,234891410,No,Yes,
234891410,No,234891354,Yes,Yes,
234973460,No,234973502,Yes,No,
234973502,Yes,234973460,No,Yes,
235179324,No,235179725,Yes,Yes,
235179725,Yes,235179324,No,Yes,
235401017,No,234789393,Yes,No,
235516336,No,235516687,No,No,
235516687,No,235516336,No,No,
235571117,Yes,235571150,No,Yes,
235571150,No,235571117,Yes,No,
235671180,No,235671192,No,No,
235671192,No,235671180,No,No,
235671200,No,235671214,No,No,
235671214,No,235671200,No,No,
235830994,Yes,235831244,Yes,Yes,
235831244,Yes,235830994,Yes,Yes,
236045122,No,236045188,No,No,
236045188,No,236045122,No,No,
236136165,No,236136713,No,Yes,
236136713,No,236136165,No,No,
236197647,No,236198166,No,No,
236198166,No,236197647,No,No,
236361682,No,236361691,No,No,
236361691,No,236361682,No,No,
236375301,No,236375306,Yes,No,
236375306,Yes,236375301,No,Yes,
236399185,No,236398957,No,No,
236708325,No,236708165,No,No,
236810906,No,236811974,No,No,
236811974,No,236810906,No,No,
236830281,Yes,236830513,Yes,Yes,
236830513,Yes,236830281,Yes,Yes,
237037210,No,237037343,Yes,No,
237037343,Yes,237037210,No,Yes,
237049897,Yes,237049919,Yes,Yes,
237049919,Yes,237049897,Yes,Yes,
237257477,Yes,237257478,Yes,Yes,
237257478,Yes,237257477,Yes,Yes,
237358886,Yes,237358905,Yes,Yes,
237358905,Yes,237358886,Yes,Yes,
237390052,No,237390054,No,No,
237390054,No,237390052,No,No,
237463176,Yes,237464244,No,Yes,
237464244,No,237463176,Yes,No,
237560136,Yes,237560281,No,Yes,
237560281,No,237560136,Yes,No,
237609184,Yes,237609191,No,Yes,
237609191,No,237609184,Yes,Yes,
237726070,No,138981399,Yes,No,
237756959,No,237757719,No,No,
237757719,No,237756959,No,No,
237902547,No,237902724,No,No,
237902724,No,237902547,No,No,
237909807,Yes,237909805,No,Yes,
237909815,No,237909814,No,No,
237917314,Yes,238240048,Yes,Yes,
237917321,Yes,238048389,Yes,Yes,
237917322,Yes,238048251,Yes,Yes,
237981305,No,237981630,Yes,Yes,
237981630,Yes,237981305,No,Yes,
237983381,Yes,237983382,Yes,Yes,
237983382,Yes,237983381,Yes,Yes,
238009240,Yes,238009904,Yes,Yes,
238009904,Yes,238009240,Yes,Yes,
238048251,Yes,237917322,Yes,Yes,
238048389,Yes,237917321,Yes,Yes,
238199687,No,238199955,Yes,No,
238199955,Yes,238199687,No,Yes,
238240048,Yes,237917314,Yes,Yes,
238339835,No,238339877,Yes,No,
238339877,Yes,238339835,No,Yes,
238377931,No,238377825,No,No,
238510796,Yes,238577781,No,Yes,
238577463,No,238510796,Yes,Yes,
238577781,No,238510796,Yes,Yes,
238654823,Yes,240864314,No,Yes,
238665378,Yes,238665466,Yes,Yes,
238665466,Yes,238665378,Yes,Yes,
238719585,Yes,240723739,No,Yes,
238746186,No,238746264,No,No,
238746264,No,238746186,No,No,
238758590,Yes,238758744,No,Yes,
238758744,No,238758590,Yes,No,
238960184,No,238929629,No,No,
239016122,Yes,240558548,No,Yes,
239098513,No,239098514,No,No,
239098514,No,239098513,No,Yes,
239119109,Yes,239119318,No,Yes,
239119318,No,239119109,Yes,Yes,
239190025,No,239190140,No,No,
239190140,No,239190025,No,No,
239258817,No,239258818,No,No,
239258818,No,239258817,No,Yes,
239316679,No,239316683,No,No,
239316683,No,239316679,No,No,
239334120,Yes,239334121,No,Yes,
239334121,No,239334120,Yes,No,
239393752,Yes,239393754,Yes,Yes,
239393754,Yes,239393752,Yes,Yes,
239416478,Yes,239417212,Yes,Yes,
239420104,Yes,239420144,No,Yes,
239420144,No,239420104,Yes,No,
239425588,Yes,239425597,No,Yes,
239425599,Yes,239425597,No,Yes,
239425600,Yes,239425597,No,Yes,
239530298,No,239530393,No,No,
239530393,No,239530298,No,No,
239580053,No,239580054,No,Yes,
239580054,No,239580053,No,No,
239609654,Yes,239863491,No,Yes,
239701610,Yes,239701613,Yes,Yes,
239701613,Yes,239701610,Yes,Yes,
239702836,Yes,239703161,Yes,Yes,
239703161,Yes,239702836,Yes,Yes,
239763618,No,239763619,No,No,
239763619,No,239763618,No,No,
239883885,Yes,239883886,Yes,Yes,
239883886,Yes,239883885,Yes,Yes,
239888048,Yes,239888049,No,Yes,
239888049,No,239888049,No,No,
239892553,Yes,338451649,No,Yes,
239921815,Yes,239921817,No,Yes,
239921817,No,239921815,Yes,No,
239989218,Yes,239989219,No,Yes,
239989219,No,239989218,Yes,No,
239989224,No,239989225,No,No,
239989225,No,239989224,No,No,
239989230,No,239989231,No,No,
239989231,No,239989230,No,No,
240039608,Yes,240039609,No,Yes,
240039609,No,240039608,Yes,No,
240062609,No,338316962,No,Yes,
240152664,No,240152667,No,No,
240152667,No,240152664,No,No,
240193716,No,240193714,No,No,
240227300,Yes,240227367,Yes,Yes,
240227367,Yes,240227300,Yes,Yes,
240246947,Yes,240247437,Yes,Yes,
240247437,Yes,240246947,Yes,Yes,
240254760,No,249898111,No,Yes,
240344179,No,240344552,No,No,
240344552,No,240344179,No,No,
240359991,No,240359993,No,No,
240359993,No,240359991,No,No,
240462267,No,240462272,No,No,
240462269,No,240462267,No,No,
240462272,No,240462267,No,No,
240462273,No,240462267,No,No,
240462277,No,240462267,No,No,
240472703,No,240472704,No,No,
240472704,No,240472703,No,No,
240472706,No,240472703,No,No,
240509801,Yes,337417586,No,Yes,
240542289,Yes,240542495,Yes,Yes,
240542495,Yes,240542289,Yes,Yes,
240551361,Yes,240551363,No,Yes,
240551363,No,240551361,Yes,Yes,
240558548,No,239016122,Yes,Yes,
240599185,Yes,240599337,Yes,Yes,
240599337,Yes,240599185,Yes,Yes,
240606764,No,240606765,No,No,
240606765,No,240606764,No,No,
240618148,No,248474368,No,No,
240637286,No,240919750,No,No,
240723739,No,238719585,Yes,No,
240767718,Yes,241089989,No,Yes,
240775938,No,258996715,No,No,
240813156,Yes,240918446,No,Yes,
240864314,No,238654823,Yes,No,
240868017,Yes,240948895,No,Yes,
240907528,No,240907528,No,No,
240918446,No,240813156,Yes,Yes,
240919750,No,240637286,No,No,
240933696,Yes,240933765,Yes,Yes,
240933765,Yes,240933696,Yes,Yes,
240948895,No,240868017,Yes,Yes,
240958524,Yes,241126213,No,Yes,
240990319,No,240990321,No,No,
240990321,No,240990319,No,No,
241050805,Yes,299536535,Yes,Yes,
241089989,No,240767718,Yes,Yes,
241126213,No,240958524,Yes,Yes,
241189214,No,241189249,Yes,Yes,
241189249,Yes,241189214,No,Yes,
241201070,No,242196059,No,No,
241215124,Yes,241216282,No,Yes,
241216282,No,241215124,Yes,No,
241216283,No,241215124,Yes,No,
241219478,Yes,241283169,Yes,Yes,
241283169,Yes,241219478,Yes,Yes,
241300849,Yes,241301484,Yes,Yes,
241301484,Yes,241300849,Yes,Yes,
241314574,Yes,241314574,Yes,Yes,
241314622,Yes,241314574,Yes,Yes,
241380098,No,241380099,No,No,
241380099,No,241380098,No,No,
241399903,No,241400009,No,No,
241400009,No,241399903,No,No,
241513725,Yes,241514420,No,Yes,
241514420,No,241513725,Yes,No,
241515459,No,218158386,Yes,No,
241564450,No,299732233,No,No,
241577153,Yes,241788318,No,Yes,
241579347,Yes,241705342,No,Yes,
241705342,No,241579347,Yes,Yes,
241788318,No,241577153,Yes,Yes,
241972384,Yes,241972385,No,Yes,
241972385,No,241972384,Yes,Yes,
241992694,No,241992801,No,No,
241992801,No,241992694,No,No,
242086914,No,234395304,No,No,
242164378,Yes,242309142,No,Yes,
242185041,No,297800942,No,Yes,
242189743,Yes,242189745,No,Yes,
242189745,No,242189743,Yes,Yes,
242196059,No,241201070,No,No,
242292770,Yes,242292769,No,Yes,
242308040,Yes,242308041,No,Yes,
242308041,No,242308040,Yes,No,
242309142,No,242164378,Yes,No,
242336640,No,264136720,Yes,No,
242429835,No,203987423,No,Yes,
242450283,Yes,165850790,No,Yes,
242450552,Yes,165533004,No,Yes,
242462639,Yes,242462640,Yes,Yes,
242462640,Yes,242462639,Yes,Yes,
242481576,Yes,93364815,No,Yes,
242483291,No,82978838,Yes,Yes,
242493108,Yes,56815799,Yes,Yes,
242743695,No,258996619,No,No,
242840859,No,8816667,No,No,
242845507,No,8816604,No,No,
242957816,No,242957994,No,No,
242957994,No,242957816,No,Yes,
242999503,Yes,242999504,No,Yes,
242999504,No,242999503,Yes,No,
243124004,Yes,243124005,No,Yes,
243124005,No,243124004,Yes,No,
243139864,No,7351973,No,No,
243141776,No,141281387,No,No,
243145704,No,4013888,No,No,
243148026,No,3572546,No,No,
243149232,No,4207150,No,No,
243152885,No,178377499,No,No,
243155301,No,94476737,No,No,
243158022,No,50445617,No,No,
243159868,No,16271597,No,No,
243161513,No,6579590,No,No,
243180038,Yes,243180107,No,Yes,
243180107,No,243180038,Yes,Yes,
243199937,No,243191877,No,No,
243371242,No,221016471,Yes,Yes,
243472054,No,243472184,No,No,
243472184,No,243472054,No,No,
243543169,No,234395302,No,No,
243833291,Yes,243833298,No,Yes,
243833298,No,243833291,Yes,Yes,
243892134,No,243744626,No,No,
243933836,No,243933838,No,Yes,
243933838,No,243933836,No,No,
243973596,No,234395302,No,No,
244014298,No,244014299,Yes,Yes,
244014299,Yes,244014298,No,Yes,
244247317,No,244247318,No,No,
244247318,No,244247317,No,No,
244247321,Yes,244247389,No,Yes,
244247323,No,244247325,No,No,
244247325,No,244247323,No,No,
244247389,No,244247321,Yes,No,
244268104,No,244268191,No,Yes,
244268191,No,244268104,No,Yes,
244565605,No,244565845,No,No,
244565845,No,244565605,No,No,
244601643,No,244601777,Yes,No,
244601777,Yes,244601643,No,Yes,
244674685,No,244674686,No,No,
244674686,No,244674685,No,No,
244767253,No,35703936,No,Yes,
244825245,No,244825246,No,No,
244825246,No,244825245,No,No,
244825250,No,244825252,No,No,
244825252,No,244825250,No,Yes,
244942407,Yes,339197557,Yes,Yes,
244942444,Yes,339197557,Yes,Yes,
244942513,Yes,339197557,Yes,Yes,
244944740,No,339197557,Yes,No,
244946940,No,25942704,No,No,
244947651,No,25942598,No,No,
244948769,No,2660716,No,No,
244981560,Yes,244981701,No,Yes,
244981701,No,244981560,Yes,No,
244985060,Yes,244985157,No,Yes,
244985157,No,244985060,Yes,Yes,
245029196,Yes,245029197,No,Yes,
245029197,No,245029196,Yes,No,
245125174,Yes,257883990,No,Yes,
245127345,No,245196686,Yes,No,
245127737,Yes,339197557,Yes,Yes,
245136172,No,339197557,Yes,No,
245196635,No,339197557,Yes,No,
245196686,Yes,245127345,No,Yes,
245452385,Yes,245478124,No,Yes,
245465881,Yes,245465911,No,Yes,
245465911,No,245465881,Yes,No,
245478124,No,245452385,Yes,No,
245488538,Yes,245488864,No,Yes,
245488864,No,245488538,Yes,Yes,
245604818,Yes,245604833,No,Yes,
245604833,No,245604818,Yes,Yes,
245635699,No,245635840,No,No,
245635840,No,245635699,No,No,
245654841,Yes,339190540,No,Yes,
245668008,No,245668469,No,No,
245668469,No,245668008,No,No,
245732252,No,245732259,Yes,Yes,
245732259,Yes,245732252,No,Yes,
245765522,Yes,245765525,No,Yes,
245765525,No,245765522,Yes,Yes,
245774539,Yes,245807670,No,Yes,
245776329,Yes,245808924,No,Yes,
245783444,No,245785001,Yes,No,
245785001,Yes,245783444,No,Yes,
245807670,No,245774539,Yes,No,
245808924,No,245776329,Yes,No,
245838895,Yes,245839632,Yes,Yes,
245839632,Yes,245838895,Yes,Yes,
245840283,Yes,245843470,No,Yes,
245843470,No,245840283,Yes,No,
245973477,Yes,246182816,No,Yes,
245976694,Yes,245976698,No,Yes,
245976698,No,245976694,Yes,No,
245982746,No,245982965,No,No,
245982965,No,245982746,No,No,
245986837,Yes,245986852,Yes,Yes,
245986847,Yes,245986852,Yes,Yes,
245986852,Yes,245986895,Yes,Yes,
245986852,Yes,245986862,Yes,Yes,
245986852,Yes,245986847,Yes,Yes,
245986852,Yes,245986837,Yes,Yes,
245986862,Yes,245986852,Yes,Yes,
245986895,Yes,245986852,Yes,Yes,
245986982,No,245986987,Yes,No,
245986987,Yes,245986982,No,Yes,
245987004,Yes,245987005,Yes,Yes,
245987005,Yes,245987004,Yes,Yes,
245987052,No,245987053,No,No,
245987053,No,245987052,No,No,
246053523,No,248739024,No,Yes,
246134557,No,234395302,No,No,
246182816,No,245973477,Yes,Yes,
246196106,No,246196109,No,No,
246196109,No,246196106,No,Yes,
246318914,No,234395302,No,No,
246390451,Yes,246390452,Yes,Yes,
246390452,Yes,246390451,Yes,Yes,
246394562,Yes,246394619,No,Yes,
246394619,No,246394562,Yes,No,
246710186,No,247240706,No,No,
246880898,Yes,247062724,Yes,Yes,
247062724,Yes,246880898,Yes,Yes,
247199549,Yes,247199552,No,Yes,
247199552,No,247199549,Yes,Yes,
247240706,No,246710186,No,No,
247343361,Yes,247752021,No,Yes,
247395768,Yes,247395910,Yes,Yes,
247395910,Yes,247395768,Yes,Yes,
247507493,Yes,247574628,No,Yes,
247574628,No,247507493,Yes,No,
247576444,No,247576447,Yes,No,
247576447,Yes,247576444,No,Yes,
247668249,No,247668486,No,No,
247668486,No,247668249,No,Yes,
247752021,No,247343361,Yes,Yes,
247795154,No,247795237,No,Yes,
247795237,No,247795154,No,No,
247830913,No,247831124,No,No,
247831124,No,247830913,No,No,
247933877,Yes,247893915,No,Yes,
248012581,Yes,248012864,No,Yes,
248012864,No,248012581,Yes,No,
248091179,Yes,247893915,No,Yes,
248091180,Yes,247893915,No,Yes,
248299554,Yes,263120929,No,Yes,
248423324,No,248423318,No,No,
248429288,Yes,247893915,No,Yes,
248534178,Yes,248534363,Yes,Yes,
248534363,Yes,248534178,Yes,Yes,
248570093,Yes,248570071,No,Yes,
248570671,Yes,248570253,No,Yes,
248574050,Yes,248573913,No,Yes,
248619081,Yes,248619087,No,Yes,
248619087,No,248619081,Yes,No,
248648631,Yes,248648864,Yes,Yes,
248648850,Yes,248648864,Yes,Yes,
248648864,Yes,248648850,Yes,Yes,
248674133,No,248674134,Yes,Yes,
248674134,Yes,248674133,No,Yes,
248739024,No,246053523,No,Yes,
248807786,Yes,249543248,No,Yes,
248866738,Yes,248868086,No,Yes,
248868086,No,248866738,Yes,Yes,
248966452,Yes,248966455,No,Yes,
248966455,No,248966452,Yes,No,
248966456,No,248966463,Yes,No,
248966456,No,248966460,Yes,No,
248966460,Yes,248966456,No,Yes,
248966463,Yes,248966456,No,Yes,
248966465,Yes,248966456,No,Yes,
248966467,Yes,248966456,No,Yes,
248966468,Yes,248966456,No,Yes,
248969497,No,248969637,No,No,
248969637,No,248969497,No,No,
249029958,Yes,249030109,No,Yes,
249030109,No,249029958,Yes,Yes,
249224226,Yes,249224227,No,Yes,
249224227,No,249224226,Yes,No,
249265616,No,249338712,No,No,
249371018,Yes,249371019,Yes,Yes,
249371019,Yes,249371018,Yes,Yes,
249455973,Yes,249455977,Yes,Yes,
249455977,Yes,249455973,Yes,Yes,
249455987,No,249455991,Yes,Yes,
249455991,Yes,249455987,No,Yes,
249472508,Yes,249472514,No,Yes,
249472514,No,249472508,Yes,Yes,
249543248,No,248807786,Yes,No,
249561798,Yes,249561799,No,Yes,
249561799,No,249561798,Yes,Yes,
249561803,No,249561804,Yes,Yes,
249561804,Yes,249561803,No,Yes,
249580540,No,249580542,No,Yes,
249580542,No,249580540,No,Yes,
249625623,No,249684463,No,No,
249629529,Yes,249630174,No,Yes,
249630174,No,249629529,Yes,No,
249684463,No,249625623,No,No,
249692922,Yes,249693287,No,Yes,
249692941,Yes,249692943,No,Yes,
249692943,No,249692941,Yes,No,
249692962,Yes,249692963,Yes,Yes,
249692963,Yes,249692962,Yes,Yes,
249693287,No,249692922,Yes,No,
249696073,Yes,277882108,No,Yes,
249733754,Yes,337417438,No,Yes,
249758554,Yes,249758556,No,Yes,
249758556,No,249758554,Yes,No,
249834195,No,249834197,Yes,Yes,
249834197,Yes,249834195,No,Yes,
249855114,Yes,249861038,No,Yes,
249855663,Yes,249861038,No,Yes,
249861038,No,249855663,Yes,No,
249861038,No,249855114,Yes,No,
249861038,No,249861691,Yes,No,
249861038,No,249864433,Yes,No,
249861038,No,249866449,Yes,No,
249861038,No,249877251,Yes,No,
249861038,No,249879134,No,No,
249861038,No,249881582,Yes,No,
249861038,No,249881922,No,No,
249861038,No,249978886,Yes,No,
249861038,No,249979118,Yes,No,
249861038,No,250413959,No,No,
249861691,Yes,249861038,No,Yes,
249864433,Yes,249861038,No,Yes,
249866449,Yes,249861038,No,Yes,
249877251,Yes,249861038,No,Yes,
249879134,No,249861038,No,Yes,
249881582,Yes,249861038,No,Yes,
249881922,No,249861038,No,Yes,
249898111,No,240254760,No,No,
249900676,No,208490579,Yes,Yes,
249978886,Yes,249861038,No,Yes,
249979118,Yes,249861038,No,Yes,
250156987,Yes,250157056,Yes,Yes,
250157056,Yes,250156987,Yes,Yes,
250173043,Yes,250173280,Yes,Yes,
250173280,Yes,250173043,Yes,Yes,
250235945,Yes,250236216,Yes,Yes,
250236216,Yes,250235945,Yes,Yes,
250239319,No,250239320,No,No,
250239320,No,250239319,No,No,
250242313,Yes,250242314,No,Yes,
250242314,No,250242313,Yes,No,
250249682,No,250249683,No,Yes,
250249683,No,250249682,No,No,
250258999,Yes,250259000,No,Yes,
250259000,No,250258999,Yes,Yes,
250273406,No,250273407,Yes,No,
250273407,Yes,250273406,No,Yes,
250285584,Yes,250285587,No,Yes,
250285587,No,250285584,Yes,No,
250285606,No,250285608,No,No,
250285608,No,250285606,No,No,
250312915,No,250312916,No,Yes,
250312916,No,250312915,No,Yes,
250336195,Yes,246056735,No,Yes,
250400748,Yes,250400750,No,Yes,
250400750,No,250400748,Yes,No,
250413959,No,249861038,No,Yes,
250425107,No,250425761,Yes,No,
250425761,Yes,250425107,No,Yes,
250470486,Yes,250470490,Yes,Yes,
250470490,Yes,250470486,Yes,Yes,
250474616,No,250474616,No,No,
250495131,No,250516964,Yes,Yes,
250506903,Yes,277883317,No,Yes,
250511625,No,264134871,Yes,No,
250516964,Yes,250495131,No,Yes,
250593127,No,250593131,No,No,
250593131,No,250593127,No,No,
250593149,Yes,250593152,No,Yes,
250593152,No,250593149,Yes,No,
250593169,Yes,250593170,No,Yes,
250593170,No,250593169,Yes,No,
250593181,No,250593182,Yes,No,
250593182,Yes,250593181,No,Yes,
250593188,Yes,250593189,No,Yes,
250593189,No,250593188,Yes,No,
250649005,Yes,250649007,Yes,Yes,
250649007,Yes,250649005,Yes,Yes,
250685584,Yes,250685735,Yes,Yes,
250685735,Yes,250685584,Yes,Yes,
250686950,No,250686990,No,No,
250686990,No,250686950,No,Yes,
250687006,No,250685584,Yes,Yes,
250688418,No,250688661,No,No,
250688661,No,250688418,No,No,
250699970,No,250699972,No,Yes,
250699972,No,250699979,No,No,
250699972,No,250699970,No,No,
250699979,No,250699972,No,Yes,
250712878,Yes,250712880,Yes,Yes,
250712880,Yes,250712878,Yes,Yes,
250724659,No,250724660,No,No,
250724660,No,250724659,No,No,
250824495,Yes,250824582,Yes,Yes,
250824582,Yes,250824495,Yes,Yes,
250839973,Yes,250839974,No,Yes,
250839974,No,250839973,Yes,No,
250956760,Yes,250956763,Yes,Yes,
250956763,Yes,250956760,Yes,Yes,
251015980,No,251015981,No,No,
251015981,No,251015980,No,No,
251019669,No,251019670,No,No,
251019670,No,251019669,No,No,
251042840,No,251042878,No,No,
251042878,No,251042840,No,No,
251072047,Yes,251072156,Yes,Yes,
251072156,Yes,251072047,Yes,Yes,
251110877,No,251110878,No,No,
251125456,No,251808999,No,No,
251139342,Yes,277884539,No,Yes,
251142511,Yes,251142512,No,Yes,
251142512,No,251142511,Yes,No,
251144592,Yes,251144593,No,Yes,
251144593,No,251144592,Yes,No,
251144594,Yes,251144596,No,Yes,
251144596,No,251144594,Yes,No,
251157292,No,251157329,No,No,
251157329,No,251157292,No,No,
251158190,No,251158452,No,No,
251158452,No,251158190,No,No,
251159101,No,251159127,Yes,No,
251159127,Yes,251159101,No,Yes,
251234058,Yes,249080127,No,Yes,
251464135,No,251464136,Yes,No,
251464136,Yes,251464135,No,Yes,
251464589,No,251464136,Yes,No,
251498307,Yes,251498308,No,Yes,
251498308,No,251498307,Yes,No,
251498308,No,251498310,Yes,No,
251498310,Yes,251498308,No,Yes,
251498320,Yes,251498321,No,Yes,
251498321,No,251498320,Yes,Yes,
251506442,Yes,251506443,No,Yes,
251506443,No,251506442,Yes,No,
251518744,Yes,251518745,No,Yes,
251518745,No,251518744,Yes,No,
251519658,No,251519659,No,No,
251519659,No,251519658,No,No,
251530801,Yes,251535249,Yes,Yes,
251535249,Yes,251530801,Yes,Yes,
251535249,Yes,251536691,Yes,Yes,
251536691,Yes,251535249,Yes,Yes,
251558054,No,51290165,Yes,Yes,
251595156,No,251595210,Yes,No,
251595210,Yes,251595156,No,Yes,
251615230,Yes,251616052,No,Yes,
251616052,No,251615230,Yes,No,
251720341,No,251720342,No,No,
251723764,Yes,251723768,No,Yes,
251723768,No,251723764,Yes,No,
251801799,Yes,251801945,No,Yes,
251801945,No,251801799,Yes,No,
251802590,No,251802590,No,Yes,
251808998,Yes,251808999,No,Yes,
251809002,Yes,251808999,No,Yes,
251809005,No,251808999,No,No,
251824930,No,251824932,No,No,
251824932,No,251824930,No,Yes,
251831241,Yes,251831243,No,Yes,
251831243,No,251831241,Yes,Yes,
251923782,No,251923858,Yes,Yes,
251923858,Yes,251923782,No,Yes,
251929462,Yes,254108994,No,Yes,
251943395,Yes,251943396,No,Yes,
251943396,No,251943395,Yes,No,
251964032,No,251964161,No,No,
251964161,No,251964032,No,No,
251977904,No,251802590,No,No,
252148156,Yes,252148157,No,Yes,
252148157,No,252148156,Yes,No,
252167760,Yes,252167975,No,Yes,
252213215,No,219808613,Yes,Yes,
252293546,Yes,252293547,No,Yes,
252293547,No,252293546,Yes,No,
252293569,No,252293574,No,No,
252293574,No,252293569,No,No,
252303163,Yes,252303165,No,Yes,
252303165,No,252303163,Yes,Yes,
252403807,Yes,252403808,Yes,Yes,
252403808,Yes,252403807,Yes,Yes,
252429001,No,252429002,No,No,
252429002,No,252429001,No,No,
252526144,Yes,252526145,Yes,Yes,
252526145,Yes,252526144,Yes,Yes,
252594283,Yes,252594285,Yes,Yes,
252594285,Yes,252594283,Yes,Yes,
252623509,Yes,252623512,Yes,Yes,
252623512,Yes,252623509,Yes,Yes,
252646022,Yes,252646291,Yes,Yes,
252646291,Yes,252646022,Yes,Yes,
252657161,No,252657163,Yes,Yes,
252657163,Yes,252657161,No,Yes,
252674469,Yes,252674471,No,Yes,
252674471,No,252674469,Yes,No,
252748383,Yes,252748386,No,Yes,
252748386,No,252748383,Yes,Yes,
252843094,Yes,252843096,Yes,Yes,
252843096,Yes,252843094,Yes,Yes,
252852570,Yes,252852571,Yes,Yes,
252852571,Yes,252852570,Yes,Yes,
252852581,No,252852582,Yes,No,
252852582,Yes,252852581,No,Yes,
252861255,No,252861256,No,No,
252861256,No,252861255,No,No,
252861302,No,252861304,No,No,
252861304,No,252861302,No,No,
252861324,No,252861325,Yes,No,
252861325,Yes,252861324,No,Yes,
252861330,Yes,252861331,No,Yes,
252861331,No,252861330,Yes,No,
252962175,No,252962469,No,No,
252962469,No,252962175,No,No,
253120743,No,253509599,No,Yes,
253187877,No,253187878,No,No,
253187878,No,253187877,No,No,
253187882,Yes,253187884,No,Yes,
253187882,Yes,253187903,No,Yes,
253187882,Yes,253187892,Yes,Yes,
253187884,No,253187882,Yes,No,
253187892,Yes,253187882,Yes,Yes,
253187903,No,253187882,Yes,Yes,
253298957,No,224793237,Yes,No,
253306783,Yes,253306785,No,Yes,
253306785,No,253306783,Yes,No,
253306789,No,253306786,No,No,
253306811,Yes,253306813,Yes,Yes,
253306813,Yes,253306811,Yes,Yes,
253306813,Yes,253306814,No,Yes,
253306813,Yes,253306817,Yes,Yes,
253306813,Yes,253306819,Yes,Yes,
253306814,No,253306813,Yes,Yes,
253306815,No,253306816,No,No,
253306816,No,253306815,No,No,
253306817,Yes,253306813,Yes,Yes,
253306819,Yes,253306813,Yes,Yes,
253306855,No,253306858,No,No,
253306858,No,253306855,No,No,
253386840,No,253386841,No,No,
253386841,No,253386840,No,Yes,
253387751,No,253387752,No,No,
253387752,No,253387751,No,No,
253390392,No,253390393,No,No,
253390393,No,253390392,No,No,
253403245,No,253403247,No,No,
253403247,No,253403245,No,Yes,
253410810,No,253410811,No,No,
253410811,No,253410810,No,No,
253410816,No,253410817,No,No,
253410817,No,253410816,No,No,
253411072,No,253411073,No,No,
253411073,No,253411072,No,No,
253424845,No,253424846,Yes,No,
253424846,Yes,253424845,No,Yes,
253478221,Yes,253478770,No,Yes,
253500954,No,253504877,No,No,
253501469,No,253504877,No,No,
253501575,Yes,253504877,No,Yes,
253504877,No,253500954,No,Yes,
253504877,No,253501469,No,Yes,
253504877,No,253501575,Yes,Yes,
253508113,No,253508114,No,Yes,
253508114,No,253508113,No,No,
253509599,No,253120743,No,No,
253595433,No,253595434,Yes,No,
253595434,Yes,253595433,No,Yes,
253598359,No,253598360,No,No,
253598360,No,253598359,No,No,
253603145,No,253603146,No,No,
253635237,Yes,253635240,No,Yes,
253635240,No,253635237,Yes,No,
253635271,Yes,253635279,No,Yes,
253635279,No,253635271,Yes,No,
253635288,Yes,253635294,No,Yes,
253635294,No,253635288,Yes,No,
253635296,Yes,253635297,No,Yes,
253635297,No,253635296,Yes,No,
253635321,Yes,253637757,No,Yes,
253637757,No,253635321,Yes,No,
253692618,No,253692619,Yes,Yes,
253692619,Yes,253692618,No,Yes,
253806629,No,27139016,No,No,
253845621,No,294086095,Yes,No,
253857555,No,253857557,No,No,
253857557,No,253857555,No,Yes,
253858094,No,253857229,No,No,
253860031,No,253860036,No,No,
253860034,No,253860035,No,No,
253860035,No,253860034,No,No,
253860036,No,253860031,No,No,
253893846,No,253893849,No,Yes,
253893847,No,253893848,No,Yes,
253893848,No,253893847,No,No,
253893849,No,253893846,No,Yes,
253904241,Yes,253904242,No,Yes,
253904242,No,253904241,Yes,No,
254018977,No,254047678,No,Yes,
254108994,No,251929462,Yes,Yes,
254153553,No,254153552,No,No,
254161236,No,254161237,No,No,
254161237,No,254161236,No,No,
254200867,Yes,254200869,Yes,Yes,
254200869,Yes,254200867,Yes,Yes,
254228092,No,254228093,No,No,
254230254,Yes,254230369,No,Yes,
254230369,No,254230254,Yes,No,
254252878,No,254253124,No,Yes,
254253124,No,254252878,No,No,
254289633,No,254289638,No,No,
254289638,No,254289633,No,Yes,
254296679,No,254296680,No,No,
254296680,No,254296679,No,No,
254313656,No,254318454,No,No,
254318454,No,254313656,No,No,
254323445,Yes,255613290,No,Yes,
254327646,Yes,254328623,Yes,Yes,
254328623,Yes,254327646,Yes,Yes,
254328773,No,254328775,No,No,
254328775,No,254328773,No,No,
254357078,No,254357079,No,No,
254357079,No,254357078,No,Yes,
254401163,Yes,254421702,No,Yes,
254421702,No,254401163,Yes,No,
254439831,Yes,254439832,No,Yes,
254439832,No,254439831,Yes,No,
254453746,Yes,15062351,Yes,Yes,
254685680,Yes,254685711,Yes,Yes,
254685711,Yes,254685680,Yes,Yes,
254732478,Yes,254740598,No,Yes,
254883007,Yes,254883058,No,Yes,
254883058,No,254883007,Yes,No,
254893494,No,231555134,No,No,
255138322,No,255138324,No,No,
255138324,No,255138322,No,No,
255244228,No,255244227,No,No,
255301525,No,255301527,No,No,
255301527,No,255301525,No,No,
255303041,No,255303042,Yes,Yes,
255303042,Yes,255303041,No,Yes,
255381547,No,255381539,No,No,
255467944,No,217618737,No,No,
255520710,No,255520737,No,No,
255520737,No,255520710,No,No,
255539822,Yes,255539823,Yes,Yes,
255539823,Yes,255539822,Yes,Yes,
255555077,No,255556641,No,No,
255556641,No,255555077,No,No,
255560408,No,255560409,Yes,No,
255560409,Yes,255560408,No,Yes,
255562660,No,255564582,No,No,
255564582,No,255562660,No,No,
255596380,Yes,255596430,Yes,Yes,
255596430,Yes,255596380,Yes,Yes,
255613290,No,254323445,Yes,No,
255849594,No,255849596,No,No,
255849595,No,255849594,No,No,
255849596,No,255849594,No,No,
255849614,No,255849616,No,No,
255849616,No,255849614,No,No,
255849618,No,255849614,No,No,
255875067,No,255875087,No,No,
255875071,No,255875088,No,No,
255875072,No,255875090,No,No,
255875080,No,255875091,No,No,
255875087,No,255875067,No,No,
255875088,No,255875071,No,No,
255875090,No,255875072,No,No,
255875091,No,255875080,No,No,
255907993,No,255907758,No,No,
255916916,Yes,255917007,No,Yes,
255917007,No,255916916,Yes,Yes,
255927747,No,258996518,No,No,
255935589,Yes,255936117,Yes,Yes,
255936117,Yes,255935589,Yes,Yes,
255980743,Yes,255982801,Yes,Yes,
255982801,Yes,255980743,Yes,Yes,
256022698,Yes,256022699,No,Yes,
256022699,No,256022698,Yes,Yes,
256133232,No,256133239,Yes,No,
256133235,No,256133239,Yes,No,
256133239,Yes,256133235,No,Yes,
256133614,Yes,256133615,Yes,Yes,
256133615,Yes,256133614,Yes,Yes,
256154467,Yes,256154525,No,Yes,
256154525,No,256154467,Yes,Yes,
256155553,Yes,256155556,No,Yes,
256155556,No,256155553,Yes,No,
256160005,Yes,256160006,No,Yes,
256160006,No,256160005,Yes,No,
256240682,No,256240707,No,No,
256240707,No,256240682,No,No,
256259367,No,256259369,No,No,
256259369,No,256259367,No,Yes,
256273858,No,256273863,No,No,
256273863,No,256273858,No,No,
256373557,No,256373559,No,No,
256373559,No,256373557,No,No,
256419669,Yes,256419671,No,Yes,
256419671,No,256419669,Yes,No,
256427245,Yes,256463606,No,Yes,
256463606,No,256427245,Yes,Yes,
256479597,Yes,256479598,No,Yes,
256479598,No,256479597,Yes,No,
256505294,Yes,256505443,No,Yes,
256505443,No,256505294,Yes,Yes,
256570916,No,256570931,No,No,
256570926,No,256570932,No,No,
256570931,No,256570916,No,No,
256570932,No,256570926,No,No,
256576795,Yes,256576797,No,Yes,
256577171,Yes,256576803,No,Yes,
256624128,Yes,257710177,No,Yes,
256649712,No,256649710,No,Yes,
256658857,No,256658860,No,No,
256659880,Yes,256659881,No,Yes,
256690105,Yes,256690108,No,Yes,
256690108,No,256690105,Yes,Yes,
256778364,Yes,256778365,No,Yes,
256778366,No,256778365,No,No,
256780793,No,234627807,No,No,
256904021,No,256904023,Yes,No,
256904023,Yes,256904021,No,Yes,
256927131,No,256927195,No,Yes,
256927195,No,256927131,No,Yes,
256949536,Yes,277885660,No,Yes,
256952685,No,256952687,No,No,
256952687,No,256952685,No,No,
257027850,No,257027851,Yes,No,
257027851,Yes,257027850,No,Yes,
257099817,No,256780793,No,Yes,
257198828,Yes,257262558,No,Yes,
257262558,No,257198828,Yes,Yes,
257266899,Yes,257267413,No,Yes,
257267413,No,257266899,Yes,No,
257353216,Yes,257353217,No,Yes,
257353217,No,257353216,Yes,No,
257386036,No,257476932,Yes,Yes,
257461933,No,257840909,No,Yes,
257476932,Yes,257386036,No,Yes,
257605224,Yes,257634615,No,Yes,
257634615,No,257605224,Yes,Yes,
257635212,Yes,257635239,No,Yes,
257635239,No,257635212,Yes,No,
257663612,No,257663845,No,No,
257663845,No,257663612,No,No,
257687402,Yes,257687403,No,Yes,
257687403,No,257687402,Yes,Yes,
257710177,No,256624128,Yes,No,
257840909,No,257461933,No,Yes,
257883990,No,245125174,Yes,No,
257895121,Yes,258038107,No,Yes,
258028151,No,28545358,Yes,No,
258038107,No,258038107,No,No,
258073127,Yes,258126659,No,Yes,
258126659,No,258073127,Yes,No,
258151437,No,258151521,No,Yes,
258151521,No,258151437,No,Yes,
258283127,Yes,258283314,No,Yes,
258283314,No,258283127,Yes,No,
258320811,No,258320812,No,No,
258320812,No,258320811,No,No,
258373872,Yes,258374241,No,Yes,
258374241,No,258373872,Yes,No,
258426897,Yes,258426998,No,Yes,
258426998,No,258426897,Yes,No,
258565211,No,258565246,No,No,
258565246,No,258565211,No,No,
258568965,No,258740184,No,Yes,
258611666,Yes,166752859,Yes,Yes,
258638554,No,258810469,No,No,
258740184,No,258568965,No,No,
258741072,No,258741197,No,No,
258741197,No,258741072,No,No,
258798429,No,261149761,No,No,
258798560,No,261149359,No,No,
258798571,No,258801673,No,Yes,
258801673,No,258798571,No,No,
258810469,No,258638554,No,No,
258810753,No,258811243,No,No,
258811243,No,258810753,No,Yes,
258896289,No,258996057,No,No,
258942498,Yes,258969355,No,Yes,
258969355,No,258942498,Yes,Yes,
258995454,No,198340370,No,No,
258996057,No,258896289,No,No,
258996518,No,255927747,No,No,
258996619,No,242743695,No,No,
258996715,No,240775938,No,No,
259015213,No,259015247,No,No,
259015247,No,259015213,No,No,
259061448,No,259061639,No,No,
259061639,No,259061448,No,No,
259095294,Yes,259095295,No,Yes,
259095295,No,259095294,Yes,No,
259104399,No,259104662,Yes,Yes,
259104662,Yes,259104399,No,Yes,
259164636,No,259433632,No,No,
259274626,Yes,259274625,No,Yes,
259284434,No,259284440,No,No,
259284440,No,259284434,No,No,
259298144,No,259298145,Yes,Yes,
259298145,Yes,259298144,No,Yes,
259433632,No,259164636,No,No,
259450730,Yes,259450732,No,Yes,
259691087,No,259684586,No,No,
259696091,No,259696092,No,No,
259696092,No,259696091,No,Yes,
259698225,No,259698297,No,No,
259698297,No,259698225,No,No,
259827808,No,269977739,No,No,
259929274,Yes,259929332,No,Yes,
259929332,No,259929274,Yes,No,
260010324,No,260011388,Yes,No,
260011388,Yes,260010324,No,Yes,
260087355,No,260183306,No,No,
260183306,No,260087355,No,No,
260195669,Yes,260195670,Yes,Yes,
260195670,Yes,260195669,Yes,Yes,
260195676,Yes,260195677,Yes,Yes,
260195677,Yes,260195676,Yes,Yes,
260288355,Yes,260289878,Yes,Yes,
260289878,Yes,260288355,Yes,Yes,
260330037,Yes,337104441,No,Yes,
260391896,Yes,260392447,No,Yes,
260392447,No,260391896,Yes,Yes,
260425536,No,260430185,No,No,
260430185,No,260425536,No,No,
260436866,Yes,260436867,No,Yes,
260436867,No,260436866,Yes,Yes,
260472881,No,260472986,No,No,
260472986,No,260472881,No,No,
260478382,Yes,260478383,Yes,Yes,
260478383,Yes,260478382,Yes,Yes,
260489987,Yes,260490027,Yes,Yes,
260490027,Yes,260489987,Yes,Yes,
260561767,Yes,260561769,No,Yes,
260561769,No,260561767,Yes,No,
260586350,No,260586526,No,No,
260586526,No,260586350,No,No,
260628596,No,260628598,No,No,
260656768,Yes,260656771,Yes,Yes,
260656771,Yes,260656768,Yes,Yes,
260778503,No,260778505,Yes,No,
260778505,Yes,260778503,No,Yes,
260780600,Yes,260780601,No,Yes,
260780601,No,260780600,Yes,No,
260790560,No,111824170,No,No,
260791582,No,264132948,No,No,
260916543,No,261147328,No,No,
261082521,Yes,261082665,No,Yes,
261082665,No,261082521,Yes,Yes,
261147328,No,260916543,No,No,
261149359,No,258798560,No,No,
261149761,No,258798429,No,No,
261220895,No,112257906,Yes,No,
261237176,No,261237174,No,No,
261314998,No,51940859,Yes,No,
261319830,Yes,261319832,No,Yes,
261319832,No,261319830,Yes,Yes,
261378318,No,261386805,No,No,
261386805,No,261378318,No,No,
261446359,No,261446387,No,No,
261446387,No,261446359,No,No,
261465360,Yes,261465452,Yes,Yes,
261465452,Yes,261465360,Yes,Yes,
261536945,No,261536966,No,No,
261536966,No,261536945,No,No,
261633145,No,120523222,No,Yes,
261666004,Yes,261666243,No,Yes,
261666243,No,261666004,Yes,Yes,
261666403,Yes,261666404,No,Yes,
261666404,No,261666403,Yes,No,
261667564,No,261667565,No,Yes,
261667565,No,261667564,No,No,
261794670,Yes,261794672,Yes,Yes,
261794672,Yes,261794670,Yes,Yes,
261853341,Yes,180947691,Yes,Yes,
262109822,Yes,262109823,Yes,Yes,
262109823,Yes,262109822,Yes,Yes,
262121936,No,262124106,Yes,No,
262124106,Yes,262121936,No,Yes,
262145496,No,93096624,Yes,No,
262219771,Yes,262219773,Yes,Yes,
262219773,Yes,262219771,Yes,Yes,
262397677,No,262397742,No,No,
262519333,Yes,262520602,Yes,Yes,
262520602,Yes,262519333,Yes,Yes,
262695571,No,262695662,No,No,
262695662,No,262695571,No,No,
262845437,No,262846845,No,No,
262846845,No,262845437,No,Yes,
263076809,Yes,263076808,No,Yes,
263116577,Yes,263116578,No,Yes,
263116578,No,263116577,Yes,No,
263120929,No,248299554,Yes,Yes,
263127524,No,263127525,No,No,
263127525,No,263127524,No,No,
263222178,No,103598981,Yes,No,
263340434,No,263340435,No,No,
263340435,No,263340434,No,No,
263371586,Yes,263371587,No,Yes,
263408085,Yes,263417234,No,Yes,
263417234,No,263408085,Yes,No,
263419413,No,263512750,No,No,
263423395,Yes,263423396,No,Yes,
263448206,Yes,263448730,No,Yes,
263448730,No,263448206,Yes,No,
263512750,No,263419413,No,No,
263597887,Yes,263597890,No,Yes,
263597890,No,263597887,Yes,No,
263597920,No,263597928,No,No,
263597928,No,263597920,No,No,
263606880,Yes,263606881,No,Yes,
263606881,No,263606880,Yes,Yes,
263611362,Yes,263611370,Yes,Yes,
263611370,Yes,263611362,Yes,Yes,
263800961,Yes,263801150,No,Yes,
263821847,No,263821851,No,No,
263821848,No,263821852,No,No,
263821851,No,263821847,No,No,
263821852,No,263821848,No,No,
263836666,Yes,263836667,No,Yes,
263836667,No,263836666,Yes,Yes,
263836668,No,263836670,Yes,Yes,
263836670,Yes,263836668,No,Yes,
263912805,No,263912807,No,No,
263912807,No,263912805,No,No,
263973520,Yes,230708732,Yes,Yes,
264023763,Yes,264023762,No,Yes,
264032678,Yes,227830474,No,Yes,
264037907,Yes,228137718,No,Yes,
264049389,No,264733769,No,Yes,
264132948,No,260791582,No,Yes,
264134871,Yes,250511625,No,Yes,
264136720,Yes,242336640,No,Yes,
264159661,Yes,335403774,No,Yes,
264159661,Yes,264159662,No,Yes,
264159662,No,264159661,Yes,No,
264348402,No,155506374,Yes,No,
264448800,Yes,264452650,Yes,Yes,
264452425,Yes,264452428,Yes,Yes,
264452428,Yes,264452425,Yes,Yes,
264452650,Yes,264448800,Yes,Yes,
264454251,Yes,264454333,No,Yes,
264454333,No,264454251,Yes,No,
264457541,Yes,264457542,Yes,Yes,
264457542,Yes,264457541,Yes,Yes,
264489112,No,264489113,Yes,No,
264489113,Yes,264489112,No,Yes,
264512547,No,264512553,No,Yes,
264512547,No,264512551,No,Yes,
264512551,No,264512547,No,No,
264512553,No,264512547,No,No,
264547571,No,264547574,No,No,
264547574,No,264547571,No,No,
264601860,No,264601862,Yes,No,
264601862,Yes,264601860,No,Yes,
264643630,Yes,264644051,No,Yes,
264644051,No,264643630,Yes,No,
264727209,No,264728534,No,No,
264728534,No,264727209,No,No,
264739353,No,264739358,No,No,
264739358,No,264739353,No,No,
264754608,Yes,264754610,No,Yes,
264754610,No,264754608,Yes,No,
264818924,No,264818924,No,No,
264818925,No,264818924,No,No,
264818926,No,264818928,No,No,
264818927,No,264818931,No,No,
264818928,No,264818926,No,No,
264818931,No,264818927,No,No,
264824270,No,264824272,Yes,No,
264824272,Yes,264824270,No,Yes,
264824290,No,264824296,Yes,Yes,
264824296,Yes,264824290,No,Yes,
264827246,No,264835437,No,No,
264835437,No,264827246,No,No,
264837846,No,264838011,No,No,
264838011,No,264837846,No,No,
264855973,Yes,264855974,Yes,Yes,
264855974,Yes,264855973,Yes,Yes,
264862618,Yes,264862705,No,Yes,
264862705,No,264862618,Yes,No,
264986976,Yes,264989597,No,Yes,
264989597,No,264991416,Yes,Yes,
264991416,Yes,264989597,No,Yes,
264993323,No,264994008,Yes,Yes,
264994008,Yes,264993323,No,Yes,
265014941,No,265014942,No,No,
265014942,No,265014941,No,No,
265019110,Yes,265019129,No,Yes,
265019129,No,265019110,Yes,No,
265042031,Yes,218819285,Yes,Yes,
265044037,No,265044095,Yes,No,
265044095,Yes,265044037,No,Yes,
265072062,No,265072932,No,No,
265072932,No,265072062,No,No,
265135322,No,265135332,No,No,
265135332,No,265135322,No,No,
265170850,Yes,265215473,No,Yes,
265215473,No,265170850,Yes,No,
265251106,No,265251207,No,No,
265251207,No,265251106,No,No,
265252557,No,265252780,No,No,
265252780,No,265252557,No,No,
265252903,No,265252963,No,No,
265252963,No,265252903,No,No,
265253084,No,265253174,No,No,
265253174,No,265253084,No,No,
265296422,No,265296423,No,No,
265296423,No,265296422,No,No,
265333748,Yes,265334535,No,Yes,
265333749,Yes,265335315,No,Yes,
265409016,No,265425619,No,Yes,
265425619,No,265409016,No,Yes,
265473700,No,265473815,No,No,
265473815,No,265473700,No,No,
265566919,No,265566924,No,No,
265566924,No,265566919,No,No,
265572775,No,265572783,No,No,
265572783,No,265572775,No,No,
265572796,No,265572801,No,No,
265572801,No,265572796,No,No,
265572845,No,265572849,Yes,No,
265572849,Yes,265572845,No,Yes,
265606031,No,265606034,No,No,
265640336,No,265640398,No,No,
265640398,No,265640336,No,No,
265640753,No,265640755,Yes,No,
265640755,Yes,265640753,No,Yes,
265640761,No,265640762,No,No,
265640762,No,265640761,No,No,
265692058,No,265692179,No,No,
265692179,No,265692058,No,No,
265788502,Yes,265788621,No,Yes,
265788621,No,265788502,Yes,No,
265901687,No,265901689,No,No,
265901689,No,265901687,No,No,
265907309,Yes,265908964,No,Yes,
265908964,No,265907309,Yes,No,
265942682,Yes,265942684,No,Yes,
265942684,No,265942682,Yes,No,
265944589,Yes,71008467,No,Yes,
265968105,No,265968694,No,No,
265968694,No,265968105,No,No,
265969713,Yes,265969798,Yes,Yes,
265969798,Yes,265969713,Yes,Yes,
265992399,Yes,265993274,Yes,Yes,
265993274,Yes,265994402,Yes,Yes,
265994402,Yes,265993274,Yes,Yes,
266053658,No,266053659,No,No,
266053659,No,266053658,No,No,
266155695,Yes,266155697,Yes,Yes,
266155697,Yes,266155695,Yes,Yes,
266255361,Yes,166444813,No,Yes,
266299444,Yes,266299517,No,Yes,
266299517,No,266299444,Yes,No,
266300309,Yes,266300372,No,Yes,
266300372,No,266300309,Yes,No,
266394690,No,266394900,No,No,
266394900,No,266394690,No,No,
266402537,No,225126386,Yes,No,
266403002,No,225126380,No,No,
266451191,Yes,266453070,No,Yes,
266453070,No,266451191,Yes,Yes,
266669394,No,266735861,No,No,
266676681,No,266680161,No,No,
266680161,No,266676681,No,No,
266735861,No,266669394,No,No,
266744625,No,266744691,No,Yes,
266744691,No,266744625,No,Yes,
266759729,No,266759730,Yes,No,
266759730,Yes,266759729,No,Yes,
266826856,Yes,266827030,No,Yes,
266827030,No,266826856,Yes,Yes,
266963175,Yes,266963317,No,Yes,
266963317,No,266963175,Yes,No,
266984975,Yes,278154399,Yes,Yes,
266984984,No,278159015,No,Yes,
266994503,No,266994508,No,No,
266994508,No,266994503,No,Yes,
266997705,No,266997708,No,No,
266997706,No,266997709,Yes,No,
266997708,No,266997705,No,No,
266997709,Yes,266997706,No,Yes,
267097236,No,222851361,No,No,
267097867,No,222851209,No,Yes,
267100165,Yes,222066000,Yes,Yes,
267101192,Yes,222065888,Yes,Yes,
267102043,No,219810283,Yes,No,
267102689,No,219807965,Yes,No,
267284174,No,267284179,No,No,
267284179,No,267284174,No,No,
267284182,No,267284183,No,No,
267284183,No,267284182,No,No,
267401794,Yes,267401795,No,Yes,
267401795,No,267401794,Yes,No,
267447093,No,267447095,No,No,
267447095,No,267447093,No,No,
267458982,No,267458985,No,No,
267458983,No,267458985,No,No,
267458985,No,267458983,No,No,
267458995,No,267458996,No,No,
267458996,No,267458995,No,No,
267603132,Yes,267603170,Yes,Yes,
267603170,Yes,267603132,Yes,Yes,
267639591,Yes,267639594,No,Yes,
267639594,No,267639591,Yes,No,
267745851,No,267745852,No,No,
267745852,No,267745858,Yes,Yes,
267745852,No,267745851,No,Yes,
267745858,Yes,267745852,No,Yes,
267792863,Yes,267792865,No,Yes,
267792865,No,267792863,Yes,No,
267869875,Yes,267872596,Yes,Yes,
267872596,Yes,267869875,Yes,Yes,
267872596,Yes,269442537,No,Yes,
267872596,Yes,269622087,No,Yes,
267883783,No,267883790,Yes,No,
267883790,Yes,267883783,No,Yes,
267904798,No,267904802,No,No,
267904802,No,267904798,No,No,
267912176,Yes,267912950,No,Yes,
267912950,No,267912176,Yes,No,
267961237,Yes,320473686,No,Yes,
267970253,Yes,172569457,Yes,Yes,
267971456,No,166394685,No,No,
267973364,No,169196377,Yes,No,
267974192,No,169196153,Yes,Yes,
268008826,No,268008827,Yes,No,
268008827,Yes,268008826,No,Yes,
268129355,No,155497645,Yes,No,
268129698,No,155497436,Yes,No,
268130774,No,135389098,Yes,No,
268132921,Yes,129442954,Yes,Yes,
268133352,Yes,129442826,No,Yes,
268134459,Yes,129419628,Yes,Yes,
268135388,Yes,129190181,Yes,Yes,
268136064,Yes,128502932,Yes,Yes,
268137247,No,126981675,No,Yes,
268137941,Yes,128501807,Yes,Yes,
268138338,Yes,126981081,No,Yes,
268139255,Yes,126980735,No,Yes,
268139772,No,126980643,Yes,No,
268164183,No,268164482,Yes,No,
268164482,Yes,268164183,No,Yes,
268301830,No,268301831,Yes,Yes,
268301831,Yes,268301830,No,Yes,
268665319,No,268665320,Yes,No,
268665320,Yes,268665319,No,Yes,
268744015,No,268744561,No,No,
268744561,No,268744015,No,No,
268905187,Yes,268905190,No,Yes,
268905190,No,268905187,Yes,No,
268922454,Yes,268923593,No,Yes,
268923593,No,268922454,Yes,No,
268994456,Yes,268994680,No,Yes,
268994680,No,268994456,Yes,Yes,
269034089,No,269132986,No,Yes,
269080618,Yes,269080621,Yes,Yes,
269080621,Yes,269080618,Yes,Yes,
269132986,No,269034089,No,No,
269181804,No,269208192,No,No,
269208192,No,269181804,No,No,
269275291,No,269275307,Yes,Yes,
269275307,Yes,269275291,No,Yes,
269385256,No,269387620,No,Yes,
269385337,No,269387620,No,Yes,
269387620,No,269385256,No,No,
269395427,No,269396131,No,No,
269396131,No,269395427,No,No,
269416125,Yes,269416129,No,Yes,
269442537,No,267872596,Yes,Yes,
269489526,No,269559919,Yes,No,
269537786,No,269537930,Yes,No,
269537930,Yes,269537786,No,Yes,
269559919,Yes,269489526,No,Yes,
269622087,No,267872596,Yes,Yes,
269674154,Yes,269674289,No,Yes,
269674289,No,269674154,Yes,No,
269718604,No,269718605,No,No,
269718605,No,269718604,No,No,
269731343,Yes,269731345,No,Yes,
269731345,No,269731343,Yes,No,
269731494,No,269731499,No,No,
269731496,No,269731520,No,No,
269731499,No,269731519,No,No,
269731514,No,269731515,No,No,
269731515,No,269731514,No,No,
269731518,No,269731494,No,No,
269731519,No,269731499,No,No,
269731520,No,269731496,No,No,
269788022,Yes,269788023,No,Yes,
269788023,No,269788022,Yes,No,
269893239,Yes,269893250,Yes,Yes,
269893250,Yes,269893239,Yes,Yes,
269898183,No,269898560,No,No,
269898560,No,269898183,No,No,
269903103,Yes,269904130,Yes,Yes,
269904130,Yes,269903103,Yes,Yes,
269943363,No,269943387,No,Yes,
269943387,No,269943363,No,No,
269977739,No,269992928,No,No,
269992928,No,269977739,No,No,
269995425,No,269995614,No,No,
269995614,No,269995425,No,No,
270176633,No,270177769,Yes,Yes,
270177769,Yes,270176633,No,Yes,
270313313,Yes,270313319,No,Yes,
270313319,No,270313313,Yes,No,
270527076,No,270540046,No,No,
270540046,No,270527076,No,No,
270549182,No,270549232,Yes,Yes,
270549232,Yes,270549182,No,Yes,
270571356,No,270571357,No,No,
270571357,No,270571356,No,No,
270589514,Yes,270589515,No,Yes,
270589515,No,270589514,Yes,No,
270770046,No,270770076,Yes,No,
270770076,Yes,270770046,No,Yes,
270794638,Yes,270620756,No,Yes,
270797273,No,270797282,No,Yes,
270797282,No,270797273,No,Yes,
270800757,Yes,270801159,Yes,Yes,
270801159,Yes,270800757,Yes,Yes,
270851492,Yes,270851493,Yes,Yes,
270851493,Yes,270851492,Yes,Yes,
270933734,No,270937520,No,Yes,
270937520,No,270933734,No,No,
270983252,No,270983424,Yes,Yes,
270983424,Yes,270983252,No,Yes,
270999801,Yes,271000259,No,Yes,
271000259,No,270999801,Yes,No,
271307470,No,271307473,Yes,No,
271307473,Yes,271307470,No,Yes,
271370776,Yes,271371273,No,Yes,
271371273,No,271370776,Yes,No,
271525092,Yes,271525580,No,Yes,
271525580,No,271525092,Yes,No,
271534947,No,271535056,Yes,No,
271535056,Yes,271534947,No,Yes,
271636752,Yes,271636780,No,Yes,
271636780,No,271636752,Yes,Yes,
271654338,No,271654339,No,No,
271654339,No,271654338,No,No,
271852499,Yes,271852501,Yes,Yes,
271852501,Yes,271852499,Yes,Yes,
271902995,No,271904891,No,No,
271904891,No,271902995,No,No,
271907901,Yes,271907902,Yes,Yes,
271907902,Yes,271907901,Yes,Yes,
272089456,Yes,272089491,Yes,Yes,
272089491,Yes,272089456,Yes,Yes,
272112581,Yes,272202733,No,Yes,
272144667,No,272144668,No,No,
272144668,No,272144667,No,No,
272168471,No,272168626,No,No,
272168626,No,272168471,No,Yes,
272202733,No,272112581,Yes,Yes,
272205104,Yes,272205105,Yes,Yes,
272205105,Yes,272205104,Yes,Yes,
272277633,Yes,272278434,No,Yes,
272278434,No,272277633,Yes,Yes,
272310248,No,272310249,No,No,
272310249,No,272310248,No,No,
272345315,Yes,272345409,No,Yes,
272365401,Yes,272365404,No,Yes,
272365404,No,272365401,Yes,Yes,
272496583,Yes,272496963,No,Yes,
272496963,No,272496583,Yes,No,
272691224,No,346567128,No,No,
272712891,Yes,272712961,No,Yes,
272712961,No,272712891,Yes,Yes,
272917064,No,272917065,No,No,
272917065,No,272917064,No,No,
272917073,No,272917074,No,No,
272917073,No,272917076,Yes,No,
272917073,No,272917079,No,No,
272917073,No,272917083,No,No,
272917073,No,272917084,No,No,
272917073,No,272917085,No,No,
272917074,No,272917073,No,No,
272917076,Yes,272917073,No,Yes,
272917079,No,272917073,No,No,
272917083,No,272917073,No,No,
272917084,No,272917073,No,No,
272917085,No,272917073,No,No,
272917100,No,272917102,Yes,No,
272917100,No,272955727,No,No,
272917102,Yes,272917100,No,Yes,
272955722,No,272955723,No,No,
272955723,No,272955722,No,No,
272955727,No,272917100,No,No,
273105187,Yes,273106425,No,Yes,
273106425,No,273105187,Yes,No,
273291500,No,273294636,Yes,Yes,
273294636,Yes,273291500,No,Yes,
273330146,Yes,273331845,No,Yes,
273331845,No,273330146,Yes,Yes,
273444715,No,273444739,Yes,No,
273444739,Yes,273444715,No,Yes,
273791549,No,273791551,No,Yes,
273791551,No,273791549,No,No,
273853784,No,273854308,No,No,
273854308,No,273853784,No,No,
273864814,No,273869383,No,No,
273869383,No,273864814,No,No,
273874522,No,278672715,Yes,No,
273874522,No,278673664,Yes,No,
273874522,No,278676693,Yes,No,
273874522,No,278677222,Yes,No,
273874522,No,278743397,No,No,
273874522,No,278743398,No,No,
273874522,No,278743400,No,No,
273874522,No,284260089,Yes,No,
273874522,No,284263100,Yes,No,
273874522,No,284268903,Yes,No,
273894457,No,273894473,No,No,
273894473,No,273894457,No,No,
274484309,Yes,274484316,No,Yes,
274484316,No,274484309,Yes,No,
274516923,No,274517058,No,No,
274743097,No,274743097,No,No,
274743099,Yes,274743097,No,Yes,
274949299,No,274950531,No,No,
274950531,No,274949299,No,No,
275007675,Yes,275007678,Yes,Yes,
275007678,Yes,275007675,Yes,Yes,
275009130,No,275009540,No,No,
275009540,No,275009130,No,No,
275012482,No,275012489,Yes,No,
275012489,Yes,275012482,No,Yes,
275266029,Yes,275266030,No,Yes,
275266030,No,275266029,Yes,No,
275279591,No,275279839,No,No,
275279839,No,275279591,No,No,
275304065,Yes,275307037,No,Yes,
275307037,No,275304065,Yes,No,
275310762,No,275310765,No,No,
275310765,No,275310762,No,No,
275367934,No,275368349,No,No,
275368349,No,275367934,No,No,
275613771,No,275613773,No,No,
275613773,No,275613771,No,No,
275665664,Yes,275665665,No,Yes,
275665665,No,275665664,Yes,No,
275665717,Yes,275665736,No,Yes,
275665736,No,275665738,No,No,
275665736,No,275665717,Yes,No,
275665738,No,275665736,No,No,
276067650,Yes,276067656,Yes,Yes,
276067656,Yes,276067650,Yes,Yes,
276067687,No,276067691,No,No,
276067691,No,276067687,No,No,
276114642,No,276114662,No,No,
276114662,No,276114642,No,No,
276135751,No,276135753,No,No,
276135753,No,276135751,No,No,
276169372,No,276169381,No,No,
276169381,No,276169372,No,No,
276169459,No,276169476,No,No,
276169476,No,276169459,No,No,
276169532,No,276169544,Yes,No,
276169542,No,276169544,Yes,No,
276169544,Yes,276169542,No,Yes,
276169544,Yes,276169532,No,Yes,
276169557,Yes,276169562,No,Yes,
276169562,No,276169557,Yes,No,
276175638,No,276175642,No,No,
276175638,No,276175653,No,No,
276175642,No,276175638,No,No,
276175653,No,276175638,No,No,
276175907,Yes,276175917,Yes,Yes,
276175917,Yes,276175907,Yes,Yes,
276187515,No,276187516,No,No,
276187516,No,276187515,No,Yes,
276413574,No,277833350,Yes,No,
276515052,Yes,276515056,No,Yes,
276515056,No,276515052,Yes,Yes,
276661353,No,276662379,No,Yes,
276662379,No,276661353,No,No,
276869042,Yes,276869044,Yes,Yes,
276869044,Yes,276869042,Yes,Yes,
277042724,No,277042728,Yes,No,
277042728,Yes,277042724,No,Yes,
277073167,No,277073170,No,No,
277073170,No,277073167,No,No,
277109458,No,278277334,No,No,
277126811,No,277129427,Yes,Yes,
277129427,Yes,277126811,No,Yes,
277157430,Yes,277157431,No,Yes,
277157431,No,277157430,Yes,Yes,
277352151,Yes,277352503,No,Yes,
277352503,No,277352151,Yes,Yes,
277432284,Yes,277774898,No,Yes,
277506185,Yes,277506326,No,Yes,
277506326,No,277506185,Yes,No,
277589626,Yes,277589627,Yes,Yes,
277589627,Yes,277589626,Yes,Yes,
277633752,Yes,277634205,No,Yes,
277634205,No,277633752,Yes,Yes,
277718415,Yes,277718717,No,Yes,
277718717,No,277718415,Yes,Yes,
277774898,No,277432284,Yes,Yes,
277833350,Yes,276413574,No,Yes,
277881287,No,277907379,No,No,
277882108,No,249696073,Yes,No,
277883317,No,250506903,Yes,No,
277884539,No,251139342,Yes,Yes,
277885660,No,256949536,Yes,No,
278154399,Yes,266984975,Yes,Yes,
278159015,No,266984984,No,No,
278277334,No,277109458,No,No,
278349350,No,345066005,No,No,
278392408,No,278392410,Yes,Yes,
278392410,Yes,278392408,No,Yes,
278447885,No,278453928,No,No,
278453928,No,278447885,No,No,
278672715,Yes,273874522,No,Yes,
278673664,Yes,273874522,No,Yes,
278676693,Yes,273874522,No,Yes,
278677222,Yes,273874522,No,Yes,
278838798,Yes,278838800,No,Yes,
278838800,No,278838798,Yes,No,
278838808,Yes,278838830,No,Yes,
278838810,No,278838832,No,No,
278838811,Yes,278838833,No,Yes,
278838830,No,278838808,Yes,No,
278838833,No,278838811,Yes,No,
278862222,No,278862224,No,No,
278862224,No,278862222,No,No,
279061192,Yes,279072899,No,Yes,
279065019,Yes,279065020,No,Yes,
279065020,No,279065019,Yes,No,
279072899,No,279061192,Yes,No,
279111825,No,279112635,No,No,
279112635,No,279111825,No,No,
279137484,No,309420770,No,No,
279140123,No,279140275,No,No,
279140275,No,279140123,No,No,
279218186,Yes,279218193,No,Yes,
279218193,No,279218186,Yes,No,
279270198,Yes,333144263,Yes,Yes,
279311221,No,279311227,No,No,
279311227,No,279311221,No,No,
279330973,No,279564631,No,Yes,
279453092,No,281987962,No,No,
279564631,No,279330973,No,Yes,
279605427,No,150979853,No,Yes,
279610875,No,279610997,No,No,
279610997,No,279610875,No,No,
279630215,No,279357319,No,No,
279773925,Yes,280676758,No,Yes,
279820517,No,279820816,No,No,
279820816,No,279820517,No,No,
279827440,No,279827441,No,No,
279827441,No,279827440,No,No,
279832050,No,279832051,No,No,
279832051,No,279832050,No,No,
279832076,No,279832077,No,No,
279832077,No,279832076,No,No,
279859888,No,279859889,No,No,
279887384,Yes,279887534,No,Yes,
279887534,No,279887384,Yes,No,
279955122,No,279955130,No,No,
279955130,No,279955122,No,Yes,
280047920,No,280056789,No,No,
280056789,No,280047920,No,No,
280157610,Yes,280157568,No,Yes,
280157699,No,280157568,No,No,
280190573,No,281904318,No,No,
280190573,No,281904316,No,No,
280190573,No,281904309,No,No,
280292714,Yes,280292715,No,Yes,
280292715,No,280292714,Yes,No,
280429324,No,280429325,No,No,
280429325,No,280429324,No,No,
280472585,No,280472586,No,No,
280472586,No,280472585,No,No,
280568679,No,280568682,Yes,No,
280568682,Yes,280568679,No,Yes,
280576910,No,280582137,Yes,Yes,
280582137,Yes,280576910,No,Yes,
280595746,No,280595748,Yes,Yes,
280595748,Yes,280595746,No,Yes,
280616039,No,280616299,No,No,
280616299,No,280616039,No,No,
280621199,No,280621200,No,No,
280621200,No,280621199,No,No,
280644697,Yes,280644698,No,Yes,
280644698,No,280644697,Yes,No,
280661578,No,280661579,No,No,
280661579,No,280661578,No,No,
280676758,No,279773925,Yes,Yes,
280702296,No,280702297,No,No,
280702297,No,280702296,No,No,
280702351,No,280702351,No,No,
280702352,No,280702351,No,No,
280819523,Yes,280819984,No,Yes,
280819984,No,280819523,Yes,No,
280845530,Yes,280846517,No,Yes,
280846517,No,280845530,Yes,No,
280939948,Yes,280939951,No,Yes,
280939951,No,280939948,Yes,No,
281084155,No,281084156,Yes,No,
281084156,Yes,281084155,No,Yes,
281086933,Yes,281500854,Yes,Yes,
281100866,Yes,281101901,No,Yes,
281101901,No,281100866,Yes,Yes,
281136821,No,270955654,No,No,
281141849,No,281144015,Yes,No,
281144015,Yes,281141849,No,Yes,
281145211,Yes,338031190,Yes,Yes,
281154979,No,281154981,No,No,
281154981,No,281154979,No,No,
281175212,No,281175216,No,No,
281175216,No,281175212,No,No,
281175274,No,281175275,No,No,
281175275,No,281175274,No,No,
281175279,Yes,339800053,No,Yes,
281175280,No,339799625,Yes,No,
281180544,No,281180565,No,No,
281180565,No,281180544,No,No,
281186853,No,281186854,No,No,
281186854,No,281186853,No,No,
281367802,Yes,281368179,Yes,Yes,
281368179,Yes,281367802,Yes,Yes,
281500647,No,281500540,No,No,
281500854,Yes,281086933,Yes,Yes,
281565622,No,281566015,Yes,No,
281566015,Yes,281565622,No,Yes,
281576139,No,281771455,No,No,
281771455,No,281576139,No,No,
281849691,Yes,281849692,Yes,Yes,
281849692,Yes,281849691,Yes,Yes,
281869897,No,281870252,No,No,
281870252,No,281869897,No,No,
281871888,No,281872239,No,No,
281872239,No,281871888,No,No,
281880121,Yes,281880194,Yes,Yes,
281880194,Yes,281880121,Yes,Yes,
281904309,No,280190573,No,No,
281904316,No,280190573,No,No,
281986576,No,281986579,No,No,
281986579,No,281986576,No,No,
281987962,No,279453092,No,No,
282049524,No,282058507,No,No,
282058507,No,282049524,No,No,
282113561,No,282113563,No,Yes,
282113563,No,282113579,Yes,Yes,
282113563,No,282113575,No,Yes,
282113563,No,282113569,Yes,Yes,
282113563,No,282113561,No,Yes,
282113569,Yes,282113563,No,Yes,
282113575,No,282113563,No,Yes,
282113579,Yes,282113563,No,Yes,
282152028,Yes,282623896,No,Yes,
282174451,No,282174452,Yes,Yes,
282174452,Yes,282174451,No,Yes,
282174492,Yes,282174500,No,Yes,
282174500,No,282174492,Yes,No,
282203193,No,282203205,Yes,No,
282203205,Yes,282203193,No,Yes,
282203233,Yes,282203240,No,Yes,
282203240,No,282203233,Yes,No,
282462288,No,282592017,No,No,
282526214,Yes,282526215,No,Yes,
282526215,No,282526214,Yes,No,
282541948,Yes,282542124,No,Yes,
282542124,No,282541948,Yes,Yes,
282550805,Yes,282801089,No,Yes,
282554057,Yes,282554058,No,Yes,
282554058,No,282554057,Yes,No,
282592017,No,282462288,No,No,
282613169,No,283307386,No,No,
282623896,No,282152028,Yes,Yes,
282736368,Yes,282736371,No,Yes,
282736371,No,282736368,Yes,No,
282801089,No,282550805,Yes,Yes,
282817619,No,290291619,No,Yes,
282964345,No,282964375,Yes,No,
282964375,Yes,282964345,No,Yes,
283113302,No,283113307,No,No,
283113307,No,283113302,No,No,
283129486,No,283129750,No,No,
283129750,No,283129486,No,No,
283129870,No,283129958,No,No,
283129958,No,283129870,No,No,
283130360,No,345066245,No,No,
283137329,No,288682243,No,No,
283178840,No,283178843,No,No,
283178843,No,283178840,No,No,
283281662,No,288685031,No,Yes,
283307386,No,282613169,No,No,
283354380,No,283354485,Yes,Yes,
283354485,Yes,283354380,No,Yes,
283373176,Yes,288400312,No,Yes,
283386348,No,288402636,No,No,
283389025,No,283399309,Yes,Yes,
283392635,No,288403672,No,No,
283399309,Yes,283389025,No,Yes,
283414486,No,288404955,No,No,
283499883,No,288405942,No,No,
283507505,No,288407349,No,No,
283616594,No,283617003,No,No,
283617003,No,283616594,No,Yes,
283633460,Yes,312413280,No,Yes,
283782038,Yes,283782043,No,Yes,
283782043,No,283782038,Yes,Yes,
283838629,Yes,283838630,Yes,Yes,
283838630,Yes,283838629,Yes,Yes,
283922014,No,283922638,No,No,
283922638,No,283922014,No,No,
283958246,No,283958606,Yes,No,
283958606,Yes,283958246,No,Yes,
284189501,No,284189529,No,No,
284241910,Yes,284242725,No,Yes,
284242725,No,284241910,Yes,No,
284243624,No,284243723,No,No,
284243723,No,284243624,No,No,
284260089,Yes,273874522,No,Yes,
284263100,Yes,273874522,No,Yes,
284268903,Yes,273874522,No,Yes,
284325688,Yes,285094406,No,Yes,
284351493,Yes,284351513,Yes,Yes,
284351513,Yes,284351493,Yes,Yes,
284397677,Yes,284398644,No,Yes,
284398644,No,284397677,Yes,No,
284424400,No,284424404,No,No,
284424404,No,284424400,No,No,
284446397,No,284446400,No,No,
284446400,No,284446397,No,No,
284468423,Yes,284469082,No,Yes,
284492818,Yes,313407549,No,Yes,
284719673,No,284719905,No,No,
284719905,No,284719673,No,No,
284725827,No,284851788,No,No,
284740527,Yes,284740528,No,Yes,
284740528,No,284740527,Yes,No,
284851788,No,284725827,No,No,
284978658,No,284978660,No,No,
284978659,No,284978660,No,No,
284978660,No,284978658,No,No,
284978678,No,284978679,No,No,
284978679,No,284978678,No,No,
284978690,No,284978691,No,No,
284978691,No,284978690,No,No,
284990938,Yes,288678490,No,Yes,
285033420,Yes,285504572,No,Yes,
285085917,No,285085917,No,No,
285086330,Yes,285085917,No,Yes,
285094406,No,284325688,Yes,Yes,
285162654,Yes,285162664,No,Yes,
285162664,No,285162654,Yes,No,
285162675,Yes,285162682,Yes,Yes,
285162682,Yes,285162675,Yes,Yes,
285277062,No,288645861,No,No,
285278318,No,285278337,No,No,
285278337,No,285278318,No,No,
285334721,No,288677414,No,Yes,
285432187,No,285432899,Yes,No,
285432899,Yes,285432187,No,Yes,
285490498,No,288644081,No,Yes,
285499220,Yes,288038759,No,Yes,
285503057,Yes,288037819,No,Yes,
285504572,No,285504635,No,Yes,
285504635,No,285504572,No,Yes,
285569134,No,288676106,No,No,
285634166,No,285934705,No,No,
285819148,No,285819153,No,No,
285819153,No,285819148,No,No,
285880330,No,286045322,No,No,
285882671,No,285882672,No,Yes,
285882672,No,285882671,No,No,
285929874,Yes,285929912,No,Yes,
285929912,No,285929874,Yes,Yes,
285934705,No,285634166,No,No,
285935057,Yes,285935380,No,Yes,
285957138,No,285958149,No,No,
285958149,No,285957138,No,No,
286006708,No,286214341,No,No,
286045322,No,285880330,No,No,
286129834,Yes,315243996,Yes,Yes,
286163291,No,286163292,Yes,Yes,
286163292,Yes,286163291,No,Yes,
286163295,Yes,286163296,No,Yes,
286163296,No,286163295,Yes,Yes,
286163443,Yes,339690086,No,Yes,
286163467,Yes,286163468,Yes,Yes,
286163468,Yes,286163467,Yes,Yes,
286168970,No,286168972,No,No,
286168972,No,286168970,No,No,
286173774,No,286173777,No,No,
286173777,No,286173774,No,No,
286173849,No,286173853,No,No,
286173853,No,286173849,No,No,
286179345,Yes,286269198,No,Yes,
286214341,No,286006708,No,Yes,
286235382,Yes,286235631,No,Yes,
286235631,No,286235382,Yes,Yes,
286253661,No,285743536,No,No,
286266956,No,286266957,Yes,No,
286266957,Yes,286266956,No,Yes,
286269198,No,286179345,Yes,Yes,
286433406,No,286432937,No,No,
286500657,No,286500659,No,No,
286500659,No,286500657,No,No,
286616676,No,286616924,No,No,
286616924,No,286616676,No,No,
286746475,No,288663784,No,Yes,
286840627,No,286840641,No,No,
286840641,No,286840627,No,No,
286840652,No,286840627,No,No,
286840672,No,286840684,No,No,
286840684,No,286840672,No,No,
286840732,No,286840735,No,No,
286840735,No,286840732,No,Yes,
286850379,Yes,286853773,Yes,Yes,
286850385,Yes,286853773,Yes,Yes,
286850393,Yes,286853773,Yes,Yes,
286850394,Yes,286850403,Yes,Yes,
286850403,Yes,286850394,Yes,Yes,
286853773,Yes,286850379,Yes,Yes,
286853773,Yes,286850385,Yes,Yes,
286853773,Yes,286850393,Yes,Yes,
286949433,No,286949435,No,Yes,
286949435,No,286949433,No,No,
286967048,No,286967049,Yes,Yes,
286967049,Yes,286967048,No,Yes,
286977151,No,286977191,No,No,
287038066,Yes,287038498,No,Yes,
287038498,No,287038066,Yes,Yes,
287067327,No,287067850,Yes,No,
287067850,Yes,287067327,No,Yes,
287086694,No,71077042,No,No,
287129800,Yes,287211986,No,Yes,
287211986,No,287129800,Yes,Yes,
287224705,No,287224703,No,No,
287224707,No,287224703,No,No,
287224712,No,287224713,Yes,No,
287224713,Yes,287224712,No,Yes,
287224715,Yes,287224722,Yes,Yes,
287224722,Yes,287224715,Yes,Yes,
287226830,Yes,287226831,No,Yes,
287226831,No,287226830,Yes,Yes,
287349623,Yes,287350856,No,Yes,
287350856,No,287349623,Yes,No,
287402160,Yes,337504412,No,Yes,
287544129,Yes,287544130,No,Yes,
287544130,No,287544129,Yes,Yes,
287656010,No,287666329,No,No,
287666329,No,287656010,No,Yes,
287712254,Yes,287900328,No,Yes,
287835673,No,345066426,No,No,
287900328,No,287712254,Yes,Yes,
287945495,Yes,287945506,No,Yes,
287945506,No,287945495,Yes,No,
287976168,Yes,287976173,Yes,Yes,
287976173,Yes,287976168,Yes,Yes,
287992914,Yes,287993063,No,Yes,
287993063,No,287992914,Yes,No,
288027657,Yes,288027660,No,Yes,
288027660,No,288027657,Yes,Yes,
288037819,No,285503057,Yes,Yes,
288038759,No,285499220,Yes,Yes,
288047227,No,288047228,No,No,
288047228,No,288047227,No,No,
288059394,Yes,288077464,No,Yes,
288075515,Yes,288075519,No,Yes,
288075519,No,288075515,Yes,No,
288075826,Yes,288075827,No,Yes,
288075827,No,288075826,Yes,Yes,
288075857,Yes,288075858,Yes,Yes,
288075858,Yes,288075857,Yes,Yes,
288075895,Yes,288075902,Yes,Yes,
288075902,Yes,288075895,Yes,Yes,
288075956,Yes,288075966,No,Yes,
288075966,No,288075956,Yes,No,
288076046,No,288076047,No,Yes,
288076047,No,288076046,No,No,
288077464,No,288059394,Yes,Yes,
288085107,No,288085107,No,No,
288085113,No,288085113,No,No,
288085114,Yes,288085115,No,Yes,
288085114,Yes,288085122,No,Yes,
288085114,Yes,288085113,No,Yes,
288085115,No,288085114,Yes,No,
288085118,Yes,288085107,No,Yes,
288085122,No,288085114,Yes,No,
288085123,No,288085126,Yes,No,
288085126,Yes,288085128,Yes,Yes,
288085126,Yes,288085127,No,Yes,
288085126,Yes,288085123,No,Yes,
288085127,No,288085126,Yes,No,
288085128,Yes,288085126,Yes,Yes,
288085130,No,288085131,No,No,
288085131,No,288085130,No,No,
288092421,No,285291566,No,No,
288100638,No,285532516,No,No,
288104082,No,288104083,No,No,
288104083,No,288104082,No,Yes,
288130312,No,288130313,No,No,
288130313,No,288130312,No,No,
288134630,No,288667193,No,No,
288154962,No,290595981,No,No,
288164916,No,288183033,No,No,
288170989,No,288184252,No,No,
288214560,Yes,288281209,No,Yes,
288237818,No,288665901,No,No,
288281209,No,288214560,Yes,No,
288293671,No,319605554,No,No,
288297273,No,288298879,No,No,
288298879,No,288297273,No,No,
288320466,Yes,288320467,Yes,Yes,
288320467,Yes,288320466,Yes,Yes,
288332482,No,288332503,No,No,
288332503,No,288332482,No,No,
288338098,No,288338142,No,No,
288338142,No,288338098,No,No,
288351276,Yes,288351439,No,Yes,
288351439,No,288351276,Yes,No,
288357599,No,319456662,No,No,
288371975,Yes,288371981,Yes,Yes,
288371981,Yes,288371975,Yes,Yes,
288433722,Yes,335326943,No,Yes,
288540119,No,288540156,No,No,
288540156,No,288540119,No,No,
288545538,No,288545811,No,No,
288545811,No,288545538,No,No,
288566829,Yes,288567160,No,Yes,
288567160,No,288566829,Yes,Yes,
288634061,Yes,288634134,Yes,Yes,
288634134,Yes,288634061,Yes,Yes,
288663784,No,286746475,No,No,
288665901,No,288237818,No,No,
288667193,No,288134630,No,No,
288676106,No,285569134,No,No,
288677414,No,285334721,No,No,
288678490,No,284990938,Yes,No,
288682243,No,283137329,No,No,
288685031,No,283281662,No,No,
288715636,Yes,288715639,No,Yes,
288715639,No,288715636,Yes,No,
288725433,No,288725433,No,No,
288725436,No,288725433,No,No,
288734718,Yes,288736106,No,Yes,
288736106,No,288734718,Yes,Yes,
288747096,No,226745461,No,No,
288747097,No,226745461,No,No,
288755246,Yes,288755364,No,Yes,
288755248,No,288755293,No,No,
288755293,No,288755248,No,Yes,
288755303,No,226745461,No,No,
288755304,No,226745461,No,No,
288755323,No,226745461,No,No,
288755324,No,226745461,No,No,
288755325,No,226745461,No,Yes,
288755343,No,288755364,No,No,
288835339,Yes,288865921,Yes,Yes,
288865921,Yes,288835339,Yes,Yes,
289021817,Yes,289310329,No,Yes,
289048128,Yes,289048220,Yes,Yes,
289048220,Yes,289048128,Yes,Yes,
289077013,Yes,289077016,No,Yes,
289077016,No,289077013,Yes,No,
289109530,Yes,289109533,No,Yes,
289109533,No,289109530,Yes,No,
289189080,Yes,291023946,No,Yes,
289197760,Yes,289197762,No,Yes,
289197762,No,289197760,Yes,Yes,
289197793,No,289197794,No,No,
289197794,No,289197793,No,No,
289200542,No,289200546,No,No,
289200546,No,289200542,No,Yes,
289200553,No,289200563,No,No,
289200563,No,289200553,No,No,
289208609,No,289208610,No,Yes,
289208610,No,289208609,No,No,
289208611,Yes,289208613,No,Yes,
289208613,No,289208611,Yes,No,
289211928,No,289212192,No,No,
289212192,No,289211928,No,No,
289212425,No,289212426,No,No,
289212426,No,289212425,No,No,
289247696,No,290444446,No,No,
289310329,No,289021817,Yes,Yes,
289377756,Yes,289377773,No,Yes,
289377773,No,289377756,Yes,No,
289383325,No,337502932,Yes,No,
289387845,No,289506255,Yes,No,
289405740,No,289442887,No,No,
289434900,Yes,289434902,No,Yes,
289434902,No,289434900,Yes,No,
289506255,Yes,289387845,No,Yes,
289563810,No,289564340,Yes,Yes,
289564340,Yes,289563810,No,Yes,
289605155,Yes,289605155,Yes,Yes,
289619998,No,289619999,No,No,
289619999,No,289619998,No,No,
289620068,No,289620132,No,No,
289620116,Yes,289620121,Yes,Yes,
289620121,Yes,289620116,Yes,Yes,
289620132,No,289620068,No,No,
289667263,Yes,289667264,No,Yes,
289667264,No,289667263,Yes,Yes,
289667476,No,289667474,No,Yes,
289728651,No,289728662,No,Yes,
289728662,No,289728651,No,Yes,
289848032,No,289851931,No,No,
289851931,No,289848032,No,No,
289890784,Yes,289891088,No,Yes,
290044358,Yes,290044359,No,Yes,
290044359,No,290044358,Yes,No,
290085300,Yes,290085538,No,Yes,
290085538,No,290085300,Yes,Yes,
290094842,No,290097458,No,No,
290097458,No,290094842,No,No,
290173629,Yes,290173737,No,Yes,
290173737,No,290173629,Yes,Yes,
290271970,Yes,290272274,No,Yes,
290272274,No,290271970,Yes,Yes,
290291619,No,282817619,No,No,
290294422,No,290294426,No,Yes,
290294426,No,290294422,No,No,
290433306,No,290433851,No,No,
290444446,No,289247696,No,No,
290566529,No,290568505,No,No,
290595981,No,288154962,No,No,
290688928,Yes,290689054,No,Yes,
290689054,No,290688928,Yes,No,
290764842,No,290764843,No,No,
290764843,No,290764842,No,No,
290775369,Yes,290775373,No,Yes,
290775373,No,290775369,Yes,No,
290817773,Yes,290817838,No,Yes,
290817838,No,290817773,Yes,Yes,
290840430,No,294018571,No,No,
290995638,Yes,291077905,No,Yes,
291023946,No,289189080,Yes,Yes,
291035396,No,291035646,No,No,
291035646,No,291035396,No,No,
291060945,Yes,291061137,No,Yes,
291061137,No,291060945,Yes,Yes,
291077905,No,290995638,Yes,No,
291120207,No,291120753,Yes,Yes,
291120753,Yes,291120207,No,Yes,
291207387,Yes,291208225,Yes,Yes,
291208225,Yes,291207387,Yes,Yes,
291263287,No,291263288,No,No,
291263288,No,291263287,No,No,
291263340,No,291263342,No,No,
291263342,No,291263340,No,No,
291265897,Yes,291266160,No,Yes,
291266160,No,291265897,Yes,No,
291282306,Yes,291282477,No,Yes,
291282477,No,291282306,Yes,No,
291289967,No,291289970,No,No,
291289970,No,291289967,No,No,
291383149,No,291382380,No,No,
291530913,Yes,291533722,Yes,Yes,
291540585,No,291540091,No,No,
291648895,No,291676254,Yes,No,
291673751,No,291673806,Yes,Yes,
291673806,Yes,291673751,No,Yes,
291676254,Yes,291648895,No,Yes,
291682789,Yes,282282453,No,Yes,
291692681,No,291540091,No,No,
291694814,No,291771596,Yes,No,
291718637,Yes,291718848,Yes,Yes,
291718848,Yes,291718637,Yes,Yes,
291771596,Yes,291694814,No,Yes,
291842841,No,293085587,No,No,
291861654,Yes,291861659,No,Yes,
291861659,No,291861654,Yes,No,
291866320,No,291866435,Yes,Yes,
291866435,Yes,291866320,No,Yes,
291987091,No,291987093,No,No,
291987093,No,291987091,No,No,
292025556,No,292029825,No,No,
292029825,No,292025556,No,No,
292038180,No,292045882,No,No,
292045882,No,292038180,No,No,
292049614,No,292052733,No,No,
292052733,No,292049614,No,No,
292069479,No,292131535,No,No,
292096040,No,292109075,No,No,
292109075,No,292096040,No,No,
292131535,No,292069479,No,No,
292134419,No,292069479,No,No,
292164401,Yes,292591652,No,Yes,
292260513,Yes,292260870,No,Yes,
292260870,No,292260513,Yes,No,
292382283,Yes,292382284,Yes,Yes,
292382284,Yes,292382283,Yes,Yes,
292420022,No,294246439,No,No,
292508664,Yes,292508667,Yes,Yes,
292508667,Yes,292508664,Yes,Yes,
292511867,Yes,292534778,No,Yes,
292513499,Yes,292513501,No,Yes,
292513504,Yes,292513501,No,Yes,
292534778,No,292511867,Yes,No,
292556538,No,292556681,Yes,No,
292556681,Yes,292556538,No,Yes,
292591652,No,292164401,Yes,Yes,
292653473,Yes,293092528,No,Yes,
292690886,Yes,292690888,Yes,Yes,
292690888,Yes,292690886,Yes,Yes,
292782482,No,292876174,No,No,
292876174,No,292782482,No,No,
292898227,Yes,292898228,Yes,Yes,
292898228,Yes,292898227,Yes,Yes,
292949168,Yes,292950010,No,Yes,
292950010,No,292949168,Yes,No,
293044864,Yes,293047433,No,Yes,
293047433,No,293044864,Yes,No,
293085587,No,291842841,No,No,
293092528,No,292653473,Yes,Yes,
293200641,No,293200640,No,Yes,
293368840,Yes,293368942,Yes,Yes,
293368942,Yes,293368840,Yes,Yes,
293407121,No,339191052,No,No,
293447243,Yes,293447314,No,Yes,
293447314,No,293447243,Yes,Yes,
293496474,Yes,293497055,No,Yes,
293497055,No,293496474,Yes,Yes,
293621941,No,293621946,No,No,
293621946,No,293621941,No,No,
293655453,No,293655482,No,No,
293655482,No,293655453,No,No,
293763655,No,293763656,No,No,
293763656,No,293763655,No,No,
293787929,Yes,293788102,Yes,Yes,
293788102,Yes,293787929,Yes,Yes,
293803816,Yes,295497270,No,Yes,
293824839,Yes,293824892,No,Yes,
293824892,No,293824839,Yes,No,
293840570,Yes,293936272,No,Yes,
293909531,Yes,294999858,No,Yes,
293933327,Yes,293933328,Yes,Yes,
293933328,Yes,293933327,Yes,Yes,
293936272,No,293840570,Yes,Yes,
293944465,Yes,294033735,No,Yes,
294018571,No,290840430,No,No,
294024230,Yes,294024234,Yes,Yes,
294024231,No,294024230,Yes,No,
294024234,Yes,294024230,Yes,Yes,
294024235,Yes,294024230,Yes,Yes,
294028726,Yes,294056030,No,Yes,
294033735,No,293944465,Yes,Yes,
294034184,No,294034185,No,No,
294034185,No,294034184,No,No,
294056030,No,294028726,Yes,No,
294071012,Yes,294071298,No,Yes,
294071298,No,294071012,Yes,No,
294086087,Yes,253845621,No,Yes,
294086095,Yes,253845621,No,Yes,
294113411,Yes,294113413,No,Yes,
294113413,No,294113411,Yes,No,
294145732,No,294145736,No,No,
294145736,No,294145732,No,No,
294155116,Yes,294155163,No,Yes,
294155163,No,294155116,Yes,No,
294207268,Yes,294207271,No,Yes,
294207271,No,294207268,Yes,No,
294226838,Yes,294226981,No,Yes,
294226981,No,294226838,Yes,No,
294246439,No,292420022,No,No,
294410415,Yes,294410703,No,Yes,
294410703,No,294410415,Yes,No,
294422604,No,294422608,Yes,No,
294422608,Yes,294422604,No,Yes,
294481845,No,294632256,No,No,
294499346,Yes,294499382,No,Yes,
294499382,No,294499346,Yes,Yes,
294544441,Yes,295098606,No,Yes,
294581879,Yes,294841809,No,Yes,
294632256,No,294481845,No,No,
294719139,Yes,294719141,Yes,Yes,
294719141,Yes,294719139,Yes,Yes,
294841809,No,294581879,Yes,Yes,
294877761,Yes,294877894,Yes,Yes,
294877894,Yes,294877761,Yes,Yes,
294878026,Yes,294878100,No,Yes,
294878100,No,294878026,Yes,Yes,
294884500,No,295148992,No,No,
294887174,No,294889387,No,No,
294889387,No,294887174,No,No,
294891316,No,295092969,Yes,Yes,
294908888,No,294908889,Yes,No,
294908889,Yes,294908888,No,Yes,
294926704,No,294926705,No,No,
294926705,No,294926704,No,No,
294958747,No,295119594,No,No,
294998512,No,294999260,Yes,No,
294999260,Yes,294998512,No,Yes,
294999858,No,293909531,Yes,Yes,
295022189,No,295022617,No,No,
295022617,No,295022189,No,No,
295035674,No,295035675,No,No,
295035675,No,295035674,No,No,
295035677,No,295035679,No,No,
295035679,No,295035677,No,No,
295035693,No,295035694,No,No,
295035694,No,295035693,No,No,
295035719,Yes,295035893,No,Yes,
295035893,No,295035719,Yes,Yes,
295043457,No,298897190,No,No,
295050626,No,295050627,No,No,
295050627,No,295050626,No,No,
295050758,No,295050759,No,No,
295050759,No,295050758,No,No,
295050765,No,295050766,No,No,
295050766,No,295050765,No,No,
295092969,Yes,294891316,No,Yes,
295098606,No,294544441,Yes,Yes,
295119594,No,294958747,No,No,
295148992,No,294884500,No,No,
295207810,No,295207812,No,No,
295207812,No,295207810,No,No,
295298404,Yes,295298406,No,Yes,
295298406,No,295298404,Yes,Yes,
295309536,No,295309537,No,Yes,
295309537,No,295309536,No,No,
295456325,No,295457710,Yes,No,
295457710,Yes,295456325,No,Yes,
295497270,No,293803816,Yes,Yes,
295532929,No,295554651,No,No,
295551491,Yes,297752431,No,Yes,
295554651,No,295532929,No,No,
295571626,Yes,295571631,No,Yes,
295571631,No,295571626,Yes,No,
295588837,No,295727747,No,No,
295670160,No,295670488,No,No,
295670488,No,295670160,No,No,
295691825,Yes,295691828,Yes,Yes,
295691828,Yes,295691825,Yes,Yes,
295727747,No,295588837,No,No,
295788917,Yes,295935713,Yes,Yes,
295801593,No,295801962,No,No,
295801962,No,295801593,No,No,
295817054,No,295819639,No,No,
295817054,No,295817450,No,No,
295817054,No,295820294,No,No,
295817450,No,295817054,No,No,
295819639,No,295817054,No,No,
295820294,No,295817054,No,No,
295935713,Yes,295788917,Yes,Yes,
296014866,No,296014867,Yes,Yes,
296014867,Yes,296014866,No,Yes,
296027418,No,296027565,Yes,Yes,
296027565,Yes,296027418,No,Yes,
296029662,No,296232181,No,No,
296059363,No,296059029,No,Yes,
296064024,Yes,296064293,No,Yes,
296064293,No,296064024,Yes,Yes,
296107453,Yes,296107672,No,Yes,
296107672,No,296107453,Yes,Yes,
296160864,Yes,296160865,Yes,Yes,
296160865,Yes,296160864,Yes,Yes,
296160879,Yes,296160880,No,Yes,
296160880,No,296160879,Yes,No,
296198155,No,296198156,No,No,
296198156,No,296198155,No,No,
296198160,No,296198161,No,No,
296198161,No,296198160,No,No,
296232181,No,296029662,No,No,
296243634,Yes,297673817,No,Yes,
296343283,No,296343550,No,No,
296343550,No,296343283,No,No,
296388512,Yes,296388620,Yes,Yes,
296388620,Yes,296388512,Yes,Yes,
296388620,Yes,296388647,No,Yes,
296388620,Yes,296388709,No,Yes,
296388647,No,296388620,Yes,Yes,
296388709,No,296388620,Yes,No,
296400713,No,296400721,Yes,No,
296400721,Yes,296400713,No,Yes,
296410864,Yes,338450979,No,Yes,
296423206,Yes,296613189,No,Yes,
296427700,Yes,340337865,Yes,Yes,
296575151,Yes,296591045,No,Yes,
296591045,No,296575151,Yes,Yes,
296612439,No,299024233,No,Yes,
296613189,No,296423206,Yes,Yes,
296631019,Yes,296631022,Yes,Yes,
296631022,Yes,296631019,Yes,Yes,
296641286,No,296641287,Yes,No,
296641287,Yes,296641286,No,Yes,
296648000,Yes,296925459,No,Yes,
296795855,No,296796673,No,No,
296796673,No,296795855,No,No,
296822088,No,297523521,No,No,
296889654,Yes,296994088,No,Yes,
296903662,No,297200548,No,No,
296911354,No,296911356,No,Yes,
296911356,No,296911354,No,Yes,
296920959,Yes,297132005,Yes,Yes,
296925459,No,296648000,Yes,Yes,
296994088,No,296889654,Yes,Yes,
297062469,No,297062620,No,No,
297062620,No,297062469,No,No,
297132005,Yes,296920959,Yes,Yes,
297200548,No,296903662,No,No,
297332678,No,297841875,No,No,
297457210,Yes,297675536,No,Yes,
297464598,No,297464764,No,No,
297523521,No,296822088,No,No,
297536529,No,297536579,No,No,
297536579,No,297536529,No,No,
297636149,Yes,297637293,No,Yes,
297637293,No,297636149,Yes,No,
297673817,No,296243634,Yes,Yes,
297675536,No,297457210,Yes,Yes,
297697283,Yes,298052441,No,Yes,
297698475,No,297698478,No,No,
297698478,No,297698475,No,No,
297733249,Yes,297733551,No,Yes,
297733551,No,297733249,Yes,Yes,
297737362,Yes,298289215,No,Yes,
297746620,No,297746621,No,No,
297746621,No,297746620,No,No,
297746629,No,297746630,Yes,No,
297746630,Yes,297746629,No,Yes,
297746635,Yes,297746637,No,Yes,
297746637,No,297746635,Yes,No,
297746651,No,297746655,Yes,No,
297746655,Yes,297746651,No,Yes,
297746668,No,297746673,Yes,No,
297746673,Yes,297746668,No,Yes,
297746674,Yes,297746676,Yes,Yes,
297746676,Yes,297746674,Yes,Yes,
297746686,Yes,297746694,No,Yes,
297746694,No,297746686,Yes,No,
297747987,Yes,298081753,No,Yes,
297752431,No,295551491,Yes,Yes,
297763061,Yes,297763288,No,Yes,
297763288,No,297763061,Yes,Yes,
297793094,Yes,340337296,Yes,Yes,
297800942,No,242185041,No,No,
297801241,No,297802241,No,No,
297802241,No,297801241,No,No,
297805895,No,297805895,No,No,
297805897,Yes,297805895,No,Yes,
297812121,No,297812698,No,No,
297812698,No,297812121,No,No,
297821544,No,297822745,No,No,
297822745,No,297821544,No,No,
297831466,No,297846010,No,No,
297837652,No,297838257,No,No,
297838257,No,297837652,No,No,
297841875,No,297332678,No,No,
297842284,No,297841875,No,No,
297843236,No,297822745,No,No,
297845153,No,297824148,No,No,
297846010,No,297831466,No,No,
297853838,No,297857605,No,No,
297857605,No,297853838,No,No,
297867094,No,297870152,No,No,
297870152,No,297867094,No,No,
297871137,No,297870152,No,No,
297921085,No,297921086,Yes,Yes,
297921086,Yes,297921085,No,Yes,
297932633,No,328116399,No,No,
298052441,No,297697283,Yes,Yes,
298081753,No,297747987,Yes,Yes,
298085305,Yes,298306741,No,Yes,
298093081,No,298093512,No,No,
298093512,No,298093081,No,No,
298179716,No,298178561,Yes,No,
298181666,Yes,298181924,No,Yes,
298181924,No,298181666,Yes,No,
298264141,No,298264471,No,No,
298264471,No,298264141,No,No,
298289215,No,297737362,Yes,Yes,
298306741,No,298085305,Yes,Yes,
298313287,Yes,298313341,Yes,Yes,
298313341,Yes,298313287,Yes,Yes,
298321307,Yes,298321308,No,Yes,
298321308,No,298321307,Yes,Yes,
298326719,No,298327619,No,No,
298327619,No,298326719,No,No,
298350494,No,298350560,No,No,
298350560,No,298350494,No,No,
298445659,No,298445834,No,No,
298445834,No,298445659,No,No,
298452863,No,298452939,No,No,
298452939,No,298452863,No,No,
298453066,No,298463044,No,No,
298453100,No,298453106,No,No,
298453106,No,298453100,No,No,
298453124,No,298453156,No,No,
298453138,No,298453156,No,No,
298453142,No,298453156,No,No,
298453145,No,298453156,No,No,
298453156,No,298453145,No,No,
298453172,No,298453156,No,No,
298453223,No,298453239,No,No,
298453239,No,298453223,No,No,
298460935,No,298461306,Yes,No,
298461306,Yes,298460935,No,Yes,
298463044,No,298453066,No,No,
298484030,Yes,322294936,Yes,Yes,
298489863,No,298489896,Yes,Yes,
298489896,Yes,298489863,No,Yes,
298511395,No,298511397,No,Yes,
298511397,No,298511395,No,No,
298552767,Yes,301795742,No,Yes,
298653911,No,298659459,No,No,
298655573,No,298659459,No,No,
298659459,No,298653911,No,No,
298663873,No,298659459,No,No,
298675752,No,298659459,No,No,
298730469,No,139519623,Yes,Yes,
298736487,No,298659459,No,No,
298744495,No,298659459,No,No,
298751481,Yes,298751608,No,Yes,
298751608,No,298751481,Yes,No,
298758155,Yes,298758168,No,Yes,
298758168,No,298758155,Yes,No,
298809101,Yes,301352374,No,Yes,
298828566,No,298829152,No,No,
298829152,No,298828566,No,No,
298835284,Yes,298835285,No,Yes,
298835285,No,298835284,Yes,No,
298849443,Yes,298849446,No,Yes,
298849446,No,298849443,Yes,No,
298862125,No,298862563,No,No,
298862563,No,298862125,No,No,
298863147,No,298863301,No,No,
298863301,No,298863147,No,No,
298863792,No,345066532,No,No,
298863957,No,298863301,No,No,
298865290,No,298866675,No,No,
298866675,No,298865290,No,No,
298867501,No,298866675,No,No,
298868464,No,298868816,No,No,
298868816,No,298868464,No,No,
298870468,No,298871121,No,No,
298871121,No,298870468,No,No,
298897190,No,295043457,No,No,
298897841,No,298897190,No,No,
298965305,No,298965946,No,No,
298965946,No,298965305,No,No,
298983167,Yes,298983185,No,Yes,
298983185,No,298983167,Yes,No,
298986425,Yes,298986426,No,Yes,
298986426,No,298986425,Yes,No,
298986431,No,298986434,No,No,
298986434,No,298986431,No,No,
299023926,No,299024004,No,No,
299024004,No,299023926,No,No,
299024233,No,296612439,No,No,
299048515,Yes,299048520,Yes,Yes,
299048520,Yes,299048515,Yes,Yes,
299081827,No,299082777,No,No,
299082777,No,299081827,No,No,
299112414,No,84903294,Yes,No,
299123277,No,298736487,No,No,
299155695,No,299179016,No,No,
299179016,No,299155695,No,No,
299242428,Yes,299242430,No,Yes,
299242430,No,299242428,Yes,Yes,
299242452,Yes,299242456,No,Yes,
299242456,No,299242452,Yes,Yes,
299242470,No,299242475,Yes,Yes,
299242475,Yes,299242470,No,Yes,
299242508,Yes,299242523,No,Yes,
299242523,No,299242508,Yes,Yes,
299256813,No,299267847,Yes,No,
299266910,No,339321769,No,No,
299267217,No,339321769,No,No,
299267847,Yes,299256813,No,Yes,
299325136,Yes,299325142,No,Yes,
299325142,No,299325136,Yes,No,
299325143,No,299325144,No,Yes,
299325144,No,299325143,No,No,
299393046,Yes,299393047,No,Yes,
299393047,No,299393046,Yes,No,
299393065,Yes,299393070,No,Yes,
299393070,No,299393065,Yes,No,
299412021,No,299413210,No,No,
299413210,No,299412021,No,No,
299426399,No,299428196,No,No,
299428196,No,299426399,No,No,
299449174,No,299449178,No,Yes,
299449178,No,299449174,No,No,
299490125,No,299491091,No,No,
299513556,No,299513558,No,No,
299513558,No,299513556,No,No,
299532180,Yes,299532545,No,Yes,
299532545,No,299532180,Yes,No,
299536535,Yes,241050805,Yes,Yes,
299549061,No,299549168,No,No,
299549168,No,299549061,No,No,
299658594,Yes,299659114,No,Yes,
299659114,No,299658594,Yes,No,
299690481,Yes,299690909,No,Yes,
299690909,No,299690481,Yes,Yes,
299696210,Yes,299696546,No,Yes,
299696546,No,299696210,Yes,Yes,
299698834,Yes,300012903,No,Yes,
299732233,No,241564450,No,Yes,
299751091,No,299751524,No,No,
299751524,No,299751091,No,No,
299891423,No,305756263,No,No,
299912855,Yes,299912856,No,Yes,
299912856,No,299912855,Yes,Yes,
299914677,No,299934357,No,No,
299915030,No,299915041,No,No,
299915041,No,299915030,No,No,
299923923,Yes,299810247,No,Yes,
299924267,No,299810247,No,No,
299924523,Yes,299810247,No,Yes,
299934357,No,299914677,No,No,
299960467,Yes,299960972,No,Yes,
299960972,No,299960467,Yes,Yes,
299969828,No,299969856,No,No,
299969856,No,299969828,No,No,
299975496,No,299975656,No,No,
299981166,Yes,300219042,No,Yes,
300012903,No,299698834,Yes,Yes,
300021976,Yes,300022177,No,Yes,
300022177,No,300021976,Yes,Yes,
300031483,No,300045166,No,No,
300045166,No,300031483,No,No,
300054326,No,300055111,No,No,
300055111,No,300054326,No,No,
300056715,No,300059072,No,No,
300059072,No,300056715,No,No,
300177577,No,300177578,No,No,
300177578,No,300177577,No,Yes,
300216362,Yes,300216367,No,Yes,
300216367,No,300216362,Yes,Yes,
300219042,No,299981166,Yes,Yes,
300267917,No,300268061,Yes,Yes,
300268061,Yes,300267917,No,Yes,
300286676,No,300286677,No,No,
300286677,No,300286676,No,No,
300311912,No,300311914,No,No,
300311913,Yes,300311914,No,Yes,
300311914,No,300311912,No,No,
300311915,No,300311914,No,No,
300334018,No,300333088,No,Yes,
300344496,Yes,300344965,No,Yes,
300344965,No,300344496,Yes,No,
300456726,No,300457017,Yes,No,
300457017,Yes,300456726,No,Yes,
300538471,No,300538473,No,Yes,
300538473,No,300538471,No,No,
300541845,Yes,300543110,No,Yes,
300543110,No,300541845,Yes,No,
300543563,No,300543565,No,No,
300543565,No,300543563,No,No,
300543573,No,300543575,Yes,No,
300543575,Yes,300543573,No,Yes,
300543580,No,300543573,No,No,
300545182,Yes,337434488,Yes,Yes,
300548931,No,302015978,Yes,Yes,
300556413,No,306053628,No,No,
300563704,No,302015959,No,Yes,
300574392,Yes,300690224,No,Yes,
300601581,No,300601713,No,No,
300601713,No,300601581,No,No,
300632330,No,345066643,No,No,
300632645,No,345066742,No,No,
300690224,No,300574392,Yes,Yes,
300736838,No,301669374,No,No,
300738863,No,300738865,No,No,
300738865,No,300738863,No,Yes,
300757949,Yes,300758134,No,Yes,
300758134,No,300757949,Yes,Yes,
300791071,No,300791144,No,No,
300791144,No,300791071,No,No,
300792103,Yes,301653269,No,Yes,
300823085,No,300956842,No,No,
300823086,No,300956842,No,No,
300830010,Yes,300830011,Yes,Yes,
300830011,Yes,300830010,Yes,Yes,
300859550,Yes,301078493,No,Yes,
300896825,No,300913309,No,No,
300913309,No,300896825,No,No,
300926035,No,300981640,No,No,
300956842,No,300823086,No,No,
300979814,No,346675932,No,No,
300981640,No,300926035,No,No,
300986798,No,300988198,No,No,
300988198,No,300986798,No,No,
300988448,No,300989557,No,No,
300989557,No,300988448,No,No,
301025686,No,346677032,No,No,
301030726,Yes,301039099,No,Yes,
301039099,No,301030726,Yes,No,
301045694,Yes,301046044,Yes,Yes,
301046044,Yes,301045694,Yes,Yes,
301078493,No,300859550,Yes,Yes,
301099077,Yes,301099078,No,Yes,
301099078,No,301099077,Yes,Yes,
301099079,Yes,301099081,No,Yes,
301099081,No,301099079,Yes,Yes,
301139007,Yes,301139756,No,Yes,
301139756,No,301139007,Yes,No,
301221238,Yes,301345369,No,Yes,
301284402,No,301284403,Yes,No,
301284403,Yes,301284402,No,Yes,
301333988,No,301333990,No,No,
301333990,No,301333988,No,No,
301343704,No,301343705,No,No,
301343705,No,301343704,No,No,
301345310,No,301221238,Yes,Yes,
301345369,No,301221238,Yes,Yes,
301352374,No,298809101,Yes,Yes,
301444563,No,301775175,No,No,
301494256,No,301496166,Yes,No,
301496166,Yes,301494256,No,Yes,
301546142,No,255910403,No,Yes,
301579215,No,301579322,Yes,No,
301579322,Yes,301579215,No,Yes,
301583319,Yes,301990322,No,Yes,
301592935,Yes,301593150,No,Yes,
301593150,No,301592935,Yes,Yes,
301597659,Yes,302214021,No,Yes,
301604386,Yes,301604682,No,Yes,
301604682,No,301604386,Yes,Yes,
301653269,No,300792103,Yes,Yes,
301669374,No,300736838,No,No,
301713907,No,301717522,No,No,
301717522,No,301713907,No,No,
301739575,No,301739576,No,No,
301739576,No,301739575,No,No,
301775175,No,301432695,No,No,
301795742,No,298552767,Yes,Yes,
301803243,Yes,301803340,No,Yes,
301803340,No,301803243,Yes,No,
301941303,No,301941510,No,No,
301941510,No,301941303,No,No,
301965441,No,301965444,No,No,
301965444,No,301965441,No,No,
301990322,No,301583319,Yes,Yes,
301991318,Yes,301991325,No,Yes,
301991325,No,301991318,Yes,Yes,
301991329,Yes,301991318,Yes,Yes,
301991337,Yes,301991339,Yes,Yes,
301991339,Yes,301991337,Yes,Yes,
302015939,No,302015959,No,Yes,
302015978,Yes,300548931,No,Yes,
302016320,Yes,302016324,No,Yes,
302016324,No,302016320,Yes,Yes,
302076223,No,345066959,No,No,
302097882,Yes,302867062,Yes,Yes,
302141921,No,285954278,Yes,No,
302169307,Yes,302170316,No,Yes,
302170316,No,302169307,Yes,No,
302214021,No,301597659,Yes,Yes,
302224877,No,302224934,Yes,No,
302224934,Yes,302224877,No,Yes,
302225050,Yes,302225125,Yes,Yes,
302225125,Yes,302225050,Yes,Yes,
302225179,No,302225284,Yes,Yes,
302225179,No,302225358,Yes,Yes,
302225284,Yes,302225179,No,Yes,
302225358,Yes,302225179,No,Yes,
302227614,Yes,302227997,No,Yes,
302232142,No,302232236,No,No,
302232236,No,302232142,No,Yes,
302259374,Yes,302259521,No,Yes,
302259521,No,302259374,Yes,No,
302264943,No,302816747,No,No,
302439926,Yes,302441156,Yes,Yes,
302441156,Yes,302439926,Yes,Yes,
302444204,No,302444205,No,No,
302444205,No,302444204,No,No,
302444206,No,302444204,No,No,
302445369,Yes,302445585,No,Yes,
302464115,Yes,302464540,No,Yes,
302464540,No,302464115,Yes,Yes,
302633952,Yes,302633953,No,Yes,
302633953,No,302633952,Yes,No,
302719773,No,302755190,No,No,
302734469,No,302734890,No,Yes,
302734890,No,302734469,No,Yes,
302740027,Yes,302740195,No,Yes,
302740195,No,302740027,Yes,Yes,
302744620,Yes,302850993,No,Yes,
302755190,No,302719773,No,Yes,
302756129,Yes,302757567,No,Yes,
302757567,No,302756129,Yes,Yes,
302760307,Yes,302760309,No,Yes,
302760309,No,302760307,Yes,No,
302785520,Yes,302785572,No,Yes,
302785572,No,302785520,Yes,Yes,
302816747,No,302264943,No,No,
302831046,Yes,302832521,Yes,Yes,
302832521,Yes,302831046,Yes,Yes,
302843592,No,302852216,No,No,
302846840,No,302865789,No,No,
302850993,No,302744620,Yes,Yes,
302851097,No,302867828,No,No,
302852216,No,302843592,No,No,
302865789,No,302846840,No,No,
302867062,Yes,302097882,Yes,Yes,
302867828,No,302851097,No,No,
302979456,No,302979499,No,Yes,
302979499,No,302979456,No,Yes,
303125974,Yes,208268667,Yes,Yes,
303132712,Yes,208268665,Yes,Yes,
303166677,No,303166818,Yes,Yes,
303166818,Yes,303166677,No,Yes,
303242347,No,303689124,No,No,
303255243,No,208268668,Yes,No,
303265879,No,181466324,Yes,Yes,
303270585,No,303270778,Yes,Yes,
303270778,Yes,303270585,No,Yes,
303282328,Yes,303282748,Yes,Yes,
303282748,Yes,303282328,Yes,Yes,
303338965,No,303338966,Yes,Yes,
303338966,Yes,303338965,No,Yes,
303341288,No,304864520,No,No,
303379843,Yes,303379849,Yes,Yes,
303379845,Yes,303379849,Yes,Yes,
303379849,Yes,303379843,Yes,Yes,
303389429,No,303389430,No,No,
303389430,No,303389429,No,No,
303432496,No,303432526,No,No,
303432526,No,303432496,No,No,
303479556,No,337433509,No,No,
303480313,Yes,303480338,Yes,Yes,
303480338,Yes,303480313,Yes,Yes,
303514100,No,303514105,No,No,
303514105,No,303514100,No,No,
303550640,Yes,305442058,No,Yes,
303553660,Yes,303554018,No,Yes,
303554018,No,303553660,Yes,Yes,
303554075,Yes,303554247,No,Yes,
303554247,No,303554075,Yes,Yes,
303557104,Yes,183589921,Yes,Yes,
303621729,Yes,304019419,No,Yes,
303665354,Yes,303665355,No,Yes,
303665355,No,303665354,Yes,No,
303689124,No,303242347,No,No,
303722300,Yes,303723585,No,Yes,
303723585,No,303722300,Yes,Yes,
303771456,Yes,303771523,No,Yes,
303771523,No,303771456,Yes,No,
303775705,Yes,337394642,Yes,Yes,
303790022,Yes,341060278,Yes,Yes,
303790322,Yes,307391276,Yes,Yes,
303790480,Yes,341060248,Yes,Yes,
303794288,No,303794582,No,No,
303794582,No,303794288,No,No,
303864379,No,304158431,No,No,
303905253,No,303905254,No,No,
303905254,No,303905253,No,No,
303912261,No,303912262,Yes,No,
303912262,Yes,303912261,No,Yes,
303990605,Yes,303990606,No,Yes,
303990606,No,303990605,Yes,Yes,
304019419,No,303621729,Yes,Yes,
304035326,No,337331319,No,No,
304063362,No,307316654,No,No,
304097072,No,304097077,Yes,No,
304097077,Yes,304097072,No,Yes,
304158431,No,303864379,No,No,
304270166,Yes,304270235,No,Yes,
304270235,No,304270166,Yes,No,
304270298,Yes,304270410,Yes,Yes,
304270410,Yes,304270298,Yes,Yes,
304282594,Yes,304287500,No,Yes,
304283737,Yes,304287161,No,Yes,
304287161,No,304283737,Yes,Yes,
304287500,No,304282594,Yes,Yes,
304287935,No,137294837,No,Yes,
304288240,No,137293784,Yes,Yes,
304288869,No,137293405,Yes,Yes,
304289068,No,137288684,Yes,No,
304393112,Yes,304393113,No,Yes,
304393113,No,304393112,Yes,Yes,
304397098,Yes,304397100,No,Yes,
304397100,No,304397098,Yes,Yes,
304453676,No,304455360,No,No,
304455360,No,304453676,No,No,
304457160,No,304458891,No,No,
304461611,Yes,304837682,No,Yes,
304491122,No,304491124,Yes,Yes,
304491124,Yes,304491122,No,Yes,
304533352,Yes,304533412,Yes,Yes,
304533412,Yes,304533352,Yes,Yes,
304534871,No,304819064,No,No,
304536260,Yes,304536285,Yes,Yes,
304536285,Yes,304536260,Yes,Yes,
304554195,Yes,304827271,No,Yes,
304566251,Yes,304566255,No,Yes,
304566255,No,304566251,Yes,No,
304599755,No,304828008,No,No,
304605138,Yes,337087098,No,Yes,
304777652,Yes,304892216,No,Yes,
304782118,Yes,305098123,No,Yes,
304819064,No,304534871,No,No,
304827271,No,304554195,Yes,Yes,
304828008,No,304599755,No,No,
304837682,No,304461611,Yes,Yes,
304859029,Yes,304962334,No,Yes,
304864520,No,303341288,No,No,
304875962,Yes,304875966,No,Yes,
304875966,No,304875962,Yes,No,
304892216,No,304777652,Yes,Yes,
304954857,Yes,305233770,No,Yes,
304962334,No,304859029,Yes,Yes,
304973784,No,337351923,No,Yes,
305010026,Yes,305010029,No,Yes,
305010029,No,305010026,Yes,Yes,
305031875,No,305752786,No,No,
305034174,No,305034176,Yes,Yes,
305034176,Yes,305034174,No,Yes,
305049583,Yes,305049758,No,Yes,
305049758,No,305049583,Yes,Yes,
305060284,Yes,305289487,No,Yes,
305071771,Yes,305288767,No,Yes,
305098123,No,304782118,Yes,Yes,
305105015,No,305105016,No,No,
305105016,No,305105015,No,No,
305107618,No,305107633,No,No,
305107823,Yes,305107769,No,Yes,
305127608,Yes,305127611,Yes,Yes,
305127611,Yes,305127608,Yes,Yes,
305155088,No,125652487,Yes,Yes,
305171083,No,305171382,No,No,
305171382,No,305171083,No,No,
305233770,No,304954857,Yes,Yes,
305240910,No,303544458,No,Yes,
305252963,No,305253212,No,No,
305253212,No,305252963,No,No,
305288767,No,305071771,Yes,Yes,
305289487,No,305060284,Yes,Yes,
305415000,No,305441672,No,No,
305430702,No,337102896,No,Yes,
305441672,No,305415000,No,No,
305442058,No,303550640,Yes,Yes,
305460920,No,305460921,No,No,
305460921,No,305460920,No,No,
305517913,Yes,305690438,No,Yes,
305606234,Yes,308039916,No,Yes,
305651413,Yes,322325420,Yes,Yes,
305651742,No,305651743,Yes,Yes,
305651743,Yes,305651742,No,Yes,
305653518,No,305653519,Yes,No,
305653519,Yes,305653518,No,Yes,
305680214,Yes,305680351,No,Yes,
305680351,No,305680214,Yes,Yes,
305683245,No,305683692,No,No,
305683692,No,305683245,No,No,
305690438,No,305517913,Yes,Yes,
305692429,Yes,305692430,No,Yes,
305692430,No,305692429,Yes,No,
305704800,Yes,305704948,No,Yes,
305704948,No,305704800,Yes,Yes,
305706091,No,305706092,No,No,
305706092,No,305706091,No,No,
305752786,No,305031875,No,No,
305756263,No,299891423,No,No,
305783675,Yes,305783795,No,Yes,
305783795,No,305783675,Yes,No,
305789101,Yes,305789102,No,Yes,
305789102,No,305789101,Yes,No,
305813740,No,337351646,Yes,No,
305875843,Yes,305887464,Yes,Yes,
305887464,Yes,305875843,Yes,Yes,
305897050,Yes,322326037,Yes,Yes,
305902017,No,344706218,No,No,
305914032,Yes,305916090,No,Yes,
305916090,No,305914032,Yes,Yes,
305918192,No,337235268,No,No,
305928344,No,305957765,No,No,
305957765,No,305928344,No,No,
305993986,No,305993986,No,Yes,
305997421,No,195283561,Yes,Yes,
306053628,No,300556413,No,No,
306060108,Yes,306060113,Yes,Yes,
306060113,Yes,306060108,Yes,Yes,
306060128,Yes,306060134,No,Yes,
306060313,Yes,307727476,No,Yes,
306094779,No,307562004,No,No,
306103618,Yes,306103617,No,Yes,
306118702,Yes,306118746,No,Yes,
306118746,No,306118702,Yes,Yes,
306168488,Yes,306168489,No,Yes,
306168489,No,306168488,Yes,No,
306176770,Yes,306176771,Yes,Yes,
306176771,Yes,306176770,Yes,Yes,
306259179,Yes,308446358,No,Yes,
306263750,Yes,306470961,No,Yes,
306301073,No,345067086,No,No,
306309070,No,306366096,No,No,
306329642,Yes,306329643,Yes,Yes,
306329643,Yes,306329642,Yes,Yes,
306332567,Yes,307541387,No,Yes,
306366096,No,306309070,No,No,
306382005,No,306382006,No,Yes,
306382006,No,306382005,No,No,
306383115,No,306383116,No,No,
306383116,No,306383115,No,No,
306411441,No,306411443,No,No,
306411443,No,306411441,No,No,
306411495,Yes,306411497,No,Yes,
306411497,No,306411495,Yes,No,
306424517,No,306424519,No,No,
306424519,No,306424517,No,No,
306433730,No,306433731,No,No,
306433731,No,306433730,No,No,
306433738,Yes,306433739,No,Yes,
306433739,No,306433738,Yes,No,
306433751,Yes,306433752,No,Yes,
306433752,No,306433751,Yes,No,
306439376,No,306439388,No,No,
306439388,No,306439376,No,No,
306470961,No,306263750,Yes,Yes,
306565025,Yes,306565822,No,Yes,
306565822,No,306565025,Yes,No,
306583634,No,306587479,No,Yes,
306587479,No,306583634,No,No,
306592636,Yes,306592637,No,Yes,
306592637,No,306592636,Yes,Yes,
306601032,Yes,306601222,No,Yes,
306601222,No,306601032,Yes,Yes,
306606057,No,306606211,No,No,
306606211,No,306606057,No,No,
306629679,No,309475848,No,Yes,
306645578,Yes,306645579,Yes,Yes,
306645579,Yes,306645578,Yes,Yes,
306828420,Yes,306828714,Yes,Yes,
306828714,Yes,306828420,Yes,Yes,
306836084,No,306836277,No,No,
306836277,No,306836084,No,No,
306841528,Yes,306841533,Yes,Yes,
306841533,Yes,306841528,Yes,Yes,
306842302,Yes,306842671,Yes,Yes,
306842671,Yes,306842302,Yes,Yes,
306862307,No,306862449,Yes,No,
306862449,Yes,306862307,No,Yes,
306871563,Yes,306871849,No,Yes,
306871849,No,306871563,Yes,Yes,
306879622,Yes,306879623,No,Yes,
306879623,No,306879622,Yes,No,
306956957,No,306956958,No,No,
306956958,No,306956957,No,No,
306956985,No,306956986,No,No,
306956986,No,306956985,No,No,
306957021,No,306957022,No,No,
306957022,No,306957021,No,No,
306977594,No,306977845,Yes,No,
306977845,Yes,306977594,No,Yes,
306983638,Yes,307005470,Yes,Yes,
306984590,Yes,307278771,No,Yes,
306990918,No,306992868,Yes,No,
306992868,Yes,306990918,No,Yes,
307005470,Yes,306983638,Yes,Yes,
307083986,Yes,307085473,No,Yes,
307084042,Yes,307084054,No,Yes,
307084054,No,307084042,Yes,Yes,
307085473,No,307083986,Yes,No,
307110136,Yes,307110141,No,Yes,
307110141,No,307110136,Yes,No,
307196308,Yes,307196309,No,Yes,
307196309,No,307196308,Yes,Yes,
307278771,No,306984590,Yes,No,
307316654,No,304063362,No,No,
307320431,No,307321088,No,No,
307321088,No,307320431,No,No,
307354304,Yes,307354762,Yes,Yes,
307354762,Yes,307354304,Yes,Yes,
307391276,Yes,303790322,Yes,Yes,
307429281,Yes,307429285,No,Yes,
307429285,No,307429281,Yes,Yes,
307509906,No,307511123,No,No,
307511123,No,307509906,No,No,
307541387,No,306332567,Yes,Yes,
307546561,No,308304705,No,No,
307562004,No,306094779,No,No,
307632073,No,307632229,No,Yes,
307632229,No,307632073,No,Yes,
307632923,No,307741436,No,No,
307639696,No,308092905,No,No,
307654274,No,307654620,No,No,
307654620,No,307654274,No,No,
307662335,Yes,307662336,No,Yes,
307662336,No,307662335,Yes,No,
307667741,Yes,307667777,No,Yes,
307667777,No,307667741,Yes,No,
307678065,No,307678067,Yes,No,
307678067,Yes,307678065,No,Yes,
307727476,No,306060313,Yes,Yes,
307741436,No,307632923,No,No,
307742373,Yes,307742374,Yes,Yes,
307742374,Yes,307742373,Yes,Yes,
307754609,No,307762987,No,No,
307819541,No,309291919,No,No,
307836891,No,307836892,Yes,No,
307836892,Yes,307836891,No,Yes,
307836909,Yes,307836915,Yes,Yes,
307836915,Yes,307836909,Yes,Yes,
307861307,No,307861664,No,No,
307861664,No,307861307,No,No,
307970687,No,308097895,No,No,
308026909,Yes,308026966,No,Yes,
308026966,No,308026909,Yes,No,
308039916,No,305606234,Yes,Yes,
308077910,No,308078820,No,No,
308078820,No,308077910,No,No,
308092905,No,307639696,No,No,
308094029,No,308097009,No,No,
308097009,No,308094029,No,No,
308097895,No,307970687,No,No,
308102332,No,308104349,No,No,
308104349,No,308102332,No,No,
308117501,No,308117502,No,No,
308117502,No,308117501,No,No,
308150795,No,308160328,No,No,
308155480,No,308158020,No,No,
308158020,No,308155480,No,No,
308160328,No,308150795,No,No,
308161802,Yes,308161815,No,Yes,
308161815,No,308161802,Yes,Yes,
308182598,Yes,339141763,No,Yes,
308202105,No,308203432,No,No,
308203432,No,308202105,No,No,
308208764,No,188817749,Yes,Yes,
308212241,Yes,308212242,No,Yes,
308212242,No,308212241,Yes,Yes,
308242368,Yes,308584774,No,Yes,
308254024,No,308583999,No,No,
308287177,Yes,312901280,No,Yes,
308304705,No,307546561,No,No,
308328648,No,308358598,Yes,No,
308354889,No,308355765,No,No,
308355765,No,308354889,No,No,
308358598,Yes,308328648,No,Yes,
308359314,No,308359600,No,No,
308359600,No,308359314,No,No,
308361954,No,308362499,No,No,
308362499,No,308361954,No,No,
308369675,No,308371383,No,No,
308371383,No,308369675,No,No,
308446358,No,306259179,Yes,Yes,
308462924,No,308717310,No,No,
308476702,Yes,308884839,No,Yes,
308503403,No,308509437,No,No,
308509437,No,308503403,No,No,
308542062,No,308542893,No,Yes,
308583999,No,308254024,No,No,
308584774,No,308242368,Yes,Yes,
308596990,Yes,308738271,No,Yes,
308618794,Yes,308618795,No,Yes,
308618795,No,308618794,Yes,Yes,
308634050,No,308634123,No,No,
308634123,No,308634050,No,No,
308649353,No,308649354,No,No,
308649354,No,308649353,No,No,
308717310,No,308462924,No,No,
308738271,No,308596990,Yes,No,
308739359,No,308739987,No,No,
308739987,No,308739359,No,Yes,
308772981,Yes,308773345,No,Yes,
308772981,Yes,308773299,No,Yes,
308773299,No,308772981,Yes,No,
308773345,No,308772981,Yes,No,
308786050,Yes,308786054,No,Yes,
308786054,No,308786050,Yes,No,
308810606,No,308811396,No,No,
308811396,No,308810606,No,No,
308833743,No,345067215,No,No,
308849465,Yes,308849641,Yes,Yes,
308849641,Yes,308849465,Yes,Yes,
308850549,Yes,308851056,Yes,Yes,
308851056,Yes,308850549,Yes,Yes,
308853281,Yes,308853300,No,Yes,
308853300,No,308853281,Yes,Yes,
308883020,Yes,308883021,No,Yes,
308883021,No,308883020,Yes,Yes,
308884839,No,308476702,Yes,Yes,
308889284,Yes,308889424,Yes,Yes,
308889424,Yes,308889284,Yes,Yes,
308914966,No,308914967,No,No,
308914967,No,308914966,No,No,
308977233,No,308977700,No,No,
308977700,No,308977233,No,No,
308981397,No,308982479,No,No,
308982479,No,308981397,No,No,
309066970,No,309065803,Yes,No,
309091265,No,344596495,No,No,
309093339,No,309093340,No,No,
309093340,No,309093339,No,No,
309132346,No,309132347,No,Yes,
309132347,No,309132346,No,Yes,
309145894,No,328142885,No,No,
309192569,Yes,309192570,No,Yes,
309192570,No,309192569,Yes,No,
309225888,Yes,311432112,Yes,Yes,
309251416,Yes,309481933,No,Yes,
309270714,Yes,309271316,Yes,Yes,
309271316,Yes,309270714,Yes,Yes,
309291919,No,307819541,No,No,
309301795,No,309301797,No,No,
309301797,No,309301795,No,No,
309357814,No,309358366,No,Yes,
309358366,No,309357814,No,No,
309387816,No,309387870,No,Yes,
309387870,No,309387816,No,Yes,
309391962,Yes,309391963,No,Yes,
309391963,No,309391962,Yes,No,
309420770,No,279137484,No,No,
309461696,No,309463126,No,No,
309463126,No,309461696,No,No,
309475848,No,306629679,No,Yes,
309481933,No,309251416,Yes,No,
309573897,Yes,309573970,No,Yes,
309573970,No,309573897,Yes,No,
309622637,No,309622784,No,No,
309622784,No,309622637,No,No,
309637370,Yes,309963452,No,Yes,
309643814,No,309745508,No,No,
309664982,Yes,309664985,Yes,Yes,
309664985,Yes,309664982,Yes,Yes,
309664989,No,309664990,No,Yes,
309664990,No,309664989,No,Yes,
309666945,Yes,309666946,Yes,Yes,
309666946,Yes,309666945,Yes,Yes,
309672122,No,309672128,No,Yes,
309672128,No,309672122,No,No,
309726131,No,310372686,No,No,
309745508,No,309643814,No,No,
309756373,Yes,309756379,Yes,Yes,
309756379,Yes,309756373,Yes,Yes,
309762440,No,345067704,No,No,
309822758,No,309823082,No,No,
309963452,No,309637370,Yes,Yes,
309969925,No,310007880,No,No,
309997502,Yes,309997636,No,Yes,
309997636,No,309997502,Yes,No,
310007880,No,309969925,No,No,
310052053,No,310052103,No,No,
310052103,No,310052053,No,No,
310052616,Yes,310053836,No,Yes,
310053836,No,310052616,Yes,Yes,
310062718,Yes,310062764,No,Yes,
310062764,No,310062718,Yes,Yes,
310108302,No,310108343,No,No,
310108343,No,310108302,No,No,
310108371,No,310108511,Yes,No,
310108511,Yes,310108371,No,Yes,
310220939,Yes,310499501,No,Yes,
310248291,No,310248476,No,No,
310248476,No,310248291,No,No,
310293732,No,310293733,No,No,
310293733,No,310293732,No,No,
310372686,No,309726131,No,No,
310422889,No,310422891,Yes,No,
310422891,Yes,310422889,No,Yes,
310499501,No,310220939,Yes,Yes,
310547017,No,310806695,No,No,
310566089,No,310566093,No,No,
310566093,No,310566089,No,No,
310567528,Yes,310567628,No,Yes,
310609124,Yes,310609326,Yes,Yes,
310609326,Yes,310609124,Yes,Yes,
310637230,Yes,339141234,No,Yes,
310644793,Yes,337594374,No,Yes,
310653888,No,310663074,No,No,
310663074,No,310653888,No,No,
310796800,No,345067337,No,No,
310806695,No,310547017,No,No,
310859597,No,310860303,No,No,
310860303,No,310859597,No,No,
310867961,No,310867962,No,Yes,
310867962,No,310867961,No,No,
310928961,Yes,310929236,No,Yes,
310929236,No,310928961,Yes,Yes,
310976520,No,29569642,No,No,
311005687,Yes,311006078,No,Yes,
311006078,No,311005687,Yes,No,
311011277,No,311012185,No,No,
311012185,No,311011277,No,No,
311015647,No,311016812,No,No,
311016812,No,311015647,No,No,
311065347,Yes,311065362,Yes,Yes,
311065362,Yes,311065347,Yes,Yes,
311076515,No,311076518,Yes,No,
311076515,No,311076520,No,No,
311076515,No,311076519,No,No,
311076518,Yes,311076518,Yes,Yes,
311076519,No,311076518,Yes,No,
311076520,No,311076518,Yes,No,
311087751,Yes,311087752,No,Yes,
311087752,No,311087751,Yes,No,
311224533,No,311224534,Yes,No,
311224534,Yes,311224533,No,Yes,
311280244,No,311280774,No,No,
311280774,No,311280244,No,No,
311331220,Yes,311506985,No,Yes,
311377265,Yes,311377266,No,Yes,
311377266,No,311377265,Yes,No,
311432112,Yes,309225888,Yes,Yes,
311471674,No,311473350,No,No,
311473350,No,311471674,No,No,
311479370,No,311479606,No,No,
311479606,No,311479370,No,No,
311506985,No,311331220,Yes,No,
311510981,No,311511310,No,No,
311511310,No,311510981,No,No,
311549295,Yes,311549296,No,Yes,
311549296,No,311549295,Yes,Yes,
311678512,Yes,313521120,No,Yes,
311815954,No,311846245,No,No,
311828964,No,311829094,Yes,Yes,
311829094,Yes,311828964,No,Yes,
311831727,Yes,312711379,No,Yes,
311846245,No,311815954,No,Yes,
311851888,Yes,311851904,No,Yes,
311851904,No,311851888,Yes,No,
311921070,No,311931081,No,No,
311931081,No,311921070,No,No,
311952351,No,311952660,No,No,
311952660,No,311952351,No,No,
311968338,No,312383306,No,No,
312011395,Yes,312808271,No,Yes,
312087218,Yes,312087221,No,Yes,
312087221,No,312087218,Yes,Yes,
312170695,Yes,312183996,No,Yes,
312180155,No,312236473,No,No,
312180867,No,312181330,No,No,
312181330,No,312180867,No,No,
312183996,No,312170695,Yes,Yes,
312197095,No,312197133,No,Yes,
312197133,No,312197095,No,Yes,
312197399,No,312197425,No,No,
312197425,No,312197399,No,No,
312236473,No,312180155,No,No,
312365426,Yes,312365427,No,Yes,
312365427,No,312365426,Yes,No,
312374463,No,313125402,No,Yes,
312375570,Yes,312375999,Yes,Yes,
312375999,Yes,312375570,Yes,Yes,
312383306,No,311968338,No,No,
312389108,No,312403327,No,No,
312398675,No,312400104,No,No,
312400796,No,312400104,No,No,
312403327,No,312389108,No,No,
312403738,No,312403327,No,No,
312405980,No,312408019,No,No,
312408019,No,312405980,No,No,
312411583,No,312413280,No,No,
312416716,No,312417611,No,No,
312417611,No,312416716,No,No,
312425600,No,312431912,No,No,
312431170,No,312432447,No,No,
312431912,No,312425600,No,No,
312432447,No,312431170,No,No,
312439129,Yes,312439130,No,Yes,
312439130,No,312439129,Yes,Yes,
312449028,No,312450135,No,No,
312450135,No,312449028,No,No,
312534005,Yes,312534020,Yes,Yes,
312534020,Yes,312534005,Yes,Yes,
312548908,Yes,312548910,Yes,Yes,
312548910,Yes,312548908,Yes,Yes,
312577701,No,312576500,No,No,
312600514,Yes,312600540,No,Yes,
312600540,No,312600514,Yes,Yes,
312711379,No,311831727,Yes,Yes,
312720647,Yes,312720998,No,Yes,
312720998,No,312720647,Yes,No,
312784389,Yes,312784394,No,Yes,
312784394,No,312784389,Yes,No,
312808271,No,312011395,Yes,Yes,
312832134,No,312832181,No,No,
312832181,No,312832134,No,No,
312843848,No,312843850,Yes,No,
312843850,Yes,312843848,No,Yes,
312859583,No,312861484,No,No,
312861484,No,312859583,No,No,
312874476,No,312874750,No,No,
312874750,No,312874476,No,No,
312990015,Yes,312990419,No,Yes,
312990419,No,312990015,Yes,No,
312992941,Yes,312994641,No,Yes,
312993181,No,313216968,No,No,
312993253,No,312993347,No,No,
312993347,No,312993253,No,No,
312994641,No,312992941,Yes,No,
313015375,No,313015377,Yes,No,
313015377,Yes,313015375,No,Yes,
313017059,Yes,313107264,No,Yes,
313017088,Yes,313107196,Yes,Yes,
313024786,Yes,313024787,Yes,Yes,
313024787,Yes,313024786,Yes,Yes,
313107196,Yes,313017088,Yes,Yes,
313107264,No,313017059,Yes,Yes,
313125402,No,312374463,No,Yes,
313145419,No,313145805,No,No,
313145805,No,313145419,No,No,
313216968,No,312993181,No,No,
313219588,Yes,313269440,No,Yes,
313240912,No,314349484,No,Yes,
313254661,No,313254674,Yes,Yes,
313254674,Yes,313254661,No,Yes,
313269440,No,313219588,Yes,No,
313295323,No,313295438,No,No,
313295438,No,313295323,No,No,
313402031,Yes,315238661,Yes,Yes,
313407549,No,284492818,Yes,Yes,
313466126,Yes,313466204,No,Yes,
313466204,No,313466126,Yes,No,
313521120,No,311678512,Yes,Yes,
313548019,Yes,313548020,No,Yes,
313548020,No,313548019,Yes,Yes,
313582194,Yes,313593647,No,Yes,
313593647,No,313582194,Yes,No,
313706305,No,313718016,No,No,
313718016,No,313706305,No,No,
313785203,No,313785204,Yes,Yes,
313785204,Yes,313785203,No,Yes,
313835398,No,313835962,No,No,
313835962,No,313835398,No,Yes,
313873751,No,314053686,Yes,No,
313885862,Yes,313885863,Yes,Yes,
313885863,Yes,313885862,Yes,Yes,
313952678,Yes,313953011,No,Yes,
313953011,No,313952678,Yes,Yes,
313960407,No,313956854,No,Yes,
313963733,Yes,320063610,No,Yes,
313964371,No,313964372,No,No,
313964372,No,313964371,No,No,
313964410,Yes,313964411,Yes,Yes,
313964410,Yes,313964417,No,Yes,
313964411,Yes,313964410,Yes,Yes,
313964417,No,313964410,Yes,No,
313992626,No,313992629,No,No,
313992629,No,313992626,No,No,
313996192,Yes,313996270,Yes,Yes,
313996192,Yes,333025396,Yes,Yes,
313996192,Yes,325267824,No,Yes,
313996270,Yes,313996192,Yes,Yes,
314034671,No,314034674,Yes,No,
314034674,Yes,314034671,No,Yes,
314042040,Yes,314042042,Yes,Yes,
314042042,Yes,314042040,Yes,Yes,
314053686,Yes,313873751,No,Yes,
314081542,Yes,314083720,Yes,Yes,
314082027,No,314081542,Yes,No,
314083720,Yes,314081542,Yes,Yes,
314121737,Yes,314122507,No,Yes,
314122507,No,314121737,Yes,No,
314158692,Yes,314159346,No,Yes,
314159346,No,314158692,Yes,Yes,
314191218,Yes,314753324,No,Yes,
314214087,Yes,314214119,No,Yes,
314214119,No,314214087,Yes,Yes,
314217450,No,314217453,Yes,No,
314217453,Yes,314217450,No,Yes,
314230331,Yes,339140999,No,Yes,
314246309,Yes,314362268,No,Yes,
314331232,Yes,314331236,No,Yes,
314331236,No,314331232,Yes,No,
314349484,No,313240912,No,Yes,
314362268,No,314246309,Yes,Yes,
314371186,No,314371221,No,No,
314371221,No,314371186,No,No,
314385612,No,314385613,No,No,
314385613,No,314385612,No,No,
314405509,No,314405589,No,No,
314405589,No,314405509,No,No,
314409165,No,314409493,No,No,
314409493,No,314409165,No,No,
314417607,Yes,314417917,No,Yes,
314417917,No,314417607,Yes,Yes,
314496834,No,314497824,No,No,
314497824,No,314496834,No,No,
314499054,No,314497824,No,No,
314661724,Yes,314662236,No,Yes,
314662236,No,314661724,Yes,No,
314682441,Yes,314682913,Yes,Yes,
314682913,Yes,314682441,Yes,Yes,
314693170,Yes,314693685,No,Yes,
314753324,No,314191218,Yes,Yes,
314759325,No,314759566,Yes,No,
314759566,Yes,314759325,No,Yes,
314762600,No,314800219,No,No,
314765072,No,314797339,No,No,
314774372,No,314801641,No,No,
314781134,No,314790664,No,No,
314783410,No,314792539,No,No,
314786338,No,314793111,No,No,
314790664,No,314781134,No,No,
314792539,No,314783410,No,No,
314793111,No,314786338,No,No,
314797339,No,314765072,No,No,
314800219,No,314762600,No,No,
314801276,Yes,314801312,No,Yes,
314801312,No,314801276,Yes,Yes,
314801641,No,314774372,No,No,
314820289,Yes,314820339,Yes,Yes,
314820339,Yes,314820289,Yes,Yes,
314831395,Yes,314831398,No,Yes,
314831398,No,314831395,Yes,Yes,
314832800,Yes,314832801,No,Yes,
314832801,No,314832800,Yes,No,
314849291,No,314850534,No,No,
314850534,No,314849291,No,No,
314917314,Yes,314917315,Yes,Yes,
314917315,Yes,314917314,Yes,Yes,
315113330,Yes,337093849,No,Yes,
315124480,Yes,315124606,Yes,Yes,
315124606,Yes,315124480,Yes,Yes,
315142786,Yes,315279908,No,Yes,
315189033,Yes,315189034,Yes,Yes,
315189034,Yes,315189033,Yes,Yes,
315213396,No,315214083,No,No,
315214083,No,315213396,No,No,
315230246,No,315232585,No,No,
315232585,No,315230246,No,No,
315238661,Yes,313402031,Yes,Yes,
315243996,Yes,286129834,Yes,Yes,
315320272,No,315319038,No,No,
315334218,Yes,315372333,No,Yes,
315341282,Yes,321634097,No,Yes,
315372333,No,315334218,Yes,No,
315408703,Yes,315513852,Yes,Yes,
315428026,Yes,329256556,Yes,Yes,
315448119,No,315448427,No,No,
315448427,No,315448119,No,No,
315512373,Yes,315514341,Yes,Yes,
315513852,Yes,315408703,Yes,Yes,
315514341,Yes,315512373,Yes,Yes,
315695936,Yes,315695937,Yes,Yes,
315695937,Yes,315695936,Yes,Yes,
315701519,Yes,315701520,Yes,Yes,
315701520,Yes,315701519,Yes,Yes,
315701523,Yes,315701528,Yes,Yes,
315701528,Yes,315701523,Yes,Yes,
315715808,No,315717540,Yes,Yes,
315717540,Yes,315715808,No,Yes,
315785193,Yes,315786267,Yes,Yes,
315786071,Yes,315786697,Yes,Yes,
315786267,Yes,315785193,Yes,Yes,
315786697,Yes,315786071,Yes,Yes,
315810799,Yes,315812671,No,Yes,
315810872,Yes,315812587,No,Yes,
315811863,Yes,315812539,No,Yes,
315812539,No,315811863,Yes,Yes,
315812587,No,315810872,Yes,Yes,
315812671,No,315810799,Yes,Yes,
315818937,Yes,315821387,No,Yes,
315821387,No,315818937,Yes,No,
315821603,Yes,315821693,No,Yes,
315821693,No,315821603,Yes,No,
315864760,Yes,315864761,No,Yes,
315864761,No,315864760,Yes,No,
315918386,No,315918967,No,No,
315918967,No,315918386,No,No,
315924282,Yes,315961523,Yes,Yes,
315941103,Yes,339632321,Yes,Yes,
315943151,Yes,339634567,No,Yes,
315961523,Yes,315924282,Yes,Yes,
315963256,No,315963259,No,No,
315963259,No,315963256,No,No,
315985598,Yes,315985602,Yes,Yes,
315985602,Yes,315985598,Yes,Yes,
316039316,No,316231176,No,No,
316067203,No,316070220,No,No,
316070220,No,316067203,No,Yes,
316149547,No,316149551,No,No,
316149551,No,316149547,No,No,
316154818,Yes,316154822,No,Yes,
316154822,No,316154818,Yes,No,
316154823,No,316154822,No,No,
316154856,No,316154822,No,Yes,
316154857,No,316154822,No,No,
316189118,No,316189895,No,No,
316189895,No,316189118,No,No,
316231176,No,316039316,No,No,
316232244,No,316232245,No,No,
316232244,No,316232249,Yes,No,
316232245,No,316232244,No,Yes,
316232249,Yes,316232244,No,Yes,
316232253,Yes,316232255,Yes,Yes,
316232255,Yes,316232253,Yes,Yes,
316239061,Yes,316244659,No,Yes,
316244659,No,316239061,Yes,Yes,
316339649,No,316340330,No,No,
316340330,No,316339649,No,No,
316343263,No,316344640,No,No,
316344640,No,316343263,No,No,
316392181,Yes,316392189,No,Yes,
316392189,No,316392181,Yes,No,
316408443,Yes,316408444,Yes,Yes,
316408444,Yes,316408443,Yes,Yes,
316451129,No,316451288,No,No,
316451288,No,316451129,No,No,
316495556,No,316496057,No,No,
316496057,No,316495556,No,No,
316533407,Yes,316534679,No,Yes,
316534679,No,316533407,Yes,No,
316599562,Yes,316599949,No,Yes,
316599949,No,316599562,Yes,No,
316625583,Yes,316625584,Yes,Yes,
316625584,Yes,316625583,Yes,Yes,
316688341,No,316688674,No,Yes,
316741969,Yes,316741971,No,Yes,
316741971,No,316741969,Yes,No,
316798363,Yes,316798746,No,Yes,
316798746,No,316798363,Yes,No,
316820195,No,317230526,Yes,Yes,
316855730,Yes,316856139,Yes,Yes,
316856139,Yes,316855730,Yes,Yes,
316912325,No,316960800,No,No,
316926334,No,168948340,Yes,No,
316950258,No,316963028,No,No,
316960800,No,316912325,No,No,
316963028,No,316950258,No,No,
316971521,No,316971731,No,No,
316971731,No,316971521,No,No,
316993520,No,316994092,No,No,
316994092,No,316993520,No,No,
317169238,Yes,317170176,Yes,Yes,
317170176,Yes,317169238,Yes,Yes,
317230526,Yes,316820195,No,Yes,
317257118,No,317257122,No,Yes,
317257122,No,317257118,No,Yes,
317270729,No,317313843,No,Yes,
317272090,Yes,317313337,Yes,Yes,
317278705,Yes,317279483,No,Yes,
317279483,No,317278705,Yes,Yes,
317280485,Yes,317280904,Yes,Yes,
317280904,Yes,317280485,Yes,Yes,
317296305,Yes,317296306,Yes,Yes,
317296306,Yes,317296305,Yes,Yes,
317312427,No,317315292,Yes,No,
317313337,Yes,317272090,Yes,Yes,
317313843,No,317270729,No,No,
317315292,Yes,317312427,No,Yes,
317344826,No,317344831,No,No,
317344831,No,317344826,No,No,
317358839,No,317584062,No,No,
317366638,Yes,317663146,No,Yes,
317367512,No,317513660,No,No,
317383472,Yes,317384141,No,Yes,
317384141,No,317383472,Yes,No,
317404217,Yes,317404621,No,Yes,
317404621,No,317404217,Yes,Yes,
317513660,No,317367512,No,No,
317539485,Yes,317541051,No,Yes,
317541051,No,317539485,Yes,Yes,
317584062,No,317358839,No,No,
317589496,No,317589716,Yes,No,
317589716,Yes,317589496,No,Yes,
317663146,No,317366638,Yes,Yes,
317743195,Yes,317743255,No,Yes,
317743255,No,317743195,Yes,No,
317762496,No,317764107,No,No,
317764107,No,317762496,No,No,
317929233,No,320361598,No,No,
317930830,Yes,339630227,No,Yes,
318088151,No,318088154,Yes,No,
318088154,Yes,318088151,No,Yes,
318088184,No,318088185,Yes,No,
318088185,Yes,318088184,No,Yes,
318091602,No,318091989,Yes,Yes,
318091989,Yes,318091602,No,Yes,
318258995,Yes,318259803,No,Yes,
318259803,No,318258995,Yes,Yes,
318288111,No,318289007,No,No,
318289007,No,318288111,No,No,
318319310,No,318410902,No,Yes,
318344956,Yes,318344311,No,Yes,
318400266,Yes,338759072,Yes,Yes,
318410902,No,318319310,No,Yes,
318428955,Yes,340223929,No,Yes,
318444284,No,318442989,No,No,
318462073,No,318462074,No,No,
318462074,No,318462073,No,No,
318464073,Yes,318464237,No,Yes,
318475445,Yes,340042636,No,Yes,
318475551,No,340042482,No,No,
318514235,No,318514385,Yes,Yes,
318514385,Yes,318514235,No,Yes,
318525569,No,318525571,No,No,
318525571,No,318525569,No,No,
318533969,Yes,318534061,Yes,Yes,
318534061,Yes,318533969,Yes,Yes,
318770256,No,337027070,No,No,
318774160,No,320533984,No,No,
318776318,Yes,318776319,No,Yes,
318816854,Yes,318816935,No,Yes,
318816935,No,318816854,Yes,No,
318862731,No,318862734,No,No,
318862734,No,318862731,No,No,
318869072,No,319026674,No,No,
318891914,No,319024913,No,No,
318925057,Yes,318925059,Yes,Yes,
318925059,Yes,318925057,Yes,Yes,
318940959,No,318940962,No,No,
318940962,No,318940959,No,No,
318972599,Yes,318972601,Yes,Yes,
318972601,Yes,318972605,No,Yes,
318972601,Yes,318972599,Yes,Yes,
318972605,No,318972601,Yes,Yes,
319005645,Yes,319005647,No,Yes,
319005647,No,319005645,Yes,No,
319024913,No,318891914,No,Yes,
319026674,No,318869072,No,No,
319046423,No,319580396,No,No,
319052088,No,319052246,Yes,Yes,
319052246,Yes,319052088,No,Yes,
319057259,No,319057256,No,No,
319237761,Yes,319237762,No,Yes,
319237762,No,319237761,Yes,No,
319245763,Yes,319245764,Yes,Yes,
319245764,Yes,319245763,Yes,Yes,
319252542,No,319253057,Yes,Yes,
319253057,Yes,319252542,No,Yes,
319264651,No,319264652,No,No,
319335915,No,319336843,No,No,
319336843,No,319335915,No,No,
319338274,No,319339447,No,No,
319339447,No,319338274,No,No,
319355701,No,319356528,No,No,
319356528,No,319355701,No,No,
319361086,No,319361126,Yes,Yes,
319361126,Yes,319361086,No,Yes,
319404378,No,319406434,No,No,
319406434,No,319404378,No,No,
319421440,Yes,319421441,No,Yes,
319421441,No,319421440,Yes,Yes,
319440237,No,319440345,No,No,
319440345,No,319440237,No,No,
319456662,No,288357599,No,No,
319500587,No,319500781,Yes,No,
319500781,Yes,319500587,No,Yes,
319557148,Yes,337089460,No,Yes,
319557866,Yes,319558129,Yes,Yes,
319558129,Yes,319557866,Yes,Yes,
319580396,No,319046423,No,No,
319582775,No,319583114,No,No,
319583114,No,319582775,No,No,
319605554,No,288293671,No,No,
319618668,Yes,319618092,No,Yes,
319669355,No,319669394,Yes,Yes,
319669394,Yes,319669355,No,Yes,
319735558,No,319784518,No,No,
319763654,No,319773346,No,No,
319773346,No,319773346,No,No,
319784518,No,319735558,No,No,
319891051,No,319891719,No,No,
319891719,No,319891051,No,No,
319899799,No,319900583,No,No,
319900583,No,319899799,No,No,
319904235,No,319904822,No,No,
319904822,No,319904235,No,Yes,
320012046,Yes,320012047,No,Yes,
320012047,No,320012046,Yes,No,
320029834,No,320029860,No,No,
320029860,No,320029834,No,No,
320056067,No,320056361,No,No,
320056361,No,320056067,No,No,
320059533,Yes,320059619,No,Yes,
320059619,No,320059533,Yes,No,
320063610,No,313963733,Yes,No,
320068040,Yes,320625907,No,Yes,
320074100,Yes,320153304,Yes,Yes,
320122285,No,321846939,No,No,
320153304,Yes,320074100,Yes,Yes,
320155259,No,320154948,No,No,
320315117,No,320314946,No,Yes,
320355628,Yes,320355629,No,Yes,
320355629,No,320355628,Yes,No,
320361598,No,317929233,No,No,
320451874,Yes,340041735,No,Yes,
320452447,Yes,340041596,No,Yes,
320473686,No,267961237,Yes,No,
320474043,No,320488148,No,No,
320482129,No,345067440,No,No,
320488148,No,320474043,No,No,
320533984,No,318774160,No,No,
320625907,No,320068040,Yes,Yes,
320650426,No,320651047,No,No,
320651047,No,320650426,No,No,
320692006,No,320692009,No,No,
320692009,No,320692006,No,No,
320697946,No,320697950,No,No,
320697950,No,320697946,No,No,
320758896,No,320758981,No,No,
320758981,No,320758896,No,No,
320808882,No,320809026,Yes,No,
320809026,Yes,320808882,No,Yes,
320857560,No,320859852,No,No,
320859852,No,320857560,No,No,
320883508,No,320883689,No,No,
320883689,No,320883508,No,No,
320905632,Yes,321123110,No,Yes,
320925992,No,320926001,Yes,Yes,
320926001,Yes,320925992,No,Yes,
320935575,Yes,321753223,No,Yes,
320937596,Yes,320938061,Yes,Yes,
320938061,Yes,320937596,Yes,Yes,
320938285,Yes,320938952,No,Yes,
320938523,No,320905632,Yes,No,
320940762,Yes,320940763,No,Yes,
320940763,No,320940762,Yes,No,
320943187,Yes,147836387,Yes,Yes,
320957715,No,337089890,Yes,Yes,
321066990,No,321066991,Yes,No,
321066991,Yes,321066990,No,Yes,
321075574,Yes,321089818,Yes,Yes,
321089818,Yes,321075574,Yes,Yes,
321123110,No,320905632,Yes,Yes,
321182938,Yes,340041342,No,Yes,
321183003,Yes,321183228,No,Yes,
321183228,No,321183003,Yes,No,
321238356,No,321238359,No,No,
321238359,No,321238356,No,No,
321285881,No,321286087,Yes,No,
321286087,Yes,321285881,No,Yes,
321305353,No,321543346,No,Yes,
321389781,Yes,321389820,No,Yes,
321389820,No,321389781,Yes,Yes,
321516456,Yes,321654262,No,Yes,
321543346,No,321305353,No,Yes,
321619115,No,340041049,No,No,
321634097,No,315341282,Yes,Yes,
321654262,No,321516456,Yes,No,
321662781,Yes,321672268,No,Yes,
321672268,No,321662781,Yes,Yes,
321706459,No,321706498,No,Yes,
321706498,No,321706459,No,No,
321717690,No,321718709,Yes,No,
321718709,Yes,321717690,No,Yes,
321753223,No,320935575,Yes,Yes,
321792016,Yes,340040844,No,Yes,
321798862,No,321798863,No,No,
321798863,No,321798862,No,Yes,
321851583,No,321851883,Yes,No,
321851883,Yes,321851583,No,Yes,
321960098,No,321960151,Yes,Yes,
321960151,Yes,321960098,No,Yes,
322018317,No,322018719,Yes,No,
322018719,Yes,322018317,No,Yes,
322148409,No,322152201,Yes,Yes,
322152201,Yes,322148409,No,Yes,
322167173,Yes,322167964,No,Yes,
322167964,No,322167173,Yes,Yes,
322220935,No,322406957,No,Yes,
322269899,No,322269893,No,No,
322273212,No,322273214,No,No,
322276714,Yes,322276715,No,Yes,
322276715,No,322276714,Yes,No,
322286640,No,322286651,Yes,Yes,
322286651,Yes,322286640,No,Yes,
322286687,Yes,322501361,Yes,Yes,
322294936,Yes,298484030,Yes,Yes,
322325420,Yes,305651413,Yes,Yes,
322326037,Yes,305897050,Yes,Yes,
322400262,No,322400266,Yes,Yes,
322400266,Yes,322400262,No,Yes,
322452060,No,322451967,No,No,
322501361,Yes,322286687,Yes,Yes,
322678872,No,322678921,No,No,
322678921,No,322678872,No,No,
322692526,Yes,322692547,Yes,Yes,
322692547,Yes,322692526,Yes,Yes,
322698310,No,322698311,Yes,No,
322698311,Yes,322698310,No,Yes,
322830404,No,322830405,No,No,
322830405,No,322830404,No,No,
322958315,No,322958316,No,No,
322958316,No,322958315,No,No,
322996176,No,322996178,Yes,No,
322996178,Yes,322996176,No,Yes,
323064910,Yes,339288274,No,Yes,
323124903,Yes,323232002,No,Yes,
323146019,Yes,323146308,No,Yes,
323146308,No,323146019,Yes,Yes,
323165161,Yes,323165162,No,Yes,
323165162,No,323165161,Yes,No,
323232002,No,323124903,Yes,Yes,
323255070,Yes,86318339,Yes,Yes,
323304057,Yes,323304250,No,Yes,
323304250,No,323304057,Yes,No,
323368922,Yes,323369018,No,Yes,
323369018,No,323368922,Yes,Yes,
323389256,Yes,323389384,No,Yes,
323389384,No,323389256,Yes,Yes,
323424676,No,323424677,No,Yes,
323424677,No,323424676,No,No,
323451836,No,323451837,Yes,No,
323451837,Yes,323451836,No,Yes,
323554229,Yes,337594101,No,Yes,
323576336,No,323576338,No,No,
323576338,No,323576336,No,No,
323861969,Yes,323861972,Yes,Yes,
323861972,Yes,323861969,Yes,Yes,
323888987,Yes,324069158,No,Yes,
323916922,No,323916944,Yes,Yes,
323916944,Yes,323916922,No,Yes,
323927176,Yes,323927180,No,Yes,
323927180,No,323927176,Yes,No,
323944433,No,323944435,Yes,Yes,
323944435,Yes,323944433,No,Yes,
323997660,Yes,323997661,No,Yes,
323997661,No,323997660,Yes,Yes,
324069158,No,323888987,Yes,Yes,
324136859,Yes,324150943,No,Yes,
324150943,No,324136859,Yes,Yes,
324208235,Yes,324208236,Yes,Yes,
324208236,Yes,324208235,Yes,Yes,
324252338,No,324252339,No,No,
324252339,No,324252338,No,No,
324259972,Yes,324327606,No,Yes,
324281409,Yes,324340820,No,Yes,
324327606,No,324259972,Yes,Yes,
324340820,No,324281409,Yes,Yes,
324397993,Yes,324526765,No,Yes,
324398551,No,338026678,Yes,Yes,
324423452,Yes,324423662,Yes,Yes,
324423662,Yes,324423452,Yes,Yes,
324480850,No,324480850,No,No,
324480851,No,324480850,No,No,
324526765,No,324397993,Yes,Yes,
324589423,No,324717442,No,No,
324717442,No,324589423,No,No,
324799303,Yes,325057938,No,Yes,
324957589,No,325020579,No,No,
324980360,Yes,324980365,No,Yes,
324980365,No,324980360,Yes,No,
324980366,No,324980367,No,Yes,
324980367,No,324980366,No,No,
324980446,No,324980448,No,No,
324980448,No,324980446,No,No,
325020579,No,324957589,No,No,
325057938,No,324799303,Yes,Yes,
325134369,No,325134637,No,No,
325134493,Yes,325138279,No,Yes,
325134637,No,325134369,No,No,
325216728,No,325216730,No,No,
325216730,No,325216728,No,No,
325267824,No,313996192,Yes,Yes,
325426068,Yes,325426196,No,Yes,
325426196,No,325426068,Yes,No,
325433144,Yes,325433183,No,Yes,
325433183,No,325433144,Yes,Yes,
325585870,Yes,338027874,No,Yes,
325595626,Yes,325595660,No,Yes,
325595660,No,325595626,Yes,Yes,
325603869,Yes,325612345,No,Yes,
325612345,No,325603869,Yes,Yes,
325614593,Yes,325614930,No,Yes,
325614930,No,325614593,Yes,Yes,
325623517,Yes,325623635,No,Yes,
325623635,No,325623517,Yes,Yes,
325625054,Yes,325625055,No,Yes,
325625055,No,325625054,Yes,Yes,
325639062,Yes,325721467,No,Yes,
325646146,No,325646147,No,No,
325646147,No,325646146,No,Yes,
325678349,Yes,325678351,No,Yes,
325678351,No,325678349,Yes,No,
325678375,Yes,325678387,No,Yes,
325678386,Yes,325678387,No,Yes,
325678387,No,325678375,Yes,No,
325678387,No,325678386,Yes,No,
325678387,No,325678388,Yes,No,
325678388,Yes,325678387,No,Yes,
325711940,Yes,325711943,No,Yes,
325711940,Yes,325711942,Yes,Yes,
325711942,Yes,325711940,Yes,Yes,
325711943,No,325711940,Yes,No,
325721467,No,325639062,Yes,Yes,
325782806,Yes,325782808,Yes,Yes,
325782808,Yes,325782806,Yes,Yes,
325830479,Yes,325830479,Yes,Yes,
325834428,No,184391890,No,No,
325834703,No,325834703,No,No,
325899294,Yes,325899362,No,Yes,
325899362,No,325899294,Yes,Yes,
325905670,Yes,325905720,No,Yes,
325905720,No,325905670,Yes,No,
325911006,Yes,325911125,No,Yes,
325911125,No,325911006,Yes,Yes,
325912631,Yes,325912805,No,Yes,
325912805,No,325912631,Yes,Yes,
325913246,Yes,325913305,No,Yes,
325913305,No,325913246,Yes,Yes,
325914964,Yes,325915002,No,Yes,
325915002,No,325914964,Yes,Yes,
325925911,Yes,325925966,No,Yes,
325925966,No,325925911,Yes,Yes,
325925985,Yes,325926043,No,Yes,
325926043,No,325925985,Yes,Yes,
325926136,Yes,325926192,No,Yes,
325926192,No,325926136,Yes,Yes,
325926223,Yes,325926290,No,Yes,
325926290,No,325926223,Yes,Yes,
325962470,No,326180993,No,No,
326027548,Yes,326027673,Yes,Yes,
326027673,Yes,326027548,Yes,Yes,
326040192,No,332550315,No,No,
326073955,Yes,326074437,No,Yes,
326074437,No,326073955,Yes,No,
326095805,No,319703372,No,No,
326115354,Yes,326115355,Yes,Yes,
326115355,Yes,326115354,Yes,Yes,
326141727,Yes,326141918,Yes,Yes,
326141918,Yes,326141727,Yes,Yes,
326180993,No,325962470,No,No,
326213535,No,326213539,No,No,
326213539,No,326213535,No,No,
326213758,Yes,326213833,No,Yes,
326213833,No,326213758,Yes,No,
326214529,No,326214575,No,No,
326214575,No,326214529,No,No,
326253193,Yes,326253225,No,Yes,
326253225,No,326253193,Yes,No,
326253236,Yes,326253251,No,Yes,
326272423,Yes,326272459,No,Yes,
326272459,No,326272423,Yes,Yes,
326428194,No,326428235,No,No,
326428235,No,326428194,No,No,
326444237,No,337148573,No,No,
326484723,Yes,326484777,No,Yes,
326484777,No,326484723,Yes,Yes,
326501583,Yes,326501514,No,Yes,
326512441,Yes,326512441,Yes,Yes,
326562300,Yes,326562330,Yes,Yes,
326562330,Yes,326562300,Yes,Yes,
326721402,No,326721403,No,No,
326721403,No,326721402,No,No,
326739698,No,326740652,No,No,
326740652,No,326739698,No,No,
326810304,Yes,326810698,Yes,Yes,
326810698,Yes,326810304,Yes,Yes,
326876805,Yes,338027232,Yes,Yes,
327005470,Yes,327026666,No,Yes,
327007192,Yes,328098467,No,Yes,
327026666,No,327005470,Yes,No,
327030861,Yes,327030905,No,Yes,
327030905,No,327030861,Yes,Yes,
327030923,Yes,327030995,No,Yes,
327040961,No,327040989,Yes,Yes,
327040989,Yes,327040961,No,Yes,
327076111,Yes,327076113,Yes,Yes,
327076113,Yes,327076111,Yes,Yes,
327099957,No,327215650,Yes,Yes,
327159179,No,327159183,Yes,No,
327159183,Yes,327159179,No,Yes,
327160651,Yes,327160742,No,Yes,
327160742,No,327160651,Yes,Yes,
327205203,Yes,327205209,No,Yes,
327205209,No,327205203,Yes,No,
327215650,Yes,327099957,No,Yes,
327445158,Yes,70704696,Yes,Yes,
327570180,No,341437184,No,No,
327879788,Yes,327882839,No,Yes,
327882839,No,327879788,Yes,No,
327970766,Yes,327970878,No,Yes,
327970878,No,327970766,Yes,Yes,
328005062,Yes,328005121,No,Yes,
328005121,No,328005062,Yes,Yes,
328091438,Yes,328091559,No,Yes,
328091559,No,328091438,Yes,Yes,
328098467,No,327007192,Yes,Yes,
328106011,Yes,328107305,No,Yes,
328106021,Yes,328107471,No,Yes,
328107305,No,328106011,Yes,No,
328107471,No,328106021,Yes,No,
328111594,Yes,328111658,No,Yes,
328111658,No,328111594,Yes,Yes,
328116399,No,328214588,No,No,
328125677,Yes,328236427,No,Yes,
328131605,No,328131932,Yes,Yes,
328131932,Yes,328131605,No,Yes,
328136527,Yes,328136529,Yes,Yes,
328136529,Yes,328136527,Yes,Yes,
328136531,No,328136536,No,No,
328136536,No,328136531,No,No,
328136547,Yes,328137398,No,Yes,
328137398,No,328136547,Yes,No,
328142885,No,309145894,No,Yes,
328160717,No,328161934,No,No,
328161934,No,328160717,No,No,
328163588,No,328163589,No,No,
328163589,No,328163588,No,No,
328196149,Yes,328196150,No,Yes,
328205563,Yes,328205715,No,Yes,
328205715,No,328205563,Yes,Yes,
328217871,Yes,328217995,No,Yes,
328217995,No,328217871,Yes,No,
328221926,Yes,328221927,No,Yes,
328221927,No,328221926,Yes,No,
328222221,Yes,328222382,Yes,Yes,
328222382,Yes,328222221,Yes,Yes,
328236427,No,328125677,Yes,Yes,
328251248,No,328251324,Yes,Yes,
328251324,Yes,328251248,No,Yes,
328257407,No,328295759,No,No,
328293348,Yes,340334437,No,Yes,
328295759,No,328257407,No,No,
328311588,Yes,328311924,No,Yes,
328311924,No,328311588,Yes,No,
328417302,No,328418714,No,No,
328417331,Yes,328418486,No,Yes,
328418486,No,328417331,Yes,No,
328418714,No,328417302,No,No,
328470124,No,328470123,No,No,
328515684,Yes,328515921,No,Yes,
328515921,No,328515684,Yes,No,
328566618,Yes,328566619,Yes,Yes,
328566619,Yes,328566618,Yes,Yes,
328566630,Yes,328569158,No,Yes,
328566653,Yes,328569526,No,Yes,
328569158,No,328566630,Yes,No,
328569526,No,328566653,Yes,No,
328612410,Yes,333463718,No,Yes,
328619754,Yes,328636719,No,Yes,
328636719,No,328619754,Yes,No,
328674782,No,328674788,No,No,
328674788,No,328674782,No,No,
328674794,No,328674797,No,No,
328674797,No,328674794,No,No,
328681774,Yes,328685245,No,Yes,
328685245,No,328681774,Yes,No,
328740205,No,328740206,No,No,
328740206,No,328740205,No,Yes,
328837760,Yes,328837761,No,Yes,
328837761,No,328837760,Yes,No,
328908456,Yes,328908861,No,Yes,
328908861,No,328908456,Yes,No,
328928499,No,340039897,No,No,
328937991,Yes,328937997,Yes,Yes,
328937997,Yes,328937991,Yes,Yes,
328967071,No,328967072,No,No,
328967072,No,328967071,No,No,
328991906,Yes,329025558,No,Yes,
329003978,Yes,329004063,No,Yes,
329004063,No,329003978,Yes,Yes,
329011555,No,329011557,Yes,Yes,
329011557,Yes,329011555,No,Yes,
329025558,No,328991906,Yes,No,
329126626,Yes,329127013,No,Yes,
329127013,No,329126626,Yes,No,
329133494,Yes,339045568,No,Yes,
329210344,No,329210420,No,No,
329210420,No,329210344,No,No,
329252320,Yes,329252521,No,Yes,
329252521,No,329252320,Yes,No,
329254079,Yes,329254544,No,Yes,
329254544,No,329254079,Yes,No,
329256556,Yes,315428026,Yes,Yes,
329369138,No,329369139,No,No,
329369139,No,329369138,No,No,
329375653,No,329375997,No,No,
329375997,No,329375653,No,No,
329476387,Yes,329476388,No,Yes,
329520902,Yes,329520949,No,Yes,
329520949,No,329520902,Yes,No,
329580248,Yes,329580463,Yes,Yes,
329580463,Yes,329580463,Yes,Yes,
329600069,Yes,329600070,No,Yes,
329600070,No,329600069,Yes,Yes,
329608213,Yes,329608215,Yes,Yes,
329608215,Yes,329608213,Yes,Yes,
329684259,No,329684260,No,No,
329684260,No,329684259,No,No,
329709171,No,329709175,No,No,
329709175,No,329709171,No,No,
329712105,Yes,329712131,Yes,Yes,
329712131,Yes,329712105,Yes,Yes,
329715815,No,330470292,No,No,
329718158,No,329718496,No,No,
329718496,No,329718158,No,No,
329753184,No,329753190,No,No,
329753190,No,329753184,No,No,
329820841,Yes,329820843,Yes,Yes,
329820843,Yes,329820841,Yes,Yes,
329833353,No,329833360,No,No,
329833360,No,329833353,No,No,
329956685,Yes,329956719,No,Yes,
329956719,No,329956685,Yes,No,
330156324,Yes,330114506,No,Yes,
330273853,No,330273855,No,No,
330273855,No,330273853,No,No,
330275419,Yes,330275422,No,Yes,
330275420,Yes,330275422,No,Yes,
330275422,No,330275420,Yes,Yes,
330320886,Yes,330320887,No,Yes,
330320887,No,330320886,Yes,Yes,
330379006,No,330813263,No,Yes,
330389613,Yes,330389617,No,Yes,
330389617,No,330389613,Yes,No,
330435276,No,330435349,Yes,No,
330435349,Yes,330435276,No,Yes,
330470292,No,329715815,No,No,
330638391,No,330638637,No,No,
330638637,No,330638391,No,No,
330639950,No,115495626,Yes,Yes,
330731881,Yes,330732079,No,Yes,
330732079,No,330731881,Yes,No,
330737638,No,330737729,No,No,
330737729,No,330737638,No,No,
330765563,Yes,247858343,No,Yes,
330813263,No,330379006,No,Yes,
330856408,Yes,330856413,No,Yes,
330856413,No,330856408,Yes,No,
330880849,Yes,330880853,No,Yes,
330880853,No,330880849,Yes,Yes,
330885936,Yes,330885938,No,Yes,
330885938,No,330885936,Yes,No,
330955797,Yes,330955798,No,Yes,
330955798,No,330955797,Yes,No,
330955799,Yes,330955800,No,Yes,
330955800,No,330955799,Yes,No,
331161263,No,331161447,No,No,
331161447,No,331161263,No,No,
331161548,No,331161263,No,No,
331227001,No,331227214,No,No,
331227214,No,331227001,No,No,
331238923,No,331238989,No,No,
331238989,No,331238923,No,No,
331325937,No,331326178,Yes,Yes,
331326178,Yes,331325937,No,Yes,
331371030,No,331495438,Yes,Yes,
331410645,Yes,331410646,No,Yes,
331410646,No,331410645,Yes,No,
331436079,Yes,331436081,No,Yes,
331436081,No,331436079,Yes,Yes,
331440285,No,139811556,Yes,Yes,
331450972,Yes,331451454,Yes,Yes,
331451454,Yes,331450972,Yes,Yes,
331495438,Yes,331371030,No,Yes,
331544671,No,332251205,No,No,
331632935,Yes,331632844,No,Yes,
331638967,No,331639041,Yes,No,
331639041,Yes,331638967,No,Yes,
331669532,Yes,331669651,No,Yes,
331669651,No,331669532,Yes,No,
331684530,No,337418658,No,Yes,
331696018,No,331696276,No,No,
331752337,Yes,331752340,No,Yes,
331752340,No,331752337,Yes,Yes,
331831590,Yes,331831594,Yes,Yes,
331831594,Yes,331831590,Yes,Yes,
331903681,Yes,331903801,No,Yes,
331903801,No,331903681,Yes,No,
331924147,No,339173039,No,Yes,
332027088,No,332582535,No,Yes,
332030443,Yes,332157650,No,Yes,
332150039,No,332150379,No,No,
332150379,No,332150039,No,No,
332157650,No,332030443,Yes,Yes,
332185233,Yes,332185248,Yes,Yes,
332185248,Yes,332185233,Yes,Yes,
332209996,Yes,332209997,Yes,Yes,
332209997,Yes,332209996,Yes,Yes,
332241462,Yes,332388266,No,Yes,
332250752,Yes,332250754,Yes,Yes,
332250754,Yes,332250752,Yes,Yes,
332298168,No,332298105,No,Yes,
332353703,Yes,332353793,No,Yes,
332353793,No,332353703,Yes,No,
332363386,Yes,332363387,Yes,Yes,
332363387,Yes,332363386,Yes,Yes,
332388266,No,332241462,Yes,No,
332443449,Yes,332443461,Yes,Yes,
332443461,Yes,332443449,Yes,Yes,
332473885,No,332473886,Yes,Yes,
332473886,Yes,332473885,No,Yes,
332479890,Yes,332480337,No,Yes,
332480337,No,332479890,Yes,No,
332510914,No,332608421,Yes,Yes,
332515178,No,332515291,No,No,
332550315,No,326040192,No,No,
332555469,No,332555520,No,No,
332555520,No,332555469,No,No,
332574413,Yes,333823288,Yes,Yes,
332582535,No,332027088,No,No,
332605718,Yes,332606027,No,Yes,
332606027,No,332605718,Yes,No,
332608421,Yes,332510914,No,Yes,
332667705,No,332667889,No,No,
332667889,No,332667705,No,No,
332692731,Yes,332692732,Yes,Yes,
332692732,Yes,332692731,Yes,Yes,
332694510,Yes,332694256,No,Yes,
332696284,No,337887939,Yes,Yes,
332745533,Yes,335972890,No,Yes,
332838008,No,332838009,No,No,
332838009,No,332838008,No,No,
332856637,No,332856638,No,No,
332856638,No,332856637,No,No,
332921819,Yes,332921821,No,Yes,
332921821,No,332921819,Yes,No,
332925307,Yes,333445270,No,Yes,
332941090,Yes,332941091,Yes,Yes,
332941091,Yes,332941090,Yes,Yes,
332946107,No,332946108,No,No,
332946108,No,332946107,No,Yes,
333025396,Yes,313996192,Yes,Yes,
333076061,No,333076064,Yes,No,
333076064,Yes,333076061,No,Yes,
333108793,No,333108795,Yes,No,
333108795,Yes,333108793,No,Yes,
333121592,Yes,335169422,No,Yes,
333144263,Yes,279270198,Yes,Yes,
333256739,No,333256782,No,No,
333256782,No,333256739,No,No,
333288257,No,333306666,No,No,
333293787,Yes,333659655,No,Yes,
333294159,No,333294161,No,No,
333294161,No,333294159,No,No,
333306195,No,112995331,No,No,
333306666,No,333288257,No,No,
333362784,Yes,333659654,No,Yes,
333445270,No,332925307,Yes,No,
333463718,No,328612410,Yes,No,
333491091,Yes,333491092,No,Yes,
333516780,Yes,333517135,Yes,Yes,
333517135,Yes,333516780,Yes,Yes,
333534613,Yes,340223926,No,Yes,
333534620,No,333534615,No,No,
333573939,No,333573941,No,No,
333573941,No,333573939,No,No,
333581952,Yes,333581951,No,Yes,
333585244,No,333585246,No,No,
333585246,No,333585244,No,No,
333655915,Yes,333655918,No,Yes,
333655918,No,333655915,Yes,No,
333659654,No,333362784,Yes,No,
333659655,No,333293787,Yes,No,
333664673,Yes,333664678,Yes,Yes,
333664678,Yes,333664673,Yes,Yes,
333664707,Yes,333664708,No,Yes,
333664708,No,333664707,Yes,No,
333667788,No,333900157,No,Yes,
333691385,Yes,333691574,Yes,Yes,
333691574,Yes,333691385,Yes,Yes,
333709102,Yes,333709103,No,Yes,
333709103,No,333709102,Yes,Yes,
333709105,No,333709106,Yes,No,
333709106,Yes,333709105,No,Yes,
333714566,No,333715069,No,No,
333715069,No,333714566,No,No,
333729313,No,333811009,No,Yes,
333734716,No,333734763,No,No,
333734763,No,333734716,No,No,
333811009,No,333729313,No,Yes,
333823288,Yes,332574413,Yes,Yes,
333836859,No,333836862,No,No,
333844953,Yes,333844966,Yes,Yes,
333844966,Yes,333844953,Yes,Yes,
333876887,Yes,333882220,No,Yes,
333882220,No,333876887,Yes,Yes,
333900157,No,333667788,No,No,
333987898,No,333988167,No,Yes,
333988167,No,333987898,No,Yes,
334018769,No,334018863,Yes,No,
334018863,Yes,334018769,No,Yes,
334025380,Yes,334074798,No,Yes,
334074798,No,334025380,Yes,No,
334079609,Yes,334080623,No,Yes,
334080623,No,334079609,Yes,Yes,
334124909,Yes,337604821,No,Yes,
334132913,No,347130746,No,No,
334149289,Yes,334149484,No,Yes,
334149484,No,334149289,Yes,No,
334186081,Yes,334186139,No,Yes,
334186139,No,334186081,Yes,No,
334203356,Yes,334203668,No,Yes,
334203668,No,334203356,Yes,No,
334217319,No,334217367,No,No,
334217367,No,334217319,No,No,
334273353,Yes,334551143,No,Yes,
334383812,Yes,334384183,Yes,Yes,
334384183,Yes,334383812,Yes,Yes,
334391543,Yes,334391547,No,Yes,
334391547,No,334391543,Yes,Yes,
334449514,No,334449515,No,No,
334449515,No,334449514,No,No,
334450594,No,334450595,No,No,
334450595,No,334450594,No,No,
334489228,No,334489231,No,No,
334489231,No,334489228,No,Yes,
334517517,No,257266899,Yes,No,
334551143,No,334273353,Yes,No,
334555029,Yes,334560377,Yes,Yes,
334556411,No,334556528,No,No,
334556528,No,334556411,No,No,
334560377,Yes,334555029,Yes,Yes,
334579903,Yes,334579906,No,Yes,
334630328,No,334630393,No,No,
334630393,No,334630328,No,No,
334632831,No,334632832,No,No,
334632832,No,334632831,No,No,
334665942,Yes,334666480,No,Yes,
334666480,No,334665942,Yes,No,
334666668,Yes,334675957,Yes,Yes,
334675957,Yes,334666668,Yes,Yes,
334676099,Yes,334676415,Yes,Yes,
334676415,Yes,334676099,Yes,Yes,
334758208,No,334758419,Yes,No,
334758419,Yes,334758208,No,Yes,
334835313,No,334835624,No,No,
334835624,No,334835313,No,No,
335049273,No,335049285,Yes,No,
335049285,Yes,335049273,No,Yes,
335051576,No,335051577,Yes,No,
335051577,Yes,335051576,No,Yes,
335078640,Yes,335307504,No,Yes,
335089177,No,335089684,No,No,
335089684,No,335089177,No,No,
335127733,Yes,335127782,No,Yes,
335127782,No,335127733,Yes,Yes,
335169422,No,333121592,Yes,No,
335178202,No,335178235,No,No,
335178235,No,335178202,No,No,
335231712,No,335233453,Yes,No,
335233453,Yes,335231712,No,Yes,
335246576,No,335490267,No,No,
335307504,No,335078640,Yes,Yes,
335308373,No,335078640,Yes,Yes,
335318120,No,335318122,No,No,
335318122,No,335318120,No,No,
335326943,No,288433722,Yes,No,
335356564,No,335356566,Yes,No,
335356566,Yes,335356564,No,Yes,
335388583,No,335388589,No,No,
335388589,No,335388583,No,No,
335390036,Yes,335390128,Yes,Yes,
335390128,Yes,335390036,Yes,Yes,
335403774,No,264159661,Yes,No,
335448438,No,335448468,Yes,No,
335448468,Yes,335448438,No,Yes,
335448806,No,335448807,Yes,Yes,
335448807,Yes,335448806,No,Yes,
335490267,No,335246576,No,No,
335517051,Yes,335517052,Yes,Yes,
335517052,Yes,335517051,Yes,Yes,
335555353,No,335555354,Yes,No,
335555354,Yes,335555353,No,Yes,
335556542,Yes,335556543,Yes,Yes,
335556543,Yes,335556542,Yes,Yes,
335557393,Yes,335557394,Yes,Yes,
335557394,Yes,335557393,Yes,Yes,
335624899,No,335624901,No,No,
335624901,No,335624899,No,No,
335652744,Yes,335652745,Yes,Yes,
335652745,Yes,335652744,Yes,Yes,
335652747,Yes,335652748,Yes,Yes,
335652748,Yes,335652747,Yes,Yes,
335663978,Yes,335665072,No,Yes,
335665072,No,335663978,Yes,No,
335677372,No,335677373,No,No,
335677373,No,335677372,No,No,
335712021,No,335712140,No,No,
335712140,No,335712021,No,No,
335723379,No,335723402,No,No,
335723421,No,335723453,No,No,
335723453,No,335723421,No,No,
335743355,No,335762084,No,No,
335753188,Yes,335753189,No,Yes,
335753189,No,335753188,Yes,No,
335782429,Yes,335816566,Yes,Yes,
335816566,Yes,335782429,Yes,Yes,
335851310,No,335851311,No,No,
335851311,No,335851310,No,No,
335851389,Yes,335851393,No,Yes,
335851393,No,335851389,Yes,No,
335851400,Yes,335851401,No,Yes,
335851401,No,335851400,Yes,No,
335851424,No,335851425,No,No,
335851425,No,335851424,No,No,
335862545,Yes,336157641,No,Yes,
335874769,Yes,335875191,No,Yes,
335875191,No,335874769,Yes,No,
335917970,Yes,337725484,No,Yes,
335921564,Yes,335921566,No,Yes,
335921566,No,335921564,Yes,Yes,
335922490,Yes,335922491,No,Yes,
335922491,No,335922494,No,Yes,
335940811,No,335940812,No,No,
335940812,No,335940811,No,No,
335942652,No,335942654,No,No,
335942654,No,335942652,No,No,
335942687,Yes,335942688,Yes,Yes,
335942688,Yes,335942687,Yes,Yes,
335942779,Yes,335942780,Yes,Yes,
335942780,Yes,335942779,Yes,Yes,
335972890,No,332745533,Yes,Yes,
336053536,Yes,336053549,Yes,Yes,
336053549,Yes,336053536,Yes,Yes,
336103863,No,336103867,Yes,Yes,
336103867,Yes,336103863,No,Yes,
336103929,Yes,336103930,No,Yes,
336103930,No,336103929,Yes,No,
336157641,No,335862545,Yes,No,
336166205,No,336166210,Yes,Yes,
336166210,Yes,336166205,No,Yes,
336174058,No,336174059,No,No,
336174059,No,336174058,No,No,
336342221,No,336342242,No,No,
336342242,No,336342221,No,No,
336427960,No,336427961,No,No,
336427961,No,336427960,No,No,
336438705,No,336438706,No,Yes,
336438706,No,336438705,No,No,
336438747,No,336438748,No,No,
336438748,No,336438747,No,No,
336438753,No,336438754,No,No,
336438754,No,336438753,No,No,
336438755,No,336438768,No,Yes,
336438768,No,336438755,No,No,
336467344,Yes,337552855,No,Yes,
336492698,No,336492705,Yes,No,
336492705,Yes,336492698,No,Yes,
336530176,Yes,336818104,No,Yes,
336622751,Yes,336622891,Yes,Yes,
336622891,Yes,336622751,Yes,Yes,
336626985,No,337366526,No,No,
336627197,No,337264643,No,Yes,
336627366,Yes,337264407,No,Yes,
336627471,Yes,337264028,Yes,Yes,
336627585,No,337236813,No,Yes,
336628438,Yes,337229015,No,Yes,
336628480,Yes,337228868,No,Yes,
336628635,Yes,337228747,No,Yes,
336636911,No,337221532,No,Yes,
336644830,Yes,336645004,No,Yes,
336645004,No,336644830,Yes,Yes,
336738886,Yes,336738888,No,Yes,
336738888,No,336738886,Yes,No,
336818104,No,336530176,Yes,No,
336841985,Yes,336841997,Yes,Yes,
336841997,Yes,336841985,Yes,Yes,
336846304,No,336846305,Yes,No,
336846305,Yes,336846304,No,Yes,
336887567,Yes,337885801,No,Yes,
336926658,No,336926660,No,No,
336926660,No,336926658,No,No,
336949322,No,336949438,No,No,
336949438,No,336949322,No,No,
336972358,Yes,336972484,No,Yes,
336972375,Yes,336972358,Yes,Yes,
336972423,No,336972358,Yes,No,
336972446,No,336972358,Yes,No,
336972484,No,336972358,Yes,No,
337009215,Yes,337009218,No,Yes,
337009218,No,337009215,Yes,Yes,
337027070,No,318770256,No,No,
337069039,No,337069309,No,No,
337069309,No,337069039,No,No,
337071348,No,337885958,Yes,Yes,
337087098,No,304605138,Yes,No,
337089460,No,319557148,Yes,No,
337089890,Yes,320957715,No,Yes,
337090164,No,147197496,No,No,
337093849,No,315113330,Yes,No,
337102896,No,305430702,No,No,
337104441,No,260330037,Yes,No,
337116113,Yes,186357210,Yes,Yes,
337127674,Yes,337128130,No,Yes,
337128130,No,337127674,Yes,No,
337142159,Yes,337142163,No,Yes,
337142163,No,337142159,Yes,No,
337148573,No,326444237,No,No,
337149192,No,337226752,No,No,
337149749,Yes,337217045,No,Yes,
337155069,Yes,337222411,No,Yes,
337173792,Yes,337174832,No,Yes,
337174832,No,337173792,Yes,Yes,
337202823,Yes,337202824,Yes,Yes,
337202824,Yes,337202823,Yes,Yes,
337203666,No,337203729,Yes,No,
337203729,Yes,337203666,No,Yes,
337215659,Yes,337215658,No,Yes,
337217045,No,337149749,Yes,Yes,
337221678,No,336636911,No,No,
337222411,No,337155069,Yes,No,
337226752,No,337149192,No,No,
337228730,No,337228730,No,Yes,
337228747,No,336628635,Yes,No,
337228868,No,336628480,Yes,No,
337229015,No,336628438,Yes,No,
337229088,No,337228730,No,Yes,
337230223,No,337230414,No,No,
337230414,No,337230223,No,No,
337232321,Yes,337232592,No,Yes,
337232592,No,337232321,Yes,No,
337236357,No,220170408,Yes,Yes,
337236813,No,336627585,No,Yes,
337236860,No,118409447,No,No,
337264028,Yes,336627471,Yes,Yes,
337264407,No,336627366,Yes,Yes,
337264643,No,336627197,No,Yes,
337271445,Yes,138036589,Yes,Yes,
337283397,No,337283894,No,No,
337283894,No,337283397,No,No,
337285698,No,337285752,No,No,
337285752,No,337285698,No,No,
337305732,No,337305732,No,No,
337305861,No,187691041,No,No,
337305954,No,186906332,No,No,
337306310,No,174880854,No,No,
337306445,No,170800787,No,No,
337306521,No,170800728,No,No,
337306542,No,169695498,No,No,
337306597,No,156153409,No,No,
337306637,No,145631257,No,No,
337306676,No,145631248,No,No,
337306943,No,130896137,No,No,
337306982,No,124794509,No,No,
337308221,No,119222448,No,No,
337308283,No,109708256,No,No,
337323020,Yes,337324438,Yes,Yes,
337324438,Yes,337323020,Yes,Yes,
337331319,No,304035326,No,Yes,
337351646,Yes,305813740,No,Yes,
337351923,No,304973784,No,Yes,
337353746,Yes,337354201,Yes,Yes,
337354201,Yes,337353746,Yes,Yes,
337355178,Yes,337357346,Yes,Yes,
337357273,Yes,337681930,Yes,Yes,
337357346,Yes,337355178,Yes,Yes,
337363133,No,337363198,No,No,
337363198,No,337363133,No,No,
337366526,No,336626985,No,No,
337394642,Yes,303775705,Yes,Yes,
337417438,No,249733754,Yes,No,
337417586,No,240509801,Yes,No,
337417586,No,337417596,No,No,
337417596,No,337417586,No,No,
337418658,No,331684530,No,Yes,
337433509,No,303479556,No,No,
337434488,Yes,300545182,Yes,Yes,
337440647,Yes,204955976,Yes,Yes,
337444712,No,186719456,No,Yes,
337444808,Yes,337444809,No,Yes,
337444809,No,337444808,Yes,No,
337445914,No,178238331,Yes,Yes,
337446078,No,175586160,Yes,No,
337446243,No,174271348,No,No,
337446713,No,169797067,Yes,Yes,
337446958,Yes,228723012,No,Yes,
337447959,No,163880428,No,No,
337448283,No,163073216,Yes,No,
337449289,No,143252526,No,No,
337472644,Yes,337472645,Yes,Yes,
337472645,Yes,337472644,Yes,Yes,
337502932,Yes,289383325,No,Yes,
337504412,No,287402160,Yes,Yes,
337514436,No,337606309,No,No,
337552855,No,336467344,Yes,No,
337565404,No,337566289,Yes,No,
337566289,Yes,337565404,No,Yes,
337582017,No,337583041,No,No,
337582058,No,337583245,No,No,
337582154,No,337584433,No,No,
337582265,Yes,337583442,No,Yes,
337583041,No,337583041,No,No,
337583122,No,337583122,No,No,
337583245,No,337582058,No,No,
337583442,No,337582265,Yes,No,
337584710,No,337583122,No,No,
337588156,No,337588158,No,No,
337594101,No,323554229,Yes,No,
337594374,No,310644793,Yes,No,
337594532,No,337594537,No,No,
337594532,No,337594535,No,No,
337594535,No,337594532,No,No,
337594537,No,337594532,No,No,
337594547,Yes,337594548,No,Yes,
337594548,No,337594547,Yes,Yes,
337594549,Yes,337594551,Yes,Yes,
337594551,Yes,337594549,Yes,Yes,
337600640,Yes,337600645,No,Yes,
337600641,Yes,337600645,No,Yes,
337600645,No,337600641,Yes,Yes,
337604819,Yes,337604821,No,Yes,
337604821,No,334124909,Yes,Yes,
337606241,Yes,337606242,No,Yes,
337606242,No,337606241,Yes,Yes,
337606264,No,337606265,No,No,
337606265,No,337606264,No,No,
337606274,No,337606275,No,No,
337606275,No,337606274,No,No,
337606280,No,337606281,No,No,
337606281,No,337606280,No,No,
337606309,No,337514436,No,No,
337606336,No,337606338,Yes,No,
337606338,Yes,337606336,No,Yes,
337606343,Yes,337606345,No,Yes,
337606345,No,337606343,Yes,No,
337610668,No,337610669,Yes,Yes,
337610669,Yes,337610668,No,Yes,
337610679,Yes,337610681,Yes,Yes,
337610681,Yes,337610679,Yes,Yes,
337610706,No,337610708,Yes,No,
337610708,Yes,337610706,No,Yes,
337610713,Yes,337610714,No,Yes,
337610714,No,337610713,Yes,Yes,
337610724,Yes,337610725,Yes,Yes,
337610725,Yes,337610724,Yes,Yes,
337610726,No,337610727,No,No,
337610727,No,337610726,No,No,
337610729,No,337610731,Yes,No,
337610731,Yes,337610729,No,Yes,
337610787,No,337610790,No,No,
337610790,No,337610787,No,No,
337610797,No,337610800,No,No,
337610800,No,337610797,No,No,
337610804,No,337610805,No,No,
337610805,No,337610804,No,No,
337613554,Yes,337613594,No,Yes,
337613594,No,337613554,Yes,No,
337632538,No,337632539,No,No,
337632538,No,337632541,Yes,No,
337632539,No,337632538,No,No,
337632541,Yes,337632538,No,Yes,
337632555,Yes,337632558,Yes,Yes,
337632558,Yes,337632555,Yes,Yes,
337636334,Yes,337636337,Yes,Yes,
337636337,Yes,337636334,Yes,Yes,
337636352,Yes,337636353,No,Yes,
337637953,No,337637954,Yes,No,
337637954,Yes,337637953,No,Yes,
337650530,Yes,337650531,No,Yes,
337650531,No,337650530,Yes,No,
337652397,No,337652604,No,No,
337652604,No,337652397,No,No,
337664743,Yes,337664745,No,Yes,
337664745,No,337664743,Yes,No,
337674147,Yes,337674286,No,Yes,
337674286,No,337674147,Yes,No,
337681930,Yes,337357273,Yes,Yes,
337694352,Yes,337824591,No,Yes,
337705477,Yes,337705478,No,Yes,
337705478,No,337705477,Yes,No,
337707312,Yes,337707313,No,Yes,
337707313,No,337707312,Yes,Yes,
337712373,Yes,337712375,No,Yes,
337712375,No,337712373,Yes,Yes,
337712393,Yes,337712397,No,Yes,
337712397,No,337712393,Yes,No,
337712423,No,337712425,No,No,
337712425,No,337712423,No,No,
337712454,No,337712453,No,Yes,
337712476,Yes,337712477,No,Yes,
337712477,No,337712476,Yes,No,
337712489,Yes,337712494,No,Yes,
337712493,Yes,337712499,No,Yes,
337712494,No,337712489,Yes,No,
337712499,No,337712493,Yes,Yes,
337713466,Yes,337724431,No,Yes,
337716082,Yes,337716094,Yes,Yes,
337716094,Yes,337716082,Yes,Yes,
337716311,No,193981827,Yes,No,
337724431,No,337713466,Yes,No,
337725160,No,337725162,No,No,
337725162,No,337725160,No,No,
337725484,No,335917970,Yes,Yes,
337760104,Yes,337760132,Yes,Yes,
337760132,Yes,337760104,Yes,Yes,
337824591,No,337694352,Yes,No,
337861974,Yes,337861976,Yes,Yes,
337861976,Yes,337861974,Yes,Yes,
337885801,No,336887567,Yes,Yes,
337885958,Yes,337071348,No,Yes,
337887939,Yes,332696284,No,Yes,
337995289,Yes,337995387,No,Yes,
337995387,No,337995289,Yes,No,
338007030,Yes,338007031,No,Yes,
338007031,No,338007030,Yes,Yes,
338009233,Yes,107079816,Yes,Yes,
338009591,No,45189811,Yes,No,
338010743,No,73686045,Yes,No,
338026678,Yes,324398551,No,Yes,
338027232,Yes,326876805,Yes,Yes,
338027874,No,325585870,Yes,Yes,
338031190,Yes,281145211,Yes,Yes,
338034774,Yes,338034947,No,Yes,
338034947,No,338034774,Yes,Yes,
338069397,Yes,338069502,No,Yes,
338069502,No,338069397,Yes,No,
338165541,Yes,338165583,Yes,Yes,
338165583,Yes,338165541,Yes,Yes,
338166164,Yes,338166165,Yes,Yes,
338166165,Yes,338166164,Yes,Yes,
338175830,Yes,338176241,No,Yes,
338189801,No,338189803,No,No,
338189803,No,338189801,No,No,
338206231,Yes,338206230,No,Yes,
338274525,No,338274527,No,No,
338274527,No,338274525,No,No,
338316962,No,240062609,No,Yes,
338332892,Yes,338332896,No,Yes,
338332896,No,338332892,Yes,No,
338332900,No,338332901,Yes,No,
338332901,Yes,338332900,No,Yes,
338354233,No,338354236,Yes,No,
338354236,Yes,338354233,No,Yes,
338431185,No,338431251,Yes,No,
338431251,Yes,338431185,No,Yes,
338450979,No,296410864,Yes,No,
338451649,No,239892553,Yes,No,
338453399,Yes,19631162,Yes,Yes,
338462037,Yes,127725156,Yes,Yes,
338486790,Yes,338491629,Yes,Yes,
338486970,Yes,338491637,Yes,Yes,
338491629,Yes,338486790,Yes,Yes,
338491637,Yes,338486970,Yes,Yes,
338529736,No,338762379,Yes,No,
338541959,Yes,338580394,No,Yes,
338544214,No,338544252,No,No,
338544252,No,338544,No,No,
338562942,Yes,191151231,Yes,Yes,
338569655,No,127019661,Yes,Yes,
338580394,No,338541959,Yes,No,
338612661,No,338612663,No,No,
338612663,No,338612661,No,No,
338721108,No,338721108,No,Yes,
338731215,No,338731260,No,No,
338731260,No,338731215,No,No,
338733328,No,338735183,No,No,
338735183,No,338733328,No,No,
338735284,No,338735345,No,No,
338735345,No,338735284,No,No,
338740697,No,338740772,No,No,
338740772,No,338740697,No,No,
338745055,Yes,338745215,No,Yes,
338745215,No,338745055,Yes,No,
338751505,No,338751512,No,No,
338751512,No,338751505,No,No,
338751778,No,338751788,No,No,
338751788,No,338751778,No,Yes,
338755768,Yes,338756748,No,Yes,
338755769,Yes,338757230,No,Yes,
338756748,No,338755768,Yes,No,
338757230,No,338755769,Yes,No,
338759072,Yes,318400266,Yes,Yes,
338761023,Yes,24884478,No,Yes,
338762379,Yes,338529736,No,Yes,
338801111,No,338801168,No,No,
338801168,No,338801111,No,No,
338801226,No,338801263,No,No,
338801263,No,338801226,No,No,
338801365,No,338803277,No,No,
338801663,Yes,338801687,No,Yes,
338801687,No,338801663,Yes,No,
338803277,No,338801365,No,No,
338813712,No,338846557,Yes,No,
338838643,Yes,338813712,No,Yes,
338845282,Yes,338845442,No,Yes,
338845442,No,338845282,Yes,No,
338846557,Yes,338813712,No,Yes,
338848926,No,338848951,Yes,No,
338848951,Yes,338848926,No,Yes,
338907709,No,338907712,No,No,
338907712,No,338907709,No,No,
338919948,No,338919950,No,No,
338919950,No,338919948,No,No,
338919961,No,338919950,No,No,
338919986,No,338919992,No,No,
338919992,No,338919986,No,No,
338924204,No,338924205,Yes,No,
338924205,Yes,338924204,No,Yes,
338949235,Yes,338949241,No,Yes,
338949241,No,338949235,Yes,No,
338960783,Yes,338960784,No,Yes,
338960784,No,338960783,Yes,Yes,
338966241,No,338966281,No,No,
338966281,No,338966241,No,No,
338966804,No,338979207,No,No,
338966831,No,338966804,No,No,
338966984,No,338966804,No,No,
338979207,No,338966804,No,No,
339043531,No,339043569,No,No,
339043569,No,339043531,No,No,
339043589,No,339043531,No,No,
339045568,No,329133494,Yes,No,
339046861,No,339046864,No,No,
339046864,No,339046861,No,No,
339047738,Yes,339048219,No,Yes,
339048219,No,339047738,Yes,No,
339052479,No,339052527,No,No,
339052527,No,339052479,No,No,
339068410,No,339068411,No,No,
339068411,No,339068410,No,No,
339089145,Yes,182867390,No,Yes,
339094010,Yes,6455091,No,Yes,
339128162,No,339128163,Yes,No,
339128163,Yes,339128162,No,Yes,
339128187,Yes,339128191,Yes,Yes,
339128191,Yes,339128187,Yes,Yes,
339128280,No,339128282,Yes,No,
339128282,Yes,339128280,No,Yes,
339140999,No,314230331,Yes,No,
339141234,No,310637230,Yes,No,
339141763,No,308182598,Yes,No,
339168612,No,339168613,Yes,No,
339168613,Yes,339168612,No,Yes,
339173039,No,331924147,No,Yes,
339180403,No,339180510,No,No,
339180510,No,339180403,No,No,
339187881,No,199317751,Yes,Yes,
339188339,No,197192637,Yes,No,
339189573,Yes,197878329,Yes,Yes,
339190099,No,147044337,Yes,No,
339190540,No,245654841,Yes,No,
339191052,No,293407121,No,No,
339197557,Yes,245196635,No,Yes,
339225579,Yes,339226187,No,Yes,
339288274,No,323064910,Yes,No,
339321769,No,299266910,No,No,
339323750,No,189907082,Yes,No,
339413099,Yes,339413207,Yes,Yes,
339413207,Yes,339413099,Yes,Yes,
339447019,No,339447471,Yes,No,
339447471,Yes,339447019,No,Yes,
339484966,Yes,26894842,No,Yes,
339530410,No,339530504,No,Yes,
339530504,No,339530410,No,No,
339576689,No,339576790,Yes,No,
339576790,Yes,339576689,No,Yes,
339630227,No,317930830,Yes,No,
339632321,Yes,315941103,Yes,Yes,
339633536,No,339633540,Yes,No,
339633540,Yes,339633536,No,Yes,
339634567,No,315943151,Yes,No,
339660326,No,315943189,No,No,
339672753,No,339672780,No,No,
339673611,No,339673669,No,No,
339673669,No,339673611,No,No,
339690086,No,286163443,Yes,No,
339799625,Yes,281175280,No,Yes,
339800053,No,281175279,Yes,No,
339908235,Yes,63847586,No,Yes,
339915723,No,339919588,No,No,
339919588,No,339915723,No,Yes,
339945807,Yes,339946042,No,Yes,
339946042,No,339945807,Yes,No,
339948077,Yes,339948123,Yes,Yes,
339948123,Yes,339948077,Yes,Yes,
339988814,No,339990356,Yes,No,
339990356,Yes,339988814,No,Yes,
339992523,No,339992524,No,No,
339992524,No,339992523,No,No,
339993293,No,339993526,Yes,Yes,
339993526,Yes,339993293,No,Yes,
339994942,No,339994943,No,No,
339994943,No,339994942,No,No,
340035133,Yes,340035665,No,Yes,
340035665,No,340035133,Yes,Yes,
340039897,No,328928499,No,No,
340040844,No,321792016,Yes,No,
340041049,No,321619115,No,No,
340041342,No,321182938,Yes,No,
340041596,No,320452447,Yes,No,
340041735,No,320451874,Yes,No,
340042482,No,318475551,No,No,
340042636,No,318475445,Yes,No,
340042963,Yes,204952000,Yes,Yes,
340114984,Yes,340115097,No,Yes,
340115097,No,340114984,Yes,Yes,
340122341,Yes,340122342,No,Yes,
340122342,No,340122341,Yes,No,
340147007,Yes,340147022,Yes,Yes,
340147022,Yes,340147007,Yes,Yes,
340152756,Yes,340152977,No,Yes,
340152977,No,340152756,Yes,Yes,
340189664,No,340189665,No,No,
340189665,No,340189664,No,No,
340201729,Yes,340202173,No,Yes,
340202173,No,340201729,Yes,No,
340223926,No,333534613,Yes,No,
340223929,No,318428955,Yes,No,
340263454,No,340263466,Yes,No,
340263466,Yes,340263454,No,Yes,
340271186,Yes,340271239,Yes,Yes,
340271239,Yes,340271186,Yes,Yes,
340279804,No,340279805,No,No,
340279805,No,340279804,No,No,
340282163,No,340282164,No,No,
340282164,No,340282163,No,No,
340304697,Yes,340304769,No,Yes,
340304769,No,340304697,Yes,No,
340326193,No,340326194,No,Yes,
340326194,No,340326193,No,Yes,
340334437,No,328293348,Yes,No,
340337296,Yes,296427700,Yes,Yes,
340337865,Yes,296427700,Yes,Yes,
340364592,Yes,340365106,No,Yes,
340365106,No,340364592,Yes,No,
340367747,No,340368188,Yes,No,
340368188,Yes,340367747,No,Yes,
340508419,No,346586603,No,No,
340514309,Yes,340514310,Yes,Yes,
340514310,Yes,340514309,Yes,Yes,
340542613,No,340542614,No,Yes,
340542614,No,340542613,No,No,
340722576,No,340722577,No,Yes,
340722577,No,340722576,No,Yes,
340756297,No,340756302,No,No,
340756302,No,340756297,No,No,
340762548,No,341345217,No,No,
340806083,No,57384139,Yes,No,
340825934,Yes,340827355,No,Yes,
340827355,No,340825934,Yes,No,
340830977,No,340831427,No,No,
340831427,No,340830977,No,No,
340840601,No,340840934,No,No,
340840934,No,340840601,No,No,
340848497,Yes,340848415,No,Yes,
340848514,Yes,340848415,No,Yes,
340848746,Yes,340848415,No,Yes,
340848824,No,340848415,No,No,
340849098,No,340848415,No,No,
340849135,No,340848415,No,No,
340849329,No,340848415,No,No,
340891948,No,174225580,Yes,Yes,
340891953,No,174225574,Yes,No,
340988877,No,7080377,No,No,
341011035,Yes,341186087,No,Yes,
341039993,No,341340977,No,No,
341060248,Yes,303790480,Yes,Yes,
341060278,Yes,303790022,Yes,Yes,
341067932,No,341067936,Yes,No,
341067936,Yes,341067932,No,Yes,
341186087,No,341011035,Yes,No,
341303733,No,341303749,No,No,
341340977,No,341039993,No,No,
341345217,No,340762548,No,No,
341346763,No,341346882,No,No,
341346882,No,341346763,No,No,
341350057,No,341350168,No,No,
341350168,No,341350057,No,No,
341351176,No,341351177,No,No,
341351177,No,341351176,No,No,
341358186,No,341358187,No,No,
341358187,No,341358186,No,No,
341360529,No,341360530,No,No,
341360530,No,341360529,No,No,
341376290,No,341376291,No,No,
341376291,No,341376290,No,No,
341378042,No,341378043,No,No,
341378043,No,341378042,No,No,
341382907,No,341382908,No,No,
341382908,No,341382907,No,No,
341385450,No,341385019,No,No,
341399066,No,341399092,No,No,
341399092,No,341399066,No,No,
341408866,No,341409292,No,No,
341409292,No,341408866,No,No,
341420456,No,341421324,No,No,
341421324,No,341420456,No,No,
341437184,No,327570180,No,No,
341616206,No,341616207,No,No,
341616207,No,341616206,No,No,
341630296,No,341630440,No,No,
341630440,No,341630296,No,No,
341642730,No,341644567,No,No,
341644567,No,341642730,No,No,
341724204,No,341724221,No,No,
341724221,No,341724204,No,No,
341737547,No,341737550,No,No,
341737550,No,341737547,No,No,
341797657,No,341797724,No,No,
341797720,No,341798060,No,No,
341797724,No,341797657,No,No,
341798060,No,341797720,No,No,
341857226,No,341857494,No,No,
341857494,No,341857226,No,No,
341919580,No,341919582,No,No,
341919582,No,341919580,No,No,
341920526,No,341919554,No,No,
341961177,No,341961178,No,No,
341961178,No,341961177,No,No,
341997090,No,341997091,No,No,
341997091,No,341997090,No,No,
342061565,No,342062205,No,No,
342062205,No,342061565,No,No,
342065333,No,342065335,No,No,
342065334,No,342065335,No,No,
342065335,No,342065334,No,No,
342065335,No,342065333,No,No,
342065336,No,342065335,No,No,
342103069,No,342103070,No,No,
342103070,No,342103069,No,No,
342135205,No,342135206,No,No,
342135206,No,342135205,No,No,
342180745,No,342181277,No,No,
342181277,No,342180745,No,No,
342189956,No,342190347,No,No,
342190347,No,342189956,No,No,
342192068,No,342192400,No,No,
342192400,No,342192068,No,No,
342196287,No,342196439,No,No,
342196439,No,342196287,No,No,
342257738,No,342257739,No,No,
342257739,No,342257738,No,No,
342312706,No,342312708,No,No,
342312708,No,342312706,No,No,
342406111,No,342406216,No,No,
342406216,No,342406111,No,No,
342464524,No,91378686,No,No,
342467270,No,342467274,No,No,
342467274,No,342467270,No,No,
342469045,No,342469047,No,No,
342469047,No,342469045,No,No,
342469665,No,342469666,No,No,
342469666,No,342469665,No,No,
342471509,No,342471510,No,No,
342471510,No,342471509,No,No,
342472344,No,342472345,No,No,
342472345,No,342472344,No,No,
342472833,No,342472835,No,No,
342472835,No,342472833,No,No,
342474415,No,342474423,No,No,
342474423,No,342474415,No,No,
342477389,No,342477392,No,No,
342477392,No,342477389,No,No,
342667381,No,342667384,No,No,
342667384,No,342667381,No,No,
342669139,No,342669141,No,No,
342669141,No,342669139,No,No,
342669142,No,342669145,No,No,
342669145,No,342669142,No,No,
342669148,No,342669149,No,No,
342669149,No,342669148,No,No,
342669150,No,342669154,No,No,
342669154,No,342669150,No,No,
342669157,No,342669162,No,No,
342669162,No,342669157,No,No,
342671721,No,342671724,No,No,
342671725,No,342671727,No,No,
342671727,No,342671725,No,No,
342769911,No,342770258,No,No,
342770258,No,342769911,No,No,
342880928,No,342880929,No,No,
342880929,No,342880928,No,No,
343028661,No,343028936,No,No,
343028936,No,343028661,No,No,
343309720,No,343309721,No,No,
343309721,No,343309720,No,No,
343316682,No,343318366,No,No,
343318366,No,343316682,No,No,
343395388,No,343395392,No,No,
343395392,No,343395388,No,No,
343406813,No,343404183,No,No,
343458739,No,343458837,No,No,
343458837,No,343458739,No,No,
343628283,No,343628287,No,No,
343628287,No,343628283,No,No,
343721084,No,343984243,No,No,
343820152,No,343820153,No,No,
343820153,No,343820152,No,No,
343844270,No,345067523,No,No,
343845976,No,343846049,No,No,
343846049,No,343845976,No,No,
343904073,No,343904076,No,No,
343904076,No,343904073,No,No,
343984243,No,343984243,No,No,
344009421,No,318770256,No,No,
344027830,No,344027831,No,No,
344027831,No,344027830,No,No,
344042178,No,344043298,No,No,
344042840,No,344042842,No,No,
344042842,No,344042840,No,No,
344042855,No,344042854,No,No,
344042966,No,344042969,No,No,
344042969,No,344042966,No,No,
344043298,No,344042178,No,No,
344277014,No,344350900,No,No,
344350900,No,344277014,No,No,
344358729,No,344358644,No,No,
344395911,No,344395912,No,No,
344395912,No,344395911,No,No,
344508818,No,344508819,No,No,
344508819,No,344508818,No,No,
344542087,No,344542088,No,No,
344542088,No,344542087,No,No,
344548126,No,345749065,No,No,
344568374,No,344570066,No,No,
344570066,No,344568374,No,No,
344596495,No,309091265,No,No,
344697754,No,344697755,No,No,
344697755,No,344697754,No,No,
344706218,No,344706218,No,No,
344733764,No,344733770,No,No,
344733770,No,344733764,No,No,
344751588,No,344751613,No,No,
344751613,No,344751588,No,No,
344785867,No,344787780,No,No,
344787780,No,344785867,No,No,
344803928,No,344803936,No,No,
344803936,No,344803928,No,No,
344859662,No,344859663,No,No,
344859663,No,344859662,No,No,
344859664,No,344859665,No,No,
344859665,No,344859664,No,No,
344910671,No,344910817,No,No,
344910817,No,344910671,No,No,
344970435,No,344970437,No,No,
344970437,No,344970435,No,No,
345066005,No,278349350,No,No,
345066245,No,283130360,No,No,
345066426,No,287835673,No,No,
345066532,No,298863792,No,No,
345066643,No,300632330,No,No,
345066742,No,300632645,No,No,
345066959,No,302076223,No,No,
345067086,No,306301073,No,No,
345067215,No,308833743,No,No,
345067337,No,310796800,No,No,
345067440,No,320482129,No,No,
345067523,No,343844270,No,No,
345067704,No,309762440,No,No,
345154302,No,345155654,No,No,
345155654,No,345154302,No,No,
345238070,No,345238118,No,No,
345238118,No,345238070,No,No,
345425829,No,345425830,No,No,
345425830,No,345425829,No,No,
345469447,No,345470142,No,No,
345588391,No,345600097,No,No,
345600092,No,345600230,No,No,
345600097,No,345588391,No,No,
345600230,No,345600092,No,No,
345656596,No,345656604,No,No,
345656604,No,345656596,No,No,
345696130,No,345697147,No,No,
345697147,No,345696130,No,No,
345749065,No,344548126,No,No,
345754825,No,345754828,No,No,
345818523,No,345818525,No,No,
345818525,No,345818523,No,No,
345850039,No,345857130,No,No,
345851145,No,345850039,No,No,
345855046,No,345855047,No,No,
345855047,No,345855046,No,No,
345855080,No,345855081,No,No,
345855081,No,345855080,No,No,
345855082,No,345855083,No,No,
345855083,No,345855082,No,No,
345857130,No,345850039,No,No,
345881547,No,345881555,No,No,
345881555,No,345881547,No,No,
345918238,No,346085134,No,No,
346043921,No,346043924,No,No,
346043924,No,346043921,No,No,
346048568,No,346165808,No,No,
346068811,No,346073810,No,No,
346073810,No,346068811,No,No,
346085134,No,345918238,No,No,
346103293,No,346103295,No,No,
346103295,No,346103300,No,No,
346103295,No,346103299,No,No,
346103295,No,346103293,No,No,
346103296,No,346103298,No,No,
346103297,No,346103298,No,No,
346103298,No,346104108,No,No,
346103298,No,346103297,No,No,
346103298,No,346103296,No,No,
346103299,No,346103295,No,No,
346103300,No,346103295,No,No,
346104108,No,346103298,No,No,
346155335,No,346155747,No,No,
346155747,No,346155335,No,No,
346165808,No,346048568,No,No,
346247604,No,346247605,No,No,
346247605,No,346247604,No,No,
346247610,No,346247612,No,No,
346247612,No,346247610,No,No,
346247614,No,346247619,No,No,
346247619,No,346247614,No,No,
346247950,No,346247968,No,No,
346247968,No,346247950,No,No,
346248040,No,346445309,No,No,
346248054,No,346248055,No,No,
346248055,No,346248054,No,No,
346248094,No,346248097,No,No,
346248097,No,346248094,No,No,
346261240,No,346261243,No,No,
346261243,No,346261240,No,No,
346264485,No,6925315,Yes,No,
346350874,No,346350876,No,No,
346350876,No,346350874,No,No,
346350878,No,346350879,No,No,
346350879,No,346350878,No,No,
346387198,No,346387436,No,No,
346387436,No,346387198,No,No,
346444440,No,346444868,No,No,
346444868,No,346444440,No,No,
346445309,No,346248040,No,No,
346498259,No,346498354,No,No,
346498354,No,346498259,No,No,
346554497,No,346554673,No,No,
346554673,No,346554497,No,No,
346567128,No,272691224,No,No,
346586603,No,340508419,No,No,
346615798,No,346616169,No,No,
346616169,No,346615798,No,No,
346622965,No,346622966,No,No,
346622966,No,346622965,No,No,
346675932,No,300979814,No,No,
346677032,No,301025686,No,No,
346726715,No,347246939,No,No,
346880271,No,347127879,No,No,
347127879,No,346880271,No,No,
347130746,No,334132913,No,No,
347176703,No,347176705,No,No,
347176705,No,347176703,No,No,
347176748,No,347176749,No,No,
347176749,No,347176748,No,No,
347246939,No,346726715,No,No,
347271587,No,347270522,No,No,
347339120,No,347338910,No,No,
347340180,No,347339120,No,No,
347348627,No,347348954,No,No,
347348954,No,347348627,No,No,
347352720,No,347352736,No,No,
347352736,No,347352720,No,No,
347358685,No,347361686,No,No,
347358755,No,347358858,No,No,
347358858,No,347358755,No,No,
347359009,No,347361191,No,No,
347361191,No,347359009,No,No,
347361686,No,347358685,No,No,
347663843,No,347663846,No,No,
347663846,No,347663843,No,No,
347663863,No,347663864,No,No,
347663864,No,347663863,No,No,
347663881,No,347663889,No,No,
347663882,No,347663889,No,No,
347663889,No,347663882,No,No,
347663889,No,347663881,No,No,
347673053,No,347673109,No,No,
347673109,No,347673053,No,No,
347676696,No,347676697,No,No,
347676697,No,347676696,No,No,
347689748,No,347689753,No,No,
347689753,No,347689748,No,No,
347741330,No,347741332,No,No,
347741332,No,347741330,No,No,
347741350,No,347741351,No,No,
347741351,No,347741350,No,No,
347744271,No,347744274,No,No,
347744274,No,347744271,No,No,
347744290,No,347744291,No,No,
347744291,No,347744290,No,No,
