crop_file,crop_file_path,box_num,top1_species,top2_species,top3_species,top4_species,top5_species,top1_common_name,top1_score,topk_predictions_json
obs_102691691_photo_171703626_box1.jpg,/gpfs_common/share03/ftrscape/snair3/wew_notebooks/outputs_crop/obs_102691691_photo_171703626_box1.jpg,1,Egregia menziesii,Analipus japonicus,Hedophyllum sessile,Laminaria sinclairii,Alaria marginata,,0.9023067951202393,"[{""species"": ""Egregia menziesii"", ""common_name"": """", ""score"": 0.9023067951202393}, {""species"": ""Analipus japonicus"", ""common_name"": """", ""score"": 0.008449262008070946}, {""species"": ""Hedophyllum sessile"", ""common_name"": """", ""score"": 0.007728790398687124}, {""species"": ""Laminaria sinclairii"", ""common_name"": """", ""score"": 0.00448541808873415}, {""species"": ""Alaria marginata"", ""common_name"": """", ""score"": 0.004215428605675697}]"
obs_102691691_photo_171703626_box2.jpg,/gpfs_common/share03/ftrscape/snair3/wew_notebooks/outputs_crop/obs_102691691_photo_171703626_box2.jpg,2,Egregia menziesii,Marginariella urvilliana,Marginariella boryana,Alaria marginata,Alaria praelonga,,0.7940737009048462,"[{""species"": ""Egregia menziesii"", ""common_name"": """", ""score"": 0.7940737009048462}, {""species"": ""Marginariella urvilliana"", ""common_name"": """", ""score"": 0.04526236653327942}, {""species"": ""Marginariella boryana"", ""common_name"": """", ""score"": 0.03756965324282646}, {""species"": ""Alaria marginata"", ""common_name"": """", ""score"": 0.023320233449339867}, {""species"": ""Alaria praelonga"", ""common_name"": """", ""score"": 0.01121489517390728}]"
obs_102691691_photo_171703626_box3.jpg,/gpfs_common/share03/ftrscape/snair3/wew_notebooks/outputs_crop/obs_102691691_photo_171703626_box3.jpg,3,Egregia menziesii,Alaria marginata,Alaria nana,Alaria praelonga,Alaria crispa,,0.7683432102203369,"[{""species"": ""Egregia menziesii"", ""common_name"": """", ""score"": 0.7683432102203369}, {""species"": ""Alaria marginata"", ""common_name"": """", ""score"": 0.12378489226102829}, {""species"": ""Alaria nana"", ""common_name"": """", ""score"": 0.015401921235024929}, {""species"": ""Alaria praelonga"", ""common_name"": """", ""score"": 0.014970595017075539}, {""species"": ""Alaria crispa"", ""common_name"": """", ""score"": 0.011260981671512127}]"
obs_10317797_photo_14298032_box1.jpg,/gpfs_common/share03/ftrscape/snair3/wew_notebooks/outputs_crop/obs_10317797_photo_14298032_box1.jpg,1,Larus glaucescens,Larus occidentalis,Larus californicus,Evasterias troschelii,Dermasterias imbricata,Glaucous-winged gull,0.85002201795578,"[{""species"": ""Larus glaucescens"", ""common_name"": ""Glaucous-winged gull"", ""score"": 0.85002201795578}, {""species"": ""Larus occidentalis"", ""common_name"": ""Western gull"", ""score"": 0.08169932663440704}, {""species"": ""Larus californicus"", ""common_name"": ""California Gull"", ""score"": 0.024818798527121544}, {""species"": ""Evasterias troschelii"", ""common_name"": """", ""score"": 0.00503302039578557}, {""species"": ""Dermasterias imbricata"", ""common_name"": """", ""score"": 0.004086544271558523}]"
obs_130480768_photo_70327211_box1.jpg,/gpfs_common/share03/ftrscape/snair3/wew_notebooks/outputs_crop/obs_130480768_photo_70327211_box1.jpg,1,Dina lineata,Anisorhynchodemus luteicollis,Erpobdella nigricollis,Myzobdella lugubris,Asiaticobdella fenestrata,,0.08176540583372116,"[{""species"": ""Dina lineata"", ""common_name"": """", ""score"": 0.08176540583372116}, {""species"": ""Anisorhynchodemus luteicollis"", ""common_name"": """", ""score"": 0.06744697690010071}, {""species"": ""Erpobdella nigricollis"", ""common_name"": """", ""score"": 0.05826948955655098}, {""species"": ""Myzobdella lugubris"", ""common_name"": ""Leech"", ""score"": 0.049763403832912445}, {""species"": ""Asiaticobdella fenestrata"", ""common_name"": """", ""score"": 0.032478656619787216}]"
obs_130480768_photo_70327211_box2.jpg,/gpfs_common/share03/ftrscape/snair3/wew_notebooks/outputs_crop/obs_130480768_photo_70327211_box2.jpg,2,Erpobdella nigricollis,Erpobdella testacea,Gordius robustus,Erpobdella punctata,Erpobdella melanostoma,,0.14246432483196259,"[{""species"": ""Erpobdella nigricollis"", ""common_name"": """", ""score"": 0.14246432483196259}, {""species"": ""Erpobdella testacea"", ""common_name"": """", ""score"": 0.12420652061700821}, {""species"": ""Gordius robustus"", ""common_name"": """", ""score"": 0.09540332108736038}, {""species"": ""Erpobdella punctata"", ""common_name"": """", ""score"": 0.0595862939953804}, {""species"": ""Erpobdella melanostoma"", ""common_name"": """", ""score"": 0.05859898030757904}]"
obs_188731534_photo_330410184_box1.jpg,/gpfs_common/share03/ftrscape/snair3/wew_notebooks/outputs_crop/obs_188731534_photo_330410184_box1.jpg,1,Toumeyella mirabilis,Toumeyella quadrifasciata,Toumeyella erythrinae,Papuexul bidwilli,Toumeyella obunca,,0.14617764949798584,"[{""species"": ""Toumeyella mirabilis"", ""common_name"": """", ""score"": 0.14617764949798584}, {""species"": ""Toumeyella quadrifasciata"", ""common_name"": """", ""score"": 0.10722772032022476}, {""species"": ""Toumeyella erythrinae"", ""common_name"": """", ""score"": 0.06999140977859497}, {""species"": ""Papuexul bidwilli"", ""common_name"": ""Mottled treesnail"", ""score"": 0.030114874243736267}, {""species"": ""Toumeyella obunca"", ""common_name"": """", ""score"": 0.027807965874671936}]"
obs_188731534_photo_330410184_box2.jpg,/gpfs_common/share03/ftrscape/snair3/wew_notebooks/outputs_crop/obs_188731534_photo_330410184_box2.jpg,2,Toumeyella mirabilis,Toumeyella quadrifasciata,Toumeyella erythrinae,Toumeyella obunca,Andricus marmoreus,,0.17192895710468292,"[{""species"": ""Toumeyella mirabilis"", ""common_name"": """", ""score"": 0.17192895710468292}, {""species"": ""Toumeyella quadrifasciata"", ""common_name"": """", ""score"": 0.16919630765914917}, {""species"": ""Toumeyella erythrinae"", ""common_name"": """", ""score"": 0.0839642658829689}, {""species"": ""Toumeyella obunca"", ""common_name"": """", ""score"": 0.04361129552125931}, {""species"": ""Andricus marmoreus"", ""common_name"": """", ""score"": 0.033485427498817444}]"
obs_188731534_photo_330410184_box3.jpg,/gpfs_common/share03/ftrscape/snair3/wew_notebooks/outputs_crop/obs_188731534_photo_330410184_box3.jpg,3,Lonsdalea quercina,Quercus coccinea,Quercus hawkinsiae,Quercus velutina,Quercus benderi,,0.15638040006160736,"[{""species"": ""Lonsdalea quercina"", ""common_name"": """", ""score"": 0.15638040006160736}, {""species"": ""Quercus coccinea"", ""common_name"": ""scarlet oak"", ""score"": 0.10498803108930588}, {""species"": ""Quercus hawkinsiae"", ""common_name"": """", ""score"": 0.10045887529850006}, {""species"": ""Quercus velutina"", ""common_name"": ""black Oak"", ""score"": 0.04064173251390457}, {""species"": ""Quercus benderi"", ""common_name"": """", ""score"": 0.03240859881043434}]"
obs_188731534_photo_330410184_box4.jpg,/gpfs_common/share03/ftrscape/snair3/wew_notebooks/outputs_crop/obs_188731534_photo_330410184_box4.jpg,4,Lonsdalea quercina,Quercus hawkinsiae,Quercus benderi,Protodiaspis agrifoliae,Ceratocystis fagacearum,,0.12135463207960129,"[{""species"": ""Lonsdalea quercina"", ""common_name"": """", ""score"": 0.12135463207960129}, {""species"": ""Quercus hawkinsiae"", ""common_name"": """", ""score"": 0.054163530468940735}, {""species"": ""Quercus benderi"", ""common_name"": """", ""score"": 0.0364069826900959}, {""species"": ""Protodiaspis agrifoliae"", ""common_name"": ""Oak protodiaspis scale"", ""score"": 0.02717701718211174}, {""species"": ""Ceratocystis fagacearum"", ""common_name"": ""Oak wilt fungus"", ""score"": 0.024732306599617004}]"
obs_188731534_photo_330410184_box5.jpg,/gpfs_common/share03/ftrscape/snair3/wew_notebooks/outputs_crop/obs_188731534_photo_330410184_box5.jpg,5,Papuexul bidwilli,Toumeyella erythrinae,Apiomorpha strombylosa,Toumeyella mirabilis,Cyclophorus punctatus,Mottled treesnail,0.048480238765478134,"[{""species"": ""Papuexul bidwilli"", ""common_name"": ""Mottled treesnail"", ""score"": 0.048480238765478134}, {""species"": ""Toumeyella erythrinae"", ""common_name"": """", ""score"": 0.0337170846760273}, {""species"": ""Apiomorpha strombylosa"", ""common_name"": """", ""score"": 0.030867448076605797}, {""species"": ""Toumeyella mirabilis"", ""common_name"": """", ""score"": 0.028820838779211044}, {""species"": ""Cyclophorus punctatus"", ""common_name"": """", ""score"": 0.019303832203149796}]"
obs_194599339_photo_342107100_box1.jpg,/gpfs_common/share03/ftrscape/snair3/wew_notebooks/outputs_crop/obs_194599339_photo_342107100_box1.jpg,1,Pilula cordemoyi,Otoconcha dimidiata,Daudebardia brevipes,Parakontikia ventrolineata,Kontikia pelewensis,,0.13446712493896484,"[{""species"": ""Pilula cordemoyi"", ""common_name"": """", ""score"": 0.13446712493896484}, {""species"": ""Otoconcha dimidiata"", ""common_name"": """", ""score"": 0.04775844141840935}, {""species"": ""Daudebardia brevipes"", ""common_name"": """", ""score"": 0.041080303490161896}, {""species"": ""Parakontikia ventrolineata"", ""common_name"": """", ""score"": 0.033391933888196945}, {""species"": ""Kontikia pelewensis"", ""common_name"": """", ""score"": 0.031812768429517746}]"
obs_194599339_photo_342107100_box2.jpg,/gpfs_common/share03/ftrscape/snair3/wew_notebooks/outputs_crop/obs_194599339_photo_342107100_box2.jpg,2,Thalassohelix laingi,Thalassohelix antipoda,Thalassohelix zelandiae,Thalassohelix obnubila,Retinella circumsessa,,0.05895688384771347,"[{""species"": ""Thalassohelix laingi"", ""common_name"": """", ""score"": 0.05895688384771347}, {""species"": ""Thalassohelix antipoda"", ""common_name"": """", ""score"": 0.0358143076300621}, {""species"": ""Thalassohelix zelandiae"", ""common_name"": """", ""score"": 0.022022008895874023}, {""species"": ""Thalassohelix obnubila"", ""common_name"": """", ""score"": 0.021183853968977928}, {""species"": ""Retinella circumsessa"", ""common_name"": """", ""score"": 0.019227435812354088}]"
obs_194599339_photo_342107100_box3.jpg,/gpfs_common/share03/ftrscape/snair3/wew_notebooks/outputs_crop/obs_194599339_photo_342107100_box3.jpg,3,Leuconopsis obsoleta,Novaculina chinensis,Pyrgulopsis licina,Microtralia insularis,Austrolittorina antipodum,,0.04287535697221756,"[{""species"": ""Leuconopsis obsoleta"", ""common_name"": """", ""score"": 0.04287535697221756}, {""species"": ""Novaculina chinensis"", ""common_name"": """", ""score"": 0.017014220356941223}, {""species"": ""Pyrgulopsis licina"", ""common_name"": """", ""score"": 0.007300382014364004}, {""species"": ""Microtralia insularis"", ""common_name"": """", ""score"": 0.006622422486543655}, {""species"": ""Austrolittorina antipodum"", ""common_name"": ""Blue Periwinkle"", ""score"": 0.006490717642009258}]"
obs_194599339_photo_342107100_box4.jpg,/gpfs_common/share03/ftrscape/snair3/wew_notebooks/outputs_crop/obs_194599339_photo_342107100_box4.jpg,4,Eptesicus fuscus,Chactas ferruginosus,Oryctes centaurus,Forficula beelzebub,Rhinolophus monoceros,Big Brown Bat,0.025763873010873795,"[{""species"": ""Eptesicus fuscus"", ""common_name"": ""Big Brown Bat"", ""score"": 0.025763873010873795}, {""species"": ""Chactas ferruginosus"", ""common_name"": """", ""score"": 0.019558295607566833}, {""species"": ""Oryctes centaurus"", ""common_name"": """", ""score"": 0.018432285636663437}, {""species"": ""Forficula beelzebub"", ""common_name"": """", ""score"": 0.00870832335203886}, {""species"": ""Rhinolophus monoceros"", ""common_name"": ""Formosan lesser horseshoe bat"", ""score"": 0.008473883382976055}]"
obs_194599339_photo_342107100_box5.jpg,/gpfs_common/share03/ftrscape/snair3/wew_notebooks/outputs_crop/obs_194599339_photo_342107100_box5.jpg,5,Thalassohelix laingi,Thalassohelix antipoda,Retinella circumsessa,Thalassohelix zelandiae,Thalassohelix igniflua,,0.05781080573797226,"[{""species"": ""Thalassohelix laingi"", ""common_name"": """", ""score"": 0.05781080573797226}, {""species"": ""Thalassohelix antipoda"", ""common_name"": """", ""score"": 0.02995412051677704}, {""species"": ""Retinella circumsessa"", ""common_name"": """", ""score"": 0.02401561848819256}, {""species"": ""Thalassohelix zelandiae"", ""common_name"": """", ""score"": 0.019757872447371483}, {""species"": ""Thalassohelix igniflua"", ""common_name"": """", ""score"": 0.019670486450195312}]"
obs_194795499_photo_341224314_box1.jpg,/gpfs_common/share03/ftrscape/snair3/wew_notebooks/outputs_crop/obs_194795499_photo_341224314_box1.jpg,1,Ranzania tenneyorum,Mola tecta,Mola mola,Rhopilema hispidum,Rhopilema esculentum,,0.1433543562889099,"[{""species"": ""Ranzania tenneyorum"", ""common_name"": """", ""score"": 0.1433543562889099}, {""species"": ""Mola tecta"", ""common_name"": ""Hoodwinker Ocean Sunfish"", ""score"": 0.1404304951429367}, {""species"": ""Mola mola"", ""common_name"": ""Ocean sunfish"", ""score"": 0.11275387555360794}, {""species"": ""Rhopilema hispidum"", ""common_name"": """", ""score"": 0.0846157819032669}, {""species"": ""Rhopilema esculentum"", ""common_name"": ""Japanese edible jellyfish"", ""score"": 0.037776462733745575}]"
obs_194795499_photo_341224314_box2.jpg,/gpfs_common/share03/ftrscape/snair3/wew_notebooks/outputs_crop/obs_194795499_photo_341224314_box2.jpg,2,Amplexidiscus fenestrafer,Stichodactyla mertensii,Urticina columbiana,Liponema multicorne,Heliofungia actiniformis,Elephant ear anemone,0.11004547029733658,"[{""species"": ""Amplexidiscus fenestrafer"", ""common_name"": ""Elephant ear anemone"", ""score"": 0.11004547029733658}, {""species"": ""Stichodactyla mertensii"", ""common_name"": ""Merten's sea anemone"", ""score"": 0.07448150962591171}, {""species"": ""Urticina columbiana"", ""common_name"": ""Crusty red anemone"", ""score"": 0.05897459387779236}, {""species"": ""Liponema multicorne"", ""common_name"": ""Many-tentacled sea anemone"", ""score"": 0.05817379429936409}, {""species"": ""Heliofungia actiniformis"", ""common_name"": ""Plate coral"", ""score"": 0.04446103423833847}]"
obs_194795499_photo_341224314_box3.jpg,/gpfs_common/share03/ftrscape/snair3/wew_notebooks/outputs_crop/obs_194795499_photo_341224314_box3.jpg,3,Amplexidiscus fenestrafer,Urticina columbiana,Sicyonis erythrocephala,Heliofungia actiniformis,Radianthus magnifica,Elephant ear anemone,0.32949692010879517,"[{""species"": ""Amplexidiscus fenestrafer"", ""common_name"": ""Elephant ear anemone"", ""score"": 0.32949692010879517}, {""species"": ""Urticina columbiana"", ""common_name"": ""Crusty red anemone"", ""score"": 0.06755136698484421}, {""species"": ""Sicyonis erythrocephala"", ""common_name"": ""Sea Anemone"", ""score"": 0.0641958937048912}, {""species"": ""Heliofungia actiniformis"", ""common_name"": ""Plate coral"", ""score"": 0.06390416622161865}, {""species"": ""Radianthus magnifica"", ""common_name"": ""Sea Anemone"", ""score"": 0.05333489179611206}]"
obs_194795499_photo_341224314_box4.jpg,/gpfs_common/share03/ftrscape/snair3/wew_notebooks/outputs_crop/obs_194795499_photo_341224314_box4.jpg,4,Phymanthea pluvia,Preactis millardae,Radianthus magnifica,Urticina columbiana,Liponema multicorne,,0.2686387896537781,"[{""species"": ""Phymanthea pluvia"", ""common_name"": """", ""score"": 0.2686387896537781}, {""species"": ""Preactis millardae"", ""common_name"": """", ""score"": 0.07975617051124573}, {""species"": ""Radianthus magnifica"", ""common_name"": ""Sea Anemone"", ""score"": 0.05869511142373085}, {""species"": ""Urticina columbiana"", ""common_name"": ""Crusty red anemone"", ""score"": 0.024076849222183228}, {""species"": ""Liponema multicorne"", ""common_name"": ""Many-tentacled sea anemone"", ""score"": 0.02382904663681984}]"
obs_194795499_photo_341224314_box5.jpg,/gpfs_common/share03/ftrscape/snair3/wew_notebooks/outputs_crop/obs_194795499_photo_341224314_box5.jpg,5,Fibularia gregata,Typhliasina pearsei,Pachymatisma johnstonia,Podospongia colini,Tethocyathus minor,,0.008881036192178726,"[{""species"": ""Fibularia gregata"", ""common_name"": """", ""score"": 0.008881036192178726}, {""species"": ""Typhliasina pearsei"", ""common_name"": ""Dama ciega blanca"", ""score"": 0.008848708122968674}, {""species"": ""Pachymatisma johnstonia"", ""common_name"": ""Elephant ear sponge"", ""score"": 0.006637901533395052}, {""species"": ""Podospongia colini"", ""common_name"": """", ""score"": 0.0065349405631423}, {""species"": ""Tethocyathus minor"", ""common_name"": """", ""score"": 0.005229622591286898}]"
obs_195713651_photo_344383957_box1.jpg,/gpfs_common/share03/ftrscape/snair3/wew_notebooks/outputs_crop/obs_195713651_photo_344383957_box1.jpg,1,Geoplana multipunctata,Kontikia ventrolineata,Australopacifica alfordensis,Geoplana arkalabamensis,Kontikia pelewensis,,0.08714938163757324,"[{""species"": ""Geoplana multipunctata"", ""common_name"": """", ""score"": 0.08714938163757324}, {""species"": ""Kontikia ventrolineata"", ""common_name"": ""Flatworm"", ""score"": 0.07421199232339859}, {""species"": ""Australopacifica alfordensis"", ""common_name"": """", ""score"": 0.05502694845199585}, {""species"": ""Geoplana arkalabamensis"", ""common_name"": """", ""score"": 0.05215374380350113}, {""species"": ""Kontikia pelewensis"", ""common_name"": """", ""score"": 0.04628928005695343}]"
obs_195713651_photo_344383957_box2.jpg,/gpfs_common/share03/ftrscape/snair3/wew_notebooks/outputs_crop/obs_195713651_photo_344383957_box2.jpg,2,Kontikia pelewensis,Parakontikia ventrolineata,Anisorhynchodemus luteicollis,Geoplana arkalabamensis,Kontikia ventrolineata,,0.15015149116516113,"[{""species"": ""Kontikia pelewensis"", ""common_name"": """", ""score"": 0.15015149116516113}, {""species"": ""Parakontikia ventrolineata"", ""common_name"": """", ""score"": 0.07080867141485214}, {""species"": ""Anisorhynchodemus luteicollis"", ""common_name"": """", ""score"": 0.06127278506755829}, {""species"": ""Geoplana arkalabamensis"", ""common_name"": """", ""score"": 0.05802961811423302}, {""species"": ""Kontikia ventrolineata"", ""common_name"": ""Flatworm"", ""score"": 0.055836353451013565}]"
obs_195713651_photo_344383957_box3.jpg,/gpfs_common/share03/ftrscape/snair3/wew_notebooks/outputs_crop/obs_195713651_photo_344383957_box3.jpg,3,Platysuccinea portoricensis,Omalonyx unguis,Microparmarion sallehi,Succinea magnaciana,Obama burmeisteri,,0.06403868645429611,"[{""species"": ""Platysuccinea portoricensis"", ""common_name"": """", ""score"": 0.06403868645429611}, {""species"": ""Omalonyx unguis"", ""common_name"": """", ""score"": 0.06229376792907715}, {""species"": ""Microparmarion sallehi"", ""common_name"": """", ""score"": 0.03264269605278969}, {""species"": ""Succinea magnaciana"", ""common_name"": """", ""score"": 0.028514070436358452}, {""species"": ""Obama burmeisteri"", ""common_name"": """", ""score"": 0.022364052012562752}]"
obs_195713651_photo_344383957_box4.jpg,/gpfs_common/share03/ftrscape/snair3/wew_notebooks/outputs_crop/obs_195713651_photo_344383957_box4.jpg,4,Kontikia pelewensis,Australopacifica alfordensis,Kontikia ventrolineata,Australopacifica hamiltoni,Australopacifica splendens,,0.17866764962673187,"[{""species"": ""Kontikia pelewensis"", ""common_name"": """", ""score"": 0.17866764962673187}, {""species"": ""Australopacifica alfordensis"", ""common_name"": """", ""score"": 0.09486940503120422}, {""species"": ""Kontikia ventrolineata"", ""common_name"": ""Flatworm"", ""score"": 0.04465784505009651}, {""species"": ""Australopacifica hamiltoni"", ""common_name"": """", ""score"": 0.044170916080474854}, {""species"": ""Australopacifica splendens"", ""common_name"": """", ""score"": 0.034848883748054504}]"
obs_195713651_photo_344383957_box5.jpg,/gpfs_common/share03/ftrscape/snair3/wew_notebooks/outputs_crop/obs_195713651_photo_344383957_box5.jpg,5,Geoplana arkalabamensis,Kontikia pelewensis,Geoplana multipunctata,Australopacifica splendens,Australopacifica hamiltoni,,0.13965588808059692,"[{""species"": ""Geoplana arkalabamensis"", ""common_name"": """", ""score"": 0.13965588808059692}, {""species"": ""Kontikia pelewensis"", ""common_name"": """", ""score"": 0.09309122711420059}, {""species"": ""Geoplana multipunctata"", ""common_name"": """", ""score"": 0.05990049988031387}, {""species"": ""Australopacifica splendens"", ""common_name"": """", ""score"": 0.05001171678304672}, {""species"": ""Australopacifica hamiltoni"", ""common_name"": """", ""score"": 0.040046900510787964}]"
obs_220102252_photo_389649357_box1.jpg,/gpfs_common/share03/ftrscape/snair3/wew_notebooks/outputs_crop/obs_220102252_photo_389649357_box1.jpg,1,Rhagio orestes,Chrysopilus griffithi,Rhagio floridensis,Rhagio albicornis,Rhagio maculipennis,,0.19020241498947144,"[{""species"": ""Rhagio orestes"", ""common_name"": """", ""score"": 0.19020241498947144}, {""species"": ""Chrysopilus griffithi"", ""common_name"": """", ""score"": 0.057026833295822144}, {""species"": ""Rhagio floridensis"", ""common_name"": """", ""score"": 0.056691933423280716}, {""species"": ""Rhagio albicornis"", ""common_name"": """", ""score"": 0.043533921241760254}, {""species"": ""Rhagio maculipennis"", ""common_name"": """", ""score"": 0.03339797630906105}]"
obs_220102252_photo_389649357_box2.jpg,/gpfs_common/share03/ftrscape/snair3/wew_notebooks/outputs_crop/obs_220102252_photo_389649357_box2.jpg,2,Chrysopilus griffithi,Rhagio orestes,Chrysopilus balbii,Rhagio maculipennis,Atherix ibis,,0.0845714882016182,"[{""species"": ""Chrysopilus griffithi"", ""common_name"": """", ""score"": 0.0845714882016182}, {""species"": ""Rhagio orestes"", ""common_name"": """", ""score"": 0.08197449892759323}, {""species"": ""Chrysopilus balbii"", ""common_name"": """", ""score"": 0.08056395500898361}, {""species"": ""Rhagio maculipennis"", ""common_name"": """", ""score"": 0.07193221896886826}, {""species"": ""Atherix ibis"", ""common_name"": ""Yellow-legged water-snipefly"", ""score"": 0.04251808300614357}]"
obs_220102252_photo_389649357_box3.jpg,/gpfs_common/share03/ftrscape/snair3/wew_notebooks/outputs_crop/obs_220102252_photo_389649357_box3.jpg,3,Octotoma plicatula,Eupareophora parca,Sumitrosis rosea,Scaphoideus titanus,Eryniopsis lampyridarum,,0.10526356846094131,"[{""species"": ""Octotoma plicatula"", ""common_name"": """", ""score"": 0.10526356846094131}, {""species"": ""Eupareophora parca"", ""common_name"": ""Sawfly"", ""score"": 0.019968267530202866}, {""species"": ""Sumitrosis rosea"", ""common_name"": """", ""score"": 0.01847749575972557}, {""species"": ""Scaphoideus titanus"", ""common_name"": ""American grapevine leafhopper"", ""score"": 0.015255982987582684}, {""species"": ""Eryniopsis lampyridarum"", ""common_name"": """", ""score"": 0.011907597072422504}]"
obs_220102252_photo_389649357_box4.jpg,/gpfs_common/share03/ftrscape/snair3/wew_notebooks/outputs_crop/obs_220102252_photo_389649357_box4.jpg,4,Rhagio orestes,Rhagio maculipennis,Chrysopilus griffithi,Rhagio albicornis,Chrysopilus mackerrasi,,0.17912805080413818,"[{""species"": ""Rhagio orestes"", ""common_name"": """", ""score"": 0.17912805080413818}, {""species"": ""Rhagio maculipennis"", ""common_name"": """", ""score"": 0.07506351917982101}, {""species"": ""Chrysopilus griffithi"", ""common_name"": """", ""score"": 0.05995096266269684}, {""species"": ""Rhagio albicornis"", ""common_name"": """", ""score"": 0.042280975729227066}, {""species"": ""Chrysopilus mackerrasi"", ""common_name"": """", ""score"": 0.03914141654968262}]"
obs_220102252_photo_389649357_box5.jpg,/gpfs_common/share03/ftrscape/snair3/wew_notebooks/outputs_crop/obs_220102252_photo_389649357_box5.jpg,5,Rhagio orestes,Chrysopilus griffithi,Rhagio maculipennis,Rhagio albicornis,Chrysopilus balbii,,0.14459063112735748,"[{""species"": ""Rhagio orestes"", ""common_name"": """", ""score"": 0.14459063112735748}, {""species"": ""Chrysopilus griffithi"", ""common_name"": """", ""score"": 0.09087961912155151}, {""species"": ""Rhagio maculipennis"", ""common_name"": """", ""score"": 0.07725868374109268}, {""species"": ""Rhagio albicornis"", ""common_name"": """", ""score"": 0.0472438670694828}, {""species"": ""Chrysopilus balbii"", ""common_name"": """", ""score"": 0.04529346153140068}]"
obs_220822650_photo_391000325_box1.jpg,/gpfs_common/share03/ftrscape/snair3/wew_notebooks/outputs_crop/obs_220822650_photo_391000325_box1.jpg,1,Triplofusus princeps,Titanostrombus galeatus,Titanostrombus goliath,Cypraecassis coarctata,Charonia lampas,,0.1263381689786911,"[{""species"": ""Triplofusus princeps"", ""common_name"": """", ""score"": 0.1263381689786911}, {""species"": ""Titanostrombus galeatus"", ""common_name"": """", ""score"": 0.08375709503889084}, {""species"": ""Titanostrombus goliath"", ""common_name"": """", ""score"": 0.07689032703638077}, {""species"": ""Cypraecassis coarctata"", ""common_name"": """", ""score"": 0.03243221715092659}, {""species"": ""Charonia lampas"", ""common_name"": ""Red Whelk"", ""score"": 0.028426343575119972}]"
obs_220822650_photo_391000325_box2.jpg,/gpfs_common/share03/ftrscape/snair3/wew_notebooks/outputs_crop/obs_220822650_photo_391000325_box2.jpg,2,Apostichopus californicus,Larus glaucescens,Enteroctopus dofleini,Caudina arenicola,Dermasterias imbricata,California sea cucumber,0.5001927018165588,"[{""species"": ""Apostichopus californicus"", ""common_name"": ""California sea cucumber"", ""score"": 0.5001927018165588}, {""species"": ""Larus glaucescens"", ""common_name"": ""Glaucous-winged gull"", ""score"": 0.0537322536110878}, {""species"": ""Enteroctopus dofleini"", ""common_name"": ""Giant north pacific octopus"", ""score"": 0.043717022985219955}, {""species"": ""Caudina arenicola"", ""common_name"": """", ""score"": 0.0405985526740551}, {""species"": ""Dermasterias imbricata"", ""common_name"": """", ""score"": 0.037015922367572784}]"
obs_220822650_photo_391000325_box3.jpg,/gpfs_common/share03/ftrscape/snair3/wew_notebooks/outputs_crop/obs_220822650_photo_391000325_box3.jpg,3,Larus glaucescens,Larus occidentalis,Larus schistisagus,Larus hyperboreus,Caudina arenicola,Glaucous-winged gull,0.8941670060157776,"[{""species"": ""Larus glaucescens"", ""common_name"": ""Glaucous-winged gull"", ""score"": 0.8941670060157776}, {""species"": ""Larus occidentalis"", ""common_name"": ""Western gull"", ""score"": 0.04089906066656113}, {""species"": ""Larus schistisagus"", ""common_name"": ""Slaty-backed Gull"", ""score"": 0.005908679217100143}, {""species"": ""Larus hyperboreus"", ""common_name"": ""Glaucous Gull"", ""score"": 0.00578896002843976}, {""species"": ""Caudina arenicola"", ""common_name"": """", ""score"": 0.004403941333293915}]"
obs_250956763_photo_448935283_box1.jpg,/gpfs_common/share03/ftrscape/snair3/wew_notebooks/outputs_crop/obs_250956763_photo_448935283_box1.jpg,1,Limacia jellyi,Tritonia odhneri,Doto sarsiae,Cuspivolva ostheimerae,Stolonica australis,,0.07659447938203812,"[{""species"": ""Limacia jellyi"", ""common_name"": """", ""score"": 0.07659447938203812}, {""species"": ""Tritonia odhneri"", ""common_name"": """", ""score"": 0.05558000132441521}, {""species"": ""Doto sarsiae"", ""common_name"": ""Rode kroonslak"", ""score"": 0.047071270644664764}, {""species"": ""Cuspivolva ostheimerae"", ""common_name"": """", ""score"": 0.03851265460252762}, {""species"": ""Stolonica australis"", ""common_name"": ""Ascidian"", ""score"": 0.03177938237786293}]"
obs_250956763_photo_448935283_box2.jpg,/gpfs_common/share03/ftrscape/snair3/wew_notebooks/outputs_crop/obs_250956763_photo_448935283_box2.jpg,2,Ecteinascidia sluiteri,Euclavella claviformis,Limacia jellyi,Stolonica australis,Clavelina moluccensis,,0.07735695689916611,"[{""species"": ""Ecteinascidia sluiteri"", ""common_name"": """", ""score"": 0.07735695689916611}, {""species"": ""Euclavella claviformis"", ""common_name"": """", ""score"": 0.0707450583577156}, {""species"": ""Limacia jellyi"", ""common_name"": """", ""score"": 0.06020062789320946}, {""species"": ""Stolonica australis"", ""common_name"": ""Ascidian"", ""score"": 0.05408095940947533}, {""species"": ""Clavelina moluccensis"", ""common_name"": ""Ascidian"", ""score"": 0.050819478929042816}]"
obs_250956763_photo_448935283_box3.jpg,/gpfs_common/share03/ftrscape/snair3/wew_notebooks/outputs_crop/obs_250956763_photo_448935283_box3.jpg,3,Euclavella claviformis,Ecteinascidia turbinata,Stolonica australis,Perophora listeri,Clavelina moluccensis,,0.06355059146881104,"[{""species"": ""Euclavella claviformis"", ""common_name"": """", ""score"": 0.06355059146881104}, {""species"": ""Ecteinascidia turbinata"", ""common_name"": ""Mangrove tunicate"", ""score"": 0.05646057426929474}, {""species"": ""Stolonica australis"", ""common_name"": ""Ascidian"", ""score"": 0.053597092628479004}, {""species"": ""Perophora listeri"", ""common_name"": ""Dwarf ascidian"", ""score"": 0.045852068811655045}, {""species"": ""Clavelina moluccensis"", ""common_name"": ""Ascidian"", ""score"": 0.04581081122159958}]"
obs_250956763_photo_448935283_box4.jpg,/gpfs_common/share03/ftrscape/snair3/wew_notebooks/outputs_crop/obs_250956763_photo_448935283_box4.jpg,4,Ecteinascidia turbinata,Perophora listeri,Euclavella claviformis,Stolonica australis,Ecteinascidia sluiteri,Mangrove tunicate,0.09267022460699081,"[{""species"": ""Ecteinascidia turbinata"", ""common_name"": ""Mangrove tunicate"", ""score"": 0.09267022460699081}, {""species"": ""Perophora listeri"", ""common_name"": ""Dwarf ascidian"", ""score"": 0.06386496126651764}, {""species"": ""Euclavella claviformis"", ""common_name"": """", ""score"": 0.0626746341586113}, {""species"": ""Stolonica australis"", ""common_name"": ""Ascidian"", ""score"": 0.04613306373357773}, {""species"": ""Ecteinascidia sluiteri"", ""common_name"": """", ""score"": 0.037313830107450485}]"
obs_250956763_photo_448935283_box5.jpg,/gpfs_common/share03/ftrscape/snair3/wew_notebooks/outputs_crop/obs_250956763_photo_448935283_box5.jpg,5,Umimayanthus chanpuru,Ecteinascidia diaphanis,Ecteinascidia nexa,Didemnum coccineum,Ecteinascidia bandaensis,,0.03560493513941765,"[{""species"": ""Umimayanthus chanpuru"", ""common_name"": """", ""score"": 0.03560493513941765}, {""species"": ""Ecteinascidia diaphanis"", ""common_name"": """", ""score"": 0.02748524583876133}, {""species"": ""Ecteinascidia nexa"", ""common_name"": """", ""score"": 0.026364432647824287}, {""species"": ""Didemnum coccineum"", ""common_name"": """", ""score"": 0.0205379668623209}, {""species"": ""Ecteinascidia bandaensis"", ""common_name"": """", ""score"": 0.01969684474170208}]"
obs_256022699_photo_458927175_box1.jpg,/gpfs_common/share03/ftrscape/snair3/wew_notebooks/outputs_crop/obs_256022699_photo_458927175_box1.jpg,1,Xystocheir dissecta,Motyxia monica,Xystocheir brachymacris,Xystocheir taibona,Wamokia hoffmani,,0.5106845498085022,"[{""species"": ""Xystocheir dissecta"", ""common_name"": """", ""score"": 0.5106845498085022}, {""species"": ""Motyxia monica"", ""common_name"": """", ""score"": 0.21115098893642426}, {""species"": ""Xystocheir brachymacris"", ""common_name"": """", ""score"": 0.10119083523750305}, {""species"": ""Xystocheir taibona"", ""common_name"": """", ""score"": 0.05576661601662636}, {""species"": ""Wamokia hoffmani"", ""common_name"": """", ""score"": 0.03082122653722763}]"
obs_256022699_photo_458927175_box2.jpg,/gpfs_common/share03/ftrscape/snair3/wew_notebooks/outputs_crop/obs_256022699_photo_458927175_box2.jpg,2,Prodiplosis falcata,Rhopalomyia clinata,Rhopalomyia santolinae,Rhopalomyia gutierreziae,Rhopalomyia ericameriae,,0.3698326051235199,"[{""species"": ""Prodiplosis falcata"", ""common_name"": """", ""score"": 0.3698326051235199}, {""species"": ""Rhopalomyia clinata"", ""common_name"": """", ""score"": 0.194580540060997}, {""species"": ""Rhopalomyia santolinae"", ""common_name"": """", ""score"": 0.0673484355211258}, {""species"": ""Rhopalomyia gutierreziae"", ""common_name"": """", ""score"": 0.041463371366262436}, {""species"": ""Rhopalomyia ericameriae"", ""common_name"": """", ""score"": 0.03428502753376961}]"
obs_258568965_photo_463949088_box1.jpg,/gpfs_common/share03/ftrscape/snair3/wew_notebooks/outputs_crop/obs_258568965_photo_463949088_box1.jpg,1,Cryptostroma corticale,Globitermes globosus,Pisolithus arhizus,Corydalus texanus,Tidarren sisyphoides,,0.10525090247392654,"[{""species"": ""Cryptostroma corticale"", ""common_name"": """", ""score"": 0.10525090247392654}, {""species"": ""Globitermes globosus"", ""common_name"": """", ""score"": 0.06292543560266495}, {""species"": ""Pisolithus arhizus"", ""common_name"": ""Dyeball"", ""score"": 0.027805641293525696}, {""species"": ""Corydalus texanus"", ""common_name"": """", ""score"": 0.012024381197988987}, {""species"": ""Tidarren sisyphoides"", ""common_name"": ""Cobweb spiders"", ""score"": 0.009143340401351452}]"
obs_258568965_photo_463949088_box2.jpg,/gpfs_common/share03/ftrscape/snair3/wew_notebooks/outputs_crop/obs_258568965_photo_463949088_box2.jpg,2,Globitermes globosus,Bothriocyrtum californicum,Meta dolloff,Aliatypus janus,Filistata canariensis,,0.0466180257499218,"[{""species"": ""Globitermes globosus"", ""common_name"": """", ""score"": 0.0466180257499218}, {""species"": ""Bothriocyrtum californicum"", ""common_name"": """", ""score"": 0.029841626062989235}, {""species"": ""Meta dolloff"", ""common_name"": ""Dolloff cave spider"", ""score"": 0.00880496297031641}, {""species"": ""Aliatypus janus"", ""common_name"": """", ""score"": 0.007034565322101116}, {""species"": ""Filistata canariensis"", ""common_name"": """", ""score"": 0.006493709981441498}]"
obs_258568965_photo_463949088_box3.jpg,/gpfs_common/share03/ftrscape/snair3/wew_notebooks/outputs_crop/obs_258568965_photo_463949088_box3.jpg,3,Nodulisporium cecidiogenes,Reduvius personatus,Leptothrix discophora,Bryostigma phaeophysciae,Erythricium aurantiacum,,0.06152774393558502,"[{""species"": ""Nodulisporium cecidiogenes"", ""common_name"": """", ""score"": 0.06152774393558502}, {""species"": ""Reduvius personatus"", ""common_name"": ""Masked hunter"", ""score"": 0.0225649606436491}, {""species"": ""Leptothrix discophora"", ""common_name"": """", ""score"": 0.010994180105626583}, {""species"": ""Bryostigma phaeophysciae"", ""common_name"": """", ""score"": 0.008271598257124424}, {""species"": ""Erythricium aurantiacum"", ""common_name"": """", ""score"": 0.0056411707773804665}]"
obs_264953671_photo_475827468_box1.jpg,/gpfs_common/share03/ftrscape/snair3/wew_notebooks/outputs_crop/obs_264953671_photo_475827468_box1.jpg,1,Peripatopsis lawrencei,Peripatopsis sedgwicki,Pseudonympha detecta,Peripatopsis balfouri,Kumbadjena toolbrunupensis,,0.2940974235534668,"[{""species"": ""Peripatopsis lawrencei"", ""common_name"": """", ""score"": 0.2940974235534668}, {""species"": ""Peripatopsis sedgwicki"", ""common_name"": """", ""score"": 0.0771130695939064}, {""species"": ""Pseudonympha detecta"", ""common_name"": """", ""score"": 0.05919685959815979}, {""species"": ""Peripatopsis balfouri"", ""common_name"": """", ""score"": 0.045050058513879776}, {""species"": ""Kumbadjena toolbrunupensis"", ""common_name"": """", ""score"": 0.027539601549506187}]"
obs_264953671_photo_475827468_box2.jpg,/gpfs_common/share03/ftrscape/snair3/wew_notebooks/outputs_crop/obs_264953671_photo_475827468_box2.jpg,2,Pseudonympha detecta,Eutricha capensis,Peripatopsis lawrencei,Mesocelis monticola,Duberria lutrix,,0.2444280982017517,"[{""species"": ""Pseudonympha detecta"", ""common_name"": """", ""score"": 0.2444280982017517}, {""species"": ""Eutricha capensis"", ""common_name"": """", ""score"": 0.15402954816818237}, {""species"": ""Peripatopsis lawrencei"", ""common_name"": """", ""score"": 0.03808385133743286}, {""species"": ""Mesocelis monticola"", ""common_name"": """", ""score"": 0.03456876054406166}, {""species"": ""Duberria lutrix"", ""common_name"": ""Common slug eater"", ""score"": 0.026144685223698616}]"
obs_264953671_photo_475827468_box3.jpg,/gpfs_common/share03/ftrscape/snair3/wew_notebooks/outputs_crop/obs_264953671_photo_475827468_box3.jpg,3,Eutricha capensis,Eutricha bifascia,Pseudonympha detecta,Platypleura capensis,Mesocelis monticola,,0.16627414524555206,"[{""species"": ""Eutricha capensis"", ""common_name"": """", ""score"": 0.16627414524555206}, {""species"": ""Eutricha bifascia"", ""common_name"": """", ""score"": 0.128271222114563}, {""species"": ""Pseudonympha detecta"", ""common_name"": """", ""score"": 0.09334111213684082}, {""species"": ""Platypleura capensis"", ""common_name"": """", ""score"": 0.03306969255208969}, {""species"": ""Mesocelis monticola"", ""common_name"": """", ""score"": 0.031427741050720215}]"
obs_264953671_photo_475827468_box4.jpg,/gpfs_common/share03/ftrscape/snair3/wew_notebooks/outputs_crop/obs_264953671_photo_475827468_box4.jpg,4,Eutricha capensis,Eutricha bifascia,Platypleura capensis,Mesocelis monticola,Catochria catocaloides,,0.3341996669769287,"[{""species"": ""Eutricha capensis"", ""common_name"": """", ""score"": 0.3341996669769287}, {""species"": ""Eutricha bifascia"", ""common_name"": """", ""score"": 0.20672710239887238}, {""species"": ""Platypleura capensis"", ""common_name"": """", ""score"": 0.04592268541455269}, {""species"": ""Mesocelis monticola"", ""common_name"": """", ""score"": 0.04528217762708664}, {""species"": ""Catochria catocaloides"", ""common_name"": """", ""score"": 0.020470941439270973}]"
obs_264953671_photo_475827468_box5.jpg,/gpfs_common/share03/ftrscape/snair3/wew_notebooks/outputs_crop/obs_264953671_photo_475827468_box5.jpg,5,Peripatopsis lawrencei,Peripatopsis sedgwicki,Peripatopsis balfouri,Kumbadjena toolbrunupensis,Peripatopsis bolandi,,0.3468967080116272,"[{""species"": ""Peripatopsis lawrencei"", ""common_name"": """", ""score"": 0.3468967080116272}, {""species"": ""Peripatopsis sedgwicki"", ""common_name"": """", ""score"": 0.1107776015996933}, {""species"": ""Peripatopsis balfouri"", ""common_name"": """", ""score"": 0.044355373829603195}, {""species"": ""Kumbadjena toolbrunupensis"", ""common_name"": """", ""score"": 0.032756540924310684}, {""species"": ""Peripatopsis bolandi"", ""common_name"": """", ""score"": 0.032515767961740494}]"
obs_291009479_photo_523542929_box1.jpg,/gpfs_common/share03/ftrscape/snair3/wew_notebooks/outputs_crop/obs_291009479_photo_523542929_box1.jpg,1,Macroperipatus torquatus,Ischyropsalis manicata,Mongeperipatus solorzanoi,Mongeperipatus kekoldi,Rhysida longicornis,,0.13658003509044647,"[{""species"": ""Macroperipatus torquatus"", ""common_name"": """", ""score"": 0.13658003509044647}, {""species"": ""Ischyropsalis manicata"", ""common_name"": """", ""score"": 0.043727267533540726}, {""species"": ""Mongeperipatus solorzanoi"", ""common_name"": """", ""score"": 0.04350000247359276}, {""species"": ""Mongeperipatus kekoldi"", ""common_name"": """", ""score"": 0.016803018748760223}, {""species"": ""Rhysida longicornis"", ""common_name"": """", ""score"": 0.016208818182349205}]"
obs_291009479_photo_523542929_box2.jpg,/gpfs_common/share03/ftrscape/snair3/wew_notebooks/outputs_crop/obs_291009479_photo_523542929_box2.jpg,2,Cola gigantea,Celtis mildbraedii,Celtis gomphophylla,Strombosia scheffleri,Carex hamata,Giant cola,0.049334559589624405,"[{""species"": ""Cola gigantea"", ""common_name"": ""Giant cola"", ""score"": 0.049334559589624405}, {""species"": ""Celtis mildbraedii"", ""common_name"": ""Red-fruited stinkwood"", ""score"": 0.03181101754307747}, {""species"": ""Celtis gomphophylla"", ""common_name"": """", ""score"": 0.024165857583284378}, {""species"": ""Strombosia scheffleri"", ""common_name"": """", ""score"": 0.023297598585486412}, {""species"": ""Carex hamata"", ""common_name"": """", ""score"": 0.0190806295722723}]"
obs_291009479_photo_523542929_box3.jpg,/gpfs_common/share03/ftrscape/snair3/wew_notebooks/outputs_crop/obs_291009479_photo_523542929_box3.jpg,3,Macroperipatus torquatus,Mongeperipatus solorzanoi,Mongeperipatus kekoldi,Ptilomera hylactor,Ischyropsalis manicata,,0.0744456946849823,"[{""species"": ""Macroperipatus torquatus"", ""common_name"": """", ""score"": 0.0744456946849823}, {""species"": ""Mongeperipatus solorzanoi"", ""common_name"": """", ""score"": 0.0594126358628273}, {""species"": ""Mongeperipatus kekoldi"", ""common_name"": """", ""score"": 0.038943253457546234}, {""species"": ""Ptilomera hylactor"", ""common_name"": """", ""score"": 0.01836421899497509}, {""species"": ""Ischyropsalis manicata"", ""common_name"": """", ""score"": 0.018038587644696236}]"
obs_291009479_photo_523542929_box4.jpg,/gpfs_common/share03/ftrscape/snair3/wew_notebooks/outputs_crop/obs_291009479_photo_523542929_box4.jpg,4,Arcovomer passarellii,Bolitoglossa zapoteca,Mannophryne olmonae,Aquiloeurycea cafetalera,Bolitoglossa rostrata,,0.04576513171195984,"[{""species"": ""Arcovomer passarellii"", ""common_name"": """", ""score"": 0.04576513171195984}, {""species"": ""Bolitoglossa zapoteca"", ""common_name"": ""Zapotec salamander"", ""score"": 0.017220979556441307}, {""species"": ""Mannophryne olmonae"", ""common_name"": ""Bloody bay poison frog"", ""score"": 0.01062760315835476}, {""species"": ""Aquiloeurycea cafetalera"", ""common_name"": ""Coffee grove salamander"", ""score"": 0.008706750348210335}, {""species"": ""Bolitoglossa rostrata"", ""common_name"": ""Long-nosed salamander"", ""score"": 0.008598094806075096}]"
obs_291009479_photo_523542929_box5.jpg,/gpfs_common/share03/ftrscape/snair3/wew_notebooks/outputs_crop/obs_291009479_photo_523542929_box5.jpg,5,Edentistoma octosulcatum,Cormocephalus coynei,Scolopendra hermosa,Rhysida longicornis,Cormocephalus strigosus,,0.10657558590173721,"[{""species"": ""Edentistoma octosulcatum"", ""common_name"": """", ""score"": 0.10657558590173721}, {""species"": ""Cormocephalus coynei"", ""common_name"": """", ""score"": 0.0710141509771347}, {""species"": ""Scolopendra hermosa"", ""common_name"": """", ""score"": 0.06867506355047226}, {""species"": ""Rhysida longicornis"", ""common_name"": """", ""score"": 0.05443473160266876}, {""species"": ""Cormocephalus strigosus"", ""common_name"": """", ""score"": 0.03835342079401016}]"
obs_302755190_photo_545634287_box1.jpg,/gpfs_common/share03/ftrscape/snair3/wew_notebooks/outputs_crop/obs_302755190_photo_545634287_box1.jpg,1,Wilsoniana achyranthis,Wilsoniana occidentalis,Wilsoniana platensis,Wilsoniana bliti,Pustula spinulosa,,0.6247063875198364,"[{""species"": ""Wilsoniana achyranthis"", ""common_name"": """", ""score"": 0.6247063875198364}, {""species"": ""Wilsoniana occidentalis"", ""common_name"": """", ""score"": 0.05987902730703354}, {""species"": ""Wilsoniana platensis"", ""common_name"": """", ""score"": 0.05715746060013771}, {""species"": ""Wilsoniana bliti"", ""common_name"": ""White blister rust disease"", ""score"": 0.019937502220273018}, {""species"": ""Pustula spinulosa"", ""common_name"": """", ""score"": 0.010722539387643337}]"
obs_302755190_photo_545634287_box2.jpg,/gpfs_common/share03/ftrscape/snair3/wew_notebooks/outputs_crop/obs_302755190_photo_545634287_box2.jpg,2,Wilsoniana achyranthis,Albugo lepidii,Chionaspis nyssae,Albugo convolvulacearum,Albugo leimonia,,0.06420417875051498,"[{""species"": ""Wilsoniana achyranthis"", ""common_name"": """", ""score"": 0.06420417875051498}, {""species"": ""Albugo lepidii"", ""common_name"": """", ""score"": 0.04328920692205429}, {""species"": ""Chionaspis nyssae"", ""common_name"": ""Sour gum chionapsis"", ""score"": 0.037790946662425995}, {""species"": ""Albugo convolvulacearum"", ""common_name"": """", ""score"": 0.019822265952825546}, {""species"": ""Albugo leimonia"", ""common_name"": """", ""score"": 0.01803956925868988}]"
obs_302755190_photo_545634287_box3.jpg,/gpfs_common/share03/ftrscape/snair3/wew_notebooks/outputs_crop/obs_302755190_photo_545634287_box3.jpg,3,Diaspidiotus liquidambaris,Chionaspis nyssae,Neuroterus valhalla,Aceria clianthi,Coptodisca diospyriella,Sweet gum scale,0.03390269726514816,"[{""species"": ""Diaspidiotus liquidambaris"", ""common_name"": ""Sweet gum scale"", ""score"": 0.03390269726514816}, {""species"": ""Chionaspis nyssae"", ""common_name"": ""Sour gum chionapsis"", ""score"": 0.03133215010166168}, {""species"": ""Neuroterus valhalla"", ""common_name"": """", ""score"": 0.026247186586260796}, {""species"": ""Aceria clianthi"", ""common_name"": """", ""score"": 0.01690242812037468}, {""species"": ""Coptodisca diospyriella"", ""common_name"": """", ""score"": 0.014016560278832912}]"
obs_302755190_photo_545634287_box4.jpg,/gpfs_common/share03/ftrscape/snair3/wew_notebooks/outputs_crop/obs_302755190_photo_545634287_box4.jpg,4,Hahncappsia neobliteralis,Nefusa ambigua,Hahncappsia pseudobliteralis,Coptodisca diospyriella,Celticecis cupiformis,,0.02881496772170067,"[{""species"": ""Hahncappsia neobliteralis"", ""common_name"": """", ""score"": 0.02881496772170067}, {""species"": ""Nefusa ambigua"", ""common_name"": ""Violet leafmining sawfly"", ""score"": 0.015848679468035698}, {""species"": ""Hahncappsia pseudobliteralis"", ""common_name"": """", ""score"": 0.011354399845004082}, {""species"": ""Coptodisca diospyriella"", ""common_name"": """", ""score"": 0.00964495912194252}, {""species"": ""Celticecis cupiformis"", ""common_name"": """", ""score"": 0.009600176475942135}]"
obs_302755190_photo_545634287_box5.jpg,/gpfs_common/share03/ftrscape/snair3/wew_notebooks/outputs_crop/obs_302755190_photo_545634287_box5.jpg,5,Coptodisca diospyriella,Pseudaulacaspis prunicola,Pseudaulacaspis cockerelli,Chionaspis nyssae,Trialeurodes asplenii,,0.04425505921244621,"[{""species"": ""Coptodisca diospyriella"", ""common_name"": """", ""score"": 0.04425505921244621}, {""species"": ""Pseudaulacaspis prunicola"", ""common_name"": ""White prunicola scale"", ""score"": 0.029948584735393524}, {""species"": ""Pseudaulacaspis cockerelli"", ""common_name"": ""False oleander scale"", ""score"": 0.024282725527882576}, {""species"": ""Chionaspis nyssae"", ""common_name"": ""Sour gum chionapsis"", ""score"": 0.023626837879419327}, {""species"": ""Trialeurodes asplenii"", ""common_name"": """", ""score"": 0.020842501893639565}]"
obs_318344322_photo_575337712_box1.jpg,/gpfs_common/share03/ftrscape/snair3/wew_notebooks/outputs_crop/obs_318344322_photo_575337712_box1.jpg,1,Perna canaliculus,Pedicularia pacifica,Semimytilus patagonicus,Donax gouldii,Lepas testudinata,Green Mussel,0.03966384753584862,"[{""species"": ""Perna canaliculus"", ""common_name"": ""Green Mussel"", ""score"": 0.03966384753584862}, {""species"": ""Pedicularia pacifica"", ""common_name"": """", ""score"": 0.036632999777793884}, {""species"": ""Semimytilus patagonicus"", ""common_name"": """", ""score"": 0.027996784076094627}, {""species"": ""Donax gouldii"", ""common_name"": ""Gould beanclam"", ""score"": 0.01851632446050644}, {""species"": ""Lepas testudinata"", ""common_name"": """", ""score"": 0.017009174451231956}]"
obs_318344322_photo_575337712_box2.jpg,/gpfs_common/share03/ftrscape/snair3/wew_notebooks/outputs_crop/obs_318344322_photo_575337712_box2.jpg,2,Rissoella opalina,Xylophaga washingtona,Xylophaga alexisi,Philine kinglipini,Ascobulla fragilis,,0.051388099789619446,"[{""species"": ""Rissoella opalina"", ""common_name"": """", ""score"": 0.051388099789619446}, {""species"": ""Xylophaga washingtona"", ""common_name"": """", ""score"": 0.028913334012031555}, {""species"": ""Xylophaga alexisi"", ""common_name"": """", ""score"": 0.014952507801353931}, {""species"": ""Philine kinglipini"", ""common_name"": """", ""score"": 0.012925714254379272}, {""species"": ""Ascobulla fragilis"", ""common_name"": """", ""score"": 0.012276909314095974}]"
obs_318344322_photo_575337712_box3.jpg,/gpfs_common/share03/ftrscape/snair3/wew_notebooks/outputs_crop/obs_318344322_photo_575337712_box3.jpg,3,Ascobulla fragilis,Rissoella opalina,Divarilima sydneyensis,Heleobia australis,Ervilia valhosierr,,0.025633499026298523,"[{""species"": ""Ascobulla fragilis"", ""common_name"": """", ""score"": 0.025633499026298523}, {""species"": ""Rissoella opalina"", ""common_name"": """", ""score"": 0.02474023774266243}, {""species"": ""Divarilima sydneyensis"", ""common_name"": ""File Clam"", ""score"": 0.01349544059485197}, {""species"": ""Heleobia australis"", ""common_name"": """", ""score"": 0.012720616534352303}, {""species"": ""Ervilia valhosierr"", ""common_name"": """", ""score"": 0.007593220099806786}]"
obs_318533969_photo_575706140_box1.jpg,/gpfs_common/share03/ftrscape/snair3/wew_notebooks/outputs_crop/obs_318533969_photo_575706140_box1.jpg,1,Striatoandricus tenuicornis,Striatoandricus aciculatus,Striatoandricus furnessulus,Phylloporia amplectens,Andricus conificus,,0.34254971146583557,"[{""species"": ""Striatoandricus tenuicornis"", ""common_name"": """", ""score"": 0.34254971146583557}, {""species"": ""Striatoandricus aciculatus"", ""common_name"": """", ""score"": 0.2211262285709381}, {""species"": ""Striatoandricus furnessulus"", ""common_name"": """", ""score"": 0.1838158518075943}, {""species"": ""Phylloporia amplectens"", ""common_name"": """", ""score"": 0.04993639141321182}, {""species"": ""Andricus conificus"", ""common_name"": """", ""score"": 0.022275928407907486}]"
obs_318533969_photo_575706140_box2.jpg,/gpfs_common/share03/ftrscape/snair3/wew_notebooks/outputs_crop/obs_318533969_photo_575706140_box2.jpg,2,Striatoandricus tenuicornis,Striatoandricus aciculatus,Striatoandricus furnessulus,Andricus conificus,Andricus galeatus,,0.32467594742774963,"[{""species"": ""Striatoandricus tenuicornis"", ""common_name"": """", ""score"": 0.32467594742774963}, {""species"": ""Striatoandricus aciculatus"", ""common_name"": """", ""score"": 0.2739725112915039}, {""species"": ""Striatoandricus furnessulus"", ""common_name"": """", ""score"": 0.1919521689414978}, {""species"": ""Andricus conificus"", ""common_name"": """", ""score"": 0.03165515139698982}, {""species"": ""Andricus galeatus"", ""common_name"": """", ""score"": 0.020772946998476982}]"
obs_318533969_photo_575706140_box3.jpg,/gpfs_common/share03/ftrscape/snair3/wew_notebooks/outputs_crop/obs_318533969_photo_575706140_box3.jpg,3,Erica truncata,Morella kraussiana,Erica copiosa,Erica brachialis,Erica nervata,,0.06154204532504082,"[{""species"": ""Erica truncata"", ""common_name"": """", ""score"": 0.06154204532504082}, {""species"": ""Morella kraussiana"", ""common_name"": """", ""score"": 0.032039351761341095}, {""species"": ""Erica copiosa"", ""common_name"": """", ""score"": 0.030360179021954536}, {""species"": ""Erica brachialis"", ""common_name"": """", ""score"": 0.020785033702850342}, {""species"": ""Erica nervata"", ""common_name"": """", ""score"": 0.01715976744890213}]"
obs_319669394_photo_577875426_box1.jpg,/gpfs_common/share03/ftrscape/snair3/wew_notebooks/outputs_crop/obs_319669394_photo_577875426_box1.jpg,1,Coleosporium elephantopodis,Coleosporium plumeriae,Mikronegeria fuchsiae,Coleosporium asterum,Coleosporium helianthi,,0.41495224833488464,"[{""species"": ""Coleosporium elephantopodis"", ""common_name"": """", ""score"": 0.41495224833488464}, {""species"": ""Coleosporium plumeriae"", ""common_name"": """", ""score"": 0.03610629215836525}, {""species"": ""Mikronegeria fuchsiae"", ""common_name"": """", ""score"": 0.03364989161491394}, {""species"": ""Coleosporium asterum"", ""common_name"": """", ""score"": 0.03197742626070976}, {""species"": ""Coleosporium helianthi"", ""common_name"": """", ""score"": 0.02873269096016884}]"
obs_319669394_photo_577875426_box2.jpg,/gpfs_common/share03/ftrscape/snair3/wew_notebooks/outputs_crop/obs_319669394_photo_577875426_box2.jpg,2,Tethya californiana,Phymanthea pluvia,Cinachyrella alloclada,Tethya bergquistae,Cinachyrella apion,Orange rough ball horny sponge,0.07198489457368851,"[{""species"": ""Tethya californiana"", ""common_name"": ""Orange rough ball horny sponge"", ""score"": 0.07198489457368851}, {""species"": ""Phymanthea pluvia"", ""common_name"": """", ""score"": 0.07102638483047485}, {""species"": ""Cinachyrella alloclada"", ""common_name"": ""Orange ball sponge"", ""score"": 0.06607469171285629}, {""species"": ""Tethya bergquistae"", ""common_name"": ""Sponge"", ""score"": 0.06444665044546127}, {""species"": ""Cinachyrella apion"", ""common_name"": ""Orange ball sponge"", ""score"": 0.034628964960575104}]"
obs_319669394_photo_577875426_box3.jpg,/gpfs_common/share03/ftrscape/snair3/wew_notebooks/outputs_crop/obs_319669394_photo_577875426_box3.jpg,3,Hymeniacidon perlevis,Cnemidocarpa verrucosa,Tethya actinia,Adreus australiensis,Hymeniacidon heliophila,Crumb-of-bread sponge,0.05256911739706993,"[{""species"": ""Hymeniacidon perlevis"", ""common_name"": ""Crumb-of-bread sponge"", ""score"": 0.05256911739706993}, {""species"": ""Cnemidocarpa verrucosa"", ""common_name"": """", ""score"": 0.046814121305942535}, {""species"": ""Tethya actinia"", ""common_name"": ""Tangerine sponge"", ""score"": 0.03184904158115387}, {""species"": ""Adreus australiensis"", ""common_name"": ""Sponge"", ""score"": 0.01955467462539673}, {""species"": ""Hymeniacidon heliophila"", ""common_name"": ""Diurnal horny sponge"", ""score"": 0.01811922900378704}]"
obs_319669394_photo_577875426_box4.jpg,/gpfs_common/share03/ftrscape/snair3/wew_notebooks/outputs_crop/obs_319669394_photo_577875426_box4.jpg,4,Coleosporium ipomoeae,Xylella fastidiosa,Coleosporium elephantopodis,Phycopeltis arundinacea,Chrysomyxa rhododendri,,0.0883374735713005,"[{""species"": ""Coleosporium ipomoeae"", ""common_name"": """", ""score"": 0.0883374735713005}, {""species"": ""Xylella fastidiosa"", ""common_name"": """", ""score"": 0.07666757702827454}, {""species"": ""Coleosporium elephantopodis"", ""common_name"": """", ""score"": 0.030623558908700943}, {""species"": ""Phycopeltis arundinacea"", ""common_name"": """", ""score"": 0.02521948330104351}, {""species"": ""Chrysomyxa rhododendri"", ""common_name"": ""Rhododendron-spruce needle rust"", ""score"": 0.024906273931264877}]"
obs_319669394_photo_577875426_box5.jpg,/gpfs_common/share03/ftrscape/snair3/wew_notebooks/outputs_crop/obs_319669394_photo_577875426_box5.jpg,5,Conus daucus,Conasprella rutila,Cystiscus aurantius,Conus boui,Cystiscus carinifer,Carrot cone,0.04576776921749115,"[{""species"": ""Conus daucus"", ""common_name"": ""Carrot cone"", ""score"": 0.04576776921749115}, {""species"": ""Conasprella rutila"", ""common_name"": ""Burnished Cone"", ""score"": 0.02052929252386093}, {""species"": ""Cystiscus aurantius"", ""common_name"": """", ""score"": 0.011249811388552189}, {""species"": ""Conus boui"", ""common_name"": ""Carrot cone"", ""score"": 0.011193733662366867}, {""species"": ""Cystiscus carinifer"", ""common_name"": """", ""score"": 0.011001121252775192}]"
obs_321389820_photo_581234419_box1.jpg,/gpfs_common/share03/ftrscape/snair3/wew_notebooks/outputs_crop/obs_321389820_photo_581234419_box1.jpg,1,Somateria mollissima,Somateria spectabilis,Polysticta stelleri,Pholis gunnellus,Asterias rubens,Common Eider,0.9231900572776794,"[{""species"": ""Somateria mollissima"", ""common_name"": ""Common Eider"", ""score"": 0.9231900572776794}, {""species"": ""Somateria spectabilis"", ""common_name"": ""King eider"", ""score"": 0.017979025840759277}, {""species"": ""Polysticta stelleri"", ""common_name"": ""Steller's eider"", ""score"": 0.002797645516693592}, {""species"": ""Pholis gunnellus"", ""common_name"": ""Butterfish"", ""score"": 0.0008673183619976044}, {""species"": ""Asterias rubens"", ""common_name"": ""Common starfish"", ""score"": 0.0007481602369807661}]"
obs_321389820_photo_581234419_box2.jpg,/gpfs_common/share03/ftrscape/snair3/wew_notebooks/outputs_crop/obs_321389820_photo_581234419_box2.jpg,2,Somateria mollissima,Somateria spectabilis,Polysticta stelleri,Pholis gunnellus,Somateria fischeri,Common Eider,0.9721066951751709,"[{""species"": ""Somateria mollissima"", ""common_name"": ""Common Eider"", ""score"": 0.9721066951751709}, {""species"": ""Somateria spectabilis"", ""common_name"": ""King eider"", ""score"": 0.016451261937618256}, {""species"": ""Polysticta stelleri"", ""common_name"": ""Steller's eider"", ""score"": 0.002014550380408764}, {""species"": ""Pholis gunnellus"", ""common_name"": ""Butterfish"", ""score"": 0.00018894571985583752}, {""species"": ""Somateria fischeri"", ""common_name"": ""Spectacled eider"", ""score"": 0.00016246065206360072}]"
obs_321389820_photo_581234419_box3.jpg,/gpfs_common/share03/ftrscape/snair3/wew_notebooks/outputs_crop/obs_321389820_photo_581234419_box3.jpg,3,Somateria mollissima,Somateria spectabilis,Polysticta stelleri,Asterias rubens,Somateria fischeri,Common Eider,0.9751351475715637,"[{""species"": ""Somateria mollissima"", ""common_name"": ""Common Eider"", ""score"": 0.9751351475715637}, {""species"": ""Somateria spectabilis"", ""common_name"": ""King eider"", ""score"": 0.009740782901644707}, {""species"": ""Polysticta stelleri"", ""common_name"": ""Steller's eider"", ""score"": 0.0024341254029423}, {""species"": ""Asterias rubens"", ""common_name"": ""Common starfish"", ""score"": 0.00014983909204602242}, {""species"": ""Somateria fischeri"", ""common_name"": ""Spectacled eider"", ""score"": 0.0001471147988922894}]"
obs_321389820_photo_581234419_box4.jpg,/gpfs_common/share03/ftrscape/snair3/wew_notebooks/outputs_crop/obs_321389820_photo_581234419_box4.jpg,4,Somateria mollissima,Somateria spectabilis,Polysticta stelleri,Sula dactylatra,Clangula hyemalis,Common Eider,0.7968100309371948,"[{""species"": ""Somateria mollissima"", ""common_name"": ""Common Eider"", ""score"": 0.7968100309371948}, {""species"": ""Somateria spectabilis"", ""common_name"": ""King eider"", ""score"": 0.08563174307346344}, {""species"": ""Polysticta stelleri"", ""common_name"": ""Steller's eider"", ""score"": 0.022447887808084488}, {""species"": ""Sula dactylatra"", ""common_name"": ""Masked Booby"", ""score"": 0.013080555014312267}, {""species"": ""Clangula hyemalis"", ""common_name"": ""Long-tailed duck"", ""score"": 0.007821908220648766}]"
obs_321389820_photo_581234419_box5.jpg,/gpfs_common/share03/ftrscape/snair3/wew_notebooks/outputs_crop/obs_321389820_photo_581234419_box5.jpg,5,Somateria mollissima,Somateria spectabilis,Polysticta stelleri,Somateria fischeri,Pholis gunnellus,Common Eider,0.9752975106239319,"[{""species"": ""Somateria mollissima"", ""common_name"": ""Common Eider"", ""score"": 0.9752975106239319}, {""species"": ""Somateria spectabilis"", ""common_name"": ""King eider"", ""score"": 0.01355129573494196}, {""species"": ""Polysticta stelleri"", ""common_name"": ""Steller's eider"", ""score"": 0.002386987442150712}, {""species"": ""Somateria fischeri"", ""common_name"": ""Spectacled eider"", ""score"": 0.00014652205572929233}, {""species"": ""Pholis gunnellus"", ""common_name"": ""Butterfish"", ""score"": 0.00013512773148249835}]"
obs_323944435_photo_586236533_box1.jpg,/gpfs_common/share03/ftrscape/snair3/wew_notebooks/outputs_crop/obs_323944435_photo_586236533_box1.jpg,1,Gymnosporangium juniperi-virginianae,Gymnosporangium clavipes,Gymnosporangium aurantiacum,Gymnosporangium cupressi,Gymnosporangium multiporum,Juniper-apple rust,0.945168137550354,"[{""species"": ""Gymnosporangium juniperi-virginianae"", ""common_name"": ""Juniper-apple rust"", ""score"": 0.945168137550354}, {""species"": ""Gymnosporangium clavipes"", ""common_name"": ""Quince rust"", ""score"": 0.003233729163184762}, {""species"": ""Gymnosporangium aurantiacum"", ""common_name"": """", ""score"": 0.0031195187475532293}, {""species"": ""Gymnosporangium cupressi"", ""common_name"": """", ""score"": 0.0026954992208629847}, {""species"": ""Gymnosporangium multiporum"", ""common_name"": """", ""score"": 0.00141516060102731}]"
obs_323944435_photo_586236533_box2.jpg,/gpfs_common/share03/ftrscape/snair3/wew_notebooks/outputs_crop/obs_323944435_photo_586236533_box2.jpg,2,Gymnosporangium juniperi-virginianae,Gymnosporangium clavipes,Gymnosporangium aurantiacum,Gymnosporangium cupressi,Walshomyia texana,Juniper-apple rust,0.9506738185882568,"[{""species"": ""Gymnosporangium juniperi-virginianae"", ""common_name"": ""Juniper-apple rust"", ""score"": 0.9506738185882568}, {""species"": ""Gymnosporangium clavipes"", ""common_name"": ""Quince rust"", ""score"": 0.0032164636068046093}, {""species"": ""Gymnosporangium aurantiacum"", ""common_name"": """", ""score"": 0.0028773739468306303}, {""species"": ""Gymnosporangium cupressi"", ""common_name"": """", ""score"": 0.0022411062382161617}, {""species"": ""Walshomyia texana"", ""common_name"": """", ""score"": 0.0015011333161965013}]"
obs_323944435_photo_586236533_box3.jpg,/gpfs_common/share03/ftrscape/snair3/wew_notebooks/outputs_crop/obs_323944435_photo_586236533_box3.jpg,3,Gymnosporangium juniperi-virginianae,Gymnosporangium clavipes,Monilinia corni,Gymnosporangium floriforme,Walshomyia texana,Juniper-apple rust,0.8710214495658875,"[{""species"": ""Gymnosporangium juniperi-virginianae"", ""common_name"": ""Juniper-apple rust"", ""score"": 0.8710214495658875}, {""species"": ""Gymnosporangium clavipes"", ""common_name"": ""Quince rust"", ""score"": 0.009414099156856537}, {""species"": ""Monilinia corni"", ""common_name"": """", ""score"": 0.008504669182002544}, {""species"": ""Gymnosporangium floriforme"", ""common_name"": """", ""score"": 0.006761039141565561}, {""species"": ""Walshomyia texana"", ""common_name"": """", ""score"": 0.005677533335983753}]"
obs_323944435_photo_586236533_box4.jpg,/gpfs_common/share03/ftrscape/snair3/wew_notebooks/outputs_crop/obs_323944435_photo_586236533_box4.jpg,4,Gymnosporangium juniperi-virginianae,Gymnosporangium aurantiacum,Gymnosporangium clavipes,Gymnosporangium cupressi,Gymnosporangium trachysorum,Juniper-apple rust,0.871674120426178,"[{""species"": ""Gymnosporangium juniperi-virginianae"", ""common_name"": ""Juniper-apple rust"", ""score"": 0.871674120426178}, {""species"": ""Gymnosporangium aurantiacum"", ""common_name"": """", ""score"": 0.014930392615497112}, {""species"": ""Gymnosporangium clavipes"", ""common_name"": ""Quince rust"", ""score"": 0.00867539830505848}, {""species"": ""Gymnosporangium cupressi"", ""common_name"": """", ""score"": 0.007148230914026499}, {""species"": ""Gymnosporangium trachysorum"", ""common_name"": """", ""score"": 0.0066331615671515465}]"
obs_323944435_photo_586236533_box5.jpg,/gpfs_common/share03/ftrscape/snair3/wew_notebooks/outputs_crop/obs_323944435_photo_586236533_box5.jpg,5,Gymnosporangium juniperi-virginianae,Gymnosporangium clavipes,Walshomyia texana,Gymnosporangium floriforme,Gymnosporangium aurantiacum,Juniper-apple rust,0.8040744662284851,"[{""species"": ""Gymnosporangium juniperi-virginianae"", ""common_name"": ""Juniper-apple rust"", ""score"": 0.8040744662284851}, {""species"": ""Gymnosporangium clavipes"", ""common_name"": ""Quince rust"", ""score"": 0.024794626981019974}, {""species"": ""Walshomyia texana"", ""common_name"": """", ""score"": 0.014513423666357994}, {""species"": ""Gymnosporangium floriforme"", ""common_name"": """", ""score"": 0.00920785404741764}, {""species"": ""Gymnosporangium aurantiacum"", ""common_name"": """", ""score"": 0.008919453248381615}]"
obs_325267824_photo_588882003_box1.jpg,/gpfs_common/share03/ftrscape/snair3/wew_notebooks/outputs_crop/obs_325267824_photo_588882003_box1.jpg,1,Harmonia axyridis,Hesperomyces harmoniae,Hesperomyces virescens,Dinocampus coccinellae,Harmonia yedoensis,Harlequin ladybird,0.6968802213668823,"[{""species"": ""Harmonia axyridis"", ""common_name"": ""Harlequin ladybird"", ""score"": 0.6968802213668823}, {""species"": ""Hesperomyces harmoniae"", ""common_name"": """", ""score"": 0.13090994954109192}, {""species"": ""Hesperomyces virescens"", ""common_name"": ""Green beetle hanger"", ""score"": 0.02718433178961277}, {""species"": ""Dinocampus coccinellae"", ""common_name"": ""Braconid wasp"", ""score"": 0.009120280854403973}, {""species"": ""Harmonia yedoensis"", ""common_name"": """", ""score"": 0.008050154894590378}]"
obs_325267824_photo_588882003_box2.jpg,/gpfs_common/share03/ftrscape/snair3/wew_notebooks/outputs_crop/obs_325267824_photo_588882003_box2.jpg,2,Harmonia axyridis,Hesperomyces harmoniae,Hesperomyces virescens,Dinocampus coccinellae,Harmonia yedoensis,Harlequin ladybird,0.7032967209815979,"[{""species"": ""Harmonia axyridis"", ""common_name"": ""Harlequin ladybird"", ""score"": 0.7032967209815979}, {""species"": ""Hesperomyces harmoniae"", ""common_name"": """", ""score"": 0.10722392797470093}, {""species"": ""Hesperomyces virescens"", ""common_name"": ""Green beetle hanger"", ""score"": 0.018679838627576828}, {""species"": ""Dinocampus coccinellae"", ""common_name"": ""Braconid wasp"", ""score"": 0.010802239179611206}, {""species"": ""Harmonia yedoensis"", ""common_name"": """", ""score"": 0.009046911261975765}]"
obs_325267824_photo_588882003_box3.jpg,/gpfs_common/share03/ftrscape/snair3/wew_notebooks/outputs_crop/obs_325267824_photo_588882003_box3.jpg,3,Willowsia nigromaculata,Scutigera coleoptrata,Hemidactylus turcicus,Dorypteryx domestica,Phereoeca uterella,,0.028914321213960648,"[{""species"": ""Willowsia nigromaculata"", ""common_name"": """", ""score"": 0.028914321213960648}, {""species"": ""Scutigera coleoptrata"", ""common_name"": ""House centipede"", ""score"": 0.0131460502743721}, {""species"": ""Hemidactylus turcicus"", ""common_name"": ""Turkish gecko"", ""score"": 0.012356922030448914}, {""species"": ""Dorypteryx domestica"", ""common_name"": ""Cave barklouse"", ""score"": 0.009534422308206558}, {""species"": ""Phereoeca uterella"", ""common_name"": """", ""score"": 0.009363144636154175}]"
obs_325625055_photo_589595206_box1.jpg,/gpfs_common/share03/ftrscape/snair3/wew_notebooks/outputs_crop/obs_325625055_photo_589595206_box1.jpg,1,Gnomonia caryae,Plagiostoma fraxini,Asimina triloba,Mycosphaerella fraxinicola,Pollaccia americana,,0.054039135575294495,"[{""species"": ""Gnomonia caryae"", ""common_name"": """", ""score"": 0.054039135575294495}, {""species"": ""Plagiostoma fraxini"", ""common_name"": """", ""score"": 0.03596433252096176}, {""species"": ""Asimina triloba"", ""common_name"": ""Common Pawpaw"", ""score"": 0.03278239071369171}, {""species"": ""Mycosphaerella fraxinicola"", ""common_name"": """", ""score"": 0.025980932638049126}, {""species"": ""Pollaccia americana"", ""common_name"": """", ""score"": 0.020319519564509392}]"
obs_325625055_photo_589595206_box2.jpg,/gpfs_common/share03/ftrscape/snair3/wew_notebooks/outputs_crop/obs_325625055_photo_589595206_box2.jpg,2,Asimina triloba,Magnolia tripetala,Coptodisca diospyriella,Aceria carlinae,Erysiphe caryae,Common Pawpaw,0.5010201334953308,"[{""species"": ""Asimina triloba"", ""common_name"": ""Common Pawpaw"", ""score"": 0.5010201334953308}, {""species"": ""Magnolia tripetala"", ""common_name"": ""umbrella magnolia"", ""score"": 0.02782464399933815}, {""species"": ""Coptodisca diospyriella"", ""common_name"": """", ""score"": 0.025548527017235756}, {""species"": ""Aceria carlinae"", ""common_name"": """", ""score"": 0.017943570390343666}, {""species"": ""Erysiphe caryae"", ""common_name"": """", ""score"": 0.014747372828423977}]"
obs_326876805_photo_592092171_box1.jpg,/gpfs_common/share03/ftrscape/snair3/wew_notebooks/outputs_crop/obs_326876805_photo_592092171_box1.jpg,1,Rhytisma acerinum,Rhytisma americanum,Phyllachora maydis,Rhytisma punctatum,Rhytisma asteris,European tar spot,0.6984891295433044,"[{""species"": ""Rhytisma acerinum"", ""common_name"": ""European tar spot"", ""score"": 0.6984891295433044}, {""species"": ""Rhytisma americanum"", ""common_name"": ""American tar spot"", ""score"": 0.04821909964084625}, {""species"": ""Phyllachora maydis"", ""common_name"": ""Tar spot"", ""score"": 0.025435671210289}, {""species"": ""Rhytisma punctatum"", ""common_name"": ""Speckled tar spot"", ""score"": 0.012799717485904694}, {""species"": ""Rhytisma asteris"", ""common_name"": """", ""score"": 0.006424034014344215}]"
obs_326876805_photo_592092171_box2.jpg,/gpfs_common/share03/ftrscape/snair3/wew_notebooks/outputs_crop/obs_326876805_photo_592092171_box2.jpg,2,Rhytisma acerinum,Rhytisma americanum,Phyllachora maydis,Rhytisma punctatum,Rhytisma asteris,European tar spot,0.7493333220481873,"[{""species"": ""Rhytisma acerinum"", ""common_name"": ""European tar spot"", ""score"": 0.7493333220481873}, {""species"": ""Rhytisma americanum"", ""common_name"": ""American tar spot"", ""score"": 0.023607157170772552}, {""species"": ""Phyllachora maydis"", ""common_name"": ""Tar spot"", ""score"": 0.019928723573684692}, {""species"": ""Rhytisma punctatum"", ""common_name"": ""Speckled tar spot"", ""score"": 0.011367959901690483}, {""species"": ""Rhytisma asteris"", ""common_name"": """", ""score"": 0.006527721416205168}]"
obs_326876805_photo_592092171_box3.jpg,/gpfs_common/share03/ftrscape/snair3/wew_notebooks/outputs_crop/obs_326876805_photo_592092171_box3.jpg,3,Rhytisma acerinum,Rhytisma americanum,Rhytisma punctatum,Phyllachora maydis,Rhytisma liriodendri,European tar spot,0.8896632194519043,"[{""species"": ""Rhytisma acerinum"", ""common_name"": ""European tar spot"", ""score"": 0.8896632194519043}, {""species"": ""Rhytisma americanum"", ""common_name"": ""American tar spot"", ""score"": 0.015760913491249084}, {""species"": ""Rhytisma punctatum"", ""common_name"": ""Speckled tar spot"", ""score"": 0.008897030726075172}, {""species"": ""Phyllachora maydis"", ""common_name"": ""Tar spot"", ""score"": 0.004051197785884142}, {""species"": ""Rhytisma liriodendri"", ""common_name"": """", ""score"": 0.004050703253597021}]"
obs_326876805_photo_592092171_box4.jpg,/gpfs_common/share03/ftrscape/snair3/wew_notebooks/outputs_crop/obs_326876805_photo_592092171_box4.jpg,4,Rhytisma acerinum,Rhytisma americanum,Rhytisma asteris,Phyllachora maydis,Rhytisma punctatum,European tar spot,0.7021666169166565,"[{""species"": ""Rhytisma acerinum"", ""common_name"": ""European tar spot"", ""score"": 0.7021666169166565}, {""species"": ""Rhytisma americanum"", ""common_name"": ""American tar spot"", ""score"": 0.02701263688504696}, {""species"": ""Rhytisma asteris"", ""common_name"": """", ""score"": 0.02397097460925579}, {""species"": ""Phyllachora maydis"", ""common_name"": ""Tar spot"", ""score"": 0.012048306874930859}, {""species"": ""Rhytisma punctatum"", ""common_name"": ""Speckled tar spot"", ""score"": 0.010438083671033382}]"
obs_326876805_photo_592092171_box5.jpg,/gpfs_common/share03/ftrscape/snair3/wew_notebooks/outputs_crop/obs_326876805_photo_592092171_box5.jpg,5,Rhytisma acerinum,Rhytisma americanum,Rhytisma punctatum,Phyllachora maydis,Pleuroceras pseudoplatani,European tar spot,0.8736354112625122,"[{""species"": ""Rhytisma acerinum"", ""common_name"": ""European tar spot"", ""score"": 0.8736354112625122}, {""species"": ""Rhytisma americanum"", ""common_name"": ""American tar spot"", ""score"": 0.03868444263935089}, {""species"": ""Rhytisma punctatum"", ""common_name"": ""Speckled tar spot"", ""score"": 0.007416929583996534}, {""species"": ""Phyllachora maydis"", ""common_name"": ""Tar spot"", ""score"": 0.005561044905334711}, {""species"": ""Pleuroceras pseudoplatani"", ""common_name"": """", ""score"": 0.0015216744504868984}]"
obs_327076113_photo_592488640_box1.jpg,/gpfs_common/share03/ftrscape/snair3/wew_notebooks/outputs_crop/obs_327076113_photo_592488640_box1.jpg,1,Creniola breviceps,Apeltes quadracus,Spinachia spinachia,Nuchequula glenysae,Nuchequula nuchalis,,0.10011906176805496,"[{""species"": ""Creniola breviceps"", ""common_name"": """", ""score"": 0.10011906176805496}, {""species"": ""Apeltes quadracus"", ""common_name"": ""Fourspine stickleback"", ""score"": 0.09662206470966339}, {""species"": ""Spinachia spinachia"", ""common_name"": ""Fifteen-spined stickleback"", ""score"": 0.08170294761657715}, {""species"": ""Nuchequula glenysae"", ""common_name"": ""Twoblotch Ponyfish"", ""score"": 0.06293460726737976}, {""species"": ""Nuchequula nuchalis"", ""common_name"": ""Spotnape ponyfish"", ""score"": 0.02772580273449421}]"
obs_327076113_photo_592488640_box2.jpg,/gpfs_common/share03/ftrscape/snair3/wew_notebooks/outputs_crop/obs_327076113_photo_592488640_box2.jpg,2,Creniola breviceps,Nuchequula glenysae,Apeltes quadracus,Spinachia spinachia,Nuchequula blochii,,0.2750730514526367,"[{""species"": ""Creniola breviceps"", ""common_name"": """", ""score"": 0.2750730514526367}, {""species"": ""Nuchequula glenysae"", ""common_name"": ""Twoblotch Ponyfish"", ""score"": 0.05494088679552078}, {""species"": ""Apeltes quadracus"", ""common_name"": ""Fourspine stickleback"", ""score"": 0.04848775640130043}, {""species"": ""Spinachia spinachia"", ""common_name"": ""Fifteen-spined stickleback"", ""score"": 0.040136776864528656}, {""species"": ""Nuchequula blochii"", ""common_name"": ""Twoblotch ponyfish"", ""score"": 0.024393269792199135}]"
obs_327076113_photo_592488640_box3.jpg,/gpfs_common/share03/ftrscape/snair3/wew_notebooks/outputs_crop/obs_327076113_photo_592488640_box3.jpg,3,Anthopleura dixoniana,Thalassianthus aster,Anthopleura handi,Anthopleura hermaphroditica,Aulactinia stella,,0.06667079776525497,"[{""species"": ""Anthopleura dixoniana"", ""common_name"": """", ""score"": 0.06667079776525497}, {""species"": ""Thalassianthus aster"", ""common_name"": """", ""score"": 0.06141720339655876}, {""species"": ""Anthopleura handi"", ""common_name"": """", ""score"": 0.039076097309589386}, {""species"": ""Anthopleura hermaphroditica"", ""common_name"": ""Sea Anemone"", ""score"": 0.03241945430636406}, {""species"": ""Aulactinia stella"", ""common_name"": ""Silver-spotted sea anemone"", ""score"": 0.02567056566476822}]"
obs_327076113_photo_592488640_box4.jpg,/gpfs_common/share03/ftrscape/snair3/wew_notebooks/outputs_crop/obs_327076113_photo_592488640_box4.jpg,4,Anthopleura handi,Anthopleura dixoniana,Gyractis sesere,Parantheopsis cruentata,Anthopleura hermaphroditica,,0.21986150741577148,"[{""species"": ""Anthopleura handi"", ""common_name"": """", ""score"": 0.21986150741577148}, {""species"": ""Anthopleura dixoniana"", ""common_name"": """", ""score"": 0.2104537934064865}, {""species"": ""Gyractis sesere"", ""common_name"": """", ""score"": 0.17791619896888733}, {""species"": ""Parantheopsis cruentata"", ""common_name"": ""Sea Anemone"", ""score"": 0.07131216675043106}, {""species"": ""Anthopleura hermaphroditica"", ""common_name"": ""Sea Anemone"", ""score"": 0.043217066675424576}]"
obs_327076113_photo_592488640_box5.jpg,/gpfs_common/share03/ftrscape/snair3/wew_notebooks/outputs_crop/obs_327076113_photo_592488640_box5.jpg,5,Gasterosteus aculeatus,Gasterosteus microcephalus,Gasterosteus wheatlandi,Gasterosteus islandicus,Pungitius pungitius,Three-spined stickleback,0.4775317907333374,"[{""species"": ""Gasterosteus aculeatus"", ""common_name"": ""Three-spined stickleback"", ""score"": 0.4775317907333374}, {""species"": ""Gasterosteus microcephalus"", ""common_name"": """", ""score"": 0.25784698128700256}, {""species"": ""Gasterosteus wheatlandi"", ""common_name"": ""Blackspotted stickleback"", ""score"": 0.12669658660888672}, {""species"": ""Gasterosteus islandicus"", ""common_name"": ""Icelandic stickleback"", ""score"": 0.03305203840136528}, {""species"": ""Pungitius pungitius"", ""common_name"": ""Nine-spined stickleback"", ""score"": 0.024485664442181587}]"
obs_331752340_photo_601901044_box1.jpg,/gpfs_common/share03/ftrscape/snair3/wew_notebooks/outputs_crop/obs_331752340_photo_601901044_box1.jpg,1,Diaporthe kalmiae,Pseudocercospora kaki,Symplocos tinctoria,Neolasioptera linderae,Coptodisca diospyriella,,0.1265137493610382,"[{""species"": ""Diaporthe kalmiae"", ""common_name"": """", ""score"": 0.1265137493610382}, {""species"": ""Pseudocercospora kaki"", ""common_name"": """", ""score"": 0.08428726345300674}, {""species"": ""Symplocos tinctoria"", ""common_name"": ""Horse-sugar"", ""score"": 0.05476607009768486}, {""species"": ""Neolasioptera linderae"", ""common_name"": """", ""score"": 0.05473724752664566}, {""species"": ""Coptodisca diospyriella"", ""common_name"": """", ""score"": 0.025479663163423538}]"
obs_331752340_photo_601901044_box2.jpg,/gpfs_common/share03/ftrscape/snair3/wew_notebooks/outputs_crop/obs_331752340_photo_601901044_box2.jpg,2,Paraconiothyrium tiliae,Rhytisma punctatum,Mycosphaerella sassafras,Passalora chionea,Resseliella liriodendri,,0.2667906582355499,"[{""species"": ""Paraconiothyrium tiliae"", ""common_name"": """", ""score"": 0.2667906582355499}, {""species"": ""Rhytisma punctatum"", ""common_name"": ""Speckled tar spot"", ""score"": 0.2021399587392807}, {""species"": ""Mycosphaerella sassafras"", ""common_name"": """", ""score"": 0.02895066887140274}, {""species"": ""Passalora chionea"", ""common_name"": """", ""score"": 0.019333625212311745}, {""species"": ""Resseliella liriodendri"", ""common_name"": ""Tulip tree leaf spot gall midge"", ""score"": 0.01760762929916382}]"
obs_331752340_photo_601901044_box3.jpg,/gpfs_common/share03/ftrscape/snair3/wew_notebooks/outputs_crop/obs_331752340_photo_601901044_box3.jpg,3,Mycosphaerella sassafras,Pseudocercospora smilacicola,Pseudocercospora kaki,Discula sassafras,Rhytisma decolorans,,0.1734902411699295,"[{""species"": ""Mycosphaerella sassafras"", ""common_name"": """", ""score"": 0.1734902411699295}, {""species"": ""Pseudocercospora smilacicola"", ""common_name"": """", ""score"": 0.05665070563554764}, {""species"": ""Pseudocercospora kaki"", ""common_name"": """", ""score"": 0.05546138808131218}, {""species"": ""Discula sassafras"", ""common_name"": """", ""score"": 0.022352423518896103}, {""species"": ""Rhytisma decolorans"", ""common_name"": """", ""score"": 0.01937350630760193}]"
obs_331752340_photo_601901044_box4.jpg,/gpfs_common/share03/ftrscape/snair3/wew_notebooks/outputs_crop/obs_331752340_photo_601901044_box4.jpg,4,Rhytisma punctatum,Resseliella liriodendri,Mycosphaerella sassafras,Rhytisma americanum,Paraconiothyrium tiliae,Speckled tar spot,0.13481475412845612,"[{""species"": ""Rhytisma punctatum"", ""common_name"": ""Speckled tar spot"", ""score"": 0.13481475412845612}, {""species"": ""Resseliella liriodendri"", ""common_name"": ""Tulip tree leaf spot gall midge"", ""score"": 0.06995484232902527}, {""species"": ""Mycosphaerella sassafras"", ""common_name"": """", ""score"": 0.02628721110522747}, {""species"": ""Rhytisma americanum"", ""common_name"": ""American tar spot"", ""score"": 0.020803941413760185}, {""species"": ""Paraconiothyrium tiliae"", ""common_name"": """", ""score"": 0.018448151648044586}]"
obs_331752340_photo_601901044_box5.jpg,/gpfs_common/share03/ftrscape/snair3/wew_notebooks/outputs_crop/obs_331752340_photo_601901044_box5.jpg,5,Resseliella liriodendri,Phyllocnistis liriodendronella,Ophiognomonia sassafras,Liriodendron tulipifera,Resseliella tulipiferae,Tulip tree leaf spot gall midge,0.040161650627851486,"[{""species"": ""Resseliella liriodendri"", ""common_name"": ""Tulip tree leaf spot gall midge"", ""score"": 0.040161650627851486}, {""species"": ""Phyllocnistis liriodendronella"", ""common_name"": ""Tulip tree leaf miner"", ""score"": 0.03649568930268288}, {""species"": ""Ophiognomonia sassafras"", ""common_name"": """", ""score"": 0.033999040722846985}, {""species"": ""Liriodendron tulipifera"", ""common_name"": ""Tulip tree"", ""score"": 0.033927783370018005}, {""species"": ""Resseliella tulipiferae"", ""common_name"": """", ""score"": 0.025277704000473022}]"
obs_331831594_photo_602051260_box1.jpg,/gpfs_common/share03/ftrscape/snair3/wew_notebooks/outputs_crop/obs_331831594_photo_602051260_box1.jpg,1,Ariolimax brachyphallus,Ariolimax californicus,Ariolimax stramineus,Ariolimax dolichophallus,Ariolimax buttoni,,0.3656783699989319,"[{""species"": ""Ariolimax brachyphallus"", ""common_name"": """", ""score"": 0.3656783699989319}, {""species"": ""Ariolimax californicus"", ""common_name"": ""California banana slug"", ""score"": 0.23506979644298553}, {""species"": ""Ariolimax stramineus"", ""common_name"": """", ""score"": 0.1704121232032776}, {""species"": ""Ariolimax dolichophallus"", ""common_name"": ""Slender banana slug"", ""score"": 0.1366284042596817}, {""species"": ""Ariolimax buttoni"", ""common_name"": """", ""score"": 0.03845175355672836}]"
obs_331831594_photo_602051260_box2.jpg,/gpfs_common/share03/ftrscape/snair3/wew_notebooks/outputs_crop/obs_331831594_photo_602051260_box2.jpg,2,Caulorhiza umbonata,Phaeocollybia deceptiva,Phaeocollybia californica,Phaeocollybia attenuata,Phaeocollybia oregonensis,,0.23723889887332916,"[{""species"": ""Caulorhiza umbonata"", ""common_name"": """", ""score"": 0.23723889887332916}, {""species"": ""Phaeocollybia deceptiva"", ""common_name"": """", ""score"": 0.12610144913196564}, {""species"": ""Phaeocollybia californica"", ""common_name"": """", ""score"": 0.08157389611005783}, {""species"": ""Phaeocollybia attenuata"", ""common_name"": """", ""score"": 0.061572395265102386}, {""species"": ""Phaeocollybia oregonensis"", ""common_name"": """", ""score"": 0.05911744385957718}]"
obs_331831594_photo_602051260_box3.jpg,/gpfs_common/share03/ftrscape/snair3/wew_notebooks/outputs_crop/obs_331831594_photo_602051260_box3.jpg,3,Caulorhiza umbonata,Phaeocollybia californica,Phaeocollybia pseudofestiva,Phaeocollybia oregonensis,Phaeocollybia fallax,,0.2728267014026642,"[{""species"": ""Caulorhiza umbonata"", ""common_name"": """", ""score"": 0.2728267014026642}, {""species"": ""Phaeocollybia californica"", ""common_name"": """", ""score"": 0.07925064116716385}, {""species"": ""Phaeocollybia pseudofestiva"", ""common_name"": """", ""score"": 0.07487687468528748}, {""species"": ""Phaeocollybia oregonensis"", ""common_name"": """", ""score"": 0.06581798940896988}, {""species"": ""Phaeocollybia fallax"", ""common_name"": """", ""score"": 0.05496194586157799}]"
obs_332241462_photo_602909620_box1.jpg,/gpfs_common/share03/ftrscape/snair3/wew_notebooks/outputs_crop/obs_332241462_photo_602909620_box1.jpg,1,Taricha torosa,Taricha granulosa,Taricha sierrae,Taricha rivularis,Ambystoma californiense,California newt,0.5227475762367249,"[{""species"": ""Taricha torosa"", ""common_name"": ""California newt"", ""score"": 0.5227475762367249}, {""species"": ""Taricha granulosa"", ""common_name"": ""Roughskin newt"", ""score"": 0.260313481092453}, {""species"": ""Taricha sierrae"", ""common_name"": ""Sierra newt"", ""score"": 0.15074525773525238}, {""species"": ""Taricha rivularis"", ""common_name"": ""Red-bellied newt"", ""score"": 0.0449388325214386}, {""species"": ""Ambystoma californiense"", ""common_name"": ""California tiger salamander"", ""score"": 0.0020743212662637234}]"
obs_332241462_photo_602909620_box2.jpg,/gpfs_common/share03/ftrscape/snair3/wew_notebooks/outputs_crop/obs_332241462_photo_602909620_box2.jpg,2,Ariolimax buttoni,Ariolimax columbianus,Ariolimax brachyphallus,Ariolimax stramineus,Ariolimax californicus,,0.9097826480865479,"[{""species"": ""Ariolimax buttoni"", ""common_name"": """", ""score"": 0.9097826480865479}, {""species"": ""Ariolimax columbianus"", ""common_name"": ""Pacific banana slug"", ""score"": 0.06146109476685524}, {""species"": ""Ariolimax brachyphallus"", ""common_name"": """", ""score"": 0.013700543902814388}, {""species"": ""Ariolimax stramineus"", ""common_name"": """", ""score"": 0.00852219108492136}, {""species"": ""Ariolimax californicus"", ""common_name"": ""California banana slug"", ""score"": 0.0015477613778784871}]"
obs_332241462_photo_602909620_box3.jpg,/gpfs_common/share03/ftrscape/snair3/wew_notebooks/outputs_crop/obs_332241462_photo_602909620_box3.jpg,3,Taricha torosa,Taricha sierrae,Taricha granulosa,Taricha rivularis,Ambystoma californiense,California newt,0.3997388184070587,"[{""species"": ""Taricha torosa"", ""common_name"": ""California newt"", ""score"": 0.3997388184070587}, {""species"": ""Taricha sierrae"", ""common_name"": ""Sierra newt"", ""score"": 0.28973907232284546}, {""species"": ""Taricha granulosa"", ""common_name"": ""Roughskin newt"", ""score"": 0.20516127347946167}, {""species"": ""Taricha rivularis"", ""common_name"": ""Red-bellied newt"", ""score"": 0.08425455540418625}, {""species"": ""Ambystoma californiense"", ""common_name"": ""California tiger salamander"", ""score"": 0.0023455882910639048}]"
obs_332241462_photo_602909620_box4.jpg,/gpfs_common/share03/ftrscape/snair3/wew_notebooks/outputs_crop/obs_332241462_photo_602909620_box4.jpg,4,Ariolimax buttoni,Ariolimax columbianus,Ariolimax brachyphallus,Ariolimax stramineus,Ariolimax californicus,,0.9021302461624146,"[{""species"": ""Ariolimax buttoni"", ""common_name"": """", ""score"": 0.9021302461624146}, {""species"": ""Ariolimax columbianus"", ""common_name"": ""Pacific banana slug"", ""score"": 0.0649574026465416}, {""species"": ""Ariolimax brachyphallus"", ""common_name"": """", ""score"": 0.015884162858128548}, {""species"": ""Ariolimax stramineus"", ""common_name"": """", ""score"": 0.00939993280917406}, {""species"": ""Ariolimax californicus"", ""common_name"": ""California banana slug"", ""score"": 0.001782412058673799}]"
obs_333144263_photo_501540234_box1.jpg,/gpfs_common/share03/ftrscape/snair3/wew_notebooks/outputs_crop/obs_333144263_photo_501540234_box1.jpg,1,Physcia aipolia,Physcia alnophila,Physcia stellaris,Physcia biziana,Physcia mexicana,Hoary rosette lichen,0.2768208980560303,"[{""species"": ""Physcia aipolia"", ""common_name"": ""Hoary rosette lichen"", ""score"": 0.2768208980560303}, {""species"": ""Physcia alnophila"", ""common_name"": ""Outward-looking rosette lichen"", ""score"": 0.0891011580824852}, {""species"": ""Physcia stellaris"", ""common_name"": ""Star rosette lichen"", ""score"": 0.05612684413790703}, {""species"": ""Physcia biziana"", ""common_name"": ""Frosted rosette lichen"", ""score"": 0.04772663488984108}, {""species"": ""Physcia mexicana"", ""common_name"": """", ""score"": 0.046843525022268295}]"
obs_333144263_photo_501540234_box2.jpg,/gpfs_common/share03/ftrscape/snair3/wew_notebooks/outputs_crop/obs_333144263_photo_501540234_box2.jpg,2,Didemnum biglans,Trididemnum cyanophorum,Trididemnum cerebriforme,Didemnum ossium,Eudistoma album,,0.03626873344182968,"[{""species"": ""Didemnum biglans"", ""common_name"": """", ""score"": 0.03626873344182968}, {""species"": ""Trididemnum cyanophorum"", ""common_name"": """", ""score"": 0.02739608846604824}, {""species"": ""Trididemnum cerebriforme"", ""common_name"": """", ""score"": 0.02060704678297043}, {""species"": ""Didemnum ossium"", ""common_name"": """", ""score"": 0.017423316836357117}, {""species"": ""Eudistoma album"", ""common_name"": """", ""score"": 0.01710640639066696}]"
obs_333144263_photo_501540234_box3.jpg,/gpfs_common/share03/ftrscape/snair3/wew_notebooks/outputs_crop/obs_333144263_photo_501540234_box3.jpg,3,Xanthomendoza oregana,Xanthoria mediterranea,Dufourea turbinata,Xanthomendoza huculica,Xanthoria calcicola,allévägglav,0.10408274829387665,"[{""species"": ""Xanthomendoza oregana"", ""common_name"": ""allévägglav"", ""score"": 0.10408274829387665}, {""species"": ""Xanthoria mediterranea"", ""common_name"": """", ""score"": 0.09575100988149643}, {""species"": ""Dufourea turbinata"", ""common_name"": """", ""score"": 0.0624491423368454}, {""species"": ""Xanthomendoza huculica"", ""common_name"": """", ""score"": 0.058737192302942276}, {""species"": ""Xanthoria calcicola"", ""common_name"": ""vortet væggelav"", ""score"": 0.05094967409968376}]"
obs_333144263_photo_501540234_box4.jpg,/gpfs_common/share03/ftrscape/snair3/wew_notebooks/outputs_crop/obs_333144263_photo_501540234_box4.jpg,4,Leproplaca cirrochroa,Leptothrix ochracea,Xanthocarpia lactea,Xanthocarpia tominii,Elenkiniana gomerana,gul orangelav,0.032508380711078644,"[{""species"": ""Leproplaca cirrochroa"", ""common_name"": ""gul orangelav"", ""score"": 0.032508380711078644}, {""species"": ""Leptothrix ochracea"", ""common_name"": """", ""score"": 0.015683608129620552}, {""species"": ""Xanthocarpia lactea"", ""common_name"": ""storsporet orangelav"", ""score"": 0.010520963929593563}, {""species"": ""Xanthocarpia tominii"", ""common_name"": """", ""score"": 0.010145816951990128}, {""species"": ""Elenkiniana gomerana"", ""common_name"": """", ""score"": 0.009606380015611649}]"
obs_333144263_photo_501540234_box5.jpg,/gpfs_common/share03/ftrscape/snair3/wew_notebooks/outputs_crop/obs_333144263_photo_501540234_box5.jpg,5,Erythricium aurantiacum,Ovicuculispora parmeliae,Sphaerellothecium parietinarium,Caloplaca anularis,Bryostigma parietinarium,,0.19057564437389374,"[{""species"": ""Erythricium aurantiacum"", ""common_name"": """", ""score"": 0.19057564437389374}, {""species"": ""Ovicuculispora parmeliae"", ""common_name"": """", ""score"": 0.11944221705198288}, {""species"": ""Sphaerellothecium parietinarium"", ""common_name"": """", ""score"": 0.05291811749339104}, {""species"": ""Caloplaca anularis"", ""common_name"": """", ""score"": 0.04802175983786583}, {""species"": ""Bryostigma parietinarium"", ""common_name"": """", ""score"": 0.03256288170814514}]"
obs_333664707_photo_605748155_box1.jpg,/gpfs_common/share03/ftrscape/snair3/wew_notebooks/outputs_crop/obs_333664707_photo_605748155_box1.jpg,1,Berthella chacei,Chelyosoma productum,Cyclosalpa bakeri,Berthella californica,Cyclosalpa affinis,,0.17382937669754028,"[{""species"": ""Berthella chacei"", ""common_name"": """", ""score"": 0.17382937669754028}, {""species"": ""Chelyosoma productum"", ""common_name"": """", ""score"": 0.09632270783185959}, {""species"": ""Cyclosalpa bakeri"", ""common_name"": """", ""score"": 0.0511082261800766}, {""species"": ""Berthella californica"", ""common_name"": """", ""score"": 0.027380065992474556}, {""species"": ""Cyclosalpa affinis"", ""common_name"": """", ""score"": 0.021127188578248024}]"
obs_333664707_photo_605748155_box2.jpg,/gpfs_common/share03/ftrscape/snair3/wew_notebooks/outputs_crop/obs_333664707_photo_605748155_box2.jpg,2,Urticina coriacea,Halcurias capensis,Aeolidia papillosa,Urticina crassicornis,Metridium dianthus,Leathery anemone,0.07238262891769409,"[{""species"": ""Urticina coriacea"", ""common_name"": ""Leathery anemone"", ""score"": 0.07238262891769409}, {""species"": ""Halcurias capensis"", ""common_name"": """", ""score"": 0.031644556671381}, {""species"": ""Aeolidia papillosa"", ""common_name"": ""Common grey sea slug"", ""score"": 0.01676621101796627}, {""species"": ""Urticina crassicornis"", ""common_name"": ""Mottled anemone"", ""score"": 0.015064720995724201}, {""species"": ""Metridium dianthus"", ""common_name"": ""Plumose anemone"", ""score"": 0.012512077577412128}]"
obs_333664707_photo_605748155_box3.jpg,/gpfs_common/share03/ftrscape/snair3/wew_notebooks/outputs_crop/obs_333664707_photo_605748155_box3.jpg,3,Ziminella japonica,Aeolidia loui,Lytechinus pictus,Cylista catalinensis,Diadumene leucolena,,0.16280174255371094,"[{""species"": ""Ziminella japonica"", ""common_name"": """", ""score"": 0.16280174255371094}, {""species"": ""Aeolidia loui"", ""common_name"": """", ""score"": 0.13843923807144165}, {""species"": ""Lytechinus pictus"", ""common_name"": """", ""score"": 0.09423033148050308}, {""species"": ""Cylista catalinensis"", ""common_name"": """", ""score"": 0.06597336381673813}, {""species"": ""Diadumene leucolena"", ""common_name"": ""White anemone"", ""score"": 0.015833726152777672}]"
obs_333664707_photo_605748155_box4.jpg,/gpfs_common/share03/ftrscape/snair3/wew_notebooks/outputs_crop/obs_333664707_photo_605748155_box4.jpg,4,Aeolidia loui,Ziminella japonica,Aeolidia papillosa,Aeolidia campbellii,Antiopella novozealandica,,0.8460054993629456,"[{""species"": ""Aeolidia loui"", ""common_name"": """", ""score"": 0.8460054993629456}, {""species"": ""Ziminella japonica"", ""common_name"": """", ""score"": 0.07200440764427185}, {""species"": ""Aeolidia papillosa"", ""common_name"": ""Common grey sea slug"", ""score"": 0.019770096987485886}, {""species"": ""Aeolidia campbellii"", ""common_name"": """", ""score"": 0.009607282467186451}, {""species"": ""Antiopella novozealandica"", ""common_name"": """", ""score"": 0.0060250782407820225}]"
obs_334025380_photo_606497684_box1.jpg,/gpfs_common/share03/ftrscape/snair3/wew_notebooks/outputs_crop/obs_334025380_photo_606497684_box1.jpg,1,Cystiscus aurantius,Conus consors,Plesiocystiscus genecoani,Conus coccineus,Conus daucus,,0.02862493507564068,"[{""species"": ""Cystiscus aurantius"", ""common_name"": """", ""score"": 0.02862493507564068}, {""species"": ""Conus consors"", ""common_name"": ""Singed cone"", ""score"": 0.01729803904891014}, {""species"": ""Plesiocystiscus genecoani"", ""common_name"": """", ""score"": 0.01697615347802639}, {""species"": ""Conus coccineus"", ""common_name"": ""Berry cone"", ""score"": 0.01633726991713047}, {""species"": ""Conus daucus"", ""common_name"": ""Carrot cone"", ""score"": 0.013330531306564808}]"
obs_334025380_photo_606497684_box2.jpg,/gpfs_common/share03/ftrscape/snair3/wew_notebooks/outputs_crop/obs_334025380_photo_606497684_box2.jpg,2,Homo naledi,Phalium fimbria,Bathynomus giganteus,Gasterophilus intestinalis,"Percalates novemaculeata (Steindachner, 1866)",,0.009841963648796082,"[{""species"": ""Homo naledi"", ""common_name"": """", ""score"": 0.009841963648796082}, {""species"": ""Phalium fimbria"", ""common_name"": ""Fringed bonnet"", ""score"": 0.0041832453571259975}, {""species"": ""Bathynomus giganteus"", ""common_name"": ""Giant isopod"", ""score"": 0.003208971582353115}, {""species"": ""Gasterophilus intestinalis"", ""common_name"": ""Horse botfly"", ""score"": 0.002921244828030467}, {""species"": ""Percalates novemaculeata (Steindachner, 1866)"", ""common_name"": """", ""score"": 0.0027979968581348658}]"
obs_334025380_photo_606497684_box3.jpg,/gpfs_common/share03/ftrscape/snair3/wew_notebooks/outputs_crop/obs_334025380_photo_606497684_box3.jpg,3,Gautieria inapire,Hericium erinaceus,Galeojanolus ionnae,Hydnangium carneum,Pomacea diffusa,,0.01651192642748356,"[{""species"": ""Gautieria inapire"", ""common_name"": """", ""score"": 0.01651192642748356}, {""species"": ""Hericium erinaceus"", ""common_name"": ""Bearded tooth"", ""score"": 0.011976226232945919}, {""species"": ""Galeojanolus ionnae"", ""common_name"": """", ""score"": 0.0106813358142972}, {""species"": ""Hydnangium carneum"", ""common_name"": ""Flesh-pink truffle"", ""score"": 0.007281426340341568}, {""species"": ""Pomacea diffusa"", ""common_name"": ""Spike-topped applesnail"", ""score"": 0.007177130319178104}]"
obs_334025380_photo_606497684_box4.jpg,/gpfs_common/share03/ftrscape/snair3/wew_notebooks/outputs_crop/obs_334025380_photo_606497684_box4.jpg,4,Mycena metata,Flammulaster carpophilus,Gymnopilus dilepis,Flammulaster ferrugineus,Galerina sphagnorum,rødlig huesvamp,0.014203626662492752,"[{""species"": ""Mycena metata"", ""common_name"": ""rødlig huesvamp"", ""score"": 0.014203626662492752}, {""species"": ""Flammulaster carpophilus"", ""common_name"": ""bøge-grynskælhat"", ""score"": 0.013378852047026157}, {""species"": ""Gymnopilus dilepis"", ""common_name"": ""Magenta rustgill"", ""score"": 0.012972473166882992}, {""species"": ""Flammulaster ferrugineus"", ""common_name"": ""rustbrun grynskælhat"", ""score"": 0.012293152511119843}, {""species"": ""Galerina sphagnorum"", ""common_name"": ""vitmosshätting"", ""score"": 0.009653717279434204}]"
obs_33435868_photo_52515163_box1.jpg,/gpfs_common/share03/ftrscape/snair3/wew_notebooks/outputs_crop/obs_33435868_photo_52515163_box1.jpg,1,Ichthyomyzon castaneus,Entosphenus macrostomus,Petromyzon marinus,Ichthyomyzon greeleyi,Lampetra ayresii,Chestnut lamprey,0.1415736824274063,"[{""species"": ""Ichthyomyzon castaneus"", ""common_name"": ""Chestnut lamprey"", ""score"": 0.1415736824274063}, {""species"": ""Entosphenus macrostomus"", ""common_name"": ""Lake lamprey"", ""score"": 0.13681024312973022}, {""species"": ""Petromyzon marinus"", ""common_name"": ""Sea lamprey"", ""score"": 0.12247975915670395}, {""species"": ""Ichthyomyzon greeleyi"", ""common_name"": ""Mountain brook lamprey"", ""score"": 0.03857232257723808}, {""species"": ""Lampetra ayresii"", ""common_name"": ""River lamprey"", ""score"": 0.035985466092824936}]"
obs_33435868_photo_52515163_box2.jpg,/gpfs_common/share03/ftrscape/snair3/wew_notebooks/outputs_crop/obs_33435868_photo_52515163_box2.jpg,2,Ichthyomyzon castaneus,Petromyzon marinus,Entosphenus macrostomus,Ichthyomyzon greeleyi,Ichthyomyzon bdellium,Chestnut lamprey,0.18357019126415253,"[{""species"": ""Ichthyomyzon castaneus"", ""common_name"": ""Chestnut lamprey"", ""score"": 0.18357019126415253}, {""species"": ""Petromyzon marinus"", ""common_name"": ""Sea lamprey"", ""score"": 0.10513196885585785}, {""species"": ""Entosphenus macrostomus"", ""common_name"": ""Lake lamprey"", ""score"": 0.07886826992034912}, {""species"": ""Ichthyomyzon greeleyi"", ""common_name"": ""Mountain brook lamprey"", ""score"": 0.04746123030781746}, {""species"": ""Ichthyomyzon bdellium"", ""common_name"": ""Ohio lamprey"", ""score"": 0.03276675567030907}]"
obs_33435868_photo_52515163_box3.jpg,/gpfs_common/share03/ftrscape/snair3/wew_notebooks/outputs_crop/obs_33435868_photo_52515163_box3.jpg,3,Emplectonema derjugini,Tetrastemma vermiculus,Erpobdella octoculata,Bipalium fuscatum,Paranemertes peregrina,,0.06644773483276367,"[{""species"": ""Emplectonema derjugini"", ""common_name"": """", ""score"": 0.06644773483276367}, {""species"": ""Tetrastemma vermiculus"", ""common_name"": ""fartrand"", ""score"": 0.06049719452857971}, {""species"": ""Erpobdella octoculata"", ""common_name"": ""Leeches"", ""score"": 0.04172780364751816}, {""species"": ""Bipalium fuscatum"", ""common_name"": """", ""score"": 0.032189931720495224}, {""species"": ""Paranemertes peregrina"", ""common_name"": """", ""score"": 0.031048528850078583}]"
obs_334758419_photo_607987821_box1.jpg,/gpfs_common/share03/ftrscape/snair3/wew_notebooks/outputs_crop/obs_334758419_photo_607987821_box1.jpg,1,Marcelleina atroviolacea,Geoscypha violacea,Peziza phaeotheca,Urnula torrendii,Marcelleina chopraiana,,0.10292253643274307,"[{""species"": ""Marcelleina atroviolacea"", ""common_name"": """", ""score"": 0.10292253643274307}, {""species"": ""Geoscypha violacea"", ""common_name"": """", ""score"": 0.08971722424030304}, {""species"": ""Peziza phaeotheca"", ""common_name"": """", ""score"": 0.04279040917754173}, {""species"": ""Urnula torrendii"", ""common_name"": """", ""score"": 0.03541851416230202}, {""species"": ""Marcelleina chopraiana"", ""common_name"": """", ""score"": 0.024756688624620438}]"
obs_334758419_photo_607987821_box2.jpg,/gpfs_common/share03/ftrscape/snair3/wew_notebooks/outputs_crop/obs_334758419_photo_607987821_box2.jpg,2,Xanthoparmelia africana,Xanthoparmelia protomatrae,Xanthoparmelia angustiphylla,Xanthoparmelia esslingeri,Xanthoparmelia plittii,,0.06616653501987457,"[{""species"": ""Xanthoparmelia africana"", ""common_name"": """", ""score"": 0.06616653501987457}, {""species"": ""Xanthoparmelia protomatrae"", ""common_name"": """", ""score"": 0.05591198801994324}, {""species"": ""Xanthoparmelia angustiphylla"", ""common_name"": """", ""score"": 0.03944268077611923}, {""species"": ""Xanthoparmelia esslingeri"", ""common_name"": """", ""score"": 0.034152768552303314}, {""species"": ""Xanthoparmelia plittii"", ""common_name"": ""Plitt's rock shield"", ""score"": 0.029389910399913788}]"
obs_334758419_photo_607987821_box3.jpg,/gpfs_common/share03/ftrscape/snair3/wew_notebooks/outputs_crop/obs_334758419_photo_607987821_box3.jpg,3,Trididemnum cyanophorum,Lithophyllum incrustans,Lithophyllum carpophylli,Lithophyllum stictaeforme,Lithophyllum proboscideum,,0.039392754435539246,"[{""species"": ""Trididemnum cyanophorum"", ""common_name"": """", ""score"": 0.039392754435539246}, {""species"": ""Lithophyllum incrustans"", ""common_name"": """", ""score"": 0.02712404727935791}, {""species"": ""Lithophyllum carpophylli"", ""common_name"": """", ""score"": 0.017951441928744316}, {""species"": ""Lithophyllum stictaeforme"", ""common_name"": """", ""score"": 0.013978676870465279}, {""species"": ""Lithophyllum proboscideum"", ""common_name"": """", ""score"": 0.013285125605762005}]"
obs_334758419_photo_607987821_box4.jpg,/gpfs_common/share03/ftrscape/snair3/wew_notebooks/outputs_crop/obs_334758419_photo_607987821_box4.jpg,4,Marcelleina atroviolacea,Marcelleina chopraiana,Marcelleina pseudoanthracina,Dirinaria purpurascens,Pseudombrophila coprina,,0.053803589195013046,"[{""species"": ""Marcelleina atroviolacea"", ""common_name"": """", ""score"": 0.053803589195013046}, {""species"": ""Marcelleina chopraiana"", ""common_name"": """", ""score"": 0.02100558578968048}, {""species"": ""Marcelleina pseudoanthracina"", ""common_name"": """", ""score"": 0.020031441003084183}, {""species"": ""Dirinaria purpurascens"", ""common_name"": """", ""score"": 0.01899087056517601}, {""species"": ""Pseudombrophila coprina"", ""common_name"": """", ""score"": 0.010705218650400639}]"
obs_334758419_photo_607987821_box5.jpg,/gpfs_common/share03/ftrscape/snair3/wew_notebooks/outputs_crop/obs_334758419_photo_607987821_box5.jpg,5,Staphylococcus aureus,Streptococcus anginosus,Mesorhizobium erdmanii,Edwardsiella anguillarum,Vibrio anguillarum,Staph aureus,0.010930951684713364,"[{""species"": ""Staphylococcus aureus"", ""common_name"": ""Staph aureus"", ""score"": 0.010930951684713364}, {""species"": ""Streptococcus anginosus"", ""common_name"": """", ""score"": 0.009375596418976784}, {""species"": ""Mesorhizobium erdmanii"", ""common_name"": """", ""score"": 0.008566589094698429}, {""species"": ""Edwardsiella anguillarum"", ""common_name"": """", ""score"": 0.00716563081368804}, {""species"": ""Vibrio anguillarum"", ""common_name"": """", ""score"": 0.006550566293299198}]"
obs_336269939_photo_611037472_box1.jpg,/gpfs_common/share03/ftrscape/snair3/wew_notebooks/outputs_crop/obs_336269939_photo_611037472_box1.jpg,1,Occiperipatoides gilesii,Opisthopatus highveldi,Euperipatoides rowelli,Peripatoides suteri,Austroperipatus aequabilis,,0.3051113486289978,"[{""species"": ""Occiperipatoides gilesii"", ""common_name"": """", ""score"": 0.3051113486289978}, {""species"": ""Opisthopatus highveldi"", ""common_name"": """", ""score"": 0.09752540290355682}, {""species"": ""Euperipatoides rowelli"", ""common_name"": """", ""score"": 0.09666093438863754}, {""species"": ""Peripatoides suteri"", ""common_name"": """", ""score"": 0.06633728742599487}, {""species"": ""Austroperipatus aequabilis"", ""common_name"": """", ""score"": 0.0533108226954937}]"
obs_336269939_photo_611037472_box2.jpg,/gpfs_common/share03/ftrscape/snair3/wew_notebooks/outputs_crop/obs_336269939_photo_611037472_box2.jpg,2,Euperipatoides rowelli,Peripatoides novaezealandiae,Pseudogeoplana reticulata,Occiperipatoides gilesii,Peripatoides sympatrica,,0.10638456046581268,"[{""species"": ""Euperipatoides rowelli"", ""common_name"": """", ""score"": 0.10638456046581268}, {""species"": ""Peripatoides novaezealandiae"", ""common_name"": """", ""score"": 0.08060096949338913}, {""species"": ""Pseudogeoplana reticulata"", ""common_name"": """", ""score"": 0.07289639860391617}, {""species"": ""Occiperipatoides gilesii"", ""common_name"": """", ""score"": 0.07210596650838852}, {""species"": ""Peripatoides sympatrica"", ""common_name"": """", ""score"": 0.06640584766864777}]"
obs_336269939_photo_611037472_box3.jpg,/gpfs_common/share03/ftrscape/snair3/wew_notebooks/outputs_crop/obs_336269939_photo_611037472_box3.jpg,3,Euperipatoides rowelli,Occiperipatoides gilesii,Peripatoides novaezealandiae,Peripatoides sympatrica,Pseudogeoplana reticulata,,0.15993693470954895,"[{""species"": ""Euperipatoides rowelli"", ""common_name"": """", ""score"": 0.15993693470954895}, {""species"": ""Occiperipatoides gilesii"", ""common_name"": """", ""score"": 0.12660165131092072}, {""species"": ""Peripatoides novaezealandiae"", ""common_name"": """", ""score"": 0.07931660115718842}, {""species"": ""Peripatoides sympatrica"", ""common_name"": """", ""score"": 0.07698722183704376}, {""species"": ""Pseudogeoplana reticulata"", ""common_name"": """", ""score"": 0.061616040766239166}]"
obs_336269939_photo_611037472_box4.jpg,/gpfs_common/share03/ftrscape/snair3/wew_notebooks/outputs_crop/obs_336269939_photo_611037472_box4.jpg,4,Occiperipatoides gilesii,Euperipatoides rowelli,Opisthopatus highveldi,Peripatoides suteri,Euperipatoides kanangrensis,,0.18075299263000488,"[{""species"": ""Occiperipatoides gilesii"", ""common_name"": """", ""score"": 0.18075299263000488}, {""species"": ""Euperipatoides rowelli"", ""common_name"": """", ""score"": 0.11235373467206955}, {""species"": ""Opisthopatus highveldi"", ""common_name"": """", ""score"": 0.09185449779033661}, {""species"": ""Peripatoides suteri"", ""common_name"": """", ""score"": 0.0811089426279068}, {""species"": ""Euperipatoides kanangrensis"", ""common_name"": """", ""score"": 0.0736226886510849}]"
obs_336269939_photo_611037472_box5.jpg,/gpfs_common/share03/ftrscape/snair3/wew_notebooks/outputs_crop/obs_336269939_photo_611037472_box5.jpg,5,Occiperipatoides gilesii,Euperipatoides kanangrensis,Peripatoides sympatrica,Euperipatoides rowelli,Peripatoides suteri,,0.42489203810691833,"[{""species"": ""Occiperipatoides gilesii"", ""common_name"": """", ""score"": 0.42489203810691833}, {""species"": ""Euperipatoides kanangrensis"", ""common_name"": """", ""score"": 0.08933033049106598}, {""species"": ""Peripatoides sympatrica"", ""common_name"": """", ""score"": 0.08071554452180862}, {""species"": ""Euperipatoides rowelli"", ""common_name"": """", ""score"": 0.07381826639175415}, {""species"": ""Peripatoides suteri"", ""common_name"": """", ""score"": 0.0626702606678009}]"
obs_337063055_photo_612648507_box1.jpg,/gpfs_common/share03/ftrscape/snair3/wew_notebooks/outputs_crop/obs_337063055_photo_612648507_box1.jpg,1,Charonia tritonis,Triplofusus princeps,Ranella olearium,Titanostrombus goliath,Charonia variegata,Pacific triton,0.7430021166801453,"[{""species"": ""Charonia tritonis"", ""common_name"": ""Pacific triton"", ""score"": 0.7430021166801453}, {""species"": ""Triplofusus princeps"", ""common_name"": """", ""score"": 0.06929422169923782}, {""species"": ""Ranella olearium"", ""common_name"": ""Giant frogsnail"", ""score"": 0.06314077228307724}, {""species"": ""Titanostrombus goliath"", ""common_name"": """", ""score"": 0.015144885517656803}, {""species"": ""Charonia variegata"", ""common_name"": ""Atlantic triton"", ""score"": 0.007237714249640703}]"
obs_337063055_photo_612648507_box2.jpg,/gpfs_common/share03/ftrscape/snair3/wew_notebooks/outputs_crop/obs_337063055_photo_612648507_box2.jpg,2,Charonia tritonis,Ranella olearium,Titanostrombus goliath,Triplofusus princeps,Cypraecassis tenuis,Pacific triton,0.40792936086654663,"[{""species"": ""Charonia tritonis"", ""common_name"": ""Pacific triton"", ""score"": 0.40792936086654663}, {""species"": ""Ranella olearium"", ""common_name"": ""Giant frogsnail"", ""score"": 0.1897699236869812}, {""species"": ""Titanostrombus goliath"", ""common_name"": """", ""score"": 0.041663069278001785}, {""species"": ""Triplofusus princeps"", ""common_name"": """", ""score"": 0.03776860609650612}, {""species"": ""Cypraecassis tenuis"", ""common_name"": """", ""score"": 0.03162819892168045}]"
obs_337063055_photo_612648507_box3.jpg,/gpfs_common/share03/ftrscape/snair3/wew_notebooks/outputs_crop/obs_337063055_photo_612648507_box3.jpg,3,Charonia tritonis,Ranella olearium,Triplofusus princeps,Titanostrombus goliath,Charonia variegata,Pacific triton,0.7382899522781372,"[{""species"": ""Charonia tritonis"", ""common_name"": ""Pacific triton"", ""score"": 0.7382899522781372}, {""species"": ""Ranella olearium"", ""common_name"": ""Giant frogsnail"", ""score"": 0.0694965198636055}, {""species"": ""Triplofusus princeps"", ""common_name"": """", ""score"": 0.06125938147306442}, {""species"": ""Titanostrombus goliath"", ""common_name"": """", ""score"": 0.014947114512324333}, {""species"": ""Charonia variegata"", ""common_name"": ""Atlantic triton"", ""score"": 0.007566568907350302}]"
obs_337063055_photo_612648507_box4.jpg,/gpfs_common/share03/ftrscape/snair3/wew_notebooks/outputs_crop/obs_337063055_photo_612648507_box4.jpg,4,Charonia tritonis,Ranella olearium,Triplofusus princeps,Ophioglossolambis violacea,Titanostrombus goliath,Pacific triton,0.4877299666404724,"[{""species"": ""Charonia tritonis"", ""common_name"": ""Pacific triton"", ""score"": 0.4877299666404724}, {""species"": ""Ranella olearium"", ""common_name"": ""Giant frogsnail"", ""score"": 0.07235368341207504}, {""species"": ""Triplofusus princeps"", ""common_name"": """", ""score"": 0.04798257350921631}, {""species"": ""Ophioglossolambis violacea"", ""common_name"": ""Violet spider conch"", ""score"": 0.02123357728123665}, {""species"": ""Titanostrombus goliath"", ""common_name"": """", ""score"": 0.017157863825559616}]"
obs_337063055_photo_612648507_box5.jpg,/gpfs_common/share03/ftrscape/snair3/wew_notebooks/outputs_crop/obs_337063055_photo_612648507_box5.jpg,5,Charonia tritonis,Ranella olearium,Triplofusus princeps,Charonia variegata,Titanostrombus goliath,Pacific triton,0.826870858669281,"[{""species"": ""Charonia tritonis"", ""common_name"": ""Pacific triton"", ""score"": 0.826870858669281}, {""species"": ""Ranella olearium"", ""common_name"": ""Giant frogsnail"", ""score"": 0.061121661216020584}, {""species"": ""Triplofusus princeps"", ""common_name"": """", ""score"": 0.029852252453565598}, {""species"": ""Charonia variegata"", ""common_name"": ""Atlantic triton"", ""score"": 0.007774899248033762}, {""species"": ""Titanostrombus goliath"", ""common_name"": """", ""score"": 0.007370960898697376}]"
obs_337600645_photo_614526508_box1.jpg,/gpfs_common/share03/ftrscape/snair3/wew_notebooks/outputs_crop/obs_337600645_photo_614526508_box1.jpg,1,Haematopus bachmani,Haematopus fuliginosus,Haematopus ater,Haematopus unicolor,Fratercula cirrhata,Black oystercatcher,0.8026057481765747,"[{""species"": ""Haematopus bachmani"", ""common_name"": ""Black oystercatcher"", ""score"": 0.8026057481765747}, {""species"": ""Haematopus fuliginosus"", ""common_name"": ""Sooty Oystercatcher"", ""score"": 0.07558411359786987}, {""species"": ""Haematopus ater"", ""common_name"": ""Blackish Oystercatcher"", ""score"": 0.04434927552938461}, {""species"": ""Haematopus unicolor"", ""common_name"": ""Variable Oystercatcher"", ""score"": 0.02113453298807144}, {""species"": ""Fratercula cirrhata"", ""common_name"": ""Tufted Puffin"", ""score"": 0.00899471715092659}]"
obs_337600645_photo_614526508_box2.jpg,/gpfs_common/share03/ftrscape/snair3/wew_notebooks/outputs_crop/obs_337600645_photo_614526508_box2.jpg,2,Petromyzon marinus,Lampetra fluviatilis,Anguilla anguilla,Zoarces americanus,Anguilla rostrata,Sea lamprey,0.033000264316797256,"[{""species"": ""Petromyzon marinus"", ""common_name"": ""Sea lamprey"", ""score"": 0.033000264316797256}, {""species"": ""Lampetra fluviatilis"", ""common_name"": ""River lamprey"", ""score"": 0.031287673860788345}, {""species"": ""Anguilla anguilla"", ""common_name"": ""European eel"", ""score"": 0.0224173441529274}, {""species"": ""Zoarces americanus"", ""common_name"": ""Mother-of-eels"", ""score"": 0.022262755781412125}, {""species"": ""Anguilla rostrata"", ""common_name"": ""American eel"", ""score"": 0.022083774209022522}]"
obs_337600645_photo_614526508_box3.jpg,/gpfs_common/share03/ftrscape/snair3/wew_notebooks/outputs_crop/obs_337600645_photo_614526508_box3.jpg,3,Strongylocentrotus purpuratus,Tetrapygus niger,Paracentrotus lividus,Echinometra vanbrunti,Heliocidaris erythrogramma,Purple sea urchin,0.38253259658813477,"[{""species"": ""Strongylocentrotus purpuratus"", ""common_name"": ""Purple sea urchin"", ""score"": 0.38253259658813477}, {""species"": ""Tetrapygus niger"", ""common_name"": """", ""score"": 0.20598964393138885}, {""species"": ""Paracentrotus lividus"", ""common_name"": ""Purple sea urchin"", ""score"": 0.07714613527059555}, {""species"": ""Echinometra vanbrunti"", ""common_name"": """", ""score"": 0.0445096530020237}, {""species"": ""Heliocidaris erythrogramma"", ""common_name"": """", ""score"": 0.02566506713628769}]"
obs_337600645_photo_614526508_box4.jpg,/gpfs_common/share03/ftrscape/snair3/wew_notebooks/outputs_crop/obs_337600645_photo_614526508_box4.jpg,4,Strongylocentrotus purpuratus,Tetrapygus niger,Colobocentrotus atratus,Mesocentrotus nudus,Pseudocentrotus depressus,Purple sea urchin,0.5808656811714172,"[{""species"": ""Strongylocentrotus purpuratus"", ""common_name"": ""Purple sea urchin"", ""score"": 0.5808656811714172}, {""species"": ""Tetrapygus niger"", ""common_name"": """", ""score"": 0.26172083616256714}, {""species"": ""Colobocentrotus atratus"", ""common_name"": """", ""score"": 0.028556300327181816}, {""species"": ""Mesocentrotus nudus"", ""common_name"": """", ""score"": 0.024811850860714912}, {""species"": ""Pseudocentrotus depressus"", ""common_name"": """", ""score"": 0.016303572803735733}]"
obs_337600645_photo_614526508_box5.jpg,/gpfs_common/share03/ftrscape/snair3/wew_notebooks/outputs_crop/obs_337600645_photo_614526508_box5.jpg,5,Patagioenas maculosa,Athene noctua,Columba guinea,Callocephalon fimbriatum,Columbina passerina,Spot-winged pigeon,0.09646110236644745,"[{""species"": ""Patagioenas maculosa"", ""common_name"": ""Spot-winged pigeon"", ""score"": 0.09646110236644745}, {""species"": ""Athene noctua"", ""common_name"": ""Little owl"", ""score"": 0.08354830741882324}, {""species"": ""Columba guinea"", ""common_name"": ""Speckled pigeon"", ""score"": 0.02373639866709709}, {""species"": ""Callocephalon fimbriatum"", ""common_name"": ""Gang-gang Cockatoo"", ""score"": 0.019667359068989754}, {""species"": ""Columbina passerina"", ""common_name"": ""Common ground-dove"", ""score"": 0.01788821816444397}]"
obs_337606242_photo_613762919_box1.jpg,/gpfs_common/share03/ftrscape/snair3/wew_notebooks/outputs_crop/obs_337606242_photo_613762919_box1.jpg,1,Persicaria virginiana,Persicaria filiformis,Coleosporium elephantopodis,Pucciniastrum circaeae,Elsinoe corni,Jumpseed,0.4869837164878845,"[{""species"": ""Persicaria virginiana"", ""common_name"": ""Jumpseed"", ""score"": 0.4869837164878845}, {""species"": ""Persicaria filiformis"", ""common_name"": ""Jumpseed"", ""score"": 0.07879684120416641}, {""species"": ""Coleosporium elephantopodis"", ""common_name"": """", ""score"": 0.016608329489827156}, {""species"": ""Pucciniastrum circaeae"", ""common_name"": """", ""score"": 0.013481476344168186}, {""species"": ""Elsinoe corni"", ""common_name"": """", ""score"": 0.008947635069489479}]"
obs_337606242_photo_613762919_box2.jpg,/gpfs_common/share03/ftrscape/snair3/wew_notebooks/outputs_crop/obs_337606242_photo_613762919_box2.jpg,2,Persicaria virginiana,Persicaria filiformis,Coleosporium elephantopodis,Elsinoe corni,Pucciniastrum circaeae,Jumpseed,0.45072588324546814,"[{""species"": ""Persicaria virginiana"", ""common_name"": ""Jumpseed"", ""score"": 0.45072588324546814}, {""species"": ""Persicaria filiformis"", ""common_name"": ""Jumpseed"", ""score"": 0.06774742156267166}, {""species"": ""Coleosporium elephantopodis"", ""common_name"": """", ""score"": 0.013988045044243336}, {""species"": ""Elsinoe corni"", ""common_name"": """", ""score"": 0.011289557442069054}, {""species"": ""Pucciniastrum circaeae"", ""common_name"": """", ""score"": 0.00874094944447279}]"
obs_337610708_photo_613769550_box1.jpg,/gpfs_common/share03/ftrscape/snair3/wew_notebooks/outputs_crop/obs_337610708_photo_613769550_box1.jpg,1,Erysiphe magnifica,Erysiphe liriodendri,Erysiphe clintonii,Erysiphe viburni,Phyllactinia liriodendri,,0.16009318828582764,"[{""species"": ""Erysiphe magnifica"", ""common_name"": """", ""score"": 0.16009318828582764}, {""species"": ""Erysiphe liriodendri"", ""common_name"": """", ""score"": 0.04865126684308052}, {""species"": ""Erysiphe clintonii"", ""common_name"": """", ""score"": 0.04737909510731697}, {""species"": ""Erysiphe viburni"", ""common_name"": ""olvonmjöldagg"", ""score"": 0.029433613643050194}, {""species"": ""Phyllactinia liriodendri"", ""common_name"": """", ""score"": 0.02925652079284191}]"
obs_337610708_photo_613769550_box2.jpg,/gpfs_common/share03/ftrscape/snair3/wew_notebooks/outputs_crop/obs_337610708_photo_613769550_box2.jpg,2,Ramularia prenanthis,Ramularia lactucae,Golovinomyces sonchicola,Podosphaera erigerontis-canadensis,Neoerysiphe kerribeeensis,,0.03526002913713455,"[{""species"": ""Ramularia prenanthis"", ""common_name"": """", ""score"": 0.03526002913713455}, {""species"": ""Ramularia lactucae"", ""common_name"": """", ""score"": 0.0329749658703804}, {""species"": ""Golovinomyces sonchicola"", ""common_name"": """", ""score"": 0.022768713533878326}, {""species"": ""Podosphaera erigerontis-canadensis"", ""common_name"": """", ""score"": 0.013313641771674156}, {""species"": ""Neoerysiphe kerribeeensis"", ""common_name"": """", ""score"": 0.012917812913656235}]"
obs_337610708_photo_613769550_box3.jpg,/gpfs_common/share03/ftrscape/snair3/wew_notebooks/outputs_crop/obs_337610708_photo_613769550_box3.jpg,3,Senecio matatini,Rorippa divaricata,Podosphaera ferruginea,Senecio agapetes,Phytomyza deirdreae,,0.06036405265331268,"[{""species"": ""Senecio matatini"", ""common_name"": """", ""score"": 0.06036405265331268}, {""species"": ""Rorippa divaricata"", ""common_name"": """", ""score"": 0.02984318509697914}, {""species"": ""Podosphaera ferruginea"", ""common_name"": """", ""score"": 0.027457404881715775}, {""species"": ""Senecio agapetes"", ""common_name"": """", ""score"": 0.025123771280050278}, {""species"": ""Phytomyza deirdreae"", ""common_name"": """", ""score"": 0.023994678631424904}]"
obs_337610708_photo_613769550_box4.jpg,/gpfs_common/share03/ftrscape/snair3/wew_notebooks/outputs_crop/obs_337610708_photo_613769550_box4.jpg,4,Erysiphe liriodendri,Erysiphe magnifica,Sawadaea koelreuteriae,Erysiphe clintonii,Erysiphe platani,,0.09744666516780853,"[{""species"": ""Erysiphe liriodendri"", ""common_name"": """", ""score"": 0.09744666516780853}, {""species"": ""Erysiphe magnifica"", ""common_name"": """", ""score"": 0.07095760852098465}, {""species"": ""Sawadaea koelreuteriae"", ""common_name"": """", ""score"": 0.057552728801965714}, {""species"": ""Erysiphe clintonii"", ""common_name"": """", ""score"": 0.04523158818483353}, {""species"": ""Erysiphe platani"", ""common_name"": """", ""score"": 0.03499762713909149}]"
obs_337610708_photo_613769550_box5.jpg,/gpfs_common/share03/ftrscape/snair3/wew_notebooks/outputs_crop/obs_337610708_photo_613769550_box5.jpg,5,Erysiphe magnifica,Erysiphe pseudoregularis,Erysiphe clintonii,Podosphaera balsaminae,Podosphaera amelanchieris,,0.061550889164209366,"[{""species"": ""Erysiphe magnifica"", ""common_name"": """", ""score"": 0.061550889164209366}, {""species"": ""Erysiphe pseudoregularis"", ""common_name"": """", ""score"": 0.06064287945628166}, {""species"": ""Erysiphe clintonii"", ""common_name"": """", ""score"": 0.04964579641819}, {""species"": ""Podosphaera balsaminae"", ""common_name"": """", ""score"": 0.03867421671748161}, {""species"": ""Podosphaera amelanchieris"", ""common_name"": """", ""score"": 0.037420328706502914}]"
obs_337610714_photo_613769638_box1.jpg,/gpfs_common/share03/ftrscape/snair3/wew_notebooks/outputs_crop/obs_337610714_photo_613769638_box1.jpg,1,Celtis occidentalis,Celtis tenuifolia,Pachypsylla celtidisvesicula,Celticecis celtiphyllia,Celtis lindheimeri,hackberry,0.559614896774292,"[{""species"": ""Celtis occidentalis"", ""common_name"": ""hackberry"", ""score"": 0.559614896774292}, {""species"": ""Celtis tenuifolia"", ""common_name"": ""hackberry"", ""score"": 0.19751030206680298}, {""species"": ""Pachypsylla celtidisvesicula"", ""common_name"": ""Hackberry blister gall psyllid"", ""score"": 0.05055677145719528}, {""species"": ""Celticecis celtiphyllia"", ""common_name"": """", ""score"": 0.017781520262360573}, {""species"": ""Celtis lindheimeri"", ""common_name"": ""Lindheimer hackberry"", ""score"": 0.017326200380921364}]"
obs_337610714_photo_613769638_box2.jpg,/gpfs_common/share03/ftrscape/snair3/wew_notebooks/outputs_crop/obs_337610714_photo_613769638_box2.jpg,2,Celticecis acuminata,Celticecis supina,Celtis occidentalis,Pachypsylla celtidisvesicula,Celticecis pilosa,,0.2108725905418396,"[{""species"": ""Celticecis acuminata"", ""common_name"": """", ""score"": 0.2108725905418396}, {""species"": ""Celticecis supina"", ""common_name"": """", ""score"": 0.15466897189617157}, {""species"": ""Celtis occidentalis"", ""common_name"": ""hackberry"", ""score"": 0.13278581202030182}, {""species"": ""Pachypsylla celtidisvesicula"", ""common_name"": ""Hackberry blister gall psyllid"", ""score"": 0.07714660465717316}, {""species"": ""Celticecis pilosa"", ""common_name"": """", ""score"": 0.051063597202301025}]"
obs_338007030_photo_614585734_box1.jpg,/gpfs_common/share03/ftrscape/snair3/wew_notebooks/outputs_crop/obs_338007030_photo_614585734_box1.jpg,1,Eobania vermiculata,Xanthomelon interpositum,Xanthomelon distractum,Xanthomelon genetivum,Xanthomelon pachystylum,Chocolateband snail,0.1204698383808136,"[{""species"": ""Eobania vermiculata"", ""common_name"": ""Chocolateband snail"", ""score"": 0.1204698383808136}, {""species"": ""Xanthomelon interpositum"", ""common_name"": """", ""score"": 0.07850613445043564}, {""species"": ""Xanthomelon distractum"", ""common_name"": """", ""score"": 0.03761309012770653}, {""species"": ""Xanthomelon genetivum"", ""common_name"": """", ""score"": 0.027045229449868202}, {""species"": ""Xanthomelon pachystylum"", ""common_name"": """", ""score"": 0.024077290669083595}]"
obs_338007030_photo_614585734_box2.jpg,/gpfs_common/share03/ftrscape/snair3/wew_notebooks/outputs_crop/obs_338007030_photo_614585734_box2.jpg,2,Ratnadvipia irradians,Xanthomelon distractum,Zachrysia guantanamensis,Xanthomelon interpositum,Camaena cicatricosa,,0.0669073611497879,"[{""species"": ""Ratnadvipia irradians"", ""common_name"": """", ""score"": 0.0669073611497879}, {""species"": ""Xanthomelon distractum"", ""common_name"": """", ""score"": 0.059787604957818985}, {""species"": ""Zachrysia guantanamensis"", ""common_name"": """", ""score"": 0.04862811416387558}, {""species"": ""Xanthomelon interpositum"", ""common_name"": """", ""score"": 0.03932560235261917}, {""species"": ""Camaena cicatricosa"", ""common_name"": """", ""score"": 0.026226097717881203}]"
obs_338007030_photo_614585734_box3.jpg,/gpfs_common/share03/ftrscape/snair3/wew_notebooks/outputs_crop/obs_338007030_photo_614585734_box3.jpg,3,Eobania vermiculata,Xanthomelon interpositum,Xanthomelon distractum,Xanthomelon genetivum,Xanthomelon pachystylum,Chocolateband snail,0.14706015586853027,"[{""species"": ""Eobania vermiculata"", ""common_name"": ""Chocolateband snail"", ""score"": 0.14706015586853027}, {""species"": ""Xanthomelon interpositum"", ""common_name"": """", ""score"": 0.08553958684206009}, {""species"": ""Xanthomelon distractum"", ""common_name"": """", ""score"": 0.04436415061354637}, {""species"": ""Xanthomelon genetivum"", ""common_name"": """", ""score"": 0.03476448357105255}, {""species"": ""Xanthomelon pachystylum"", ""common_name"": """", ""score"": 0.0274265855550766}]"
obs_338007030_photo_614585734_box4.jpg,/gpfs_common/share03/ftrscape/snair3/wew_notebooks/outputs_crop/obs_338007030_photo_614585734_box4.jpg,4,Monacha cantiana,Theba pisana,Hesseola pratensis,Helix lutescens,Cepaea nemoralis,Kentish snail,0.21953926980495453,"[{""species"": ""Monacha cantiana"", ""common_name"": ""Kentish snail"", ""score"": 0.21953926980495453}, {""species"": ""Theba pisana"", ""common_name"": ""White snail"", ""score"": 0.16944758594036102}, {""species"": ""Hesseola pratensis"", ""common_name"": """", ""score"": 0.03292042016983032}, {""species"": ""Helix lutescens"", ""common_name"": """", ""score"": 0.02556188590824604}, {""species"": ""Cepaea nemoralis"", ""common_name"": ""Grovesnail"", ""score"": 0.023355651646852493}]"
obs_338007030_photo_614585734_box5.jpg,/gpfs_common/share03/ftrscape/snair3/wew_notebooks/outputs_crop/obs_338007030_photo_614585734_box5.jpg,5,Xanthomelon distractum,Ratnadvipia irradians,Zachrysia guantanamensis,Xanthomelon interpositum,Zachrysia gibarana,,0.07433340698480606,"[{""species"": ""Xanthomelon distractum"", ""common_name"": """", ""score"": 0.07433340698480606}, {""species"": ""Ratnadvipia irradians"", ""common_name"": """", ""score"": 0.07137402147054672}, {""species"": ""Zachrysia guantanamensis"", ""common_name"": """", ""score"": 0.06185678392648697}, {""species"": ""Xanthomelon interpositum"", ""common_name"": """", ""score"": 0.040026504546403885}, {""species"": ""Zachrysia gibarana"", ""common_name"": """", ""score"": 0.027820689603686333}]"
obs_338486970_photo_615576074_box1.jpg,/gpfs_common/share03/ftrscape/snair3/wew_notebooks/outputs_crop/obs_338486970_photo_615576074_box1.jpg,1,Spisula solidissima,Paphies subtriangulata,Mactromeris polynyma,Spisula sachalinensis,Mactromeris Spisula brevirostrata,Atlantic surf clam,0.8523938059806824,"[{""species"": ""Spisula solidissima"", ""common_name"": ""Atlantic surf clam"", ""score"": 0.8523938059806824}, {""species"": ""Paphies subtriangulata"", ""common_name"": ""Surf Clam"", ""score"": 0.06322982162237167}, {""species"": ""Mactromeris polynyma"", ""common_name"": ""Arctic surf clam"", ""score"": 0.02368844673037529}, {""species"": ""Spisula sachalinensis"", ""common_name"": ""Sakhalin surf clam"", ""score"": 0.010404608212411404}, {""species"": ""Mactromeris Spisula brevirostrata"", ""common_name"": """", ""score"": 0.0038787631783634424}]"
obs_338486970_photo_615576074_box2.jpg,/gpfs_common/share03/ftrscape/snair3/wew_notebooks/outputs_crop/obs_338486970_photo_615576074_box2.jpg,2,Spisula solidissima,Paphies subtriangulata,Mactromeris polynyma,Spisula sachalinensis,Mactromeris Spisula brevirostrata,Atlantic surf clam,0.8117051124572754,"[{""species"": ""Spisula solidissima"", ""common_name"": ""Atlantic surf clam"", ""score"": 0.8117051124572754}, {""species"": ""Paphies subtriangulata"", ""common_name"": ""Surf Clam"", ""score"": 0.07637108862400055}, {""species"": ""Mactromeris polynyma"", ""common_name"": ""Arctic surf clam"", ""score"": 0.03373880311846733}, {""species"": ""Spisula sachalinensis"", ""common_name"": ""Sakhalin surf clam"", ""score"": 0.011895321309566498}, {""species"": ""Mactromeris Spisula brevirostrata"", ""common_name"": """", ""score"": 0.005942997056990862}]"
obs_338486970_photo_615576074_box3.jpg,/gpfs_common/share03/ftrscape/snair3/wew_notebooks/outputs_crop/obs_338486970_photo_615576074_box3.jpg,3,Spisula solidissima,Paphies subtriangulata,Mactromeris polynyma,Spisula sachalinensis,Mactromeris Spisula brevirostrata,Atlantic surf clam,0.8580021262168884,"[{""species"": ""Spisula solidissima"", ""common_name"": ""Atlantic surf clam"", ""score"": 0.8580021262168884}, {""species"": ""Paphies subtriangulata"", ""common_name"": ""Surf Clam"", ""score"": 0.04603058472275734}, {""species"": ""Mactromeris polynyma"", ""common_name"": ""Arctic surf clam"", ""score"": 0.0206120815128088}, {""species"": ""Spisula sachalinensis"", ""common_name"": ""Sakhalin surf clam"", ""score"": 0.010071233846247196}, {""species"": ""Mactromeris Spisula brevirostrata"", ""common_name"": """", ""score"": 0.006182544864714146}]"
obs_338486970_photo_615576074_box4.jpg,/gpfs_common/share03/ftrscape/snair3/wew_notebooks/outputs_crop/obs_338486970_photo_615576074_box4.jpg,4,Spisula solidissima,Paphies subtriangulata,Mactromeris Spisula brevirostrata,Mactromeris polynyma,Mactra grandis,Atlantic surf clam,0.8177801370620728,"[{""species"": ""Spisula solidissima"", ""common_name"": ""Atlantic surf clam"", ""score"": 0.8177801370620728}, {""species"": ""Paphies subtriangulata"", ""common_name"": ""Surf Clam"", ""score"": 0.06842325627803802}, {""species"": ""Mactromeris Spisula brevirostrata"", ""common_name"": """", ""score"": 0.011614389717578888}, {""species"": ""Mactromeris polynyma"", ""common_name"": ""Arctic surf clam"", ""score"": 0.008498045615851879}, {""species"": ""Mactra grandis"", ""common_name"": """", ""score"": 0.008275958709418774}]"
obs_338486970_photo_615576074_box5.jpg,/gpfs_common/share03/ftrscape/snair3/wew_notebooks/outputs_crop/obs_338486970_photo_615576074_box5.jpg,5,Spisula solidissima,Paphies subtriangulata,Mactromeris polynyma,Spisula sachalinensis,Mactromeris Spisula brevirostrata,Atlantic surf clam,0.779029369354248,"[{""species"": ""Spisula solidissima"", ""common_name"": ""Atlantic surf clam"", ""score"": 0.779029369354248}, {""species"": ""Paphies subtriangulata"", ""common_name"": ""Surf Clam"", ""score"": 0.11298845708370209}, {""species"": ""Mactromeris polynyma"", ""common_name"": ""Arctic surf clam"", ""score"": 0.02271873876452446}, {""species"": ""Spisula sachalinensis"", ""common_name"": ""Sakhalin surf clam"", ""score"": 0.014581511728465557}, {""species"": ""Mactromeris Spisula brevirostrata"", ""common_name"": """", ""score"": 0.004320328123867512}]"
obs_339993526_photo_618618071_box1.jpg,/gpfs_common/share03/ftrscape/snair3/wew_notebooks/outputs_crop/obs_339993526_photo_618618071_box1.jpg,1,Evasterias echinosoma,Evasterias troschelii,Meyenaster gelatinosus,Astrostole scabra,Distolasterias elegans,Giant star,0.5209367871284485,"[{""species"": ""Evasterias echinosoma"", ""common_name"": ""Giant star"", ""score"": 0.5209367871284485}, {""species"": ""Evasterias troschelii"", ""common_name"": """", ""score"": 0.20994985103607178}, {""species"": ""Meyenaster gelatinosus"", ""common_name"": """", ""score"": 0.05734019726514816}, {""species"": ""Astrostole scabra"", ""common_name"": """", ""score"": 0.04132423177361488}, {""species"": ""Distolasterias elegans"", ""common_name"": """", ""score"": 0.016092799603939056}]"
obs_339993526_photo_618618071_box2.jpg,/gpfs_common/share03/ftrscape/snair3/wew_notebooks/outputs_crop/obs_339993526_photo_618618071_box2.jpg,2,Chloephaga hybrida,Laricola Larus elegans,Evasterias troschelii,Evasterias echinosoma,Astrostole insularis,Kelp goose,0.4145180583000183,"[{""species"": ""Chloephaga hybrida"", ""common_name"": ""Kelp goose"", ""score"": 0.4145180583000183}, {""species"": ""Laricola Larus elegans"", ""common_name"": """", ""score"": 0.09434882551431656}, {""species"": ""Evasterias troschelii"", ""common_name"": """", ""score"": 0.04695436730980873}, {""species"": ""Evasterias echinosoma"", ""common_name"": ""Giant star"", ""score"": 0.04463902860879898}, {""species"": ""Astrostole insularis"", ""common_name"": """", ""score"": 0.017613831907510757}]"
obs_339993526_photo_618618071_box3.jpg,/gpfs_common/share03/ftrscape/snair3/wew_notebooks/outputs_crop/obs_339993526_photo_618618071_box3.jpg,3,Evasterias echinosoma,Evasterias troschelii,Pycnopodia helianthoides,Distolasterias elegans,Luidia magellanica,Giant star,0.5771748423576355,"[{""species"": ""Evasterias echinosoma"", ""common_name"": ""Giant star"", ""score"": 0.5771748423576355}, {""species"": ""Evasterias troschelii"", ""common_name"": """", ""score"": 0.10559682548046112}, {""species"": ""Pycnopodia helianthoides"", ""common_name"": ""Rag mop"", ""score"": 0.0570787638425827}, {""species"": ""Distolasterias elegans"", ""common_name"": """", ""score"": 0.025902900844812393}, {""species"": ""Luidia magellanica"", ""common_name"": """", ""score"": 0.02566918358206749}]"
obs_339993526_photo_618618071_box4.jpg,/gpfs_common/share03/ftrscape/snair3/wew_notebooks/outputs_crop/obs_339993526_photo_618618071_box4.jpg,4,Evasterias echinosoma,Meyenaster gelatinosus,Astrostole insularis,Astrostole scabra,Astrostole platei,Giant star,0.1348867118358612,"[{""species"": ""Evasterias echinosoma"", ""common_name"": ""Giant star"", ""score"": 0.1348867118358612}, {""species"": ""Meyenaster gelatinosus"", ""common_name"": """", ""score"": 0.11815312504768372}, {""species"": ""Astrostole insularis"", ""common_name"": """", ""score"": 0.10664882510900497}, {""species"": ""Astrostole scabra"", ""common_name"": """", ""score"": 0.08660637587308884}, {""species"": ""Astrostole platei"", ""common_name"": """", ""score"": 0.03272518515586853}]"
obs_339993526_photo_618618071_box5.jpg,/gpfs_common/share03/ftrscape/snair3/wew_notebooks/outputs_crop/obs_339993526_photo_618618071_box5.jpg,5,Evasterias echinosoma,Evasterias troschelii,Asterias rathbuni,Luidia magellanica,Distolasterias elegans,Giant star,0.6191547513008118,"[{""species"": ""Evasterias echinosoma"", ""common_name"": ""Giant star"", ""score"": 0.6191547513008118}, {""species"": ""Evasterias troschelii"", ""common_name"": """", ""score"": 0.07821980863809586}, {""species"": ""Asterias rathbuni"", ""common_name"": """", ""score"": 0.03576112538576126}, {""species"": ""Luidia magellanica"", ""common_name"": """", ""score"": 0.03197643905878067}, {""species"": ""Distolasterias elegans"", ""common_name"": """", ""score"": 0.027174098417162895}]"
obs_340263466_photo_619175705_box1.jpg,/gpfs_common/share03/ftrscape/snair3/wew_notebooks/outputs_crop/obs_340263466_photo_619175705_box1.jpg,1,Tristerix aphyllus,Ferocactus gracilis,Melocactus intortus,Eriosyce subgibbosa,Eriosyce engleri,,0.11975754797458649,"[{""species"": ""Tristerix aphyllus"", ""common_name"": """", ""score"": 0.11975754797458649}, {""species"": ""Ferocactus gracilis"", ""common_name"": ""Fire barrel cactus"", ""score"": 0.07768908143043518}, {""species"": ""Melocactus intortus"", ""common_name"": ""Barrel cactus"", ""score"": 0.040158458054065704}, {""species"": ""Eriosyce subgibbosa"", ""common_name"": """", ""score"": 0.03939585015177727}, {""species"": ""Eriosyce engleri"", ""common_name"": """", ""score"": 0.038689907640218735}]"
obs_340263466_photo_619175705_box2.jpg,/gpfs_common/share03/ftrscape/snair3/wew_notebooks/outputs_crop/obs_340263466_photo_619175705_box2.jpg,2,Tristerix aphyllus,Ferocactus gracilis,Mammillaria halei,Melocactus intortus,Eriosyce subgibbosa,,0.3629886209964752,"[{""species"": ""Tristerix aphyllus"", ""common_name"": """", ""score"": 0.3629886209964752}, {""species"": ""Ferocactus gracilis"", ""common_name"": ""Fire barrel cactus"", ""score"": 0.08110687136650085}, {""species"": ""Mammillaria halei"", ""common_name"": """", ""score"": 0.05559268221259117}, {""species"": ""Melocactus intortus"", ""common_name"": ""Barrel cactus"", ""score"": 0.051252685487270355}, {""species"": ""Eriosyce subgibbosa"", ""common_name"": """", ""score"": 0.03069065697491169}]"
obs_340263466_photo_619175705_box3.jpg,/gpfs_common/share03/ftrscape/snair3/wew_notebooks/outputs_crop/obs_340263466_photo_619175705_box3.jpg,3,Tristerix aphyllus,Mammillaria halei,Tristerix grandiflorus,Borzicactus sulcifer,Eriosyce subgibbosa,,0.1800844371318817,"[{""species"": ""Tristerix aphyllus"", ""common_name"": """", ""score"": 0.1800844371318817}, {""species"": ""Mammillaria halei"", ""common_name"": """", ""score"": 0.13271401822566986}, {""species"": ""Tristerix grandiflorus"", ""common_name"": """", ""score"": 0.06990603357553482}, {""species"": ""Borzicactus sulcifer"", ""common_name"": """", ""score"": 0.04560583084821701}, {""species"": ""Eriosyce subgibbosa"", ""common_name"": """", ""score"": 0.043657392263412476}]"
obs_340271186_photo_619190124_box1.jpg,/gpfs_common/share03/ftrscape/snair3/wew_notebooks/outputs_crop/obs_340271186_photo_619190124_box1.jpg,1,Setophaga townsendi,Cardellina pusilla,Leptasthenura aegithaloides,Leiothlypis ruficapilla,Leiothlypis celata,Townsend's warbler,0.01974373683333397,"[{""species"": ""Setophaga townsendi"", ""common_name"": ""Townsend's warbler"", ""score"": 0.01974373683333397}, {""species"": ""Cardellina pusilla"", ""common_name"": ""Wilson's warbler"", ""score"": 0.018754849210381508}, {""species"": ""Leptasthenura aegithaloides"", ""common_name"": ""Plain-mantled tit-spinetail"", ""score"": 0.01733296550810337}, {""species"": ""Leiothlypis ruficapilla"", ""common_name"": ""Nashville Warbler"", ""score"": 0.015387821942567825}, {""species"": ""Leiothlypis celata"", ""common_name"": ""Orange-crowned warbler"", ""score"": 0.013684958219528198}]"
obs_340271186_photo_619190124_box2.jpg,/gpfs_common/share03/ftrscape/snair3/wew_notebooks/outputs_crop/obs_340271186_photo_619190124_box2.jpg,2,Rhopalomyia californica,Baccharis pilularis,Baccharis heterophylla,Rhopalomyia baccharis,Baccharis conferta,,0.3187048137187958,"[{""species"": ""Rhopalomyia californica"", ""common_name"": """", ""score"": 0.3187048137187958}, {""species"": ""Baccharis pilularis"", ""common_name"": ""Coyotebrush"", ""score"": 0.22933916747570038}, {""species"": ""Baccharis heterophylla"", ""common_name"": """", ""score"": 0.04528860002756119}, {""species"": ""Rhopalomyia baccharis"", ""common_name"": """", ""score"": 0.02886349707841873}, {""species"": ""Baccharis conferta"", ""common_name"": """", ""score"": 0.026581579819321632}]"
obs_340271186_photo_619190124_box3.jpg,/gpfs_common/share03/ftrscape/snair3/wew_notebooks/outputs_crop/obs_340271186_photo_619190124_box3.jpg,3,Asphondylia pumila,Rhopalomyia californica,Exobasidium japonicum,Pacifigeron indivisus,Rhopalomyia chrysanthemi,,0.13458941876888275,"[{""species"": ""Asphondylia pumila"", ""common_name"": """", ""score"": 0.13458941876888275}, {""species"": ""Rhopalomyia californica"", ""common_name"": """", ""score"": 0.10307605564594269}, {""species"": ""Exobasidium japonicum"", ""common_name"": ""Azalea gall"", ""score"": 0.06643523275852203}, {""species"": ""Pacifigeron indivisus"", ""common_name"": """", ""score"": 0.055335354059934616}, {""species"": ""Rhopalomyia chrysanthemi"", ""common_name"": ""Chrysanthemum gall midge"", ""score"": 0.022511376067996025}]"
obs_340271186_photo_619190124_box4.jpg,/gpfs_common/share03/ftrscape/snair3/wew_notebooks/outputs_crop/obs_340271186_photo_619190124_box4.jpg,4,Rhopalomyia californica,Exobasidium japonicum,Rhopalomyia chrysanthemi,Baccharis macrantha Kunth,Baccharis chrysophylla,,0.15157130360603333,"[{""species"": ""Rhopalomyia californica"", ""common_name"": """", ""score"": 0.15157130360603333}, {""species"": ""Exobasidium japonicum"", ""common_name"": ""Azalea gall"", ""score"": 0.06306199729442596}, {""species"": ""Rhopalomyia chrysanthemi"", ""common_name"": ""Chrysanthemum gall midge"", ""score"": 0.05633681267499924}, {""species"": ""Baccharis macrantha Kunth"", ""common_name"": """", ""score"": 0.03519609197974205}, {""species"": ""Baccharis chrysophylla"", ""common_name"": """", ""score"": 0.03269417583942413}]"
obs_340271186_photo_619190124_box5.jpg,/gpfs_common/share03/ftrscape/snair3/wew_notebooks/outputs_crop/obs_340271186_photo_619190124_box5.jpg,5,Baccharis pilularis,Rhopalomyia californica,Rhopalomyia baccharis,Aceria brevirostris,Gnorimoschema baccharisella,Coyotebrush,0.48274946212768555,"[{""species"": ""Baccharis pilularis"", ""common_name"": ""Coyotebrush"", ""score"": 0.48274946212768555}, {""species"": ""Rhopalomyia californica"", ""common_name"": """", ""score"": 0.2225705236196518}, {""species"": ""Rhopalomyia baccharis"", ""common_name"": """", ""score"": 0.07190664857625961}, {""species"": ""Aceria brevirostris"", ""common_name"": """", ""score"": 0.014184343628585339}, {""species"": ""Gnorimoschema baccharisella"", ""common_name"": """", ""score"": 0.012432076036930084}]"
obs_340304697_photo_619256274_box1.jpg,/gpfs_common/share03/ftrscape/snair3/wew_notebooks/outputs_crop/obs_340304697_photo_619256274_box1.jpg,1,Paracrostoma tigrina,Haemopis marmorata,Paracrostoma huegelii,Haemopis lateromaculata,Nerita japonica,,0.16151173412799835,"[{""species"": ""Paracrostoma tigrina"", ""common_name"": """", ""score"": 0.16151173412799835}, {""species"": ""Haemopis marmorata"", ""common_name"": """", ""score"": 0.06601377576589584}, {""species"": ""Paracrostoma huegelii"", ""common_name"": """", ""score"": 0.034342210739851}, {""species"": ""Haemopis lateromaculata"", ""common_name"": """", ""score"": 0.033570487052202225}, {""species"": ""Nerita japonica"", ""common_name"": """", ""score"": 0.02153462916612625}]"
obs_340304697_photo_619256274_box2.jpg,/gpfs_common/share03/ftrscape/snair3/wew_notebooks/outputs_crop/obs_340304697_photo_619256274_box2.jpg,2,Paracrostoma tigrina,Vitta perottetiana,Haemopis marmorata,Helicophanta magnifica,Helicophanta gloriosa,,0.06758233159780502,"[{""species"": ""Paracrostoma tigrina"", ""common_name"": """", ""score"": 0.06758233159780502}, {""species"": ""Vitta perottetiana"", ""common_name"": """", ""score"": 0.036954447627067566}, {""species"": ""Haemopis marmorata"", ""common_name"": """", ""score"": 0.033261239528656006}, {""species"": ""Helicophanta magnifica"", ""common_name"": """", ""score"": 0.028201540932059288}, {""species"": ""Helicophanta gloriosa"", ""common_name"": """", ""score"": 0.022534547373652458}]"
obs_340304697_photo_619256274_box3.jpg,/gpfs_common/share03/ftrscape/snair3/wew_notebooks/outputs_crop/obs_340304697_photo_619256274_box3.jpg,3,Haemopis lateromaculata,Haemopis terrestris,Haemopis elegans,Haemopis marmorata,Helicophanta magnifica,,0.08225966989994049,"[{""species"": ""Haemopis lateromaculata"", ""common_name"": """", ""score"": 0.08225966989994049}, {""species"": ""Haemopis terrestris"", ""common_name"": """", ""score"": 0.04051726311445236}, {""species"": ""Haemopis elegans"", ""common_name"": """", ""score"": 0.03864916414022446}, {""species"": ""Haemopis marmorata"", ""common_name"": """", ""score"": 0.03450823575258255}, {""species"": ""Helicophanta magnifica"", ""common_name"": """", ""score"": 0.027352256700396538}]"
obs_340326193_photo_619295159_box1.jpg,/gpfs_common/share03/ftrscape/snair3/wew_notebooks/outputs_crop/obs_340326193_photo_619295159_box1.jpg,1,Gaylussacia tomentosa,Lindera glauca,Vaccinium ovalifolium,Vaccinium stamineum,Dirca decipiens,,0.13060493767261505,"[{""species"": ""Gaylussacia tomentosa"", ""common_name"": """", ""score"": 0.13060493767261505}, {""species"": ""Lindera glauca"", ""common_name"": """", ""score"": 0.12109062820672989}, {""species"": ""Vaccinium ovalifolium"", ""common_name"": ""Early blueberry"", ""score"": 0.06579364836215973}, {""species"": ""Vaccinium stamineum"", ""common_name"": ""DeerBerry"", ""score"": 0.06324803829193115}, {""species"": ""Dirca decipiens"", ""common_name"": """", ""score"": 0.038641225546598434}]"
obs_340326193_photo_619295159_box2.jpg,/gpfs_common/share03/ftrscape/snair3/wew_notebooks/outputs_crop/obs_340326193_photo_619295159_box2.jpg,2,Gaylussacia tomentosa,Lindera glauca,Vaccinium ovalifolium,Dirca decipiens,Vaccinium stamineum,,0.1603987216949463,"[{""species"": ""Gaylussacia tomentosa"", ""common_name"": """", ""score"": 0.1603987216949463}, {""species"": ""Lindera glauca"", ""common_name"": """", ""score"": 0.14982663094997406}, {""species"": ""Vaccinium ovalifolium"", ""common_name"": ""Early blueberry"", ""score"": 0.06014872342348099}, {""species"": ""Dirca decipiens"", ""common_name"": """", ""score"": 0.05793101713061333}, {""species"": ""Vaccinium stamineum"", ""common_name"": ""DeerBerry"", ""score"": 0.05691291391849518}]"
obs_340326194_photo_619295158_box1.jpg,/gpfs_common/share03/ftrscape/snair3/wew_notebooks/outputs_crop/obs_340326194_photo_619295158_box1.jpg,1,Rhytisma prini,Rhytisma salicinum,Ophiodothella floridana,Lasiobotrys lonicerae,Diplocarpon mespili,,0.16698452830314636,"[{""species"": ""Rhytisma prini"", ""common_name"": """", ""score"": 0.16698452830314636}, {""species"": ""Rhytisma salicinum"", ""common_name"": ""Willow tarspot"", ""score"": 0.10129901021718979}, {""species"": ""Ophiodothella floridana"", ""common_name"": """", ""score"": 0.06762658059597015}, {""species"": ""Lasiobotrys lonicerae"", ""common_name"": ""Honeysuckle rash"", ""score"": 0.04956544563174248}, {""species"": ""Diplocarpon mespili"", ""common_name"": ""Quince leaf blight"", ""score"": 0.0277267973870039}]"
obs_340326194_photo_619295158_box2.jpg,/gpfs_common/share03/ftrscape/snair3/wew_notebooks/outputs_crop/obs_340326194_photo_619295158_box2.jpg,2,Battarrea phalloides,Lactifluus glaucescens,Macrodiplodiopsis desmazieri,Lecanicillium saksenae,Stachybotrys suthepensis,Sandy stiltball,0.010308923199772835,"[{""species"": ""Battarrea phalloides"", ""common_name"": ""Sandy stiltball"", ""score"": 0.010308923199772835}, {""species"": ""Lactifluus glaucescens"", ""common_name"": ""grønplettet mælkehat"", ""score"": 0.005641501862555742}, {""species"": ""Macrodiplodiopsis desmazieri"", ""common_name"": """", ""score"": 0.005158639512956142}, {""species"": ""Lecanicillium saksenae"", ""common_name"": """", ""score"": 0.004430464934557676}, {""species"": ""Stachybotrys suthepensis"", ""common_name"": """", ""score"": 0.004331962671130896}]"
obs_340337296_photo_536341964_box1.jpg,/gpfs_common/share03/ftrscape/snair3/wew_notebooks/outputs_crop/obs_340337296_photo_536341964_box1.jpg,1,Monopsis lutea,Lotus stepposus,Rafnia globosa,Monopsis flava,Aspalathus angustifolia,,0.1354953795671463,"[{""species"": ""Monopsis lutea"", ""common_name"": """", ""score"": 0.1354953795671463}, {""species"": ""Lotus stepposus"", ""common_name"": """", ""score"": 0.07140976190567017}, {""species"": ""Rafnia globosa"", ""common_name"": """", ""score"": 0.04491027072072029}, {""species"": ""Monopsis flava"", ""common_name"": """", ""score"": 0.03389255329966545}, {""species"": ""Aspalathus angustifolia"", ""common_name"": """", ""score"": 0.025185074657201767}]"
obs_340337296_photo_536341964_box2.jpg,/gpfs_common/share03/ftrscape/snair3/wew_notebooks/outputs_crop/obs_340337296_photo_536341964_box2.jpg,2,Lotus corniculatus,Lotus japonicus,Lotus ucrainicus,Lotus tenuis,Lotus alpinus,Bird's-foot trefoil,0.35928991436958313,"[{""species"": ""Lotus corniculatus"", ""common_name"": ""Bird's-foot trefoil"", ""score"": 0.35928991436958313}, {""species"": ""Lotus japonicus"", ""common_name"": """", ""score"": 0.2665294110774994}, {""species"": ""Lotus ucrainicus"", ""common_name"": """", ""score"": 0.08147065341472626}, {""species"": ""Lotus tenuis"", ""common_name"": ""Narrow-leaved bird's-foot-trefoil"", ""score"": 0.05825777351856232}, {""species"": ""Lotus alpinus"", ""common_name"": """", ""score"": 0.017112914472818375}]"
obs_340337296_photo_536341964_box3.jpg,/gpfs_common/share03/ftrscape/snair3/wew_notebooks/outputs_crop/obs_340337296_photo_536341964_box3.jpg,3,Thymelicus lineola,Thymelicus sylvestris,Ancyloxypha nitedula,Thymelicus novus,Ancyloxypha numitor,European Skipper,0.43797674775123596,"[{""species"": ""Thymelicus lineola"", ""common_name"": ""European Skipper"", ""score"": 0.43797674775123596}, {""species"": ""Thymelicus sylvestris"", ""common_name"": ""Small Skipper"", ""score"": 0.34653952717781067}, {""species"": ""Ancyloxypha nitedula"", ""common_name"": """", ""score"": 0.07107135653495789}, {""species"": ""Thymelicus novus"", ""common_name"": """", ""score"": 0.039965782314538956}, {""species"": ""Ancyloxypha numitor"", ""common_name"": ""Least Skipper"", ""score"": 0.03743283078074455}]"
obs_340337296_photo_536341964_box4.jpg,/gpfs_common/share03/ftrscape/snair3/wew_notebooks/outputs_crop/obs_340337296_photo_536341964_box4.jpg,4,Lotus corniculatus,Lotus japonicus,Lotus ucrainicus,Lotus tenuis,Lotus stepposus,Bird's-foot trefoil,0.409991055727005,"[{""species"": ""Lotus corniculatus"", ""common_name"": ""Bird's-foot trefoil"", ""score"": 0.409991055727005}, {""species"": ""Lotus japonicus"", ""common_name"": """", ""score"": 0.1345359832048416}, {""species"": ""Lotus ucrainicus"", ""common_name"": """", ""score"": 0.11979305744171143}, {""species"": ""Lotus tenuis"", ""common_name"": ""Narrow-leaved bird's-foot-trefoil"", ""score"": 0.08924297988414764}, {""species"": ""Lotus stepposus"", ""common_name"": """", ""score"": 0.03418174386024475}]"
obs_340337296_photo_536341964_box5.jpg,/gpfs_common/share03/ftrscape/snair3/wew_notebooks/outputs_crop/obs_340337296_photo_536341964_box5.jpg,5,Lotus corniculatus,Lotus japonicus,Lotus tenuis,Ancyloxypha numitor,Lotus stepposus,Bird's-foot trefoil,0.23354652523994446,"[{""species"": ""Lotus corniculatus"", ""common_name"": ""Bird's-foot trefoil"", ""score"": 0.23354652523994446}, {""species"": ""Lotus japonicus"", ""common_name"": """", ""score"": 0.1430967152118683}, {""species"": ""Lotus tenuis"", ""common_name"": ""Narrow-leaved bird's-foot-trefoil"", ""score"": 0.08271762728691101}, {""species"": ""Ancyloxypha numitor"", ""common_name"": ""Least Skipper"", ""score"": 0.06354191154241562}, {""species"": ""Lotus stepposus"", ""common_name"": """", ""score"": 0.059155769646167755}]"
obs_340337865_photo_533753896_box1.jpg,/gpfs_common/share03/ftrscape/snair3/wew_notebooks/outputs_crop/obs_340337865_photo_533753896_box1.jpg,1,Vicia cracca,Vicia incana,Contarinia craccae,Vicia villosa,Vicia amurensis,Tufted Vetch,0.2511381506919861,"[{""species"": ""Vicia cracca"", ""common_name"": ""Tufted Vetch"", ""score"": 0.2511381506919861}, {""species"": ""Vicia incana"", ""common_name"": """", ""score"": 0.24324250221252441}, {""species"": ""Contarinia craccae"", ""common_name"": ""Vikkeblomstgalmyg"", ""score"": 0.053606413304805756}, {""species"": ""Vicia villosa"", ""common_name"": ""Winter vetch"", ""score"": 0.037651270627975464}, {""species"": ""Vicia amurensis"", ""common_name"": """", ""score"": 0.036866169422864914}]"
obs_340337865_photo_533753896_box2.jpg,/gpfs_common/share03/ftrscape/snair3/wew_notebooks/outputs_crop/obs_340337865_photo_533753896_box2.jpg,2,Vicia incana,Vicia cracca,Vicia villosa,Vicia tenuifolia,Vicia amoena,,0.2991897165775299,"[{""species"": ""Vicia incana"", ""common_name"": """", ""score"": 0.2991897165775299}, {""species"": ""Vicia cracca"", ""common_name"": ""Tufted Vetch"", ""score"": 0.2582385838031769}, {""species"": ""Vicia villosa"", ""common_name"": ""Winter vetch"", ""score"": 0.12706628441810608}, {""species"": ""Vicia tenuifolia"", ""common_name"": ""Fine-leaved vetch"", ""score"": 0.0517420768737793}, {""species"": ""Vicia amoena"", ""common_name"": ""Cheder ebs"", ""score"": 0.03553139790892601}]"
obs_340337865_photo_533753896_box3.jpg,/gpfs_common/share03/ftrscape/snair3/wew_notebooks/outputs_crop/obs_340337865_photo_533753896_box3.jpg,3,Vicia incana,Contarinia craccae,Dasineura viciae,Asphondylia miki,Vicia cracca,,0.3079313635826111,"[{""species"": ""Vicia incana"", ""common_name"": """", ""score"": 0.3079313635826111}, {""species"": ""Contarinia craccae"", ""common_name"": ""Vikkeblomstgalmyg"", ""score"": 0.24216507375240326}, {""species"": ""Dasineura viciae"", ""common_name"": ""Gærdevikkegalmyg"", ""score"": 0.03309888765215874}, {""species"": ""Asphondylia miki"", ""common_name"": """", ""score"": 0.029032813385128975}, {""species"": ""Vicia cracca"", ""common_name"": ""Tufted Vetch"", ""score"": 0.029019303619861603}]"
obs_340337865_photo_533753896_box4.jpg,/gpfs_common/share03/ftrscape/snair3/wew_notebooks/outputs_crop/obs_340337865_photo_533753896_box4.jpg,4,Thymelicus lineola,Ancyloxypha numitor,Ancyloxypha nitedula,Pseudocopaeodes eunus,Oarisma garita,European Skipper,0.975426435470581,"[{""species"": ""Thymelicus lineola"", ""common_name"": ""European Skipper"", ""score"": 0.975426435470581}, {""species"": ""Ancyloxypha numitor"", ""common_name"": ""Least Skipper"", ""score"": 0.0055895717814564705}, {""species"": ""Ancyloxypha nitedula"", ""common_name"": """", ""score"": 0.005209855269640684}, {""species"": ""Pseudocopaeodes eunus"", ""common_name"": ""Alkali skipper"", ""score"": 0.0028896064031869173}, {""species"": ""Oarisma garita"", ""common_name"": ""Garita skipperling"", ""score"": 0.002758902031928301}]"
obs_340364592_photo_619375042_box1.jpg,/gpfs_common/share03/ftrscape/snair3/wew_notebooks/outputs_crop/obs_340364592_photo_619375042_box1.jpg,1,Aquarius najas,Aquarius conformis,Telmatrechus parallelus,Ptilomera tigrina,Aquarius fabricii,River skater,0.4420734941959381,"[{""species"": ""Aquarius najas"", ""common_name"": ""River skater"", ""score"": 0.4420734941959381}, {""species"": ""Aquarius conformis"", ""common_name"": """", ""score"": 0.09646011888980865}, {""species"": ""Telmatrechus parallelus"", ""common_name"": """", ""score"": 0.07818196713924408}, {""species"": ""Ptilomera tigrina"", ""common_name"": """", ""score"": 0.04564490541815758}, {""species"": ""Aquarius fabricii"", ""common_name"": """", ""score"": 0.03908626735210419}]"
obs_340364592_photo_619375042_box2.jpg,/gpfs_common/share03/ftrscape/snair3/wew_notebooks/outputs_crop/obs_340364592_photo_619375042_box2.jpg,2,Aquarius najas,Aquarius conformis,Ptilomera tigrina,Telmatrechus parallelus,Aquarius fabricii,River skater,0.4017772078514099,"[{""species"": ""Aquarius najas"", ""common_name"": ""River skater"", ""score"": 0.4017772078514099}, {""species"": ""Aquarius conformis"", ""common_name"": """", ""score"": 0.1602591574192047}, {""species"": ""Ptilomera tigrina"", ""common_name"": """", ""score"": 0.04794079810380936}, {""species"": ""Telmatrechus parallelus"", ""common_name"": """", ""score"": 0.0427609421312809}, {""species"": ""Aquarius fabricii"", ""common_name"": """", ""score"": 0.04010067880153656}]"
obs_340364592_photo_619375042_box3.jpg,/gpfs_common/share03/ftrscape/snair3/wew_notebooks/outputs_crop/obs_340364592_photo_619375042_box3.jpg,3,Aquarius conformis,Aquarius najas,Aquarius paludum,Aquarius ventralis,Ptilomera tigrina,,0.3202170431613922,"[{""species"": ""Aquarius conformis"", ""common_name"": """", ""score"": 0.3202170431613922}, {""species"": ""Aquarius najas"", ""common_name"": ""River skater"", ""score"": 0.186604306101799}, {""species"": ""Aquarius paludum"", ""common_name"": ""sjöskräddare"", ""score"": 0.053645264357328415}, {""species"": ""Aquarius ventralis"", ""common_name"": """", ""score"": 0.047141022980213165}, {""species"": ""Ptilomera tigrina"", ""common_name"": """", ""score"": 0.04388565570116043}]"
obs_340364592_photo_619375042_box4.jpg,/gpfs_common/share03/ftrscape/snair3/wew_notebooks/outputs_crop/obs_340364592_photo_619375042_box4.jpg,4,Aquarius conformis,Aquarius najas,Aquarius cinereus,Aquarius ventralis,Aquarius chilensis,,0.25330016016960144,"[{""species"": ""Aquarius conformis"", ""common_name"": """", ""score"": 0.25330016016960144}, {""species"": ""Aquarius najas"", ""common_name"": ""River skater"", ""score"": 0.23527812957763672}, {""species"": ""Aquarius cinereus"", ""common_name"": """", ""score"": 0.05218616500496864}, {""species"": ""Aquarius ventralis"", ""common_name"": """", ""score"": 0.049219999462366104}, {""species"": ""Aquarius chilensis"", ""common_name"": """", ""score"": 0.046824727207422256}]"
obs_340368188_photo_619383348_box1.jpg,/gpfs_common/share03/ftrscape/snair3/wew_notebooks/outputs_crop/obs_340368188_photo_619383348_box1.jpg,1,Diplolepis rosae,Asphondylia ceanothi,Diplolepis bassetti,Andricus seckendorffi,Andricus quercusramuli,Bedeguar gall,0.8711729645729065,"[{""species"": ""Diplolepis rosae"", ""common_name"": ""Bedeguar gall"", ""score"": 0.8711729645729065}, {""species"": ""Asphondylia ceanothi"", ""common_name"": """", ""score"": 0.016505977138876915}, {""species"": ""Diplolepis bassetti"", ""common_name"": """", ""score"": 0.01639903336763382}, {""species"": ""Andricus seckendorffi"", ""common_name"": """", ""score"": 0.008180408738553524}, {""species"": ""Andricus quercusramuli"", ""common_name"": ""Cottonwool gall"", ""score"": 0.004926363006234169}]"
obs_340433312_photo_619519266_box1.jpg,/gpfs_common/share03/ftrscape/snair3/wew_notebooks/outputs_crop/obs_340433312_photo_619519266_box1.jpg,1,Limnodynastes peronii,Leptodactylus paranaru,Litoria latopalmata,Leptodactylus latrans,Leptodactylus insularum,Brown frog,0.9820480346679688,"[{""species"": ""Limnodynastes peronii"", ""common_name"": ""Brown frog"", ""score"": 0.9820480346679688}, {""species"": ""Leptodactylus paranaru"", ""common_name"": """", ""score"": 0.0026004984974861145}, {""species"": ""Litoria latopalmata"", ""common_name"": ""Broad-palmed rocket frog"", ""score"": 0.0021548038348555565}, {""species"": ""Leptodactylus latrans"", ""common_name"": """", ""score"": 0.0011136495741084218}, {""species"": ""Leptodactylus insularum"", ""common_name"": ""San miguel island frog"", ""score"": 0.0009826273890212178}]"
obs_340433312_photo_619519266_box2.jpg,/gpfs_common/share03/ftrscape/snair3/wew_notebooks/outputs_crop/obs_340433312_photo_619519266_box2.jpg,2,Chloris pycnothrix,Chloris radiata,Chloris formosana,Chloris barbata,Chloris paniculata,Spiderweb chloris,0.13572531938552856,"[{""species"": ""Chloris pycnothrix"", ""common_name"": ""Spiderweb chloris"", ""score"": 0.13572531938552856}, {""species"": ""Chloris radiata"", ""common_name"": ""Radiate fingergrass"", ""score"": 0.11674395948648453}, {""species"": ""Chloris formosana"", ""common_name"": """", ""score"": 0.07203040271997452}, {""species"": ""Chloris barbata"", ""common_name"": ""Swollen fingergrass"", ""score"": 0.04718285799026489}, {""species"": ""Chloris paniculata"", ""common_name"": """", ""score"": 0.04203323274850845}]"
obs_340433312_photo_619519266_box3.jpg,/gpfs_common/share03/ftrscape/snair3/wew_notebooks/outputs_crop/obs_340433312_photo_619519266_box3.jpg,3,Limnodynastes peronii,Litoria latopalmata,Leptodactylus insularum,Micryletta lineata,Leptodactylus paranaru,Brown frog,0.8807503581047058,"[{""species"": ""Limnodynastes peronii"", ""common_name"": ""Brown frog"", ""score"": 0.8807503581047058}, {""species"": ""Litoria latopalmata"", ""common_name"": ""Broad-palmed rocket frog"", ""score"": 0.007423333823680878}, {""species"": ""Leptodactylus insularum"", ""common_name"": ""San miguel island frog"", ""score"": 0.004582708701491356}, {""species"": ""Micryletta lineata"", ""common_name"": """", ""score"": 0.0044733756221830845}, {""species"": ""Leptodactylus paranaru"", ""common_name"": """", ""score"": 0.004041234962642193}]"
obs_340433312_photo_619519266_box4.jpg,/gpfs_common/share03/ftrscape/snair3/wew_notebooks/outputs_crop/obs_340433312_photo_619519266_box4.jpg,4,Poa annua,Cynodon dactylon,Cenchrus clandestinus,Hordeum muticum,Digitaria sericea,Annual bluegrass,0.0745524987578392,"[{""species"": ""Poa annua"", ""common_name"": ""Annual bluegrass"", ""score"": 0.0745524987578392}, {""species"": ""Cynodon dactylon"", ""common_name"": ""Star Grass"", ""score"": 0.025985555723309517}, {""species"": ""Cenchrus clandestinus"", ""common_name"": ""Kikuyugrass"", ""score"": 0.025664011016488075}, {""species"": ""Hordeum muticum"", ""common_name"": """", ""score"": 0.024163614958524704}, {""species"": ""Digitaria sericea"", ""common_name"": """", ""score"": 0.02400687150657177}]"
obs_340514309_photo_619678757_box1.jpg,/gpfs_common/share03/ftrscape/snair3/wew_notebooks/outputs_crop/obs_340514309_photo_619678757_box1.jpg,1,Buteo jamaicensis,Buteo ventralis,Buteo platypterus,Buteo regalis,Accipiter cooperii,Red-tailed Hawk,0.955246090888977,"[{""species"": ""Buteo jamaicensis"", ""common_name"": ""Red-tailed Hawk"", ""score"": 0.955246090888977}, {""species"": ""Buteo ventralis"", ""common_name"": ""Rufous-tailed Hawk"", ""score"": 0.008319536224007607}, {""species"": ""Buteo platypterus"", ""common_name"": ""Broad-winged hawk"", ""score"": 0.004565726034343243}, {""species"": ""Buteo regalis"", ""common_name"": ""Ferruginous Hawk"", ""score"": 0.0043630655854940414}, {""species"": ""Accipiter cooperii"", ""common_name"": ""Cooper's Hawk"", ""score"": 0.0023670957889407873}]"
obs_340514309_photo_619678757_box2.jpg,/gpfs_common/share03/ftrscape/snair3/wew_notebooks/outputs_crop/obs_340514309_photo_619678757_box2.jpg,2,Buteo jamaicensis,Buteo ventralis,Buteo regalis,Buteo platypterus,Accipiter cooperii,Red-tailed Hawk,0.9554031491279602,"[{""species"": ""Buteo jamaicensis"", ""common_name"": ""Red-tailed Hawk"", ""score"": 0.9554031491279602}, {""species"": ""Buteo ventralis"", ""common_name"": ""Rufous-tailed Hawk"", ""score"": 0.010348188690841198}, {""species"": ""Buteo regalis"", ""common_name"": ""Ferruginous Hawk"", ""score"": 0.006189330015331507}, {""species"": ""Buteo platypterus"", ""common_name"": ""Broad-winged hawk"", ""score"": 0.003725230460986495}, {""species"": ""Accipiter cooperii"", ""common_name"": ""Cooper's Hawk"", ""score"": 0.003273838432505727}]"
obs_340514309_photo_619678757_box3.jpg,/gpfs_common/share03/ftrscape/snair3/wew_notebooks/outputs_crop/obs_340514309_photo_619678757_box3.jpg,3,Buteo jamaicensis,Buteo ventralis,Buteo regalis,Buteo platypterus,Accipiter cooperii,Red-tailed Hawk,0.9458879232406616,"[{""species"": ""Buteo jamaicensis"", ""common_name"": ""Red-tailed Hawk"", ""score"": 0.9458879232406616}, {""species"": ""Buteo ventralis"", ""common_name"": ""Rufous-tailed Hawk"", ""score"": 0.020495226606726646}, {""species"": ""Buteo regalis"", ""common_name"": ""Ferruginous Hawk"", ""score"": 0.012273979373276234}, {""species"": ""Buteo platypterus"", ""common_name"": ""Broad-winged hawk"", ""score"": 0.0021946257911622524}, {""species"": ""Accipiter cooperii"", ""common_name"": ""Cooper's Hawk"", ""score"": 0.001152637181803584}]"
obs_340514310_photo_619679014_box1.jpg,/gpfs_common/share03/ftrscape/snair3/wew_notebooks/outputs_crop/obs_340514310_photo_619679014_box1.jpg,1,Sciurus carolinensis,Neotoma floridana,Neotoma magister,Buteo jamaicensis,Sciurus alleni,Eastern gray squirrel,0.5634176135063171,"[{""species"": ""Sciurus carolinensis"", ""common_name"": ""Eastern gray squirrel"", ""score"": 0.5634176135063171}, {""species"": ""Neotoma floridana"", ""common_name"": ""Eastern woodrat"", ""score"": 0.06648638844490051}, {""species"": ""Neotoma magister"", ""common_name"": ""Allegheny woodrat"", ""score"": 0.05487160384654999}, {""species"": ""Buteo jamaicensis"", ""common_name"": ""Red-tailed Hawk"", ""score"": 0.035966187715530396}, {""species"": ""Sciurus alleni"", ""common_name"": ""Allen's squirrel"", ""score"": 0.027941765263676643}]"
obs_340514310_photo_619679014_box2.jpg,/gpfs_common/share03/ftrscape/snair3/wew_notebooks/outputs_crop/obs_340514310_photo_619679014_box2.jpg,2,Buteo jamaicensis,Accipiter cooperii,Neotoma magister,Buteo platypterus,Buteo lineatus,Red-tailed Hawk,0.15140685439109802,"[{""species"": ""Buteo jamaicensis"", ""common_name"": ""Red-tailed Hawk"", ""score"": 0.15140685439109802}, {""species"": ""Accipiter cooperii"", ""common_name"": ""Cooper's Hawk"", ""score"": 0.10517453402280807}, {""species"": ""Neotoma magister"", ""common_name"": ""Allegheny woodrat"", ""score"": 0.0656585544347763}, {""species"": ""Buteo platypterus"", ""common_name"": ""Broad-winged hawk"", ""score"": 0.05210689827799797}, {""species"": ""Buteo lineatus"", ""common_name"": ""Red-shouldered hawk"", ""score"": 0.0402899831533432}]"
obs_340514310_photo_619679014_box3.jpg,/gpfs_common/share03/ftrscape/snair3/wew_notebooks/outputs_crop/obs_340514310_photo_619679014_box3.jpg,3,Neotoma magister,Buteo jamaicensis,Buteo lineatus,Neotoma floridana,Buteo platypterus,Allegheny woodrat,0.22830159962177277,"[{""species"": ""Neotoma magister"", ""common_name"": ""Allegheny woodrat"", ""score"": 0.22830159962177277}, {""species"": ""Buteo jamaicensis"", ""common_name"": ""Red-tailed Hawk"", ""score"": 0.1182120069861412}, {""species"": ""Buteo lineatus"", ""common_name"": ""Red-shouldered hawk"", ""score"": 0.08113125711679459}, {""species"": ""Neotoma floridana"", ""common_name"": ""Eastern woodrat"", ""score"": 0.05160873755812645}, {""species"": ""Buteo platypterus"", ""common_name"": ""Broad-winged hawk"", ""score"": 0.038287453353405}]"
obs_340514310_photo_619679014_box4.jpg,/gpfs_common/share03/ftrscape/snair3/wew_notebooks/outputs_crop/obs_340514310_photo_619679014_box4.jpg,4,Garrulus glandarius,Fringilla coelebs,Aix galericulata,Mareca penelope,Streptopelia orientalis,Eurasian jay,0.16581225395202637,"[{""species"": ""Garrulus glandarius"", ""common_name"": ""Eurasian jay"", ""score"": 0.16581225395202637}, {""species"": ""Fringilla coelebs"", ""common_name"": ""Common chaffinch"", ""score"": 0.07369391620159149}, {""species"": ""Aix galericulata"", ""common_name"": ""Mandarin duck"", ""score"": 0.026234110817313194}, {""species"": ""Mareca penelope"", ""common_name"": ""Eurasian Wigeon"", ""score"": 0.025712568312883377}, {""species"": ""Streptopelia orientalis"", ""common_name"": ""Oriental Turtle-Dove"", ""score"": 0.019942332059144974}]"
obs_340514310_photo_619679014_box5.jpg,/gpfs_common/share03/ftrscape/snair3/wew_notebooks/outputs_crop/obs_340514310_photo_619679014_box5.jpg,5,Glaucomys volans,Sciurus carolinensis,Neotoma devia,Neotoma magister,Acomys nesiotes,Southern flying squirrel,0.08662673085927963,"[{""species"": ""Glaucomys volans"", ""common_name"": ""Southern flying squirrel"", ""score"": 0.08662673085927963}, {""species"": ""Sciurus carolinensis"", ""common_name"": ""Eastern gray squirrel"", ""score"": 0.04270963743329048}, {""species"": ""Neotoma devia"", ""common_name"": ""Arizona woodrat"", ""score"": 0.016974208876490593}, {""species"": ""Neotoma magister"", ""common_name"": ""Allegheny woodrat"", ""score"": 0.01597769930958748}, {""species"": ""Acomys nesiotes"", ""common_name"": ""Cyprus spiny mouse"", ""score"": 0.014560187235474586}]"
obs_340542613_photo_619737737_box1.jpg,/gpfs_common/share03/ftrscape/snair3/wew_notebooks/outputs_crop/obs_340542613_photo_619737737_box1.jpg,1,Accipiter cooperii,Accipiter striatus,Accipiter chilensis,Accipiter gentilis,Buteo platypterus,Cooper's Hawk,0.9752371907234192,"[{""species"": ""Accipiter cooperii"", ""common_name"": ""Cooper's Hawk"", ""score"": 0.9752371907234192}, {""species"": ""Accipiter striatus"", ""common_name"": ""Sharp-shinned hawk"", ""score"": 0.005289054941385984}, {""species"": ""Accipiter chilensis"", ""common_name"": ""Chilean hawk"", ""score"": 0.0020455634221434593}, {""species"": ""Accipiter gentilis"", ""common_name"": ""Northern Goshawk"", ""score"": 0.001885698176920414}, {""species"": ""Buteo platypterus"", ""common_name"": ""Broad-winged hawk"", ""score"": 0.0011884786654263735}]"
obs_340542613_photo_619737737_box2.jpg,/gpfs_common/share03/ftrscape/snair3/wew_notebooks/outputs_crop/obs_340542613_photo_619737737_box2.jpg,2,Accipiter cooperii,Accipiter striatus,Accipiter chilensis,Accipiter gentilis,Buteo platypterus,Cooper's Hawk,0.979310929775238,"[{""species"": ""Accipiter cooperii"", ""common_name"": ""Cooper's Hawk"", ""score"": 0.979310929775238}, {""species"": ""Accipiter striatus"", ""common_name"": ""Sharp-shinned hawk"", ""score"": 0.0032382046338170767}, {""species"": ""Accipiter chilensis"", ""common_name"": ""Chilean hawk"", ""score"": 0.0022251757327467203}, {""species"": ""Accipiter gentilis"", ""common_name"": ""Northern Goshawk"", ""score"": 0.0017934164498001337}, {""species"": ""Buteo platypterus"", ""common_name"": ""Broad-winged hawk"", ""score"": 0.0010980262886732817}]"
obs_340542613_photo_619737737_box3.jpg,/gpfs_common/share03/ftrscape/snair3/wew_notebooks/outputs_crop/obs_340542613_photo_619737737_box3.jpg,3,Accipiter cooperii,Accipiter striatus,Accipiter chilensis,Accipiter gentilis,Buteo platypterus,Cooper's Hawk,0.9816153645515442,"[{""species"": ""Accipiter cooperii"", ""common_name"": ""Cooper's Hawk"", ""score"": 0.9816153645515442}, {""species"": ""Accipiter striatus"", ""common_name"": ""Sharp-shinned hawk"", ""score"": 0.003998925909399986}, {""species"": ""Accipiter chilensis"", ""common_name"": ""Chilean hawk"", ""score"": 0.0016286078607663512}, {""species"": ""Accipiter gentilis"", ""common_name"": ""Northern Goshawk"", ""score"": 0.0016067995456978679}, {""species"": ""Buteo platypterus"", ""common_name"": ""Broad-winged hawk"", ""score"": 0.0009480253211222589}]"
obs_340542613_photo_619737737_box4.jpg,/gpfs_common/share03/ftrscape/snair3/wew_notebooks/outputs_crop/obs_340542613_photo_619737737_box4.jpg,4,Accipiter cooperii,Accipiter striatus,Accipiter gentilis,Accipiter chilensis,Buteo platypterus,Cooper's Hawk,0.9804537296295166,"[{""species"": ""Accipiter cooperii"", ""common_name"": ""Cooper's Hawk"", ""score"": 0.9804537296295166}, {""species"": ""Accipiter striatus"", ""common_name"": ""Sharp-shinned hawk"", ""score"": 0.0033244146034121513}, {""species"": ""Accipiter gentilis"", ""common_name"": ""Northern Goshawk"", ""score"": 0.0022994016762822866}, {""species"": ""Accipiter chilensis"", ""common_name"": ""Chilean hawk"", ""score"": 0.001696947729215026}, {""species"": ""Buteo platypterus"", ""common_name"": ""Broad-winged hawk"", ""score"": 0.0010775845730677247}]"
obs_340825934_photo_620308797_box1.jpg,/gpfs_common/share03/ftrscape/snair3/wew_notebooks/outputs_crop/obs_340825934_photo_620308797_box1.jpg,1,Guira guira,Opisthocomus hoazin,Lophoceros pallidirostris,Tockus rufirostris,Fregilupus varius,Guira cuckoo,0.9705047011375427,"[{""species"": ""Guira guira"", ""common_name"": ""Guira cuckoo"", ""score"": 0.9705047011375427}, {""species"": ""Opisthocomus hoazin"", ""common_name"": ""Hoatzin"", ""score"": 0.0012455092510208488}, {""species"": ""Lophoceros pallidirostris"", ""common_name"": ""Pale-billed hornbill"", ""score"": 0.0012293467298150063}, {""species"": ""Tockus rufirostris"", ""common_name"": ""Southern Red-billed Hornbill"", ""score"": 0.0011187609052285552}, {""species"": ""Fregilupus varius"", ""common_name"": ""Hoopoe starling"", ""score"": 0.0009109143284149468}]"
obs_340825934_photo_620308797_box2.jpg,/gpfs_common/share03/ftrscape/snair3/wew_notebooks/outputs_crop/obs_340825934_photo_620308797_box2.jpg,2,Guira guira,Opisthocomus hoazin,Coryphistera alaudina,Fregilupus varius,Taraba major,Guira cuckoo,0.9833452701568604,"[{""species"": ""Guira guira"", ""common_name"": ""Guira cuckoo"", ""score"": 0.9833452701568604}, {""species"": ""Opisthocomus hoazin"", ""common_name"": ""Hoatzin"", ""score"": 0.000760162016376853}, {""species"": ""Coryphistera alaudina"", ""common_name"": ""Lark-like Brushrunner"", ""score"": 0.000682669342495501}, {""species"": ""Fregilupus varius"", ""common_name"": ""Hoopoe starling"", ""score"": 0.0006529500242322683}, {""species"": ""Taraba major"", ""common_name"": ""Great Antshrike"", ""score"": 0.0004561213427223265}]"
obs_340825934_photo_620308797_box3.jpg,/gpfs_common/share03/ftrscape/snair3/wew_notebooks/outputs_crop/obs_340825934_photo_620308797_box3.jpg,3,Guira guira,Coryphistera alaudina,Clamator levaillantii,Fregilupus varius,Tapera naevia,Guira cuckoo,0.9849468469619751,"[{""species"": ""Guira guira"", ""common_name"": ""Guira cuckoo"", ""score"": 0.9849468469619751}, {""species"": ""Coryphistera alaudina"", ""common_name"": ""Lark-like Brushrunner"", ""score"": 0.0009444380411878228}, {""species"": ""Clamator levaillantii"", ""common_name"": ""Levaillant's Cuckoo"", ""score"": 0.0008944557630456984}, {""species"": ""Fregilupus varius"", ""common_name"": ""Hoopoe starling"", ""score"": 0.000740421877708286}, {""species"": ""Tapera naevia"", ""common_name"": ""Striped cuckoo"", ""score"": 0.0007121980306692421}]"
obs_340848497_photo_620354560_box1.jpg,/gpfs_common/share03/ftrscape/snair3/wew_notebooks/outputs_crop/obs_340848497_photo_620354560_box1.jpg,1,Paratendipes albimanus,Helopeltis bergrothi,Issikiomartyria nudata,Paratendipes fuscitibia,Helopeltis cinchonae,,0.013021884486079216,"[{""species"": ""Paratendipes albimanus"", ""common_name"": """", ""score"": 0.013021884486079216}, {""species"": ""Helopeltis bergrothi"", ""common_name"": """", ""score"": 0.009306889958679676}, {""species"": ""Issikiomartyria nudata"", ""common_name"": """", ""score"": 0.00791995506733656}, {""species"": ""Paratendipes fuscitibia"", ""common_name"": """", ""score"": 0.007832106202840805}, {""species"": ""Helopeltis cinchonae"", ""common_name"": """", ""score"": 0.007695224601775408}]"
obs_340848497_photo_620354560_box2.jpg,/gpfs_common/share03/ftrscape/snair3/wew_notebooks/outputs_crop/obs_340848497_photo_620354560_box2.jpg,2,Allocyclosa bifurca,Acanthepeira marion,Celaenia atkinsoni,Acanthepeira stellata,Micrathena horrida,Orb weavers,0.3309595584869385,"[{""species"": ""Allocyclosa bifurca"", ""common_name"": ""Orb weavers"", ""score"": 0.3309595584869385}, {""species"": ""Acanthepeira marion"", ""common_name"": """", ""score"": 0.04259811341762543}, {""species"": ""Celaenia atkinsoni"", ""common_name"": """", ""score"": 0.029808469116687775}, {""species"": ""Acanthepeira stellata"", ""common_name"": ""Starbellied orbweaver"", ""score"": 0.025557490065693855}, {""species"": ""Micrathena horrida"", ""common_name"": ""Orb weavers"", ""score"": 0.023770641535520554}]"
obs_340848497_photo_620354560_box3.jpg,/gpfs_common/share03/ftrscape/snair3/wew_notebooks/outputs_crop/obs_340848497_photo_620354560_box3.jpg,3,Aceria genistae,Contarinia partheniicola,Rhopalomyia giraldii,Rhopalomyia mammilla,Neoerysiphe chelones,,0.05261512100696564,"[{""species"": ""Aceria genistae"", ""common_name"": """", ""score"": 0.05261512100696564}, {""species"": ""Contarinia partheniicola"", ""common_name"": """", ""score"": 0.03186621516942978}, {""species"": ""Rhopalomyia giraldii"", ""common_name"": """", ""score"": 0.03013167716562748}, {""species"": ""Rhopalomyia mammilla"", ""common_name"": """", ""score"": 0.02747269906103611}, {""species"": ""Neoerysiphe chelones"", ""common_name"": """", ""score"": 0.02615470066666603}]"
obs_340848497_photo_620354560_box4.jpg,/gpfs_common/share03/ftrscape/snair3/wew_notebooks/outputs_crop/obs_340848497_photo_620354560_box4.jpg,4,Microbotryum lychnidis-dioicae,Metarhizium pemphigi,Microbotryum flosculorum,Aceria gersoni,Corethrella brakeleyi,Campion anther smut,0.029914896935224533,"[{""species"": ""Microbotryum lychnidis-dioicae"", ""common_name"": ""Campion anther smut"", ""score"": 0.029914896935224533}, {""species"": ""Metarhizium pemphigi"", ""common_name"": """", ""score"": 0.02129959873855114}, {""species"": ""Microbotryum flosculorum"", ""common_name"": """", ""score"": 0.01875114068388939}, {""species"": ""Aceria gersoni"", ""common_name"": """", ""score"": 0.016318392008543015}, {""species"": ""Corethrella brakeleyi"", ""common_name"": """", ""score"": 0.01402532309293747}]"
obs_340848497_photo_620354560_box5.jpg,/gpfs_common/share03/ftrscape/snair3/wew_notebooks/outputs_crop/obs_340848497_photo_620354560_box5.jpg,5,Eryngium carlinae,Phyllomorpha laciniata,Leontopodium jacotianum,Leontopodium nivale,Tephritis pura,,0.04222572222352028,"[{""species"": ""Eryngium carlinae"", ""common_name"": """", ""score"": 0.04222572222352028}, {""species"": ""Phyllomorpha laciniata"", ""common_name"": ""Golden egg bug"", ""score"": 0.03461594507098198}, {""species"": ""Leontopodium jacotianum"", ""common_name"": """", ""score"": 0.025775466114282608}, {""species"": ""Leontopodium nivale"", ""common_name"": ""Edelweiss"", ""score"": 0.022619741037487984}, {""species"": ""Tephritis pura"", ""common_name"": """", ""score"": 0.019536960870027542}]"
obs_340848514_photo_620354575_box1.jpg,/gpfs_common/share03/ftrscape/snair3/wew_notebooks/outputs_crop/obs_340848514_photo_620354575_box1.jpg,1,Neoconis marginata,Anotia burnetii,Cryptoscenea australiensis,Feuerborniella obscura,Saccharodite coccinea,,0.15035933256149292,"[{""species"": ""Neoconis marginata"", ""common_name"": """", ""score"": 0.15035933256149292}, {""species"": ""Anotia burnetii"", ""common_name"": """", ""score"": 0.07644237577915192}, {""species"": ""Cryptoscenea australiensis"", ""common_name"": """", ""score"": 0.07159270346164703}, {""species"": ""Feuerborniella obscura"", ""common_name"": """", ""score"": 0.03079492412507534}, {""species"": ""Saccharodite coccinea"", ""common_name"": """", ""score"": 0.02632342092692852}]"
obs_340848514_photo_620354575_box2.jpg,/gpfs_common/share03/ftrscape/snair3/wew_notebooks/outputs_crop/obs_340848514_photo_620354575_box2.jpg,2,Neoconis marginata,Paraleyrodes minei,Saccharodite coccinea,Aleurodicus dugesii,Paraleyrodes perseae,,0.11752772331237793,"[{""species"": ""Neoconis marginata"", ""common_name"": """", ""score"": 0.11752772331237793}, {""species"": ""Paraleyrodes minei"", ""common_name"": ""Nesting whitefly"", ""score"": 0.07780861109495163}, {""species"": ""Saccharodite coccinea"", ""common_name"": """", ""score"": 0.04379076510667801}, {""species"": ""Aleurodicus dugesii"", ""common_name"": ""Giant whitefly"", ""score"": 0.035391755402088165}, {""species"": ""Paraleyrodes perseae"", ""common_name"": ""Whitefly"", ""score"": 0.02655092068016529}]"
obs_340848514_photo_620354575_box3.jpg,/gpfs_common/share03/ftrscape/snair3/wew_notebooks/outputs_crop/obs_340848514_photo_620354575_box3.jpg,3,Marmara opuntiella,Shivaphis celti,Graminorthezia tillandsiae,Eulachnus rileyi,Gyalideopsis buckii,,0.05121895298361778,"[{""species"": ""Marmara opuntiella"", ""common_name"": """", ""score"": 0.05121895298361778}, {""species"": ""Shivaphis celti"", ""common_name"": ""Asian wooly hackberry aphid"", ""score"": 0.01636706292629242}, {""species"": ""Graminorthezia tillandsiae"", ""common_name"": ""Spanish moss orthezia"", ""score"": 0.014912731014192104}, {""species"": ""Eulachnus rileyi"", ""common_name"": ""Active gray pine needle aphid"", ""score"": 0.01210658811032772}, {""species"": ""Gyalideopsis buckii"", ""common_name"": """", ""score"": 0.010751813650131226}]"
obs_340848514_photo_620354575_box4.jpg,/gpfs_common/share03/ftrscape/snair3/wew_notebooks/outputs_crop/obs_340848514_photo_620354575_box4.jpg,4,Neoconis marginata,Cryptoscenea australiensis,Conwentzia californica,Anotia burnetii,Paraleyrodes perseae,,0.21606217324733734,"[{""species"": ""Neoconis marginata"", ""common_name"": """", ""score"": 0.21606217324733734}, {""species"": ""Cryptoscenea australiensis"", ""common_name"": """", ""score"": 0.08280768245458603}, {""species"": ""Conwentzia californica"", ""common_name"": """", ""score"": 0.02547319605946541}, {""species"": ""Anotia burnetii"", ""common_name"": """", ""score"": 0.025412246584892273}, {""species"": ""Paraleyrodes perseae"", ""common_name"": ""Whitefly"", ""score"": 0.022566622123122215}]"
obs_340848514_photo_620354575_box5.jpg,/gpfs_common/share03/ftrscape/snair3/wew_notebooks/outputs_crop/obs_340848514_photo_620354575_box5.jpg,5,Neoconis marginata,Anotia burnetii,Saccharodite coccinea,Saccharodite securifera,Saccharodite obtusa,,0.2411632239818573,"[{""species"": ""Neoconis marginata"", ""common_name"": """", ""score"": 0.2411632239818573}, {""species"": ""Anotia burnetii"", ""common_name"": """", ""score"": 0.0790649875998497}, {""species"": ""Saccharodite coccinea"", ""common_name"": """", ""score"": 0.06445321440696716}, {""species"": ""Saccharodite securifera"", ""common_name"": """", ""score"": 0.028891315683722496}, {""species"": ""Saccharodite obtusa"", ""common_name"": """", ""score"": 0.02095748856663704}]"
obs_340848746_photo_620355031_box1.jpg,/gpfs_common/share03/ftrscape/snair3/wew_notebooks/outputs_crop/obs_340848746_photo_620355031_box1.jpg,1,Pseudozaphanera splendida,Tetraleurodes perileuca,Aleuroplatus gelatinosus,Aleuroparadoxus arctostaphyli,Pseudozaphanera wariensis,,0.13242539763450623,"[{""species"": ""Pseudozaphanera splendida"", ""common_name"": """", ""score"": 0.13242539763450623}, {""species"": ""Tetraleurodes perileuca"", ""common_name"": """", ""score"": 0.11628246307373047}, {""species"": ""Aleuroplatus gelatinosus"", ""common_name"": """", ""score"": 0.08810671418905258}, {""species"": ""Aleuroparadoxus arctostaphyli"", ""common_name"": """", ""score"": 0.037231095135211945}, {""species"": ""Pseudozaphanera wariensis"", ""common_name"": """", ""score"": 0.03211260214447975}]"
obs_340848746_photo_620355031_box2.jpg,/gpfs_common/share03/ftrscape/snair3/wew_notebooks/outputs_crop/obs_340848746_photo_620355031_box2.jpg,2,Purpureocillium atypicola,Ornithodoros hermsi,Hapalotremus major,Acanthoscurria maga,Anoploscelus celeripes,,0.10050863772630692,"[{""species"": ""Purpureocillium atypicola"", ""common_name"": """", ""score"": 0.10050863772630692}, {""species"": ""Ornithodoros hermsi"", ""common_name"": """", ""score"": 0.02432313747704029}, {""species"": ""Hapalotremus major"", ""common_name"": """", ""score"": 0.021586954593658447}, {""species"": ""Acanthoscurria maga"", ""common_name"": """", ""score"": 0.021003559231758118}, {""species"": ""Anoploscelus celeripes"", ""common_name"": """", ""score"": 0.017767243087291718}]"
obs_340848746_photo_620355031_box3.jpg,/gpfs_common/share03/ftrscape/snair3/wew_notebooks/outputs_crop/obs_340848746_photo_620355031_box3.jpg,3,Tetraleurodes perileuca,Aleuroplatus gelatinosus,Aleuroparadoxus arctostaphyli,Trialeurodes drewsi,Euthoracaphis umbellulariae,,0.25506365299224854,"[{""species"": ""Tetraleurodes perileuca"", ""common_name"": """", ""score"": 0.25506365299224854}, {""species"": ""Aleuroplatus gelatinosus"", ""common_name"": """", ""score"": 0.22833949327468872}, {""species"": ""Aleuroparadoxus arctostaphyli"", ""common_name"": """", ""score"": 0.03913557529449463}, {""species"": ""Trialeurodes drewsi"", ""common_name"": """", ""score"": 0.03493720665574074}, {""species"": ""Euthoracaphis umbellulariae"", ""common_name"": ""Aphid"", ""score"": 0.024070845916867256}]"
obs_340848746_photo_620355031_box4.jpg,/gpfs_common/share03/ftrscape/snair3/wew_notebooks/outputs_crop/obs_340848746_photo_620355031_box4.jpg,4,Aleuroplatus gelatinosus,Tetraleurodes perileuca,Aleuroparadoxus arctostaphyli,Trialeurodes drewsi,Pseudozaphanera splendida,,0.2753167450428009,"[{""species"": ""Aleuroplatus gelatinosus"", ""common_name"": """", ""score"": 0.2753167450428009}, {""species"": ""Tetraleurodes perileuca"", ""common_name"": """", ""score"": 0.1280771642923355}, {""species"": ""Aleuroparadoxus arctostaphyli"", ""common_name"": """", ""score"": 0.055066391825675964}, {""species"": ""Trialeurodes drewsi"", ""common_name"": """", ""score"": 0.03017297200858593}, {""species"": ""Pseudozaphanera splendida"", ""common_name"": """", ""score"": 0.026005368679761887}]"
obs_341060278_photo_547585371_box1.jpg,/gpfs_common/share03/ftrscape/snair3/wew_notebooks/outputs_crop/obs_341060278_photo_547585371_box1.jpg,1,Epilobium latifolium L.,Chamaenerion speciosum,Chamaenerion latifolium,Chamaenerion angustifolium,Epilobium angustifolium L.,,0.5441176295280457,"[{""species"": ""Epilobium latifolium L."", ""common_name"": """", ""score"": 0.5441176295280457}, {""species"": ""Chamaenerion speciosum"", ""common_name"": """", ""score"": 0.15867862105369568}, {""species"": ""Chamaenerion latifolium"", ""common_name"": ""river beauty"", ""score"": 0.07244689017534256}, {""species"": ""Chamaenerion angustifolium"", ""common_name"": ""Rosebay Willowherb"", ""score"": 0.044757358729839325}, {""species"": ""Epilobium angustifolium L."", ""common_name"": """", ""score"": 0.027282502502202988}]"
obs_341060278_photo_547585371_box2.jpg,/gpfs_common/share03/ftrscape/snair3/wew_notebooks/outputs_crop/obs_341060278_photo_547585371_box2.jpg,2,Chamaenerion angustifolium,Epilobium latifolium L.,Epilobium angustifolium L.,Chamaenerion speciosum,Chamaenerion latifolium,Rosebay Willowherb,0.3430619537830353,"[{""species"": ""Chamaenerion angustifolium"", ""common_name"": ""Rosebay Willowherb"", ""score"": 0.3430619537830353}, {""species"": ""Epilobium latifolium L."", ""common_name"": """", ""score"": 0.18050116300582886}, {""species"": ""Epilobium angustifolium L."", ""common_name"": """", ""score"": 0.12615826725959778}, {""species"": ""Chamaenerion speciosum"", ""common_name"": """", ""score"": 0.08949851989746094}, {""species"": ""Chamaenerion latifolium"", ""common_name"": ""river beauty"", ""score"": 0.06883325427770615}]"
obs_341060278_photo_547585371_box3.jpg,/gpfs_common/share03/ftrscape/snair3/wew_notebooks/outputs_crop/obs_341060278_photo_547585371_box3.jpg,3,Chamaenerion angustifolium,Epilobium latifolium L.,Lygus borealis,Chamaenerion speciosum,Epilobium angustifolium L.,Rosebay Willowherb,0.142817884683609,"[{""species"": ""Chamaenerion angustifolium"", ""common_name"": ""Rosebay Willowherb"", ""score"": 0.142817884683609}, {""species"": ""Epilobium latifolium L."", ""common_name"": """", ""score"": 0.05291629955172539}, {""species"": ""Lygus borealis"", ""common_name"": """", ""score"": 0.030450399965047836}, {""species"": ""Chamaenerion speciosum"", ""common_name"": """", ""score"": 0.029680408537387848}, {""species"": ""Epilobium angustifolium L."", ""common_name"": """", ""score"": 0.01548316515982151}]"
obs_341060278_photo_547585371_box4.jpg,/gpfs_common/share03/ftrscape/snair3/wew_notebooks/outputs_crop/obs_341060278_photo_547585371_box4.jpg,4,Epilobium latifolium L.,Epilobium angustifolium L.,Chamaenerion angustifolium,Chamaenerion speciosum,Chamaenerion latifolium,,0.5115005970001221,"[{""species"": ""Epilobium latifolium L."", ""common_name"": """", ""score"": 0.5115005970001221}, {""species"": ""Epilobium angustifolium L."", ""common_name"": """", ""score"": 0.20414036512374878}, {""species"": ""Chamaenerion angustifolium"", ""common_name"": ""Rosebay Willowherb"", ""score"": 0.10178571194410324}, {""species"": ""Chamaenerion speciosum"", ""common_name"": """", ""score"": 0.061404984444379807}, {""species"": ""Chamaenerion latifolium"", ""common_name"": ""river beauty"", ""score"": 0.025015700608491898}]"
obs_341060278_photo_547585371_box5.jpg,/gpfs_common/share03/ftrscape/snair3/wew_notebooks/outputs_crop/obs_341060278_photo_547585371_box5.jpg,5,Epilobium latifolium L.,Chamaenerion latifolium,Chamaenerion speciosum,Epilobium angustifolium L.,Chamaenerion angustifolium,,0.7416152954101562,"[{""species"": ""Epilobium latifolium L."", ""common_name"": """", ""score"": 0.7416152954101562}, {""species"": ""Chamaenerion latifolium"", ""common_name"": ""river beauty"", ""score"": 0.07572898268699646}, {""species"": ""Chamaenerion speciosum"", ""common_name"": """", ""score"": 0.05604349449276924}, {""species"": ""Epilobium angustifolium L."", ""common_name"": """", ""score"": 0.046833235770463943}, {""species"": ""Chamaenerion angustifolium"", ""common_name"": ""Rosebay Willowherb"", ""score"": 0.0180890504270792}]"
obs_341067936_photo_620805844_box1.jpg,/gpfs_common/share03/ftrscape/snair3/wew_notebooks/outputs_crop/obs_341067936_photo_620805844_box1.jpg,1,Apis mellifera,Andrena balsamorhizae,Hesperapis cockerelli,Varroa destructor,Andrena binominata,Honey bee,0.24545611441135406,"[{""species"": ""Apis mellifera"", ""common_name"": ""Honey bee"", ""score"": 0.24545611441135406}, {""species"": ""Andrena balsamorhizae"", ""common_name"": """", ""score"": 0.01968993991613388}, {""species"": ""Hesperapis cockerelli"", ""common_name"": """", ""score"": 0.01497234869748354}, {""species"": ""Varroa destructor"", ""common_name"": ""Honey bee mite"", ""score"": 0.013364417478442192}, {""species"": ""Andrena binominata"", ""common_name"": """", ""score"": 0.010275349952280521}]"
obs_341067936_photo_620805844_box2.jpg,/gpfs_common/share03/ftrscape/snair3/wew_notebooks/outputs_crop/obs_341067936_photo_620805844_box2.jpg,2,Apis mellifera,Clematis pauciflora,Clematis drummondii,Hesperapis cockerelli,Lasioglossum actinosum,Honey bee,0.34053558111190796,"[{""species"": ""Apis mellifera"", ""common_name"": ""Honey bee"", ""score"": 0.34053558111190796}, {""species"": ""Clematis pauciflora"", ""common_name"": """", ""score"": 0.024664554744958878}, {""species"": ""Clematis drummondii"", ""common_name"": ""Texas virgin's bower"", ""score"": 0.015899017453193665}, {""species"": ""Hesperapis cockerelli"", ""common_name"": """", ""score"": 0.01319634448736906}, {""species"": ""Lasioglossum actinosum"", ""common_name"": """", ""score"": 0.009883378632366657}]"
obs_341067936_photo_620805844_box3.jpg,/gpfs_common/share03/ftrscape/snair3/wew_notebooks/outputs_crop/obs_341067936_photo_620805844_box3.jpg,3,Apis mellifera,Clematis pauciflora,Clematis lasiantha,Crossosoma californicum,Clematis montevidensis,Honey bee,0.20896649360656738,"[{""species"": ""Apis mellifera"", ""common_name"": ""Honey bee"", ""score"": 0.20896649360656738}, {""species"": ""Clematis pauciflora"", ""common_name"": """", ""score"": 0.14398688077926636}, {""species"": ""Clematis lasiantha"", ""common_name"": """", ""score"": 0.03956102207303047}, {""species"": ""Crossosoma californicum"", ""common_name"": """", ""score"": 0.02202524244785309}, {""species"": ""Clematis montevidensis"", ""common_name"": """", ""score"": 0.01945011503994465}]"
obs_341067936_photo_620805844_box4.jpg,/gpfs_common/share03/ftrscape/snair3/wew_notebooks/outputs_crop/obs_341067936_photo_620805844_box4.jpg,4,Eucnide bartonioides,Astridia citrina,Epiphyllum phyllanthus,Capparicordis tweedieana,Kleinia kleinioides,,0.08447924256324768,"[{""species"": ""Eucnide bartonioides"", ""common_name"": """", ""score"": 0.08447924256324768}, {""species"": ""Astridia citrina"", ""common_name"": """", ""score"": 0.01972888596355915}, {""species"": ""Epiphyllum phyllanthus"", ""common_name"": ""Climbing cactus"", ""score"": 0.014727519825100899}, {""species"": ""Capparicordis tweedieana"", ""common_name"": """", ""score"": 0.013857832178473473}, {""species"": ""Kleinia kleinioides"", ""common_name"": """", ""score"": 0.012860183604061604}]"
obs_341067936_photo_620805844_box5.jpg,/gpfs_common/share03/ftrscape/snair3/wew_notebooks/outputs_crop/obs_341067936_photo_620805844_box5.jpg,5,Apis mellifera,Anemone berlandieri,Hesperapis cockerelli,Clematis drummondii,Calliopsis gilva,Honey bee,0.24325856566429138,"[{""species"": ""Apis mellifera"", ""common_name"": ""Honey bee"", ""score"": 0.24325856566429138}, {""species"": ""Anemone berlandieri"", ""common_name"": ""Ten-petal anemone"", ""score"": 0.016031794250011444}, {""species"": ""Hesperapis cockerelli"", ""common_name"": """", ""score"": 0.01340150460600853}, {""species"": ""Clematis drummondii"", ""common_name"": ""Texas virgin's bower"", ""score"": 0.010971671901643276}, {""species"": ""Calliopsis gilva"", ""common_name"": """", ""score"": 0.009604845196008682}]"
obs_341194952_photo_621071156_box1.jpg,/gpfs_common/share03/ftrscape/snair3/wew_notebooks/outputs_crop/obs_341194952_photo_621071156_box1.jpg,1,Ardea alba,Ardea modesta,Egretta intermedia,Egretta thula,Bubulcus ibis,Great Egret,0.6401280164718628,"[{""species"": ""Ardea alba"", ""common_name"": ""Great Egret"", ""score"": 0.6401280164718628}, {""species"": ""Ardea modesta"", ""common_name"": ""Great Egret"", ""score"": 0.35371455550193787}, {""species"": ""Egretta intermedia"", ""common_name"": ""Plumed Egret"", ""score"": 0.0007629382307641208}, {""species"": ""Egretta thula"", ""common_name"": ""Snowy Egret"", ""score"": 0.0006411901558749378}, {""species"": ""Bubulcus ibis"", ""common_name"": ""Western Cattle Egret"", ""score"": 0.00011093229113612324}]"
obs_341194952_photo_621071156_box2.jpg,/gpfs_common/share03/ftrscape/snair3/wew_notebooks/outputs_crop/obs_341194952_photo_621071156_box2.jpg,2,Ardea alba,Ardea modesta,Egretta thula,Egretta intermedia,Bubulcus ibis,Great Egret,0.7151784300804138,"[{""species"": ""Ardea alba"", ""common_name"": ""Great Egret"", ""score"": 0.7151784300804138}, {""species"": ""Ardea modesta"", ""common_name"": ""Great Egret"", ""score"": 0.2776086628437042}, {""species"": ""Egretta thula"", ""common_name"": ""Snowy Egret"", ""score"": 0.0012049051001667976}, {""species"": ""Egretta intermedia"", ""common_name"": ""Plumed Egret"", ""score"": 0.0004370090609882027}, {""species"": ""Bubulcus ibis"", ""common_name"": ""Western Cattle Egret"", ""score"": 0.00013192811456974596}]"
obs_341194952_photo_621071156_box3.jpg,/gpfs_common/share03/ftrscape/snair3/wew_notebooks/outputs_crop/obs_341194952_photo_621071156_box3.jpg,3,Xerospermophilus tereticaudus,Aspidoscelis inornatus,Aspidoscelis neomexicanus,Aspidoscelis neotesselatus,Aspidoscelis uniparens,Round-tailed ground squirrel,0.05527505651116371,"[{""species"": ""Xerospermophilus tereticaudus"", ""common_name"": ""Round-tailed ground squirrel"", ""score"": 0.05527505651116371}, {""species"": ""Aspidoscelis inornatus"", ""common_name"": ""Little striped whiptail"", ""score"": 0.0278131365776062}, {""species"": ""Aspidoscelis neomexicanus"", ""common_name"": ""New mexico whiptail"", ""score"": 0.024338390678167343}, {""species"": ""Aspidoscelis neotesselatus"", ""common_name"": ""Colorado checkered whiptail"", ""score"": 0.020867185667157173}, {""species"": ""Aspidoscelis uniparens"", ""common_name"": ""Desert grassland whiptail"", ""score"": 0.017713533714413643}]"
obs_64497720_photo_103704678_box1.jpg,/gpfs_common/share03/ftrscape/snair3/wew_notebooks/outputs_crop/obs_64497720_photo_103704678_box1.jpg,1,Bucephala albeola,Platichthys stellatus,Dorosoma cepedianum,Lepomis cyanellus,Ameiurus nebulosus,Bufflehead,0.34928640723228455,"[{""species"": ""Bucephala albeola"", ""common_name"": ""Bufflehead"", ""score"": 0.34928640723228455}, {""species"": ""Platichthys stellatus"", ""common_name"": ""Starry flounder"", ""score"": 0.03325711563229561}, {""species"": ""Dorosoma cepedianum"", ""common_name"": ""Gizzard shad"", ""score"": 0.030128853395581245}, {""species"": ""Lepomis cyanellus"", ""common_name"": ""Green sunfish"", ""score"": 0.0190842617303133}, {""species"": ""Ameiurus nebulosus"", ""common_name"": ""Brown bullhead"", ""score"": 0.01874185912311077}]"
