image,masked_crop_path,top1_species,top2_species,top3_species,top4_species,top5_species,top1_common_name,top1_score,topk_predictions_json
/share/ftrscape/image_dataset/obs_102691691_photo_171703626.jpg,/gpfs_common/share03/ftrscape/snair3/wew_notebooks/outputs_sam/masked_crops/obs_102691691_photo_171703626_5__crop.png,Egregia menziesii,Analipus japonicus,Hedophyllum sessile,Discurria insessa,Alaria marginata,,0.9017571210861206,"[{""species"": ""Egregia menziesii"", ""common_name"": """", ""score"": 0.9017571210861206}, {""species"": ""Analipus japonicus"", ""common_name"": """", ""score"": 0.009069654159247875}, {""species"": ""Hedophyllum sessile"", ""common_name"": """", ""score"": 0.007254830561578274}, {""species"": ""Discurria insessa"", ""common_name"": """", ""score"": 0.004901454318314791}, {""species"": ""Alaria marginata"", ""common_name"": """", ""score"": 0.00480591831728816}]"
/share/ftrscape/image_dataset/obs_102691691_photo_171703626.jpg,/gpfs_common/share03/ftrscape/snair3/wew_notebooks/outputs_sam/masked_crops/obs_102691691_photo_171703626_6__crop.png,Egregia menziesii,Marginariella urvilliana,Marginariella boryana,Alaria marginata,Alaria praelonga,,0.8466458916664124,"[{""species"": ""Egregia menziesii"", ""common_name"": """", ""score"": 0.8466458916664124}, {""species"": ""Marginariella urvilliana"", ""common_name"": """", ""score"": 0.028512777760624886}, {""species"": ""Marginariella boryana"", ""common_name"": """", ""score"": 0.025941576808691025}, {""species"": ""Alaria marginata"", ""common_name"": """", ""score"": 0.018578123301267624}, {""species"": ""Alaria praelonga"", ""common_name"": """", ""score"": 0.006942772772163153}]"
/share/ftrscape/image_dataset/obs_102691691_photo_171703626.jpg,/gpfs_common/share03/ftrscape/snair3/wew_notebooks/outputs_sam/masked_crops/obs_102691691_photo_171703626_7__crop.png,Egregia menziesii,Alaria marginata,Alaria nana,Alaria praelonga,Alaria crispa,,0.797723114490509,"[{""species"": ""Egregia menziesii"", ""common_name"": """", ""score"": 0.797723114490509}, {""species"": ""Alaria marginata"", ""common_name"": """", ""score"": 0.10373392701148987}, {""species"": ""Alaria nana"", ""common_name"": """", ""score"": 0.015583649277687073}, {""species"": ""Alaria praelonga"", ""common_name"": """", ""score"": 0.011940835043787956}, {""species"": ""Alaria crispa"", ""common_name"": """", ""score"": 0.009832610376179218}]"
/share/ftrscape/image_dataset/obs_10317797_photo_14298032.jpg,/gpfs_common/share03/ftrscape/snair3/wew_notebooks/outputs_sam/masked_crops/obs_10317797_photo_14298032_0__crop.png,Larus glaucescens,Larus occidentalis,Larus californicus,Larus smithsonianus,Evasterias troschelii,Glaucous-winged gull,0.860454797744751,"[{""species"": ""Larus glaucescens"", ""common_name"": ""Glaucous-winged gull"", ""score"": 0.860454797744751}, {""species"": ""Larus occidentalis"", ""common_name"": ""Western gull"", ""score"": 0.07616721093654633}, {""species"": ""Larus californicus"", ""common_name"": ""California Gull"", ""score"": 0.027567630633711815}, {""species"": ""Larus smithsonianus"", ""common_name"": ""American Herring Gull"", ""score"": 0.004651940427720547}, {""species"": ""Evasterias troschelii"", ""common_name"": """", ""score"": 0.003308549290522933}]"
/share/ftrscape/image_dataset/obs_130480768_photo_70327211.jpg,/gpfs_common/share03/ftrscape/snair3/wew_notebooks/outputs_sam/masked_crops/obs_130480768_photo_70327211_8__crop.png,Dina lineata,Anisorhynchodemus luteicollis,Erpobdella nigricollis,Asiaticobdella fenestrata,Myzobdella lugubris,,0.14621601998806,"[{""species"": ""Dina lineata"", ""common_name"": """", ""score"": 0.14621601998806}, {""species"": ""Anisorhynchodemus luteicollis"", ""common_name"": """", ""score"": 0.05061424896121025}, {""species"": ""Erpobdella nigricollis"", ""common_name"": """", ""score"": 0.045607004314661026}, {""species"": ""Asiaticobdella fenestrata"", ""common_name"": """", ""score"": 0.0392533503472805}, {""species"": ""Myzobdella lugubris"", ""common_name"": ""Leech"", ""score"": 0.039055000990629196}]"
/share/ftrscape/image_dataset/obs_130480768_photo_70327211.jpg,/gpfs_common/share03/ftrscape/snair3/wew_notebooks/outputs_sam/masked_crops/obs_130480768_photo_70327211_9__crop.png,Erpobdella nigricollis,Erpobdella testacea,Gordius robustus,Erpobdella punctata,Erpobdella melanostoma,,0.13443301618099213,"[{""species"": ""Erpobdella nigricollis"", ""common_name"": """", ""score"": 0.13443301618099213}, {""species"": ""Erpobdella testacea"", ""common_name"": """", ""score"": 0.11337508261203766}, {""species"": ""Gordius robustus"", ""common_name"": """", ""score"": 0.10443007946014404}, {""species"": ""Erpobdella punctata"", ""common_name"": """", ""score"": 0.056981611996889114}, {""species"": ""Erpobdella melanostoma"", ""common_name"": """", ""score"": 0.055979762226343155}]"
/share/ftrscape/image_dataset/obs_188731534_photo_330410184.jpg,/gpfs_common/share03/ftrscape/snair3/wew_notebooks/outputs_sam/masked_crops/obs_188731534_photo_330410184_10__crop.png,Toumeyella mirabilis,Toumeyella quadrifasciata,Toumeyella erythrinae,Toumeyella obunca,Papuexul bidwilli,,0.18600748479366302,"[{""species"": ""Toumeyella mirabilis"", ""common_name"": """", ""score"": 0.18600748479366302}, {""species"": ""Toumeyella quadrifasciata"", ""common_name"": """", ""score"": 0.13878591358661652}, {""species"": ""Toumeyella erythrinae"", ""common_name"": """", ""score"": 0.08549178391695023}, {""species"": ""Toumeyella obunca"", ""common_name"": """", ""score"": 0.0377090685069561}, {""species"": ""Papuexul bidwilli"", ""common_name"": ""Mottled treesnail"", ""score"": 0.022634927183389664}]"
/share/ftrscape/image_dataset/obs_188731534_photo_330410184.jpg,/gpfs_common/share03/ftrscape/snair3/wew_notebooks/outputs_sam/masked_crops/obs_188731534_photo_330410184_11__crop.png,Toumeyella mirabilis,Toumeyella quadrifasciata,Toumeyella erythrinae,Toumeyella obunca,Papuexul bidwilli,,0.1971045732498169,"[{""species"": ""Toumeyella mirabilis"", ""common_name"": """", ""score"": 0.1971045732498169}, {""species"": ""Toumeyella quadrifasciata"", ""common_name"": """", ""score"": 0.15534311532974243}, {""species"": ""Toumeyella erythrinae"", ""common_name"": """", ""score"": 0.09280207753181458}, {""species"": ""Toumeyella obunca"", ""common_name"": """", ""score"": 0.04328954219818115}, {""species"": ""Papuexul bidwilli"", ""common_name"": ""Mottled treesnail"", ""score"": 0.02832939103245735}]"
/share/ftrscape/image_dataset/obs_188731534_photo_330410184.jpg,/gpfs_common/share03/ftrscape/snair3/wew_notebooks/outputs_sam/masked_crops/obs_188731534_photo_330410184_12__crop.png,Lonsdalea quercina,Quercus hawkinsiae,Quercus coccinea,Quercus velutina,Ceratocystis fagacearum,,0.2132788747549057,"[{""species"": ""Lonsdalea quercina"", ""common_name"": """", ""score"": 0.2132788747549057}, {""species"": ""Quercus hawkinsiae"", ""common_name"": """", ""score"": 0.11312475055456161}, {""species"": ""Quercus coccinea"", ""common_name"": ""scarlet oak"", ""score"": 0.093770831823349}, {""species"": ""Quercus velutina"", ""common_name"": ""black Oak"", ""score"": 0.04355328530073166}, {""species"": ""Ceratocystis fagacearum"", ""common_name"": ""Oak wilt fungus"", ""score"": 0.027577904984354973}]"
/share/ftrscape/image_dataset/obs_188731534_photo_330410184.jpg,/gpfs_common/share03/ftrscape/snair3/wew_notebooks/outputs_sam/masked_crops/obs_188731534_photo_330410184_13__crop.png,Lonsdalea quercina,Quercus hawkinsiae,Quercus benderi,Quercus buckleyi,Ceratocystis fagacearum,,0.08180231600999832,"[{""species"": ""Lonsdalea quercina"", ""common_name"": """", ""score"": 0.08180231600999832}, {""species"": ""Quercus hawkinsiae"", ""common_name"": """", ""score"": 0.05615968629717827}, {""species"": ""Quercus benderi"", ""common_name"": """", ""score"": 0.04457331821322441}, {""species"": ""Quercus buckleyi"", ""common_name"": ""Buckley oak"", ""score"": 0.029151495546102524}, {""species"": ""Ceratocystis fagacearum"", ""common_name"": ""Oak wilt fungus"", ""score"": 0.02693215012550354}]"
/share/ftrscape/image_dataset/obs_188731534_photo_330410184.jpg,/gpfs_common/share03/ftrscape/snair3/wew_notebooks/outputs_sam/masked_crops/obs_188731534_photo_330410184_14__crop.png,Apiomorpha strombylosa,Toumeyella erythrinae,Toumeyella mirabilis,Papuexul bidwilli,Toumeyella quadrifasciata,,0.08824389427900314,"[{""species"": ""Apiomorpha strombylosa"", ""common_name"": """", ""score"": 0.08824389427900314}, {""species"": ""Toumeyella erythrinae"", ""common_name"": """", ""score"": 0.04753723368048668}, {""species"": ""Toumeyella mirabilis"", ""common_name"": """", ""score"": 0.04724472761154175}, {""species"": ""Papuexul bidwilli"", ""common_name"": ""Mottled treesnail"", ""score"": 0.03427506983280182}, {""species"": ""Toumeyella quadrifasciata"", ""common_name"": """", ""score"": 0.0341445654630661}]"
/share/ftrscape/image_dataset/obs_194599339_photo_342107100.jpg,/gpfs_common/share03/ftrscape/snair3/wew_notebooks/outputs_sam/masked_crops/obs_194599339_photo_342107100_15__crop.png,Pilula cordemoyi,Otoconcha dimidiata,Daudebardia brevipes,Fastosarion brazieri,Parakontikia ventrolineata,,0.11482993513345718,"[{""species"": ""Pilula cordemoyi"", ""common_name"": """", ""score"": 0.11482993513345718}, {""species"": ""Otoconcha dimidiata"", ""common_name"": """", ""score"": 0.05122286453843117}, {""species"": ""Daudebardia brevipes"", ""common_name"": """", ""score"": 0.0372491180896759}, {""species"": ""Fastosarion brazieri"", ""common_name"": """", ""score"": 0.037080973386764526}, {""species"": ""Parakontikia ventrolineata"", ""common_name"": """", ""score"": 0.020443404093384743}]"
/share/ftrscape/image_dataset/obs_194599339_photo_342107100.jpg,/gpfs_common/share03/ftrscape/snair3/wew_notebooks/outputs_sam/masked_crops/obs_194599339_photo_342107100_16__crop.png,Thalassohelix laingi,Thalassohelix antipoda,Thalassohelix zelandiae,Flammulina perdita,Thalassohelix obnubila,,0.08512764424085617,"[{""species"": ""Thalassohelix laingi"", ""common_name"": """", ""score"": 0.08512764424085617}, {""species"": ""Thalassohelix antipoda"", ""common_name"": """", ""score"": 0.04802997037768364}, {""species"": ""Thalassohelix zelandiae"", ""common_name"": """", ""score"": 0.03822540119290352}, {""species"": ""Flammulina perdita"", ""common_name"": """", ""score"": 0.035634614527225494}, {""species"": ""Thalassohelix obnubila"", ""common_name"": """", ""score"": 0.023867614567279816}]"
/share/ftrscape/image_dataset/obs_194599339_photo_342107100.jpg,/gpfs_common/share03/ftrscape/snair3/wew_notebooks/outputs_sam/masked_crops/obs_194599339_photo_342107100_17__crop.png,Eudyptula minor,Leuconopsis obsoleta,Peromyscus keeni,Eudyptes pachyrhynchus,Spilogale gracilis,Little penguin,0.05689364671707153,"[{""species"": ""Eudyptula minor"", ""common_name"": ""Little penguin"", ""score"": 0.05689364671707153}, {""species"": ""Leuconopsis obsoleta"", ""common_name"": """", ""score"": 0.05022762343287468}, {""species"": ""Peromyscus keeni"", ""common_name"": ""Northwestern deermouse"", ""score"": 0.011103888973593712}, {""species"": ""Eudyptes pachyrhynchus"", ""common_name"": ""Fiordland Crested Penguin"", ""score"": 0.008920525200664997}, {""species"": ""Spilogale gracilis"", ""common_name"": ""Western Spotted Skunk"", ""score"": 0.008082296699285507}]"
/share/ftrscape/image_dataset/obs_194599339_photo_342107100.jpg,/gpfs_common/share03/ftrscape/snair3/wew_notebooks/outputs_sam/masked_crops/obs_194599339_photo_342107100_18__crop.png,Eptesicus fuscus,Lasionycteris noctivagans,Corynorhinus rafinesquii,Myotis evotis,Myotis septentrionalis,Big Brown Bat,0.07923197001218796,"[{""species"": ""Eptesicus fuscus"", ""common_name"": ""Big Brown Bat"", ""score"": 0.07923197001218796}, {""species"": ""Lasionycteris noctivagans"", ""common_name"": ""Silver-haired Bat"", ""score"": 0.03544473648071289}, {""species"": ""Corynorhinus rafinesquii"", ""common_name"": ""Rafinesque's big-eared bat"", ""score"": 0.0343073308467865}, {""species"": ""Myotis evotis"", ""common_name"": ""Long-eared Myotis"", ""score"": 0.020976288244128227}, {""species"": ""Myotis septentrionalis"", ""common_name"": ""Northern Myotis"", ""score"": 0.020424509420990944}]"
/share/ftrscape/image_dataset/obs_194599339_photo_342107100.jpg,/gpfs_common/share03/ftrscape/snair3/wew_notebooks/outputs_sam/masked_crops/obs_194599339_photo_342107100_19__crop.png,Thalassohelix laingi,Thalassohelix zelandiae,Thalassohelix antipoda,Flammulina perdita,Retinella circumsessa,,0.0737197995185852,"[{""species"": ""Thalassohelix laingi"", ""common_name"": """", ""score"": 0.0737197995185852}, {""species"": ""Thalassohelix zelandiae"", ""common_name"": """", ""score"": 0.04315813630819321}, {""species"": ""Thalassohelix antipoda"", ""common_name"": """", ""score"": 0.03674483299255371}, {""species"": ""Flammulina perdita"", ""common_name"": """", ""score"": 0.028977658599615097}, {""species"": ""Retinella circumsessa"", ""common_name"": """", ""score"": 0.027185875922441483}]"
/share/ftrscape/image_dataset/obs_194795499_photo_341224314.jpg,/gpfs_common/share03/ftrscape/snair3/wew_notebooks/outputs_sam/masked_crops/obs_194795499_photo_341224314_20__crop.png,Ranzania tenneyorum,Mola tecta,Mola mola,Rhopilema hispidum,Architeuthis dux,,0.1419789046049118,"[{""species"": ""Ranzania tenneyorum"", ""common_name"": """", ""score"": 0.1419789046049118}, {""species"": ""Mola tecta"", ""common_name"": ""Hoodwinker Ocean Sunfish"", ""score"": 0.12357005476951599}, {""species"": ""Mola mola"", ""common_name"": ""Ocean sunfish"", ""score"": 0.07449353486299515}, {""species"": ""Rhopilema hispidum"", ""common_name"": """", ""score"": 0.0717732161283493}, {""species"": ""Architeuthis dux"", ""common_name"": ""Giant Squid"", ""score"": 0.03568217158317566}]"
/share/ftrscape/image_dataset/obs_194795499_photo_341224314.jpg,/gpfs_common/share03/ftrscape/snair3/wew_notebooks/outputs_sam/masked_crops/obs_194795499_photo_341224314_21__crop.png,Stichodactyla mertensii,Amplexidiscus fenestrafer,Liponema multicorne,Heliofungia actiniformis,Urticina columbiana,Merten's sea anemone,0.10041089355945587,"[{""species"": ""Stichodactyla mertensii"", ""common_name"": ""Merten's sea anemone"", ""score"": 0.10041089355945587}, {""species"": ""Amplexidiscus fenestrafer"", ""common_name"": ""Elephant ear anemone"", ""score"": 0.08623463660478592}, {""species"": ""Liponema multicorne"", ""common_name"": ""Many-tentacled sea anemone"", ""score"": 0.054569970816373825}, {""species"": ""Heliofungia actiniformis"", ""common_name"": ""Plate coral"", ""score"": 0.05245341360569}, {""species"": ""Urticina columbiana"", ""common_name"": ""Crusty red anemone"", ""score"": 0.04663665592670441}]"
/share/ftrscape/image_dataset/obs_194795499_photo_341224314.jpg,/gpfs_common/share03/ftrscape/snair3/wew_notebooks/outputs_sam/masked_crops/obs_194795499_photo_341224314_22__crop.png,Amplexidiscus fenestrafer,Heliofungia actiniformis,Sicyonis erythrocephala,Radianthus magnifica,Urticina columbiana,Elephant ear anemone,0.3113943338394165,"[{""species"": ""Amplexidiscus fenestrafer"", ""common_name"": ""Elephant ear anemone"", ""score"": 0.3113943338394165}, {""species"": ""Heliofungia actiniformis"", ""common_name"": ""Plate coral"", ""score"": 0.08356737345457077}, {""species"": ""Sicyonis erythrocephala"", ""common_name"": ""Sea Anemone"", ""score"": 0.07326621562242508}, {""species"": ""Radianthus magnifica"", ""common_name"": ""Sea Anemone"", ""score"": 0.05385645106434822}, {""species"": ""Urticina columbiana"", ""common_name"": ""Crusty red anemone"", ""score"": 0.04638184234499931}]"
/share/ftrscape/image_dataset/obs_194795499_photo_341224314.jpg,/gpfs_common/share03/ftrscape/snair3/wew_notebooks/outputs_sam/masked_crops/obs_194795499_photo_341224314_23__crop.png,Phymanthea pluvia,Radianthus magnifica,Preactis millardae,Liponema multicorne,Mensamaria intercedens,,0.19263383746147156,"[{""species"": ""Phymanthea pluvia"", ""common_name"": """", ""score"": 0.19263383746147156}, {""species"": ""Radianthus magnifica"", ""common_name"": ""Sea Anemone"", ""score"": 0.09210783988237381}, {""species"": ""Preactis millardae"", ""common_name"": """", ""score"": 0.060450054705142975}, {""species"": ""Liponema multicorne"", ""common_name"": ""Many-tentacled sea anemone"", ""score"": 0.03156968951225281}, {""species"": ""Mensamaria intercedens"", ""common_name"": """", ""score"": 0.025789832696318626}]"
/share/ftrscape/image_dataset/obs_194795499_photo_341224314.jpg,/gpfs_common/share03/ftrscape/snair3/wew_notebooks/outputs_sam/masked_crops/obs_194795499_photo_341224314_24__crop.png,Psolus patagonicus,Podospongia colini,Pachymatisma johnstonia,Psolus squamatus,Ijimalophus hawaiicus,,0.014649192802608013,"[{""species"": ""Psolus patagonicus"", ""common_name"": """", ""score"": 0.014649192802608013}, {""species"": ""Podospongia colini"", ""common_name"": """", ""score"": 0.012342823669314384}, {""species"": ""Pachymatisma johnstonia"", ""common_name"": ""Elephant ear sponge"", ""score"": 0.007479907479137182}, {""species"": ""Psolus squamatus"", ""common_name"": """", ""score"": 0.007479392923414707}, {""species"": ""Ijimalophus hawaiicus"", ""common_name"": """", ""score"": 0.006817707326263189}]"
/share/ftrscape/image_dataset/obs_195713651_photo_344383957.jpg,/gpfs_common/share03/ftrscape/snair3/wew_notebooks/outputs_sam/masked_crops/obs_195713651_photo_344383957_25__crop.png,Geoplana multipunctata,Kontikia ventrolineata,Geoplana arkalabamensis,Anisorhynchodemus luteicollis,Kontikia pelewensis,,0.07764475047588348,"[{""species"": ""Geoplana multipunctata"", ""common_name"": """", ""score"": 0.07764475047588348}, {""species"": ""Kontikia ventrolineata"", ""common_name"": ""Flatworm"", ""score"": 0.0762900784611702}, {""species"": ""Geoplana arkalabamensis"", ""common_name"": """", ""score"": 0.06607142835855484}, {""species"": ""Anisorhynchodemus luteicollis"", ""common_name"": """", ""score"": 0.05492075905203819}, {""species"": ""Kontikia pelewensis"", ""common_name"": """", ""score"": 0.05391893535852432}]"
/share/ftrscape/image_dataset/obs_195713651_photo_344383957.jpg,/gpfs_common/share03/ftrscape/snair3/wew_notebooks/outputs_sam/masked_crops/obs_195713651_photo_344383957_26__crop.png,Kontikia pelewensis,Parakontikia ventrolineata,Geoplana arkalabamensis,Australopacifica splendens,Anisorhynchodemus luteicollis,,0.1357748657464981,"[{""species"": ""Kontikia pelewensis"", ""common_name"": """", ""score"": 0.1357748657464981}, {""species"": ""Parakontikia ventrolineata"", ""common_name"": """", ""score"": 0.05960961803793907}, {""species"": ""Geoplana arkalabamensis"", ""common_name"": """", ""score"": 0.05698675289750099}, {""species"": ""Australopacifica splendens"", ""common_name"": """", ""score"": 0.05657995864748955}, {""species"": ""Anisorhynchodemus luteicollis"", ""common_name"": """", ""score"": 0.056365396827459335}]"
/share/ftrscape/image_dataset/obs_195713651_photo_344383957.jpg,/gpfs_common/share03/ftrscape/snair3/wew_notebooks/outputs_sam/masked_crops/obs_195713651_photo_344383957_27__crop.png,Omalonyx unguis,Australopacifica hamiltoni,Microparmarion sallehi,Kontikia ventrolineata,Obama burmeisteri,,0.035008594393730164,"[{""species"": ""Omalonyx unguis"", ""common_name"": """", ""score"": 0.035008594393730164}, {""species"": ""Australopacifica hamiltoni"", ""common_name"": """", ""score"": 0.03244566172361374}, {""species"": ""Microparmarion sallehi"", ""common_name"": """", ""score"": 0.028413621708750725}, {""species"": ""Kontikia ventrolineata"", ""common_name"": ""Flatworm"", ""score"": 0.028137709945440292}, {""species"": ""Obama burmeisteri"", ""common_name"": """", ""score"": 0.02808966487646103}]"
/share/ftrscape/image_dataset/obs_195713651_photo_344383957.jpg,/gpfs_common/share03/ftrscape/snair3/wew_notebooks/outputs_sam/masked_crops/obs_195713651_photo_344383957_28__crop.png,Kontikia pelewensis,Australopacifica alfordensis,Australopacifica hamiltoni,Kontikia ventrolineata,Kontikia coxii,,0.21496814489364624,"[{""species"": ""Kontikia pelewensis"", ""common_name"": """", ""score"": 0.21496814489364624}, {""species"": ""Australopacifica alfordensis"", ""common_name"": """", ""score"": 0.08547450602054596}, {""species"": ""Australopacifica hamiltoni"", ""common_name"": """", ""score"": 0.047978322952985764}, {""species"": ""Kontikia ventrolineata"", ""common_name"": ""Flatworm"", ""score"": 0.04362613707780838}, {""species"": ""Kontikia coxii"", ""common_name"": """", ""score"": 0.03746231645345688}]"
/share/ftrscape/image_dataset/obs_195713651_photo_344383957.jpg,/gpfs_common/share03/ftrscape/snair3/wew_notebooks/outputs_sam/masked_crops/obs_195713651_photo_344383957_29__crop.png,Geoplana arkalabamensis,Kontikia pelewensis,Geoplana multipunctata,Australopacifica splendens,Australopacifica hamiltoni,,0.13328050076961517,"[{""species"": ""Geoplana arkalabamensis"", ""common_name"": """", ""score"": 0.13328050076961517}, {""species"": ""Kontikia pelewensis"", ""common_name"": """", ""score"": 0.10272045433521271}, {""species"": ""Geoplana multipunctata"", ""common_name"": """", ""score"": 0.06232307106256485}, {""species"": ""Australopacifica splendens"", ""common_name"": """", ""score"": 0.05730705335736275}, {""species"": ""Australopacifica hamiltoni"", ""common_name"": """", ""score"": 0.043846745043992996}]"
/share/ftrscape/image_dataset/obs_220102252_photo_389649357.jpg,/gpfs_common/share03/ftrscape/snair3/wew_notebooks/outputs_sam/masked_crops/obs_220102252_photo_389649357_30__crop.png,Rhagio orestes,Chrysopilus griffithi,Rhagio floridensis,Rhagio albicornis,Rhagio maculipennis,,0.17601841688156128,"[{""species"": ""Rhagio orestes"", ""common_name"": """", ""score"": 0.17601841688156128}, {""species"": ""Chrysopilus griffithi"", ""common_name"": """", ""score"": 0.06878690421581268}, {""species"": ""Rhagio floridensis"", ""common_name"": """", ""score"": 0.044205956161022186}, {""species"": ""Rhagio albicornis"", ""common_name"": """", ""score"": 0.03827458247542381}, {""species"": ""Rhagio maculipennis"", ""common_name"": """", ""score"": 0.036695025861263275}]"
/share/ftrscape/image_dataset/obs_220102252_photo_389649357.jpg,/gpfs_common/share03/ftrscape/snair3/wew_notebooks/outputs_sam/masked_crops/obs_220102252_photo_389649357_31__crop.png,Rhagio orestes,Chrysopilus griffithi,Chrysopilus balbii,Rhagio maculipennis,Atherix ibis,,0.08503860235214233,"[{""species"": ""Rhagio orestes"", ""common_name"": """", ""score"": 0.08503860235214233}, {""species"": ""Chrysopilus griffithi"", ""common_name"": """", ""score"": 0.08073806762695312}, {""species"": ""Chrysopilus balbii"", ""common_name"": """", ""score"": 0.07068690657615662}, {""species"": ""Rhagio maculipennis"", ""common_name"": """", ""score"": 0.06065530329942703}, {""species"": ""Atherix ibis"", ""common_name"": ""Yellow-legged water-snipefly"", ""score"": 0.038341015577316284}]"
/share/ftrscape/image_dataset/obs_220102252_photo_389649357.jpg,/gpfs_common/share03/ftrscape/snair3/wew_notebooks/outputs_sam/masked_crops/obs_220102252_photo_389649357_32__crop.png,Octotoma plicatula,Patara vanduzei,Eryniopsis lampyridarum,Scaphoideus titanus,Pachypsylla celtidismamma,,0.07550285756587982,"[{""species"": ""Octotoma plicatula"", ""common_name"": """", ""score"": 0.07550285756587982}, {""species"": ""Patara vanduzei"", ""common_name"": """", ""score"": 0.03255002200603485}, {""species"": ""Eryniopsis lampyridarum"", ""common_name"": """", ""score"": 0.015238555148243904}, {""species"": ""Scaphoideus titanus"", ""common_name"": ""American grapevine leafhopper"", ""score"": 0.01405942253768444}, {""species"": ""Pachypsylla celtidismamma"", ""common_name"": ""Hackberry nipplegall psyllid"", ""score"": 0.00931315217167139}]"
/share/ftrscape/image_dataset/obs_220102252_photo_389649357.jpg,/gpfs_common/share03/ftrscape/snair3/wew_notebooks/outputs_sam/masked_crops/obs_220102252_photo_389649357_33__crop.png,Rhagio orestes,Rhagio maculipennis,Chrysopilus griffithi,Chrysopilus mackerrasi,Rhagio floridensis,,0.17764312028884888,"[{""species"": ""Rhagio orestes"", ""common_name"": """", ""score"": 0.17764312028884888}, {""species"": ""Rhagio maculipennis"", ""common_name"": """", ""score"": 0.07097005099058151}, {""species"": ""Chrysopilus griffithi"", ""common_name"": """", ""score"": 0.06426694244146347}, {""species"": ""Chrysopilus mackerrasi"", ""common_name"": """", ""score"": 0.04582834988832474}, {""species"": ""Rhagio floridensis"", ""common_name"": """", ""score"": 0.038325510919094086}]"
/share/ftrscape/image_dataset/obs_220102252_photo_389649357.jpg,/gpfs_common/share03/ftrscape/snair3/wew_notebooks/outputs_sam/masked_crops/obs_220102252_photo_389649357_34__crop.png,Rhagio orestes,Rhagio maculipennis,Chrysopilus griffithi,Rhagio albicornis,Chrysopilus ludens,,0.16626539826393127,"[{""species"": ""Rhagio orestes"", ""common_name"": """", ""score"": 0.16626539826393127}, {""species"": ""Rhagio maculipennis"", ""common_name"": """", ""score"": 0.08465160429477692}, {""species"": ""Chrysopilus griffithi"", ""common_name"": """", ""score"": 0.07996086031198502}, {""species"": ""Rhagio albicornis"", ""common_name"": """", ""score"": 0.04649225249886513}, {""species"": ""Chrysopilus ludens"", ""common_name"": """", ""score"": 0.04127226769924164}]"
/share/ftrscape/image_dataset/obs_220822650_photo_391000325.jpg,/gpfs_common/share03/ftrscape/snair3/wew_notebooks/outputs_sam/masked_crops/obs_220822650_photo_391000325_35__crop.png,Titanostrombus galeatus,Titanostrombus goliath,Triplofusus princeps,Apostichopus californicus,Panopea generosa,,0.10553749650716782,"[{""species"": ""Titanostrombus galeatus"", ""common_name"": """", ""score"": 0.10553749650716782}, {""species"": ""Titanostrombus goliath"", ""common_name"": """", ""score"": 0.09143967181444168}, {""species"": ""Triplofusus princeps"", ""common_name"": """", ""score"": 0.056262191385030746}, {""species"": ""Apostichopus californicus"", ""common_name"": ""California sea cucumber"", ""score"": 0.038938988000154495}, {""species"": ""Panopea generosa"", ""common_name"": ""Geoduck"", ""score"": 0.030960896983742714}]"
/share/ftrscape/image_dataset/obs_220822650_photo_391000325.jpg,/gpfs_common/share03/ftrscape/snair3/wew_notebooks/outputs_sam/masked_crops/obs_220822650_photo_391000325_36__crop.png,Apostichopus californicus,Caudina arenicola,Dermasterias imbricata,Evasterias echinosoma,Larus glaucescens,California sea cucumber,0.5015657544136047,"[{""species"": ""Apostichopus californicus"", ""common_name"": ""California sea cucumber"", ""score"": 0.5015657544136047}, {""species"": ""Caudina arenicola"", ""common_name"": """", ""score"": 0.05253414437174797}, {""species"": ""Dermasterias imbricata"", ""common_name"": """", ""score"": 0.044198714196681976}, {""species"": ""Evasterias echinosoma"", ""common_name"": ""Giant star"", ""score"": 0.03776624798774719}, {""species"": ""Larus glaucescens"", ""common_name"": ""Glaucous-winged gull"", ""score"": 0.03673439100384712}]"
/share/ftrscape/image_dataset/obs_220822650_photo_391000325.jpg,/gpfs_common/share03/ftrscape/snair3/wew_notebooks/outputs_sam/masked_crops/obs_220822650_photo_391000325_37__crop.png,Larus glaucescens,Larus occidentalis,Larus hyperboreus,Larus schistisagus,Larus californicus,Glaucous-winged gull,0.9063324332237244,"[{""species"": ""Larus glaucescens"", ""common_name"": ""Glaucous-winged gull"", ""score"": 0.9063324332237244}, {""species"": ""Larus occidentalis"", ""common_name"": ""Western gull"", ""score"": 0.028541531413793564}, {""species"": ""Larus hyperboreus"", ""common_name"": ""Glaucous Gull"", ""score"": 0.005299345590174198}, {""species"": ""Larus schistisagus"", ""common_name"": ""Slaty-backed Gull"", ""score"": 0.004365246277302504}, {""species"": ""Larus californicus"", ""common_name"": ""California Gull"", ""score"": 0.0035433201119303703}]"
/share/ftrscape/image_dataset/obs_250956763_photo_448935283.jpg,/gpfs_common/share03/ftrscape/snair3/wew_notebooks/outputs_sam/masked_crops/obs_250956763_photo_448935283_38__crop.png,Limacia jellyi,Cuspivolva ostheimerae,Tritonia odhneri,Doto sarsiae,Ecteinascidia sluiteri,,0.07348665595054626,"[{""species"": ""Limacia jellyi"", ""common_name"": """", ""score"": 0.07348665595054626}, {""species"": ""Cuspivolva ostheimerae"", ""common_name"": """", ""score"": 0.04568672552704811}, {""species"": ""Tritonia odhneri"", ""common_name"": """", ""score"": 0.04421762749552727}, {""species"": ""Doto sarsiae"", ""common_name"": ""Rode kroonslak"", ""score"": 0.03944937512278557}, {""species"": ""Ecteinascidia sluiteri"", ""common_name"": """", ""score"": 0.03196389973163605}]"
/share/ftrscape/image_dataset/obs_250956763_photo_448935283.jpg,/gpfs_common/share03/ftrscape/snair3/wew_notebooks/outputs_sam/masked_crops/obs_250956763_photo_448935283_39__crop.png,Limacia jellyi,Ecteinascidia sluiteri,Euclavella claviformis,Hermaea cruciata,Stolonica australis,,0.08018484711647034,"[{""species"": ""Limacia jellyi"", ""common_name"": """", ""score"": 0.08018484711647034}, {""species"": ""Ecteinascidia sluiteri"", ""common_name"": """", ""score"": 0.04497276619076729}, {""species"": ""Euclavella claviformis"", ""common_name"": """", ""score"": 0.04180137813091278}, {""species"": ""Hermaea cruciata"", ""common_name"": """", ""score"": 0.039159856736660004}, {""species"": ""Stolonica australis"", ""common_name"": ""Ascidian"", ""score"": 0.034666988998651505}]"
/share/ftrscape/image_dataset/obs_250956763_photo_448935283.jpg,/gpfs_common/share03/ftrscape/snair3/wew_notebooks/outputs_sam/masked_crops/obs_250956763_photo_448935283_40__crop.png,Euclavella claviformis,Aplidium turbinatum,Stolonica australis,Ecteinascidia turbinata,Clavelina moluccensis,,0.06565256416797638,"[{""species"": ""Euclavella claviformis"", ""common_name"": """", ""score"": 0.06565256416797638}, {""species"": ""Aplidium turbinatum"", ""common_name"": ""kranssjöpung"", ""score"": 0.04415883868932724}, {""species"": ""Stolonica australis"", ""common_name"": ""Ascidian"", ""score"": 0.04400279372930527}, {""species"": ""Ecteinascidia turbinata"", ""common_name"": ""Mangrove tunicate"", ""score"": 0.041887927800416946}, {""species"": ""Clavelina moluccensis"", ""common_name"": ""Ascidian"", ""score"": 0.04179535433650017}]"
/share/ftrscape/image_dataset/obs_250956763_photo_448935283.jpg,/gpfs_common/share03/ftrscape/snair3/wew_notebooks/outputs_sam/masked_crops/obs_250956763_photo_448935283_41__crop.png,Ecteinascidia turbinata,Perophora listeri,Euclavella claviformis,Stolonica australis,Ecteinascidia sluiteri,Mangrove tunicate,0.09691854566335678,"[{""species"": ""Ecteinascidia turbinata"", ""common_name"": ""Mangrove tunicate"", ""score"": 0.09691854566335678}, {""species"": ""Perophora listeri"", ""common_name"": ""Dwarf ascidian"", ""score"": 0.07608732581138611}, {""species"": ""Euclavella claviformis"", ""common_name"": """", ""score"": 0.06071674823760986}, {""species"": ""Stolonica australis"", ""common_name"": ""Ascidian"", ""score"": 0.043322835117578506}, {""species"": ""Ecteinascidia sluiteri"", ""common_name"": """", ""score"": 0.03627554327249527}]"
/share/ftrscape/image_dataset/obs_250956763_photo_448935283.jpg,/gpfs_common/share03/ftrscape/snair3/wew_notebooks/outputs_sam/masked_crops/obs_250956763_photo_448935283_42__crop.png,Ecteinascidia diaphanis,Ecteinascidia bandaensis,Stolonica australis,Microcosmus squamiger,Ecteinascidia nexa,,0.03628126531839371,"[{""species"": ""Ecteinascidia diaphanis"", ""common_name"": """", ""score"": 0.03628126531839371}, {""species"": ""Ecteinascidia bandaensis"", ""common_name"": """", ""score"": 0.025894848629832268}, {""species"": ""Stolonica australis"", ""common_name"": ""Ascidian"", ""score"": 0.02148052677512169}, {""species"": ""Microcosmus squamiger"", ""common_name"": ""Scaly tunicate"", ""score"": 0.017726784572005272}, {""species"": ""Ecteinascidia nexa"", ""common_name"": """", ""score"": 0.01681029424071312}]"
/share/ftrscape/image_dataset/obs_256022699_photo_458927175.jpg,/gpfs_common/share03/ftrscape/snair3/wew_notebooks/outputs_sam/masked_crops/obs_256022699_photo_458927175_43__crop.png,Xystocheir dissecta,Motyxia monica,Xystocheir brachymacris,Xystocheir taibona,Wamokia hoffmani,,0.4932654798030853,"[{""species"": ""Xystocheir dissecta"", ""common_name"": """", ""score"": 0.4932654798030853}, {""species"": ""Motyxia monica"", ""common_name"": """", ""score"": 0.22505596280097961}, {""species"": ""Xystocheir brachymacris"", ""common_name"": """", ""score"": 0.10472223907709122}, {""species"": ""Xystocheir taibona"", ""common_name"": """", ""score"": 0.05884971842169762}, {""species"": ""Wamokia hoffmani"", ""common_name"": """", ""score"": 0.02994511090219021}]"
/share/ftrscape/image_dataset/obs_256022699_photo_458927175.jpg,/gpfs_common/share03/ftrscape/snair3/wew_notebooks/outputs_sam/masked_crops/obs_256022699_photo_458927175_44__crop.png,Prodiplosis falcata,Rhopalomyia clinata,Rhopalomyia santolinae,Rhopalomyia gutierreziae,Rhopalomyia ericameriae,,0.4054687023162842,"[{""species"": ""Prodiplosis falcata"", ""common_name"": """", ""score"": 0.4054687023162842}, {""species"": ""Rhopalomyia clinata"", ""common_name"": """", ""score"": 0.17710912227630615}, {""species"": ""Rhopalomyia santolinae"", ""common_name"": """", ""score"": 0.061042655259370804}, {""species"": ""Rhopalomyia gutierreziae"", ""common_name"": """", ""score"": 0.04236923158168793}, {""species"": ""Rhopalomyia ericameriae"", ""common_name"": """", ""score"": 0.03169509768486023}]"
/share/ftrscape/image_dataset/obs_258568965_photo_463949088.jpg,/gpfs_common/share03/ftrscape/snair3/wew_notebooks/outputs_sam/masked_crops/obs_258568965_photo_463949088_45__crop.png,Cryptostroma corticale,Globitermes globosus,Pisolithus arhizus,Corydalus texanus,Tidarren sisyphoides,,0.10388965159654617,"[{""species"": ""Cryptostroma corticale"", ""common_name"": """", ""score"": 0.10388965159654617}, {""species"": ""Globitermes globosus"", ""common_name"": """", ""score"": 0.054427821189165115}, {""species"": ""Pisolithus arhizus"", ""common_name"": ""Dyeball"", ""score"": 0.023029843345284462}, {""species"": ""Corydalus texanus"", ""common_name"": """", ""score"": 0.010470082052052021}, {""species"": ""Tidarren sisyphoides"", ""common_name"": ""Cobweb spiders"", ""score"": 0.007953619584441185}]"
/share/ftrscape/image_dataset/obs_258568965_photo_463949088.jpg,/gpfs_common/share03/ftrscape/snair3/wew_notebooks/outputs_sam/masked_crops/obs_258568965_photo_463949088_46__crop.png,Globitermes globosus,Bothriocyrtum californicum,Meta dolloff,Megahexura fulva,Aliatypus janus,,0.04054451733827591,"[{""species"": ""Globitermes globosus"", ""common_name"": """", ""score"": 0.04054451733827591}, {""species"": ""Bothriocyrtum californicum"", ""common_name"": """", ""score"": 0.03404358774423599}, {""species"": ""Meta dolloff"", ""common_name"": ""Dolloff cave spider"", ""score"": 0.010824430733919144}, {""species"": ""Megahexura fulva"", ""common_name"": """", ""score"": 0.00798740517348051}, {""species"": ""Aliatypus janus"", ""common_name"": """", ""score"": 0.007496262900531292}]"
/share/ftrscape/image_dataset/obs_258568965_photo_463949088.jpg,/gpfs_common/share03/ftrscape/snair3/wew_notebooks/outputs_sam/masked_crops/obs_258568965_photo_463949088_47__crop.png,Nodulisporium cecidiogenes,Reduvius personatus,Leptothrix discophora,Acroscyphus sphaerophoroides,Penicillium citrinum,,0.07451599091291428,"[{""species"": ""Nodulisporium cecidiogenes"", ""common_name"": """", ""score"": 0.07451599091291428}, {""species"": ""Reduvius personatus"", ""common_name"": ""Masked hunter"", ""score"": 0.01697864755988121}, {""species"": ""Leptothrix discophora"", ""common_name"": """", ""score"": 0.01621709018945694}, {""species"": ""Acroscyphus sphaerophoroides"", ""common_name"": """", ""score"": 0.006472946610301733}, {""species"": ""Penicillium citrinum"", ""common_name"": """", ""score"": 0.006165371276438236}]"
/share/ftrscape/image_dataset/obs_264953671_photo_475827468.jpg,/gpfs_common/share03/ftrscape/snair3/wew_notebooks/outputs_sam/masked_crops/obs_264953671_photo_475827468_48__crop.png,Peripatopsis lawrencei,Peripatopsis sedgwicki,Pseudonympha detecta,Peripatopsis balfouri,Kumbadjena toolbrunupensis,,0.2766481935977936,"[{""species"": ""Peripatopsis lawrencei"", ""common_name"": """", ""score"": 0.2766481935977936}, {""species"": ""Peripatopsis sedgwicki"", ""common_name"": """", ""score"": 0.06532681733369827}, {""species"": ""Pseudonympha detecta"", ""common_name"": """", ""score"": 0.048815663903951645}, {""species"": ""Peripatopsis balfouri"", ""common_name"": """", ""score"": 0.046109262853860855}, {""species"": ""Kumbadjena toolbrunupensis"", ""common_name"": """", ""score"": 0.030867382884025574}]"
/share/ftrscape/image_dataset/obs_264953671_photo_475827468.jpg,/gpfs_common/share03/ftrscape/snair3/wew_notebooks/outputs_sam/masked_crops/obs_264953671_photo_475827468_49__crop.png,Pseudonympha detecta,Eutricha capensis,Mesocelis monticola,Peripatopsis lawrencei,Duberria lutrix,,0.2899780571460724,"[{""species"": ""Pseudonympha detecta"", ""common_name"": """", ""score"": 0.2899780571460724}, {""species"": ""Eutricha capensis"", ""common_name"": """", ""score"": 0.13714011013507843}, {""species"": ""Mesocelis monticola"", ""common_name"": """", ""score"": 0.03648936375975609}, {""species"": ""Peripatopsis lawrencei"", ""common_name"": """", ""score"": 0.033230025321245193}, {""species"": ""Duberria lutrix"", ""common_name"": ""Common slug eater"", ""score"": 0.02629072591662407}]"
/share/ftrscape/image_dataset/obs_264953671_photo_475827468.jpg,/gpfs_common/share03/ftrscape/snair3/wew_notebooks/outputs_sam/masked_crops/obs_264953671_photo_475827468_50__crop.png,Eutricha bifascia,Eutricha capensis,Platypleura capensis,Pseudonympha detecta,Mesocelis monticola,,0.19940215349197388,"[{""species"": ""Eutricha bifascia"", ""common_name"": """", ""score"": 0.19940215349197388}, {""species"": ""Eutricha capensis"", ""common_name"": """", ""score"": 0.1840822845697403}, {""species"": ""Platypleura capensis"", ""common_name"": """", ""score"": 0.03753665089607239}, {""species"": ""Pseudonympha detecta"", ""common_name"": """", ""score"": 0.036800798028707504}, {""species"": ""Mesocelis monticola"", ""common_name"": """", ""score"": 0.033792220056056976}]"
/share/ftrscape/image_dataset/obs_264953671_photo_475827468.jpg,/gpfs_common/share03/ftrscape/snair3/wew_notebooks/outputs_sam/masked_crops/obs_264953671_photo_475827468_51__crop.png,Eutricha bifascia,Eutricha capensis,Platypleura capensis,Mesocelis monticola,Catochria catocaloides,,0.2973885238170624,"[{""species"": ""Eutricha bifascia"", ""common_name"": """", ""score"": 0.2973885238170624}, {""species"": ""Eutricha capensis"", ""common_name"": """", ""score"": 0.25107285380363464}, {""species"": ""Platypleura capensis"", ""common_name"": """", ""score"": 0.056180715560913086}, {""species"": ""Mesocelis monticola"", ""common_name"": """", ""score"": 0.03604705259203911}, {""species"": ""Catochria catocaloides"", ""common_name"": """", ""score"": 0.022319374606013298}]"
/share/ftrscape/image_dataset/obs_264953671_photo_475827468.jpg,/gpfs_common/share03/ftrscape/snair3/wew_notebooks/outputs_sam/masked_crops/obs_264953671_photo_475827468_52__crop.png,Peripatopsis lawrencei,Peripatopsis sedgwicki,Peripatopsis balfouri,Peripatopsis birgeri,Peripatopsis bolandi,,0.4017999768257141,"[{""species"": ""Peripatopsis lawrencei"", ""common_name"": """", ""score"": 0.4017999768257141}, {""species"": ""Peripatopsis sedgwicki"", ""common_name"": """", ""score"": 0.0944896712899208}, {""species"": ""Peripatopsis balfouri"", ""common_name"": """", ""score"": 0.04226677119731903}, {""species"": ""Peripatopsis birgeri"", ""common_name"": """", ""score"": 0.033999379724264145}, {""species"": ""Peripatopsis bolandi"", ""common_name"": """", ""score"": 0.03341332823038101}]"
/share/ftrscape/image_dataset/obs_291009479_photo_523542929.jpg,/gpfs_common/share03/ftrscape/snair3/wew_notebooks/outputs_sam/masked_crops/obs_291009479_photo_523542929_53__crop.png,Macroperipatus torquatus,Mongeperipatus solorzanoi,Ischyropsalis manicata,Rhysida longicornis,Mongeperipatus kekoldi,,0.11810310930013657,"[{""species"": ""Macroperipatus torquatus"", ""common_name"": """", ""score"": 0.11810310930013657}, {""species"": ""Mongeperipatus solorzanoi"", ""common_name"": """", ""score"": 0.056055471301078796}, {""species"": ""Ischyropsalis manicata"", ""common_name"": """", ""score"": 0.03439908102154732}, {""species"": ""Rhysida longicornis"", ""common_name"": """", ""score"": 0.02779438905417919}, {""species"": ""Mongeperipatus kekoldi"", ""common_name"": """", ""score"": 0.022932393476366997}]"
/share/ftrscape/image_dataset/obs_291009479_photo_523542929.jpg,/gpfs_common/share03/ftrscape/snair3/wew_notebooks/outputs_sam/masked_crops/obs_291009479_photo_523542929_54__crop.png,Cola gigantea,Carex hamata,Celtis mildbraedii,Strombosia scheffleri,Celtis gomphophylla,Giant cola,0.032292239367961884,"[{""species"": ""Cola gigantea"", ""common_name"": ""Giant cola"", ""score"": 0.032292239367961884}, {""species"": ""Carex hamata"", ""common_name"": """", ""score"": 0.03186298534274101}, {""species"": ""Celtis mildbraedii"", ""common_name"": ""Red-fruited stinkwood"", ""score"": 0.031019385904073715}, {""species"": ""Strombosia scheffleri"", ""common_name"": """", ""score"": 0.01774592697620392}, {""species"": ""Celtis gomphophylla"", ""common_name"": """", ""score"": 0.016853371635079384}]"
/share/ftrscape/image_dataset/obs_291009479_photo_523542929.jpg,/gpfs_common/share03/ftrscape/snair3/wew_notebooks/outputs_sam/masked_crops/obs_291009479_photo_523542929_55__crop.png,Macroperipatus torquatus,Mongeperipatus solorzanoi,Mongeperipatus kekoldi,Ptilomera hylactor,Ischyropsalis manicata,,0.10516225546598434,"[{""species"": ""Macroperipatus torquatus"", ""common_name"": """", ""score"": 0.10516225546598434}, {""species"": ""Mongeperipatus solorzanoi"", ""common_name"": """", ""score"": 0.057248618453741074}, {""species"": ""Mongeperipatus kekoldi"", ""common_name"": """", ""score"": 0.05516183376312256}, {""species"": ""Ptilomera hylactor"", ""common_name"": """", ""score"": 0.0318119190633297}, {""species"": ""Ischyropsalis manicata"", ""common_name"": """", ""score"": 0.02273876965045929}]"
/share/ftrscape/image_dataset/obs_291009479_photo_523542929.jpg,/gpfs_common/share03/ftrscape/snair3/wew_notebooks/outputs_sam/masked_crops/obs_291009479_photo_523542929_56__crop.png,Arcovomer passarellii,Bolitoglossa zapoteca,Bolitoglossa pacaya,Aquiloeurycea cafetalera,Mannophryne olmonae,,0.06297743320465088,"[{""species"": ""Arcovomer passarellii"", ""common_name"": """", ""score"": 0.06297743320465088}, {""species"": ""Bolitoglossa zapoteca"", ""common_name"": ""Zapotec salamander"", ""score"": 0.01697900891304016}, {""species"": ""Bolitoglossa pacaya"", ""common_name"": """", ""score"": 0.014454050920903683}, {""species"": ""Aquiloeurycea cafetalera"", ""common_name"": ""Coffee grove salamander"", ""score"": 0.009771672077476978}, {""species"": ""Mannophryne olmonae"", ""common_name"": ""Bloody bay poison frog"", ""score"": 0.009549245238304138}]"
/share/ftrscape/image_dataset/obs_291009479_photo_523542929.jpg,/gpfs_common/share03/ftrscape/snair3/wew_notebooks/outputs_sam/masked_crops/obs_291009479_photo_523542929_57__crop.png,Cormocephalus coynei,Scolopendra hermosa,Edentistoma octosulcatum,Rhysida longicornis,Macroperipatus torquatus,,0.11922693997621536,"[{""species"": ""Cormocephalus coynei"", ""common_name"": """", ""score"": 0.11922693997621536}, {""species"": ""Scolopendra hermosa"", ""common_name"": """", ""score"": 0.0988011360168457}, {""species"": ""Edentistoma octosulcatum"", ""common_name"": """", ""score"": 0.09587612003087997}, {""species"": ""Rhysida longicornis"", ""common_name"": """", ""score"": 0.04821284860372543}, {""species"": ""Macroperipatus torquatus"", ""common_name"": """", ""score"": 0.0462944433093071}]"
/share/ftrscape/image_dataset/obs_302755190_photo_545634287.jpg,/gpfs_common/share03/ftrscape/snair3/wew_notebooks/outputs_sam/masked_crops/obs_302755190_photo_545634287_58__crop.png,Wilsoniana achyranthis,Wilsoniana occidentalis,Wilsoniana platensis,Wilsoniana bliti,Pustula spinulosa,,0.6397271156311035,"[{""species"": ""Wilsoniana achyranthis"", ""common_name"": """", ""score"": 0.6397271156311035}, {""species"": ""Wilsoniana occidentalis"", ""common_name"": """", ""score"": 0.056656546890735626}, {""species"": ""Wilsoniana platensis"", ""common_name"": """", ""score"": 0.05638144165277481}, {""species"": ""Wilsoniana bliti"", ""common_name"": ""White blister rust disease"", ""score"": 0.019776804372668266}, {""species"": ""Pustula spinulosa"", ""common_name"": """", ""score"": 0.009386624209582806}]"
/share/ftrscape/image_dataset/obs_302755190_photo_545634287.jpg,/gpfs_common/share03/ftrscape/snair3/wew_notebooks/outputs_sam/masked_crops/obs_302755190_photo_545634287_59__crop.png,Wilsoniana achyranthis,Albugo lepidii,Chionaspis nyssae,Aceria eucricotes,Albugo leimonia,,0.06140688434243202,"[{""species"": ""Wilsoniana achyranthis"", ""common_name"": """", ""score"": 0.06140688434243202}, {""species"": ""Albugo lepidii"", ""common_name"": """", ""score"": 0.04806441813707352}, {""species"": ""Chionaspis nyssae"", ""common_name"": ""Sour gum chionapsis"", ""score"": 0.02753019891679287}, {""species"": ""Aceria eucricotes"", ""common_name"": """", ""score"": 0.019755717366933823}, {""species"": ""Albugo leimonia"", ""common_name"": """", ""score"": 0.018802203238010406}]"
/share/ftrscape/image_dataset/obs_302755190_photo_545634287.jpg,/gpfs_common/share03/ftrscape/snair3/wew_notebooks/outputs_sam/masked_crops/obs_302755190_photo_545634287_60__crop.png,Aceria clianthi,Neuroterus valhalla,Chionaspis nyssae,Asphondylia ilicicola,Diaspidiotus liquidambaris,,0.06359947472810745,"[{""species"": ""Aceria clianthi"", ""common_name"": """", ""score"": 0.06359947472810745}, {""species"": ""Neuroterus valhalla"", ""common_name"": """", ""score"": 0.04235894978046417}, {""species"": ""Chionaspis nyssae"", ""common_name"": ""Sour gum chionapsis"", ""score"": 0.01924007199704647}, {""species"": ""Asphondylia ilicicola"", ""common_name"": """", ""score"": 0.01655803807079792}, {""species"": ""Diaspidiotus liquidambaris"", ""common_name"": ""Sweet gum scale"", ""score"": 0.015846870839595795}]"
/share/ftrscape/image_dataset/obs_302755190_photo_545634287.jpg,/gpfs_common/share03/ftrscape/snair3/wew_notebooks/outputs_sam/masked_crops/obs_302755190_photo_545634287_61__crop.png,Hahncappsia neobliteralis,Nefusa ambigua,Celticecis cupiformis,Coptodisca diospyriella,Hahncappsia pseudobliteralis,,0.027085619047284126,"[{""species"": ""Hahncappsia neobliteralis"", ""common_name"": """", ""score"": 0.027085619047284126}, {""species"": ""Nefusa ambigua"", ""common_name"": ""Violet leafmining sawfly"", ""score"": 0.017390795052051544}, {""species"": ""Celticecis cupiformis"", ""common_name"": """", ""score"": 0.011381172575056553}, {""species"": ""Coptodisca diospyriella"", ""common_name"": """", ""score"": 0.011230827309191227}, {""species"": ""Hahncappsia pseudobliteralis"", ""common_name"": """", ""score"": 0.01071595773100853}]"
/share/ftrscape/image_dataset/obs_302755190_photo_545634287.jpg,/gpfs_common/share03/ftrscape/snair3/wew_notebooks/outputs_sam/masked_crops/obs_302755190_photo_545634287_62__crop.png,Pseudaulacaspis prunicola,Coptodisca diospyriella,Chionaspis nyssae,Pseudaulacaspis cockerelli,Unaspis euonymi,White prunicola scale,0.03318547084927559,"[{""species"": ""Pseudaulacaspis prunicola"", ""common_name"": ""White prunicola scale"", ""score"": 0.03318547084927559}, {""species"": ""Coptodisca diospyriella"", ""common_name"": """", ""score"": 0.028505265712738037}, {""species"": ""Chionaspis nyssae"", ""common_name"": ""Sour gum chionapsis"", ""score"": 0.027503537014126778}, {""species"": ""Pseudaulacaspis cockerelli"", ""common_name"": ""False oleander scale"", ""score"": 0.02709883451461792}, {""species"": ""Unaspis euonymi"", ""common_name"": ""Euonymus scale"", ""score"": 0.02120077610015869}]"
/share/ftrscape/image_dataset/obs_318344322_photo_575337712.jpg,/gpfs_common/share03/ftrscape/snair3/wew_notebooks/outputs_sam/masked_crops/obs_318344322_photo_575337712_63__crop.png,Perna canaliculus,Semimytilus patagonicus,Donax gouldii,Pedicularia pacifica,Choromytilus meridionalis,Green Mussel,0.04975046217441559,"[{""species"": ""Perna canaliculus"", ""common_name"": ""Green Mussel"", ""score"": 0.04975046217441559}, {""species"": ""Semimytilus patagonicus"", ""common_name"": """", ""score"": 0.03138919547200203}, {""species"": ""Donax gouldii"", ""common_name"": ""Gould beanclam"", ""score"": 0.02637474238872528}, {""species"": ""Pedicularia pacifica"", ""common_name"": """", ""score"": 0.018375908955931664}, {""species"": ""Choromytilus meridionalis"", ""common_name"": ""Black mussel"", ""score"": 0.018015950918197632}]"
/share/ftrscape/image_dataset/obs_318344322_photo_575337712.jpg,/gpfs_common/share03/ftrscape/snair3/wew_notebooks/outputs_sam/masked_crops/obs_318344322_photo_575337712_64__crop.png,Rissoella opalina,Cecilioides veneta,Rissoella inflata,Ascobulla fragilis,Cecilioides virgo,,0.019571321085095406,"[{""species"": ""Rissoella opalina"", ""common_name"": """", ""score"": 0.019571321085095406}, {""species"": ""Cecilioides veneta"", ""common_name"": """", ""score"": 0.00901340413838625}, {""species"": ""Rissoella inflata"", ""common_name"": """", ""score"": 0.007371752522885799}, {""species"": ""Ascobulla fragilis"", ""common_name"": """", ""score"": 0.006304383743554354}, {""species"": ""Cecilioides virgo"", ""common_name"": """", ""score"": 0.004899568390101194}]"
/share/ftrscape/image_dataset/obs_318344322_photo_575337712.jpg,/gpfs_common/share03/ftrscape/snair3/wew_notebooks/outputs_sam/masked_crops/obs_318344322_photo_575337712_65__crop.png,Rissoella opalina,Divarilima sydneyensis,Heleobia australis,Ascobulla fragilis,Ervilia valhosierr,,0.03277961537241936,"[{""species"": ""Rissoella opalina"", ""common_name"": """", ""score"": 0.03277961537241936}, {""species"": ""Divarilima sydneyensis"", ""common_name"": ""File Clam"", ""score"": 0.029145674780011177}, {""species"": ""Heleobia australis"", ""common_name"": """", ""score"": 0.024020351469516754}, {""species"": ""Ascobulla fragilis"", ""common_name"": """", ""score"": 0.015703491866588593}, {""species"": ""Ervilia valhosierr"", ""common_name"": """", ""score"": 0.015266631729900837}]"
/share/ftrscape/image_dataset/obs_318533969_photo_575706140.jpg,/gpfs_common/share03/ftrscape/snair3/wew_notebooks/outputs_sam/masked_crops/obs_318533969_photo_575706140_66__crop.png,Striatoandricus tenuicornis,Striatoandricus aciculatus,Striatoandricus furnessulus,Phylloporia amplectens,Andricus conificus,,0.35588476061820984,"[{""species"": ""Striatoandricus tenuicornis"", ""common_name"": """", ""score"": 0.35588476061820984}, {""species"": ""Striatoandricus aciculatus"", ""common_name"": """", ""score"": 0.2600889205932617}, {""species"": ""Striatoandricus furnessulus"", ""common_name"": """", ""score"": 0.15466883778572083}, {""species"": ""Phylloporia amplectens"", ""common_name"": """", ""score"": 0.02756311744451523}, {""species"": ""Andricus conificus"", ""common_name"": """", ""score"": 0.024313606321811676}]"
/share/ftrscape/image_dataset/obs_318533969_photo_575706140.jpg,/gpfs_common/share03/ftrscape/snair3/wew_notebooks/outputs_sam/masked_crops/obs_318533969_photo_575706140_67__crop.png,Striatoandricus tenuicornis,Striatoandricus aciculatus,Striatoandricus furnessulus,Phylloporia amplectens,Andricus conificus,,0.48645251989364624,"[{""species"": ""Striatoandricus tenuicornis"", ""common_name"": """", ""score"": 0.48645251989364624}, {""species"": ""Striatoandricus aciculatus"", ""common_name"": """", ""score"": 0.1609445959329605}, {""species"": ""Striatoandricus furnessulus"", ""common_name"": """", ""score"": 0.14376546442508698}, {""species"": ""Phylloporia amplectens"", ""common_name"": """", ""score"": 0.03571459278464317}, {""species"": ""Andricus conificus"", ""common_name"": """", ""score"": 0.02752303145825863}]"
/share/ftrscape/image_dataset/obs_318533969_photo_575706140.jpg,/gpfs_common/share03/ftrscape/snair3/wew_notebooks/outputs_sam/masked_crops/obs_318533969_photo_575706140_68__crop.png,Arctostaphylos pumila,Arctostaphylos pacifica,Arctostaphylos uva-ursi,Arctostaphylos nummularia,Arctostaphylos rudis,Sandmat manzanita,0.14635971188545227,"[{""species"": ""Arctostaphylos pumila"", ""common_name"": ""Sandmat manzanita"", ""score"": 0.14635971188545227}, {""species"": ""Arctostaphylos pacifica"", ""common_name"": """", ""score"": 0.12031232565641403}, {""species"": ""Arctostaphylos uva-ursi"", ""common_name"": ""Bearberry"", ""score"": 0.060881610959768295}, {""species"": ""Arctostaphylos nummularia"", ""common_name"": """", ""score"": 0.05754488334059715}, {""species"": ""Arctostaphylos rudis"", ""common_name"": """", ""score"": 0.04413330927491188}]"
/share/ftrscape/image_dataset/obs_319669394_photo_577875426.jpg,/gpfs_common/share03/ftrscape/snair3/wew_notebooks/outputs_sam/masked_crops/obs_319669394_photo_577875426_69__crop.png,Coleosporium elephantopodis,Mikronegeria fuchsiae,Coleosporium plumeriae,Melampsora euphorbiae-amygdaloidis,Coleosporium asterum,,0.3711833357810974,"[{""species"": ""Coleosporium elephantopodis"", ""common_name"": """", ""score"": 0.3711833357810974}, {""species"": ""Mikronegeria fuchsiae"", ""common_name"": """", ""score"": 0.04110080748796463}, {""species"": ""Coleosporium plumeriae"", ""common_name"": """", ""score"": 0.03841787949204445}, {""species"": ""Melampsora euphorbiae-amygdaloidis"", ""common_name"": """", ""score"": 0.0320340134203434}, {""species"": ""Coleosporium asterum"", ""common_name"": """", ""score"": 0.028417831286787987}]"
/share/ftrscape/image_dataset/obs_319669394_photo_577875426.jpg,/gpfs_common/share03/ftrscape/snair3/wew_notebooks/outputs_sam/masked_crops/obs_319669394_photo_577875426_70__crop.png,Cliona celata,Cinachyrella alloclada,Cinachyrella apion,Cliona vermifera,Phymanthea pluvia,Boring sponge,0.14791755378246307,"[{""species"": ""Cliona celata"", ""common_name"": ""Boring sponge"", ""score"": 0.14791755378246307}, {""species"": ""Cinachyrella alloclada"", ""common_name"": ""Orange ball sponge"", ""score"": 0.09957496076822281}, {""species"": ""Cinachyrella apion"", ""common_name"": ""Orange ball sponge"", ""score"": 0.04450584203004837}, {""species"": ""Cliona vermifera"", ""common_name"": ""Orange boring sponge"", ""score"": 0.03215261921286583}, {""species"": ""Phymanthea pluvia"", ""common_name"": """", ""score"": 0.026242399588227272}]"
/share/ftrscape/image_dataset/obs_319669394_photo_577875426.jpg,/gpfs_common/share03/ftrscape/snair3/wew_notebooks/outputs_sam/masked_crops/obs_319669394_photo_577875426_71__crop.png,Cheilymenia granulata,Cheilymenia fimicola,Hymeniacidon perlevis,Cheilymenia aurantiacorubra,Cheilymenia crucipila,Cowpat gem,0.03575439378619194,"[{""species"": ""Cheilymenia granulata"", ""common_name"": ""Cowpat gem"", ""score"": 0.03575439378619194}, {""species"": ""Cheilymenia fimicola"", ""common_name"": ""møg-hårbæger"", ""score"": 0.03320670872926712}, {""species"": ""Hymeniacidon perlevis"", ""common_name"": ""Crumb-of-bread sponge"", ""score"": 0.023738646879792213}, {""species"": ""Cheilymenia aurantiacorubra"", ""common_name"": """", ""score"": 0.020482894033193588}, {""species"": ""Cheilymenia crucipila"", ""common_name"": ""orange hårbæger"", ""score"": 0.019349217414855957}]"
/share/ftrscape/image_dataset/obs_319669394_photo_577875426.jpg,/gpfs_common/share03/ftrscape/snair3/wew_notebooks/outputs_sam/masked_crops/obs_319669394_photo_577875426_72__crop.png,Coleosporium elephantopodis,Coleosporium ipomoeae,Xylella fastidiosa,Kuehneola uredinis,Coleosporium begoniae,,0.10740624368190765,"[{""species"": ""Coleosporium elephantopodis"", ""common_name"": """", ""score"": 0.10740624368190765}, {""species"": ""Coleosporium ipomoeae"", ""common_name"": """", ""score"": 0.08372277021408081}, {""species"": ""Xylella fastidiosa"", ""common_name"": """", ""score"": 0.06098150461912155}, {""species"": ""Kuehneola uredinis"", ""common_name"": ""Bramble stem rust"", ""score"": 0.031695496290922165}, {""species"": ""Coleosporium begoniae"", ""common_name"": """", ""score"": 0.0313592329621315}]"
/share/ftrscape/image_dataset/obs_319669394_photo_577875426.jpg,/gpfs_common/share03/ftrscape/snair3/wew_notebooks/outputs_sam/masked_crops/obs_319669394_photo_577875426_73__crop.png,Ceratium carolinianum,Ceratium rhomvoides,Ceratium cornutum,Caryomyia turbanella,Xanthocarpia feracissima,,0.009773420169949532,"[{""species"": ""Ceratium carolinianum"", ""common_name"": """", ""score"": 0.009773420169949532}, {""species"": ""Ceratium rhomvoides"", ""common_name"": """", ""score"": 0.009614119306206703}, {""species"": ""Ceratium cornutum"", ""common_name"": """", ""score"": 0.006742016412317753}, {""species"": ""Caryomyia turbanella"", ""common_name"": """", ""score"": 0.006540970876812935}, {""species"": ""Xanthocarpia feracissima"", ""common_name"": ""Sidewalk firedot"", ""score"": 0.006242057308554649}]"
/share/ftrscape/image_dataset/obs_321389820_photo_581234419.jpg,/gpfs_common/share03/ftrscape/snair3/wew_notebooks/outputs_sam/masked_crops/obs_321389820_photo_581234419_74__crop.png,Somateria mollissima,Somateria spectabilis,Polysticta stelleri,Somateria fischeri,Pholis gunnellus,Common Eider,0.9400479197502136,"[{""species"": ""Somateria mollissima"", ""common_name"": ""Common Eider"", ""score"": 0.9400479197502136}, {""species"": ""Somateria spectabilis"", ""common_name"": ""King eider"", ""score"": 0.020489636808633804}, {""species"": ""Polysticta stelleri"", ""common_name"": ""Steller's eider"", ""score"": 0.0029766662046313286}, {""species"": ""Somateria fischeri"", ""common_name"": ""Spectacled eider"", ""score"": 0.0005551667418330908}, {""species"": ""Pholis gunnellus"", ""common_name"": ""Butterfish"", ""score"": 0.0004626045119948685}]"
/share/ftrscape/image_dataset/obs_321389820_photo_581234419.jpg,/gpfs_common/share03/ftrscape/snair3/wew_notebooks/outputs_sam/masked_crops/obs_321389820_photo_581234419_75__crop.png,Somateria mollissima,Somateria spectabilis,Polysticta stelleri,Somateria fischeri,Pholis gunnellus,Common Eider,0.9711632132530212,"[{""species"": ""Somateria mollissima"", ""common_name"": ""Common Eider"", ""score"": 0.9711632132530212}, {""species"": ""Somateria spectabilis"", ""common_name"": ""King eider"", ""score"": 0.017884908244013786}, {""species"": ""Polysticta stelleri"", ""common_name"": ""Steller's eider"", ""score"": 0.0020719715394079685}, {""species"": ""Somateria fischeri"", ""common_name"": ""Spectacled eider"", ""score"": 0.0001757177960826084}, {""species"": ""Pholis gunnellus"", ""common_name"": ""Butterfish"", ""score"": 0.00016606063582003117}]"
/share/ftrscape/image_dataset/obs_321389820_photo_581234419.jpg,/gpfs_common/share03/ftrscape/snair3/wew_notebooks/outputs_sam/masked_crops/obs_321389820_photo_581234419_76__crop.png,Somateria mollissima,Somateria spectabilis,Polysticta stelleri,Somateria fischeri,Asterias rubens,Common Eider,0.9742023348808289,"[{""species"": ""Somateria mollissima"", ""common_name"": ""Common Eider"", ""score"": 0.9742023348808289}, {""species"": ""Somateria spectabilis"", ""common_name"": ""King eider"", ""score"": 0.010762467049062252}, {""species"": ""Polysticta stelleri"", ""common_name"": ""Steller's eider"", ""score"": 0.0026474958285689354}, {""species"": ""Somateria fischeri"", ""common_name"": ""Spectacled eider"", ""score"": 0.00016451653209514916}, {""species"": ""Asterias rubens"", ""common_name"": ""Common starfish"", ""score"": 0.00015829488984309137}]"
/share/ftrscape/image_dataset/obs_321389820_photo_581234419.jpg,/gpfs_common/share03/ftrscape/snair3/wew_notebooks/outputs_sam/masked_crops/obs_321389820_photo_581234419_77__crop.png,Somateria mollissima,Somateria spectabilis,Polysticta stelleri,Sula dactylatra,Clangula hyemalis,Common Eider,0.7843515276908875,"[{""species"": ""Somateria mollissima"", ""common_name"": ""Common Eider"", ""score"": 0.7843515276908875}, {""species"": ""Somateria spectabilis"", ""common_name"": ""King eider"", ""score"": 0.06612386554479599}, {""species"": ""Polysticta stelleri"", ""common_name"": ""Steller's eider"", ""score"": 0.02127228118479252}, {""species"": ""Sula dactylatra"", ""common_name"": ""Masked Booby"", ""score"": 0.02065606229007244}, {""species"": ""Clangula hyemalis"", ""common_name"": ""Long-tailed duck"", ""score"": 0.014211318455636501}]"
/share/ftrscape/image_dataset/obs_321389820_photo_581234419.jpg,/gpfs_common/share03/ftrscape/snair3/wew_notebooks/outputs_sam/masked_crops/obs_321389820_photo_581234419_78__crop.png,Somateria mollissima,Somateria spectabilis,Polysticta stelleri,Pholis gunnellus,Ponticola kessleri,Common Eider,0.9746479988098145,"[{""species"": ""Somateria mollissima"", ""common_name"": ""Common Eider"", ""score"": 0.9746479988098145}, {""species"": ""Somateria spectabilis"", ""common_name"": ""King eider"", ""score"": 0.01301205437630415}, {""species"": ""Polysticta stelleri"", ""common_name"": ""Steller's eider"", ""score"": 0.0023771130945533514}, {""species"": ""Pholis gunnellus"", ""common_name"": ""Butterfish"", ""score"": 0.0001612285996088758}, {""species"": ""Ponticola kessleri"", ""common_name"": ""Bighead goby"", ""score"": 0.00014790314889978617}]"
/share/ftrscape/image_dataset/obs_323944435_photo_586236533.jpg,/gpfs_common/share03/ftrscape/snair3/wew_notebooks/outputs_sam/masked_crops/obs_323944435_photo_586236533_79__crop.png,Gymnosporangium juniperi-virginianae,Gymnosporangium aurantiacum,Gymnosporangium clavipes,Gymnosporangium cupressi,Walshomyia texana,Juniper-apple rust,0.9528136849403381,"[{""species"": ""Gymnosporangium juniperi-virginianae"", ""common_name"": ""Juniper-apple rust"", ""score"": 0.9528136849403381}, {""species"": ""Gymnosporangium aurantiacum"", ""common_name"": """", ""score"": 0.002983918646350503}, {""species"": ""Gymnosporangium clavipes"", ""common_name"": ""Quince rust"", ""score"": 0.002536711748689413}, {""species"": ""Gymnosporangium cupressi"", ""common_name"": """", ""score"": 0.002466311678290367}, {""species"": ""Walshomyia texana"", ""common_name"": """", ""score"": 0.0015495728002861142}]"
/share/ftrscape/image_dataset/obs_323944435_photo_586236533.jpg,/gpfs_common/share03/ftrscape/snair3/wew_notebooks/outputs_sam/masked_crops/obs_323944435_photo_586236533_80__crop.png,Gymnosporangium juniperi-virginianae,Gymnosporangium clavipes,Gymnosporangium aurantiacum,Gymnosporangium cupressi,Walshomyia texana,Juniper-apple rust,0.947664201259613,"[{""species"": ""Gymnosporangium juniperi-virginianae"", ""common_name"": ""Juniper-apple rust"", ""score"": 0.947664201259613}, {""species"": ""Gymnosporangium clavipes"", ""common_name"": ""Quince rust"", ""score"": 0.0034953667782247066}, {""species"": ""Gymnosporangium aurantiacum"", ""common_name"": """", ""score"": 0.0030329604633152485}, {""species"": ""Gymnosporangium cupressi"", ""common_name"": """", ""score"": 0.0022968340199440718}, {""species"": ""Walshomyia texana"", ""common_name"": """", ""score"": 0.0013809625525027514}]"
/share/ftrscape/image_dataset/obs_323944435_photo_586236533.jpg,/gpfs_common/share03/ftrscape/snair3/wew_notebooks/outputs_sam/masked_crops/obs_323944435_photo_586236533_81__crop.png,Gymnosporangium juniperi-virginianae,Walshomyia texana,Monilinia corni,Gymnosporangium clavipes,Gymnosporangium floriforme,Juniper-apple rust,0.8007236123085022,"[{""species"": ""Gymnosporangium juniperi-virginianae"", ""common_name"": ""Juniper-apple rust"", ""score"": 0.8007236123085022}, {""species"": ""Walshomyia texana"", ""common_name"": """", ""score"": 0.013696931302547455}, {""species"": ""Monilinia corni"", ""common_name"": """", ""score"": 0.012600214220583439}, {""species"": ""Gymnosporangium clavipes"", ""common_name"": ""Quince rust"", ""score"": 0.010683958418667316}, {""species"": ""Gymnosporangium floriforme"", ""common_name"": """", ""score"": 0.008578253909945488}]"
/share/ftrscape/image_dataset/obs_323944435_photo_586236533.jpg,/gpfs_common/share03/ftrscape/snair3/wew_notebooks/outputs_sam/masked_crops/obs_323944435_photo_586236533_82__crop.png,Gymnosporangium juniperi-virginianae,Gymnosporangium aurantiacum,Gymnosporangium clavipes,Gymnosporangium cupressi,Gymnosporangium trachysorum,Juniper-apple rust,0.867844820022583,"[{""species"": ""Gymnosporangium juniperi-virginianae"", ""common_name"": ""Juniper-apple rust"", ""score"": 0.867844820022583}, {""species"": ""Gymnosporangium aurantiacum"", ""common_name"": """", ""score"": 0.015306154265999794}, {""species"": ""Gymnosporangium clavipes"", ""common_name"": ""Quince rust"", ""score"": 0.009019811637699604}, {""species"": ""Gymnosporangium cupressi"", ""common_name"": """", ""score"": 0.007463381625711918}, {""species"": ""Gymnosporangium trachysorum"", ""common_name"": """", ""score"": 0.00687658553943038}]"
/share/ftrscape/image_dataset/obs_323944435_photo_586236533.jpg,/gpfs_common/share03/ftrscape/snair3/wew_notebooks/outputs_sam/masked_crops/obs_323944435_photo_586236533_83__crop.png,Gymnosporangium juniperi-virginianae,Gymnosporangium clavipes,Walshomyia texana,Gymnosporangium aurantiacum,Gymnosporangium floriforme,Juniper-apple rust,0.8470006585121155,"[{""species"": ""Gymnosporangium juniperi-virginianae"", ""common_name"": ""Juniper-apple rust"", ""score"": 0.8470006585121155}, {""species"": ""Gymnosporangium clavipes"", ""common_name"": ""Quince rust"", ""score"": 0.01187573466449976}, {""species"": ""Walshomyia texana"", ""common_name"": """", ""score"": 0.011192708276212215}, {""species"": ""Gymnosporangium aurantiacum"", ""common_name"": """", ""score"": 0.010012662038207054}, {""species"": ""Gymnosporangium floriforme"", ""common_name"": """", ""score"": 0.007016466464847326}]"
/share/ftrscape/image_dataset/obs_325267824_photo_588882003.jpg,/gpfs_common/share03/ftrscape/snair3/wew_notebooks/outputs_sam/masked_crops/obs_325267824_photo_588882003_84__crop.png,Harmonia axyridis,Hesperomyces harmoniae,Hesperomyces virescens,Dinocampus coccinellae,Harmonia yedoensis,Harlequin ladybird,0.7055805921554565,"[{""species"": ""Harmonia axyridis"", ""common_name"": ""Harlequin ladybird"", ""score"": 0.7055805921554565}, {""species"": ""Hesperomyces harmoniae"", ""common_name"": """", ""score"": 0.1376645416021347}, {""species"": ""Hesperomyces virescens"", ""common_name"": ""Green beetle hanger"", ""score"": 0.02854621782898903}, {""species"": ""Dinocampus coccinellae"", ""common_name"": ""Braconid wasp"", ""score"": 0.007069000042974949}, {""species"": ""Harmonia yedoensis"", ""common_name"": """", ""score"": 0.007055690512061119}]"
/share/ftrscape/image_dataset/obs_325267824_photo_588882003.jpg,/gpfs_common/share03/ftrscape/snair3/wew_notebooks/outputs_sam/masked_crops/obs_325267824_photo_588882003_85__crop.png,Harmonia axyridis,Hesperomyces harmoniae,Hesperomyces virescens,Harmonia yedoensis,Dinocampus coccinellae,Harlequin ladybird,0.7166783213615417,"[{""species"": ""Harmonia axyridis"", ""common_name"": ""Harlequin ladybird"", ""score"": 0.7166783213615417}, {""species"": ""Hesperomyces harmoniae"", ""common_name"": """", ""score"": 0.1082245334982872}, {""species"": ""Hesperomyces virescens"", ""common_name"": ""Green beetle hanger"", ""score"": 0.02134793996810913}, {""species"": ""Harmonia yedoensis"", ""common_name"": """", ""score"": 0.009833111427724361}, {""species"": ""Dinocampus coccinellae"", ""common_name"": ""Braconid wasp"", ""score"": 0.0083458898589015}]"
/share/ftrscape/image_dataset/obs_325267824_photo_588882003.jpg,/gpfs_common/share03/ftrscape/snair3/wew_notebooks/outputs_sam/masked_crops/obs_325267824_photo_588882003_86__crop.png,Demodex canis,Phereoeca uterella,Aphanostoma bajaensis,Thormora argus,Willowsia nigromaculata,,0.00677498010918498,"[{""species"": ""Demodex canis"", ""common_name"": """", ""score"": 0.00677498010918498}, {""species"": ""Phereoeca uterella"", ""common_name"": """", ""score"": 0.005359000060707331}, {""species"": ""Aphanostoma bajaensis"", ""common_name"": """", ""score"": 0.004706337116658688}, {""species"": ""Thormora argus"", ""common_name"": ""Scale Worm"", ""score"": 0.003470499999821186}, {""species"": ""Willowsia nigromaculata"", ""common_name"": """", ""score"": 0.003126974683254957}]"
/share/ftrscape/image_dataset/obs_325625055_photo_589595206.jpg,/gpfs_common/share03/ftrscape/snair3/wew_notebooks/outputs_sam/masked_crops/obs_325625055_photo_589595206_87__crop.png,Gnomonia caryae,Plagiostoma fraxini,Asimina triloba,Mycosphaerella fraxinicola,Pollaccia americana,,0.0559452623128891,"[{""species"": ""Gnomonia caryae"", ""common_name"": """", ""score"": 0.0559452623128891}, {""species"": ""Plagiostoma fraxini"", ""common_name"": """", ""score"": 0.033045217394828796}, {""species"": ""Asimina triloba"", ""common_name"": ""Common Pawpaw"", ""score"": 0.03284915164113045}, {""species"": ""Mycosphaerella fraxinicola"", ""common_name"": """", ""score"": 0.02686946839094162}, {""species"": ""Pollaccia americana"", ""common_name"": """", ""score"": 0.018416302278637886}]"
/share/ftrscape/image_dataset/obs_325625055_photo_589595206.jpg,/gpfs_common/share03/ftrscape/snair3/wew_notebooks/outputs_sam/masked_crops/obs_325625055_photo_589595206_88__crop.png,Asimina triloba,Magnolia tripetala,Coptodisca diospyriella,Aceria carlinae,Gnomonia caryae,Common Pawpaw,0.4761437475681305,"[{""species"": ""Asimina triloba"", ""common_name"": ""Common Pawpaw"", ""score"": 0.4761437475681305}, {""species"": ""Magnolia tripetala"", ""common_name"": ""umbrella magnolia"", ""score"": 0.026465311646461487}, {""species"": ""Coptodisca diospyriella"", ""common_name"": """", ""score"": 0.024069013074040413}, {""species"": ""Aceria carlinae"", ""common_name"": """", ""score"": 0.017203709110617638}, {""species"": ""Gnomonia caryae"", ""common_name"": """", ""score"": 0.016077883541584015}]"
/share/ftrscape/image_dataset/obs_326876805_photo_592092171.jpg,/gpfs_common/share03/ftrscape/snair3/wew_notebooks/outputs_sam/masked_crops/obs_326876805_photo_592092171_89__crop.png,Rhytisma acerinum,Rhytisma americanum,Phyllachora maydis,Rhytisma punctatum,Rhytisma decolorans,European tar spot,0.7190157771110535,"[{""species"": ""Rhytisma acerinum"", ""common_name"": ""European tar spot"", ""score"": 0.7190157771110535}, {""species"": ""Rhytisma americanum"", ""common_name"": ""American tar spot"", ""score"": 0.04935517534613609}, {""species"": ""Phyllachora maydis"", ""common_name"": ""Tar spot"", ""score"": 0.026944927871227264}, {""species"": ""Rhytisma punctatum"", ""common_name"": ""Speckled tar spot"", ""score"": 0.014562561176717281}, {""species"": ""Rhytisma decolorans"", ""common_name"": """", ""score"": 0.006252442020922899}]"
/share/ftrscape/image_dataset/obs_326876805_photo_592092171.jpg,/gpfs_common/share03/ftrscape/snair3/wew_notebooks/outputs_sam/masked_crops/obs_326876805_photo_592092171_90__crop.png,Rhytisma acerinum,Phyllachora maydis,Rhytisma americanum,Rhytisma punctatum,Rhytisma asteris,European tar spot,0.7177228927612305,"[{""species"": ""Rhytisma acerinum"", ""common_name"": ""European tar spot"", ""score"": 0.7177228927612305}, {""species"": ""Phyllachora maydis"", ""common_name"": ""Tar spot"", ""score"": 0.024001197889447212}, {""species"": ""Rhytisma americanum"", ""common_name"": ""American tar spot"", ""score"": 0.019710641354322433}, {""species"": ""Rhytisma punctatum"", ""common_name"": ""Speckled tar spot"", ""score"": 0.011221789754927158}, {""species"": ""Rhytisma asteris"", ""common_name"": """", ""score"": 0.006824403069913387}]"
/share/ftrscape/image_dataset/obs_326876805_photo_592092171.jpg,/gpfs_common/share03/ftrscape/snair3/wew_notebooks/outputs_sam/masked_crops/obs_326876805_photo_592092171_91__crop.png,Rhytisma acerinum,Rhytisma americanum,Rhytisma punctatum,Rhytisma liriodendri,Phyllachora maydis,European tar spot,0.8868889212608337,"[{""species"": ""Rhytisma acerinum"", ""common_name"": ""European tar spot"", ""score"": 0.8868889212608337}, {""species"": ""Rhytisma americanum"", ""common_name"": ""American tar spot"", ""score"": 0.016219666227698326}, {""species"": ""Rhytisma punctatum"", ""common_name"": ""Speckled tar spot"", ""score"": 0.009132345207035542}, {""species"": ""Rhytisma liriodendri"", ""common_name"": """", ""score"": 0.00433357385918498}, {""species"": ""Phyllachora maydis"", ""common_name"": ""Tar spot"", ""score"": 0.004072103183716536}]"
/share/ftrscape/image_dataset/obs_326876805_photo_592092171.jpg,/gpfs_common/share03/ftrscape/snair3/wew_notebooks/outputs_sam/masked_crops/obs_326876805_photo_592092171_92__crop.png,Rhytisma acerinum,Rhytisma americanum,Rhytisma asteris,Phyllachora maydis,Rhytisma punctatum,European tar spot,0.7188422083854675,"[{""species"": ""Rhytisma acerinum"", ""common_name"": ""European tar spot"", ""score"": 0.7188422083854675}, {""species"": ""Rhytisma americanum"", ""common_name"": ""American tar spot"", ""score"": 0.03583357855677605}, {""species"": ""Rhytisma asteris"", ""common_name"": """", ""score"": 0.022026123479008675}, {""species"": ""Phyllachora maydis"", ""common_name"": ""Tar spot"", ""score"": 0.012657614424824715}, {""species"": ""Rhytisma punctatum"", ""common_name"": ""Speckled tar spot"", ""score"": 0.007420165464282036}]"
/share/ftrscape/image_dataset/obs_326876805_photo_592092171.jpg,/gpfs_common/share03/ftrscape/snair3/wew_notebooks/outputs_sam/masked_crops/obs_326876805_photo_592092171_93__crop.png,Rhytisma acerinum,Rhytisma americanum,Rhytisma punctatum,Phyllachora maydis,Rhytisma decolorans,European tar spot,0.8234699964523315,"[{""species"": ""Rhytisma acerinum"", ""common_name"": ""European tar spot"", ""score"": 0.8234699964523315}, {""species"": ""Rhytisma americanum"", ""common_name"": ""American tar spot"", ""score"": 0.07129770517349243}, {""species"": ""Rhytisma punctatum"", ""common_name"": ""Speckled tar spot"", ""score"": 0.0090175811201334}, {""species"": ""Phyllachora maydis"", ""common_name"": ""Tar spot"", ""score"": 0.007206357084214687}, {""species"": ""Rhytisma decolorans"", ""common_name"": """", ""score"": 0.0023061740212142467}]"
/share/ftrscape/image_dataset/obs_327076113_photo_592488640.jpg,/gpfs_common/share03/ftrscape/snair3/wew_notebooks/outputs_sam/masked_crops/obs_327076113_photo_592488640_94__crop.png,Creniola breviceps,Apeltes quadracus,Nuchequula glenysae,Spinachia spinachia,Nuchequula nuchalis,,0.14064623415470123,"[{""species"": ""Creniola breviceps"", ""common_name"": """", ""score"": 0.14064623415470123}, {""species"": ""Apeltes quadracus"", ""common_name"": ""Fourspine stickleback"", ""score"": 0.07611530274152756}, {""species"": ""Nuchequula glenysae"", ""common_name"": ""Twoblotch Ponyfish"", ""score"": 0.07520156353712082}, {""species"": ""Spinachia spinachia"", ""common_name"": ""Fifteen-spined stickleback"", ""score"": 0.06627963483333588}, {""species"": ""Nuchequula nuchalis"", ""common_name"": ""Spotnape ponyfish"", ""score"": 0.030994325876235962}]"
/share/ftrscape/image_dataset/obs_327076113_photo_592488640.jpg,/gpfs_common/share03/ftrscape/snair3/wew_notebooks/outputs_sam/masked_crops/obs_327076113_photo_592488640_95__crop.png,Creniola breviceps,Nuchequula glenysae,Nuchequula blochii,Nuchequula nuchalis,Apeltes quadracus,,0.35177871584892273,"[{""species"": ""Creniola breviceps"", ""common_name"": """", ""score"": 0.35177871584892273}, {""species"": ""Nuchequula glenysae"", ""common_name"": ""Twoblotch Ponyfish"", ""score"": 0.07646911591291428}, {""species"": ""Nuchequula blochii"", ""common_name"": ""Twoblotch ponyfish"", ""score"": 0.031395073980093}, {""species"": ""Nuchequula nuchalis"", ""common_name"": ""Spotnape ponyfish"", ""score"": 0.029978878796100616}, {""species"": ""Apeltes quadracus"", ""common_name"": ""Fourspine stickleback"", ""score"": 0.02222510427236557}]"
/share/ftrscape/image_dataset/obs_327076113_photo_592488640.jpg,/gpfs_common/share03/ftrscape/snair3/wew_notebooks/outputs_sam/masked_crops/obs_327076113_photo_592488640_96__crop.png,Anthopleura dixoniana,Thalassianthus aster,Aulactinia stella,Anthopleura hermaphroditica,Mopalia vespertina,,0.07013548165559769,"[{""species"": ""Anthopleura dixoniana"", ""common_name"": """", ""score"": 0.07013548165559769}, {""species"": ""Thalassianthus aster"", ""common_name"": """", ""score"": 0.05572438985109329}, {""species"": ""Aulactinia stella"", ""common_name"": ""Silver-spotted sea anemone"", ""score"": 0.04145921394228935}, {""species"": ""Anthopleura hermaphroditica"", ""common_name"": ""Sea Anemone"", ""score"": 0.041216373443603516}, {""species"": ""Mopalia vespertina"", ""common_name"": """", ""score"": 0.029362672939896584}]"
/share/ftrscape/image_dataset/obs_327076113_photo_592488640.jpg,/gpfs_common/share03/ftrscape/snair3/wew_notebooks/outputs_sam/masked_crops/obs_327076113_photo_592488640_97__crop.png,Anthopleura handi,Anthopleura dixoniana,Gyractis sesere,Parantheopsis cruentata,Anthopleura hermaphroditica,,0.36056971549987793,"[{""species"": ""Anthopleura handi"", ""common_name"": """", ""score"": 0.36056971549987793}, {""species"": ""Anthopleura dixoniana"", ""common_name"": """", ""score"": 0.20434747636318207}, {""species"": ""Gyractis sesere"", ""common_name"": """", ""score"": 0.15975786745548248}, {""species"": ""Parantheopsis cruentata"", ""common_name"": ""Sea Anemone"", ""score"": 0.04695703834295273}, {""species"": ""Anthopleura hermaphroditica"", ""common_name"": ""Sea Anemone"", ""score"": 0.029167858883738518}]"
/share/ftrscape/image_dataset/obs_327076113_photo_592488640.jpg,/gpfs_common/share03/ftrscape/snair3/wew_notebooks/outputs_sam/masked_crops/obs_327076113_photo_592488640_98__crop.png,Gasterosteus aculeatus,Gasterosteus microcephalus,Gasterosteus wheatlandi,Gasterosteus islandicus,Pungitius pungitius,Three-spined stickleback,0.4842383861541748,"[{""species"": ""Gasterosteus aculeatus"", ""common_name"": ""Three-spined stickleback"", ""score"": 0.4842383861541748}, {""species"": ""Gasterosteus microcephalus"", ""common_name"": """", ""score"": 0.2543884515762329}, {""species"": ""Gasterosteus wheatlandi"", ""common_name"": ""Blackspotted stickleback"", ""score"": 0.1273682415485382}, {""species"": ""Gasterosteus islandicus"", ""common_name"": ""Icelandic stickleback"", ""score"": 0.03268168121576309}, {""species"": ""Pungitius pungitius"", ""common_name"": ""Nine-spined stickleback"", ""score"": 0.02302497997879982}]"
/share/ftrscape/image_dataset/obs_331752340_photo_601901044.jpg,/gpfs_common/share03/ftrscape/snair3/wew_notebooks/outputs_sam/masked_crops/obs_331752340_photo_601901044_99__crop.png,Diaporthe kalmiae,Pseudocercospora kaki,Neolasioptera linderae,Symplocos tinctoria,Coptodisca diospyriella,,0.11416357755661011,"[{""species"": ""Diaporthe kalmiae"", ""common_name"": """", ""score"": 0.11416357755661011}, {""species"": ""Pseudocercospora kaki"", ""common_name"": """", ""score"": 0.07673707604408264}, {""species"": ""Neolasioptera linderae"", ""common_name"": """", ""score"": 0.04994595795869827}, {""species"": ""Symplocos tinctoria"", ""common_name"": ""Horse-sugar"", ""score"": 0.04953119531273842}, {""species"": ""Coptodisca diospyriella"", ""common_name"": """", ""score"": 0.032016608864068985}]"
/share/ftrscape/image_dataset/obs_331752340_photo_601901044.jpg,/gpfs_common/share03/ftrscape/snair3/wew_notebooks/outputs_sam/masked_crops/obs_331752340_photo_601901044_100__crop.png,Paraconiothyrium tiliae,Rhytisma punctatum,Cosmospora khandalensis,Stegophora ulmea,Mycosphaerella sassafras,,0.3111865818500519,"[{""species"": ""Paraconiothyrium tiliae"", ""common_name"": """", ""score"": 0.3111865818500519}, {""species"": ""Rhytisma punctatum"", ""common_name"": ""Speckled tar spot"", ""score"": 0.08873435854911804}, {""species"": ""Cosmospora khandalensis"", ""common_name"": """", ""score"": 0.0187070369720459}, {""species"": ""Stegophora ulmea"", ""common_name"": ""Black spot of elm"", ""score"": 0.01836075261235237}, {""species"": ""Mycosphaerella sassafras"", ""common_name"": """", ""score"": 0.016958003863692284}]"
/share/ftrscape/image_dataset/obs_331752340_photo_601901044.jpg,/gpfs_common/share03/ftrscape/snair3/wew_notebooks/outputs_sam/masked_crops/obs_331752340_photo_601901044_101__crop.png,Mycosphaerella sassafras,Pseudocercospora smilacicola,Pseudocercospora kaki,Discula sassafras,Rhytisma decolorans,,0.17711541056632996,"[{""species"": ""Mycosphaerella sassafras"", ""common_name"": """", ""score"": 0.17711541056632996}, {""species"": ""Pseudocercospora smilacicola"", ""common_name"": """", ""score"": 0.06718902289867401}, {""species"": ""Pseudocercospora kaki"", ""common_name"": """", ""score"": 0.06290911883115768}, {""species"": ""Discula sassafras"", ""common_name"": """", ""score"": 0.02128763496875763}, {""species"": ""Rhytisma decolorans"", ""common_name"": """", ""score"": 0.020454786717891693}]"
/share/ftrscape/image_dataset/obs_331752340_photo_601901044.jpg,/gpfs_common/share03/ftrscape/snair3/wew_notebooks/outputs_sam/masked_crops/obs_331752340_photo_601901044_102__crop.png,Paraconiothyrium tiliae,Resseliella liriodendri,Passalora chionea,Caryomyia caryae,Rhytisma punctatum,,0.04425448179244995,"[{""species"": ""Paraconiothyrium tiliae"", ""common_name"": """", ""score"": 0.04425448179244995}, {""species"": ""Resseliella liriodendri"", ""common_name"": ""Tulip tree leaf spot gall midge"", ""score"": 0.040660109370946884}, {""species"": ""Passalora chionea"", ""common_name"": """", ""score"": 0.03841143473982811}, {""species"": ""Caryomyia caryae"", ""common_name"": """", ""score"": 0.03545139357447624}, {""species"": ""Rhytisma punctatum"", ""common_name"": ""Speckled tar spot"", ""score"": 0.02313140407204628}]"
/share/ftrscape/image_dataset/obs_331752340_photo_601901044.jpg,/gpfs_common/share03/ftrscape/snair3/wew_notebooks/outputs_sam/masked_crops/obs_331752340_photo_601901044_103__crop.png,Resseliella liriodendri,Phyllocnistis liriodendronella,Liriodendron tulipifera,Ophiognomonia sassafras,Mycosphaerella sassafras,Tulip tree leaf spot gall midge,0.058162055909633636,"[{""species"": ""Resseliella liriodendri"", ""common_name"": ""Tulip tree leaf spot gall midge"", ""score"": 0.058162055909633636}, {""species"": ""Phyllocnistis liriodendronella"", ""common_name"": ""Tulip tree leaf miner"", ""score"": 0.05507218837738037}, {""species"": ""Liriodendron tulipifera"", ""common_name"": ""Tulip tree"", ""score"": 0.053480517119169235}, {""species"": ""Ophiognomonia sassafras"", ""common_name"": """", ""score"": 0.026656581088900566}, {""species"": ""Mycosphaerella sassafras"", ""common_name"": """", ""score"": 0.024594128131866455}]"
/share/ftrscape/image_dataset/obs_331831594_photo_602051260.jpg,/gpfs_common/share03/ftrscape/snair3/wew_notebooks/outputs_sam/masked_crops/obs_331831594_photo_602051260_104__crop.png,Ariolimax brachyphallus,Ariolimax californicus,Ariolimax stramineus,Ariolimax dolichophallus,Ariolimax buttoni,,0.34381115436553955,"[{""species"": ""Ariolimax brachyphallus"", ""common_name"": """", ""score"": 0.34381115436553955}, {""species"": ""Ariolimax californicus"", ""common_name"": ""California banana slug"", ""score"": 0.24833981692790985}, {""species"": ""Ariolimax stramineus"", ""common_name"": """", ""score"": 0.17921259999275208}, {""species"": ""Ariolimax dolichophallus"", ""common_name"": ""Slender banana slug"", ""score"": 0.1338609904050827}, {""species"": ""Ariolimax buttoni"", ""common_name"": """", ""score"": 0.03618134930729866}]"
/share/ftrscape/image_dataset/obs_331831594_photo_602051260.jpg,/gpfs_common/share03/ftrscape/snair3/wew_notebooks/outputs_sam/masked_crops/obs_331831594_photo_602051260_105__crop.png,Caulorhiza umbonata,Phaeocollybia deceptiva,Phaeocollybia californica,Phaeocollybia attenuata,Phaeocollybia oregonensis,,0.26664575934410095,"[{""species"": ""Caulorhiza umbonata"", ""common_name"": """", ""score"": 0.26664575934410095}, {""species"": ""Phaeocollybia deceptiva"", ""common_name"": """", ""score"": 0.11972630769014359}, {""species"": ""Phaeocollybia californica"", ""common_name"": """", ""score"": 0.08410247415304184}, {""species"": ""Phaeocollybia attenuata"", ""common_name"": """", ""score"": 0.06104021146893501}, {""species"": ""Phaeocollybia oregonensis"", ""common_name"": """", ""score"": 0.052902933210134506}]"
/share/ftrscape/image_dataset/obs_331831594_photo_602051260.jpg,/gpfs_common/share03/ftrscape/snair3/wew_notebooks/outputs_sam/masked_crops/obs_331831594_photo_602051260_106__crop.png,Caulorhiza umbonata,Phaeocollybia pseudofestiva,Phaeocollybia californica,Phaeocollybia oregonensis,Phaeocollybia fallax,,0.24402646720409393,"[{""species"": ""Caulorhiza umbonata"", ""common_name"": """", ""score"": 0.24402646720409393}, {""species"": ""Phaeocollybia pseudofestiva"", ""common_name"": """", ""score"": 0.08035482466220856}, {""species"": ""Phaeocollybia californica"", ""common_name"": """", ""score"": 0.07937807589769363}, {""species"": ""Phaeocollybia oregonensis"", ""common_name"": """", ""score"": 0.06670497357845306}, {""species"": ""Phaeocollybia fallax"", ""common_name"": """", ""score"": 0.060327328741550446}]"
/share/ftrscape/image_dataset/obs_332241462_photo_602909620.jpg,/gpfs_common/share03/ftrscape/snair3/wew_notebooks/outputs_sam/masked_crops/obs_332241462_photo_602909620_107__crop.png,Taricha torosa,Taricha granulosa,Taricha sierrae,Taricha rivularis,Ambystoma californiense,California newt,0.5106776356697083,"[{""species"": ""Taricha torosa"", ""common_name"": ""California newt"", ""score"": 0.5106776356697083}, {""species"": ""Taricha granulosa"", ""common_name"": ""Roughskin newt"", ""score"": 0.26398974657058716}, {""species"": ""Taricha sierrae"", ""common_name"": ""Sierra newt"", ""score"": 0.14581680297851562}, {""species"": ""Taricha rivularis"", ""common_name"": ""Red-bellied newt"", ""score"": 0.055485330522060394}, {""species"": ""Ambystoma californiense"", ""common_name"": ""California tiger salamander"", ""score"": 0.0016414506826549768}]"
/share/ftrscape/image_dataset/obs_332241462_photo_602909620.jpg,/gpfs_common/share03/ftrscape/snair3/wew_notebooks/outputs_sam/masked_crops/obs_332241462_photo_602909620_108__crop.png,Ariolimax buttoni,Ariolimax columbianus,Ariolimax brachyphallus,Ariolimax stramineus,Ariolimax californicus,,0.9137587547302246,"[{""species"": ""Ariolimax buttoni"", ""common_name"": """", ""score"": 0.9137587547302246}, {""species"": ""Ariolimax columbianus"", ""common_name"": ""Pacific banana slug"", ""score"": 0.0558132603764534}, {""species"": ""Ariolimax brachyphallus"", ""common_name"": """", ""score"": 0.016279183328151703}, {""species"": ""Ariolimax stramineus"", ""common_name"": """", ""score"": 0.008215970359742641}, {""species"": ""Ariolimax californicus"", ""common_name"": ""California banana slug"", ""score"": 0.0017917752265930176}]"
/share/ftrscape/image_dataset/obs_332241462_photo_602909620.jpg,/gpfs_common/share03/ftrscape/snair3/wew_notebooks/outputs_sam/masked_crops/obs_332241462_photo_602909620_109__crop.png,Taricha torosa,Taricha granulosa,Taricha sierrae,Taricha rivularis,Ambystoma californiense,California newt,0.49180710315704346,"[{""species"": ""Taricha torosa"", ""common_name"": ""California newt"", ""score"": 0.49180710315704346}, {""species"": ""Taricha granulosa"", ""common_name"": ""Roughskin newt"", ""score"": 0.23482760787010193}, {""species"": ""Taricha sierrae"", ""common_name"": ""Sierra newt"", ""score"": 0.18863746523857117}, {""species"": ""Taricha rivularis"", ""common_name"": ""Red-bellied newt"", ""score"": 0.058440275490283966}, {""species"": ""Ambystoma californiense"", ""common_name"": ""California tiger salamander"", ""score"": 0.002453321125358343}]"
/share/ftrscape/image_dataset/obs_332241462_photo_602909620.jpg,/gpfs_common/share03/ftrscape/snair3/wew_notebooks/outputs_sam/masked_crops/obs_332241462_photo_602909620_110__crop.png,Ariolimax buttoni,Ariolimax columbianus,Ariolimax brachyphallus,Ariolimax stramineus,Ariolimax californicus,,0.8710256814956665,"[{""species"": ""Ariolimax buttoni"", ""common_name"": """", ""score"": 0.8710256814956665}, {""species"": ""Ariolimax columbianus"", ""common_name"": ""Pacific banana slug"", ""score"": 0.10398316383361816}, {""species"": ""Ariolimax brachyphallus"", ""common_name"": """", ""score"": 0.011691447347402573}, {""species"": ""Ariolimax stramineus"", ""common_name"": """", ""score"": 0.005937245208770037}, {""species"": ""Ariolimax californicus"", ""common_name"": ""California banana slug"", ""score"": 0.0018956606509163976}]"
/share/ftrscape/image_dataset/obs_333144263_photo_501540234.jpg,/gpfs_common/share03/ftrscape/snair3/wew_notebooks/outputs_sam/masked_crops/obs_333144263_photo_501540234_111__crop.png,Physcia aipolia,Physcia alnophila,Physcia stellaris,Physcia mexicana,Physcia biziana,Hoary rosette lichen,0.30545100569725037,"[{""species"": ""Physcia aipolia"", ""common_name"": ""Hoary rosette lichen"", ""score"": 0.30545100569725037}, {""species"": ""Physcia alnophila"", ""common_name"": ""Outward-looking rosette lichen"", ""score"": 0.08642105758190155}, {""species"": ""Physcia stellaris"", ""common_name"": ""Star rosette lichen"", ""score"": 0.07234811782836914}, {""species"": ""Physcia mexicana"", ""common_name"": """", ""score"": 0.05659594386816025}, {""species"": ""Physcia biziana"", ""common_name"": ""Frosted rosette lichen"", ""score"": 0.0416758731007576}]"
/share/ftrscape/image_dataset/obs_333144263_photo_501540234.jpg,/gpfs_common/share03/ftrscape/snair3/wew_notebooks/outputs_sam/masked_crops/obs_333144263_photo_501540234_112__crop.png,Eudistoma gilboviride,Eudistoma carolinense,Trididemnum cyanophorum,Didemnum vexillum,Eudistoma album,,0.03669117018580437,"[{""species"": ""Eudistoma gilboviride"", ""common_name"": """", ""score"": 0.03669117018580437}, {""species"": ""Eudistoma carolinense"", ""common_name"": """", ""score"": 0.02870074287056923}, {""species"": ""Trididemnum cyanophorum"", ""common_name"": """", ""score"": 0.02777848020195961}, {""species"": ""Didemnum vexillum"", ""common_name"": ""Compound sea squirt"", ""score"": 0.015368028543889523}, {""species"": ""Eudistoma album"", ""common_name"": """", ""score"": 0.014350282959640026}]"
/share/ftrscape/image_dataset/obs_333144263_photo_501540234.jpg,/gpfs_common/share03/ftrscape/snair3/wew_notebooks/outputs_sam/masked_crops/obs_333144263_photo_501540234_113__crop.png,Xanthoria mediterranea,Xanthomendoza oregana,Xanthoria ectaneoides,Dufourea turbinata,Xanthoria aureola,,0.1107473075389862,"[{""species"": ""Xanthoria mediterranea"", ""common_name"": """", ""score"": 0.1107473075389862}, {""species"": ""Xanthomendoza oregana"", ""common_name"": ""allévägglav"", ""score"": 0.05679640546441078}, {""species"": ""Xanthoria ectaneoides"", ""common_name"": """", ""score"": 0.05590391531586647}, {""species"": ""Dufourea turbinata"", ""common_name"": """", ""score"": 0.054544366896152496}, {""species"": ""Xanthoria aureola"", ""common_name"": ""kustvägglav"", ""score"": 0.0510309673845768}]"
/share/ftrscape/image_dataset/obs_333144263_photo_501540234.jpg,/gpfs_common/share03/ftrscape/snair3/wew_notebooks/outputs_sam/masked_crops/obs_333144263_photo_501540234_114__crop.png,Leproplaca cirrochroa,Xanthocarpia lactea,Leptothrix ochracea,Truncatella conorum-piceae,Ceratium hirundinella,gul orangelav,0.021725140511989594,"[{""species"": ""Leproplaca cirrochroa"", ""common_name"": ""gul orangelav"", ""score"": 0.021725140511989594}, {""species"": ""Xanthocarpia lactea"", ""common_name"": ""storsporet orangelav"", ""score"": 0.013366102240979671}, {""species"": ""Leptothrix ochracea"", ""common_name"": """", ""score"": 0.009754707105457783}, {""species"": ""Truncatella conorum-piceae"", ""common_name"": """", ""score"": 0.008347336202859879}, {""species"": ""Ceratium hirundinella"", ""common_name"": """", ""score"": 0.008180078119039536}]"
/share/ftrscape/image_dataset/obs_333144263_photo_501540234.jpg,/gpfs_common/share03/ftrscape/snair3/wew_notebooks/outputs_sam/masked_crops/obs_333144263_photo_501540234_115__crop.png,Erythricium aurantiacum,Ovicuculispora parmeliae,Sphaerellothecium parietinarium,Caloplaca anularis,Bryostigma parietinarium,,0.17638051509857178,"[{""species"": ""Erythricium aurantiacum"", ""common_name"": """", ""score"": 0.17638051509857178}, {""species"": ""Ovicuculispora parmeliae"", ""common_name"": """", ""score"": 0.11231204867362976}, {""species"": ""Sphaerellothecium parietinarium"", ""common_name"": """", ""score"": 0.05286255478858948}, {""species"": ""Caloplaca anularis"", ""common_name"": """", ""score"": 0.04833724722266197}, {""species"": ""Bryostigma parietinarium"", ""common_name"": """", ""score"": 0.03629862144589424}]"
/share/ftrscape/image_dataset/obs_333664707_photo_605748155.jpg,/gpfs_common/share03/ftrscape/snair3/wew_notebooks/outputs_sam/masked_crops/obs_333664707_photo_605748155_116__crop.png,Berthella chacei,Chelyosoma productum,Cyclosalpa bakeri,Berthella californica,Mimetridium cryptum,,0.15471404790878296,"[{""species"": ""Berthella chacei"", ""common_name"": """", ""score"": 0.15471404790878296}, {""species"": ""Chelyosoma productum"", ""common_name"": """", ""score"": 0.08368577808141708}, {""species"": ""Cyclosalpa bakeri"", ""common_name"": """", ""score"": 0.033213067799806595}, {""species"": ""Berthella californica"", ""common_name"": """", ""score"": 0.03129853680729866}, {""species"": ""Mimetridium cryptum"", ""common_name"": """", ""score"": 0.02790852077305317}]"
/share/ftrscape/image_dataset/obs_333664707_photo_605748155.jpg,/gpfs_common/share03/ftrscape/snair3/wew_notebooks/outputs_sam/masked_crops/obs_333664707_photo_605748155_117__crop.png,Urticina coriacea,Amphiporus angulatus,Halcurias capensis,Aeolidia papillosa,Amphiporus marmoratus,Leathery anemone,0.043934524059295654,"[{""species"": ""Urticina coriacea"", ""common_name"": ""Leathery anemone"", ""score"": 0.043934524059295654}, {""species"": ""Amphiporus angulatus"", ""common_name"": ""Chevon amphiporus"", ""score"": 0.020539605990052223}, {""species"": ""Halcurias capensis"", ""common_name"": """", ""score"": 0.019837621599435806}, {""species"": ""Aeolidia papillosa"", ""common_name"": ""Common grey sea slug"", ""score"": 0.017653776332736015}, {""species"": ""Amphiporus marmoratus"", ""common_name"": """", ""score"": 0.015840325504541397}]"
/share/ftrscape/image_dataset/obs_333664707_photo_605748155.jpg,/gpfs_common/share03/ftrscape/snair3/wew_notebooks/outputs_sam/masked_crops/obs_333664707_photo_605748155_118__crop.png,Ziminella japonica,Aeolidia loui,Lytechinus pictus,Cylista catalinensis,Eupentacta quinquesemita,,0.1520075500011444,"[{""species"": ""Ziminella japonica"", ""common_name"": """", ""score"": 0.1520075500011444}, {""species"": ""Aeolidia loui"", ""common_name"": """", ""score"": 0.13814915716648102}, {""species"": ""Lytechinus pictus"", ""common_name"": """", ""score"": 0.0935455933213234}, {""species"": ""Cylista catalinensis"", ""common_name"": """", ""score"": 0.07121244072914124}, {""species"": ""Eupentacta quinquesemita"", ""common_name"": ""Pentamerous sea cucumber"", ""score"": 0.015832044184207916}]"
/share/ftrscape/image_dataset/obs_333664707_photo_605748155.jpg,/gpfs_common/share03/ftrscape/snair3/wew_notebooks/outputs_sam/masked_crops/obs_333664707_photo_605748155_119__crop.png,Aeolidia loui,Ziminella japonica,Aeolidia papillosa,Aeolidia campbellii,Janolus anulatus,,0.8658016920089722,"[{""species"": ""Aeolidia loui"", ""common_name"": """", ""score"": 0.8658016920089722}, {""species"": ""Ziminella japonica"", ""common_name"": """", ""score"": 0.06108636409044266}, {""species"": ""Aeolidia papillosa"", ""common_name"": ""Common grey sea slug"", ""score"": 0.015628306195139885}, {""species"": ""Aeolidia campbellii"", ""common_name"": """", ""score"": 0.008349861949682236}, {""species"": ""Janolus anulatus"", ""common_name"": """", ""score"": 0.004522594623267651}]"
/share/ftrscape/image_dataset/obs_334025380_photo_606497684.jpg,/gpfs_common/share03/ftrscape/snair3/wew_notebooks/outputs_sam/masked_crops/obs_334025380_photo_606497684_120__crop.png,Plesiocystiscus genecoani,Cystiscus aurantius,Conus daucus,Conus consors,Angustassiminea succinea,,0.017402729019522667,"[{""species"": ""Plesiocystiscus genecoani"", ""common_name"": """", ""score"": 0.017402729019522667}, {""species"": ""Cystiscus aurantius"", ""common_name"": """", ""score"": 0.012695055454969406}, {""species"": ""Conus daucus"", ""common_name"": ""Carrot cone"", ""score"": 0.007955766282975674}, {""species"": ""Conus consors"", ""common_name"": ""Singed cone"", ""score"": 0.006709349807351828}, {""species"": ""Angustassiminea succinea"", ""common_name"": """", ""score"": 0.004572935868054628}]"
/share/ftrscape/image_dataset/obs_334025380_photo_606497684.jpg,/gpfs_common/share03/ftrscape/snair3/wew_notebooks/outputs_sam/masked_crops/obs_334025380_photo_606497684_121__crop.png,Homo naledi,Gasterophilus intestinalis,Volvanarius vaginatus,Bathynomus giganteus,Homo neanderthalensis,,0.013419819064438343,"[{""species"": ""Homo naledi"", ""common_name"": """", ""score"": 0.013419819064438343}, {""species"": ""Gasterophilus intestinalis"", ""common_name"": ""Horse botfly"", ""score"": 0.00710294721648097}, {""species"": ""Volvanarius vaginatus"", ""common_name"": """", ""score"": 0.0038450476713478565}, {""species"": ""Bathynomus giganteus"", ""common_name"": ""Giant isopod"", ""score"": 0.002967892214655876}, {""species"": ""Homo neanderthalensis"", ""common_name"": ""Neanderthal"", ""score"": 0.0027023996226489544}]"
/share/ftrscape/image_dataset/obs_334025380_photo_606497684.jpg,/gpfs_common/share03/ftrscape/snair3/wew_notebooks/outputs_sam/masked_crops/obs_334025380_photo_606497684_122__crop.png,Galeojanolus ionnae,Hydnangium carneum,Hydnangium kanuka,Hericium erinaceus,Gautieria inapire,,0.016017135232686996,"[{""species"": ""Galeojanolus ionnae"", ""common_name"": """", ""score"": 0.016017135232686996}, {""species"": ""Hydnangium carneum"", ""common_name"": ""Flesh-pink truffle"", ""score"": 0.010514075867831707}, {""species"": ""Hydnangium kanuka"", ""common_name"": """", ""score"": 0.008217345923185349}, {""species"": ""Hericium erinaceus"", ""common_name"": ""Bearded tooth"", ""score"": 0.007682702504098415}, {""species"": ""Gautieria inapire"", ""common_name"": """", ""score"": 0.0071786800399422646}]"
/share/ftrscape/image_dataset/obs_334025380_photo_606497684.jpg,/gpfs_common/share03/ftrscape/snair3/wew_notebooks/outputs_sam/masked_crops/obs_334025380_photo_606497684_123__crop.png,Mycena metata,Marasmius curreyi,Gymnopilus dilepis,Hypomyces tubariicola,Mycena parsonsii,rødlig huesvamp,0.020771782845258713,"[{""species"": ""Mycena metata"", ""common_name"": ""rødlig huesvamp"", ""score"": 0.020771782845258713}, {""species"": ""Marasmius curreyi"", ""common_name"": ""Grass parachute"", ""score"": 0.014159399084746838}, {""species"": ""Gymnopilus dilepis"", ""common_name"": ""Magenta rustgill"", ""score"": 0.011562120169401169}, {""species"": ""Hypomyces tubariicola"", ""common_name"": ""fnughat-snylteskorpe"", ""score"": 0.009208496659994125}, {""species"": ""Mycena parsonsii"", ""common_name"": """", ""score"": 0.008492784574627876}]"
/share/ftrscape/image_dataset/obs_33435868_photo_52515163.jpg,/gpfs_common/share03/ftrscape/snair3/wew_notebooks/outputs_sam/masked_crops/obs_33435868_photo_52515163_1__crop.png,Entosphenus macrostomus,Ichthyomyzon castaneus,Petromyzon marinus,Ichthyomyzon greeleyi,Lampetra ayresii,Lake lamprey,0.14173905551433563,"[{""species"": ""Entosphenus macrostomus"", ""common_name"": ""Lake lamprey"", ""score"": 0.14173905551433563}, {""species"": ""Ichthyomyzon castaneus"", ""common_name"": ""Chestnut lamprey"", ""score"": 0.12845271825790405}, {""species"": ""Petromyzon marinus"", ""common_name"": ""Sea lamprey"", ""score"": 0.10748113691806793}, {""species"": ""Ichthyomyzon greeleyi"", ""common_name"": ""Mountain brook lamprey"", ""score"": 0.04107537865638733}, {""species"": ""Lampetra ayresii"", ""common_name"": ""River lamprey"", ""score"": 0.03678463399410248}]"
/share/ftrscape/image_dataset/obs_33435868_photo_52515163.jpg,/gpfs_common/share03/ftrscape/snair3/wew_notebooks/outputs_sam/masked_crops/obs_33435868_photo_52515163_2__crop.png,Ichthyomyzon castaneus,Petromyzon marinus,Entosphenus macrostomus,Ichthyomyzon greeleyi,Ichthyomyzon bdellium,Chestnut lamprey,0.19072610139846802,"[{""species"": ""Ichthyomyzon castaneus"", ""common_name"": ""Chestnut lamprey"", ""score"": 0.19072610139846802}, {""species"": ""Petromyzon marinus"", ""common_name"": ""Sea lamprey"", ""score"": 0.1274169385433197}, {""species"": ""Entosphenus macrostomus"", ""common_name"": ""Lake lamprey"", ""score"": 0.08322739601135254}, {""species"": ""Ichthyomyzon greeleyi"", ""common_name"": ""Mountain brook lamprey"", ""score"": 0.052224427461624146}, {""species"": ""Ichthyomyzon bdellium"", ""common_name"": ""Ohio lamprey"", ""score"": 0.03704962134361267}]"
/share/ftrscape/image_dataset/obs_33435868_photo_52515163.jpg,/gpfs_common/share03/ftrscape/snair3/wew_notebooks/outputs_sam/masked_crops/obs_33435868_photo_52515163_3__crop.png,Emplectonema derjugini,Tetrastemma vermiculus,Paranemertes peregrina,Erpobdella octoculata,Emplectonema buergeri,,0.0597849003970623,"[{""species"": ""Emplectonema derjugini"", ""common_name"": """", ""score"": 0.0597849003970623}, {""species"": ""Tetrastemma vermiculus"", ""common_name"": ""fartrand"", ""score"": 0.047874972224235535}, {""species"": ""Paranemertes peregrina"", ""common_name"": """", ""score"": 0.03961864858865738}, {""species"": ""Erpobdella octoculata"", ""common_name"": ""Leeches"", ""score"": 0.03719329461455345}, {""species"": ""Emplectonema buergeri"", ""common_name"": """", ""score"": 0.03496386855840683}]"
/share/ftrscape/image_dataset/obs_334758419_photo_607987821.jpg,/gpfs_common/share03/ftrscape/snair3/wew_notebooks/outputs_sam/masked_crops/obs_334758419_photo_607987821_124__crop.png,Marcelleina atroviolacea,Geoscypha violacea,Marcelleina chopraiana,Marcelleina pseudoanthracina,Peziza azureoides,,0.1717938631772995,"[{""species"": ""Marcelleina atroviolacea"", ""common_name"": """", ""score"": 0.1717938631772995}, {""species"": ""Geoscypha violacea"", ""common_name"": """", ""score"": 0.1507471203804016}, {""species"": ""Marcelleina chopraiana"", ""common_name"": """", ""score"": 0.06599436700344086}, {""species"": ""Marcelleina pseudoanthracina"", ""common_name"": """", ""score"": 0.04656018316745758}, {""species"": ""Peziza azureoides"", ""common_name"": ""Azure cup"", ""score"": 0.03076571598649025}]"
/share/ftrscape/image_dataset/obs_334758419_photo_607987821.jpg,/gpfs_common/share03/ftrscape/snair3/wew_notebooks/outputs_sam/masked_crops/obs_334758419_photo_607987821_125__crop.png,Xanthoparmelia angustiphylla,Xanthoparmelia protomatrae,Xanthoparmelia dierythra,Xanthoparmelia aggregata,Xanthoparmelia trirosea,,0.06971026957035065,"[{""species"": ""Xanthoparmelia angustiphylla"", ""common_name"": """", ""score"": 0.06971026957035065}, {""species"": ""Xanthoparmelia protomatrae"", ""common_name"": """", ""score"": 0.038183800876140594}, {""species"": ""Xanthoparmelia dierythra"", ""common_name"": """", ""score"": 0.03361081704497337}, {""species"": ""Xanthoparmelia aggregata"", ""common_name"": """", ""score"": 0.029337577521800995}, {""species"": ""Xanthoparmelia trirosea"", ""common_name"": """", ""score"": 0.028148526325821877}]"
/share/ftrscape/image_dataset/obs_334758419_photo_607987821.jpg,/gpfs_common/share03/ftrscape/snair3/wew_notebooks/outputs_sam/masked_crops/obs_334758419_photo_607987821_126__crop.png,Trididemnum cyanophorum,Lithophyllum incrustans,Umbilicaria umbilicarioides,Leptogium menziesii,Lithophyllum carpophylli,,0.026256268844008446,"[{""species"": ""Trididemnum cyanophorum"", ""common_name"": """", ""score"": 0.026256268844008446}, {""species"": ""Lithophyllum incrustans"", ""common_name"": """", ""score"": 0.01786237768828869}, {""species"": ""Umbilicaria umbilicarioides"", ""common_name"": """", ""score"": 0.012914762832224369}, {""species"": ""Leptogium menziesii"", ""common_name"": """", ""score"": 0.010906563140451908}, {""species"": ""Lithophyllum carpophylli"", ""common_name"": """", ""score"": 0.009428263641893864}]"
/share/ftrscape/image_dataset/obs_334758419_photo_607987821.jpg,/gpfs_common/share03/ftrscape/snair3/wew_notebooks/outputs_sam/masked_crops/obs_334758419_photo_607987821_127__crop.png,Marcelleina atroviolacea,Marcelleina chopraiana,Marcelleina pseudoanthracina,Geoscypha violacea,Peziza azureoides,,0.08588418364524841,"[{""species"": ""Marcelleina atroviolacea"", ""common_name"": """", ""score"": 0.08588418364524841}, {""species"": ""Marcelleina chopraiana"", ""common_name"": """", ""score"": 0.03918737545609474}, {""species"": ""Marcelleina pseudoanthracina"", ""common_name"": """", ""score"": 0.03428377956151962}, {""species"": ""Geoscypha violacea"", ""common_name"": """", ""score"": 0.02163703367114067}, {""species"": ""Peziza azureoides"", ""common_name"": ""Azure cup"", ""score"": 0.018212424591183662}]"
/share/ftrscape/image_dataset/obs_334758419_photo_607987821.jpg,/gpfs_common/share03/ftrscape/snair3/wew_notebooks/outputs_sam/masked_crops/obs_334758419_photo_607987821_128__crop.png,Paenibacillus anaericanus,Paenibacillus pasadenensis,Cupriavidus alkaliphilus,Vibrio anguillarum,Clostridium tertium,,0.01399439387023449,"[{""species"": ""Paenibacillus anaericanus"", ""common_name"": """", ""score"": 0.01399439387023449}, {""species"": ""Paenibacillus pasadenensis"", ""common_name"": """", ""score"": 0.009734840132296085}, {""species"": ""Cupriavidus alkaliphilus"", ""common_name"": """", ""score"": 0.00915411114692688}, {""species"": ""Vibrio anguillarum"", ""common_name"": """", ""score"": 0.008229704573750496}, {""species"": ""Clostridium tertium"", ""common_name"": """", ""score"": 0.0068275597877800465}]"
/share/ftrscape/image_dataset/obs_336269939_photo_611037472.jpg,/gpfs_common/share03/ftrscape/snair3/wew_notebooks/outputs_sam/masked_crops/obs_336269939_photo_611037472_129__crop.png,Occiperipatoides gilesii,Euperipatoides rowelli,Opisthopatus highveldi,Peripatoides suteri,Austroperipatus aequabilis,,0.26071661710739136,"[{""species"": ""Occiperipatoides gilesii"", ""common_name"": """", ""score"": 0.26071661710739136}, {""species"": ""Euperipatoides rowelli"", ""common_name"": """", ""score"": 0.09394601732492447}, {""species"": ""Opisthopatus highveldi"", ""common_name"": """", ""score"": 0.08881203830242157}, {""species"": ""Peripatoides suteri"", ""common_name"": """", ""score"": 0.06449325382709503}, {""species"": ""Austroperipatus aequabilis"", ""common_name"": """", ""score"": 0.058848701417446136}]"
/share/ftrscape/image_dataset/obs_336269939_photo_611037472.jpg,/gpfs_common/share03/ftrscape/snair3/wew_notebooks/outputs_sam/masked_crops/obs_336269939_photo_611037472_130__crop.png,Euperipatoides rowelli,Pseudogeoplana reticulata,Occiperipatoides gilesii,Peripatoides novaezealandiae,Peripatoides sympatrica,,0.11867762356996536,"[{""species"": ""Euperipatoides rowelli"", ""common_name"": """", ""score"": 0.11867762356996536}, {""species"": ""Pseudogeoplana reticulata"", ""common_name"": """", ""score"": 0.09214600175619125}, {""species"": ""Occiperipatoides gilesii"", ""common_name"": """", ""score"": 0.09068488329648972}, {""species"": ""Peripatoides novaezealandiae"", ""common_name"": """", ""score"": 0.08478143066167831}, {""species"": ""Peripatoides sympatrica"", ""common_name"": """", ""score"": 0.05829515680670738}]"
/share/ftrscape/image_dataset/obs_336269939_photo_611037472.jpg,/gpfs_common/share03/ftrscape/snair3/wew_notebooks/outputs_sam/masked_crops/obs_336269939_photo_611037472_131__crop.png,Euperipatoides rowelli,Occiperipatoides gilesii,Peripatoides novaezealandiae,Peripatoides sympatrica,Peripatoides suteri,,0.16553249955177307,"[{""species"": ""Euperipatoides rowelli"", ""common_name"": """", ""score"": 0.16553249955177307}, {""species"": ""Occiperipatoides gilesii"", ""common_name"": """", ""score"": 0.13429491221904755}, {""species"": ""Peripatoides novaezealandiae"", ""common_name"": """", ""score"": 0.09204839915037155}, {""species"": ""Peripatoides sympatrica"", ""common_name"": """", ""score"": 0.08603320270776749}, {""species"": ""Peripatoides suteri"", ""common_name"": """", ""score"": 0.062137819826602936}]"
/share/ftrscape/image_dataset/obs_336269939_photo_611037472.jpg,/gpfs_common/share03/ftrscape/snair3/wew_notebooks/outputs_sam/masked_crops/obs_336269939_photo_611037472_132__crop.png,Occiperipatoides gilesii,Opisthopatus highveldi,Euperipatoides rowelli,Peripatoides suteri,Euperipatoides kanangrensis,,0.19702798128128052,"[{""species"": ""Occiperipatoides gilesii"", ""common_name"": """", ""score"": 0.19702798128128052}, {""species"": ""Opisthopatus highveldi"", ""common_name"": """", ""score"": 0.11550026386976242}, {""species"": ""Euperipatoides rowelli"", ""common_name"": """", ""score"": 0.10014493018388748}, {""species"": ""Peripatoides suteri"", ""common_name"": """", ""score"": 0.0777689516544342}, {""species"": ""Euperipatoides kanangrensis"", ""common_name"": """", ""score"": 0.06414251774549484}]"
/share/ftrscape/image_dataset/obs_336269939_photo_611037472.jpg,/gpfs_common/share03/ftrscape/snair3/wew_notebooks/outputs_sam/masked_crops/obs_336269939_photo_611037472_133__crop.png,Occiperipatoides gilesii,Euperipatoides kanangrensis,Peripatoides sympatrica,Euperipatoides rowelli,Peripatoides novaezealandiae,,0.39453575015068054,"[{""species"": ""Occiperipatoides gilesii"", ""common_name"": """", ""score"": 0.39453575015068054}, {""species"": ""Euperipatoides kanangrensis"", ""common_name"": """", ""score"": 0.0919807031750679}, {""species"": ""Peripatoides sympatrica"", ""common_name"": """", ""score"": 0.0915822684764862}, {""species"": ""Euperipatoides rowelli"", ""common_name"": """", ""score"": 0.07829323410987854}, {""species"": ""Peripatoides novaezealandiae"", ""common_name"": """", ""score"": 0.06795594096183777}]"
/share/ftrscape/image_dataset/obs_337063055_photo_612648507.jpg,/gpfs_common/share03/ftrscape/snair3/wew_notebooks/outputs_sam/masked_crops/obs_337063055_photo_612648507_134__crop.png,Charonia tritonis,Triplofusus princeps,Ranella olearium,Titanostrombus goliath,Charonia variegata,Pacific triton,0.7142138481140137,"[{""species"": ""Charonia tritonis"", ""common_name"": ""Pacific triton"", ""score"": 0.7142138481140137}, {""species"": ""Triplofusus princeps"", ""common_name"": """", ""score"": 0.0754028856754303}, {""species"": ""Ranella olearium"", ""common_name"": ""Giant frogsnail"", ""score"": 0.07513299584388733}, {""species"": ""Titanostrombus goliath"", ""common_name"": """", ""score"": 0.018814710900187492}, {""species"": ""Charonia variegata"", ""common_name"": ""Atlantic triton"", ""score"": 0.006594062317162752}]"
/share/ftrscape/image_dataset/obs_337063055_photo_612648507.jpg,/gpfs_common/share03/ftrscape/snair3/wew_notebooks/outputs_sam/masked_crops/obs_337063055_photo_612648507_135__crop.png,Charonia tritonis,Ranella olearium,Titanostrombus goliath,Cypraecassis tenuis,Triplofusus princeps,Pacific triton,0.3935047388076782,"[{""species"": ""Charonia tritonis"", ""common_name"": ""Pacific triton"", ""score"": 0.3935047388076782}, {""species"": ""Ranella olearium"", ""common_name"": ""Giant frogsnail"", ""score"": 0.18045812845230103}, {""species"": ""Titanostrombus goliath"", ""common_name"": """", ""score"": 0.044892169535160065}, {""species"": ""Cypraecassis tenuis"", ""common_name"": """", ""score"": 0.03948744013905525}, {""species"": ""Triplofusus princeps"", ""common_name"": """", ""score"": 0.03915892913937569}]"
/share/ftrscape/image_dataset/obs_337063055_photo_612648507.jpg,/gpfs_common/share03/ftrscape/snair3/wew_notebooks/outputs_sam/masked_crops/obs_337063055_photo_612648507_136__crop.png,Charonia tritonis,Ranella olearium,Triplofusus princeps,Titanostrombus goliath,Charonia variegata,Pacific triton,0.7265937924385071,"[{""species"": ""Charonia tritonis"", ""common_name"": ""Pacific triton"", ""score"": 0.7265937924385071}, {""species"": ""Ranella olearium"", ""common_name"": ""Giant frogsnail"", ""score"": 0.07143932580947876}, {""species"": ""Triplofusus princeps"", ""common_name"": """", ""score"": 0.06335937231779099}, {""species"": ""Titanostrombus goliath"", ""common_name"": """", ""score"": 0.015628021210432053}, {""species"": ""Charonia variegata"", ""common_name"": ""Atlantic triton"", ""score"": 0.008188461884856224}]"
/share/ftrscape/image_dataset/obs_337063055_photo_612648507.jpg,/gpfs_common/share03/ftrscape/snair3/wew_notebooks/outputs_sam/masked_crops/obs_337063055_photo_612648507_137__crop.png,Charonia tritonis,Ranella olearium,Triplofusus princeps,Ophioglossolambis violacea,Nodipecten magnificus,Pacific triton,0.447185218334198,"[{""species"": ""Charonia tritonis"", ""common_name"": ""Pacific triton"", ""score"": 0.447185218334198}, {""species"": ""Ranella olearium"", ""common_name"": ""Giant frogsnail"", ""score"": 0.06785103678703308}, {""species"": ""Triplofusus princeps"", ""common_name"": """", ""score"": 0.047758106142282486}, {""species"": ""Ophioglossolambis violacea"", ""common_name"": ""Violet spider conch"", ""score"": 0.02617267705500126}, {""species"": ""Nodipecten magnificus"", ""common_name"": """", ""score"": 0.023281482979655266}]"
/share/ftrscape/image_dataset/obs_337063055_photo_612648507.jpg,/gpfs_common/share03/ftrscape/snair3/wew_notebooks/outputs_sam/masked_crops/obs_337063055_photo_612648507_138__crop.png,Charonia tritonis,Ranella olearium,Triplofusus princeps,Titanostrombus goliath,Charonia variegata,Pacific triton,0.8235472440719604,"[{""species"": ""Charonia tritonis"", ""common_name"": ""Pacific triton"", ""score"": 0.8235472440719604}, {""species"": ""Ranella olearium"", ""common_name"": ""Giant frogsnail"", ""score"": 0.06157619133591652}, {""species"": ""Triplofusus princeps"", ""common_name"": """", ""score"": 0.02944871224462986}, {""species"": ""Titanostrombus goliath"", ""common_name"": """", ""score"": 0.008026421070098877}, {""species"": ""Charonia variegata"", ""common_name"": ""Atlantic triton"", ""score"": 0.007247007917612791}]"
/share/ftrscape/image_dataset/obs_337600645_photo_614526508.jpg,/gpfs_common/share03/ftrscape/snair3/wew_notebooks/outputs_sam/masked_crops/obs_337600645_photo_614526508_139__crop.png,Haematopus bachmani,Haematopus fuliginosus,Haematopus ater,Haematopus unicolor,Fratercula cirrhata,Black oystercatcher,0.7970947027206421,"[{""species"": ""Haematopus bachmani"", ""common_name"": ""Black oystercatcher"", ""score"": 0.7970947027206421}, {""species"": ""Haematopus fuliginosus"", ""common_name"": ""Sooty Oystercatcher"", ""score"": 0.07378416508436203}, {""species"": ""Haematopus ater"", ""common_name"": ""Blackish Oystercatcher"", ""score"": 0.05166235193610191}, {""species"": ""Haematopus unicolor"", ""common_name"": ""Variable Oystercatcher"", ""score"": 0.023489641025662422}, {""species"": ""Fratercula cirrhata"", ""common_name"": ""Tufted Puffin"", ""score"": 0.007902455516159534}]"
/share/ftrscape/image_dataset/obs_337600645_photo_614526508.jpg,/gpfs_common/share03/ftrscape/snair3/wew_notebooks/outputs_sam/masked_crops/obs_337600645_photo_614526508_140__crop.png,Zoarces americanus,Lampetra fluviatilis,Petromyzon marinus,Todarodes sagittatus,Anguilla anguilla,Mother-of-eels,0.05918817222118378,"[{""species"": ""Zoarces americanus"", ""common_name"": ""Mother-of-eels"", ""score"": 0.05918817222118378}, {""species"": ""Lampetra fluviatilis"", ""common_name"": ""River lamprey"", ""score"": 0.047854941338300705}, {""species"": ""Petromyzon marinus"", ""common_name"": ""Sea lamprey"", ""score"": 0.03618266433477402}, {""species"": ""Todarodes sagittatus"", ""common_name"": ""European flying squid"", ""score"": 0.01256415992975235}, {""species"": ""Anguilla anguilla"", ""common_name"": ""European eel"", ""score"": 0.012201689183712006}]"
/share/ftrscape/image_dataset/obs_337600645_photo_614526508.jpg,/gpfs_common/share03/ftrscape/snair3/wew_notebooks/outputs_sam/masked_crops/obs_337600645_photo_614526508_141__crop.png,Strongylocentrotus purpuratus,Tetrapygus niger,Paracentrotus lividus,Echinometra vanbrunti,Sphaerechinus granularis,Purple sea urchin,0.554341733455658,"[{""species"": ""Strongylocentrotus purpuratus"", ""common_name"": ""Purple sea urchin"", ""score"": 0.554341733455658}, {""species"": ""Tetrapygus niger"", ""common_name"": """", ""score"": 0.11784980446100235}, {""species"": ""Paracentrotus lividus"", ""common_name"": ""Purple sea urchin"", ""score"": 0.06120828166604042}, {""species"": ""Echinometra vanbrunti"", ""common_name"": """", ""score"": 0.031775522977113724}, {""species"": ""Sphaerechinus granularis"", ""common_name"": ""Violet sea urchin"", ""score"": 0.025400813668966293}]"
/share/ftrscape/image_dataset/obs_337600645_photo_614526508.jpg,/gpfs_common/share03/ftrscape/snair3/wew_notebooks/outputs_sam/masked_crops/obs_337600645_photo_614526508_142__crop.png,Strongylocentrotus purpuratus,Tetrapygus niger,Colobocentrotus atratus,Mesocentrotus nudus,Echinometra vanbrunti,Purple sea urchin,0.5623101592063904,"[{""species"": ""Strongylocentrotus purpuratus"", ""common_name"": ""Purple sea urchin"", ""score"": 0.5623101592063904}, {""species"": ""Tetrapygus niger"", ""common_name"": """", ""score"": 0.28327417373657227}, {""species"": ""Colobocentrotus atratus"", ""common_name"": """", ""score"": 0.02276318334043026}, {""species"": ""Mesocentrotus nudus"", ""common_name"": """", ""score"": 0.020954914391040802}, {""species"": ""Echinometra vanbrunti"", ""common_name"": """", ""score"": 0.01592148095369339}]"
/share/ftrscape/image_dataset/obs_337600645_photo_614526508.jpg,/gpfs_common/share03/ftrscape/snair3/wew_notebooks/outputs_sam/masked_crops/obs_337600645_photo_614526508_143__crop.png,Apteryx owenii,Phalaenoptilus nuttallii,Athene noctua,Sphiggurus pruinosus,Apteryx haastii,Little spotted kiwi,0.026454783976078033,"[{""species"": ""Apteryx owenii"", ""common_name"": ""Little spotted kiwi"", ""score"": 0.026454783976078033}, {""species"": ""Phalaenoptilus nuttallii"", ""common_name"": ""Common Poorwill"", ""score"": 0.026185104623436928}, {""species"": ""Athene noctua"", ""common_name"": ""Little owl"", ""score"": 0.019296640530228615}, {""species"": ""Sphiggurus pruinosus"", ""common_name"": ""Frosted hairy dwarf porcupine"", ""score"": 0.017190176993608475}, {""species"": ""Apteryx haastii"", ""common_name"": ""Great spotted kiwi"", ""score"": 0.016328440979123116}]"
/share/ftrscape/image_dataset/obs_337606242_photo_613762919.jpg,/gpfs_common/share03/ftrscape/snair3/wew_notebooks/outputs_sam/masked_crops/obs_337606242_photo_613762919_144__crop.png,Persicaria virginiana,Persicaria filiformis,Coleosporium elephantopodis,Pucciniastrum circaeae,Elsinoe corni,Jumpseed,0.4692172110080719,"[{""species"": ""Persicaria virginiana"", ""common_name"": ""Jumpseed"", ""score"": 0.4692172110080719}, {""species"": ""Persicaria filiformis"", ""common_name"": ""Jumpseed"", ""score"": 0.08146000653505325}, {""species"": ""Coleosporium elephantopodis"", ""common_name"": """", ""score"": 0.015932364389300346}, {""species"": ""Pucciniastrum circaeae"", ""common_name"": """", ""score"": 0.01300550065934658}, {""species"": ""Elsinoe corni"", ""common_name"": """", ""score"": 0.010969876311719418}]"
/share/ftrscape/image_dataset/obs_337606242_photo_613762919.jpg,/gpfs_common/share03/ftrscape/snair3/wew_notebooks/outputs_sam/masked_crops/obs_337606242_photo_613762919_145__crop.png,Persicaria virginiana,Persicaria filiformis,Coleosporium elephantopodis,Elsinoe corni,Pucciniastrum circaeae,Jumpseed,0.46983063220977783,"[{""species"": ""Persicaria virginiana"", ""common_name"": ""Jumpseed"", ""score"": 0.46983063220977783}, {""species"": ""Persicaria filiformis"", ""common_name"": ""Jumpseed"", ""score"": 0.06118050217628479}, {""species"": ""Coleosporium elephantopodis"", ""common_name"": """", ""score"": 0.012895260937511921}, {""species"": ""Elsinoe corni"", ""common_name"": """", ""score"": 0.011303362436592579}, {""species"": ""Pucciniastrum circaeae"", ""common_name"": """", ""score"": 0.008659516461193562}]"
/share/ftrscape/image_dataset/obs_337610708_photo_613769550.jpg,/gpfs_common/share03/ftrscape/snair3/wew_notebooks/outputs_sam/masked_crops/obs_337610708_photo_613769550_146__crop.png,Erysiphe magnifica,Erysiphe liriodendri,Erysiphe pseudoregularis,Erysiphe capreae,Erysiphe lonicerae,,0.2468874603509903,"[{""species"": ""Erysiphe magnifica"", ""common_name"": """", ""score"": 0.2468874603509903}, {""species"": ""Erysiphe liriodendri"", ""common_name"": """", ""score"": 0.04079173132777214}, {""species"": ""Erysiphe pseudoregularis"", ""common_name"": """", ""score"": 0.03508668765425682}, {""species"": ""Erysiphe capreae"", ""common_name"": """", ""score"": 0.02782094106078148}, {""species"": ""Erysiphe lonicerae"", ""common_name"": ""kaprifolmjöldagg"", ""score"": 0.024556390941143036}]"
/share/ftrscape/image_dataset/obs_337610708_photo_613769550.jpg,/gpfs_common/share03/ftrscape/snair3/wew_notebooks/outputs_sam/masked_crops/obs_337610708_photo_613769550_147__crop.png,Golovinomyces sonchicola,Neoerysiphe kerribeeensis,Ramularia lactucae,Ramularia prenanthis,Entyloma hieracii,,0.040474094450473785,"[{""species"": ""Golovinomyces sonchicola"", ""common_name"": """", ""score"": 0.040474094450473785}, {""species"": ""Neoerysiphe kerribeeensis"", ""common_name"": """", ""score"": 0.020303884521126747}, {""species"": ""Ramularia lactucae"", ""common_name"": """", ""score"": 0.019051339477300644}, {""species"": ""Ramularia prenanthis"", ""common_name"": """", ""score"": 0.018314925953745842}, {""species"": ""Entyloma hieracii"", ""common_name"": """", ""score"": 0.015262001194059849}]"
/share/ftrscape/image_dataset/obs_337610708_photo_613769550.jpg,/gpfs_common/share03/ftrscape/snair3/wew_notebooks/outputs_sam/masked_crops/obs_337610708_photo_613769550_148__crop.png,Senecio matatini,Senecio agapetes,Rorippa divaricata,Senecio hastifolius,Phytomyza deirdreae,,0.082048200070858,"[{""species"": ""Senecio matatini"", ""common_name"": """", ""score"": 0.082048200070858}, {""species"": ""Senecio agapetes"", ""common_name"": """", ""score"": 0.044254254549741745}, {""species"": ""Rorippa divaricata"", ""common_name"": """", ""score"": 0.03391693904995918}, {""species"": ""Senecio hastifolius"", ""common_name"": """", ""score"": 0.01963980495929718}, {""species"": ""Phytomyza deirdreae"", ""common_name"": """", ""score"": 0.017794735729694366}]"
/share/ftrscape/image_dataset/obs_337610708_photo_613769550.jpg,/gpfs_common/share03/ftrscape/snair3/wew_notebooks/outputs_sam/masked_crops/obs_337610708_photo_613769550_149__crop.png,Erysiphe liriodendri,Sawadaea koelreuteriae,Erysiphe magnifica,Erysiphe syringae,Erysiphe clintonii,,0.11277724802494049,"[{""species"": ""Erysiphe liriodendri"", ""common_name"": """", ""score"": 0.11277724802494049}, {""species"": ""Sawadaea koelreuteriae"", ""common_name"": """", ""score"": 0.08635987341403961}, {""species"": ""Erysiphe magnifica"", ""common_name"": """", ""score"": 0.06101400405168533}, {""species"": ""Erysiphe syringae"", ""common_name"": """", ""score"": 0.03960152715444565}, {""species"": ""Erysiphe clintonii"", ""common_name"": """", ""score"": 0.03815014287829399}]"
/share/ftrscape/image_dataset/obs_337610708_photo_613769550.jpg,/gpfs_common/share03/ftrscape/snair3/wew_notebooks/outputs_sam/masked_crops/obs_337610708_photo_613769550_150__crop.png,Podosphaera balsaminae,Erysiphe magnifica,Podosphaera amelanchieris,Erysiphe pseudoregularis,Erysiphe clintonii,,0.05451337993144989,"[{""species"": ""Podosphaera balsaminae"", ""common_name"": """", ""score"": 0.05451337993144989}, {""species"": ""Erysiphe magnifica"", ""common_name"": """", ""score"": 0.050898969173431396}, {""species"": ""Podosphaera amelanchieris"", ""common_name"": """", ""score"": 0.048851314932107925}, {""species"": ""Erysiphe pseudoregularis"", ""common_name"": """", ""score"": 0.04490961506962776}, {""species"": ""Erysiphe clintonii"", ""common_name"": """", ""score"": 0.0420408770442009}]"
/share/ftrscape/image_dataset/obs_337610714_photo_613769638.jpg,/gpfs_common/share03/ftrscape/snair3/wew_notebooks/outputs_sam/masked_crops/obs_337610714_photo_613769638_151__crop.png,Celtis occidentalis,Celtis tenuifolia,Pachypsylla celtidisvesicula,Celticecis celtiphyllia,Celticecis acuminata,hackberry,0.5441250801086426,"[{""species"": ""Celtis occidentalis"", ""common_name"": ""hackberry"", ""score"": 0.5441250801086426}, {""species"": ""Celtis tenuifolia"", ""common_name"": ""hackberry"", ""score"": 0.18970027565956116}, {""species"": ""Pachypsylla celtidisvesicula"", ""common_name"": ""Hackberry blister gall psyllid"", ""score"": 0.05277641862630844}, {""species"": ""Celticecis celtiphyllia"", ""common_name"": """", ""score"": 0.021667663007974625}, {""species"": ""Celticecis acuminata"", ""common_name"": """", ""score"": 0.01808261312544346}]"
/share/ftrscape/image_dataset/obs_337610714_photo_613769638.jpg,/gpfs_common/share03/ftrscape/snair3/wew_notebooks/outputs_sam/masked_crops/obs_337610714_photo_613769638_152__crop.png,Celticecis acuminata,Celticecis supina,Celtis occidentalis,Pachypsylla celtidisvesicula,Celticecis pilosa,,0.2331804782152176,"[{""species"": ""Celticecis acuminata"", ""common_name"": """", ""score"": 0.2331804782152176}, {""species"": ""Celticecis supina"", ""common_name"": """", ""score"": 0.2012443244457245}, {""species"": ""Celtis occidentalis"", ""common_name"": ""hackberry"", ""score"": 0.08128771930932999}, {""species"": ""Pachypsylla celtidisvesicula"", ""common_name"": ""Hackberry blister gall psyllid"", ""score"": 0.07210160046815872}, {""species"": ""Celticecis pilosa"", ""common_name"": """", ""score"": 0.047382887452840805}]"
/share/ftrscape/image_dataset/obs_338007030_photo_614585734.jpg,/gpfs_common/share03/ftrscape/snair3/wew_notebooks/outputs_sam/masked_crops/obs_338007030_photo_614585734_153__crop.png,Eobania vermiculata,Xanthomelon interpositum,Xanthomelon distractum,Xanthomelon genetivum,Xanthomelon pachystylum,Chocolateband snail,0.11419515311717987,"[{""species"": ""Eobania vermiculata"", ""common_name"": ""Chocolateband snail"", ""score"": 0.11419515311717987}, {""species"": ""Xanthomelon interpositum"", ""common_name"": """", ""score"": 0.08088017255067825}, {""species"": ""Xanthomelon distractum"", ""common_name"": """", ""score"": 0.045252129435539246}, {""species"": ""Xanthomelon genetivum"", ""common_name"": """", ""score"": 0.030597634613513947}, {""species"": ""Xanthomelon pachystylum"", ""common_name"": """", ""score"": 0.026209112256765366}]"
/share/ftrscape/image_dataset/obs_338007030_photo_614585734.jpg,/gpfs_common/share03/ftrscape/snair3/wew_notebooks/outputs_sam/masked_crops/obs_338007030_photo_614585734_154__crop.png,Ratnadvipia irradians,Xanthomelon distractum,Zachrysia guantanamensis,Xanthomelon interpositum,Temporena sardalabiata,,0.08332909643650055,"[{""species"": ""Ratnadvipia irradians"", ""common_name"": """", ""score"": 0.08332909643650055}, {""species"": ""Xanthomelon distractum"", ""common_name"": """", ""score"": 0.05637941509485245}, {""species"": ""Zachrysia guantanamensis"", ""common_name"": """", ""score"": 0.05572427436709404}, {""species"": ""Xanthomelon interpositum"", ""common_name"": """", ""score"": 0.04202055186033249}, {""species"": ""Temporena sardalabiata"", ""common_name"": """", ""score"": 0.02481083571910858}]"
/share/ftrscape/image_dataset/obs_338007030_photo_614585734.jpg,/gpfs_common/share03/ftrscape/snair3/wew_notebooks/outputs_sam/masked_crops/obs_338007030_photo_614585734_155__crop.png,Eobania vermiculata,Xanthomelon interpositum,Xanthomelon distractum,Xanthomelon genetivum,Xanthomelon pachystylum,Chocolateband snail,0.15118281543254852,"[{""species"": ""Eobania vermiculata"", ""common_name"": ""Chocolateband snail"", ""score"": 0.15118281543254852}, {""species"": ""Xanthomelon interpositum"", ""common_name"": """", ""score"": 0.07552868127822876}, {""species"": ""Xanthomelon distractum"", ""common_name"": """", ""score"": 0.042240578681230545}, {""species"": ""Xanthomelon genetivum"", ""common_name"": """", ""score"": 0.0335322730243206}, {""species"": ""Xanthomelon pachystylum"", ""common_name"": """", ""score"": 0.02475157007575035}]"
/share/ftrscape/image_dataset/obs_338007030_photo_614585734.jpg,/gpfs_common/share03/ftrscape/snair3/wew_notebooks/outputs_sam/masked_crops/obs_338007030_photo_614585734_156__crop.png,Theba pisana,Monacha cantiana,Helix lutescens,Hesseola pratensis,Xeromunda vulgarissima,White snail,0.1364927887916565,"[{""species"": ""Theba pisana"", ""common_name"": ""White snail"", ""score"": 0.1364927887916565}, {""species"": ""Monacha cantiana"", ""common_name"": ""Kentish snail"", ""score"": 0.12433026731014252}, {""species"": ""Helix lutescens"", ""common_name"": """", ""score"": 0.04458026960492134}, {""species"": ""Hesseola pratensis"", ""common_name"": """", ""score"": 0.03056972846388817}, {""species"": ""Xeromunda vulgarissima"", ""common_name"": """", ""score"": 0.028620705008506775}]"
/share/ftrscape/image_dataset/obs_338007030_photo_614585734.jpg,/gpfs_common/share03/ftrscape/snair3/wew_notebooks/outputs_sam/masked_crops/obs_338007030_photo_614585734_157__crop.png,Ratnadvipia irradians,Xanthomelon distractum,Zachrysia guantanamensis,Xanthomelon interpositum,Zachrysia gibarana,,0.07753194868564606,"[{""species"": ""Ratnadvipia irradians"", ""common_name"": """", ""score"": 0.07753194868564606}, {""species"": ""Xanthomelon distractum"", ""common_name"": """", ""score"": 0.061736561357975006}, {""species"": ""Zachrysia guantanamensis"", ""common_name"": """", ""score"": 0.05457634478807449}, {""species"": ""Xanthomelon interpositum"", ""common_name"": """", ""score"": 0.033667150884866714}, {""species"": ""Zachrysia gibarana"", ""common_name"": """", ""score"": 0.024068724364042282}]"
/share/ftrscape/image_dataset/obs_338486970_photo_615576074.jpg,/gpfs_common/share03/ftrscape/snair3/wew_notebooks/outputs_sam/masked_crops/obs_338486970_photo_615576074_158__crop.png,Spisula solidissima,Paphies subtriangulata,Mactromeris polynyma,Spisula sachalinensis,Mactromeris Spisula brevirostrata,Atlantic surf clam,0.8576220273971558,"[{""species"": ""Spisula solidissima"", ""common_name"": ""Atlantic surf clam"", ""score"": 0.8576220273971558}, {""species"": ""Paphies subtriangulata"", ""common_name"": ""Surf Clam"", ""score"": 0.05612567439675331}, {""species"": ""Mactromeris polynyma"", ""common_name"": ""Arctic surf clam"", ""score"": 0.02430511824786663}, {""species"": ""Spisula sachalinensis"", ""common_name"": ""Sakhalin surf clam"", ""score"": 0.012149053625762463}, {""species"": ""Mactromeris Spisula brevirostrata"", ""common_name"": """", ""score"": 0.004113812930881977}]"
/share/ftrscape/image_dataset/obs_338486970_photo_615576074.jpg,/gpfs_common/share03/ftrscape/snair3/wew_notebooks/outputs_sam/masked_crops/obs_338486970_photo_615576074_159__crop.png,Spisula solidissima,Paphies subtriangulata,Mactromeris polynyma,Spisula sachalinensis,Mactromeris catilliformis,Atlantic surf clam,0.8450083136558533,"[{""species"": ""Spisula solidissima"", ""common_name"": ""Atlantic surf clam"", ""score"": 0.8450083136558533}, {""species"": ""Paphies subtriangulata"", ""common_name"": ""Surf Clam"", ""score"": 0.05451391264796257}, {""species"": ""Mactromeris polynyma"", ""common_name"": ""Arctic surf clam"", ""score"": 0.02747601643204689}, {""species"": ""Spisula sachalinensis"", ""common_name"": ""Sakhalin surf clam"", ""score"": 0.011235000565648079}, {""species"": ""Mactromeris catilliformis"", ""common_name"": """", ""score"": 0.005451658740639687}]"
/share/ftrscape/image_dataset/obs_338486970_photo_615576074.jpg,/gpfs_common/share03/ftrscape/snair3/wew_notebooks/outputs_sam/masked_crops/obs_338486970_photo_615576074_160__crop.png,Spisula solidissima,Paphies subtriangulata,Mactromeris polynyma,Spisula sachalinensis,Simomactra falcata,Atlantic surf clam,0.8400182723999023,"[{""species"": ""Spisula solidissima"", ""common_name"": ""Atlantic surf clam"", ""score"": 0.8400182723999023}, {""species"": ""Paphies subtriangulata"", ""common_name"": ""Surf Clam"", ""score"": 0.054468050599098206}, {""species"": ""Mactromeris polynyma"", ""common_name"": ""Arctic surf clam"", ""score"": 0.024385837838053703}, {""species"": ""Spisula sachalinensis"", ""common_name"": ""Sakhalin surf clam"", ""score"": 0.00991520844399929}, {""species"": ""Simomactra falcata"", ""common_name"": """", ""score"": 0.006907107308506966}]"
/share/ftrscape/image_dataset/obs_338486970_photo_615576074.jpg,/gpfs_common/share03/ftrscape/snair3/wew_notebooks/outputs_sam/masked_crops/obs_338486970_photo_615576074_161__crop.png,Spisula solidissima,Paphies subtriangulata,Mactromeris Spisula brevirostrata,Mactromeris polynyma,Mactra grandis,Atlantic surf clam,0.8054638504981995,"[{""species"": ""Spisula solidissima"", ""common_name"": ""Atlantic surf clam"", ""score"": 0.8054638504981995}, {""species"": ""Paphies subtriangulata"", ""common_name"": ""Surf Clam"", ""score"": 0.07799586653709412}, {""species"": ""Mactromeris Spisula brevirostrata"", ""common_name"": """", ""score"": 0.012047233060002327}, {""species"": ""Mactromeris polynyma"", ""common_name"": ""Arctic surf clam"", ""score"": 0.008395579643547535}, {""species"": ""Mactra grandis"", ""common_name"": """", ""score"": 0.008031618781387806}]"
/share/ftrscape/image_dataset/obs_338486970_photo_615576074.jpg,/gpfs_common/share03/ftrscape/snair3/wew_notebooks/outputs_sam/masked_crops/obs_338486970_photo_615576074_162__crop.png,Spisula solidissima,Paphies subtriangulata,Mactromeris polynyma,Spisula sachalinensis,Mactromeris Spisula brevirostrata,Atlantic surf clam,0.8469582200050354,"[{""species"": ""Spisula solidissima"", ""common_name"": ""Atlantic surf clam"", ""score"": 0.8469582200050354}, {""species"": ""Paphies subtriangulata"", ""common_name"": ""Surf Clam"", ""score"": 0.07846447080373764}, {""species"": ""Mactromeris polynyma"", ""common_name"": ""Arctic surf clam"", ""score"": 0.014970979653298855}, {""species"": ""Spisula sachalinensis"", ""common_name"": ""Sakhalin surf clam"", ""score"": 0.00943538174033165}, {""species"": ""Mactromeris Spisula brevirostrata"", ""common_name"": """", ""score"": 0.00379850622266531}]"
/share/ftrscape/image_dataset/obs_339993526_photo_618618071.jpg,/gpfs_common/share03/ftrscape/snair3/wew_notebooks/outputs_sam/masked_crops/obs_339993526_photo_618618071_163__crop.png,Evasterias echinosoma,Evasterias troschelii,Meyenaster gelatinosus,Astrostole scabra,Astrostole insularis,Giant star,0.4939724802970886,"[{""species"": ""Evasterias echinosoma"", ""common_name"": ""Giant star"", ""score"": 0.4939724802970886}, {""species"": ""Evasterias troschelii"", ""common_name"": """", ""score"": 0.1977248191833496}, {""species"": ""Meyenaster gelatinosus"", ""common_name"": """", ""score"": 0.06844090670347214}, {""species"": ""Astrostole scabra"", ""common_name"": """", ""score"": 0.051643386483192444}, {""species"": ""Astrostole insularis"", ""common_name"": """", ""score"": 0.02004901133477688}]"
/share/ftrscape/image_dataset/obs_339993526_photo_618618071.jpg,/gpfs_common/share03/ftrscape/snair3/wew_notebooks/outputs_sam/masked_crops/obs_339993526_photo_618618071_164__crop.png,Chloephaga hybrida,Laricola Larus elegans,Evasterias echinosoma,Evasterias troschelii,Astrostole insularis,Kelp goose,0.36901116371154785,"[{""species"": ""Chloephaga hybrida"", ""common_name"": ""Kelp goose"", ""score"": 0.36901116371154785}, {""species"": ""Laricola Larus elegans"", ""common_name"": """", ""score"": 0.09045905619859695}, {""species"": ""Evasterias echinosoma"", ""common_name"": ""Giant star"", ""score"": 0.06023343652486801}, {""species"": ""Evasterias troschelii"", ""common_name"": """", ""score"": 0.05822056904435158}, {""species"": ""Astrostole insularis"", ""common_name"": """", ""score"": 0.023580197244882584}]"
/share/ftrscape/image_dataset/obs_339993526_photo_618618071.jpg,/gpfs_common/share03/ftrscape/snair3/wew_notebooks/outputs_sam/masked_crops/obs_339993526_photo_618618071_165__crop.png,Evasterias echinosoma,Evasterias troschelii,Pycnopodia helianthoides,Distolasterias elegans,Luidia magellanica,Giant star,0.5871637463569641,"[{""species"": ""Evasterias echinosoma"", ""common_name"": ""Giant star"", ""score"": 0.5871637463569641}, {""species"": ""Evasterias troschelii"", ""common_name"": """", ""score"": 0.10534818470478058}, {""species"": ""Pycnopodia helianthoides"", ""common_name"": ""Rag mop"", ""score"": 0.0526592992246151}, {""species"": ""Distolasterias elegans"", ""common_name"": """", ""score"": 0.02554531954228878}, {""species"": ""Luidia magellanica"", ""common_name"": """", ""score"": 0.024047642946243286}]"
/share/ftrscape/image_dataset/obs_339993526_photo_618618071.jpg,/gpfs_common/share03/ftrscape/snair3/wew_notebooks/outputs_sam/masked_crops/obs_339993526_photo_618618071_166__crop.png,Evasterias echinosoma,Astrostole scabra,Meyenaster gelatinosus,Astrostole insularis,Stichaster australis,Giant star,0.17932991683483124,"[{""species"": ""Evasterias echinosoma"", ""common_name"": ""Giant star"", ""score"": 0.17932991683483124}, {""species"": ""Astrostole scabra"", ""common_name"": """", ""score"": 0.10993625968694687}, {""species"": ""Meyenaster gelatinosus"", ""common_name"": """", ""score"": 0.10568998754024506}, {""species"": ""Astrostole insularis"", ""common_name"": """", ""score"": 0.1023281142115593}, {""species"": ""Stichaster australis"", ""common_name"": ""Reef starfish"", ""score"": 0.032767970114946365}]"
/share/ftrscape/image_dataset/obs_339993526_photo_618618071.jpg,/gpfs_common/share03/ftrscape/snair3/wew_notebooks/outputs_sam/masked_crops/obs_339993526_photo_618618071_167__crop.png,Evasterias echinosoma,Evasterias troschelii,Asterias rathbuni,Luidia magellanica,Distolasterias elegans,Giant star,0.6447190642356873,"[{""species"": ""Evasterias echinosoma"", ""common_name"": ""Giant star"", ""score"": 0.6447190642356873}, {""species"": ""Evasterias troschelii"", ""common_name"": """", ""score"": 0.07899891585111618}, {""species"": ""Asterias rathbuni"", ""common_name"": """", ""score"": 0.03393711522221565}, {""species"": ""Luidia magellanica"", ""common_name"": """", ""score"": 0.025466058403253555}, {""species"": ""Distolasterias elegans"", ""common_name"": """", ""score"": 0.024482809007167816}]"
/share/ftrscape/image_dataset/obs_340263466_photo_619175705.jpg,/gpfs_common/share03/ftrscape/snair3/wew_notebooks/outputs_sam/masked_crops/obs_340263466_photo_619175705_168__crop.png,Tristerix aphyllus,Ferocactus gracilis,Melocactus intortus,Eriosyce subgibbosa,Eriosyce engleri,,0.14546628296375275,"[{""species"": ""Tristerix aphyllus"", ""common_name"": """", ""score"": 0.14546628296375275}, {""species"": ""Ferocactus gracilis"", ""common_name"": ""Fire barrel cactus"", ""score"": 0.08748506009578705}, {""species"": ""Melocactus intortus"", ""common_name"": ""Barrel cactus"", ""score"": 0.04402348771691322}, {""species"": ""Eriosyce subgibbosa"", ""common_name"": """", ""score"": 0.037091583013534546}, {""species"": ""Eriosyce engleri"", ""common_name"": """", ""score"": 0.03406209126114845}]"
/share/ftrscape/image_dataset/obs_340263466_photo_619175705.jpg,/gpfs_common/share03/ftrscape/snair3/wew_notebooks/outputs_sam/masked_crops/obs_340263466_photo_619175705_169__crop.png,Tristerix aphyllus,Ferocactus gracilis,Melocactus intortus,Mammillaria halei,Ferocactus fordii,,0.34454041719436646,"[{""species"": ""Tristerix aphyllus"", ""common_name"": """", ""score"": 0.34454041719436646}, {""species"": ""Ferocactus gracilis"", ""common_name"": ""Fire barrel cactus"", ""score"": 0.1042046993970871}, {""species"": ""Melocactus intortus"", ""common_name"": ""Barrel cactus"", ""score"": 0.05575377866625786}, {""species"": ""Mammillaria halei"", ""common_name"": """", ""score"": 0.05504666641354561}, {""species"": ""Ferocactus fordii"", ""common_name"": """", ""score"": 0.035234902054071426}]"
/share/ftrscape/image_dataset/obs_340263466_photo_619175705.jpg,/gpfs_common/share03/ftrscape/snair3/wew_notebooks/outputs_sam/masked_crops/obs_340263466_photo_619175705_170__crop.png,Tristerix aphyllus,Mammillaria halei,Tristerix grandiflorus,Borzicactus sulcifer,Eriosyce subgibbosa,,0.19801919162273407,"[{""species"": ""Tristerix aphyllus"", ""common_name"": """", ""score"": 0.19801919162273407}, {""species"": ""Mammillaria halei"", ""common_name"": """", ""score"": 0.15280738472938538}, {""species"": ""Tristerix grandiflorus"", ""common_name"": """", ""score"": 0.06193933263421059}, {""species"": ""Borzicactus sulcifer"", ""common_name"": """", ""score"": 0.04653824120759964}, {""species"": ""Eriosyce subgibbosa"", ""common_name"": """", ""score"": 0.04454146698117256}]"
/share/ftrscape/image_dataset/obs_340271186_photo_619190124.jpg,/gpfs_common/share03/ftrscape/snair3/wew_notebooks/outputs_sam/masked_crops/obs_340271186_photo_619190124_171__crop.png,Leptasthenura aegithaloides,Araneus lathyrinus,Leiothlypis ruficapilla,Cardellina pusilla,Setophaga townsendi,Plain-mantled tit-spinetail,0.021034177392721176,"[{""species"": ""Leptasthenura aegithaloides"", ""common_name"": ""Plain-mantled tit-spinetail"", ""score"": 0.021034177392721176}, {""species"": ""Araneus lathyrinus"", ""common_name"": """", ""score"": 0.01927761547267437}, {""species"": ""Leiothlypis ruficapilla"", ""common_name"": ""Nashville Warbler"", ""score"": 0.017863737419247627}, {""species"": ""Cardellina pusilla"", ""common_name"": ""Wilson's warbler"", ""score"": 0.017155027016997337}, {""species"": ""Setophaga townsendi"", ""common_name"": ""Townsend's warbler"", ""score"": 0.016871806234121323}]"
/share/ftrscape/image_dataset/obs_340271186_photo_619190124.jpg,/gpfs_common/share03/ftrscape/snair3/wew_notebooks/outputs_sam/masked_crops/obs_340271186_photo_619190124_172__crop.png,Rhopalomyia californica,Baccharis pilularis,Baccharis heterophylla,Aceria clianthi,Rhopalomyia baccharis,,0.3290422260761261,"[{""species"": ""Rhopalomyia californica"", ""common_name"": """", ""score"": 0.3290422260761261}, {""species"": ""Baccharis pilularis"", ""common_name"": ""Coyotebrush"", ""score"": 0.24023157358169556}, {""species"": ""Baccharis heterophylla"", ""common_name"": """", ""score"": 0.048810843378305435}, {""species"": ""Aceria clianthi"", ""common_name"": """", ""score"": 0.02382083237171173}, {""species"": ""Rhopalomyia baccharis"", ""common_name"": """", ""score"": 0.02344776690006256}]"
/share/ftrscape/image_dataset/obs_340271186_photo_619190124.jpg,/gpfs_common/share03/ftrscape/snair3/wew_notebooks/outputs_sam/masked_crops/obs_340271186_photo_619190124_173__crop.png,Asphondylia pumila,Rhopalomyia californica,Rhopalomyia chrysanthemi,Pegomya rufescens,Exobasidium japonicum,,0.17793244123458862,"[{""species"": ""Asphondylia pumila"", ""common_name"": """", ""score"": 0.17793244123458862}, {""species"": ""Rhopalomyia californica"", ""common_name"": """", ""score"": 0.11881829053163528}, {""species"": ""Rhopalomyia chrysanthemi"", ""common_name"": ""Chrysanthemum gall midge"", ""score"": 0.0554494708776474}, {""species"": ""Pegomya rufescens"", ""common_name"": """", ""score"": 0.03279212862253189}, {""species"": ""Exobasidium japonicum"", ""common_name"": ""Azalea gall"", ""score"": 0.021481167525053024}]"
/share/ftrscape/image_dataset/obs_340271186_photo_619190124.jpg,/gpfs_common/share03/ftrscape/snair3/wew_notebooks/outputs_sam/masked_crops/obs_340271186_photo_619190124_174__crop.png,Rhopalomyia californica,Rhopalomyia chrysanthemi,Aculus kochi,Exobasidium japonicum,Tephritis baccharis,,0.24739715456962585,"[{""species"": ""Rhopalomyia californica"", ""common_name"": """", ""score"": 0.24739715456962585}, {""species"": ""Rhopalomyia chrysanthemi"", ""common_name"": ""Chrysanthemum gall midge"", ""score"": 0.033918388187885284}, {""species"": ""Aculus kochi"", ""common_name"": """", ""score"": 0.03083430975675583}, {""species"": ""Exobasidium japonicum"", ""common_name"": ""Azalea gall"", ""score"": 0.02758871205151081}, {""species"": ""Tephritis baccharis"", ""common_name"": """", ""score"": 0.024649739265441895}]"
/share/ftrscape/image_dataset/obs_340271186_photo_619190124.jpg,/gpfs_common/share03/ftrscape/snair3/wew_notebooks/outputs_sam/masked_crops/obs_340271186_photo_619190124_175__crop.png,Baccharis pilularis,Rhopalomyia californica,Rhopalomyia baccharis,Gnorimoschema baccharisella,Aceria brevirostris,Coyotebrush,0.4243839681148529,"[{""species"": ""Baccharis pilularis"", ""common_name"": ""Coyotebrush"", ""score"": 0.4243839681148529}, {""species"": ""Rhopalomyia californica"", ""common_name"": """", ""score"": 0.2508413791656494}, {""species"": ""Rhopalomyia baccharis"", ""common_name"": """", ""score"": 0.09133660793304443}, {""species"": ""Gnorimoschema baccharisella"", ""common_name"": """", ""score"": 0.01546927634626627}, {""species"": ""Aceria brevirostris"", ""common_name"": """", ""score"": 0.01483358908444643}]"
/share/ftrscape/image_dataset/obs_340304697_photo_619256274.jpg,/gpfs_common/share03/ftrscape/snair3/wew_notebooks/outputs_sam/masked_crops/obs_340304697_photo_619256274_176__crop.png,Paracrostoma tigrina,Haemopis marmorata,Paracrostoma huegelii,Haemopis lateromaculata,Haemopis elegans,,0.185044065117836,"[{""species"": ""Paracrostoma tigrina"", ""common_name"": """", ""score"": 0.185044065117836}, {""species"": ""Haemopis marmorata"", ""common_name"": """", ""score"": 0.08728401362895966}, {""species"": ""Paracrostoma huegelii"", ""common_name"": """", ""score"": 0.04358217865228653}, {""species"": ""Haemopis lateromaculata"", ""common_name"": """", ""score"": 0.0358935110270977}, {""species"": ""Haemopis elegans"", ""common_name"": """", ""score"": 0.02487465925514698}]"
/share/ftrscape/image_dataset/obs_340304697_photo_619256274.jpg,/gpfs_common/share03/ftrscape/snair3/wew_notebooks/outputs_sam/masked_crops/obs_340304697_photo_619256274_177__crop.png,Paracrostoma tigrina,Vitta perottetiana,Haemopis marmorata,Helicophanta magnifica,Helicophanta gloriosa,,0.058387093245983124,"[{""species"": ""Paracrostoma tigrina"", ""common_name"": """", ""score"": 0.058387093245983124}, {""species"": ""Vitta perottetiana"", ""common_name"": """", ""score"": 0.04319736734032631}, {""species"": ""Haemopis marmorata"", ""common_name"": """", ""score"": 0.03200154006481171}, {""species"": ""Helicophanta magnifica"", ""common_name"": """", ""score"": 0.027690591290593147}, {""species"": ""Helicophanta gloriosa"", ""common_name"": """", ""score"": 0.021337799727916718}]"
/share/ftrscape/image_dataset/obs_340304697_photo_619256274.jpg,/gpfs_common/share03/ftrscape/snair3/wew_notebooks/outputs_sam/masked_crops/obs_340304697_photo_619256274_178__crop.png,Haemopis lateromaculata,Haemopis elegans,Haemopis terrestris,Haemopis marmorata,Helicophanta magnifica,,0.07387113571166992,"[{""species"": ""Haemopis lateromaculata"", ""common_name"": """", ""score"": 0.07387113571166992}, {""species"": ""Haemopis elegans"", ""common_name"": """", ""score"": 0.03739439323544502}, {""species"": ""Haemopis terrestris"", ""common_name"": """", ""score"": 0.03415282815694809}, {""species"": ""Haemopis marmorata"", ""common_name"": """", ""score"": 0.03405317664146423}, {""species"": ""Helicophanta magnifica"", ""common_name"": """", ""score"": 0.03126993775367737}]"
/share/ftrscape/image_dataset/obs_340326193_photo_619295159.jpg,/gpfs_common/share03/ftrscape/snair3/wew_notebooks/outputs_sam/masked_crops/obs_340326193_photo_619295159_179__crop.png,Gaylussacia tomentosa,Lindera glauca,Vaccinium stamineum,Vaccinium ovalifolium,Dirca decipiens,,0.12335530668497086,"[{""species"": ""Gaylussacia tomentosa"", ""common_name"": """", ""score"": 0.12335530668497086}, {""species"": ""Lindera glauca"", ""common_name"": """", ""score"": 0.12099155783653259}, {""species"": ""Vaccinium stamineum"", ""common_name"": ""DeerBerry"", ""score"": 0.08880748599767685}, {""species"": ""Vaccinium ovalifolium"", ""common_name"": ""Early blueberry"", ""score"": 0.0529937744140625}, {""species"": ""Dirca decipiens"", ""common_name"": """", ""score"": 0.049287594854831696}]"
/share/ftrscape/image_dataset/obs_340326193_photo_619295159.jpg,/gpfs_common/share03/ftrscape/snair3/wew_notebooks/outputs_sam/masked_crops/obs_340326193_photo_619295159_180__crop.png,Lindera glauca,Gaylussacia tomentosa,Vaccinium ovalifolium,Vaccinium stamineum,Vaccinium pallidum,,0.13115985691547394,"[{""species"": ""Lindera glauca"", ""common_name"": """", ""score"": 0.13115985691547394}, {""species"": ""Gaylussacia tomentosa"", ""common_name"": """", ""score"": 0.1294134110212326}, {""species"": ""Vaccinium ovalifolium"", ""common_name"": ""Early blueberry"", ""score"": 0.0803135558962822}, {""species"": ""Vaccinium stamineum"", ""common_name"": ""DeerBerry"", ""score"": 0.05320971459150314}, {""species"": ""Vaccinium pallidum"", ""common_name"": ""blueberry"", ""score"": 0.05306943878531456}]"
/share/ftrscape/image_dataset/obs_340326194_photo_619295158.jpg,/gpfs_common/share03/ftrscape/snair3/wew_notebooks/outputs_sam/masked_crops/obs_340326194_photo_619295158_181__crop.png,Rhytisma prini,Rhytisma salicinum,Mycosphaerella fraxinicola,Lasiobotrys lonicerae,Ophiodothella floridana,,0.13293547928333282,"[{""species"": ""Rhytisma prini"", ""common_name"": """", ""score"": 0.13293547928333282}, {""species"": ""Rhytisma salicinum"", ""common_name"": ""Willow tarspot"", ""score"": 0.06639840453863144}, {""species"": ""Mycosphaerella fraxinicola"", ""common_name"": """", ""score"": 0.051083337515592575}, {""species"": ""Lasiobotrys lonicerae"", ""common_name"": ""Honeysuckle rash"", ""score"": 0.04961565509438515}, {""species"": ""Ophiodothella floridana"", ""common_name"": """", ""score"": 0.04132974147796631}]"
/share/ftrscape/image_dataset/obs_340326194_photo_619295158.jpg,/gpfs_common/share03/ftrscape/snair3/wew_notebooks/outputs_sam/masked_crops/obs_340326194_photo_619295158_182__crop.png,Macrodiplodiopsis desmazieri,Coniophora puteana,Haemadipsa zeylanica,Ligula intestinalis,Haemadipsa interrupta,,0.009370767511427402,"[{""species"": ""Macrodiplodiopsis desmazieri"", ""common_name"": """", ""score"": 0.009370767511427402}, {""species"": ""Coniophora puteana"", ""common_name"": ""Cellar fungus"", ""score"": 0.0034732106141746044}, {""species"": ""Haemadipsa zeylanica"", ""common_name"": """", ""score"": 0.003237487282603979}, {""species"": ""Ligula intestinalis"", ""common_name"": """", ""score"": 0.0028988560661673546}, {""species"": ""Haemadipsa interrupta"", ""common_name"": """", ""score"": 0.0027605840004980564}]"
/share/ftrscape/image_dataset/obs_340337296_photo_536341964.jpg,/gpfs_common/share03/ftrscape/snair3/wew_notebooks/outputs_sam/masked_crops/obs_340337296_photo_536341964_183__crop.png,Monopsis lutea,Lotus stepposus,Rafnia globosa,Lotus corniculatus,Aspalathus angustifolia,,0.18155494332313538,"[{""species"": ""Monopsis lutea"", ""common_name"": """", ""score"": 0.18155494332313538}, {""species"": ""Lotus stepposus"", ""common_name"": """", ""score"": 0.06405985355377197}, {""species"": ""Rafnia globosa"", ""common_name"": """", ""score"": 0.051019612699747086}, {""species"": ""Lotus corniculatus"", ""common_name"": ""Bird's-foot trefoil"", ""score"": 0.032405804842710495}, {""species"": ""Aspalathus angustifolia"", ""common_name"": """", ""score"": 0.029742905870079994}]"
/share/ftrscape/image_dataset/obs_340337296_photo_536341964.jpg,/gpfs_common/share03/ftrscape/snair3/wew_notebooks/outputs_sam/masked_crops/obs_340337296_photo_536341964_184__crop.png,Lotus corniculatus,Lotus japonicus,Lotus ucrainicus,Lotus tenuis,Lotus stepposus,Bird's-foot trefoil,0.36444276571273804,"[{""species"": ""Lotus corniculatus"", ""common_name"": ""Bird's-foot trefoil"", ""score"": 0.36444276571273804}, {""species"": ""Lotus japonicus"", ""common_name"": """", ""score"": 0.2811279594898224}, {""species"": ""Lotus ucrainicus"", ""common_name"": """", ""score"": 0.07535519450902939}, {""species"": ""Lotus tenuis"", ""common_name"": ""Narrow-leaved bird's-foot-trefoil"", ""score"": 0.05545417219400406}, {""species"": ""Lotus stepposus"", ""common_name"": """", ""score"": 0.01561092957854271}]"
/share/ftrscape/image_dataset/obs_340337296_photo_536341964.jpg,/gpfs_common/share03/ftrscape/snair3/wew_notebooks/outputs_sam/masked_crops/obs_340337296_photo_536341964_185__crop.png,Thymelicus lineola,Thymelicus sylvestris,Ancyloxypha nitedula,Ancyloxypha numitor,Thymelicus novus,European Skipper,0.47944700717926025,"[{""species"": ""Thymelicus lineola"", ""common_name"": ""European Skipper"", ""score"": 0.47944700717926025}, {""species"": ""Thymelicus sylvestris"", ""common_name"": ""Small Skipper"", ""score"": 0.3028682768344879}, {""species"": ""Ancyloxypha nitedula"", ""common_name"": """", ""score"": 0.0705638900399208}, {""species"": ""Ancyloxypha numitor"", ""common_name"": ""Least Skipper"", ""score"": 0.040970318019390106}, {""species"": ""Thymelicus novus"", ""common_name"": """", ""score"": 0.03805416449904442}]"
/share/ftrscape/image_dataset/obs_340337296_photo_536341964.jpg,/gpfs_common/share03/ftrscape/snair3/wew_notebooks/outputs_sam/masked_crops/obs_340337296_photo_536341964_186__crop.png,Lotus corniculatus,Lotus japonicus,Lotus ucrainicus,Lotus tenuis,Lotus stepposus,Bird's-foot trefoil,0.43394163250923157,"[{""species"": ""Lotus corniculatus"", ""common_name"": ""Bird's-foot trefoil"", ""score"": 0.43394163250923157}, {""species"": ""Lotus japonicus"", ""common_name"": """", ""score"": 0.13153940439224243}, {""species"": ""Lotus ucrainicus"", ""common_name"": """", ""score"": 0.10362447053194046}, {""species"": ""Lotus tenuis"", ""common_name"": ""Narrow-leaved bird's-foot-trefoil"", ""score"": 0.09358976781368256}, {""species"": ""Lotus stepposus"", ""common_name"": """", ""score"": 0.030061108991503716}]"
/share/ftrscape/image_dataset/obs_340337296_photo_536341964.jpg,/gpfs_common/share03/ftrscape/snair3/wew_notebooks/outputs_sam/masked_crops/obs_340337296_photo_536341964_187__crop.png,Lotus corniculatus,Lotus japonicus,Lotus tenuis,Lotus stepposus,Ancyloxypha numitor,Bird's-foot trefoil,0.2142108827829361,"[{""species"": ""Lotus corniculatus"", ""common_name"": ""Bird's-foot trefoil"", ""score"": 0.2142108827829361}, {""species"": ""Lotus japonicus"", ""common_name"": """", ""score"": 0.15453770756721497}, {""species"": ""Lotus tenuis"", ""common_name"": ""Narrow-leaved bird's-foot-trefoil"", ""score"": 0.08127613365650177}, {""species"": ""Lotus stepposus"", ""common_name"": """", ""score"": 0.06490139663219452}, {""species"": ""Ancyloxypha numitor"", ""common_name"": ""Least Skipper"", ""score"": 0.0615224651992321}]"
/share/ftrscape/image_dataset/obs_340337865_photo_533753896.jpg,/gpfs_common/share03/ftrscape/snair3/wew_notebooks/outputs_sam/masked_crops/obs_340337865_photo_533753896_188__crop.png,Vicia incana,Vicia cracca,Contarinia craccae,Vicia amurensis,Vicia villosa,,0.24899184703826904,"[{""species"": ""Vicia incana"", ""common_name"": """", ""score"": 0.24899184703826904}, {""species"": ""Vicia cracca"", ""common_name"": ""Tufted Vetch"", ""score"": 0.2339472472667694}, {""species"": ""Contarinia craccae"", ""common_name"": ""Vikkeblomstgalmyg"", ""score"": 0.05255192890763283}, {""species"": ""Vicia amurensis"", ""common_name"": """", ""score"": 0.04617355763912201}, {""species"": ""Vicia villosa"", ""common_name"": ""Winter vetch"", ""score"": 0.03735000640153885}]"
/share/ftrscape/image_dataset/obs_340337865_photo_533753896.jpg,/gpfs_common/share03/ftrscape/snair3/wew_notebooks/outputs_sam/masked_crops/obs_340337865_photo_533753896_189__crop.png,Vicia cracca,Vicia incana,Vicia villosa,Vicia tenuifolia,Vicia amoena,Tufted Vetch,0.27610376477241516,"[{""species"": ""Vicia cracca"", ""common_name"": ""Tufted Vetch"", ""score"": 0.27610376477241516}, {""species"": ""Vicia incana"", ""common_name"": """", ""score"": 0.24022193253040314}, {""species"": ""Vicia villosa"", ""common_name"": ""Winter vetch"", ""score"": 0.14552755653858185}, {""species"": ""Vicia tenuifolia"", ""common_name"": ""Fine-leaved vetch"", ""score"": 0.058758530765771866}, {""species"": ""Vicia amoena"", ""common_name"": ""Cheder ebs"", ""score"": 0.04238390177488327}]"
/share/ftrscape/image_dataset/obs_340337865_photo_533753896.jpg,/gpfs_common/share03/ftrscape/snair3/wew_notebooks/outputs_sam/masked_crops/obs_340337865_photo_533753896_190__crop.png,Vicia incana,Contarinia craccae,Vicia cracca,Dasineura viciae,Lathyrus venetus,,0.5197194218635559,"[{""species"": ""Vicia incana"", ""common_name"": """", ""score"": 0.5197194218635559}, {""species"": ""Contarinia craccae"", ""common_name"": ""Vikkeblomstgalmyg"", ""score"": 0.12049540132284164}, {""species"": ""Vicia cracca"", ""common_name"": ""Tufted Vetch"", ""score"": 0.031506091356277466}, {""species"": ""Dasineura viciae"", ""common_name"": ""Gærdevikkegalmyg"", ""score"": 0.026487506926059723}, {""species"": ""Lathyrus venetus"", ""common_name"": ""bredbladig vårärt"", ""score"": 0.01466600876301527}]"
/share/ftrscape/image_dataset/obs_340337865_photo_533753896.jpg,/gpfs_common/share03/ftrscape/snair3/wew_notebooks/outputs_sam/masked_crops/obs_340337865_photo_533753896_191__crop.png,Thymelicus lineola,Ancyloxypha numitor,Ancyloxypha nitedula,Oarisma garita,Pseudocopaeodes eunus,European Skipper,0.9759659767150879,"[{""species"": ""Thymelicus lineola"", ""common_name"": ""European Skipper"", ""score"": 0.9759659767150879}, {""species"": ""Ancyloxypha numitor"", ""common_name"": ""Least Skipper"", ""score"": 0.005126403644680977}, {""species"": ""Ancyloxypha nitedula"", ""common_name"": """", ""score"": 0.004780265968292952}, {""species"": ""Oarisma garita"", ""common_name"": ""Garita skipperling"", ""score"": 0.003017130773514509}, {""species"": ""Pseudocopaeodes eunus"", ""common_name"": ""Alkali skipper"", ""score"": 0.002895906800404191}]"
/share/ftrscape/image_dataset/obs_340364592_photo_619375042.jpg,/gpfs_common/share03/ftrscape/snair3/wew_notebooks/outputs_sam/masked_crops/obs_340364592_photo_619375042_192__crop.png,Aquarius najas,Aquarius conformis,Telmatrechus parallelus,Ptilomera tigrina,Aquarius fabricii,River skater,0.4779685437679291,"[{""species"": ""Aquarius najas"", ""common_name"": ""River skater"", ""score"": 0.4779685437679291}, {""species"": ""Aquarius conformis"", ""common_name"": """", ""score"": 0.07715720683336258}, {""species"": ""Telmatrechus parallelus"", ""common_name"": """", ""score"": 0.07076616585254669}, {""species"": ""Ptilomera tigrina"", ""common_name"": """", ""score"": 0.04466879367828369}, {""species"": ""Aquarius fabricii"", ""common_name"": """", ""score"": 0.03655509278178215}]"
/share/ftrscape/image_dataset/obs_340364592_photo_619375042.jpg,/gpfs_common/share03/ftrscape/snair3/wew_notebooks/outputs_sam/masked_crops/obs_340364592_photo_619375042_193__crop.png,Aquarius najas,Aquarius conformis,Telmatrechus parallelus,Aquarius fabricii,Ptilomera tigrina,River skater,0.4313802421092987,"[{""species"": ""Aquarius najas"", ""common_name"": ""River skater"", ""score"": 0.4313802421092987}, {""species"": ""Aquarius conformis"", ""common_name"": """", ""score"": 0.13815012574195862}, {""species"": ""Telmatrechus parallelus"", ""common_name"": """", ""score"": 0.04712601751089096}, {""species"": ""Aquarius fabricii"", ""common_name"": """", ""score"": 0.04335229471325874}, {""species"": ""Ptilomera tigrina"", ""common_name"": """", ""score"": 0.03921905532479286}]"
/share/ftrscape/image_dataset/obs_340364592_photo_619375042.jpg,/gpfs_common/share03/ftrscape/snair3/wew_notebooks/outputs_sam/masked_crops/obs_340364592_photo_619375042_194__crop.png,Aquarius conformis,Aquarius najas,Aquarius paludum,Aquarius ventralis,Ptilomera tigrina,,0.31946179270744324,"[{""species"": ""Aquarius conformis"", ""common_name"": """", ""score"": 0.31946179270744324}, {""species"": ""Aquarius najas"", ""common_name"": ""River skater"", ""score"": 0.20211480557918549}, {""species"": ""Aquarius paludum"", ""common_name"": ""sjöskräddare"", ""score"": 0.055161185562610626}, {""species"": ""Aquarius ventralis"", ""common_name"": """", ""score"": 0.05000154301524162}, {""species"": ""Ptilomera tigrina"", ""common_name"": """", ""score"": 0.03869868069887161}]"
/share/ftrscape/image_dataset/obs_340364592_photo_619375042.jpg,/gpfs_common/share03/ftrscape/snair3/wew_notebooks/outputs_sam/masked_crops/obs_340364592_photo_619375042_195__crop.png,Aquarius najas,Aquarius conformis,Aquarius chilensis,Aquarius cinereus,Aquarius fabricii,River skater,0.2995246350765228,"[{""species"": ""Aquarius najas"", ""common_name"": ""River skater"", ""score"": 0.2995246350765228}, {""species"": ""Aquarius conformis"", ""common_name"": """", ""score"": 0.19192954897880554}, {""species"": ""Aquarius chilensis"", ""common_name"": """", ""score"": 0.04609930142760277}, {""species"": ""Aquarius cinereus"", ""common_name"": """", ""score"": 0.04504721984267235}, {""species"": ""Aquarius fabricii"", ""common_name"": """", ""score"": 0.044356949627399445}]"
/share/ftrscape/image_dataset/obs_340368188_photo_619383348.jpg,/gpfs_common/share03/ftrscape/snair3/wew_notebooks/outputs_sam/masked_crops/obs_340368188_photo_619383348_196__crop.png,Diplolepis rosae,Diplolepis bassetti,Asphondylia ceanothi,Andricus seckendorffi,Andricus quercusramuli,Bedeguar gall,0.8749899864196777,"[{""species"": ""Diplolepis rosae"", ""common_name"": ""Bedeguar gall"", ""score"": 0.8749899864196777}, {""species"": ""Diplolepis bassetti"", ""common_name"": """", ""score"": 0.013442735187709332}, {""species"": ""Asphondylia ceanothi"", ""common_name"": """", ""score"": 0.009662661701440811}, {""species"": ""Andricus seckendorffi"", ""common_name"": """", ""score"": 0.008419825695455074}, {""species"": ""Andricus quercusramuli"", ""common_name"": ""Cottonwool gall"", ""score"": 0.006678032223135233}]"
/share/ftrscape/image_dataset/obs_340433312_photo_619519266.jpg,/gpfs_common/share03/ftrscape/snair3/wew_notebooks/outputs_sam/masked_crops/obs_340433312_photo_619519266_197__crop.png,Limnodynastes peronii,Leptodactylus paranaru,Litoria latopalmata,Leptodactylus latrans,Leptodactylus insularum,Brown frog,0.9819421172142029,"[{""species"": ""Limnodynastes peronii"", ""common_name"": ""Brown frog"", ""score"": 0.9819421172142029}, {""species"": ""Leptodactylus paranaru"", ""common_name"": """", ""score"": 0.002786861499771476}, {""species"": ""Litoria latopalmata"", ""common_name"": ""Broad-palmed rocket frog"", ""score"": 0.0022040170151740313}, {""species"": ""Leptodactylus latrans"", ""common_name"": """", ""score"": 0.0011437692446634173}, {""species"": ""Leptodactylus insularum"", ""common_name"": ""San miguel island frog"", ""score"": 0.0008068016031756997}]"
/share/ftrscape/image_dataset/obs_340433312_photo_619519266.jpg,/gpfs_common/share03/ftrscape/snair3/wew_notebooks/outputs_sam/masked_crops/obs_340433312_photo_619519266_198__crop.png,Chloris formosana,Chloris pycnothrix,Chloris radiata,Polypogon fugax,Digitaria sericea,,0.12140795588493347,"[{""species"": ""Chloris formosana"", ""common_name"": """", ""score"": 0.12140795588493347}, {""species"": ""Chloris pycnothrix"", ""common_name"": ""Spiderweb chloris"", ""score"": 0.06666528433561325}, {""species"": ""Chloris radiata"", ""common_name"": ""Radiate fingergrass"", ""score"": 0.06386435031890869}, {""species"": ""Polypogon fugax"", ""common_name"": ""Asia minor bluegrass"", ""score"": 0.052930064499378204}, {""species"": ""Digitaria sericea"", ""common_name"": """", ""score"": 0.042934440076351166}]"
/share/ftrscape/image_dataset/obs_340433312_photo_619519266.jpg,/gpfs_common/share03/ftrscape/snair3/wew_notebooks/outputs_sam/masked_crops/obs_340433312_photo_619519266_199__crop.png,Limnodynastes peronii,Leptodactylus insularum,Micryletta lineata,Litoria latopalmata,Leptodactylus paranaru,Brown frog,0.8546949625015259,"[{""species"": ""Limnodynastes peronii"", ""common_name"": ""Brown frog"", ""score"": 0.8546949625015259}, {""species"": ""Leptodactylus insularum"", ""common_name"": ""San miguel island frog"", ""score"": 0.007179641164839268}, {""species"": ""Micryletta lineata"", ""common_name"": """", ""score"": 0.005922325421124697}, {""species"": ""Litoria latopalmata"", ""common_name"": ""Broad-palmed rocket frog"", ""score"": 0.005542411934584379}, {""species"": ""Leptodactylus paranaru"", ""common_name"": """", ""score"": 0.0055304584093391895}]"
/share/ftrscape/image_dataset/obs_340433312_photo_619519266.jpg,/gpfs_common/share03/ftrscape/snair3/wew_notebooks/outputs_sam/masked_crops/obs_340433312_photo_619519266_200__crop.png,Digitaria sericea,Poa annua,Chloris paniculata,Zoysia matrella,Cynodon dactylon,,0.060968443751335144,"[{""species"": ""Digitaria sericea"", ""common_name"": """", ""score"": 0.060968443751335144}, {""species"": ""Poa annua"", ""common_name"": ""Annual bluegrass"", ""score"": 0.033583514392375946}, {""species"": ""Chloris paniculata"", ""common_name"": """", ""score"": 0.03217029944062233}, {""species"": ""Zoysia matrella"", ""common_name"": ""Manila grass"", ""score"": 0.022288816049695015}, {""species"": ""Cynodon dactylon"", ""common_name"": ""Star Grass"", ""score"": 0.021732833236455917}]"
/share/ftrscape/image_dataset/obs_340514309_photo_619678757.jpg,/gpfs_common/share03/ftrscape/snair3/wew_notebooks/outputs_sam/masked_crops/obs_340514309_photo_619678757_201__crop.png,Buteo jamaicensis,Buteo ventralis,Buteo platypterus,Buteo regalis,Buteo lineatus,Red-tailed Hawk,0.9550549983978271,"[{""species"": ""Buteo jamaicensis"", ""common_name"": ""Red-tailed Hawk"", ""score"": 0.9550549983978271}, {""species"": ""Buteo ventralis"", ""common_name"": ""Rufous-tailed Hawk"", ""score"": 0.007848032750189304}, {""species"": ""Buteo platypterus"", ""common_name"": ""Broad-winged hawk"", ""score"": 0.004278898239135742}, {""species"": ""Buteo regalis"", ""common_name"": ""Ferruginous Hawk"", ""score"": 0.004062414634972811}, {""species"": ""Buteo lineatus"", ""common_name"": ""Red-shouldered hawk"", ""score"": 0.0022904425859451294}]"
/share/ftrscape/image_dataset/obs_340514309_photo_619678757.jpg,/gpfs_common/share03/ftrscape/snair3/wew_notebooks/outputs_sam/masked_crops/obs_340514309_photo_619678757_202__crop.png,Buteo jamaicensis,Buteo ventralis,Buteo regalis,Buteo platypterus,Accipiter cooperii,Red-tailed Hawk,0.9545246362686157,"[{""species"": ""Buteo jamaicensis"", ""common_name"": ""Red-tailed Hawk"", ""score"": 0.9545246362686157}, {""species"": ""Buteo ventralis"", ""common_name"": ""Rufous-tailed Hawk"", ""score"": 0.010226256214082241}, {""species"": ""Buteo regalis"", ""common_name"": ""Ferruginous Hawk"", ""score"": 0.00615619495511055}, {""species"": ""Buteo platypterus"", ""common_name"": ""Broad-winged hawk"", ""score"": 0.00403286749497056}, {""species"": ""Accipiter cooperii"", ""common_name"": ""Cooper's Hawk"", ""score"": 0.003102338407188654}]"
/share/ftrscape/image_dataset/obs_340514309_photo_619678757.jpg,/gpfs_common/share03/ftrscape/snair3/wew_notebooks/outputs_sam/masked_crops/obs_340514309_photo_619678757_203__crop.png,Buteo jamaicensis,Buteo ventralis,Buteo regalis,Buteo platypterus,Accipiter cooperii,Red-tailed Hawk,0.9477658271789551,"[{""species"": ""Buteo jamaicensis"", ""common_name"": ""Red-tailed Hawk"", ""score"": 0.9477658271789551}, {""species"": ""Buteo ventralis"", ""common_name"": ""Rufous-tailed Hawk"", ""score"": 0.02027639001607895}, {""species"": ""Buteo regalis"", ""common_name"": ""Ferruginous Hawk"", ""score"": 0.011585444211959839}, {""species"": ""Buteo platypterus"", ""common_name"": ""Broad-winged hawk"", ""score"": 0.0021563603077083826}, {""species"": ""Accipiter cooperii"", ""common_name"": ""Cooper's Hawk"", ""score"": 0.0011904193088412285}]"
/share/ftrscape/image_dataset/obs_340514310_photo_619679014.jpg,/gpfs_common/share03/ftrscape/snair3/wew_notebooks/outputs_sam/masked_crops/obs_340514310_photo_619679014_204__crop.png,Sciurus carolinensis,Neotoma floridana,Neotoma magister,Sciurus alleni,Buteo jamaicensis,Eastern gray squirrel,0.522079586982727,"[{""species"": ""Sciurus carolinensis"", ""common_name"": ""Eastern gray squirrel"", ""score"": 0.522079586982727}, {""species"": ""Neotoma floridana"", ""common_name"": ""Eastern woodrat"", ""score"": 0.08025859296321869}, {""species"": ""Neotoma magister"", ""common_name"": ""Allegheny woodrat"", ""score"": 0.06764847785234451}, {""species"": ""Sciurus alleni"", ""common_name"": ""Allen's squirrel"", ""score"": 0.028039181604981422}, {""species"": ""Buteo jamaicensis"", ""common_name"": ""Red-tailed Hawk"", ""score"": 0.02718023769557476}]"
/share/ftrscape/image_dataset/obs_340514310_photo_619679014.jpg,/gpfs_common/share03/ftrscape/snair3/wew_notebooks/outputs_sam/masked_crops/obs_340514310_photo_619679014_205__crop.png,Buteo jamaicensis,Accipiter cooperii,Neotoma magister,Buteo platypterus,Buteo lineatus,Red-tailed Hawk,0.125701904296875,"[{""species"": ""Buteo jamaicensis"", ""common_name"": ""Red-tailed Hawk"", ""score"": 0.125701904296875}, {""species"": ""Accipiter cooperii"", ""common_name"": ""Cooper's Hawk"", ""score"": 0.09761184453964233}, {""species"": ""Neotoma magister"", ""common_name"": ""Allegheny woodrat"", ""score"": 0.08357404917478561}, {""species"": ""Buteo platypterus"", ""common_name"": ""Broad-winged hawk"", ""score"": 0.0723080039024353}, {""species"": ""Buteo lineatus"", ""common_name"": ""Red-shouldered hawk"", ""score"": 0.046449292451143265}]"
/share/ftrscape/image_dataset/obs_340514310_photo_619679014.jpg,/gpfs_common/share03/ftrscape/snair3/wew_notebooks/outputs_sam/masked_crops/obs_340514310_photo_619679014_206__crop.png,Neotoma magister,Buteo jamaicensis,Buteo lineatus,Neotoma floridana,Buteo platypterus,Allegheny woodrat,0.19102081656455994,"[{""species"": ""Neotoma magister"", ""common_name"": ""Allegheny woodrat"", ""score"": 0.19102081656455994}, {""species"": ""Buteo jamaicensis"", ""common_name"": ""Red-tailed Hawk"", ""score"": 0.09464805573225021}, {""species"": ""Buteo lineatus"", ""common_name"": ""Red-shouldered hawk"", ""score"": 0.06967844069004059}, {""species"": ""Neotoma floridana"", ""common_name"": ""Eastern woodrat"", ""score"": 0.04508226737380028}, {""species"": ""Buteo platypterus"", ""common_name"": ""Broad-winged hawk"", ""score"": 0.03216628357768059}]"
/share/ftrscape/image_dataset/obs_340514310_photo_619679014.jpg,/gpfs_common/share03/ftrscape/snair3/wew_notebooks/outputs_sam/masked_crops/obs_340514310_photo_619679014_207__crop.png,Garrulus glandarius,Mareca penelope,Fringilla coelebs,Charadrius vociferus,Aix galericulata,Eurasian jay,0.15522795915603638,"[{""species"": ""Garrulus glandarius"", ""common_name"": ""Eurasian jay"", ""score"": 0.15522795915603638}, {""species"": ""Mareca penelope"", ""common_name"": ""Eurasian Wigeon"", ""score"": 0.04192304238677025}, {""species"": ""Fringilla coelebs"", ""common_name"": ""Common chaffinch"", ""score"": 0.039947740733623505}, {""species"": ""Charadrius vociferus"", ""common_name"": ""Killdeer"", ""score"": 0.03135629743337631}, {""species"": ""Aix galericulata"", ""common_name"": ""Mandarin duck"", ""score"": 0.030020995065569878}]"
/share/ftrscape/image_dataset/obs_340514310_photo_619679014.jpg,/gpfs_common/share03/ftrscape/snair3/wew_notebooks/outputs_sam/masked_crops/obs_340514310_photo_619679014_208__crop.png,Glaucomys volans,Sciurus carolinensis,Hylopetes sipora,Neotoma devia,Neotoma magister,Southern flying squirrel,0.06505022943019867,"[{""species"": ""Glaucomys volans"", ""common_name"": ""Southern flying squirrel"", ""score"": 0.06505022943019867}, {""species"": ""Sciurus carolinensis"", ""common_name"": ""Eastern gray squirrel"", ""score"": 0.030407821759581566}, {""species"": ""Hylopetes sipora"", ""common_name"": ""Sipora flying squirrel"", ""score"": 0.029240237548947334}, {""species"": ""Neotoma devia"", ""common_name"": ""Arizona woodrat"", ""score"": 0.021402573212981224}, {""species"": ""Neotoma magister"", ""common_name"": ""Allegheny woodrat"", ""score"": 0.02004673331975937}]"
/share/ftrscape/image_dataset/obs_340542613_photo_619737737.jpg,/gpfs_common/share03/ftrscape/snair3/wew_notebooks/outputs_sam/masked_crops/obs_340542613_photo_619737737_209__crop.png,Accipiter cooperii,Accipiter striatus,Accipiter chilensis,Accipiter gentilis,Buteo platypterus,Cooper's Hawk,0.977839469909668,"[{""species"": ""Accipiter cooperii"", ""common_name"": ""Cooper's Hawk"", ""score"": 0.977839469909668}, {""species"": ""Accipiter striatus"", ""common_name"": ""Sharp-shinned hawk"", ""score"": 0.00491346837952733}, {""species"": ""Accipiter chilensis"", ""common_name"": ""Chilean hawk"", ""score"": 0.0019016233272850513}, {""species"": ""Accipiter gentilis"", ""common_name"": ""Northern Goshawk"", ""score"": 0.001717829261906445}, {""species"": ""Buteo platypterus"", ""common_name"": ""Broad-winged hawk"", ""score"": 0.0010938365012407303}]"
/share/ftrscape/image_dataset/obs_340542613_photo_619737737.jpg,/gpfs_common/share03/ftrscape/snair3/wew_notebooks/outputs_sam/masked_crops/obs_340542613_photo_619737737_210__crop.png,Accipiter cooperii,Accipiter striatus,Accipiter chilensis,Accipiter gentilis,Buteo platypterus,Cooper's Hawk,0.9808812141418457,"[{""species"": ""Accipiter cooperii"", ""common_name"": ""Cooper's Hawk"", ""score"": 0.9808812141418457}, {""species"": ""Accipiter striatus"", ""common_name"": ""Sharp-shinned hawk"", ""score"": 0.0031626850832253695}, {""species"": ""Accipiter chilensis"", ""common_name"": ""Chilean hawk"", ""score"": 0.0021637517493218184}, {""species"": ""Accipiter gentilis"", ""common_name"": ""Northern Goshawk"", ""score"": 0.0017976358067244291}, {""species"": ""Buteo platypterus"", ""common_name"": ""Broad-winged hawk"", ""score"": 0.0010751467198133469}]"
/share/ftrscape/image_dataset/obs_340542613_photo_619737737.jpg,/gpfs_common/share03/ftrscape/snair3/wew_notebooks/outputs_sam/masked_crops/obs_340542613_photo_619737737_211__crop.png,Accipiter cooperii,Accipiter striatus,Accipiter gentilis,Accipiter chilensis,Buteo platypterus,Cooper's Hawk,0.9802471399307251,"[{""species"": ""Accipiter cooperii"", ""common_name"": ""Cooper's Hawk"", ""score"": 0.9802471399307251}, {""species"": ""Accipiter striatus"", ""common_name"": ""Sharp-shinned hawk"", ""score"": 0.004069908522069454}, {""species"": ""Accipiter gentilis"", ""common_name"": ""Northern Goshawk"", ""score"": 0.0016560248332098126}, {""species"": ""Accipiter chilensis"", ""common_name"": ""Chilean hawk"", ""score"": 0.0014646962517872453}, {""species"": ""Buteo platypterus"", ""common_name"": ""Broad-winged hawk"", ""score"": 0.0010105790570378304}]"
/share/ftrscape/image_dataset/obs_340542613_photo_619737737.jpg,/gpfs_common/share03/ftrscape/snair3/wew_notebooks/outputs_sam/masked_crops/obs_340542613_photo_619737737_212__crop.png,Accipiter cooperii,Accipiter striatus,Accipiter gentilis,Accipiter chilensis,Buteo platypterus,Cooper's Hawk,0.977867841720581,"[{""species"": ""Accipiter cooperii"", ""common_name"": ""Cooper's Hawk"", ""score"": 0.977867841720581}, {""species"": ""Accipiter striatus"", ""common_name"": ""Sharp-shinned hawk"", ""score"": 0.0033090764191001654}, {""species"": ""Accipiter gentilis"", ""common_name"": ""Northern Goshawk"", ""score"": 0.0023673272226005793}, {""species"": ""Accipiter chilensis"", ""common_name"": ""Chilean hawk"", ""score"": 0.002124958438798785}, {""species"": ""Buteo platypterus"", ""common_name"": ""Broad-winged hawk"", ""score"": 0.0012017824919894338}]"
/share/ftrscape/image_dataset/obs_340825934_photo_620308797.jpg,/gpfs_common/share03/ftrscape/snair3/wew_notebooks/outputs_sam/masked_crops/obs_340825934_photo_620308797_213__crop.png,Guira guira,Fregilupus varius,Lophoceros pallidirostris,Opisthocomus hoazin,Tockus rufirostris,Guira cuckoo,0.970289409160614,"[{""species"": ""Guira guira"", ""common_name"": ""Guira cuckoo"", ""score"": 0.970289409160614}, {""species"": ""Fregilupus varius"", ""common_name"": ""Hoopoe starling"", ""score"": 0.0011860086815431714}, {""species"": ""Lophoceros pallidirostris"", ""common_name"": ""Pale-billed hornbill"", ""score"": 0.001122376648709178}, {""species"": ""Opisthocomus hoazin"", ""common_name"": ""Hoatzin"", ""score"": 0.0011221967870369554}, {""species"": ""Tockus rufirostris"", ""common_name"": ""Southern Red-billed Hornbill"", ""score"": 0.0009035353432409465}]"
/share/ftrscape/image_dataset/obs_340825934_photo_620308797.jpg,/gpfs_common/share03/ftrscape/snair3/wew_notebooks/outputs_sam/masked_crops/obs_340825934_photo_620308797_214__crop.png,Guira guira,Opisthocomus hoazin,Coryphistera alaudina,Fregilupus varius,Hoplocercus spinosus,Guira cuckoo,0.9825137257575989,"[{""species"": ""Guira guira"", ""common_name"": ""Guira cuckoo"", ""score"": 0.9825137257575989}, {""species"": ""Opisthocomus hoazin"", ""common_name"": ""Hoatzin"", ""score"": 0.0007745939656160772}, {""species"": ""Coryphistera alaudina"", ""common_name"": ""Lark-like Brushrunner"", ""score"": 0.0006208528648130596}, {""species"": ""Fregilupus varius"", ""common_name"": ""Hoopoe starling"", ""score"": 0.0006196981994435191}, {""species"": ""Hoplocercus spinosus"", ""common_name"": ""Spiny weapontail"", ""score"": 0.0005205061752349138}]"
/share/ftrscape/image_dataset/obs_340825934_photo_620308797.jpg,/gpfs_common/share03/ftrscape/snair3/wew_notebooks/outputs_sam/masked_crops/obs_340825934_photo_620308797_215__crop.png,Guira guira,Fregilupus varius,Clamator levaillantii,Coryphistera alaudina,Taraba major,Guira cuckoo,0.9866564273834229,"[{""species"": ""Guira guira"", ""common_name"": ""Guira cuckoo"", ""score"": 0.9866564273834229}, {""species"": ""Fregilupus varius"", ""common_name"": ""Hoopoe starling"", ""score"": 0.0008503518183715641}, {""species"": ""Clamator levaillantii"", ""common_name"": ""Levaillant's Cuckoo"", ""score"": 0.0008359110215678811}, {""species"": ""Coryphistera alaudina"", ""common_name"": ""Lark-like Brushrunner"", ""score"": 0.0008290136465802789}, {""species"": ""Taraba major"", ""common_name"": ""Great Antshrike"", ""score"": 0.0006227812846191227}]"
/share/ftrscape/image_dataset/obs_340848497_photo_620354560.jpg,/gpfs_common/share03/ftrscape/snair3/wew_notebooks/outputs_sam/masked_crops/obs_340848497_photo_620354560_216__crop.png,Allagelena opulenta,Cotesia melanoscela,Frontinella pyramitela,Tetragnatha guatemalensis,Capnia nelsoni,,0.011165573261678219,"[{""species"": ""Allagelena opulenta"", ""common_name"": """", ""score"": 0.011165573261678219}, {""species"": ""Cotesia melanoscela"", ""common_name"": ""Parasitoid wasp"", ""score"": 0.010404521599411964}, {""species"": ""Frontinella pyramitela"", ""common_name"": ""Bowl-and-doily spider"", ""score"": 0.00991338025778532}, {""species"": ""Tetragnatha guatemalensis"", ""common_name"": ""Longjawed orb weavers"", ""score"": 0.009411901235580444}, {""species"": ""Capnia nelsoni"", ""common_name"": ""Coffeepot snowfly"", ""score"": 0.008761284872889519}]"
/share/ftrscape/image_dataset/obs_340848497_photo_620354560.jpg,/gpfs_common/share03/ftrscape/snair3/wew_notebooks/outputs_sam/masked_crops/obs_340848497_photo_620354560_217__crop.png,Allocyclosa bifurca,Micrathena horrida,Celaenia atkinsoni,Paramysidia tessellata,Ideocaira transversa,Orb weavers,0.2144976407289505,"[{""species"": ""Allocyclosa bifurca"", ""common_name"": ""Orb weavers"", ""score"": 0.2144976407289505}, {""species"": ""Micrathena horrida"", ""common_name"": ""Orb weavers"", ""score"": 0.08838093280792236}, {""species"": ""Celaenia atkinsoni"", ""common_name"": """", ""score"": 0.07608979195356369}, {""species"": ""Paramysidia tessellata"", ""common_name"": """", ""score"": 0.0618690587580204}, {""species"": ""Ideocaira transversa"", ""common_name"": """", ""score"": 0.02390657551586628}]"
/share/ftrscape/image_dataset/obs_340848497_photo_620354560.jpg,/gpfs_common/share03/ftrscape/snair3/wew_notebooks/outputs_sam/masked_crops/obs_340848497_photo_620354560_218__crop.png,Aceria genistae,Neoerysiphe chelones,Rhopalomyia mammilla,Aciurina bigeloviae,Rhopalomyia floccosa,,0.05190061777830124,"[{""species"": ""Aceria genistae"", ""common_name"": """", ""score"": 0.05190061777830124}, {""species"": ""Neoerysiphe chelones"", ""common_name"": """", ""score"": 0.0489727184176445}, {""species"": ""Rhopalomyia mammilla"", ""common_name"": """", ""score"": 0.03782268986105919}, {""species"": ""Aciurina bigeloviae"", ""common_name"": """", ""score"": 0.03491201624274254}, {""species"": ""Rhopalomyia floccosa"", ""common_name"": """", ""score"": 0.019386300817131996}]"
/share/ftrscape/image_dataset/obs_340848497_photo_620354560.jpg,/gpfs_common/share03/ftrscape/snair3/wew_notebooks/outputs_sam/masked_crops/obs_340848497_photo_620354560_219__crop.png,Microbotryum lychnidis-dioicae,Microbotryum flosculorum,Scythris picaepennis,Microbotryum silenes-inflatae,Aceria gersoni,Campion anther smut,0.0530148483812809,"[{""species"": ""Microbotryum lychnidis-dioicae"", ""common_name"": ""Campion anther smut"", ""score"": 0.0530148483812809}, {""species"": ""Microbotryum flosculorum"", ""common_name"": """", ""score"": 0.03357715532183647}, {""species"": ""Scythris picaepennis"", ""common_name"": ""White-dusted owlet"", ""score"": 0.026300376281142235}, {""species"": ""Microbotryum silenes-inflatae"", ""common_name"": """", ""score"": 0.020330023020505905}, {""species"": ""Aceria gersoni"", ""common_name"": """", ""score"": 0.011959249153733253}]"
/share/ftrscape/image_dataset/obs_340848497_photo_620354560.jpg,/gpfs_common/share03/ftrscape/snair3/wew_notebooks/outputs_sam/masked_crops/obs_340848497_photo_620354560_220__crop.png,Leontopodium nivale,Leontopodium jacotianum,Eryngium carlinae,Pericallis multiflora,Iberis sempervirens,Edelweiss,0.04054785519838333,"[{""species"": ""Leontopodium nivale"", ""common_name"": ""Edelweiss"", ""score"": 0.04054785519838333}, {""species"": ""Leontopodium jacotianum"", ""common_name"": """", ""score"": 0.021858414635062218}, {""species"": ""Eryngium carlinae"", ""common_name"": """", ""score"": 0.016337379813194275}, {""species"": ""Pericallis multiflora"", ""common_name"": """", ""score"": 0.013896385207772255}, {""species"": ""Iberis sempervirens"", ""common_name"": ""Evergreen candytuft"", ""score"": 0.013293246738612652}]"
/share/ftrscape/image_dataset/obs_340848514_photo_620354575.jpg,/gpfs_common/share03/ftrscape/snair3/wew_notebooks/outputs_sam/masked_crops/obs_340848514_photo_620354575_221__crop.png,Neoconis marginata,Cryptoscenea australiensis,Anotia burnetii,Coniopteryx pygmaea,Conwentzia californica,,0.1848295032978058,"[{""species"": ""Neoconis marginata"", ""common_name"": """", ""score"": 0.1848295032978058}, {""species"": ""Cryptoscenea australiensis"", ""common_name"": """", ""score"": 0.07105942070484161}, {""species"": ""Anotia burnetii"", ""common_name"": """", ""score"": 0.0416409894824028}, {""species"": ""Coniopteryx pygmaea"", ""common_name"": """", ""score"": 0.03560410812497139}, {""species"": ""Conwentzia californica"", ""common_name"": """", ""score"": 0.030815141275525093}]"
/share/ftrscape/image_dataset/obs_340848514_photo_620354575.jpg,/gpfs_common/share03/ftrscape/snair3/wew_notebooks/outputs_sam/masked_crops/obs_340848514_photo_620354575_222__crop.png,Neoconis marginata,Paraleyrodes minei,Saccharodite coccinea,Aleurodicus dugesii,Cryptoscenea australiensis,,0.14333204925060272,"[{""species"": ""Neoconis marginata"", ""common_name"": """", ""score"": 0.14333204925060272}, {""species"": ""Paraleyrodes minei"", ""common_name"": ""Nesting whitefly"", ""score"": 0.06780761480331421}, {""species"": ""Saccharodite coccinea"", ""common_name"": """", ""score"": 0.034424107521772385}, {""species"": ""Aleurodicus dugesii"", ""common_name"": ""Giant whitefly"", ""score"": 0.02506234683096409}, {""species"": ""Cryptoscenea australiensis"", ""common_name"": """", ""score"": 0.02007940411567688}]"
/share/ftrscape/image_dataset/obs_340848514_photo_620354575.jpg,/gpfs_common/share03/ftrscape/snair3/wew_notebooks/outputs_sam/masked_crops/obs_340848514_photo_620354575_223__crop.png,Graminorthezia tillandsiae,Eulachnus rileyi,Shivaphis celti,Grylloprociphilus imbricator,Gibellula arachnophila,Spanish moss orthezia,0.04943164438009262,"[{""species"": ""Graminorthezia tillandsiae"", ""common_name"": ""Spanish moss orthezia"", ""score"": 0.04943164438009262}, {""species"": ""Eulachnus rileyi"", ""common_name"": ""Active gray pine needle aphid"", ""score"": 0.036885570734739304}, {""species"": ""Shivaphis celti"", ""common_name"": ""Asian wooly hackberry aphid"", ""score"": 0.030548900365829468}, {""species"": ""Grylloprociphilus imbricator"", ""common_name"": ""Beech blight aphid"", ""score"": 0.01618829369544983}, {""species"": ""Gibellula arachnophila"", ""common_name"": """", ""score"": 0.013753613457083702}]"
/share/ftrscape/image_dataset/obs_340848514_photo_620354575.jpg,/gpfs_common/share03/ftrscape/snair3/wew_notebooks/outputs_sam/masked_crops/obs_340848514_photo_620354575_224__crop.png,Neoconis marginata,Cryptoscenea australiensis,Anotia burnetii,Paraleyrodes minei,Paraleyrodes perseae,,0.16259701550006866,"[{""species"": ""Neoconis marginata"", ""common_name"": """", ""score"": 0.16259701550006866}, {""species"": ""Cryptoscenea australiensis"", ""common_name"": """", ""score"": 0.06271400302648544}, {""species"": ""Anotia burnetii"", ""common_name"": """", ""score"": 0.036560945212841034}, {""species"": ""Paraleyrodes minei"", ""common_name"": ""Nesting whitefly"", ""score"": 0.032855886965990067}, {""species"": ""Paraleyrodes perseae"", ""common_name"": ""Whitefly"", ""score"": 0.02819160185754299}]"
/share/ftrscape/image_dataset/obs_340848514_photo_620354575.jpg,/gpfs_common/share03/ftrscape/snair3/wew_notebooks/outputs_sam/masked_crops/obs_340848514_photo_620354575_225__crop.png,Neoconis marginata,Anotia burnetii,Saccharodite coccinea,Saccharodite securifera,Saccharodite obtusa,,0.22202014923095703,"[{""species"": ""Neoconis marginata"", ""common_name"": """", ""score"": 0.22202014923095703}, {""species"": ""Anotia burnetii"", ""common_name"": """", ""score"": 0.08238699287176132}, {""species"": ""Saccharodite coccinea"", ""common_name"": """", ""score"": 0.05017729848623276}, {""species"": ""Saccharodite securifera"", ""common_name"": """", ""score"": 0.025391394272446632}, {""species"": ""Saccharodite obtusa"", ""common_name"": """", ""score"": 0.023863930255174637}]"
/share/ftrscape/image_dataset/obs_340848746_photo_620355031.jpg,/gpfs_common/share03/ftrscape/snair3/wew_notebooks/outputs_sam/masked_crops/obs_340848746_photo_620355031_226__crop.png,Pseudozaphanera splendida,Tetraleurodes perileuca,Aleuroplatus gelatinosus,Pseudozaphanera wariensis,Aleuroparadoxus arctostaphyli,,0.12754929065704346,"[{""species"": ""Pseudozaphanera splendida"", ""common_name"": """", ""score"": 0.12754929065704346}, {""species"": ""Tetraleurodes perileuca"", ""common_name"": """", ""score"": 0.11419671028852463}, {""species"": ""Aleuroplatus gelatinosus"", ""common_name"": """", ""score"": 0.07725580781698227}, {""species"": ""Pseudozaphanera wariensis"", ""common_name"": """", ""score"": 0.029661402106285095}, {""species"": ""Aleuroparadoxus arctostaphyli"", ""common_name"": """", ""score"": 0.024373872205615044}]"
/share/ftrscape/image_dataset/obs_340848746_photo_620355031.jpg,/gpfs_common/share03/ftrscape/snair3/wew_notebooks/outputs_sam/masked_crops/obs_340848746_photo_620355031_227__crop.png,Purpureocillium atypicola,Ornithodoros hermsi,Gibellula arachnophila,Hapalotremus major,Purpureocillium lilacinum,,0.21676400303840637,"[{""species"": ""Purpureocillium atypicola"", ""common_name"": """", ""score"": 0.21676400303840637}, {""species"": ""Ornithodoros hermsi"", ""common_name"": """", ""score"": 0.019128689542412758}, {""species"": ""Gibellula arachnophila"", ""common_name"": """", ""score"": 0.016961954534053802}, {""species"": ""Hapalotremus major"", ""common_name"": """", ""score"": 0.016777392476797104}, {""species"": ""Purpureocillium lilacinum"", ""common_name"": """", ""score"": 0.011581883765757084}]"
/share/ftrscape/image_dataset/obs_340848746_photo_620355031.jpg,/gpfs_common/share03/ftrscape/snair3/wew_notebooks/outputs_sam/masked_crops/obs_340848746_photo_620355031_228__crop.png,Tetraleurodes perileuca,Aleuroplatus gelatinosus,Aleuroparadoxus arctostaphyli,Trialeurodes drewsi,Euthoracaphis umbellulariae,,0.29074814915657043,"[{""species"": ""Tetraleurodes perileuca"", ""common_name"": """", ""score"": 0.29074814915657043}, {""species"": ""Aleuroplatus gelatinosus"", ""common_name"": """", ""score"": 0.23403121531009674}, {""species"": ""Aleuroparadoxus arctostaphyli"", ""common_name"": """", ""score"": 0.03910278156399727}, {""species"": ""Trialeurodes drewsi"", ""common_name"": """", ""score"": 0.032051898539066315}, {""species"": ""Euthoracaphis umbellulariae"", ""common_name"": ""Aphid"", ""score"": 0.025318022817373276}]"
/share/ftrscape/image_dataset/obs_340848746_photo_620355031.jpg,/gpfs_common/share03/ftrscape/snair3/wew_notebooks/outputs_sam/masked_crops/obs_340848746_photo_620355031_229__crop.png,Aleuroplatus gelatinosus,Tetraleurodes perileuca,Aleuroparadoxus arctostaphyli,Pseudozaphanera splendida,Trialeurodes drewsi,,0.247696653008461,"[{""species"": ""Aleuroplatus gelatinosus"", ""common_name"": """", ""score"": 0.247696653008461}, {""species"": ""Tetraleurodes perileuca"", ""common_name"": """", ""score"": 0.10797067731618881}, {""species"": ""Aleuroparadoxus arctostaphyli"", ""common_name"": """", ""score"": 0.05146767571568489}, {""species"": ""Pseudozaphanera splendida"", ""common_name"": """", ""score"": 0.029515737667679787}, {""species"": ""Trialeurodes drewsi"", ""common_name"": """", ""score"": 0.022396903485059738}]"
/share/ftrscape/image_dataset/obs_341060278_photo_547585371.jpg,/gpfs_common/share03/ftrscape/snair3/wew_notebooks/outputs_sam/masked_crops/obs_341060278_photo_547585371_230__crop.png,Epilobium latifolium L.,Chamaenerion speciosum,Chamaenerion latifolium,Chamaenerion angustifolium,Rhododendron glandulosum,,0.48253709077835083,"[{""species"": ""Epilobium latifolium L."", ""common_name"": """", ""score"": 0.48253709077835083}, {""species"": ""Chamaenerion speciosum"", ""common_name"": """", ""score"": 0.19391824305057526}, {""species"": ""Chamaenerion latifolium"", ""common_name"": ""river beauty"", ""score"": 0.06819646060466766}, {""species"": ""Chamaenerion angustifolium"", ""common_name"": ""Rosebay Willowherb"", ""score"": 0.04512328281998634}, {""species"": ""Rhododendron glandulosum"", ""common_name"": """", ""score"": 0.03246341273188591}]"
/share/ftrscape/image_dataset/obs_341060278_photo_547585371.jpg,/gpfs_common/share03/ftrscape/snair3/wew_notebooks/outputs_sam/masked_crops/obs_341060278_photo_547585371_231__crop.png,Chamaenerion angustifolium,Epilobium latifolium L.,Epilobium angustifolium L.,Chamaenerion speciosum,Chamaenerion latifolium,Rosebay Willowherb,0.35622039437294006,"[{""species"": ""Chamaenerion angustifolium"", ""common_name"": ""Rosebay Willowherb"", ""score"": 0.35622039437294006}, {""species"": ""Epilobium latifolium L."", ""common_name"": """", ""score"": 0.16904379427433014}, {""species"": ""Epilobium angustifolium L."", ""common_name"": """", ""score"": 0.10575666278600693}, {""species"": ""Chamaenerion speciosum"", ""common_name"": """", ""score"": 0.09127721190452576}, {""species"": ""Chamaenerion latifolium"", ""common_name"": ""river beauty"", ""score"": 0.07569397985935211}]"
/share/ftrscape/image_dataset/obs_341060278_photo_547585371.jpg,/gpfs_common/share03/ftrscape/snair3/wew_notebooks/outputs_sam/masked_crops/obs_341060278_photo_547585371_232__crop.png,Chamaenerion angustifolium,Epilobium latifolium L.,Chamaenerion speciosum,Lygus borealis,Chamaenerion latifolium,Rosebay Willowherb,0.1361009180545807,"[{""species"": ""Chamaenerion angustifolium"", ""common_name"": ""Rosebay Willowherb"", ""score"": 0.1361009180545807}, {""species"": ""Epilobium latifolium L."", ""common_name"": """", ""score"": 0.054618868976831436}, {""species"": ""Chamaenerion speciosum"", ""common_name"": """", ""score"": 0.035724129527807236}, {""species"": ""Lygus borealis"", ""common_name"": """", ""score"": 0.027017060667276382}, {""species"": ""Chamaenerion latifolium"", ""common_name"": ""river beauty"", ""score"": 0.020360277965664864}]"
/share/ftrscape/image_dataset/obs_341060278_photo_547585371.jpg,/gpfs_common/share03/ftrscape/snair3/wew_notebooks/outputs_sam/masked_crops/obs_341060278_photo_547585371_233__crop.png,Epilobium latifolium L.,Epilobium angustifolium L.,Chamaenerion angustifolium,Chamaenerion speciosum,Chamaenerion latifolium,,0.5136227011680603,"[{""species"": ""Epilobium latifolium L."", ""common_name"": """", ""score"": 0.5136227011680603}, {""species"": ""Epilobium angustifolium L."", ""common_name"": """", ""score"": 0.2069026082754135}, {""species"": ""Chamaenerion angustifolium"", ""common_name"": ""Rosebay Willowherb"", ""score"": 0.09953611344099045}, {""species"": ""Chamaenerion speciosum"", ""common_name"": """", ""score"": 0.05882984772324562}, {""species"": ""Chamaenerion latifolium"", ""common_name"": ""river beauty"", ""score"": 0.02254188247025013}]"
/share/ftrscape/image_dataset/obs_341060278_photo_547585371.jpg,/gpfs_common/share03/ftrscape/snair3/wew_notebooks/outputs_sam/masked_crops/obs_341060278_photo_547585371_234__crop.png,Epilobium latifolium L.,Chamaenerion latifolium,Chamaenerion speciosum,Epilobium angustifolium L.,Chamaenerion angustifolium,,0.683480978012085,"[{""species"": ""Epilobium latifolium L."", ""common_name"": """", ""score"": 0.683480978012085}, {""species"": ""Chamaenerion latifolium"", ""common_name"": ""river beauty"", ""score"": 0.08237151801586151}, {""species"": ""Chamaenerion speciosum"", ""common_name"": """", ""score"": 0.07502587139606476}, {""species"": ""Epilobium angustifolium L."", ""common_name"": """", ""score"": 0.05093690752983093}, {""species"": ""Chamaenerion angustifolium"", ""common_name"": ""Rosebay Willowherb"", ""score"": 0.030352532863616943}]"
/share/ftrscape/image_dataset/obs_341067936_photo_620805844.jpg,/gpfs_common/share03/ftrscape/snair3/wew_notebooks/outputs_sam/masked_crops/obs_341067936_photo_620805844_235__crop.png,Apis mellifera,Andrena balsamorhizae,Varroa destructor,Hesperapis cockerelli,Andrena binominata,Honey bee,0.31649670004844666,"[{""species"": ""Apis mellifera"", ""common_name"": ""Honey bee"", ""score"": 0.31649670004844666}, {""species"": ""Andrena balsamorhizae"", ""common_name"": """", ""score"": 0.01581006683409214}, {""species"": ""Varroa destructor"", ""common_name"": ""Honey bee mite"", ""score"": 0.015498948283493519}, {""species"": ""Hesperapis cockerelli"", ""common_name"": """", ""score"": 0.01443515159189701}, {""species"": ""Andrena binominata"", ""common_name"": """", ""score"": 0.007523159962147474}]"
/share/ftrscape/image_dataset/obs_341067936_photo_620805844.jpg,/gpfs_common/share03/ftrscape/snair3/wew_notebooks/outputs_sam/masked_crops/obs_341067936_photo_620805844_236__crop.png,Apis mellifera,Clematis pauciflora,Clematis drummondii,Lasioglossum actinosum,Hesperapis cockerelli,Honey bee,0.34804511070251465,"[{""species"": ""Apis mellifera"", ""common_name"": ""Honey bee"", ""score"": 0.34804511070251465}, {""species"": ""Clematis pauciflora"", ""common_name"": """", ""score"": 0.019867878407239914}, {""species"": ""Clematis drummondii"", ""common_name"": ""Texas virgin's bower"", ""score"": 0.01724005863070488}, {""species"": ""Lasioglossum actinosum"", ""common_name"": """", ""score"": 0.011172196827828884}, {""species"": ""Hesperapis cockerelli"", ""common_name"": """", ""score"": 0.010820535942912102}]"
/share/ftrscape/image_dataset/obs_341067936_photo_620805844.jpg,/gpfs_common/share03/ftrscape/snair3/wew_notebooks/outputs_sam/masked_crops/obs_341067936_photo_620805844_237__crop.png,Apis mellifera,Clematis pauciflora,Clematis lasiantha,Crossosoma californicum,Clematis montevidensis,Honey bee,0.21412520110607147,"[{""species"": ""Apis mellifera"", ""common_name"": ""Honey bee"", ""score"": 0.21412520110607147}, {""species"": ""Clematis pauciflora"", ""common_name"": """", ""score"": 0.12885592877864838}, {""species"": ""Clematis lasiantha"", ""common_name"": """", ""score"": 0.029776787385344505}, {""species"": ""Crossosoma californicum"", ""common_name"": """", ""score"": 0.023507623001933098}, {""species"": ""Clematis montevidensis"", ""common_name"": """", ""score"": 0.019984174519777298}]"
/share/ftrscape/image_dataset/obs_341067936_photo_620805844.jpg,/gpfs_common/share03/ftrscape/snair3/wew_notebooks/outputs_sam/masked_crops/obs_341067936_photo_620805844_238__crop.png,Eucnide bartonioides,Capparicordis tweedieana,Epiphyllum phyllanthus,Clematis pauciflora,Kleinia kleinioides,,0.08063302934169769,"[{""species"": ""Eucnide bartonioides"", ""common_name"": """", ""score"": 0.08063302934169769}, {""species"": ""Capparicordis tweedieana"", ""common_name"": """", ""score"": 0.016818247735500336}, {""species"": ""Epiphyllum phyllanthus"", ""common_name"": ""Climbing cactus"", ""score"": 0.01631598360836506}, {""species"": ""Clematis pauciflora"", ""common_name"": """", ""score"": 0.014216188341379166}, {""species"": ""Kleinia kleinioides"", ""common_name"": """", ""score"": 0.011302441358566284}]"
/share/ftrscape/image_dataset/obs_341067936_photo_620805844.jpg,/gpfs_common/share03/ftrscape/snair3/wew_notebooks/outputs_sam/masked_crops/obs_341067936_photo_620805844_239__crop.png,Apis mellifera,Anemone berlandieri,Clematis drummondii,Hesperapis cockerelli,Calliopsis gilva,Honey bee,0.279143750667572,"[{""species"": ""Apis mellifera"", ""common_name"": ""Honey bee"", ""score"": 0.279143750667572}, {""species"": ""Anemone berlandieri"", ""common_name"": ""Ten-petal anemone"", ""score"": 0.016749056056141853}, {""species"": ""Clematis drummondii"", ""common_name"": ""Texas virgin's bower"", ""score"": 0.013652358204126358}, {""species"": ""Hesperapis cockerelli"", ""common_name"": """", ""score"": 0.012864697724580765}, {""species"": ""Calliopsis gilva"", ""common_name"": """", ""score"": 0.010543609037995338}]"
/share/ftrscape/image_dataset/obs_341194952_photo_621071156.jpg,/gpfs_common/share03/ftrscape/snair3/wew_notebooks/outputs_sam/masked_crops/obs_341194952_photo_621071156_240__crop.png,Ardea alba,Ardea modesta,Egretta intermedia,Egretta thula,Bubulcus ibis,Great Egret,0.6457411050796509,"[{""species"": ""Ardea alba"", ""common_name"": ""Great Egret"", ""score"": 0.6457411050796509}, {""species"": ""Ardea modesta"", ""common_name"": ""Great Egret"", ""score"": 0.34764498472213745}, {""species"": ""Egretta intermedia"", ""common_name"": ""Plumed Egret"", ""score"": 0.0008320268243551254}, {""species"": ""Egretta thula"", ""common_name"": ""Snowy Egret"", ""score"": 0.0006777140079066157}, {""species"": ""Bubulcus ibis"", ""common_name"": ""Western Cattle Egret"", ""score"": 0.00012716588389594108}]"
/share/ftrscape/image_dataset/obs_341194952_photo_621071156.jpg,/gpfs_common/share03/ftrscape/snair3/wew_notebooks/outputs_sam/masked_crops/obs_341194952_photo_621071156_241__crop.png,Ardea alba,Ardea modesta,Egretta thula,Egretta intermedia,Ardea herodias,Great Egret,0.7095704674720764,"[{""species"": ""Ardea alba"", ""common_name"": ""Great Egret"", ""score"": 0.7095704674720764}, {""species"": ""Ardea modesta"", ""common_name"": ""Great Egret"", ""score"": 0.2834388017654419}, {""species"": ""Egretta thula"", ""common_name"": ""Snowy Egret"", ""score"": 0.0011499931570142508}, {""species"": ""Egretta intermedia"", ""common_name"": ""Plumed Egret"", ""score"": 0.0004054990131407976}, {""species"": ""Ardea herodias"", ""common_name"": ""Great blue heron"", ""score"": 0.00013700172712560743}]"
/share/ftrscape/image_dataset/obs_341194952_photo_621071156.jpg,/gpfs_common/share03/ftrscape/snair3/wew_notebooks/outputs_sam/masked_crops/obs_341194952_photo_621071156_242__crop.png,Aspidoscelis inornatus,Xerospermophilus tereticaudus,Aspidoscelis neotesselatus,Aspidoscelis neomexicanus,Aspidoscelis uniparens,Little striped whiptail,0.02780883014202118,"[{""species"": ""Aspidoscelis inornatus"", ""common_name"": ""Little striped whiptail"", ""score"": 0.02780883014202118}, {""species"": ""Xerospermophilus tereticaudus"", ""common_name"": ""Round-tailed ground squirrel"", ""score"": 0.025968383997678757}, {""species"": ""Aspidoscelis neotesselatus"", ""common_name"": ""Colorado checkered whiptail"", ""score"": 0.02406672202050686}, {""species"": ""Aspidoscelis neomexicanus"", ""common_name"": ""New mexico whiptail"", ""score"": 0.019896376878023148}, {""species"": ""Aspidoscelis uniparens"", ""common_name"": ""Desert grassland whiptail"", ""score"": 0.016343727707862854}]"
/share/ftrscape/image_dataset/obs_64497720_photo_103704678.jpg,/gpfs_common/share03/ftrscape/snair3/wew_notebooks/outputs_sam/masked_crops/obs_64497720_photo_103704678_4__crop.png,Bucephala albeola,Platichthys stellatus,Dorosoma cepedianum,Ameiurus nebulosus,Lepomis cyanellus,Bufflehead,0.37369319796562195,"[{""species"": ""Bucephala albeola"", ""common_name"": ""Bufflehead"", ""score"": 0.37369319796562195}, {""species"": ""Platichthys stellatus"", ""common_name"": ""Starry flounder"", ""score"": 0.03241095319390297}, {""species"": ""Dorosoma cepedianum"", ""common_name"": ""Gizzard shad"", ""score"": 0.02708801068365574}, {""species"": ""Ameiurus nebulosus"", ""common_name"": ""Brown bullhead"", ""score"": 0.021049058064818382}, {""species"": ""Lepomis cyanellus"", ""common_name"": ""Green sunfish"", ""score"": 0.013903877697885036}]"
