Image_id,bounding_id,image_path,crop_file_path,x1,y1,x2,y2,species,score,box_num,user
obs_102691691_photo_171703626,obs_102691691_photo_171703626_1,/share/ftrscape/image_dataset/obs_102691691_photo_171703626.jpg,/rs1/researchers/a/amallav/results/outputs_crop/obs_102691691_photo_171703626_box1.jpg,7.226630688,17.39331055,1356.330933,2030.39917,Egregia menziesii,0.625257194,1,Egregia menziesii
obs_102691691_photo_171703626,obs_102691691_photo_171703626_1,/share/ftrscape/image_dataset/obs_102691691_photo_171703626.jpg,/rs1/researchers/a/amallav/results/outputs_crop/obs_102691691_photo_171703626_box1.jpg,7.226630688,17.39331055,1356.330933,2030.39917,Alaria marginata,0.106858775,1,Egregia menziesii
obs_102691691_photo_171703626,obs_102691691_photo_171703626_1,/share/ftrscape/image_dataset/obs_102691691_photo_171703626.jpg,/rs1/researchers/a/amallav/results/outputs_crop/obs_102691691_photo_171703626_box1.jpg,7.226630688,17.39331055,1356.330933,2030.39917,Alaria crispa,0.030739833,1,Egregia menziesii
obs_102691691_photo_171703626,obs_102691691_photo_171703626_1,/share/ftrscape/image_dataset/obs_102691691_photo_171703626.jpg,/rs1/researchers/a/amallav/results/outputs_crop/obs_102691691_photo_171703626_box1.jpg,7.226630688,17.39331055,1356.330933,2030.39917,Alaria praelonga,0.029076813,1,Egregia menziesii
obs_102691691_photo_171703626,obs_102691691_photo_171703626_1,/share/ftrscape/image_dataset/obs_102691691_photo_171703626.jpg,/rs1/researchers/a/amallav/results/outputs_crop/obs_102691691_photo_171703626_box1.jpg,7.226630688,17.39331055,1356.330933,2030.39917,Alaria nana,0.028763063,1,Egregia menziesii
obs_102691691_photo_171703626,obs_102691691_photo_171703626_2,/share/ftrscape/image_dataset/obs_102691691_photo_171703626.jpg,/rs1/researchers/a/amallav/results/outputs_crop/obs_102691691_photo_171703626_box2.jpg,7.821037292,13.68383789,1356.844971,2031.877686,Egregia menziesii,0.531426966,2,Egregia menziesii
obs_102691691_photo_171703626,obs_102691691_photo_171703626_2,/share/ftrscape/image_dataset/obs_102691691_photo_171703626.jpg,/rs1/researchers/a/amallav/results/outputs_crop/obs_102691691_photo_171703626_box2.jpg,7.821037292,13.68383789,1356.844971,2031.877686,Alaria marginata,0.12830472,2,Egregia menziesii
obs_102691691_photo_171703626,obs_102691691_photo_171703626_2,/share/ftrscape/image_dataset/obs_102691691_photo_171703626.jpg,/rs1/researchers/a/amallav/results/outputs_crop/obs_102691691_photo_171703626_box2.jpg,7.821037292,13.68383789,1356.844971,2031.877686,Alaria nana,0.044044215,2,Egregia menziesii
obs_102691691_photo_171703626,obs_102691691_photo_171703626_2,/share/ftrscape/image_dataset/obs_102691691_photo_171703626.jpg,/rs1/researchers/a/amallav/results/outputs_crop/obs_102691691_photo_171703626_box2.jpg,7.821037292,13.68383789,1356.844971,2031.877686,Alaria crispa,0.038327053,2,Egregia menziesii
obs_102691691_photo_171703626,obs_102691691_photo_171703626_2,/share/ftrscape/image_dataset/obs_102691691_photo_171703626.jpg,/rs1/researchers/a/amallav/results/outputs_crop/obs_102691691_photo_171703626_box2.jpg,7.821037292,13.68383789,1356.844971,2031.877686,Alaria praelonga,0.034948602,2,Egregia menziesii
obs_102691691_photo_171703626,obs_102691691_photo_171703626_3,/share/ftrscape/image_dataset/obs_102691691_photo_171703626.jpg,/rs1/researchers/a/amallav/results/outputs_crop/obs_102691691_photo_171703626_box3.jpg,302.9903564,493.7856445,1186.851196,1660.19043,Egregia menziesii,0.758642018,3,Egregia menziesii
obs_102691691_photo_171703626,obs_102691691_photo_171703626_3,/share/ftrscape/image_dataset/obs_102691691_photo_171703626.jpg,/rs1/researchers/a/amallav/results/outputs_crop/obs_102691691_photo_171703626_box3.jpg,302.9903564,493.7856445,1186.851196,1660.19043,Marginariella urvilliana,0.042358831,3,Egregia menziesii
obs_102691691_photo_171703626,obs_102691691_photo_171703626_3,/share/ftrscape/image_dataset/obs_102691691_photo_171703626.jpg,/rs1/researchers/a/amallav/results/outputs_crop/obs_102691691_photo_171703626_box3.jpg,302.9903564,493.7856445,1186.851196,1660.19043,Marginariella boryana,0.042315871,3,Egregia menziesii
obs_102691691_photo_171703626,obs_102691691_photo_171703626_3,/share/ftrscape/image_dataset/obs_102691691_photo_171703626.jpg,/rs1/researchers/a/amallav/results/outputs_crop/obs_102691691_photo_171703626_box3.jpg,302.9903564,493.7856445,1186.851196,1660.19043,Alaria marginata,0.02706909,3,Egregia menziesii
obs_102691691_photo_171703626,obs_102691691_photo_171703626_3,/share/ftrscape/image_dataset/obs_102691691_photo_171703626.jpg,/rs1/researchers/a/amallav/results/outputs_crop/obs_102691691_photo_171703626_box3.jpg,302.9903564,493.7856445,1186.851196,1660.19043,Alaria praelonga,0.015688514,3,Egregia menziesii
obs_102691691_photo_171703626,obs_102691691_photo_171703626_4,/share/ftrscape/image_dataset/obs_102691691_photo_171703626.jpg,/rs1/researchers/a/amallav/results/outputs_crop/obs_102691691_photo_171703626_box4.jpg,297.3252563,500.2120972,1174.200684,1656.925293,Egregia menziesii,0.779517114,4,Egregia menziesii
obs_102691691_photo_171703626,obs_102691691_photo_171703626_4,/share/ftrscape/image_dataset/obs_102691691_photo_171703626.jpg,/rs1/researchers/a/amallav/results/outputs_crop/obs_102691691_photo_171703626_box4.jpg,297.3252563,500.2120972,1174.200684,1656.925293,Alaria marginata,0.057121884,4,Egregia menziesii
obs_102691691_photo_171703626,obs_102691691_photo_171703626_4,/share/ftrscape/image_dataset/obs_102691691_photo_171703626.jpg,/rs1/researchers/a/amallav/results/outputs_crop/obs_102691691_photo_171703626_box4.jpg,297.3252563,500.2120972,1174.200684,1656.925293,Marginariella urvilliana,0.022880165,4,Egregia menziesii
obs_102691691_photo_171703626,obs_102691691_photo_171703626_4,/share/ftrscape/image_dataset/obs_102691691_photo_171703626.jpg,/rs1/researchers/a/amallav/results/outputs_crop/obs_102691691_photo_171703626_box4.jpg,297.3252563,500.2120972,1174.200684,1656.925293,Marginariella boryana,0.022790965,4,Egregia menziesii
obs_102691691_photo_171703626,obs_102691691_photo_171703626_4,/share/ftrscape/image_dataset/obs_102691691_photo_171703626.jpg,/rs1/researchers/a/amallav/results/outputs_crop/obs_102691691_photo_171703626_box4.jpg,297.3252563,500.2120972,1174.200684,1656.925293,Alaria praelonga,0.014999112,4,Egregia menziesii
obs_102691691_photo_171703626,obs_102691691_photo_171703626_5,/share/ftrscape/image_dataset/obs_102691691_photo_171703626.jpg,/rs1/researchers/a/amallav/results/outputs_crop/obs_102691691_photo_171703626_box5.jpg,304.3598328,416.2759399,1141.290039,1644.082275,Egregia menziesii,0.512483239,5,Egregia menziesii
obs_102691691_photo_171703626,obs_102691691_photo_171703626_5,/share/ftrscape/image_dataset/obs_102691691_photo_171703626.jpg,/rs1/researchers/a/amallav/results/outputs_crop/obs_102691691_photo_171703626_box5.jpg,304.3598328,416.2759399,1141.290039,1644.082275,Alaria marginata,0.200018749,5,Egregia menziesii
obs_102691691_photo_171703626,obs_102691691_photo_171703626_5,/share/ftrscape/image_dataset/obs_102691691_photo_171703626.jpg,/rs1/researchers/a/amallav/results/outputs_crop/obs_102691691_photo_171703626_box5.jpg,304.3598328,416.2759399,1141.290039,1644.082275,Alaria praelonga,0.064064592,5,Egregia menziesii
obs_102691691_photo_171703626,obs_102691691_photo_171703626_5,/share/ftrscape/image_dataset/obs_102691691_photo_171703626.jpg,/rs1/researchers/a/amallav/results/outputs_crop/obs_102691691_photo_171703626_box5.jpg,304.3598328,416.2759399,1141.290039,1644.082275,Alaria angusta,0.034342099,5,Egregia menziesii
obs_102691691_photo_171703626,obs_102691691_photo_171703626_5,/share/ftrscape/image_dataset/obs_102691691_photo_171703626.jpg,/rs1/researchers/a/amallav/results/outputs_crop/obs_102691691_photo_171703626_box5.jpg,304.3598328,416.2759399,1141.290039,1644.082275,Alaria lanceolata,0.030789226,5,Egregia menziesii
obs_10317797_photo_14298032,obs_10317797_photo_14298032_1,/share/ftrscape/image_dataset/obs_10317797_photo_14298032.jpg,/rs1/researchers/a/amallav/results/outputs_crop/obs_10317797_photo_14298032_box1.jpg,488.5404663,521.3953247,1143.089233,1252.060791,Larus glaucescens,0.901813805,1,Dermasterias imbricata
obs_10317797_photo_14298032,obs_10317797_photo_14298032_1,/share/ftrscape/image_dataset/obs_10317797_photo_14298032.jpg,/rs1/researchers/a/amallav/results/outputs_crop/obs_10317797_photo_14298032_box1.jpg,488.5404663,521.3953247,1143.089233,1252.060791,Larus occidentalis,0.052455425,1,Dermasterias imbricata
obs_10317797_photo_14298032,obs_10317797_photo_14298032_1,/share/ftrscape/image_dataset/obs_10317797_photo_14298032.jpg,/rs1/researchers/a/amallav/results/outputs_crop/obs_10317797_photo_14298032_box1.jpg,488.5404663,521.3953247,1143.089233,1252.060791,Larus californicus,0.021365024,1,Dermasterias imbricata
obs_10317797_photo_14298032,obs_10317797_photo_14298032_1,/share/ftrscape/image_dataset/obs_10317797_photo_14298032.jpg,/rs1/researchers/a/amallav/results/outputs_crop/obs_10317797_photo_14298032_box1.jpg,488.5404663,521.3953247,1143.089233,1252.060791,Larus smithsonianus,0.003431891,1,Dermasterias imbricata
obs_10317797_photo_14298032,obs_10317797_photo_14298032_1,/share/ftrscape/image_dataset/obs_10317797_photo_14298032.jpg,/rs1/researchers/a/amallav/results/outputs_crop/obs_10317797_photo_14298032_box1.jpg,488.5404663,521.3953247,1143.089233,1252.060791,Larus vegae,0.002844096,1,Dermasterias imbricata
obs_10317797_photo_14298032,obs_10317797_photo_14298032_2,/share/ftrscape/image_dataset/obs_10317797_photo_14298032.jpg,/rs1/researchers/a/amallav/results/outputs_crop/obs_10317797_photo_14298032_box2.jpg,472.6536255,1075.485718,705.329834,1212.853149,Odontaster penicillatus,0.059523359,2,Dermasterias imbricata
obs_10317797_photo_14298032,obs_10317797_photo_14298032_2,/share/ftrscape/image_dataset/obs_10317797_photo_14298032.jpg,/rs1/researchers/a/amallav/results/outputs_crop/obs_10317797_photo_14298032_box2.jpg,472.6536255,1075.485718,705.329834,1212.853149,Stellaster princeps,0.057214677,2,Dermasterias imbricata
obs_10317797_photo_14298032,obs_10317797_photo_14298032_2,/share/ftrscape/image_dataset/obs_10317797_photo_14298032.jpg,/rs1/researchers/a/amallav/results/outputs_crop/obs_10317797_photo_14298032_box2.jpg,472.6536255,1075.485718,705.329834,1212.853149,Patiria pectinifera,0.056222025,2,Dermasterias imbricata
obs_10317797_photo_14298032,obs_10317797_photo_14298032_2,/share/ftrscape/image_dataset/obs_10317797_photo_14298032.jpg,/rs1/researchers/a/amallav/results/outputs_crop/obs_10317797_photo_14298032_box2.jpg,472.6536255,1075.485718,705.329834,1212.853149,Dipsacaster pretiosus,0.044528928,2,Dermasterias imbricata
obs_10317797_photo_14298032,obs_10317797_photo_14298032_2,/share/ftrscape/image_dataset/obs_10317797_photo_14298032.jpg,/rs1/researchers/a/amallav/results/outputs_crop/obs_10317797_photo_14298032_box2.jpg,472.6536255,1075.485718,705.329834,1212.853149,Ceramaster japonicus,0.043297436,2,Dermasterias imbricata
obs_130480768_photo_70327211,obs_130480768_photo_70327211_1,/share/ftrscape/image_dataset/obs_130480768_photo_70327211.jpg,/rs1/researchers/a/amallav/results/outputs_crop/obs_130480768_photo_70327211_box1.jpg,15.26031494,337.7511597,2035.24292,1160.744629,Erpobdella testacea,0.144742221,1,Hirudo michaelseni
obs_130480768_photo_70327211,obs_130480768_photo_70327211_1,/share/ftrscape/image_dataset/obs_130480768_photo_70327211.jpg,/rs1/researchers/a/amallav/results/outputs_crop/obs_130480768_photo_70327211_box1.jpg,15.26031494,337.7511597,2035.24292,1160.744629,Gordius robustus,0.144470811,1,Hirudo michaelseni
obs_130480768_photo_70327211,obs_130480768_photo_70327211_1,/share/ftrscape/image_dataset/obs_130480768_photo_70327211.jpg,/rs1/researchers/a/amallav/results/outputs_crop/obs_130480768_photo_70327211_box1.jpg,15.26031494,337.7511597,2035.24292,1160.744629,Erpobdella nigricollis,0.131539151,1,Hirudo michaelseni
obs_130480768_photo_70327211,obs_130480768_photo_70327211_1,/share/ftrscape/image_dataset/obs_130480768_photo_70327211.jpg,/rs1/researchers/a/amallav/results/outputs_crop/obs_130480768_photo_70327211_box1.jpg,15.26031494,337.7511597,2035.24292,1160.744629,Erpobdella melanostoma,0.053088672,1,Hirudo michaelseni
obs_130480768_photo_70327211,obs_130480768_photo_70327211_1,/share/ftrscape/image_dataset/obs_130480768_photo_70327211.jpg,/rs1/researchers/a/amallav/results/outputs_crop/obs_130480768_photo_70327211_box1.jpg,15.26031494,337.7511597,2035.24292,1160.744629,Erpobdella punctata,0.051016722,1,Hirudo michaelseni
obs_130480768_photo_70327211,obs_130480768_photo_70327211_2,/share/ftrscape/image_dataset/obs_130480768_photo_70327211.jpg,/rs1/researchers/a/amallav/results/outputs_crop/obs_130480768_photo_70327211_box2.jpg,973.5472412,582.2009277,1515.416382,824.6799316,Dina lineata,0.112766527,2,Hirudo michaelseni
obs_130480768_photo_70327211,obs_130480768_photo_70327211_2,/share/ftrscape/image_dataset/obs_130480768_photo_70327211.jpg,/rs1/researchers/a/amallav/results/outputs_crop/obs_130480768_photo_70327211_box2.jpg,973.5472412,582.2009277,1515.416382,824.6799316,Myzobdella lugubris,0.101229891,2,Hirudo michaelseni
obs_130480768_photo_70327211,obs_130480768_photo_70327211_2,/share/ftrscape/image_dataset/obs_130480768_photo_70327211.jpg,/rs1/researchers/a/amallav/results/outputs_crop/obs_130480768_photo_70327211_box2.jpg,973.5472412,582.2009277,1515.416382,824.6799316,Anisorhynchodemus luteicollis,0.059568584,2,Hirudo michaelseni
obs_130480768_photo_70327211,obs_130480768_photo_70327211_2,/share/ftrscape/image_dataset/obs_130480768_photo_70327211.jpg,/rs1/researchers/a/amallav/results/outputs_crop/obs_130480768_photo_70327211_box2.jpg,973.5472412,582.2009277,1515.416382,824.6799316,Erpobdella nigricollis,0.056077037,2,Hirudo michaelseni
obs_130480768_photo_70327211,obs_130480768_photo_70327211_2,/share/ftrscape/image_dataset/obs_130480768_photo_70327211.jpg,/rs1/researchers/a/amallav/results/outputs_crop/obs_130480768_photo_70327211_box2.jpg,973.5472412,582.2009277,1515.416382,824.6799316,Asiaticobdella fenestrata,0.040844757,2,Hirudo michaelseni
obs_130480768_photo_70327211,obs_130480768_photo_70327211_3,/share/ftrscape/image_dataset/obs_130480768_photo_70327211.jpg,/rs1/researchers/a/amallav/results/outputs_crop/obs_130480768_photo_70327211_box3.jpg,974.5675049,583.0284424,1518.407593,823.9489746,Dina lineata,0.151866272,3,Hirudo michaelseni
obs_130480768_photo_70327211,obs_130480768_photo_70327211_3,/share/ftrscape/image_dataset/obs_130480768_photo_70327211.jpg,/rs1/researchers/a/amallav/results/outputs_crop/obs_130480768_photo_70327211_box3.jpg,974.5675049,583.0284424,1518.407593,823.9489746,Myzobdella lugubris,0.082895845,3,Hirudo michaelseni
obs_130480768_photo_70327211,obs_130480768_photo_70327211_3,/share/ftrscape/image_dataset/obs_130480768_photo_70327211.jpg,/rs1/researchers/a/amallav/results/outputs_crop/obs_130480768_photo_70327211_box3.jpg,974.5675049,583.0284424,1518.407593,823.9489746,Asiaticobdella fenestrata,0.043941092,3,Hirudo michaelseni
obs_130480768_photo_70327211,obs_130480768_photo_70327211_3,/share/ftrscape/image_dataset/obs_130480768_photo_70327211.jpg,/rs1/researchers/a/amallav/results/outputs_crop/obs_130480768_photo_70327211_box3.jpg,974.5675049,583.0284424,1518.407593,823.9489746,Lineus atrocaeruleus,0.039133035,3,Hirudo michaelseni
obs_130480768_photo_70327211,obs_130480768_photo_70327211_3,/share/ftrscape/image_dataset/obs_130480768_photo_70327211.jpg,/rs1/researchers/a/amallav/results/outputs_crop/obs_130480768_photo_70327211_box3.jpg,974.5675049,583.0284424,1518.407593,823.9489746,Emplectonema buergeri,0.038109168,3,Hirudo michaelseni
obs_188731534_photo_330410184,obs_188731534_photo_330410184_1,/share/ftrscape/image_dataset/obs_188731534_photo_330410184.jpg,/rs1/researchers/a/amallav/results/outputs_crop/obs_188731534_photo_330410184_box1.jpg,441.2598877,947.5720215,1317.004395,1500.618164,Lonsdalea quercina,0.334500045,1,Lonsdalea quercina
obs_188731534_photo_330410184,obs_188731534_photo_330410184_1,/share/ftrscape/image_dataset/obs_188731534_photo_330410184.jpg,/rs1/researchers/a/amallav/results/outputs_crop/obs_188731534_photo_330410184_box1.jpg,441.2598877,947.5720215,1317.004395,1500.618164,Callirhytis glandium,0.030167598,1,Lonsdalea quercina
obs_188731534_photo_330410184,obs_188731534_photo_330410184_1,/share/ftrscape/image_dataset/obs_188731534_photo_330410184.jpg,/rs1/researchers/a/amallav/results/outputs_crop/obs_188731534_photo_330410184_box1.jpg,441.2598877,947.5720215,1317.004395,1500.618164,Retinia resinella,0.020194473,1,Lonsdalea quercina
obs_188731534_photo_330410184,obs_188731534_photo_330410184_1,/share/ftrscape/image_dataset/obs_188731534_photo_330410184.jpg,/rs1/researchers/a/amallav/results/outputs_crop/obs_188731534_photo_330410184_box1.jpg,441.2598877,947.5720215,1317.004395,1500.618164,Contarinia coryli,0.017266396,1,Lonsdalea quercina
obs_188731534_photo_330410184,obs_188731534_photo_330410184_1,/share/ftrscape/image_dataset/obs_188731534_photo_330410184.jpg,/rs1/researchers/a/amallav/results/outputs_crop/obs_188731534_photo_330410184_box1.jpg,441.2598877,947.5720215,1317.004395,1500.618164,Callirhytis rufescens,0.010259545,1,Lonsdalea quercina
obs_188731534_photo_330410184,obs_188731534_photo_330410184_2,/share/ftrscape/image_dataset/obs_188731534_photo_330410184.jpg,/rs1/researchers/a/amallav/results/outputs_crop/obs_188731534_photo_330410184_box2.jpg,711.6974487,947.3283081,1244.608643,1492.225098,Toumeyella mirabilis,0.139321432,2,Lonsdalea quercina
obs_188731534_photo_330410184,obs_188731534_photo_330410184_2,/share/ftrscape/image_dataset/obs_188731534_photo_330410184.jpg,/rs1/researchers/a/amallav/results/outputs_crop/obs_188731534_photo_330410184_box2.jpg,711.6974487,947.3283081,1244.608643,1492.225098,Toumeyella erythrinae,0.107856564,2,Lonsdalea quercina
obs_188731534_photo_330410184,obs_188731534_photo_330410184_2,/share/ftrscape/image_dataset/obs_188731534_photo_330410184.jpg,/rs1/researchers/a/amallav/results/outputs_crop/obs_188731534_photo_330410184_box2.jpg,711.6974487,947.3283081,1244.608643,1492.225098,Toumeyella quadrifasciata,0.098634027,2,Lonsdalea quercina
obs_188731534_photo_330410184,obs_188731534_photo_330410184_2,/share/ftrscape/image_dataset/obs_188731534_photo_330410184.jpg,/rs1/researchers/a/amallav/results/outputs_crop/obs_188731534_photo_330410184_box2.jpg,711.6974487,947.3283081,1244.608643,1492.225098,Papuexul bidwilli,0.036324762,2,Lonsdalea quercina
obs_188731534_photo_330410184,obs_188731534_photo_330410184_2,/share/ftrscape/image_dataset/obs_188731534_photo_330410184.jpg,/rs1/researchers/a/amallav/results/outputs_crop/obs_188731534_photo_330410184_box2.jpg,711.6974487,947.3283081,1244.608643,1492.225098,Apiomorpha strombylosa,0.028081596,2,Lonsdalea quercina
obs_188731534_photo_330410184,obs_188731534_photo_330410184_3,/share/ftrscape/image_dataset/obs_188731534_photo_330410184.jpg,/rs1/researchers/a/amallav/results/outputs_crop/obs_188731534_photo_330410184_box3.jpg,435.5384216,945.2896729,1363.421509,1502.4823,Lonsdalea quercina,0.296137512,3,Lonsdalea quercina
obs_188731534_photo_330410184,obs_188731534_photo_330410184_3,/share/ftrscape/image_dataset/obs_188731534_photo_330410184.jpg,/rs1/researchers/a/amallav/results/outputs_crop/obs_188731534_photo_330410184_box3.jpg,435.5384216,945.2896729,1363.421509,1502.4823,Callirhytis glandium,0.020805921,3,Lonsdalea quercina
obs_188731534_photo_330410184,obs_188731534_photo_330410184_3,/share/ftrscape/image_dataset/obs_188731534_photo_330410184.jpg,/rs1/researchers/a/amallav/results/outputs_crop/obs_188731534_photo_330410184_box3.jpg,435.5384216,945.2896729,1363.421509,1502.4823,Contarinia coryli,0.018611928,3,Lonsdalea quercina
obs_188731534_photo_330410184,obs_188731534_photo_330410184_3,/share/ftrscape/image_dataset/obs_188731534_photo_330410184.jpg,/rs1/researchers/a/amallav/results/outputs_crop/obs_188731534_photo_330410184_box3.jpg,435.5384216,945.2896729,1363.421509,1502.4823,Toumeyella erythrinae,0.017943218,3,Lonsdalea quercina
obs_188731534_photo_330410184,obs_188731534_photo_330410184_3,/share/ftrscape/image_dataset/obs_188731534_photo_330410184.jpg,/rs1/researchers/a/amallav/results/outputs_crop/obs_188731534_photo_330410184_box3.jpg,435.5384216,945.2896729,1363.421509,1502.4823,Toumeyella obunca,0.01512689,3,Lonsdalea quercina
obs_188731534_photo_330410184,obs_188731534_photo_330410184_4,/share/ftrscape/image_dataset/obs_188731534_photo_330410184.jpg,/rs1/researchers/a/amallav/results/outputs_crop/obs_188731534_photo_330410184_box4.jpg,707.687439,950.2242432,1251.329102,1497.286011,Toumeyella mirabilis,0.213931844,4,Lonsdalea quercina
obs_188731534_photo_330410184,obs_188731534_photo_330410184_4,/share/ftrscape/image_dataset/obs_188731534_photo_330410184.jpg,/rs1/researchers/a/amallav/results/outputs_crop/obs_188731534_photo_330410184_box4.jpg,707.687439,950.2242432,1251.329102,1497.286011,Toumeyella erythrinae,0.113567211,4,Lonsdalea quercina
obs_188731534_photo_330410184,obs_188731534_photo_330410184_4,/share/ftrscape/image_dataset/obs_188731534_photo_330410184.jpg,/rs1/researchers/a/amallav/results/outputs_crop/obs_188731534_photo_330410184_box4.jpg,707.687439,950.2242432,1251.329102,1497.286011,Toumeyella quadrifasciata,0.103842899,4,Lonsdalea quercina
obs_188731534_photo_330410184,obs_188731534_photo_330410184_4,/share/ftrscape/image_dataset/obs_188731534_photo_330410184.jpg,/rs1/researchers/a/amallav/results/outputs_crop/obs_188731534_photo_330410184_box4.jpg,707.687439,950.2242432,1251.329102,1497.286011,Papuexul bidwilli,0.052082203,4,Lonsdalea quercina
obs_188731534_photo_330410184,obs_188731534_photo_330410184_4,/share/ftrscape/image_dataset/obs_188731534_photo_330410184.jpg,/rs1/researchers/a/amallav/results/outputs_crop/obs_188731534_photo_330410184_box4.jpg,707.687439,950.2242432,1251.329102,1497.286011,Toumeyella obunca,0.040555779,4,Lonsdalea quercina
obs_188731534_photo_330410184,obs_188731534_photo_330410184_5,/share/ftrscape/image_dataset/obs_188731534_photo_330410184.jpg,/rs1/researchers/a/amallav/results/outputs_crop/obs_188731534_photo_330410184_box5.jpg,434.0819092,955.4938965,839.3469238,1408.160645,Lonsdalea quercina,0.278612137,5,Lonsdalea quercina
obs_188731534_photo_330410184,obs_188731534_photo_330410184_5,/share/ftrscape/image_dataset/obs_188731534_photo_330410184.jpg,/rs1/researchers/a/amallav/results/outputs_crop/obs_188731534_photo_330410184_box5.jpg,434.0819092,955.4938965,839.3469238,1408.160645,Quercus hawkinsiae,0.092134841,5,Lonsdalea quercina
obs_188731534_photo_330410184,obs_188731534_photo_330410184_5,/share/ftrscape/image_dataset/obs_188731534_photo_330410184.jpg,/rs1/researchers/a/amallav/results/outputs_crop/obs_188731534_photo_330410184_box5.jpg,434.0819092,955.4938965,839.3469238,1408.160645,Quercus coccinea,0.062911093,5,Lonsdalea quercina
obs_188731534_photo_330410184,obs_188731534_photo_330410184_5,/share/ftrscape/image_dataset/obs_188731534_photo_330410184.jpg,/rs1/researchers/a/amallav/results/outputs_crop/obs_188731534_photo_330410184_box5.jpg,434.0819092,955.4938965,839.3469238,1408.160645,Quercus velutina,0.061343677,5,Lonsdalea quercina
obs_188731534_photo_330410184,obs_188731534_photo_330410184_5,/share/ftrscape/image_dataset/obs_188731534_photo_330410184.jpg,/rs1/researchers/a/amallav/results/outputs_crop/obs_188731534_photo_330410184_box5.jpg,434.0819092,955.4938965,839.3469238,1408.160645,Ceratocystis fagacearum,0.038281433,5,Lonsdalea quercina
obs_194599339_photo_342107100,obs_194599339_photo_342107100_1,/share/ftrscape/image_dataset/obs_194599339_photo_342107100.jpg,/rs1/researchers/a/amallav/results/outputs_crop/obs_194599339_photo_342107100_box1.jpg,57.43029785,447.5730286,1413.075928,1390.235352,Pilula cordemoyi,0.122234181,1,Obama nungara
obs_194599339_photo_342107100,obs_194599339_photo_342107100_1,/share/ftrscape/image_dataset/obs_194599339_photo_342107100.jpg,/rs1/researchers/a/amallav/results/outputs_crop/obs_194599339_photo_342107100_box1.jpg,57.43029785,447.5730286,1413.075928,1390.235352,Daudebardia brevipes,0.068543099,1,Obama nungara
obs_194599339_photo_342107100,obs_194599339_photo_342107100_1,/share/ftrscape/image_dataset/obs_194599339_photo_342107100.jpg,/rs1/researchers/a/amallav/results/outputs_crop/obs_194599339_photo_342107100_box1.jpg,57.43029785,447.5730286,1413.075928,1390.235352,Otoconcha dimidiata,0.042814709,1,Obama nungara
obs_194599339_photo_342107100,obs_194599339_photo_342107100_1,/share/ftrscape/image_dataset/obs_194599339_photo_342107100.jpg,/rs1/researchers/a/amallav/results/outputs_crop/obs_194599339_photo_342107100_box1.jpg,57.43029785,447.5730286,1413.075928,1390.235352,Kontikia pelewensis,0.04193921,1,Obama nungara
obs_194599339_photo_342107100,obs_194599339_photo_342107100_1,/share/ftrscape/image_dataset/obs_194599339_photo_342107100.jpg,/rs1/researchers/a/amallav/results/outputs_crop/obs_194599339_photo_342107100_box1.jpg,57.43029785,447.5730286,1413.075928,1390.235352,Fastosarion brazieri,0.019612173,1,Obama nungara
obs_194599339_photo_342107100,obs_194599339_photo_342107100_2,/share/ftrscape/image_dataset/obs_194599339_photo_342107100.jpg,/rs1/researchers/a/amallav/results/outputs_crop/obs_194599339_photo_342107100_box2.jpg,59.75852966,454.1029968,1406.439209,1380.152588,Pilula cordemoyi,0.1107857,2,Obama nungara
obs_194599339_photo_342107100,obs_194599339_photo_342107100_2,/share/ftrscape/image_dataset/obs_194599339_photo_342107100.jpg,/rs1/researchers/a/amallav/results/outputs_crop/obs_194599339_photo_342107100_box2.jpg,59.75852966,454.1029968,1406.439209,1380.152588,Otoconcha dimidiata,0.050061669,2,Obama nungara
obs_194599339_photo_342107100,obs_194599339_photo_342107100_2,/share/ftrscape/image_dataset/obs_194599339_photo_342107100.jpg,/rs1/researchers/a/amallav/results/outputs_crop/obs_194599339_photo_342107100_box2.jpg,59.75852966,454.1029968,1406.439209,1380.152588,Fastosarion brazieri,0.049082905,2,Obama nungara
obs_194599339_photo_342107100,obs_194599339_photo_342107100_2,/share/ftrscape/image_dataset/obs_194599339_photo_342107100.jpg,/rs1/researchers/a/amallav/results/outputs_crop/obs_194599339_photo_342107100_box2.jpg,59.75852966,454.1029968,1406.439209,1380.152588,Daudebardia brevipes,0.043137427,2,Obama nungara
obs_194599339_photo_342107100,obs_194599339_photo_342107100_2,/share/ftrscape/image_dataset/obs_194599339_photo_342107100.jpg,/rs1/researchers/a/amallav/results/outputs_crop/obs_194599339_photo_342107100_box2.jpg,59.75852966,454.1029968,1406.439209,1380.152588,Kontikia pelewensis,0.032532282,2,Obama nungara
obs_194795499_photo_341224314,obs_194795499_photo_341224314_1,/share/ftrscape/image_dataset/obs_194795499_photo_341224314.jpg,/rs1/researchers/a/amallav/results/outputs_crop/obs_194795499_photo_341224314_box1.jpg,485.6720581,725.0654297,1697.263184,1442.58606,Amplexidiscus fenestrafer,0.09051276,1,Urticina columbiana
obs_194795499_photo_341224314,obs_194795499_photo_341224314_1,/share/ftrscape/image_dataset/obs_194795499_photo_341224314.jpg,/rs1/researchers/a/amallav/results/outputs_crop/obs_194795499_photo_341224314_box1.jpg,485.6720581,725.0654297,1697.263184,1442.58606,Phymanthea pluvia,0.088232741,1,Urticina columbiana
obs_194795499_photo_341224314,obs_194795499_photo_341224314_1,/share/ftrscape/image_dataset/obs_194795499_photo_341224314.jpg,/rs1/researchers/a/amallav/results/outputs_crop/obs_194795499_photo_341224314_box1.jpg,485.6720581,725.0654297,1697.263184,1442.58606,Urticina columbiana,0.078025684,1,Urticina columbiana
obs_194795499_photo_341224314,obs_194795499_photo_341224314_1,/share/ftrscape/image_dataset/obs_194795499_photo_341224314.jpg,/rs1/researchers/a/amallav/results/outputs_crop/obs_194795499_photo_341224314_box1.jpg,485.6720581,725.0654297,1697.263184,1442.58606,Liponema multicorne,0.061375901,1,Urticina columbiana
obs_194795499_photo_341224314,obs_194795499_photo_341224314_1,/share/ftrscape/image_dataset/obs_194795499_photo_341224314.jpg,/rs1/researchers/a/amallav/results/outputs_crop/obs_194795499_photo_341224314_box1.jpg,485.6720581,725.0654297,1697.263184,1442.58606,Stichodactyla mertensii,0.056862261,1,Urticina columbiana
obs_194795499_photo_341224314,obs_194795499_photo_341224314_2,/share/ftrscape/image_dataset/obs_194795499_photo_341224314.jpg,/rs1/researchers/a/amallav/results/outputs_crop/obs_194795499_photo_341224314_box2.jpg,496.3776855,720.6459961,1705.861084,1288.296875,Phymanthea pluvia,0.189673975,2,Urticina columbiana
obs_194795499_photo_341224314,obs_194795499_photo_341224314_2,/share/ftrscape/image_dataset/obs_194795499_photo_341224314.jpg,/rs1/researchers/a/amallav/results/outputs_crop/obs_194795499_photo_341224314_box2.jpg,496.3776855,720.6459961,1705.861084,1288.296875,Amplexidiscus fenestrafer,0.153911203,2,Urticina columbiana
obs_194795499_photo_341224314,obs_194795499_photo_341224314_2,/share/ftrscape/image_dataset/obs_194795499_photo_341224314.jpg,/rs1/researchers/a/amallav/results/outputs_crop/obs_194795499_photo_341224314_box2.jpg,496.3776855,720.6459961,1705.861084,1288.296875,Sicyonis erythrocephala,0.097539753,2,Urticina columbiana
obs_194795499_photo_341224314,obs_194795499_photo_341224314_2,/share/ftrscape/image_dataset/obs_194795499_photo_341224314.jpg,/rs1/researchers/a/amallav/results/outputs_crop/obs_194795499_photo_341224314_box2.jpg,496.3776855,720.6459961,1705.861084,1288.296875,Radianthus magnifica,0.077768438,2,Urticina columbiana
obs_194795499_photo_341224314,obs_194795499_photo_341224314_2,/share/ftrscape/image_dataset/obs_194795499_photo_341224314.jpg,/rs1/researchers/a/amallav/results/outputs_crop/obs_194795499_photo_341224314_box2.jpg,496.3776855,720.6459961,1705.861084,1288.296875,Urticina columbiana,0.044345956,2,Urticina columbiana
obs_194795499_photo_341224314,obs_194795499_photo_341224314_3,/share/ftrscape/image_dataset/obs_194795499_photo_341224314.jpg,/rs1/researchers/a/amallav/results/outputs_crop/obs_194795499_photo_341224314_box3.jpg,487.9475098,720.7249756,1698.755127,1446.78833,Stichodactyla mertensii,0.124306217,3,Urticina columbiana
obs_194795499_photo_341224314,obs_194795499_photo_341224314_3,/share/ftrscape/image_dataset/obs_194795499_photo_341224314.jpg,/rs1/researchers/a/amallav/results/outputs_crop/obs_194795499_photo_341224314_box3.jpg,487.9475098,720.7249756,1698.755127,1446.78833,Liponema multicorne,0.06353543,3,Urticina columbiana
obs_194795499_photo_341224314,obs_194795499_photo_341224314_3,/share/ftrscape/image_dataset/obs_194795499_photo_341224314.jpg,/rs1/researchers/a/amallav/results/outputs_crop/obs_194795499_photo_341224314_box3.jpg,487.9475098,720.7249756,1698.755127,1446.78833,Heliofungia actiniformis,0.060046386,3,Urticina columbiana
obs_194795499_photo_341224314,obs_194795499_photo_341224314_3,/share/ftrscape/image_dataset/obs_194795499_photo_341224314.jpg,/rs1/researchers/a/amallav/results/outputs_crop/obs_194795499_photo_341224314_box3.jpg,487.9475098,720.7249756,1698.755127,1446.78833,Urticina columbiana,0.056035187,3,Urticina columbiana
obs_194795499_photo_341224314,obs_194795499_photo_341224314_3,/share/ftrscape/image_dataset/obs_194795499_photo_341224314.jpg,/rs1/researchers/a/amallav/results/outputs_crop/obs_194795499_photo_341224314_box3.jpg,487.9475098,720.7249756,1698.755127,1446.78833,Phymanthea pluvia,0.052492201,3,Urticina columbiana
obs_194795499_photo_341224314,obs_194795499_photo_341224314_4,/share/ftrscape/image_dataset/obs_194795499_photo_341224314.jpg,/rs1/researchers/a/amallav/results/outputs_crop/obs_194795499_photo_341224314_box4.jpg,390.1858521,167.0134125,1707.710449,1443.390381,Sicyonis erythrocephala,0.036974777,4,Urticina columbiana
obs_194795499_photo_341224314,obs_194795499_photo_341224314_4,/share/ftrscape/image_dataset/obs_194795499_photo_341224314.jpg,/rs1/researchers/a/amallav/results/outputs_crop/obs_194795499_photo_341224314_box4.jpg,390.1858521,167.0134125,1707.710449,1443.390381,Amplexidiscus fenestrafer,0.034681894,4,Urticina columbiana
obs_194795499_photo_341224314,obs_194795499_photo_341224314_4,/share/ftrscape/image_dataset/obs_194795499_photo_341224314.jpg,/rs1/researchers/a/amallav/results/outputs_crop/obs_194795499_photo_341224314_box4.jpg,390.1858521,167.0134125,1707.710449,1443.390381,Actinostola callosa,0.02103162,4,Urticina columbiana
obs_194795499_photo_341224314,obs_194795499_photo_341224314_4,/share/ftrscape/image_dataset/obs_194795499_photo_341224314.jpg,/rs1/researchers/a/amallav/results/outputs_crop/obs_194795499_photo_341224314_box4.jpg,390.1858521,167.0134125,1707.710449,1443.390381,Bohadschia vitiensis,0.017360829,4,Urticina columbiana
obs_194795499_photo_341224314,obs_194795499_photo_341224314_4,/share/ftrscape/image_dataset/obs_194795499_photo_341224314.jpg,/rs1/researchers/a/amallav/results/outputs_crop/obs_194795499_photo_341224314_box4.jpg,390.1858521,167.0134125,1707.710449,1443.390381,Bohadschia atra,0.016938364,4,Urticina columbiana
obs_195713651_photo_344383957,obs_195713651_photo_344383957_1,/share/ftrscape/image_dataset/obs_195713651_photo_344383957.jpg,/rs1/researchers/a/amallav/results/outputs_crop/obs_195713651_photo_344383957_box1.jpg,125.3123703,274.6475525,738.090271,976.0784912,Geoplana multipunctata,0.090775311,1,Parakontikia ventrolineata
obs_195713651_photo_344383957,obs_195713651_photo_344383957_1,/share/ftrscape/image_dataset/obs_195713651_photo_344383957.jpg,/rs1/researchers/a/amallav/results/outputs_crop/obs_195713651_photo_344383957_box1.jpg,125.3123703,274.6475525,738.090271,976.0784912,Kontikia ventrolineata,0.076572388,1,Parakontikia ventrolineata
obs_195713651_photo_344383957,obs_195713651_photo_344383957_1,/share/ftrscape/image_dataset/obs_195713651_photo_344383957.jpg,/rs1/researchers/a/amallav/results/outputs_crop/obs_195713651_photo_344383957_box1.jpg,125.3123703,274.6475525,738.090271,976.0784912,Geoplana arkalabamensis,0.06990584,1,Parakontikia ventrolineata
obs_195713651_photo_344383957,obs_195713651_photo_344383957_1,/share/ftrscape/image_dataset/obs_195713651_photo_344383957.jpg,/rs1/researchers/a/amallav/results/outputs_crop/obs_195713651_photo_344383957_box1.jpg,125.3123703,274.6475525,738.090271,976.0784912,Kontikia pelewensis,0.039254036,1,Parakontikia ventrolineata
obs_195713651_photo_344383957,obs_195713651_photo_344383957_1,/share/ftrscape/image_dataset/obs_195713651_photo_344383957.jpg,/rs1/researchers/a/amallav/results/outputs_crop/obs_195713651_photo_344383957_box1.jpg,125.3123703,274.6475525,738.090271,976.0784912,Australopacifica hamiltoni,0.039159808,1,Parakontikia ventrolineata
obs_195713651_photo_344383957,obs_195713651_photo_344383957_2,/share/ftrscape/image_dataset/obs_195713651_photo_344383957.jpg,/rs1/researchers/a/amallav/results/outputs_crop/obs_195713651_photo_344383957_box2.jpg,125.922348,274.0631409,738.1195679,976.9451294,Geoplana multipunctata,0.090775311,2,Parakontikia ventrolineata
obs_195713651_photo_344383957,obs_195713651_photo_344383957_2,/share/ftrscape/image_dataset/obs_195713651_photo_344383957.jpg,/rs1/researchers/a/amallav/results/outputs_crop/obs_195713651_photo_344383957_box2.jpg,125.922348,274.0631409,738.1195679,976.9451294,Kontikia ventrolineata,0.076572388,2,Parakontikia ventrolineata
obs_195713651_photo_344383957,obs_195713651_photo_344383957_2,/share/ftrscape/image_dataset/obs_195713651_photo_344383957.jpg,/rs1/researchers/a/amallav/results/outputs_crop/obs_195713651_photo_344383957_box2.jpg,125.922348,274.0631409,738.1195679,976.9451294,Geoplana arkalabamensis,0.06990584,2,Parakontikia ventrolineata
obs_195713651_photo_344383957,obs_195713651_photo_344383957_2,/share/ftrscape/image_dataset/obs_195713651_photo_344383957.jpg,/rs1/researchers/a/amallav/results/outputs_crop/obs_195713651_photo_344383957_box2.jpg,125.922348,274.0631409,738.1195679,976.9451294,Kontikia pelewensis,0.039254036,2,Parakontikia ventrolineata
obs_195713651_photo_344383957,obs_195713651_photo_344383957_2,/share/ftrscape/image_dataset/obs_195713651_photo_344383957.jpg,/rs1/researchers/a/amallav/results/outputs_crop/obs_195713651_photo_344383957_box2.jpg,125.922348,274.0631409,738.1195679,976.9451294,Australopacifica hamiltoni,0.039159808,2,Parakontikia ventrolineata
obs_195713651_photo_344383957,obs_195713651_photo_344383957_3,/share/ftrscape/image_dataset/obs_195713651_photo_344383957.jpg,/rs1/researchers/a/amallav/results/outputs_crop/obs_195713651_photo_344383957_box3.jpg,323.3365784,363.7615356,712.142334,967.0230103,Kontikia ventrolineata,0.293219745,3,Parakontikia ventrolineata
obs_195713651_photo_344383957,obs_195713651_photo_344383957_3,/share/ftrscape/image_dataset/obs_195713651_photo_344383957.jpg,/rs1/researchers/a/amallav/results/outputs_crop/obs_195713651_photo_344383957_box3.jpg,323.3365784,363.7615356,712.142334,967.0230103,Kontikia pelewensis,0.064556964,3,Parakontikia ventrolineata
obs_195713651_photo_344383957,obs_195713651_photo_344383957_3,/share/ftrscape/image_dataset/obs_195713651_photo_344383957.jpg,/rs1/researchers/a/amallav/results/outputs_crop/obs_195713651_photo_344383957_box3.jpg,323.3365784,363.7615356,712.142334,967.0230103,Platydemus victoriae,0.054877054,3,Parakontikia ventrolineata
obs_195713651_photo_344383957,obs_195713651_photo_344383957_3,/share/ftrscape/image_dataset/obs_195713651_photo_344383957.jpg,/rs1/researchers/a/amallav/results/outputs_crop/obs_195713651_photo_344383957_box3.jpg,323.3365784,363.7615356,712.142334,967.0230103,Endeavouria septemlineata,0.045150276,3,Parakontikia ventrolineata
obs_195713651_photo_344383957,obs_195713651_photo_344383957_3,/share/ftrscape/image_dataset/obs_195713651_photo_344383957.jpg,/rs1/researchers/a/amallav/results/outputs_crop/obs_195713651_photo_344383957_box3.jpg,323.3365784,363.7615356,712.142334,967.0230103,Geoplana multipunctata,0.032655783,3,Parakontikia ventrolineata
obs_195713651_photo_344383957,obs_195713651_photo_344383957_4,/share/ftrscape/image_dataset/obs_195713651_photo_344383957.jpg,/rs1/researchers/a/amallav/results/outputs_crop/obs_195713651_photo_344383957_box4.jpg,125.9237671,273.8387756,737.7844849,980.7120972,Kontikia ventrolineata,0.068585835,4,Parakontikia ventrolineata
obs_195713651_photo_344383957,obs_195713651_photo_344383957_4,/share/ftrscape/image_dataset/obs_195713651_photo_344383957.jpg,/rs1/researchers/a/amallav/results/outputs_crop/obs_195713651_photo_344383957_box4.jpg,125.9237671,273.8387756,737.7844849,980.7120972,Geoplana arkalabamensis,0.062505312,4,Parakontikia ventrolineata
obs_195713651_photo_344383957,obs_195713651_photo_344383957_4,/share/ftrscape/image_dataset/obs_195713651_photo_344383957.jpg,/rs1/researchers/a/amallav/results/outputs_crop/obs_195713651_photo_344383957_box4.jpg,125.9237671,273.8387756,737.7844849,980.7120972,Geoplana multipunctata,0.061487455,4,Parakontikia ventrolineata
obs_195713651_photo_344383957,obs_195713651_photo_344383957_4,/share/ftrscape/image_dataset/obs_195713651_photo_344383957.jpg,/rs1/researchers/a/amallav/results/outputs_crop/obs_195713651_photo_344383957_box4.jpg,125.9237671,273.8387756,737.7844849,980.7120972,Australopacifica hamiltoni,0.058618493,4,Parakontikia ventrolineata
obs_195713651_photo_344383957,obs_195713651_photo_344383957_4,/share/ftrscape/image_dataset/obs_195713651_photo_344383957.jpg,/rs1/researchers/a/amallav/results/outputs_crop/obs_195713651_photo_344383957_box4.jpg,125.9237671,273.8387756,737.7844849,980.7120972,Kontikia pelewensis,0.041428063,4,Parakontikia ventrolineata
obs_195713651_photo_344383957,obs_195713651_photo_344383957_5,/share/ftrscape/image_dataset/obs_195713651_photo_344383957.jpg,/rs1/researchers/a/amallav/results/outputs_crop/obs_195713651_photo_344383957_box5.jpg,397.8546753,375.6316528,697.9151611,958.8599854,Kontikia ventrolineata,0.310826451,5,Parakontikia ventrolineata
obs_195713651_photo_344383957,obs_195713651_photo_344383957_5,/share/ftrscape/image_dataset/obs_195713651_photo_344383957.jpg,/rs1/researchers/a/amallav/results/outputs_crop/obs_195713651_photo_344383957_box5.jpg,397.8546753,375.6316528,697.9151611,958.8599854,Endeavouria septemlineata,0.092459552,5,Parakontikia ventrolineata
obs_195713651_photo_344383957,obs_195713651_photo_344383957_5,/share/ftrscape/image_dataset/obs_195713651_photo_344383957.jpg,/rs1/researchers/a/amallav/results/outputs_crop/obs_195713651_photo_344383957_box5.jpg,397.8546753,375.6316528,697.9151611,958.8599854,Kontikia pelewensis,0.065800674,5,Parakontikia ventrolineata
obs_195713651_photo_344383957,obs_195713651_photo_344383957_5,/share/ftrscape/image_dataset/obs_195713651_photo_344383957.jpg,/rs1/researchers/a/amallav/results/outputs_crop/obs_195713651_photo_344383957_box5.jpg,397.8546753,375.6316528,697.9151611,958.8599854,Geoplana multipunctata,0.06546668,5,Parakontikia ventrolineata
obs_195713651_photo_344383957,obs_195713651_photo_344383957_5,/share/ftrscape/image_dataset/obs_195713651_photo_344383957.jpg,/rs1/researchers/a/amallav/results/outputs_crop/obs_195713651_photo_344383957_box5.jpg,397.8546753,375.6316528,697.9151611,958.8599854,Parakontikia ventrolineata,0.053278878,5,Parakontikia ventrolineata
obs_220102252_photo_389649357,obs_220102252_photo_389649357_1,/share/ftrscape/image_dataset/obs_220102252_photo_389649357.jpg,/rs1/researchers/a/amallav/results/outputs_crop/obs_220102252_photo_389649357_box1.jpg,119.2012024,687.1281128,1513.49939,1781.280762,Rhagio orestes,0.145159915,1,Furia ithacensis
obs_220102252_photo_389649357,obs_220102252_photo_389649357_1,/share/ftrscape/image_dataset/obs_220102252_photo_389649357.jpg,/rs1/researchers/a/amallav/results/outputs_crop/obs_220102252_photo_389649357_box1.jpg,119.2012024,687.1281128,1513.49939,1781.280762,Chrysopilus griffithi,0.095414884,1,Furia ithacensis
obs_220102252_photo_389649357,obs_220102252_photo_389649357_1,/share/ftrscape/image_dataset/obs_220102252_photo_389649357.jpg,/rs1/researchers/a/amallav/results/outputs_crop/obs_220102252_photo_389649357_box1.jpg,119.2012024,687.1281128,1513.49939,1781.280762,Chrysopilus mackerrasi,0.084844328,1,Furia ithacensis
obs_220102252_photo_389649357,obs_220102252_photo_389649357_1,/share/ftrscape/image_dataset/obs_220102252_photo_389649357.jpg,/rs1/researchers/a/amallav/results/outputs_crop/obs_220102252_photo_389649357_box1.jpg,119.2012024,687.1281128,1513.49939,1781.280762,Chrysopilus balbii,0.081009686,1,Furia ithacensis
obs_220102252_photo_389649357,obs_220102252_photo_389649357_1,/share/ftrscape/image_dataset/obs_220102252_photo_389649357.jpg,/rs1/researchers/a/amallav/results/outputs_crop/obs_220102252_photo_389649357_box1.jpg,119.2012024,687.1281128,1513.49939,1781.280762,Rhagio maculipennis,0.031674515,1,Furia ithacensis
obs_220102252_photo_389649357,obs_220102252_photo_389649357_2,/share/ftrscape/image_dataset/obs_220102252_photo_389649357.jpg,/rs1/researchers/a/amallav/results/outputs_crop/obs_220102252_photo_389649357_box2.jpg,122.7116547,680.7576294,1512.331055,1783.80542,Rhagio orestes,0.157192573,2,Furia ithacensis
obs_220102252_photo_389649357,obs_220102252_photo_389649357_2,/share/ftrscape/image_dataset/obs_220102252_photo_389649357.jpg,/rs1/researchers/a/amallav/results/outputs_crop/obs_220102252_photo_389649357_box2.jpg,122.7116547,680.7576294,1512.331055,1783.80542,Chrysopilus griffithi,0.088963591,2,Furia ithacensis
obs_220102252_photo_389649357,obs_220102252_photo_389649357_2,/share/ftrscape/image_dataset/obs_220102252_photo_389649357.jpg,/rs1/researchers/a/amallav/results/outputs_crop/obs_220102252_photo_389649357_box2.jpg,122.7116547,680.7576294,1512.331055,1783.80542,Chrysopilus mackerrasi,0.05610992,2,Furia ithacensis
obs_220102252_photo_389649357,obs_220102252_photo_389649357_2,/share/ftrscape/image_dataset/obs_220102252_photo_389649357.jpg,/rs1/researchers/a/amallav/results/outputs_crop/obs_220102252_photo_389649357_box2.jpg,122.7116547,680.7576294,1512.331055,1783.80542,Chrysopilus balbii,0.038927041,2,Furia ithacensis
obs_220102252_photo_389649357,obs_220102252_photo_389649357_2,/share/ftrscape/image_dataset/obs_220102252_photo_389649357.jpg,/rs1/researchers/a/amallav/results/outputs_crop/obs_220102252_photo_389649357_box2.jpg,122.7116547,680.7576294,1512.331055,1783.80542,Rhagio floridensis,0.035823535,2,Furia ithacensis
obs_220822650_photo_391000325,obs_220822650_photo_391000325_1,/share/ftrscape/image_dataset/obs_220822650_photo_391000325.jpg,/rs1/researchers/a/amallav/results/outputs_crop/obs_220822650_photo_391000325_box1.jpg,979.9024048,675.581543,1261.285156,997.4782104,Apostichopus californicus,0.088994086,1,Cucumaria miniata
obs_220822650_photo_391000325,obs_220822650_photo_391000325_1,/share/ftrscape/image_dataset/obs_220822650_photo_391000325.jpg,/rs1/researchers/a/amallav/results/outputs_crop/obs_220822650_photo_391000325_box1.jpg,979.9024048,675.581543,1261.285156,997.4782104,Pycnopodia helianthoides,0.068773493,1,Cucumaria miniata
obs_220822650_photo_391000325,obs_220822650_photo_391000325_1,/share/ftrscape/image_dataset/obs_220822650_photo_391000325.jpg,/rs1/researchers/a/amallav/results/outputs_crop/obs_220822650_photo_391000325_box1.jpg,979.9024048,675.581543,1261.285156,997.4782104,Dermasterias imbricata,0.049166702,1,Cucumaria miniata
obs_220822650_photo_391000325,obs_220822650_photo_391000325_1,/share/ftrscape/image_dataset/obs_220822650_photo_391000325.jpg,/rs1/researchers/a/amallav/results/outputs_crop/obs_220822650_photo_391000325_box1.jpg,979.9024048,675.581543,1261.285156,997.4782104,Apostichopus parvimensis,0.043524075,1,Cucumaria miniata
obs_220822650_photo_391000325,obs_220822650_photo_391000325_1,/share/ftrscape/image_dataset/obs_220822650_photo_391000325.jpg,/rs1/researchers/a/amallav/results/outputs_crop/obs_220822650_photo_391000325_box1.jpg,979.9024048,675.581543,1261.285156,997.4782104,Cryptochiton stelleri,0.041229464,1,Cucumaria miniata
obs_220822650_photo_391000325,obs_220822650_photo_391000325_2,/share/ftrscape/image_dataset/obs_220822650_photo_391000325.jpg,/rs1/researchers/a/amallav/results/outputs_crop/obs_220822650_photo_391000325_box2.jpg,980.4035034,674.5368652,1261.240723,999.2872314,Titanostrombus goliath,0.077226758,2,Cucumaria miniata
obs_220822650_photo_391000325,obs_220822650_photo_391000325_2,/share/ftrscape/image_dataset/obs_220822650_photo_391000325.jpg,/rs1/researchers/a/amallav/results/outputs_crop/obs_220822650_photo_391000325_box2.jpg,980.4035034,674.5368652,1261.240723,999.2872314,Titanostrombus galeatus,0.070250884,2,Cucumaria miniata
obs_220822650_photo_391000325,obs_220822650_photo_391000325_2,/share/ftrscape/image_dataset/obs_220822650_photo_391000325.jpg,/rs1/researchers/a/amallav/results/outputs_crop/obs_220822650_photo_391000325_box2.jpg,980.4035034,674.5368652,1261.240723,999.2872314,Triplofusus princeps,0.061615653,2,Cucumaria miniata
obs_220822650_photo_391000325,obs_220822650_photo_391000325_2,/share/ftrscape/image_dataset/obs_220822650_photo_391000325.jpg,/rs1/researchers/a/amallav/results/outputs_crop/obs_220822650_photo_391000325_box2.jpg,980.4035034,674.5368652,1261.240723,999.2872314,Macrostrombus brachior,0.037082087,2,Cucumaria miniata
obs_220822650_photo_391000325,obs_220822650_photo_391000325_2,/share/ftrscape/image_dataset/obs_220822650_photo_391000325.jpg,/rs1/researchers/a/amallav/results/outputs_crop/obs_220822650_photo_391000325_box2.jpg,980.4035034,674.5368652,1261.240723,999.2872314,Apostichopus californicus,0.027146397,2,Cucumaria miniata
obs_250956763_photo_448935283,obs_250956763_photo_448935283_1,/share/ftrscape/image_dataset/obs_250956763_photo_448935283.jpg,/rs1/researchers/a/amallav/results/outputs_crop/obs_250956763_photo_448935283_box1.jpg,684.7874756,379.7840576,2041.660522,1529.52002,Ecteinascidia sluiteri,0.07341674,1,Prostheceraeus crozieri
obs_250956763_photo_448935283,obs_250956763_photo_448935283_1,/share/ftrscape/image_dataset/obs_250956763_photo_448935283.jpg,/rs1/researchers/a/amallav/results/outputs_crop/obs_250956763_photo_448935283_box1.jpg,684.7874756,379.7840576,2041.660522,1529.52002,Clavelina moluccensis,0.062904552,1,Prostheceraeus crozieri
obs_250956763_photo_448935283,obs_250956763_photo_448935283_1,/share/ftrscape/image_dataset/obs_250956763_photo_448935283.jpg,/rs1/researchers/a/amallav/results/outputs_crop/obs_250956763_photo_448935283_box1.jpg,684.7874756,379.7840576,2041.660522,1529.52002,Ecteinascidia turbinata,0.050320141,1,Prostheceraeus crozieri
obs_250956763_photo_448935283,obs_250956763_photo_448935283_1,/share/ftrscape/image_dataset/obs_250956763_photo_448935283.jpg,/rs1/researchers/a/amallav/results/outputs_crop/obs_250956763_photo_448935283_box1.jpg,684.7874756,379.7840576,2041.660522,1529.52002,Euclavella claviformis,0.043335006,1,Prostheceraeus crozieri
obs_250956763_photo_448935283,obs_250956763_photo_448935283_1,/share/ftrscape/image_dataset/obs_250956763_photo_448935283.jpg,/rs1/researchers/a/amallav/results/outputs_crop/obs_250956763_photo_448935283_box1.jpg,684.7874756,379.7840576,2041.660522,1529.52002,Perophora japonica,0.038413785,1,Prostheceraeus crozieri
obs_250956763_photo_448935283,obs_250956763_photo_448935283_2,/share/ftrscape/image_dataset/obs_250956763_photo_448935283.jpg,/rs1/researchers/a/amallav/results/outputs_crop/obs_250956763_photo_448935283_box2.jpg,688.5859375,383.3132324,2039.665283,1527.181641,Euclavella claviformis,0.075881831,2,Prostheceraeus crozieri
obs_250956763_photo_448935283,obs_250956763_photo_448935283_2,/share/ftrscape/image_dataset/obs_250956763_photo_448935283.jpg,/rs1/researchers/a/amallav/results/outputs_crop/obs_250956763_photo_448935283_box2.jpg,688.5859375,383.3132324,2039.665283,1527.181641,Ecteinascidia sluiteri,0.072254092,2,Prostheceraeus crozieri
obs_250956763_photo_448935283,obs_250956763_photo_448935283_2,/share/ftrscape/image_dataset/obs_250956763_photo_448935283.jpg,/rs1/researchers/a/amallav/results/outputs_crop/obs_250956763_photo_448935283_box2.jpg,688.5859375,383.3132324,2039.665283,1527.181641,Stolonica australis,0.065607153,2,Prostheceraeus crozieri
obs_250956763_photo_448935283,obs_250956763_photo_448935283_2,/share/ftrscape/image_dataset/obs_250956763_photo_448935283.jpg,/rs1/researchers/a/amallav/results/outputs_crop/obs_250956763_photo_448935283_box2.jpg,688.5859375,383.3132324,2039.665283,1527.181641,Clavelina moluccensis,0.046852276,2,Prostheceraeus crozieri
obs_250956763_photo_448935283,obs_250956763_photo_448935283_2,/share/ftrscape/image_dataset/obs_250956763_photo_448935283.jpg,/rs1/researchers/a/amallav/results/outputs_crop/obs_250956763_photo_448935283_box2.jpg,688.5859375,383.3132324,2039.665283,1527.181641,Aplidium turbinatum,0.045199241,2,Prostheceraeus crozieri
obs_250956763_photo_448935283,obs_250956763_photo_448935283_3,/share/ftrscape/image_dataset/obs_250956763_photo_448935283.jpg,/rs1/researchers/a/amallav/results/outputs_crop/obs_250956763_photo_448935283_box3.jpg,687.3520508,384.4170532,2040.225586,1529.6875,Euclavella claviformis,0.077463314,3,Prostheceraeus crozieri
obs_250956763_photo_448935283,obs_250956763_photo_448935283_3,/share/ftrscape/image_dataset/obs_250956763_photo_448935283.jpg,/rs1/researchers/a/amallav/results/outputs_crop/obs_250956763_photo_448935283_box3.jpg,687.3520508,384.4170532,2040.225586,1529.6875,Ecteinascidia sluiteri,0.072828926,3,Prostheceraeus crozieri
obs_250956763_photo_448935283,obs_250956763_photo_448935283_3,/share/ftrscape/image_dataset/obs_250956763_photo_448935283.jpg,/rs1/researchers/a/amallav/results/outputs_crop/obs_250956763_photo_448935283_box3.jpg,687.3520508,384.4170532,2040.225586,1529.6875,Limacia jellyi,0.045152936,3,Prostheceraeus crozieri
obs_250956763_photo_448935283,obs_250956763_photo_448935283_3,/share/ftrscape/image_dataset/obs_250956763_photo_448935283.jpg,/rs1/researchers/a/amallav/results/outputs_crop/obs_250956763_photo_448935283_box3.jpg,687.3520508,384.4170532,2040.225586,1529.6875,Stolonica australis,0.044969354,3,Prostheceraeus crozieri
obs_250956763_photo_448935283,obs_250956763_photo_448935283_3,/share/ftrscape/image_dataset/obs_250956763_photo_448935283.jpg,/rs1/researchers/a/amallav/results/outputs_crop/obs_250956763_photo_448935283_box3.jpg,687.3520508,384.4170532,2040.225586,1529.6875,Clavelina moluccensis,0.04298903,3,Prostheceraeus crozieri
obs_250956763_photo_448935283,obs_250956763_photo_448935283_4,/share/ftrscape/image_dataset/obs_250956763_photo_448935283.jpg,/rs1/researchers/a/amallav/results/outputs_crop/obs_250956763_photo_448935283_box4.jpg,880.3210449,392.5147095,1983.900391,1526.955811,Euclavella claviformis,0.08287406,4,Prostheceraeus crozieri
obs_250956763_photo_448935283,obs_250956763_photo_448935283_4,/share/ftrscape/image_dataset/obs_250956763_photo_448935283.jpg,/rs1/researchers/a/amallav/results/outputs_crop/obs_250956763_photo_448935283_box4.jpg,880.3210449,392.5147095,1983.900391,1526.955811,Ecteinascidia turbinata,0.059228327,4,Prostheceraeus crozieri
obs_250956763_photo_448935283,obs_250956763_photo_448935283_4,/share/ftrscape/image_dataset/obs_250956763_photo_448935283.jpg,/rs1/researchers/a/amallav/results/outputs_crop/obs_250956763_photo_448935283_box4.jpg,880.3210449,392.5147095,1983.900391,1526.955811,Ciona robusta,0.053472832,4,Prostheceraeus crozieri
obs_250956763_photo_448935283,obs_250956763_photo_448935283_4,/share/ftrscape/image_dataset/obs_250956763_photo_448935283.jpg,/rs1/researchers/a/amallav/results/outputs_crop/obs_250956763_photo_448935283_box4.jpg,880.3210449,392.5147095,1983.900391,1526.955811,Stolonica australis,0.053435307,4,Prostheceraeus crozieri
obs_250956763_photo_448935283,obs_250956763_photo_448935283_4,/share/ftrscape/image_dataset/obs_250956763_photo_448935283.jpg,/rs1/researchers/a/amallav/results/outputs_crop/obs_250956763_photo_448935283_box4.jpg,880.3210449,392.5147095,1983.900391,1526.955811,Aplidium turbinatum,0.038093045,4,Prostheceraeus crozieri
obs_250956763_photo_448935283,obs_250956763_photo_448935283_5,/share/ftrscape/image_dataset/obs_250956763_photo_448935283.jpg,/rs1/researchers/a/amallav/results/outputs_crop/obs_250956763_photo_448935283_box5.jpg,847.9967041,378.6697083,2043.10022,1521.759277,Euclavella claviformis,0.087926663,5,Prostheceraeus crozieri
obs_250956763_photo_448935283,obs_250956763_photo_448935283_5,/share/ftrscape/image_dataset/obs_250956763_photo_448935283.jpg,/rs1/researchers/a/amallav/results/outputs_crop/obs_250956763_photo_448935283_box5.jpg,847.9967041,378.6697083,2043.10022,1521.759277,Stolonica australis,0.075019687,5,Prostheceraeus crozieri
obs_250956763_photo_448935283,obs_250956763_photo_448935283_5,/share/ftrscape/image_dataset/obs_250956763_photo_448935283.jpg,/rs1/researchers/a/amallav/results/outputs_crop/obs_250956763_photo_448935283_box5.jpg,847.9967041,378.6697083,2043.10022,1521.759277,Aplidium turbinatum,0.053673912,5,Prostheceraeus crozieri
obs_250956763_photo_448935283,obs_250956763_photo_448935283_5,/share/ftrscape/image_dataset/obs_250956763_photo_448935283.jpg,/rs1/researchers/a/amallav/results/outputs_crop/obs_250956763_photo_448935283_box5.jpg,847.9967041,378.6697083,2043.10022,1521.759277,Clavelina moluccensis,0.052071378,5,Prostheceraeus crozieri
obs_250956763_photo_448935283,obs_250956763_photo_448935283_5,/share/ftrscape/image_dataset/obs_250956763_photo_448935283.jpg,/rs1/researchers/a/amallav/results/outputs_crop/obs_250956763_photo_448935283_box5.jpg,847.9967041,378.6697083,2043.10022,1521.759277,Ciona robusta,0.035616226,5,Prostheceraeus crozieri
obs_256022699_photo_458927175,obs_256022699_photo_458927175_1,/share/ftrscape/image_dataset/obs_256022699_photo_458927175.jpg,/rs1/researchers/a/amallav/results/outputs_crop/obs_256022699_photo_458927175_box1.jpg,579.8480225,330.5987549,1463.221924,1246.205811,Motyxia monica,0.437585622,1,Arthrophaga myriapodina
obs_256022699_photo_458927175,obs_256022699_photo_458927175_1,/share/ftrscape/image_dataset/obs_256022699_photo_458927175.jpg,/rs1/researchers/a/amallav/results/outputs_crop/obs_256022699_photo_458927175_box1.jpg,579.8480225,330.5987549,1463.221924,1246.205811,Xystocheir dissecta,0.315224379,1,Arthrophaga myriapodina
obs_256022699_photo_458927175,obs_256022699_photo_458927175_1,/share/ftrscape/image_dataset/obs_256022699_photo_458927175.jpg,/rs1/researchers/a/amallav/results/outputs_crop/obs_256022699_photo_458927175_box1.jpg,579.8480225,330.5987549,1463.221924,1246.205811,Xystocheir brachymacris,0.069419108,1,Arthrophaga myriapodina
obs_256022699_photo_458927175,obs_256022699_photo_458927175_1,/share/ftrscape/image_dataset/obs_256022699_photo_458927175.jpg,/rs1/researchers/a/amallav/results/outputs_crop/obs_256022699_photo_458927175_box1.jpg,579.8480225,330.5987549,1463.221924,1246.205811,Wamokia hoffmani,0.039766829,1,Arthrophaga myriapodina
obs_256022699_photo_458927175,obs_256022699_photo_458927175_1,/share/ftrscape/image_dataset/obs_256022699_photo_458927175.jpg,/rs1/researchers/a/amallav/results/outputs_crop/obs_256022699_photo_458927175_box1.jpg,579.8480225,330.5987549,1463.221924,1246.205811,Xystocheir taibona,0.034483135,1,Arthrophaga myriapodina
obs_256022699_photo_458927175,obs_256022699_photo_458927175_2,/share/ftrscape/image_dataset/obs_256022699_photo_458927175.jpg,/rs1/researchers/a/amallav/results/outputs_crop/obs_256022699_photo_458927175_box2.jpg,577.4864502,333.072876,1461.75769,1251.054199,Xystocheir dissecta,0.420226634,2,Arthrophaga myriapodina
obs_256022699_photo_458927175,obs_256022699_photo_458927175_2,/share/ftrscape/image_dataset/obs_256022699_photo_458927175.jpg,/rs1/researchers/a/amallav/results/outputs_crop/obs_256022699_photo_458927175_box2.jpg,577.4864502,333.072876,1461.75769,1251.054199,Motyxia monica,0.34059307,2,Arthrophaga myriapodina
obs_256022699_photo_458927175,obs_256022699_photo_458927175_2,/share/ftrscape/image_dataset/obs_256022699_photo_458927175.jpg,/rs1/researchers/a/amallav/results/outputs_crop/obs_256022699_photo_458927175_box2.jpg,577.4864502,333.072876,1461.75769,1251.054199,Xystocheir brachymacris,0.064334787,2,Arthrophaga myriapodina
obs_256022699_photo_458927175,obs_256022699_photo_458927175_2,/share/ftrscape/image_dataset/obs_256022699_photo_458927175.jpg,/rs1/researchers/a/amallav/results/outputs_crop/obs_256022699_photo_458927175_box2.jpg,577.4864502,333.072876,1461.75769,1251.054199,Xystocheir taibona,0.044594694,2,Arthrophaga myriapodina
obs_256022699_photo_458927175,obs_256022699_photo_458927175_2,/share/ftrscape/image_dataset/obs_256022699_photo_458927175.jpg,/rs1/researchers/a/amallav/results/outputs_crop/obs_256022699_photo_458927175_box2.jpg,577.4864502,333.072876,1461.75769,1251.054199,Wamokia hoffmani,0.035312045,2,Arthrophaga myriapodina
obs_256022699_photo_458927175,obs_256022699_photo_458927175_3,/share/ftrscape/image_dataset/obs_256022699_photo_458927175.jpg,/rs1/researchers/a/amallav/results/outputs_crop/obs_256022699_photo_458927175_box3.jpg,565.6398926,330.2122192,1460.607788,1251.208374,Motyxia monica,0.459727049,3,Arthrophaga myriapodina
obs_256022699_photo_458927175,obs_256022699_photo_458927175_3,/share/ftrscape/image_dataset/obs_256022699_photo_458927175.jpg,/rs1/researchers/a/amallav/results/outputs_crop/obs_256022699_photo_458927175_box3.jpg,565.6398926,330.2122192,1460.607788,1251.208374,Xystocheir dissecta,0.328083694,3,Arthrophaga myriapodina
obs_256022699_photo_458927175,obs_256022699_photo_458927175_3,/share/ftrscape/image_dataset/obs_256022699_photo_458927175.jpg,/rs1/researchers/a/amallav/results/outputs_crop/obs_256022699_photo_458927175_box3.jpg,565.6398926,330.2122192,1460.607788,1251.208374,Xystocheir brachymacris,0.071796566,3,Arthrophaga myriapodina
obs_256022699_photo_458927175,obs_256022699_photo_458927175_3,/share/ftrscape/image_dataset/obs_256022699_photo_458927175.jpg,/rs1/researchers/a/amallav/results/outputs_crop/obs_256022699_photo_458927175_box3.jpg,565.6398926,330.2122192,1460.607788,1251.208374,Xystocheir taibona,0.030315809,3,Arthrophaga myriapodina
obs_256022699_photo_458927175,obs_256022699_photo_458927175_3,/share/ftrscape/image_dataset/obs_256022699_photo_458927175.jpg,/rs1/researchers/a/amallav/results/outputs_crop/obs_256022699_photo_458927175_box3.jpg,565.6398926,330.2122192,1460.607788,1251.208374,Wamokia hoffmani,0.023535699,3,Arthrophaga myriapodina
obs_258568965_photo_463949088,obs_258568965_photo_463949088_1,/share/ftrscape/image_dataset/obs_258568965_photo_463949088.jpg,/rs1/researchers/a/amallav/results/outputs_crop/obs_258568965_photo_463949088_box1.jpg,16.12953186,6.445861816,1527.833496,2033.822266,Globitermes globosus,0.080801405,1,Reticularia
obs_258568965_photo_463949088,obs_258568965_photo_463949088_1,/share/ftrscape/image_dataset/obs_258568965_photo_463949088.jpg,/rs1/researchers/a/amallav/results/outputs_crop/obs_258568965_photo_463949088_box1.jpg,16.12953186,6.445861816,1527.833496,2033.822266,Cryptostroma corticale,0.045451179,1,Reticularia
obs_258568965_photo_463949088,obs_258568965_photo_463949088_1,/share/ftrscape/image_dataset/obs_258568965_photo_463949088.jpg,/rs1/researchers/a/amallav/results/outputs_crop/obs_258568965_photo_463949088_box1.jpg,16.12953186,6.445861816,1527.833496,2033.822266,Pisolithus arhizus,0.032670893,1,Reticularia
obs_258568965_photo_463949088,obs_258568965_photo_463949088_1,/share/ftrscape/image_dataset/obs_258568965_photo_463949088.jpg,/rs1/researchers/a/amallav/results/outputs_crop/obs_258568965_photo_463949088_box1.jpg,16.12953186,6.445861816,1527.833496,2033.822266,Amitermes vilis,0.023517599,1,Reticularia
obs_258568965_photo_463949088,obs_258568965_photo_463949088_1,/share/ftrscape/image_dataset/obs_258568965_photo_463949088.jpg,/rs1/researchers/a/amallav/results/outputs_crop/obs_258568965_photo_463949088_box1.jpg,16.12953186,6.445861816,1527.833496,2033.822266,Corydalus texanus,0.018877612,1,Reticularia
obs_258568965_photo_463949088,obs_258568965_photo_463949088_2,/share/ftrscape/image_dataset/obs_258568965_photo_463949088.jpg,/rs1/researchers/a/amallav/results/outputs_crop/obs_258568965_photo_463949088_box2.jpg,19.36724854,4.894165039,1528.056396,2031.985352,Globitermes globosus,0.050918117,2,Reticularia
obs_258568965_photo_463949088,obs_258568965_photo_463949088_2,/share/ftrscape/image_dataset/obs_258568965_photo_463949088.jpg,/rs1/researchers/a/amallav/results/outputs_crop/obs_258568965_photo_463949088_box2.jpg,19.36724854,4.894165039,1528.056396,2031.985352,Cryptostroma corticale,0.042093609,2,Reticularia
obs_258568965_photo_463949088,obs_258568965_photo_463949088_2,/share/ftrscape/image_dataset/obs_258568965_photo_463949088.jpg,/rs1/researchers/a/amallav/results/outputs_crop/obs_258568965_photo_463949088_box2.jpg,19.36724854,4.894165039,1528.056396,2031.985352,Pisolithus arhizus,0.035696864,2,Reticularia
obs_258568965_photo_463949088,obs_258568965_photo_463949088_2,/share/ftrscape/image_dataset/obs_258568965_photo_463949088.jpg,/rs1/researchers/a/amallav/results/outputs_crop/obs_258568965_photo_463949088_box2.jpg,19.36724854,4.894165039,1528.056396,2031.985352,Amitermes vilis,0.027141828,2,Reticularia
obs_258568965_photo_463949088,obs_258568965_photo_463949088_2,/share/ftrscape/image_dataset/obs_258568965_photo_463949088.jpg,/rs1/researchers/a/amallav/results/outputs_crop/obs_258568965_photo_463949088_box2.jpg,19.36724854,4.894165039,1528.056396,2031.985352,Delta bonellii,0.016555933,2,Reticularia
obs_258568965_photo_463949088,obs_258568965_photo_463949088_3,/share/ftrscape/image_dataset/obs_258568965_photo_463949088.jpg,/rs1/researchers/a/amallav/results/outputs_crop/obs_258568965_photo_463949088_box3.jpg,419.0324707,388.25354,987.9854736,1260.576538,Globitermes globosus,0.044833764,3,Reticularia
obs_258568965_photo_463949088,obs_258568965_photo_463949088_3,/share/ftrscape/image_dataset/obs_258568965_photo_463949088.jpg,/rs1/researchers/a/amallav/results/outputs_crop/obs_258568965_photo_463949088_box3.jpg,419.0324707,388.25354,987.9854736,1260.576538,Bothriocyrtum californicum,0.02812805,3,Reticularia
obs_258568965_photo_463949088,obs_258568965_photo_463949088_3,/share/ftrscape/image_dataset/obs_258568965_photo_463949088.jpg,/rs1/researchers/a/amallav/results/outputs_crop/obs_258568965_photo_463949088_box3.jpg,419.0324707,388.25354,987.9854736,1260.576538,Pericapritermes nitobei,0.004398486,3,Reticularia
obs_258568965_photo_463949088,obs_258568965_photo_463949088_3,/share/ftrscape/image_dataset/obs_258568965_photo_463949088.jpg,/rs1/researchers/a/amallav/results/outputs_crop/obs_258568965_photo_463949088_box3.jpg,419.0324707,388.25354,987.9854736,1260.576538,Podaxis longii,0.004214038,3,Reticularia
obs_258568965_photo_463949088,obs_258568965_photo_463949088_3,/share/ftrscape/image_dataset/obs_258568965_photo_463949088.jpg,/rs1/researchers/a/amallav/results/outputs_crop/obs_258568965_photo_463949088_box3.jpg,419.0324707,388.25354,987.9854736,1260.576538,Anoplotermes fumosus,0.00390938,3,Reticularia
obs_258568965_photo_463949088,obs_258568965_photo_463949088_4,/share/ftrscape/image_dataset/obs_258568965_photo_463949088.jpg,/rs1/researchers/a/amallav/results/outputs_crop/obs_258568965_photo_463949088_box4.jpg,88.08023071,15.402771,1009.485901,1319.822754,Globitermes globosus,0.062325712,4,Reticularia
obs_258568965_photo_463949088,obs_258568965_photo_463949088_4,/share/ftrscape/image_dataset/obs_258568965_photo_463949088.jpg,/rs1/researchers/a/amallav/results/outputs_crop/obs_258568965_photo_463949088_box4.jpg,88.08023071,15.402771,1009.485901,1319.822754,Filistata canariensis,0.028737973,4,Reticularia
obs_258568965_photo_463949088,obs_258568965_photo_463949088_4,/share/ftrscape/image_dataset/obs_258568965_photo_463949088.jpg,/rs1/researchers/a/amallav/results/outputs_crop/obs_258568965_photo_463949088_box4.jpg,88.08023071,15.402771,1009.485901,1319.822754,Filistatinella kahloae,0.025551895,4,Reticularia
obs_258568965_photo_463949088,obs_258568965_photo_463949088_4,/share/ftrscape/image_dataset/obs_258568965_photo_463949088.jpg,/rs1/researchers/a/amallav/results/outputs_crop/obs_258568965_photo_463949088_box4.jpg,88.08023071,15.402771,1009.485901,1319.822754,Filistatinella tohono,0.014202905,4,Reticularia
obs_258568965_photo_463949088,obs_258568965_photo_463949088_4,/share/ftrscape/image_dataset/obs_258568965_photo_463949088.jpg,/rs1/researchers/a/amallav/results/outputs_crop/obs_258568965_photo_463949088_box4.jpg,88.08023071,15.402771,1009.485901,1319.822754,Filistata testacea,0.014137606,4,Reticularia
obs_258568965_photo_463949088,obs_258568965_photo_463949088_5,/share/ftrscape/image_dataset/obs_258568965_photo_463949088.jpg,/rs1/researchers/a/amallav/results/outputs_crop/obs_258568965_photo_463949088_box5.jpg,18.61212158,3.540344238,1528.054321,2030.834229,Globitermes globosus,0.052416649,5,Reticularia
obs_258568965_photo_463949088,obs_258568965_photo_463949088_5,/share/ftrscape/image_dataset/obs_258568965_photo_463949088.jpg,/rs1/researchers/a/amallav/results/outputs_crop/obs_258568965_photo_463949088_box5.jpg,18.61212158,3.540344238,1528.054321,2030.834229,Pisolithus arhizus,0.038035318,5,Reticularia
obs_258568965_photo_463949088,obs_258568965_photo_463949088_5,/share/ftrscape/image_dataset/obs_258568965_photo_463949088.jpg,/rs1/researchers/a/amallav/results/outputs_crop/obs_258568965_photo_463949088_box5.jpg,18.61212158,3.540344238,1528.054321,2030.834229,Amitermes vilis,0.028048264,5,Reticularia
obs_258568965_photo_463949088,obs_258568965_photo_463949088_5,/share/ftrscape/image_dataset/obs_258568965_photo_463949088.jpg,/rs1/researchers/a/amallav/results/outputs_crop/obs_258568965_photo_463949088_box5.jpg,18.61212158,3.540344238,1528.054321,2030.834229,Cryptostroma corticale,0.026634695,5,Reticularia
obs_258568965_photo_463949088,obs_258568965_photo_463949088_5,/share/ftrscape/image_dataset/obs_258568965_photo_463949088.jpg,/rs1/researchers/a/amallav/results/outputs_crop/obs_258568965_photo_463949088_box5.jpg,18.61212158,3.540344238,1528.054321,2030.834229,Delta bonellii,0.022137277,5,Reticularia
obs_263836670_photo_474047112,obs_263836670_photo_474047112_1,/share/ftrscape/image_dataset/obs_263836670_photo_474047112.jpg,/rs1/researchers/a/amallav/results/outputs_crop/obs_263836670_photo_474047112_box1.jpg,14.67437744,1.511856079,1764.20874,1523.074707,Larus glaucescens,0.231983021,1,Pisaster ochraceus
obs_263836670_photo_474047112,obs_263836670_photo_474047112_1,/share/ftrscape/image_dataset/obs_263836670_photo_474047112.jpg,/rs1/researchers/a/amallav/results/outputs_crop/obs_263836670_photo_474047112_box1.jpg,14.67437744,1.511856079,1764.20874,1523.074707,Evasterias echinosoma,0.166159287,1,Pisaster ochraceus
obs_263836670_photo_474047112,obs_263836670_photo_474047112_1,/share/ftrscape/image_dataset/obs_263836670_photo_474047112.jpg,/rs1/researchers/a/amallav/results/outputs_crop/obs_263836670_photo_474047112_box1.jpg,14.67437744,1.511856079,1764.20874,1523.074707,Pisaster ochraceus,0.112569749,1,Pisaster ochraceus
obs_263836670_photo_474047112,obs_263836670_photo_474047112_1,/share/ftrscape/image_dataset/obs_263836670_photo_474047112.jpg,/rs1/researchers/a/amallav/results/outputs_crop/obs_263836670_photo_474047112_box1.jpg,14.67437744,1.511856079,1764.20874,1523.074707,Asterias rathbuni,0.060254708,1,Pisaster ochraceus
obs_263836670_photo_474047112,obs_263836670_photo_474047112_1,/share/ftrscape/image_dataset/obs_263836670_photo_474047112.jpg,/rs1/researchers/a/amallav/results/outputs_crop/obs_263836670_photo_474047112_box1.jpg,14.67437744,1.511856079,1764.20874,1523.074707,Pycnopodia helianthoides,0.034726989,1,Pisaster ochraceus
obs_263836670_photo_474047112,obs_263836670_photo_474047112_2,/share/ftrscape/image_dataset/obs_263836670_photo_474047112.jpg,/rs1/researchers/a/amallav/results/outputs_crop/obs_263836670_photo_474047112_box2.jpg,705.6750488,514.8425293,1578.153809,1448.578247,Evasterias echinosoma,0.260431409,2,Pisaster ochraceus
obs_263836670_photo_474047112,obs_263836670_photo_474047112_2,/share/ftrscape/image_dataset/obs_263836670_photo_474047112.jpg,/rs1/researchers/a/amallav/results/outputs_crop/obs_263836670_photo_474047112_box2.jpg,705.6750488,514.8425293,1578.153809,1448.578247,Pisaster ochraceus,0.153530166,2,Pisaster ochraceus
obs_263836670_photo_474047112,obs_263836670_photo_474047112_2,/share/ftrscape/image_dataset/obs_263836670_photo_474047112.jpg,/rs1/researchers/a/amallav/results/outputs_crop/obs_263836670_photo_474047112_box2.jpg,705.6750488,514.8425293,1578.153809,1448.578247,Evasterias troschelii,0.085340351,2,Pisaster ochraceus
obs_263836670_photo_474047112,obs_263836670_photo_474047112_2,/share/ftrscape/image_dataset/obs_263836670_photo_474047112.jpg,/rs1/researchers/a/amallav/results/outputs_crop/obs_263836670_photo_474047112_box2.jpg,705.6750488,514.8425293,1578.153809,1448.578247,Pisaster brevispinus,0.060094848,2,Pisaster ochraceus
obs_263836670_photo_474047112,obs_263836670_photo_474047112_2,/share/ftrscape/image_dataset/obs_263836670_photo_474047112.jpg,/rs1/researchers/a/amallav/results/outputs_crop/obs_263836670_photo_474047112_box2.jpg,705.6750488,514.8425293,1578.153809,1448.578247,Pycnopodia helianthoides,0.055868592,2,Pisaster ochraceus
obs_264953671_photo_475827468,obs_264953671_photo_475827468_1,/share/ftrscape/image_dataset/obs_264953671_photo_475827468.jpg,/rs1/researchers/a/amallav/results/outputs_crop/obs_264953671_photo_475827468_box1.jpg,708.6256104,345.0374451,1344.471802,1121.802246,Pseudonympha detecta,0.293279052,1,Peripatopsis orientalis
obs_264953671_photo_475827468,obs_264953671_photo_475827468_1,/share/ftrscape/image_dataset/obs_264953671_photo_475827468.jpg,/rs1/researchers/a/amallav/results/outputs_crop/obs_264953671_photo_475827468_box1.jpg,708.6256104,345.0374451,1344.471802,1121.802246,Eutricha capensis,0.109746844,1,Peripatopsis orientalis
obs_264953671_photo_475827468,obs_264953671_photo_475827468_1,/share/ftrscape/image_dataset/obs_264953671_photo_475827468.jpg,/rs1/researchers/a/amallav/results/outputs_crop/obs_264953671_photo_475827468_box1.jpg,708.6256104,345.0374451,1344.471802,1121.802246,Eutricha bifascia,0.035980329,1,Peripatopsis orientalis
obs_264953671_photo_475827468,obs_264953671_photo_475827468_1,/share/ftrscape/image_dataset/obs_264953671_photo_475827468.jpg,/rs1/researchers/a/amallav/results/outputs_crop/obs_264953671_photo_475827468_box1.jpg,708.6256104,345.0374451,1344.471802,1121.802246,Mesocelis monticola,0.026352104,1,Peripatopsis orientalis
obs_264953671_photo_475827468,obs_264953671_photo_475827468_1,/share/ftrscape/image_dataset/obs_264953671_photo_475827468.jpg,/rs1/researchers/a/amallav/results/outputs_crop/obs_264953671_photo_475827468_box1.jpg,708.6256104,345.0374451,1344.471802,1121.802246,Duberria lutrix,0.02469044,1,Peripatopsis orientalis
obs_264953671_photo_475827468,obs_264953671_photo_475827468_2,/share/ftrscape/image_dataset/obs_264953671_photo_475827468.jpg,/rs1/researchers/a/amallav/results/outputs_crop/obs_264953671_photo_475827468_box2.jpg,714.1914063,347.6537781,1199.394653,1121.669312,Peripatopsis lawrencei,0.448157191,2,Peripatopsis orientalis
obs_264953671_photo_475827468,obs_264953671_photo_475827468_2,/share/ftrscape/image_dataset/obs_264953671_photo_475827468.jpg,/rs1/researchers/a/amallav/results/outputs_crop/obs_264953671_photo_475827468_box2.jpg,714.1914063,347.6537781,1199.394653,1121.669312,Peripatopsis sedgwicki,0.176983982,2,Peripatopsis orientalis
obs_264953671_photo_475827468,obs_264953671_photo_475827468_2,/share/ftrscape/image_dataset/obs_264953671_photo_475827468.jpg,/rs1/researchers/a/amallav/results/outputs_crop/obs_264953671_photo_475827468_box2.jpg,714.1914063,347.6537781,1199.394653,1121.669312,Peripatopsis balfouri,0.039851848,2,Peripatopsis orientalis
obs_264953671_photo_475827468,obs_264953671_photo_475827468_2,/share/ftrscape/image_dataset/obs_264953671_photo_475827468.jpg,/rs1/researchers/a/amallav/results/outputs_crop/obs_264953671_photo_475827468_box2.jpg,714.1914063,347.6537781,1199.394653,1121.669312,Peripatopsis overbergiensis,0.032468364,2,Peripatopsis orientalis
obs_264953671_photo_475827468,obs_264953671_photo_475827468_2,/share/ftrscape/image_dataset/obs_264953671_photo_475827468.jpg,/rs1/researchers/a/amallav/results/outputs_crop/obs_264953671_photo_475827468_box2.jpg,714.1914063,347.6537781,1199.394653,1121.669312,Peripatopsis birgeri,0.02965223,2,Peripatopsis orientalis
obs_291009479_photo_523542929,obs_291009479_photo_523542929_1,/share/ftrscape/image_dataset/obs_291009479_photo_523542929.jpg,/rs1/researchers/a/amallav/results/outputs_crop/obs_291009479_photo_523542929_box1.jpg,482.0726624,0.640594482,1048.004883,822.083313,Ischyropsalis manicata,0.025880963,1,Macroperipatus torquatus
obs_291009479_photo_523542929,obs_291009479_photo_523542929_1,/share/ftrscape/image_dataset/obs_291009479_photo_523542929.jpg,/rs1/researchers/a/amallav/results/outputs_crop/obs_291009479_photo_523542929_box1.jpg,482.0726624,0.640594482,1048.004883,822.083313,Ptilomera hylactor,0.021887936,1,Macroperipatus torquatus
obs_291009479_photo_523542929,obs_291009479_photo_523542929_1,/share/ftrscape/image_dataset/obs_291009479_photo_523542929.jpg,/rs1/researchers/a/amallav/results/outputs_crop/obs_291009479_photo_523542929_box1.jpg,482.0726624,0.640594482,1048.004883,822.083313,Eotrechus sinensis,0.021794122,1,Macroperipatus torquatus
obs_291009479_photo_523542929,obs_291009479_photo_523542929_1,/share/ftrscape/image_dataset/obs_291009479_photo_523542929.jpg,/rs1/researchers/a/amallav/results/outputs_crop/obs_291009479_photo_523542929_box1.jpg,482.0726624,0.640594482,1048.004883,822.083313,Eparchus tuberculatus,0.018898692,1,Macroperipatus torquatus
obs_291009479_photo_523542929,obs_291009479_photo_523542929_1,/share/ftrscape/image_dataset/obs_291009479_photo_523542929.jpg,/rs1/researchers/a/amallav/results/outputs_crop/obs_291009479_photo_523542929_box1.jpg,482.0726624,0.640594482,1048.004883,822.083313,Eparchus simplex,0.014671003,1,Macroperipatus torquatus
obs_291009479_photo_523542929,obs_291009479_photo_523542929_2,/share/ftrscape/image_dataset/obs_291009479_photo_523542929.jpg,/rs1/researchers/a/amallav/results/outputs_crop/obs_291009479_photo_523542929_box2.jpg,717.9175415,856.4725342,1604.392334,1355.698608,Pterygota excelsa,0.056574818,2,Macroperipatus torquatus
obs_291009479_photo_523542929,obs_291009479_photo_523542929_2,/share/ftrscape/image_dataset/obs_291009479_photo_523542929.jpg,/rs1/researchers/a/amallav/results/outputs_crop/obs_291009479_photo_523542929_box2.jpg,717.9175415,856.4725342,1604.392334,1355.698608,Cola gigantea,0.044667039,2,Macroperipatus torquatus
obs_291009479_photo_523542929,obs_291009479_photo_523542929_2,/share/ftrscape/image_dataset/obs_291009479_photo_523542929.jpg,/rs1/researchers/a/amallav/results/outputs_crop/obs_291009479_photo_523542929_box2.jpg,717.9175415,856.4725342,1604.392334,1355.698608,Strombosia scheffleri,0.026559412,2,Macroperipatus torquatus
obs_291009479_photo_523542929,obs_291009479_photo_523542929_2,/share/ftrscape/image_dataset/obs_291009479_photo_523542929.jpg,/rs1/researchers/a/amallav/results/outputs_crop/obs_291009479_photo_523542929_box2.jpg,717.9175415,856.4725342,1604.392334,1355.698608,Ampelocera macrocarpa,0.025440805,2,Macroperipatus torquatus
obs_291009479_photo_523542929,obs_291009479_photo_523542929_2,/share/ftrscape/image_dataset/obs_291009479_photo_523542929.jpg,/rs1/researchers/a/amallav/results/outputs_crop/obs_291009479_photo_523542929_box2.jpg,717.9175415,856.4725342,1604.392334,1355.698608,Kuloa usambarensis,0.010958496,2,Macroperipatus torquatus
obs_291009479_photo_523542929,obs_291009479_photo_523542929_3,/share/ftrscape/image_dataset/obs_291009479_photo_523542929.jpg,/rs1/researchers/a/amallav/results/outputs_crop/obs_291009479_photo_523542929_box3.jpg,471.2058716,624.5645752,726.9707642,826.2336426,Hynobius fucus,0.164868698,3,Macroperipatus torquatus
obs_291009479_photo_523542929,obs_291009479_photo_523542929_3,/share/ftrscape/image_dataset/obs_291009479_photo_523542929.jpg,/rs1/researchers/a/amallav/results/outputs_crop/obs_291009479_photo_523542929_box3.jpg,471.2058716,624.5645752,726.9707642,826.2336426,Hynobius arisanensis,0.109633677,3,Macroperipatus torquatus
obs_291009479_photo_523542929,obs_291009479_photo_523542929_3,/share/ftrscape/image_dataset/obs_291009479_photo_523542929.jpg,/rs1/researchers/a/amallav/results/outputs_crop/obs_291009479_photo_523542929_box3.jpg,471.2058716,624.5645752,726.9707642,826.2336426,Desmognathus monticola,0.027588293,3,Macroperipatus torquatus
obs_291009479_photo_523542929,obs_291009479_photo_523542929_3,/share/ftrscape/image_dataset/obs_291009479_photo_523542929.jpg,/rs1/researchers/a/amallav/results/outputs_crop/obs_291009479_photo_523542929_box3.jpg,471.2058716,624.5645752,726.9707642,826.2336426,Desmognathus imitator,0.026768062,3,Macroperipatus torquatus
obs_291009479_photo_523542929,obs_291009479_photo_523542929_3,/share/ftrscape/image_dataset/obs_291009479_photo_523542929.jpg,/rs1/researchers/a/amallav/results/outputs_crop/obs_291009479_photo_523542929_box3.jpg,471.2058716,624.5645752,726.9707642,826.2336426,Saproscincus challengeri,0.020815363,3,Macroperipatus torquatus
obs_291009479_photo_523542929,obs_291009479_photo_523542929_4,/share/ftrscape/image_dataset/obs_291009479_photo_523542929.jpg,/rs1/researchers/a/amallav/results/outputs_crop/obs_291009479_photo_523542929_box4.jpg,483.7624512,534.1711426,1086.924561,817.3011475,Edentistoma octosulcatum,0.151342288,4,Macroperipatus torquatus
obs_291009479_photo_523542929,obs_291009479_photo_523542929_4,/share/ftrscape/image_dataset/obs_291009479_photo_523542929.jpg,/rs1/researchers/a/amallav/results/outputs_crop/obs_291009479_photo_523542929_box4.jpg,483.7624512,534.1711426,1086.924561,817.3011475,Cormocephalus coynei,0.062803112,4,Macroperipatus torquatus
obs_291009479_photo_523542929,obs_291009479_photo_523542929_4,/share/ftrscape/image_dataset/obs_291009479_photo_523542929.jpg,/rs1/researchers/a/amallav/results/outputs_crop/obs_291009479_photo_523542929_box4.jpg,483.7624512,534.1711426,1086.924561,817.3011475,Scolopendra hermosa,0.057402309,4,Macroperipatus torquatus
obs_291009479_photo_523542929,obs_291009479_photo_523542929_4,/share/ftrscape/image_dataset/obs_291009479_photo_523542929.jpg,/rs1/researchers/a/amallav/results/outputs_crop/obs_291009479_photo_523542929_box4.jpg,483.7624512,534.1711426,1086.924561,817.3011475,Rhysida longicornis,0.048878282,4,Macroperipatus torquatus
obs_291009479_photo_523542929,obs_291009479_photo_523542929_4,/share/ftrscape/image_dataset/obs_291009479_photo_523542929.jpg,/rs1/researchers/a/amallav/results/outputs_crop/obs_291009479_photo_523542929_box4.jpg,483.7624512,534.1711426,1086.924561,817.3011475,Otostigmus brevidentatus,0.046055831,4,Macroperipatus torquatus
obs_291009479_photo_523542929,obs_291009479_photo_523542929_5,/share/ftrscape/image_dataset/obs_291009479_photo_523542929.jpg,/rs1/researchers/a/amallav/results/outputs_crop/obs_291009479_photo_523542929_box5.jpg,479.9369202,6.322631836,1058.382935,823.3511353,Macroperipatus torquatus,0.127154946,5,Macroperipatus torquatus
obs_291009479_photo_523542929,obs_291009479_photo_523542929_5,/share/ftrscape/image_dataset/obs_291009479_photo_523542929.jpg,/rs1/researchers/a/amallav/results/outputs_crop/obs_291009479_photo_523542929_box5.jpg,479.9369202,6.322631836,1058.382935,823.3511353,Mongeperipatus solorzanoi,0.033965513,5,Macroperipatus torquatus
obs_291009479_photo_523542929,obs_291009479_photo_523542929_5,/share/ftrscape/image_dataset/obs_291009479_photo_523542929.jpg,/rs1/researchers/a/amallav/results/outputs_crop/obs_291009479_photo_523542929_box5.jpg,479.9369202,6.322631836,1058.382935,823.3511353,Mongeperipatus kekoldi,0.021115266,5,Macroperipatus torquatus
obs_291009479_photo_523542929,obs_291009479_photo_523542929_5,/share/ftrscape/image_dataset/obs_291009479_photo_523542929.jpg,/rs1/researchers/a/amallav/results/outputs_crop/obs_291009479_photo_523542929_box5.jpg,479.9369202,6.322631836,1058.382935,823.3511353,Rhysida longicornis,0.020949027,5,Macroperipatus torquatus
obs_291009479_photo_523542929,obs_291009479_photo_523542929_5,/share/ftrscape/image_dataset/obs_291009479_photo_523542929.jpg,/rs1/researchers/a/amallav/results/outputs_crop/obs_291009479_photo_523542929_box5.jpg,479.9369202,6.322631836,1058.382935,823.3511353,Ptilomera hylactor,0.017776359,5,Macroperipatus torquatus
obs_302755190_photo_545634287,obs_302755190_photo_545634287_1,/share/ftrscape/image_dataset/obs_302755190_photo_545634287.jpg,/rs1/researchers/a/amallav/results/outputs_crop/obs_302755190_photo_545634287_box1.jpg,482.2821045,709.6931152,940.3674316,1355.738281,Chionaspis nyssae,0.056217343,1,Wilsoniana amaranthi
obs_302755190_photo_545634287,obs_302755190_photo_545634287_1,/share/ftrscape/image_dataset/obs_302755190_photo_545634287.jpg,/rs1/researchers/a/amallav/results/outputs_crop/obs_302755190_photo_545634287_box1.jpg,482.2821045,709.6931152,940.3674316,1355.738281,Diaspidiotus liquidambaris,0.024425372,1,Wilsoniana amaranthi
obs_302755190_photo_545634287,obs_302755190_photo_545634287_1,/share/ftrscape/image_dataset/obs_302755190_photo_545634287.jpg,/rs1/researchers/a/amallav/results/outputs_crop/obs_302755190_photo_545634287_box1.jpg,482.2821045,709.6931152,940.3674316,1355.738281,Aceria diversicoloris,0.018980457,1,Wilsoniana amaranthi
obs_302755190_photo_545634287,obs_302755190_photo_545634287_1,/share/ftrscape/image_dataset/obs_302755190_photo_545634287.jpg,/rs1/researchers/a/amallav/results/outputs_crop/obs_302755190_photo_545634287_box1.jpg,482.2821045,709.6931152,940.3674316,1355.738281,Wilsoniana achyranthis,0.018253189,1,Wilsoniana amaranthi
obs_302755190_photo_545634287,obs_302755190_photo_545634287_1,/share/ftrscape/image_dataset/obs_302755190_photo_545634287.jpg,/rs1/researchers/a/amallav/results/outputs_crop/obs_302755190_photo_545634287_box1.jpg,482.2821045,709.6931152,940.3674316,1355.738281,Albugo lepidii,0.018025536,1,Wilsoniana amaranthi
obs_302755190_photo_545634287,obs_302755190_photo_545634287_2,/share/ftrscape/image_dataset/obs_302755190_photo_545634287.jpg,/rs1/researchers/a/amallav/results/outputs_crop/obs_302755190_photo_545634287_box2.jpg,154.6256409,7.043701172,1920.590332,2037.810303,Wilsoniana achyranthis,0.727047563,2,Wilsoniana amaranthi
obs_302755190_photo_545634287,obs_302755190_photo_545634287_2,/share/ftrscape/image_dataset/obs_302755190_photo_545634287.jpg,/rs1/researchers/a/amallav/results/outputs_crop/obs_302755190_photo_545634287_box2.jpg,154.6256409,7.043701172,1920.590332,2037.810303,Wilsoniana occidentalis,0.04774335,2,Wilsoniana amaranthi
obs_302755190_photo_545634287,obs_302755190_photo_545634287_2,/share/ftrscape/image_dataset/obs_302755190_photo_545634287.jpg,/rs1/researchers/a/amallav/results/outputs_crop/obs_302755190_photo_545634287_box2.jpg,154.6256409,7.043701172,1920.590332,2037.810303,Wilsoniana platensis,0.032508742,2,Wilsoniana amaranthi
obs_302755190_photo_545634287,obs_302755190_photo_545634287_2,/share/ftrscape/image_dataset/obs_302755190_photo_545634287.jpg,/rs1/researchers/a/amallav/results/outputs_crop/obs_302755190_photo_545634287_box2.jpg,154.6256409,7.043701172,1920.590332,2037.810303,Wilsoniana bliti,0.013867208,2,Wilsoniana amaranthi
obs_302755190_photo_545634287,obs_302755190_photo_545634287_2,/share/ftrscape/image_dataset/obs_302755190_photo_545634287.jpg,/rs1/researchers/a/amallav/results/outputs_crop/obs_302755190_photo_545634287_box2.jpg,154.6256409,7.043701172,1920.590332,2037.810303,Hemiberlesia neodiffinis,0.004965297,2,Wilsoniana amaranthi
obs_302755190_photo_545634287,obs_302755190_photo_545634287_3,/share/ftrscape/image_dataset/obs_302755190_photo_545634287.jpg,/rs1/researchers/a/amallav/results/outputs_crop/obs_302755190_photo_545634287_box3.jpg,893.9324951,1415.578247,1143.898315,1703.430298,Chionaspis nyssae,0.032624599,3,Wilsoniana amaranthi
obs_302755190_photo_545634287,obs_302755190_photo_545634287_3,/share/ftrscape/image_dataset/obs_302755190_photo_545634287.jpg,/rs1/researchers/a/amallav/results/outputs_crop/obs_302755190_photo_545634287_box3.jpg,893.9324951,1415.578247,1143.898315,1703.430298,Diaspidiotus liquidambaris,0.02370877,3,Wilsoniana amaranthi
obs_302755190_photo_545634287,obs_302755190_photo_545634287_3,/share/ftrscape/image_dataset/obs_302755190_photo_545634287.jpg,/rs1/researchers/a/amallav/results/outputs_crop/obs_302755190_photo_545634287_box3.jpg,893.9324951,1415.578247,1143.898315,1703.430298,Aceria clianthi,0.021562556,3,Wilsoniana amaranthi
obs_302755190_photo_545634287,obs_302755190_photo_545634287_3,/share/ftrscape/image_dataset/obs_302755190_photo_545634287.jpg,/rs1/researchers/a/amallav/results/outputs_crop/obs_302755190_photo_545634287_box3.jpg,893.9324951,1415.578247,1143.898315,1703.430298,Pustula tragopogonis,0.015803451,3,Wilsoniana amaranthi
obs_302755190_photo_545634287,obs_302755190_photo_545634287_3,/share/ftrscape/image_dataset/obs_302755190_photo_545634287.jpg,/rs1/researchers/a/amallav/results/outputs_crop/obs_302755190_photo_545634287_box3.jpg,893.9324951,1415.578247,1143.898315,1703.430298,Puccinia horiana,0.00905897,3,Wilsoniana amaranthi
obs_302755190_photo_545634287,obs_302755190_photo_545634287_4,/share/ftrscape/image_dataset/obs_302755190_photo_545634287.jpg,/rs1/researchers/a/amallav/results/outputs_crop/obs_302755190_photo_545634287_box4.jpg,502.4918518,713.2560425,942.9518433,1361.755615,Wilsoniana achyranthis,0.041179687,4,Wilsoniana amaranthi
obs_302755190_photo_545634287,obs_302755190_photo_545634287_4,/share/ftrscape/image_dataset/obs_302755190_photo_545634287.jpg,/rs1/researchers/a/amallav/results/outputs_crop/obs_302755190_photo_545634287_box4.jpg,502.4918518,713.2560425,942.9518433,1361.755615,Albugo lepidii,0.04067013,4,Wilsoniana amaranthi
obs_302755190_photo_545634287,obs_302755190_photo_545634287_4,/share/ftrscape/image_dataset/obs_302755190_photo_545634287.jpg,/rs1/researchers/a/amallav/results/outputs_crop/obs_302755190_photo_545634287_box4.jpg,502.4918518,713.2560425,942.9518433,1361.755615,Chionaspis nyssae,0.039499521,4,Wilsoniana amaranthi
obs_302755190_photo_545634287,obs_302755190_photo_545634287_4,/share/ftrscape/image_dataset/obs_302755190_photo_545634287.jpg,/rs1/researchers/a/amallav/results/outputs_crop/obs_302755190_photo_545634287_box4.jpg,502.4918518,713.2560425,942.9518433,1361.755615,Aceria eucricotes,0.014358046,4,Wilsoniana amaranthi
obs_302755190_photo_545634287,obs_302755190_photo_545634287_4,/share/ftrscape/image_dataset/obs_302755190_photo_545634287.jpg,/rs1/researchers/a/amallav/results/outputs_crop/obs_302755190_photo_545634287_box4.jpg,502.4918518,713.2560425,942.9518433,1361.755615,Contarinia phytolaccae,0.011361789,4,Wilsoniana amaranthi
obs_302755190_photo_545634287,obs_302755190_photo_545634287_5,/share/ftrscape/image_dataset/obs_302755190_photo_545634287.jpg,/rs1/researchers/a/amallav/results/outputs_crop/obs_302755190_photo_545634287_box5.jpg,487.4689331,711.6347046,940.6864624,1357.92334,Chionaspis nyssae,0.069826305,5,Wilsoniana amaranthi
obs_302755190_photo_545634287,obs_302755190_photo_545634287_5,/share/ftrscape/image_dataset/obs_302755190_photo_545634287.jpg,/rs1/researchers/a/amallav/results/outputs_crop/obs_302755190_photo_545634287_box5.jpg,487.4689331,711.6347046,940.6864624,1357.92334,Diaspidiotus liquidambaris,0.048543233,5,Wilsoniana amaranthi
obs_302755190_photo_545634287,obs_302755190_photo_545634287_5,/share/ftrscape/image_dataset/obs_302755190_photo_545634287.jpg,/rs1/researchers/a/amallav/results/outputs_crop/obs_302755190_photo_545634287_box5.jpg,487.4689331,711.6347046,940.6864624,1357.92334,Meunieriella aquilonia,0.021000877,5,Wilsoniana amaranthi
obs_302755190_photo_545634287,obs_302755190_photo_545634287_5,/share/ftrscape/image_dataset/obs_302755190_photo_545634287.jpg,/rs1/researchers/a/amallav/results/outputs_crop/obs_302755190_photo_545634287_box5.jpg,487.4689331,711.6347046,940.6864624,1357.92334,Albugo lepidii,0.018603476,5,Wilsoniana amaranthi
obs_302755190_photo_545634287,obs_302755190_photo_545634287_5,/share/ftrscape/image_dataset/obs_302755190_photo_545634287.jpg,/rs1/researchers/a/amallav/results/outputs_crop/obs_302755190_photo_545634287_box5.jpg,487.4689331,711.6347046,940.6864624,1357.92334,Wilsoniana achyranthis,0.017555729,5,Wilsoniana amaranthi
obs_318344322_photo_575337712,obs_318344322_photo_575337712_1,/share/ftrscape/image_dataset/obs_318344322_photo_575337712.jpg,/rs1/researchers/a/amallav/results/outputs_crop/obs_318344322_photo_575337712_box1.jpg,341.1569214,395.8605652,1169.018555,1291.973633,Perna canaliculus,0.044322636,1,Mopalia muscosa
obs_318344322_photo_575337712,obs_318344322_photo_575337712_1,/share/ftrscape/image_dataset/obs_318344322_photo_575337712.jpg,/rs1/researchers/a/amallav/results/outputs_crop/obs_318344322_photo_575337712_box1.jpg,341.1569214,395.8605652,1169.018555,1291.973633,Notosaria nigricans,0.030562108,1,Mopalia muscosa
obs_318344322_photo_575337712,obs_318344322_photo_575337712_1,/share/ftrscape/image_dataset/obs_318344322_photo_575337712.jpg,/rs1/researchers/a/amallav/results/outputs_crop/obs_318344322_photo_575337712_box1.jpg,341.1569214,395.8605652,1169.018555,1291.973633,Choromytilus meridionalis,0.029718922,1,Mopalia muscosa
obs_318344322_photo_575337712,obs_318344322_photo_575337712_1,/share/ftrscape/image_dataset/obs_318344322_photo_575337712.jpg,/rs1/researchers/a/amallav/results/outputs_crop/obs_318344322_photo_575337712_box1.jpg,341.1569214,395.8605652,1169.018555,1291.973633,Semimytilus patagonicus,0.027504599,1,Mopalia muscosa
obs_318344322_photo_575337712,obs_318344322_photo_575337712_1,/share/ftrscape/image_dataset/obs_318344322_photo_575337712.jpg,/rs1/researchers/a/amallav/results/outputs_crop/obs_318344322_photo_575337712_box1.jpg,341.1569214,395.8605652,1169.018555,1291.973633,Phragmatopoma virgini,0.021617286,1,Mopalia muscosa
obs_318344322_photo_575337712,obs_318344322_photo_575337712_2,/share/ftrscape/image_dataset/obs_318344322_photo_575337712.jpg,/rs1/researchers/a/amallav/results/outputs_crop/obs_318344322_photo_575337712_box2.jpg,1617.848511,469.4072571,2005.867554,877.4448853,Valvata utahensis,0.041381247,2,Mopalia muscosa
obs_318344322_photo_575337712,obs_318344322_photo_575337712_2,/share/ftrscape/image_dataset/obs_318344322_photo_575337712.jpg,/rs1/researchers/a/amallav/results/outputs_crop/obs_318344322_photo_575337712_box2.jpg,1617.848511,469.4072571,2005.867554,877.4448853,Cicindela bellissima,0.025074879,2,Mopalia muscosa
obs_318344322_photo_575337712,obs_318344322_photo_575337712_2,/share/ftrscape/image_dataset/obs_318344322_photo_575337712.jpg,/rs1/researchers/a/amallav/results/outputs_crop/obs_318344322_photo_575337712_box2.jpg,1617.848511,469.4072571,2005.867554,877.4448853,Cicindela albissima,0.01884078,2,Mopalia muscosa
obs_318344322_photo_575337712,obs_318344322_photo_575337712_2,/share/ftrscape/image_dataset/obs_318344322_photo_575337712.jpg,/rs1/researchers/a/amallav/results/outputs_crop/obs_318344322_photo_575337712_box2.jpg,1617.848511,469.4072571,2005.867554,877.4448853,Skenea californica,0.01559443,2,Mopalia muscosa
obs_318344322_photo_575337712,obs_318344322_photo_575337712_2,/share/ftrscape/image_dataset/obs_318344322_photo_575337712.jpg,/rs1/researchers/a/amallav/results/outputs_crop/obs_318344322_photo_575337712_box2.jpg,1617.848511,469.4072571,2005.867554,877.4448853,Megalorchestia pugettensis,0.01548701,2,Mopalia muscosa
obs_318344322_photo_575337712,obs_318344322_photo_575337712_3,/share/ftrscape/image_dataset/obs_318344322_photo_575337712.jpg,/rs1/researchers/a/amallav/results/outputs_crop/obs_318344322_photo_575337712_box3.jpg,343.4554138,393.2303467,1168.579346,1294.430786,Notosaria nigricans,0.041775946,3,Mopalia muscosa
obs_318344322_photo_575337712,obs_318344322_photo_575337712_3,/share/ftrscape/image_dataset/obs_318344322_photo_575337712.jpg,/rs1/researchers/a/amallav/results/outputs_crop/obs_318344322_photo_575337712_box3.jpg,343.4554138,393.2303467,1168.579346,1294.430786,Perna canaliculus,0.036540914,3,Mopalia muscosa
obs_318344322_photo_575337712,obs_318344322_photo_575337712_3,/share/ftrscape/image_dataset/obs_318344322_photo_575337712.jpg,/rs1/researchers/a/amallav/results/outputs_crop/obs_318344322_photo_575337712_box3.jpg,343.4554138,393.2303467,1168.579346,1294.430786,Phragmatopoma virgini,0.02587346,3,Mopalia muscosa
obs_318344322_photo_575337712,obs_318344322_photo_575337712_3,/share/ftrscape/image_dataset/obs_318344322_photo_575337712.jpg,/rs1/researchers/a/amallav/results/outputs_crop/obs_318344322_photo_575337712_box3.jpg,343.4554138,393.2303467,1168.579346,1294.430786,Plaxiphora obtecta,0.016802561,3,Mopalia muscosa
obs_318344322_photo_575337712,obs_318344322_photo_575337712_3,/share/ftrscape/image_dataset/obs_318344322_photo_575337712.jpg,/rs1/researchers/a/amallav/results/outputs_crop/obs_318344322_photo_575337712_box3.jpg,343.4554138,393.2303467,1168.579346,1294.430786,Semimytilus patagonicus,0.016490901,3,Mopalia muscosa
obs_318344322_photo_575337712,obs_318344322_photo_575337712_4,/share/ftrscape/image_dataset/obs_318344322_photo_575337712.jpg,/rs1/researchers/a/amallav/results/outputs_crop/obs_318344322_photo_575337712_box4.jpg,1299.094604,666.7820435,1397.652466,796.5905762,Rissoella opalina,0.039937049,4,Mopalia muscosa
obs_318344322_photo_575337712,obs_318344322_photo_575337712_4,/share/ftrscape/image_dataset/obs_318344322_photo_575337712.jpg,/rs1/researchers/a/amallav/results/outputs_crop/obs_318344322_photo_575337712_box4.jpg,1299.094604,666.7820435,1397.652466,796.5905762,Rissoella inflata,0.015936604,4,Mopalia muscosa
obs_318344322_photo_575337712,obs_318344322_photo_575337712_4,/share/ftrscape/image_dataset/obs_318344322_photo_575337712.jpg,/rs1/researchers/a/amallav/results/outputs_crop/obs_318344322_photo_575337712_box4.jpg,1299.094604,666.7820435,1397.652466,796.5905762,Cecilioides veneta,0.015912062,4,Mopalia muscosa
obs_318344322_photo_575337712,obs_318344322_photo_575337712_4,/share/ftrscape/image_dataset/obs_318344322_photo_575337712.jpg,/rs1/researchers/a/amallav/results/outputs_crop/obs_318344322_photo_575337712_box4.jpg,1299.094604,666.7820435,1397.652466,796.5905762,Cecilioides acicula,0.014848429,4,Mopalia muscosa
obs_318344322_photo_575337712,obs_318344322_photo_575337712_4,/share/ftrscape/image_dataset/obs_318344322_photo_575337712.jpg,/rs1/researchers/a/amallav/results/outputs_crop/obs_318344322_photo_575337712_box4.jpg,1299.094604,666.7820435,1397.652466,796.5905762,Ascobulla fragilis,0.014410269,4,Mopalia muscosa
obs_318344322_photo_575337712,obs_318344322_photo_575337712_5,/share/ftrscape/image_dataset/obs_318344322_photo_575337712.jpg,/rs1/researchers/a/amallav/results/outputs_crop/obs_318344322_photo_575337712_box5.jpg,1298.383667,665.9803467,1398.440308,795.7993164,Rissoella opalina,0.043962937,5,Mopalia muscosa
obs_318344322_photo_575337712,obs_318344322_photo_575337712_5,/share/ftrscape/image_dataset/obs_318344322_photo_575337712.jpg,/rs1/researchers/a/amallav/results/outputs_crop/obs_318344322_photo_575337712_box5.jpg,1298.383667,665.9803467,1398.440308,795.7993164,Ascobulla fragilis,0.013568575,5,Mopalia muscosa
obs_318344322_photo_575337712,obs_318344322_photo_575337712_5,/share/ftrscape/image_dataset/obs_318344322_photo_575337712.jpg,/rs1/researchers/a/amallav/results/outputs_crop/obs_318344322_photo_575337712_box5.jpg,1298.383667,665.9803467,1398.440308,795.7993164,Rissoella inflata,0.013489715,5,Mopalia muscosa
obs_318344322_photo_575337712,obs_318344322_photo_575337712_5,/share/ftrscape/image_dataset/obs_318344322_photo_575337712.jpg,/rs1/researchers/a/amallav/results/outputs_crop/obs_318344322_photo_575337712_box5.jpg,1298.383667,665.9803467,1398.440308,795.7993164,Rissoella atlantica,0.012228387,5,Mopalia muscosa
obs_318344322_photo_575337712,obs_318344322_photo_575337712_5,/share/ftrscape/image_dataset/obs_318344322_photo_575337712.jpg,/rs1/researchers/a/amallav/results/outputs_crop/obs_318344322_photo_575337712_box5.jpg,1298.383667,665.9803467,1398.440308,795.7993164,Bolina alata,0.011619904,5,Mopalia muscosa
obs_318533969_photo_575706140,obs_318533969_photo_575706140_1,/share/ftrscape/image_dataset/obs_318533969_photo_575706140.jpg,/rs1/researchers/a/amallav/results/outputs_crop/obs_318533969_photo_575706140_box1.jpg,445.3550415,842.5984497,666.7947388,1011.266174,Striatoandricus tenuicornis,0.384292275,1,Phylloporia amplectens
obs_318533969_photo_575706140,obs_318533969_photo_575706140_1,/share/ftrscape/image_dataset/obs_318533969_photo_575706140.jpg,/rs1/researchers/a/amallav/results/outputs_crop/obs_318533969_photo_575706140_box1.jpg,445.3550415,842.5984497,666.7947388,1011.266174,Striatoandricus aciculatus,0.301487207,1,Phylloporia amplectens
obs_318533969_photo_575706140,obs_318533969_photo_575706140_1,/share/ftrscape/image_dataset/obs_318533969_photo_575706140.jpg,/rs1/researchers/a/amallav/results/outputs_crop/obs_318533969_photo_575706140_box1.jpg,445.3550415,842.5984497,666.7947388,1011.266174,Striatoandricus furnessulus,0.144677237,1,Phylloporia amplectens
obs_318533969_photo_575706140,obs_318533969_photo_575706140_1,/share/ftrscape/image_dataset/obs_318533969_photo_575706140.jpg,/rs1/researchers/a/amallav/results/outputs_crop/obs_318533969_photo_575706140_box1.jpg,445.3550415,842.5984497,666.7947388,1011.266174,Phylloporia amplectens,0.024041872,1,Phylloporia amplectens
obs_318533969_photo_575706140,obs_318533969_photo_575706140_1,/share/ftrscape/image_dataset/obs_318533969_photo_575706140.jpg,/rs1/researchers/a/amallav/results/outputs_crop/obs_318533969_photo_575706140_box1.jpg,445.3550415,842.5984497,666.7947388,1011.266174,Andricus conificus,0.013636914,1,Phylloporia amplectens
obs_318533969_photo_575706140,obs_318533969_photo_575706140_2,/share/ftrscape/image_dataset/obs_318533969_photo_575706140.jpg,/rs1/researchers/a/amallav/results/outputs_crop/obs_318533969_photo_575706140_box2.jpg,447.1721802,844.0311279,665.5780029,1010.520874,Striatoandricus tenuicornis,0.148749232,2,Phylloporia amplectens
obs_318533969_photo_575706140,obs_318533969_photo_575706140_2,/share/ftrscape/image_dataset/obs_318533969_photo_575706140.jpg,/rs1/researchers/a/amallav/results/outputs_crop/obs_318533969_photo_575706140_box2.jpg,447.1721802,844.0311279,665.5780029,1010.520874,Striatoandricus aciculatus,0.105522461,2,Phylloporia amplectens
obs_318533969_photo_575706140,obs_318533969_photo_575706140_2,/share/ftrscape/image_dataset/obs_318533969_photo_575706140.jpg,/rs1/researchers/a/amallav/results/outputs_crop/obs_318533969_photo_575706140_box2.jpg,447.1721802,844.0311279,665.5780029,1010.520874,Striatoandricus furnessulus,0.098860301,2,Phylloporia amplectens
obs_318533969_photo_575706140,obs_318533969_photo_575706140_2,/share/ftrscape/image_dataset/obs_318533969_photo_575706140.jpg,/rs1/researchers/a/amallav/results/outputs_crop/obs_318533969_photo_575706140_box2.jpg,447.1721802,844.0311279,665.5780029,1010.520874,Andricus galeatus,0.07552693,2,Phylloporia amplectens
obs_318533969_photo_575706140,obs_318533969_photo_575706140_2,/share/ftrscape/image_dataset/obs_318533969_photo_575706140.jpg,/rs1/researchers/a/amallav/results/outputs_crop/obs_318533969_photo_575706140_box2.jpg,447.1721802,844.0311279,665.5780029,1010.520874,Andricus conificus,0.065698594,2,Phylloporia amplectens
obs_319669394_photo_577875426,obs_319669394_photo_577875426_1,/share/ftrscape/image_dataset/obs_319669394_photo_577875426.jpg,/rs1/researchers/a/amallav/results/outputs_crop/obs_319669394_photo_577875426_box1.jpg,5.555648804,6.688537598,1528.4646,2043.109863,Coleosporium elephantopodis,0.42877382,1,Coleosporium ipomoeae
obs_319669394_photo_577875426,obs_319669394_photo_577875426_1,/share/ftrscape/image_dataset/obs_319669394_photo_577875426.jpg,/rs1/researchers/a/amallav/results/outputs_crop/obs_319669394_photo_577875426_box1.jpg,5.555648804,6.688537598,1528.4646,2043.109863,Coleosporium plumeriae,0.039519012,1,Coleosporium ipomoeae
obs_319669394_photo_577875426,obs_319669394_photo_577875426_1,/share/ftrscape/image_dataset/obs_319669394_photo_577875426.jpg,/rs1/researchers/a/amallav/results/outputs_crop/obs_319669394_photo_577875426_box1.jpg,5.555648804,6.688537598,1528.4646,2043.109863,Coleosporium asterum,0.030725121,1,Coleosporium ipomoeae
obs_319669394_photo_577875426,obs_319669394_photo_577875426_1,/share/ftrscape/image_dataset/obs_319669394_photo_577875426.jpg,/rs1/researchers/a/amallav/results/outputs_crop/obs_319669394_photo_577875426_box1.jpg,5.555648804,6.688537598,1528.4646,2043.109863,Mikronegeria fuchsiae,0.030580124,1,Coleosporium ipomoeae
obs_319669394_photo_577875426,obs_319669394_photo_577875426_1,/share/ftrscape/image_dataset/obs_319669394_photo_577875426.jpg,/rs1/researchers/a/amallav/results/outputs_crop/obs_319669394_photo_577875426_box1.jpg,5.555648804,6.688537598,1528.4646,2043.109863,Coleosporium helianthi,0.027711915,1,Coleosporium ipomoeae
obs_319669394_photo_577875426,obs_319669394_photo_577875426_2,/share/ftrscape/image_dataset/obs_319669394_photo_577875426.jpg,/rs1/researchers/a/amallav/results/outputs_crop/obs_319669394_photo_577875426_box2.jpg,977.2095337,200.8657074,1099.045654,325.6390991,Hymeniacidon perlevis,0.066671945,2,Coleosporium ipomoeae
obs_319669394_photo_577875426,obs_319669394_photo_577875426_2,/share/ftrscape/image_dataset/obs_319669394_photo_577875426.jpg,/rs1/researchers/a/amallav/results/outputs_crop/obs_319669394_photo_577875426_box2.jpg,977.2095337,200.8657074,1099.045654,325.6390991,Tethya actinia,0.046703164,2,Coleosporium ipomoeae
obs_319669394_photo_577875426,obs_319669394_photo_577875426_2,/share/ftrscape/image_dataset/obs_319669394_photo_577875426.jpg,/rs1/researchers/a/amallav/results/outputs_crop/obs_319669394_photo_577875426_box2.jpg,977.2095337,200.8657074,1099.045654,325.6390991,Adreus australiensis,0.043366391,2,Coleosporium ipomoeae
obs_319669394_photo_577875426,obs_319669394_photo_577875426_2,/share/ftrscape/image_dataset/obs_319669394_photo_577875426.jpg,/rs1/researchers/a/amallav/results/outputs_crop/obs_319669394_photo_577875426_box2.jpg,977.2095337,200.8657074,1099.045654,325.6390991,Cnemidocarpa verrucosa,0.03758435,2,Coleosporium ipomoeae
obs_319669394_photo_577875426,obs_319669394_photo_577875426_2,/share/ftrscape/image_dataset/obs_319669394_photo_577875426.jpg,/rs1/researchers/a/amallav/results/outputs_crop/obs_319669394_photo_577875426_box2.jpg,977.2095337,200.8657074,1099.045654,325.6390991,Stylissa massa,0.015049356,2,Coleosporium ipomoeae
obs_319669394_photo_577875426,obs_319669394_photo_577875426_3,/share/ftrscape/image_dataset/obs_319669394_photo_577875426.jpg,/rs1/researchers/a/amallav/results/outputs_crop/obs_319669394_photo_577875426_box3.jpg,948.899292,778.3270874,1049.999146,884.5316772,Cliona dioryssa,0.030303899,3,Coleosporium ipomoeae
obs_319669394_photo_577875426,obs_319669394_photo_577875426_3,/share/ftrscape/image_dataset/obs_319669394_photo_577875426.jpg,/rs1/researchers/a/amallav/results/outputs_crop/obs_319669394_photo_577875426_box3.jpg,948.899292,778.3270874,1049.999146,884.5316772,Cliona celata,0.026965188,3,Coleosporium ipomoeae
obs_319669394_photo_577875426,obs_319669394_photo_577875426_3,/share/ftrscape/image_dataset/obs_319669394_photo_577875426.jpg,/rs1/researchers/a/amallav/results/outputs_crop/obs_319669394_photo_577875426_box3.jpg,948.899292,778.3270874,1049.999146,884.5316772,Cinachyrella alloclada,0.021203361,3,Coleosporium ipomoeae
obs_319669394_photo_577875426,obs_319669394_photo_577875426_3,/share/ftrscape/image_dataset/obs_319669394_photo_577875426.jpg,/rs1/researchers/a/amallav/results/outputs_crop/obs_319669394_photo_577875426_box3.jpg,948.899292,778.3270874,1049.999146,884.5316772,Cinachyrella apion,0.020820396,3,Coleosporium ipomoeae
obs_319669394_photo_577875426,obs_319669394_photo_577875426_3,/share/ftrscape/image_dataset/obs_319669394_photo_577875426.jpg,/rs1/researchers/a/amallav/results/outputs_crop/obs_319669394_photo_577875426_box3.jpg,948.899292,778.3270874,1049.999146,884.5316772,Cliona vermifera,0.018848302,3,Coleosporium ipomoeae
obs_321389820_photo_581234419,obs_321389820_photo_581234419_1,/share/ftrscape/image_dataset/obs_321389820_photo_581234419.jpg,/rs1/researchers/a/amallav/results/outputs_crop/obs_321389820_photo_581234419_box1.jpg,580.0588989,309.0257568,1344.682983,877.0233154,Somateria mollissima,0.92704165,1,Echinus esculentus
obs_321389820_photo_581234419,obs_321389820_photo_581234419_1,/share/ftrscape/image_dataset/obs_321389820_photo_581234419.jpg,/rs1/researchers/a/amallav/results/outputs_crop/obs_321389820_photo_581234419_box1.jpg,580.0588989,309.0257568,1344.682983,877.0233154,Somateria spectabilis,0.023651332,1,Echinus esculentus
obs_321389820_photo_581234419,obs_321389820_photo_581234419_1,/share/ftrscape/image_dataset/obs_321389820_photo_581234419.jpg,/rs1/researchers/a/amallav/results/outputs_crop/obs_321389820_photo_581234419_box1.jpg,580.0588989,309.0257568,1344.682983,877.0233154,Polysticta stelleri,0.003079129,1,Echinus esculentus
obs_321389820_photo_581234419,obs_321389820_photo_581234419_1,/share/ftrscape/image_dataset/obs_321389820_photo_581234419.jpg,/rs1/researchers/a/amallav/results/outputs_crop/obs_321389820_photo_581234419_box1.jpg,580.0588989,309.0257568,1344.682983,877.0233154,Pholis gunnellus,0.000801916,1,Echinus esculentus
obs_321389820_photo_581234419,obs_321389820_photo_581234419_1,/share/ftrscape/image_dataset/obs_321389820_photo_581234419.jpg,/rs1/researchers/a/amallav/results/outputs_crop/obs_321389820_photo_581234419_box1.jpg,580.0588989,309.0257568,1344.682983,877.0233154,Somateria fischeri,0.000598997,1,Echinus esculentus
obs_323944435_photo_586236533,obs_323944435_photo_586236533_1,/share/ftrscape/image_dataset/obs_323944435_photo_586236533.jpg,/rs1/researchers/a/amallav/results/outputs_crop/obs_323944435_photo_586236533_box1.jpg,739.8729248,235.510376,1155.448853,605.1259155,Gymnosporangium juniperi-virginianae,0.948143542,1,Gymnosporangium juniperi-virginianae
obs_323944435_photo_586236533,obs_323944435_photo_586236533_1,/share/ftrscape/image_dataset/obs_323944435_photo_586236533.jpg,/rs1/researchers/a/amallav/results/outputs_crop/obs_323944435_photo_586236533_box1.jpg,739.8729248,235.510376,1155.448853,605.1259155,Gymnosporangium aurantiacum,0.002965807,1,Gymnosporangium juniperi-virginianae
obs_323944435_photo_586236533,obs_323944435_photo_586236533_1,/share/ftrscape/image_dataset/obs_323944435_photo_586236533.jpg,/rs1/researchers/a/amallav/results/outputs_crop/obs_323944435_photo_586236533_box1.jpg,739.8729248,235.510376,1155.448853,605.1259155,Gymnosporangium clavipes,0.002843888,1,Gymnosporangium juniperi-virginianae
obs_323944435_photo_586236533,obs_323944435_photo_586236533_1,/share/ftrscape/image_dataset/obs_323944435_photo_586236533.jpg,/rs1/researchers/a/amallav/results/outputs_crop/obs_323944435_photo_586236533_box1.jpg,739.8729248,235.510376,1155.448853,605.1259155,Gymnosporangium cupressi,0.002603037,1,Gymnosporangium juniperi-virginianae
obs_323944435_photo_586236533,obs_323944435_photo_586236533_1,/share/ftrscape/image_dataset/obs_323944435_photo_586236533.jpg,/rs1/researchers/a/amallav/results/outputs_crop/obs_323944435_photo_586236533_box1.jpg,739.8729248,235.510376,1155.448853,605.1259155,Monilinia corni,0.001445617,1,Gymnosporangium juniperi-virginianae
obs_323944435_photo_586236533,obs_323944435_photo_586236533_2,/share/ftrscape/image_dataset/obs_323944435_photo_586236533.jpg,/rs1/researchers/a/amallav/results/outputs_crop/obs_323944435_photo_586236533_box2.jpg,886.4537964,871.5012207,1176.776245,1174.360474,Gymnosporangium juniperi-virginianae,0.873410046,2,Gymnosporangium juniperi-virginianae
obs_323944435_photo_586236533,obs_323944435_photo_586236533_2,/share/ftrscape/image_dataset/obs_323944435_photo_586236533.jpg,/rs1/researchers/a/amallav/results/outputs_crop/obs_323944435_photo_586236533_box2.jpg,886.4537964,871.5012207,1176.776245,1174.360474,Gymnosporangium clavipes,0.011348637,2,Gymnosporangium juniperi-virginianae
obs_323944435_photo_586236533,obs_323944435_photo_586236533_2,/share/ftrscape/image_dataset/obs_323944435_photo_586236533.jpg,/rs1/researchers/a/amallav/results/outputs_crop/obs_323944435_photo_586236533_box2.jpg,886.4537964,871.5012207,1176.776245,1174.360474,Monilinia corni,0.007199557,2,Gymnosporangium juniperi-virginianae
obs_323944435_photo_586236533,obs_323944435_photo_586236533_2,/share/ftrscape/image_dataset/obs_323944435_photo_586236533.jpg,/rs1/researchers/a/amallav/results/outputs_crop/obs_323944435_photo_586236533_box2.jpg,886.4537964,871.5012207,1176.776245,1174.360474,Gymnosporangium aurantiacum,0.005715603,2,Gymnosporangium juniperi-virginianae
obs_323944435_photo_586236533,obs_323944435_photo_586236533_2,/share/ftrscape/image_dataset/obs_323944435_photo_586236533.jpg,/rs1/researchers/a/amallav/results/outputs_crop/obs_323944435_photo_586236533_box2.jpg,886.4537964,871.5012207,1176.776245,1174.360474,Gymnosporangium floriforme,0.005189842,2,Gymnosporangium juniperi-virginianae
obs_323944435_photo_586236533,obs_323944435_photo_586236533_3,/share/ftrscape/image_dataset/obs_323944435_photo_586236533.jpg,/rs1/researchers/a/amallav/results/outputs_crop/obs_323944435_photo_586236533_box3.jpg,742.3627319,237.6476593,1155.550171,607.5614624,Gymnosporangium juniperi-virginianae,0.948548377,3,Gymnosporangium juniperi-virginianae
obs_323944435_photo_586236533,obs_323944435_photo_586236533_3,/share/ftrscape/image_dataset/obs_323944435_photo_586236533.jpg,/rs1/researchers/a/amallav/results/outputs_crop/obs_323944435_photo_586236533_box3.jpg,742.3627319,237.6476593,1155.550171,607.5614624,Gymnosporangium clavipes,0.003619062,3,Gymnosporangium juniperi-virginianae
obs_323944435_photo_586236533,obs_323944435_photo_586236533_3,/share/ftrscape/image_dataset/obs_323944435_photo_586236533.jpg,/rs1/researchers/a/amallav/results/outputs_crop/obs_323944435_photo_586236533_box3.jpg,742.3627319,237.6476593,1155.550171,607.5614624,Gymnosporangium aurantiacum,0.003582115,3,Gymnosporangium juniperi-virginianae
obs_323944435_photo_586236533,obs_323944435_photo_586236533_3,/share/ftrscape/image_dataset/obs_323944435_photo_586236533.jpg,/rs1/researchers/a/amallav/results/outputs_crop/obs_323944435_photo_586236533_box3.jpg,742.3627319,237.6476593,1155.550171,607.5614624,Gymnosporangium cupressi,0.00285953,3,Gymnosporangium juniperi-virginianae
obs_323944435_photo_586236533,obs_323944435_photo_586236533_3,/share/ftrscape/image_dataset/obs_323944435_photo_586236533.jpg,/rs1/researchers/a/amallav/results/outputs_crop/obs_323944435_photo_586236533_box3.jpg,742.3627319,237.6476593,1155.550171,607.5614624,Gymnosporangium multiporum,0.001506614,3,Gymnosporangium juniperi-virginianae
obs_325267824_photo_588882003,obs_325267824_photo_588882003_1,/share/ftrscape/image_dataset/obs_325267824_photo_588882003.jpg,/rs1/researchers/a/amallav/results/outputs_crop/obs_325267824_photo_588882003_box1.jpg,809.3554688,396.5927124,1299.871582,1087.572021,Harmonia axyridis,0.67985034,1,Iflavirus dinococcinellae
obs_325267824_photo_588882003,obs_325267824_photo_588882003_1,/share/ftrscape/image_dataset/obs_325267824_photo_588882003.jpg,/rs1/researchers/a/amallav/results/outputs_crop/obs_325267824_photo_588882003_box1.jpg,809.3554688,396.5927124,1299.871582,1087.572021,Hesperomyces harmoniae,0.083096065,1,Iflavirus dinococcinellae
obs_325267824_photo_588882003,obs_325267824_photo_588882003_1,/share/ftrscape/image_dataset/obs_325267824_photo_588882003.jpg,/rs1/researchers/a/amallav/results/outputs_crop/obs_325267824_photo_588882003_box1.jpg,809.3554688,396.5927124,1299.871582,1087.572021,Dinocampus coccinellae,0.028218569,1,Iflavirus dinococcinellae
obs_325267824_photo_588882003,obs_325267824_photo_588882003_1,/share/ftrscape/image_dataset/obs_325267824_photo_588882003.jpg,/rs1/researchers/a/amallav/results/outputs_crop/obs_325267824_photo_588882003_box1.jpg,809.3554688,396.5927124,1299.871582,1087.572021,Hesperomyces virescens,0.021662852,1,Iflavirus dinococcinellae
obs_325267824_photo_588882003,obs_325267824_photo_588882003_1,/share/ftrscape/image_dataset/obs_325267824_photo_588882003.jpg,/rs1/researchers/a/amallav/results/outputs_crop/obs_325267824_photo_588882003_box1.jpg,809.3554688,396.5927124,1299.871582,1087.572021,Harmonia yedoensis,0.012551662,1,Iflavirus dinococcinellae
obs_325625055_photo_589595206,obs_325625055_photo_589595206_1,/share/ftrscape/image_dataset/obs_325625055_photo_589595206.jpg,/rs1/researchers/a/amallav/results/outputs_crop/obs_325625055_photo_589595206_box1.jpg,245.7158813,7.737030029,1885.490234,1526.76001,Asimina triloba,0.058898903,1,Mycocentrospora asiminae
obs_325625055_photo_589595206,obs_325625055_photo_589595206_1,/share/ftrscape/image_dataset/obs_325625055_photo_589595206.jpg,/rs1/researchers/a/amallav/results/outputs_crop/obs_325625055_photo_589595206_box1.jpg,245.7158813,7.737030029,1885.490234,1526.76001,Erysiphe caryae,0.034651041,1,Mycocentrospora asiminae
obs_325625055_photo_589595206,obs_325625055_photo_589595206_1,/share/ftrscape/image_dataset/obs_325625055_photo_589595206.jpg,/rs1/researchers/a/amallav/results/outputs_crop/obs_325625055_photo_589595206_box1.jpg,245.7158813,7.737030029,1885.490234,1526.76001,Gnomonia caryae,0.031661779,1,Mycocentrospora asiminae
obs_325625055_photo_589595206,obs_325625055_photo_589595206_1,/share/ftrscape/image_dataset/obs_325625055_photo_589595206.jpg,/rs1/researchers/a/amallav/results/outputs_crop/obs_325625055_photo_589595206_box1.jpg,245.7158813,7.737030029,1885.490234,1526.76001,Pollaccia americana,0.031243287,1,Mycocentrospora asiminae
obs_325625055_photo_589595206,obs_325625055_photo_589595206_1,/share/ftrscape/image_dataset/obs_325625055_photo_589595206.jpg,/rs1/researchers/a/amallav/results/outputs_crop/obs_325625055_photo_589595206_box1.jpg,245.7158813,7.737030029,1885.490234,1526.76001,Septobasidium fraxini,0.021045322,1,Mycocentrospora asiminae
obs_325625055_photo_589595206,obs_325625055_photo_589595206_2,/share/ftrscape/image_dataset/obs_325625055_photo_589595206.jpg,/rs1/researchers/a/amallav/results/outputs_crop/obs_325625055_photo_589595206_box2.jpg,276.9205017,2.456771851,1201.558105,1523.347778,Asimina triloba,0.059145298,2,Mycocentrospora asiminae
obs_325625055_photo_589595206,obs_325625055_photo_589595206_2,/share/ftrscape/image_dataset/obs_325625055_photo_589595206.jpg,/rs1/researchers/a/amallav/results/outputs_crop/obs_325625055_photo_589595206_box2.jpg,276.9205017,2.456771851,1201.558105,1523.347778,Gnomonia caryae,0.038437281,2,Mycocentrospora asiminae
obs_325625055_photo_589595206,obs_325625055_photo_589595206_2,/share/ftrscape/image_dataset/obs_325625055_photo_589595206.jpg,/rs1/researchers/a/amallav/results/outputs_crop/obs_325625055_photo_589595206_box2.jpg,276.9205017,2.456771851,1201.558105,1523.347778,Mycosphaerella fraxinicola,0.024091637,2,Mycocentrospora asiminae
obs_325625055_photo_589595206,obs_325625055_photo_589595206_2,/share/ftrscape/image_dataset/obs_325625055_photo_589595206.jpg,/rs1/researchers/a/amallav/results/outputs_crop/obs_325625055_photo_589595206_box2.jpg,276.9205017,2.456771851,1201.558105,1523.347778,Plagiostoma fraxini,0.022975603,2,Mycocentrospora asiminae
obs_325625055_photo_589595206,obs_325625055_photo_589595206_2,/share/ftrscape/image_dataset/obs_325625055_photo_589595206.jpg,/rs1/researchers/a/amallav/results/outputs_crop/obs_325625055_photo_589595206_box2.jpg,276.9205017,2.456771851,1201.558105,1523.347778,Erysiphe caryae,0.014346316,2,Mycocentrospora asiminae
obs_325625055_photo_589595206,obs_325625055_photo_589595206_3,/share/ftrscape/image_dataset/obs_325625055_photo_589595206.jpg,/rs1/researchers/a/amallav/results/outputs_crop/obs_325625055_photo_589595206_box3.jpg,14.29162598,6.155731201,2032.20459,1525.54126,Asimina triloba,0.296676904,3,Mycocentrospora asiminae
obs_325625055_photo_589595206,obs_325625055_photo_589595206_3,/share/ftrscape/image_dataset/obs_325625055_photo_589595206.jpg,/rs1/researchers/a/amallav/results/outputs_crop/obs_325625055_photo_589595206_box3.jpg,14.29162598,6.155731201,2032.20459,1525.54126,Rhytisma decolorans,0.027638024,3,Mycocentrospora asiminae
obs_325625055_photo_589595206,obs_325625055_photo_589595206_3,/share/ftrscape/image_dataset/obs_325625055_photo_589595206.jpg,/rs1/researchers/a/amallav/results/outputs_crop/obs_325625055_photo_589595206_box3.jpg,14.29162598,6.155731201,2032.20459,1525.54126,Erysiphe caryae,0.019133642,3,Mycocentrospora asiminae
obs_325625055_photo_589595206,obs_325625055_photo_589595206_3,/share/ftrscape/image_dataset/obs_325625055_photo_589595206.jpg,/rs1/researchers/a/amallav/results/outputs_crop/obs_325625055_photo_589595206_box3.jpg,14.29162598,6.155731201,2032.20459,1525.54126,Coptodisca diospyriella,0.016364247,3,Mycocentrospora asiminae
obs_325625055_photo_589595206,obs_325625055_photo_589595206_3,/share/ftrscape/image_dataset/obs_325625055_photo_589595206.jpg,/rs1/researchers/a/amallav/results/outputs_crop/obs_325625055_photo_589595206_box3.jpg,14.29162598,6.155731201,2032.20459,1525.54126,Pollaccia americana,0.015145888,3,Mycocentrospora asiminae
obs_325625055_photo_589595206,obs_325625055_photo_589595206_4,/share/ftrscape/image_dataset/obs_325625055_photo_589595206.jpg,/rs1/researchers/a/amallav/results/outputs_crop/obs_325625055_photo_589595206_box4.jpg,963.2755127,11.358078,1892.752563,1522.343994,Asimina triloba,0.213492915,4,Mycocentrospora asiminae
obs_325625055_photo_589595206,obs_325625055_photo_589595206_4,/share/ftrscape/image_dataset/obs_325625055_photo_589595206.jpg,/rs1/researchers/a/amallav/results/outputs_crop/obs_325625055_photo_589595206_box4.jpg,963.2755127,11.358078,1892.752563,1522.343994,Erysiphe caryae,0.056265678,4,Mycocentrospora asiminae
obs_325625055_photo_589595206,obs_325625055_photo_589595206_4,/share/ftrscape/image_dataset/obs_325625055_photo_589595206.jpg,/rs1/researchers/a/amallav/results/outputs_crop/obs_325625055_photo_589595206_box4.jpg,963.2755127,11.358078,1892.752563,1522.343994,Phyllosticta podophylli,0.036788054,4,Mycocentrospora asiminae
obs_325625055_photo_589595206,obs_325625055_photo_589595206_4,/share/ftrscape/image_dataset/obs_325625055_photo_589595206.jpg,/rs1/researchers/a/amallav/results/outputs_crop/obs_325625055_photo_589595206_box4.jpg,963.2755127,11.358078,1892.752563,1522.343994,Coptodisca diospyriella,0.031944219,4,Mycocentrospora asiminae
obs_325625055_photo_589595206,obs_325625055_photo_589595206_4,/share/ftrscape/image_dataset/obs_325625055_photo_589595206.jpg,/rs1/researchers/a/amallav/results/outputs_crop/obs_325625055_photo_589595206_box4.jpg,963.2755127,11.358078,1892.752563,1522.343994,Gnomonia caryae,0.02432915,4,Mycocentrospora asiminae
obs_325625055_photo_589595206,obs_325625055_photo_589595206_5,/share/ftrscape/image_dataset/obs_325625055_photo_589595206.jpg,/rs1/researchers/a/amallav/results/outputs_crop/obs_325625055_photo_589595206_box5.jpg,917.1177368,679.4875488,1057.767822,839.7530518,Pseudoidium vincae,0.05593681,5,Mycocentrospora asiminae
obs_325625055_photo_589595206,obs_325625055_photo_589595206_5,/share/ftrscape/image_dataset/obs_325625055_photo_589595206.jpg,/rs1/researchers/a/amallav/results/outputs_crop/obs_325625055_photo_589595206_box5.jpg,917.1177368,679.4875488,1057.767822,839.7530518,Pseudocercospora ilicis,0.037550759,5,Mycocentrospora asiminae
obs_325625055_photo_589595206,obs_325625055_photo_589595206_5,/share/ftrscape/image_dataset/obs_325625055_photo_589595206.jpg,/rs1/researchers/a/amallav/results/outputs_crop/obs_325625055_photo_589595206_box5.jpg,917.1177368,679.4875488,1057.767822,839.7530518,Phacidium italicum,0.03456014,5,Mycocentrospora asiminae
obs_325625055_photo_589595206,obs_325625055_photo_589595206_5,/share/ftrscape/image_dataset/obs_325625055_photo_589595206.jpg,/rs1/researchers/a/amallav/results/outputs_crop/obs_325625055_photo_589595206_box5.jpg,917.1177368,679.4875488,1057.767822,839.7530518,Phytomyza ilicis,0.021176217,5,Mycocentrospora asiminae
obs_325625055_photo_589595206,obs_325625055_photo_589595206_5,/share/ftrscape/image_dataset/obs_325625055_photo_589595206.jpg,/rs1/researchers/a/amallav/results/outputs_crop/obs_325625055_photo_589595206_box5.jpg,917.1177368,679.4875488,1057.767822,839.7530518,Xylella fastidiosa,0.019808402,5,Mycocentrospora asiminae
obs_326876805_photo_592092171,obs_326876805_photo_592092171_1,/share/ftrscape/image_dataset/obs_326876805_photo_592092171.jpg,/rs1/researchers/a/amallav/results/outputs_crop/obs_326876805_photo_592092171_box1.jpg,374.4545288,546.0410767,1183.628418,1416.727295,Rhytisma acerinum,0.613014877,1,Rhytisma acerinum
obs_326876805_photo_592092171,obs_326876805_photo_592092171_1,/share/ftrscape/image_dataset/obs_326876805_photo_592092171.jpg,/rs1/researchers/a/amallav/results/outputs_crop/obs_326876805_photo_592092171_box1.jpg,374.4545288,546.0410767,1183.628418,1416.727295,Rhytisma americanum,0.028491842,1,Rhytisma acerinum
obs_326876805_photo_592092171,obs_326876805_photo_592092171_1,/share/ftrscape/image_dataset/obs_326876805_photo_592092171.jpg,/rs1/researchers/a/amallav/results/outputs_crop/obs_326876805_photo_592092171_box1.jpg,374.4545288,546.0410767,1183.628418,1416.727295,Phyllachora maydis,0.026749074,1,Rhytisma acerinum
obs_326876805_photo_592092171,obs_326876805_photo_592092171_1,/share/ftrscape/image_dataset/obs_326876805_photo_592092171.jpg,/rs1/researchers/a/amallav/results/outputs_crop/obs_326876805_photo_592092171_box1.jpg,374.4545288,546.0410767,1183.628418,1416.727295,Rhytisma punctatum,0.02350408,1,Rhytisma acerinum
obs_326876805_photo_592092171,obs_326876805_photo_592092171_1,/share/ftrscape/image_dataset/obs_326876805_photo_592092171.jpg,/rs1/researchers/a/amallav/results/outputs_crop/obs_326876805_photo_592092171_box1.jpg,374.4545288,546.0410767,1183.628418,1416.727295,Rhytisma decolorans,0.007693557,1,Rhytisma acerinum
obs_326876805_photo_592092171,obs_326876805_photo_592092171_2,/share/ftrscape/image_dataset/obs_326876805_photo_592092171.jpg,/rs1/researchers/a/amallav/results/outputs_crop/obs_326876805_photo_592092171_box2.jpg,377.1018677,543.1817627,1179.619873,1425.606812,Rhytisma acerinum,0.691085577,2,Rhytisma acerinum
obs_326876805_photo_592092171,obs_326876805_photo_592092171_2,/share/ftrscape/image_dataset/obs_326876805_photo_592092171.jpg,/rs1/researchers/a/amallav/results/outputs_crop/obs_326876805_photo_592092171_box2.jpg,377.1018677,543.1817627,1179.619873,1425.606812,Rhytisma americanum,0.044569291,2,Rhytisma acerinum
obs_326876805_photo_592092171,obs_326876805_photo_592092171_2,/share/ftrscape/image_dataset/obs_326876805_photo_592092171.jpg,/rs1/researchers/a/amallav/results/outputs_crop/obs_326876805_photo_592092171_box2.jpg,377.1018677,543.1817627,1179.619873,1425.606812,Rhytisma punctatum,0.019852184,2,Rhytisma acerinum
obs_326876805_photo_592092171,obs_326876805_photo_592092171_2,/share/ftrscape/image_dataset/obs_326876805_photo_592092171.jpg,/rs1/researchers/a/amallav/results/outputs_crop/obs_326876805_photo_592092171_box2.jpg,377.1018677,543.1817627,1179.619873,1425.606812,Phyllachora maydis,0.01816174,2,Rhytisma acerinum
obs_326876805_photo_592092171,obs_326876805_photo_592092171_2,/share/ftrscape/image_dataset/obs_326876805_photo_592092171.jpg,/rs1/researchers/a/amallav/results/outputs_crop/obs_326876805_photo_592092171_box2.jpg,377.1018677,543.1817627,1179.619873,1425.606812,Rhytisma asteris,0.006899627,2,Rhytisma acerinum
obs_326876805_photo_592092171,obs_326876805_photo_592092171_3,/share/ftrscape/image_dataset/obs_326876805_photo_592092171.jpg,/rs1/researchers/a/amallav/results/outputs_crop/obs_326876805_photo_592092171_box3.jpg,374.3009644,544.8266602,1183.826416,1417.535156,Rhytisma acerinum,0.547039092,3,Rhytisma acerinum
obs_326876805_photo_592092171,obs_326876805_photo_592092171_3,/share/ftrscape/image_dataset/obs_326876805_photo_592092171.jpg,/rs1/researchers/a/amallav/results/outputs_crop/obs_326876805_photo_592092171_box3.jpg,374.3009644,544.8266602,1183.826416,1417.535156,Phyllachora maydis,0.027284555,3,Rhytisma acerinum
obs_326876805_photo_592092171,obs_326876805_photo_592092171_3,/share/ftrscape/image_dataset/obs_326876805_photo_592092171.jpg,/rs1/researchers/a/amallav/results/outputs_crop/obs_326876805_photo_592092171_box3.jpg,374.3009644,544.8266602,1183.826416,1417.535156,Rhytisma americanum,0.025450831,3,Rhytisma acerinum
obs_326876805_photo_592092171,obs_326876805_photo_592092171_3,/share/ftrscape/image_dataset/obs_326876805_photo_592092171.jpg,/rs1/researchers/a/amallav/results/outputs_crop/obs_326876805_photo_592092171_box3.jpg,374.3009644,544.8266602,1183.826416,1417.535156,Rhytisma punctatum,0.019011827,3,Rhytisma acerinum
obs_326876805_photo_592092171,obs_326876805_photo_592092171_3,/share/ftrscape/image_dataset/obs_326876805_photo_592092171.jpg,/rs1/researchers/a/amallav/results/outputs_crop/obs_326876805_photo_592092171_box3.jpg,374.3009644,544.8266602,1183.826416,1417.535156,Asteroma alneum,0.009513618,3,Rhytisma acerinum
obs_326876805_photo_592092171,obs_326876805_photo_592092171_4,/share/ftrscape/image_dataset/obs_326876805_photo_592092171.jpg,/rs1/researchers/a/amallav/results/outputs_crop/obs_326876805_photo_592092171_box4.jpg,727.0363159,867.3410645,903.0130005,1117.75061,Eutypella quaternata,0.076929599,4,Rhytisma acerinum
obs_326876805_photo_592092171,obs_326876805_photo_592092171_4,/share/ftrscape/image_dataset/obs_326876805_photo_592092171.jpg,/rs1/researchers/a/amallav/results/outputs_crop/obs_326876805_photo_592092171_box4.jpg,727.0363159,867.3410645,903.0130005,1117.75061,Cryptovalsa sassafras,0.0397004,4,Rhytisma acerinum
obs_326876805_photo_592092171,obs_326876805_photo_592092171_4,/share/ftrscape/image_dataset/obs_326876805_photo_592092171.jpg,/rs1/researchers/a/amallav/results/outputs_crop/obs_326876805_photo_592092171_box4.jpg,727.0363159,867.3410645,903.0130005,1117.75061,Eutypella portoricensis,0.025024975,4,Rhytisma acerinum
obs_326876805_photo_592092171,obs_326876805_photo_592092171_4,/share/ftrscape/image_dataset/obs_326876805_photo_592092171.jpg,/rs1/researchers/a/amallav/results/outputs_crop/obs_326876805_photo_592092171_box4.jpg,727.0363159,867.3410645,903.0130005,1117.75061,Lopadostoma formosum,0.022949673,4,Rhytisma acerinum
obs_326876805_photo_592092171,obs_326876805_photo_592092171_4,/share/ftrscape/image_dataset/obs_326876805_photo_592092171.jpg,/rs1/researchers/a/amallav/results/outputs_crop/obs_326876805_photo_592092171_box4.jpg,727.0363159,867.3410645,903.0130005,1117.75061,Eutypa spinosa,0.015119702,4,Rhytisma acerinum
obs_326876805_photo_592092171,obs_326876805_photo_592092171_5,/share/ftrscape/image_dataset/obs_326876805_photo_592092171.jpg,/rs1/researchers/a/amallav/results/outputs_crop/obs_326876805_photo_592092171_box5.jpg,879.2423096,1082.207642,1181.913696,1325.627319,Lopadostoma formosum,0.050717443,5,Rhytisma acerinum
obs_326876805_photo_592092171,obs_326876805_photo_592092171_5,/share/ftrscape/image_dataset/obs_326876805_photo_592092171.jpg,/rs1/researchers/a/amallav/results/outputs_crop/obs_326876805_photo_592092171_box5.jpg,879.2423096,1082.207642,1181.913696,1325.627319,Camillea tinctor,0.028180091,5,Rhytisma acerinum
obs_326876805_photo_592092171,obs_326876805_photo_592092171_5,/share/ftrscape/image_dataset/obs_326876805_photo_592092171.jpg,/rs1/researchers/a/amallav/results/outputs_crop/obs_326876805_photo_592092171_box5.jpg,879.2423096,1082.207642,1181.913696,1325.627319,Annulohypoxylon atroroseum,0.019241506,5,Rhytisma acerinum
obs_326876805_photo_592092171,obs_326876805_photo_592092171_5,/share/ftrscape/image_dataset/obs_326876805_photo_592092171.jpg,/rs1/researchers/a/amallav/results/outputs_crop/obs_326876805_photo_592092171_box5.jpg,879.2423096,1082.207642,1181.913696,1325.627319,Hypoxylon macrosporum,0.013151333,5,Rhytisma acerinum
obs_326876805_photo_592092171,obs_326876805_photo_592092171_5,/share/ftrscape/image_dataset/obs_326876805_photo_592092171.jpg,/rs1/researchers/a/amallav/results/outputs_crop/obs_326876805_photo_592092171_box5.jpg,879.2423096,1082.207642,1181.913696,1325.627319,Hypoxylon rubiginosum,0.011196787,5,Rhytisma acerinum
obs_327076113_photo_592488640,obs_327076113_photo_592488640_1,/share/ftrscape/image_dataset/obs_327076113_photo_592488640.jpg,/rs1/researchers/a/amallav/results/outputs_crop/obs_327076113_photo_592488640_box1.jpg,298.9866333,264.7961121,1799.826172,1102.390259,Creniola breviceps,0.130956382,1,Anthopleura artemisia
obs_327076113_photo_592488640,obs_327076113_photo_592488640_1,/share/ftrscape/image_dataset/obs_327076113_photo_592488640.jpg,/rs1/researchers/a/amallav/results/outputs_crop/obs_327076113_photo_592488640_box1.jpg,298.9866333,264.7961121,1799.826172,1102.390259,Nuchequula glenysae,0.125480115,1,Anthopleura artemisia
obs_327076113_photo_592488640,obs_327076113_photo_592488640_1,/share/ftrscape/image_dataset/obs_327076113_photo_592488640.jpg,/rs1/researchers/a/amallav/results/outputs_crop/obs_327076113_photo_592488640_box1.jpg,298.9866333,264.7961121,1799.826172,1102.390259,Nuchequula blochii,0.059732482,1,Anthopleura artemisia
obs_327076113_photo_592488640,obs_327076113_photo_592488640_1,/share/ftrscape/image_dataset/obs_327076113_photo_592488640.jpg,/rs1/researchers/a/amallav/results/outputs_crop/obs_327076113_photo_592488640_box1.jpg,298.9866333,264.7961121,1799.826172,1102.390259,Nuchequula nuchalis,0.052144926,1,Anthopleura artemisia
obs_327076113_photo_592488640,obs_327076113_photo_592488640_1,/share/ftrscape/image_dataset/obs_327076113_photo_592488640.jpg,/rs1/researchers/a/amallav/results/outputs_crop/obs_327076113_photo_592488640_box1.jpg,298.9866333,264.7961121,1799.826172,1102.390259,Aurigequula longispina,0.035552971,1,Anthopleura artemisia
obs_327076113_photo_592488640,obs_327076113_photo_592488640_2,/share/ftrscape/image_dataset/obs_327076113_photo_592488640.jpg,/rs1/researchers/a/amallav/results/outputs_crop/obs_327076113_photo_592488640_box2.jpg,298.5964355,266.2146606,1800.553955,1099.868408,Creniola breviceps,0.151915744,2,Anthopleura artemisia
obs_327076113_photo_592488640,obs_327076113_photo_592488640_2,/share/ftrscape/image_dataset/obs_327076113_photo_592488640.jpg,/rs1/researchers/a/amallav/results/outputs_crop/obs_327076113_photo_592488640_box2.jpg,298.5964355,266.2146606,1800.553955,1099.868408,Nuchequula glenysae,0.134566277,2,Anthopleura artemisia
obs_327076113_photo_592488640,obs_327076113_photo_592488640_2,/share/ftrscape/image_dataset/obs_327076113_photo_592488640.jpg,/rs1/researchers/a/amallav/results/outputs_crop/obs_327076113_photo_592488640_box2.jpg,298.5964355,266.2146606,1800.553955,1099.868408,Nuchequula blochii,0.065302268,2,Anthopleura artemisia
obs_327076113_photo_592488640,obs_327076113_photo_592488640_2,/share/ftrscape/image_dataset/obs_327076113_photo_592488640.jpg,/rs1/researchers/a/amallav/results/outputs_crop/obs_327076113_photo_592488640_box2.jpg,298.5964355,266.2146606,1800.553955,1099.868408,Nuchequula nuchalis,0.053526357,2,Anthopleura artemisia
obs_327076113_photo_592488640,obs_327076113_photo_592488640_2,/share/ftrscape/image_dataset/obs_327076113_photo_592488640.jpg,/rs1/researchers/a/amallav/results/outputs_crop/obs_327076113_photo_592488640_box2.jpg,298.5964355,266.2146606,1800.553955,1099.868408,Aurigequula longispina,0.040151834,2,Anthopleura artemisia
obs_327076113_photo_592488640,obs_327076113_photo_592488640_3,/share/ftrscape/image_dataset/obs_327076113_photo_592488640.jpg,/rs1/researchers/a/amallav/results/outputs_crop/obs_327076113_photo_592488640_box3.jpg,294.2867432,267.7659607,1808.259888,1104.621582,Creniola breviceps,0.191795066,3,Anthopleura artemisia
obs_327076113_photo_592488640,obs_327076113_photo_592488640_3,/share/ftrscape/image_dataset/obs_327076113_photo_592488640.jpg,/rs1/researchers/a/amallav/results/outputs_crop/obs_327076113_photo_592488640_box3.jpg,294.2867432,267.7659607,1808.259888,1104.621582,Spinachia spinachia,0.064597666,3,Anthopleura artemisia
obs_327076113_photo_592488640,obs_327076113_photo_592488640_3,/share/ftrscape/image_dataset/obs_327076113_photo_592488640.jpg,/rs1/researchers/a/amallav/results/outputs_crop/obs_327076113_photo_592488640_box3.jpg,294.2867432,267.7659607,1808.259888,1104.621582,Nuchequula glenysae,0.061540838,3,Anthopleura artemisia
obs_327076113_photo_592488640,obs_327076113_photo_592488640_3,/share/ftrscape/image_dataset/obs_327076113_photo_592488640.jpg,/rs1/researchers/a/amallav/results/outputs_crop/obs_327076113_photo_592488640_box3.jpg,294.2867432,267.7659607,1808.259888,1104.621582,Apeltes quadracus,0.046419807,3,Anthopleura artemisia
obs_327076113_photo_592488640,obs_327076113_photo_592488640_3,/share/ftrscape/image_dataset/obs_327076113_photo_592488640.jpg,/rs1/researchers/a/amallav/results/outputs_crop/obs_327076113_photo_592488640_box3.jpg,294.2867432,267.7659607,1808.259888,1104.621582,Aurigequula longispina,0.029451571,3,Anthopleura artemisia
obs_327076113_photo_592488640,obs_327076113_photo_592488640_4,/share/ftrscape/image_dataset/obs_327076113_photo_592488640.jpg,/rs1/researchers/a/amallav/results/outputs_crop/obs_327076113_photo_592488640_box4.jpg,321.1689453,265.8955688,1379.085815,622.5707397,Anthopleura hermaphroditica,0.128234625,4,Anthopleura artemisia
obs_327076113_photo_592488640,obs_327076113_photo_592488640_4,/share/ftrscape/image_dataset/obs_327076113_photo_592488640.jpg,/rs1/researchers/a/amallav/results/outputs_crop/obs_327076113_photo_592488640_box4.jpg,321.1689453,265.8955688,1379.085815,622.5707397,Aulactinia stella,0.111081168,4,Anthopleura artemisia
obs_327076113_photo_592488640,obs_327076113_photo_592488640_4,/share/ftrscape/image_dataset/obs_327076113_photo_592488640.jpg,/rs1/researchers/a/amallav/results/outputs_crop/obs_327076113_photo_592488640_box4.jpg,321.1689453,265.8955688,1379.085815,622.5707397,Anthopleura dixoniana,0.079249367,4,Anthopleura artemisia
obs_327076113_photo_592488640,obs_327076113_photo_592488640_4,/share/ftrscape/image_dataset/obs_327076113_photo_592488640.jpg,/rs1/researchers/a/amallav/results/outputs_crop/obs_327076113_photo_592488640_box4.jpg,321.1689453,265.8955688,1379.085815,622.5707397,Aulactinia incubans,0.070486918,4,Anthopleura artemisia
obs_327076113_photo_592488640,obs_327076113_photo_592488640_4,/share/ftrscape/image_dataset/obs_327076113_photo_592488640.jpg,/rs1/researchers/a/amallav/results/outputs_crop/obs_327076113_photo_592488640_box4.jpg,321.1689453,265.8955688,1379.085815,622.5707397,Anthopleura handi,0.058619231,4,Anthopleura artemisia
obs_327076113_photo_592488640,obs_327076113_photo_592488640_5,/share/ftrscape/image_dataset/obs_327076113_photo_592488640.jpg,/rs1/researchers/a/amallav/results/outputs_crop/obs_327076113_photo_592488640_box5.jpg,547.7003784,675.7716675,1456.176025,1097.447266,Anthopleura handi,0.223527983,5,Anthopleura artemisia
obs_327076113_photo_592488640,obs_327076113_photo_592488640_5,/share/ftrscape/image_dataset/obs_327076113_photo_592488640.jpg,/rs1/researchers/a/amallav/results/outputs_crop/obs_327076113_photo_592488640_box5.jpg,547.7003784,675.7716675,1456.176025,1097.447266,Anthopleura hermaphroditica,0.164835557,5,Anthopleura artemisia
obs_327076113_photo_592488640,obs_327076113_photo_592488640_5,/share/ftrscape/image_dataset/obs_327076113_photo_592488640.jpg,/rs1/researchers/a/amallav/results/outputs_crop/obs_327076113_photo_592488640_box5.jpg,547.7003784,675.7716675,1456.176025,1097.447266,Aulactinia stella,0.123744667,5,Anthopleura artemisia
obs_327076113_photo_592488640,obs_327076113_photo_592488640_5,/share/ftrscape/image_dataset/obs_327076113_photo_592488640.jpg,/rs1/researchers/a/amallav/results/outputs_crop/obs_327076113_photo_592488640_box5.jpg,547.7003784,675.7716675,1456.176025,1097.447266,Anthopleura dixoniana,0.075452246,5,Anthopleura artemisia
obs_327076113_photo_592488640,obs_327076113_photo_592488640_5,/share/ftrscape/image_dataset/obs_327076113_photo_592488640.jpg,/rs1/researchers/a/amallav/results/outputs_crop/obs_327076113_photo_592488640_box5.jpg,547.7003784,675.7716675,1456.176025,1097.447266,Parantheopsis cruentata,0.046648201,5,Anthopleura artemisia
obs_331752340_photo_601901044,obs_331752340_photo_601901044_1,/share/ftrscape/image_dataset/obs_331752340_photo_601901044.jpg,/rs1/researchers/a/amallav/results/outputs_crop/obs_331752340_photo_601901044_box1.jpg,13.60369873,305.7713623,2031.195313,1172.618652,Diaporthe kalmiae,0.329780728,1,Phyllosticta asiminae
obs_331752340_photo_601901044,obs_331752340_photo_601901044_1,/share/ftrscape/image_dataset/obs_331752340_photo_601901044.jpg,/rs1/researchers/a/amallav/results/outputs_crop/obs_331752340_photo_601901044_box1.jpg,13.60369873,305.7713623,2031.195313,1172.618652,Pseudocercospora kaki,0.079259165,1,Phyllosticta asiminae
obs_331752340_photo_601901044,obs_331752340_photo_601901044_1,/share/ftrscape/image_dataset/obs_331752340_photo_601901044.jpg,/rs1/researchers/a/amallav/results/outputs_crop/obs_331752340_photo_601901044_box1.jpg,13.60369873,305.7713623,2031.195313,1172.618652,Mycosphaerella sassafras,0.048919272,1,Phyllosticta asiminae
obs_331752340_photo_601901044,obs_331752340_photo_601901044_1,/share/ftrscape/image_dataset/obs_331752340_photo_601901044.jpg,/rs1/researchers/a/amallav/results/outputs_crop/obs_331752340_photo_601901044_box1.jpg,13.60369873,305.7713623,2031.195313,1172.618652,Symplocos tinctoria,0.029289808,1,Phyllosticta asiminae
obs_331752340_photo_601901044,obs_331752340_photo_601901044_1,/share/ftrscape/image_dataset/obs_331752340_photo_601901044.jpg,/rs1/researchers/a/amallav/results/outputs_crop/obs_331752340_photo_601901044_box1.jpg,13.60369873,305.7713623,2031.195313,1172.618652,Harringtonia lauricola,0.025727954,1,Phyllosticta asiminae
obs_331752340_photo_601901044,obs_331752340_photo_601901044_2,/share/ftrscape/image_dataset/obs_331752340_photo_601901044.jpg,/rs1/researchers/a/amallav/results/outputs_crop/obs_331752340_photo_601901044_box2.jpg,11.60284424,14.30007935,2032.909912,1174.514038,Pseudocercospora kaki,0.187281638,2,Phyllosticta asiminae
obs_331752340_photo_601901044,obs_331752340_photo_601901044_2,/share/ftrscape/image_dataset/obs_331752340_photo_601901044.jpg,/rs1/researchers/a/amallav/results/outputs_crop/obs_331752340_photo_601901044_box2.jpg,11.60284424,14.30007935,2032.909912,1174.514038,Diaporthe kalmiae,0.183734953,2,Phyllosticta asiminae
obs_331752340_photo_601901044,obs_331752340_photo_601901044_2,/share/ftrscape/image_dataset/obs_331752340_photo_601901044.jpg,/rs1/researchers/a/amallav/results/outputs_crop/obs_331752340_photo_601901044_box2.jpg,11.60284424,14.30007935,2032.909912,1174.514038,Neolasioptera linderae,0.034847736,2,Phyllosticta asiminae
obs_331752340_photo_601901044,obs_331752340_photo_601901044_2,/share/ftrscape/image_dataset/obs_331752340_photo_601901044.jpg,/rs1/researchers/a/amallav/results/outputs_crop/obs_331752340_photo_601901044_box2.jpg,11.60284424,14.30007935,2032.909912,1174.514038,Mycosphaerella sassafras,0.034367464,2,Phyllosticta asiminae
obs_331752340_photo_601901044,obs_331752340_photo_601901044_2,/share/ftrscape/image_dataset/obs_331752340_photo_601901044.jpg,/rs1/researchers/a/amallav/results/outputs_crop/obs_331752340_photo_601901044_box2.jpg,11.60284424,14.30007935,2032.909912,1174.514038,Mycosphaerella fraxinicola,0.03226776,2,Phyllosticta asiminae
obs_331752340_photo_601901044,obs_331752340_photo_601901044_3,/share/ftrscape/image_dataset/obs_331752340_photo_601901044.jpg,/rs1/researchers/a/amallav/results/outputs_crop/obs_331752340_photo_601901044_box3.jpg,946.3068237,858.7528076,1062.417725,979.0269775,Paraconiothyrium tiliae,0.336357892,3,Phyllosticta asiminae
obs_331752340_photo_601901044,obs_331752340_photo_601901044_3,/share/ftrscape/image_dataset/obs_331752340_photo_601901044.jpg,/rs1/researchers/a/amallav/results/outputs_crop/obs_331752340_photo_601901044_box3.jpg,946.3068237,858.7528076,1062.417725,979.0269775,Rhytisma punctatum,0.098673031,3,Phyllosticta asiminae
obs_331752340_photo_601901044,obs_331752340_photo_601901044_3,/share/ftrscape/image_dataset/obs_331752340_photo_601901044.jpg,/rs1/researchers/a/amallav/results/outputs_crop/obs_331752340_photo_601901044_box3.jpg,946.3068237,858.7528076,1062.417725,979.0269775,Cosmospora khandalensis,0.02284478,3,Phyllosticta asiminae
obs_331752340_photo_601901044,obs_331752340_photo_601901044_3,/share/ftrscape/image_dataset/obs_331752340_photo_601901044.jpg,/rs1/researchers/a/amallav/results/outputs_crop/obs_331752340_photo_601901044_box3.jpg,946.3068237,858.7528076,1062.417725,979.0269775,Gliaspilota glutinosa,0.021763247,3,Phyllosticta asiminae
obs_331752340_photo_601901044,obs_331752340_photo_601901044_3,/share/ftrscape/image_dataset/obs_331752340_photo_601901044.jpg,/rs1/researchers/a/amallav/results/outputs_crop/obs_331752340_photo_601901044_box3.jpg,946.3068237,858.7528076,1062.417725,979.0269775,Passalora chionea,0.017527197,3,Phyllosticta asiminae
obs_331752340_photo_601901044,obs_331752340_photo_601901044_4,/share/ftrscape/image_dataset/obs_331752340_photo_601901044.jpg,/rs1/researchers/a/amallav/results/outputs_crop/obs_331752340_photo_601901044_box4.jpg,1374.081665,666.180603,1489.924683,792.0960693,Rhytisma punctatum,0.219988257,4,Phyllosticta asiminae
obs_331752340_photo_601901044,obs_331752340_photo_601901044_4,/share/ftrscape/image_dataset/obs_331752340_photo_601901044.jpg,/rs1/researchers/a/amallav/results/outputs_crop/obs_331752340_photo_601901044_box4.jpg,1374.081665,666.180603,1489.924683,792.0960693,Resseliella liriodendri,0.118410677,4,Phyllosticta asiminae
obs_331752340_photo_601901044,obs_331752340_photo_601901044_4,/share/ftrscape/image_dataset/obs_331752340_photo_601901044.jpg,/rs1/researchers/a/amallav/results/outputs_crop/obs_331752340_photo_601901044_box4.jpg,1374.081665,666.180603,1489.924683,792.0960693,Rhytisma acerinum,0.035633713,4,Phyllosticta asiminae
obs_331752340_photo_601901044,obs_331752340_photo_601901044_4,/share/ftrscape/image_dataset/obs_331752340_photo_601901044.jpg,/rs1/researchers/a/amallav/results/outputs_crop/obs_331752340_photo_601901044_box4.jpg,1374.081665,666.180603,1489.924683,792.0960693,Mycosphaerella sassafras,0.028323106,4,Phyllosticta asiminae
obs_331752340_photo_601901044,obs_331752340_photo_601901044_4,/share/ftrscape/image_dataset/obs_331752340_photo_601901044.jpg,/rs1/researchers/a/amallav/results/outputs_crop/obs_331752340_photo_601901044_box4.jpg,1374.081665,666.180603,1489.924683,792.0960693,Paraconiothyrium tiliae,0.027934674,4,Phyllosticta asiminae
obs_331752340_photo_601901044,obs_331752340_photo_601901044_5,/share/ftrscape/image_dataset/obs_331752340_photo_601901044.jpg,/rs1/researchers/a/amallav/results/outputs_crop/obs_331752340_photo_601901044_box5.jpg,1468.095215,599.0004272,1585.719482,722.9862671,Botryosphaeria dothidea,0.032192495,5,Phyllosticta asiminae
obs_331752340_photo_601901044,obs_331752340_photo_601901044_5,/share/ftrscape/image_dataset/obs_331752340_photo_601901044.jpg,/rs1/researchers/a/amallav/results/outputs_crop/obs_331752340_photo_601901044_box5.jpg,1468.095215,599.0004272,1585.719482,722.9862671,Resseliella liriodendri,0.022147175,5,Phyllosticta asiminae
obs_331752340_photo_601901044,obs_331752340_photo_601901044_5,/share/ftrscape/image_dataset/obs_331752340_photo_601901044.jpg,/rs1/researchers/a/amallav/results/outputs_crop/obs_331752340_photo_601901044_box5.jpg,1468.095215,599.0004272,1585.719482,722.9862671,Paracercosporidium microsorum,0.020771405,5,Phyllosticta asiminae
obs_331752340_photo_601901044,obs_331752340_photo_601901044_5,/share/ftrscape/image_dataset/obs_331752340_photo_601901044.jpg,/rs1/researchers/a/amallav/results/outputs_crop/obs_331752340_photo_601901044_box5.jpg,1468.095215,599.0004272,1585.719482,722.9862671,Ophiognomonia leptostyla,0.015775308,5,Phyllosticta asiminae
obs_331752340_photo_601901044,obs_331752340_photo_601901044_5,/share/ftrscape/image_dataset/obs_331752340_photo_601901044.jpg,/rs1/researchers/a/amallav/results/outputs_crop/obs_331752340_photo_601901044_box5.jpg,1468.095215,599.0004272,1585.719482,722.9862671,Venturia liriodendri,0.014178706,5,Phyllosticta asiminae
obs_331831594_photo_602051260,obs_331831594_photo_602051260_1,/share/ftrscape/image_dataset/obs_331831594_photo_602051260.jpg,/rs1/researchers/a/amallav/results/outputs_crop/obs_331831594_photo_602051260_box1.jpg,323.5529785,258.0036011,1824.490479,1344.650879,Caulorhiza umbonata,0.330972403,1,Caulorhiza umbonata
obs_331831594_photo_602051260,obs_331831594_photo_602051260_1,/share/ftrscape/image_dataset/obs_331831594_photo_602051260.jpg,/rs1/researchers/a/amallav/results/outputs_crop/obs_331831594_photo_602051260_box1.jpg,323.5529785,258.0036011,1824.490479,1344.650879,Phaeocollybia deceptiva,0.113686725,1,Caulorhiza umbonata
obs_331831594_photo_602051260,obs_331831594_photo_602051260_1,/share/ftrscape/image_dataset/obs_331831594_photo_602051260.jpg,/rs1/researchers/a/amallav/results/outputs_crop/obs_331831594_photo_602051260_box1.jpg,323.5529785,258.0036011,1824.490479,1344.650879,Phaeocollybia attenuata,0.074223854,1,Caulorhiza umbonata
obs_331831594_photo_602051260,obs_331831594_photo_602051260_1,/share/ftrscape/image_dataset/obs_331831594_photo_602051260.jpg,/rs1/researchers/a/amallav/results/outputs_crop/obs_331831594_photo_602051260_box1.jpg,323.5529785,258.0036011,1824.490479,1344.650879,Phaeocollybia californica,0.070022732,1,Caulorhiza umbonata
obs_331831594_photo_602051260,obs_331831594_photo_602051260_1,/share/ftrscape/image_dataset/obs_331831594_photo_602051260.jpg,/rs1/researchers/a/amallav/results/outputs_crop/obs_331831594_photo_602051260_box1.jpg,323.5529785,258.0036011,1824.490479,1344.650879,Phaeocollybia oregonensis,0.053237576,1,Caulorhiza umbonata
obs_332241462_photo_602909620,obs_332241462_photo_602909620_1,/share/ftrscape/image_dataset/obs_332241462_photo_602909620.jpg,/rs1/researchers/a/amallav/results/outputs_crop/obs_332241462_photo_602909620_box1.jpg,1005.276245,684.9609375,1567.722534,1041.257324,Taricha torosa,0.422934532,1,Ariolimax buttoni
obs_332241462_photo_602909620,obs_332241462_photo_602909620_1,/share/ftrscape/image_dataset/obs_332241462_photo_602909620.jpg,/rs1/researchers/a/amallav/results/outputs_crop/obs_332241462_photo_602909620_box1.jpg,1005.276245,684.9609375,1567.722534,1041.257324,Taricha granulosa,0.306804478,1,Ariolimax buttoni
obs_332241462_photo_602909620,obs_332241462_photo_602909620_1,/share/ftrscape/image_dataset/obs_332241462_photo_602909620.jpg,/rs1/researchers/a/amallav/results/outputs_crop/obs_332241462_photo_602909620_box1.jpg,1005.276245,684.9609375,1567.722534,1041.257324,Taricha sierrae,0.183755651,1,Ariolimax buttoni
obs_332241462_photo_602909620,obs_332241462_photo_602909620_1,/share/ftrscape/image_dataset/obs_332241462_photo_602909620.jpg,/rs1/researchers/a/amallav/results/outputs_crop/obs_332241462_photo_602909620_box1.jpg,1005.276245,684.9609375,1567.722534,1041.257324,Taricha rivularis,0.064935356,1,Ariolimax buttoni
obs_332241462_photo_602909620,obs_332241462_photo_602909620_1,/share/ftrscape/image_dataset/obs_332241462_photo_602909620.jpg,/rs1/researchers/a/amallav/results/outputs_crop/obs_332241462_photo_602909620_box1.jpg,1005.276245,684.9609375,1567.722534,1041.257324,Ambystoma californiense,0.002102833,1,Ariolimax buttoni
obs_332241462_photo_602909620,obs_332241462_photo_602909620_2,/share/ftrscape/image_dataset/obs_332241462_photo_602909620.jpg,/rs1/researchers/a/amallav/results/outputs_crop/obs_332241462_photo_602909620_box2.jpg,483.572937,666.1332397,1174.536377,866.6608276,Ariolimax buttoni,0.881873488,2,Ariolimax buttoni
obs_332241462_photo_602909620,obs_332241462_photo_602909620_2,/share/ftrscape/image_dataset/obs_332241462_photo_602909620.jpg,/rs1/researchers/a/amallav/results/outputs_crop/obs_332241462_photo_602909620_box2.jpg,483.572937,666.1332397,1174.536377,866.6608276,Ariolimax columbianus,0.082316644,2,Ariolimax buttoni
obs_332241462_photo_602909620,obs_332241462_photo_602909620_2,/share/ftrscape/image_dataset/obs_332241462_photo_602909620.jpg,/rs1/researchers/a/amallav/results/outputs_crop/obs_332241462_photo_602909620_box2.jpg,483.572937,666.1332397,1174.536377,866.6608276,Ariolimax brachyphallus,0.016293546,2,Ariolimax buttoni
obs_332241462_photo_602909620,obs_332241462_photo_602909620_2,/share/ftrscape/image_dataset/obs_332241462_photo_602909620.jpg,/rs1/researchers/a/amallav/results/outputs_crop/obs_332241462_photo_602909620_box2.jpg,483.572937,666.1332397,1174.536377,866.6608276,Ariolimax stramineus,0.010332894,2,Ariolimax buttoni
obs_332241462_photo_602909620,obs_332241462_photo_602909620_2,/share/ftrscape/image_dataset/obs_332241462_photo_602909620.jpg,/rs1/researchers/a/amallav/results/outputs_crop/obs_332241462_photo_602909620_box2.jpg,483.572937,666.1332397,1174.536377,866.6608276,Ariolimax californicus,0.001608278,2,Ariolimax buttoni
obs_332241462_photo_602909620,obs_332241462_photo_602909620_3,/share/ftrscape/image_dataset/obs_332241462_photo_602909620.jpg,/rs1/researchers/a/amallav/results/outputs_crop/obs_332241462_photo_602909620_box3.jpg,953.0376587,671.4109497,1168.858887,821.1539307,Carpathica boettgeri,0.068962663,3,Ariolimax buttoni
obs_332241462_photo_602909620,obs_332241462_photo_602909620_3,/share/ftrscape/image_dataset/obs_332241462_photo_602909620.jpg,/rs1/researchers/a/amallav/results/outputs_crop/obs_332241462_photo_602909620_box3.jpg,953.0376587,671.4109497,1168.858887,821.1539307,Drusia deshayesii,0.040056817,3,Ariolimax buttoni
obs_332241462_photo_602909620,obs_332241462_photo_602909620_3,/share/ftrscape/image_dataset/obs_332241462_photo_602909620.jpg,/rs1/researchers/a/amallav/results/outputs_crop/obs_332241462_photo_602909620_box3.jpg,953.0376587,671.4109497,1168.858887,821.1539307,Ariopelta capensis,0.03565691,3,Ariolimax buttoni
obs_332241462_photo_602909620,obs_332241462_photo_602909620_3,/share/ftrscape/image_dataset/obs_332241462_photo_602909620.jpg,/rs1/researchers/a/amallav/results/outputs_crop/obs_332241462_photo_602909620_box3.jpg,953.0376587,671.4109497,1168.858887,821.1539307,Limax strobeli,0.025564242,3,Ariolimax buttoni
obs_332241462_photo_602909620,obs_332241462_photo_602909620_3,/share/ftrscape/image_dataset/obs_332241462_photo_602909620.jpg,/rs1/researchers/a/amallav/results/outputs_crop/obs_332241462_photo_602909620_box3.jpg,953.0376587,671.4109497,1168.858887,821.1539307,Deroceras agreste,0.025459139,3,Ariolimax buttoni
obs_332241462_photo_602909620,obs_332241462_photo_602909620_4,/share/ftrscape/image_dataset/obs_332241462_photo_602909620.jpg,/rs1/researchers/a/amallav/results/outputs_crop/obs_332241462_photo_602909620_box4.jpg,469.0802612,657.2456055,1573.890137,1044.824585,Taricha torosa,0.312601,4,Ariolimax buttoni
obs_332241462_photo_602909620,obs_332241462_photo_602909620_4,/share/ftrscape/image_dataset/obs_332241462_photo_602909620.jpg,/rs1/researchers/a/amallav/results/outputs_crop/obs_332241462_photo_602909620_box4.jpg,469.0802612,657.2456055,1573.890137,1044.824585,Taricha granulosa,0.229844287,4,Ariolimax buttoni
obs_332241462_photo_602909620,obs_332241462_photo_602909620_4,/share/ftrscape/image_dataset/obs_332241462_photo_602909620.jpg,/rs1/researchers/a/amallav/results/outputs_crop/obs_332241462_photo_602909620_box4.jpg,469.0802612,657.2456055,1573.890137,1044.824585,Ariolimax buttoni,0.185293362,4,Ariolimax buttoni
obs_332241462_photo_602909620,obs_332241462_photo_602909620_4,/share/ftrscape/image_dataset/obs_332241462_photo_602909620.jpg,/rs1/researchers/a/amallav/results/outputs_crop/obs_332241462_photo_602909620_box4.jpg,469.0802612,657.2456055,1573.890137,1044.824585,Taricha rivularis,0.084034063,4,Ariolimax buttoni
obs_332241462_photo_602909620,obs_332241462_photo_602909620_4,/share/ftrscape/image_dataset/obs_332241462_photo_602909620.jpg,/rs1/researchers/a/amallav/results/outputs_crop/obs_332241462_photo_602909620_box4.jpg,469.0802612,657.2456055,1573.890137,1044.824585,Taricha sierrae,0.034305125,4,Ariolimax buttoni
obs_332241462_photo_602909620,obs_332241462_photo_602909620_5,/share/ftrscape/image_dataset/obs_332241462_photo_602909620.jpg,/rs1/researchers/a/amallav/results/outputs_crop/obs_332241462_photo_602909620_box5.jpg,495.7054443,669.0118408,1166.433594,858.5965576,Ariolimax buttoni,0.947545826,5,Ariolimax buttoni
obs_332241462_photo_602909620,obs_332241462_photo_602909620_5,/share/ftrscape/image_dataset/obs_332241462_photo_602909620.jpg,/rs1/researchers/a/amallav/results/outputs_crop/obs_332241462_photo_602909620_box5.jpg,495.7054443,669.0118408,1166.433594,858.5965576,Ariolimax columbianus,0.030933511,5,Ariolimax buttoni
obs_332241462_photo_602909620,obs_332241462_photo_602909620_5,/share/ftrscape/image_dataset/obs_332241462_photo_602909620.jpg,/rs1/researchers/a/amallav/results/outputs_crop/obs_332241462_photo_602909620_box5.jpg,495.7054443,669.0118408,1166.433594,858.5965576,Ariolimax brachyphallus,0.012180092,5,Ariolimax buttoni
obs_332241462_photo_602909620,obs_332241462_photo_602909620_5,/share/ftrscape/image_dataset/obs_332241462_photo_602909620.jpg,/rs1/researchers/a/amallav/results/outputs_crop/obs_332241462_photo_602909620_box5.jpg,495.7054443,669.0118408,1166.433594,858.5965576,Ariolimax stramineus,0.005099312,5,Ariolimax buttoni
obs_332241462_photo_602909620,obs_332241462_photo_602909620_5,/share/ftrscape/image_dataset/obs_332241462_photo_602909620.jpg,/rs1/researchers/a/amallav/results/outputs_crop/obs_332241462_photo_602909620_box5.jpg,495.7054443,669.0118408,1166.433594,858.5965576,Ariolimax californicus,0.001873672,5,Ariolimax buttoni
obs_333144263_photo_501540234,obs_333144263_photo_501540234_1,/share/ftrscape/image_dataset/obs_333144263_photo_501540234.jpg,/rs1/researchers/a/amallav/results/outputs_crop/obs_333144263_photo_501540234_box1.jpg,6.250991821,13.23175049,1525.860596,1875.8125,Erythricium aurantiacum,0.198622987,1,Erythricium aurantiacum
obs_333144263_photo_501540234,obs_333144263_photo_501540234_1,/share/ftrscape/image_dataset/obs_333144263_photo_501540234.jpg,/rs1/researchers/a/amallav/results/outputs_crop/obs_333144263_photo_501540234_box1.jpg,6.250991821,13.23175049,1525.860596,1875.8125,Ovicuculispora parmeliae,0.074975796,1,Erythricium aurantiacum
obs_333144263_photo_501540234,obs_333144263_photo_501540234_1,/share/ftrscape/image_dataset/obs_333144263_photo_501540234.jpg,/rs1/researchers/a/amallav/results/outputs_crop/obs_333144263_photo_501540234_box1.jpg,6.250991821,13.23175049,1525.860596,1875.8125,Caloplaca anularis,0.073925555,1,Erythricium aurantiacum
obs_333144263_photo_501540234,obs_333144263_photo_501540234_1,/share/ftrscape/image_dataset/obs_333144263_photo_501540234.jpg,/rs1/researchers/a/amallav/results/outputs_crop/obs_333144263_photo_501540234_box1.jpg,6.250991821,13.23175049,1525.860596,1875.8125,Bryostigma parietinarium,0.04452008,1,Erythricium aurantiacum
obs_333144263_photo_501540234,obs_333144263_photo_501540234_1,/share/ftrscape/image_dataset/obs_333144263_photo_501540234.jpg,/rs1/researchers/a/amallav/results/outputs_crop/obs_333144263_photo_501540234_box1.jpg,6.250991821,13.23175049,1525.860596,1875.8125,Sphaerellothecium parietinarium,0.025354005,1,Erythricium aurantiacum
obs_333144263_photo_501540234,obs_333144263_photo_501540234_2,/share/ftrscape/image_dataset/obs_333144263_photo_501540234.jpg,/rs1/researchers/a/amallav/results/outputs_crop/obs_333144263_photo_501540234_box2.jpg,611.2050781,713.2774048,752.7630005,843.678772,Stentor coeruleus,0.009063058,2,Erythricium aurantiacum
obs_333144263_photo_501540234,obs_333144263_photo_501540234_2,/share/ftrscape/image_dataset/obs_333144263_photo_501540234.jpg,/rs1/researchers/a/amallav/results/outputs_crop/obs_333144263_photo_501540234_box2.jpg,611.2050781,713.2774048,752.7630005,843.678772,Mastigosphaera gobii,0.008449954,2,Erythricium aurantiacum
obs_333144263_photo_501540234,obs_333144263_photo_501540234_2,/share/ftrscape/image_dataset/obs_333144263_photo_501540234.jpg,/rs1/researchers/a/amallav/results/outputs_crop/obs_333144263_photo_501540234_box2.jpg,611.2050781,713.2774048,752.7630005,843.678772,Cyclophrya magna,0.007723412,2,Erythricium aurantiacum
obs_333144263_photo_501540234,obs_333144263_photo_501540234_2,/share/ftrscape/image_dataset/obs_333144263_photo_501540234.jpg,/rs1/researchers/a/amallav/results/outputs_crop/obs_333144263_photo_501540234_box2.jpg,611.2050781,713.2774048,752.7630005,843.678772,Uroglena volvox,0.00734565,2,Erythricium aurantiacum
obs_333144263_photo_501540234,obs_333144263_photo_501540234_2,/share/ftrscape/image_dataset/obs_333144263_photo_501540234.jpg,/rs1/researchers/a/amallav/results/outputs_crop/obs_333144263_photo_501540234_box2.jpg,611.2050781,713.2774048,752.7630005,843.678772,Stentor polymorphus,0.006106507,2,Erythricium aurantiacum
obs_333144263_photo_501540234,obs_333144263_photo_501540234_3,/share/ftrscape/image_dataset/obs_333144263_photo_501540234.jpg,/rs1/researchers/a/amallav/results/outputs_crop/obs_333144263_photo_501540234_box3.jpg,5.760635376,12.63989258,1525.290771,1869.400391,Erythricium aurantiacum,0.188564688,3,Erythricium aurantiacum
obs_333144263_photo_501540234,obs_333144263_photo_501540234_3,/share/ftrscape/image_dataset/obs_333144263_photo_501540234.jpg,/rs1/researchers/a/amallav/results/outputs_crop/obs_333144263_photo_501540234_box3.jpg,5.760635376,12.63989258,1525.290771,1869.400391,Ovicuculispora parmeliae,0.08144293,3,Erythricium aurantiacum
obs_333144263_photo_501540234,obs_333144263_photo_501540234_3,/share/ftrscape/image_dataset/obs_333144263_photo_501540234.jpg,/rs1/researchers/a/amallav/results/outputs_crop/obs_333144263_photo_501540234_box3.jpg,5.760635376,12.63989258,1525.290771,1869.400391,Caloplaca anularis,0.04702564,3,Erythricium aurantiacum
obs_333144263_photo_501540234,obs_333144263_photo_501540234_3,/share/ftrscape/image_dataset/obs_333144263_photo_501540234.jpg,/rs1/researchers/a/amallav/results/outputs_crop/obs_333144263_photo_501540234_box3.jpg,5.760635376,12.63989258,1525.290771,1869.400391,Bryostigma parietinarium,0.041373529,3,Erythricium aurantiacum
obs_333144263_photo_501540234,obs_333144263_photo_501540234_3,/share/ftrscape/image_dataset/obs_333144263_photo_501540234.jpg,/rs1/researchers/a/amallav/results/outputs_crop/obs_333144263_photo_501540234_box3.jpg,5.760635376,12.63989258,1525.290771,1869.400391,Sphaerellothecium parietinarium,0.028355425,3,Erythricium aurantiacum
obs_333664707_photo_605748155,obs_333664707_photo_605748155_1,/share/ftrscape/image_dataset/obs_333664707_photo_605748155.jpg,/rs1/researchers/a/amallav/results/outputs_crop/obs_333664707_photo_605748155_box1.jpg,291.3710022,371.9202881,885.22229,892.8669434,Berthella chacei,0.199271485,1,Aeolidia loui
obs_333664707_photo_605748155,obs_333664707_photo_605748155_1,/share/ftrscape/image_dataset/obs_333664707_photo_605748155.jpg,/rs1/researchers/a/amallav/results/outputs_crop/obs_333664707_photo_605748155_box1.jpg,291.3710022,371.9202881,885.22229,892.8669434,Chelyosoma productum,0.060723849,1,Aeolidia loui
obs_333664707_photo_605748155,obs_333664707_photo_605748155_1,/share/ftrscape/image_dataset/obs_333664707_photo_605748155.jpg,/rs1/researchers/a/amallav/results/outputs_crop/obs_333664707_photo_605748155_box1.jpg,291.3710022,371.9202881,885.22229,892.8669434,Cyclosalpa bakeri,0.040922008,1,Aeolidia loui
obs_333664707_photo_605748155,obs_333664707_photo_605748155_1,/share/ftrscape/image_dataset/obs_333664707_photo_605748155.jpg,/rs1/researchers/a/amallav/results/outputs_crop/obs_333664707_photo_605748155_box1.jpg,291.3710022,371.9202881,885.22229,892.8669434,Berthella californica,0.026386183,1,Aeolidia loui
obs_333664707_photo_605748155,obs_333664707_photo_605748155_1,/share/ftrscape/image_dataset/obs_333664707_photo_605748155.jpg,/rs1/researchers/a/amallav/results/outputs_crop/obs_333664707_photo_605748155_box1.jpg,291.3710022,371.9202881,885.22229,892.8669434,Mimetridium cryptum,0.026030866,1,Aeolidia loui
obs_333664707_photo_605748155,obs_333664707_photo_605748155_2,/share/ftrscape/image_dataset/obs_333664707_photo_605748155.jpg,/rs1/researchers/a/amallav/results/outputs_crop/obs_333664707_photo_605748155_box2.jpg,291.756073,371.833374,883.3605957,891.8248901,Chelyosoma productum,0.103263907,2,Aeolidia loui
obs_333664707_photo_605748155,obs_333664707_photo_605748155_2,/share/ftrscape/image_dataset/obs_333664707_photo_605748155.jpg,/rs1/researchers/a/amallav/results/outputs_crop/obs_333664707_photo_605748155_box2.jpg,291.756073,371.833374,883.3605957,891.8248901,Berthella chacei,0.087007366,2,Aeolidia loui
obs_333664707_photo_605748155,obs_333664707_photo_605748155_2,/share/ftrscape/image_dataset/obs_333664707_photo_605748155.jpg,/rs1/researchers/a/amallav/results/outputs_crop/obs_333664707_photo_605748155_box2.jpg,291.756073,371.833374,883.3605957,891.8248901,Cyclosalpa bakeri,0.051382493,2,Aeolidia loui
obs_333664707_photo_605748155,obs_333664707_photo_605748155_2,/share/ftrscape/image_dataset/obs_333664707_photo_605748155.jpg,/rs1/researchers/a/amallav/results/outputs_crop/obs_333664707_photo_605748155_box2.jpg,291.756073,371.833374,883.3605957,891.8248901,Mimetridium cryptum,0.029326268,2,Aeolidia loui
obs_333664707_photo_605748155,obs_333664707_photo_605748155_2,/share/ftrscape/image_dataset/obs_333664707_photo_605748155.jpg,/rs1/researchers/a/amallav/results/outputs_crop/obs_333664707_photo_605748155_box2.jpg,291.756073,371.833374,883.3605957,891.8248901,Marseniopsis pacifica,0.01835751,2,Aeolidia loui
obs_333664707_photo_605748155,obs_333664707_photo_605748155_3,/share/ftrscape/image_dataset/obs_333664707_photo_605748155.jpg,/rs1/researchers/a/amallav/results/outputs_crop/obs_333664707_photo_605748155_box3.jpg,293.0516052,373.3561401,880.835083,886.2595825,Chelyosoma productum,0.13051571,3,Aeolidia loui
obs_333664707_photo_605748155,obs_333664707_photo_605748155_3,/share/ftrscape/image_dataset/obs_333664707_photo_605748155.jpg,/rs1/researchers/a/amallav/results/outputs_crop/obs_333664707_photo_605748155_box3.jpg,293.0516052,373.3561401,880.835083,886.2595825,Berthella chacei,0.118859485,3,Aeolidia loui
obs_333664707_photo_605748155,obs_333664707_photo_605748155_3,/share/ftrscape/image_dataset/obs_333664707_photo_605748155.jpg,/rs1/researchers/a/amallav/results/outputs_crop/obs_333664707_photo_605748155_box3.jpg,293.0516052,373.3561401,880.835083,886.2595825,Cyclosalpa bakeri,0.086180098,3,Aeolidia loui
obs_333664707_photo_605748155,obs_333664707_photo_605748155_3,/share/ftrscape/image_dataset/obs_333664707_photo_605748155.jpg,/rs1/researchers/a/amallav/results/outputs_crop/obs_333664707_photo_605748155_box3.jpg,293.0516052,373.3561401,880.835083,886.2595825,Cyclosalpa affinis,0.027895883,3,Aeolidia loui
obs_333664707_photo_605748155,obs_333664707_photo_605748155_3,/share/ftrscape/image_dataset/obs_333664707_photo_605748155.jpg,/rs1/researchers/a/amallav/results/outputs_crop/obs_333664707_photo_605748155_box3.jpg,293.0516052,373.3561401,880.835083,886.2595825,Berthella californica,0.027772712,3,Aeolidia loui
obs_334025380_photo_606497684,obs_334025380_photo_606497684_1,/share/ftrscape/image_dataset/obs_334025380_photo_606497684.jpg,/rs1/researchers/a/amallav/results/outputs_crop/obs_334025380_photo_606497684_box1.jpg,432.7402649,1377.886719,987.1045532,1622.00415,Xeromphalina cirris,0.172602519,1,Cryptomarasmius corbariensis
obs_334025380_photo_606497684,obs_334025380_photo_606497684_1,/share/ftrscape/image_dataset/obs_334025380_photo_606497684.jpg,/rs1/researchers/a/amallav/results/outputs_crop/obs_334025380_photo_606497684_box1.jpg,432.7402649,1377.886719,987.1045532,1622.00415,Xeromphalina campanelloides,0.104940623,1,Cryptomarasmius corbariensis
obs_334025380_photo_606497684,obs_334025380_photo_606497684_1,/share/ftrscape/image_dataset/obs_334025380_photo_606497684.jpg,/rs1/researchers/a/amallav/results/outputs_crop/obs_334025380_photo_606497684_box1.jpg,432.7402649,1377.886719,987.1045532,1622.00415,Cryptomarasmius corbariensis,0.091634244,1,Cryptomarasmius corbariensis
obs_334025380_photo_606497684,obs_334025380_photo_606497684_1,/share/ftrscape/image_dataset/obs_334025380_photo_606497684.jpg,/rs1/researchers/a/amallav/results/outputs_crop/obs_334025380_photo_606497684_box1.jpg,432.7402649,1377.886719,987.1045532,1622.00415,Xeromphalina setulipes,0.047205985,1,Cryptomarasmius corbariensis
obs_334025380_photo_606497684,obs_334025380_photo_606497684_1,/share/ftrscape/image_dataset/obs_334025380_photo_606497684.jpg,/rs1/researchers/a/amallav/results/outputs_crop/obs_334025380_photo_606497684_box1.jpg,432.7402649,1377.886719,987.1045532,1622.00415,Marasmius curreyi,0.037440863,1,Cryptomarasmius corbariensis
obs_334025380_photo_606497684,obs_334025380_photo_606497684_2,/share/ftrscape/image_dataset/obs_334025380_photo_606497684.jpg,/rs1/researchers/a/amallav/results/outputs_crop/obs_334025380_photo_606497684_box2.jpg,405.6387634,481.6620178,659.4942627,640.7199707,Plesiocystiscus genecoani,0.018386222,2,Cryptomarasmius corbariensis
obs_334025380_photo_606497684,obs_334025380_photo_606497684_2,/share/ftrscape/image_dataset/obs_334025380_photo_606497684.jpg,/rs1/researchers/a/amallav/results/outputs_crop/obs_334025380_photo_606497684_box2.jpg,405.6387634,481.6620178,659.4942627,640.7199707,Cystiscus aurantius,0.017277267,2,Cryptomarasmius corbariensis
obs_334025380_photo_606497684,obs_334025380_photo_606497684_2,/share/ftrscape/image_dataset/obs_334025380_photo_606497684.jpg,/rs1/researchers/a/amallav/results/outputs_crop/obs_334025380_photo_606497684_box2.jpg,405.6387634,481.6620178,659.4942627,640.7199707,Angustassiminea succinea,0.007439312,2,Cryptomarasmius corbariensis
obs_334025380_photo_606497684,obs_334025380_photo_606497684_2,/share/ftrscape/image_dataset/obs_334025380_photo_606497684.jpg,/rs1/researchers/a/amallav/results/outputs_crop/obs_334025380_photo_606497684_box2.jpg,405.6387634,481.6620178,659.4942627,640.7199707,Cystiscus carinifer,0.005720696,2,Cryptomarasmius corbariensis
obs_334025380_photo_606497684,obs_334025380_photo_606497684_2,/share/ftrscape/image_dataset/obs_334025380_photo_606497684.jpg,/rs1/researchers/a/amallav/results/outputs_crop/obs_334025380_photo_606497684_box2.jpg,405.6387634,481.6620178,659.4942627,640.7199707,Halocynthia pyriformis,0.005512422,2,Cryptomarasmius corbariensis
obs_334025380_photo_606497684,obs_334025380_photo_606497684_3,/share/ftrscape/image_dataset/obs_334025380_photo_606497684.jpg,/rs1/researchers/a/amallav/results/outputs_crop/obs_334025380_photo_606497684_box3.jpg,738.0222168,1378.165527,979.958252,1567.866699,Hypomyces tubariicola,0.013146585,3,Cryptomarasmius corbariensis
obs_334025380_photo_606497684,obs_334025380_photo_606497684_3,/share/ftrscape/image_dataset/obs_334025380_photo_606497684.jpg,/rs1/researchers/a/amallav/results/outputs_crop/obs_334025380_photo_606497684_box3.jpg,738.0222168,1378.165527,979.958252,1567.866699,Rhizomarasmius epidryas,0.012535374,3,Cryptomarasmius corbariensis
obs_334025380_photo_606497684,obs_334025380_photo_606497684_3,/share/ftrscape/image_dataset/obs_334025380_photo_606497684.jpg,/rs1/researchers/a/amallav/results/outputs_crop/obs_334025380_photo_606497684_box3.jpg,738.0222168,1378.165527,979.958252,1567.866699,Flammulaster carpophilus,0.011559764,3,Cryptomarasmius corbariensis
obs_334025380_photo_606497684,obs_334025380_photo_606497684_3,/share/ftrscape/image_dataset/obs_334025380_photo_606497684.jpg,/rs1/researchers/a/amallav/results/outputs_crop/obs_334025380_photo_606497684_box3.jpg,738.0222168,1378.165527,979.958252,1567.866699,Marasmius curreyi,0.010863785,3,Cryptomarasmius corbariensis
obs_334025380_photo_606497684,obs_334025380_photo_606497684_3,/share/ftrscape/image_dataset/obs_334025380_photo_606497684.jpg,/rs1/researchers/a/amallav/results/outputs_crop/obs_334025380_photo_606497684_box3.jpg,738.0222168,1378.165527,979.958252,1567.866699,Laccaria montana,0.008864801,3,Cryptomarasmius corbariensis
obs_334025380_photo_606497684,obs_334025380_photo_606497684_4,/share/ftrscape/image_dataset/obs_334025380_photo_606497684.jpg,/rs1/researchers/a/amallav/results/outputs_crop/obs_334025380_photo_606497684_box4.jpg,405.0066833,483.3768616,660.7680664,641.5109253,Cystiscus aurantius,0.018295076,4,Cryptomarasmius corbariensis
obs_334025380_photo_606497684,obs_334025380_photo_606497684_4,/share/ftrscape/image_dataset/obs_334025380_photo_606497684.jpg,/rs1/researchers/a/amallav/results/outputs_crop/obs_334025380_photo_606497684_box4.jpg,405.0066833,483.3768616,660.7680664,641.5109253,Conus consors,0.018011712,4,Cryptomarasmius corbariensis
obs_334025380_photo_606497684,obs_334025380_photo_606497684_4,/share/ftrscape/image_dataset/obs_334025380_photo_606497684.jpg,/rs1/researchers/a/amallav/results/outputs_crop/obs_334025380_photo_606497684_box4.jpg,405.0066833,483.3768616,660.7680664,641.5109253,Plesiocystiscus genecoani,0.016299563,4,Cryptomarasmius corbariensis
obs_334025380_photo_606497684,obs_334025380_photo_606497684_4,/share/ftrscape/image_dataset/obs_334025380_photo_606497684.jpg,/rs1/researchers/a/amallav/results/outputs_crop/obs_334025380_photo_606497684_box4.jpg,405.0066833,483.3768616,660.7680664,641.5109253,Conus daucus,0.015507651,4,Cryptomarasmius corbariensis
obs_334025380_photo_606497684,obs_334025380_photo_606497684_4,/share/ftrscape/image_dataset/obs_334025380_photo_606497684.jpg,/rs1/researchers/a/amallav/results/outputs_crop/obs_334025380_photo_606497684_box4.jpg,405.0066833,483.3768616,660.7680664,641.5109253,Conus coccineus,0.015382157,4,Cryptomarasmius corbariensis
obs_334025380_photo_606497684,obs_334025380_photo_606497684_5,/share/ftrscape/image_dataset/obs_334025380_photo_606497684.jpg,/rs1/researchers/a/amallav/results/outputs_crop/obs_334025380_photo_606497684_box5.jpg,455.9390564,3.431465149,608.6124878,132.2990112,Homo naledi,0.006418631,5,Cryptomarasmius corbariensis
obs_334025380_photo_606497684,obs_334025380_photo_606497684_5,/share/ftrscape/image_dataset/obs_334025380_photo_606497684.jpg,/rs1/researchers/a/amallav/results/outputs_crop/obs_334025380_photo_606497684_box5.jpg,455.9390564,3.431465149,608.6124878,132.2990112,Gasterophilus intestinalis,0.003587611,5,Cryptomarasmius corbariensis
obs_334025380_photo_606497684,obs_334025380_photo_606497684_5,/share/ftrscape/image_dataset/obs_334025380_photo_606497684.jpg,/rs1/researchers/a/amallav/results/outputs_crop/obs_334025380_photo_606497684_box5.jpg,455.9390564,3.431465149,608.6124878,132.2990112,Bathynomus giganteus,0.003533257,5,Cryptomarasmius corbariensis
obs_334025380_photo_606497684,obs_334025380_photo_606497684_5,/share/ftrscape/image_dataset/obs_334025380_photo_606497684.jpg,/rs1/researchers/a/amallav/results/outputs_crop/obs_334025380_photo_606497684_box5.jpg,455.9390564,3.431465149,608.6124878,132.2990112,Phalium fimbria,0.0028892,5,Cryptomarasmius corbariensis
obs_334025380_photo_606497684,obs_334025380_photo_606497684_5,/share/ftrscape/image_dataset/obs_334025380_photo_606497684.jpg,/rs1/researchers/a/amallav/results/outputs_crop/obs_334025380_photo_606497684_box5.jpg,455.9390564,3.431465149,608.6124878,132.2990112,Chrysolophus pictus,0.002770917,5,Cryptomarasmius corbariensis
obs_33435868_photo_52515163,obs_33435868_photo_52515163_1,/share/ftrscape/image_dataset/obs_33435868_photo_52515163.jpg,/rs1/researchers/a/amallav/results/outputs_crop/obs_33435868_photo_52515163_box1.jpg,532.5076904,5.723693848,1248.670654,2043.439453,Ichthyomyzon castaneus,0.198658243,1,Paranemertes peregrina
obs_33435868_photo_52515163,obs_33435868_photo_52515163_1,/share/ftrscape/image_dataset/obs_33435868_photo_52515163.jpg,/rs1/researchers/a/amallav/results/outputs_crop/obs_33435868_photo_52515163_box1.jpg,532.5076904,5.723693848,1248.670654,2043.439453,Petromyzon marinus,0.134788588,1,Paranemertes peregrina
obs_33435868_photo_52515163,obs_33435868_photo_52515163_1,/share/ftrscape/image_dataset/obs_33435868_photo_52515163.jpg,/rs1/researchers/a/amallav/results/outputs_crop/obs_33435868_photo_52515163_box1.jpg,532.5076904,5.723693848,1248.670654,2043.439453,Entosphenus macrostomus,0.081123389,1,Paranemertes peregrina
obs_33435868_photo_52515163,obs_33435868_photo_52515163_1,/share/ftrscape/image_dataset/obs_33435868_photo_52515163.jpg,/rs1/researchers/a/amallav/results/outputs_crop/obs_33435868_photo_52515163_box1.jpg,532.5076904,5.723693848,1248.670654,2043.439453,Ichthyomyzon bdellium,0.042749021,1,Paranemertes peregrina
obs_33435868_photo_52515163,obs_33435868_photo_52515163_1,/share/ftrscape/image_dataset/obs_33435868_photo_52515163.jpg,/rs1/researchers/a/amallav/results/outputs_crop/obs_33435868_photo_52515163_box1.jpg,532.5076904,5.723693848,1248.670654,2043.439453,Lampetra ayresii,0.037972484,1,Paranemertes peregrina
obs_33435868_photo_52515163,obs_33435868_photo_52515163_2,/share/ftrscape/image_dataset/obs_33435868_photo_52515163.jpg,/rs1/researchers/a/amallav/results/outputs_crop/obs_33435868_photo_52515163_box2.jpg,533.1964111,0.352600098,1244.829956,2046.050049,Ichthyomyzon castaneus,0.178233683,2,Paranemertes peregrina
obs_33435868_photo_52515163,obs_33435868_photo_52515163_2,/share/ftrscape/image_dataset/obs_33435868_photo_52515163.jpg,/rs1/researchers/a/amallav/results/outputs_crop/obs_33435868_photo_52515163_box2.jpg,533.1964111,0.352600098,1244.829956,2046.050049,Petromyzon marinus,0.122677669,2,Paranemertes peregrina
obs_33435868_photo_52515163,obs_33435868_photo_52515163_2,/share/ftrscape/image_dataset/obs_33435868_photo_52515163.jpg,/rs1/researchers/a/amallav/results/outputs_crop/obs_33435868_photo_52515163_box2.jpg,533.1964111,0.352600098,1244.829956,2046.050049,Entosphenus macrostomus,0.08152914,2,Paranemertes peregrina
obs_33435868_photo_52515163,obs_33435868_photo_52515163_2,/share/ftrscape/image_dataset/obs_33435868_photo_52515163.jpg,/rs1/researchers/a/amallav/results/outputs_crop/obs_33435868_photo_52515163_box2.jpg,533.1964111,0.352600098,1244.829956,2046.050049,Ichthyomyzon greeleyi,0.036416493,2,Paranemertes peregrina
obs_33435868_photo_52515163,obs_33435868_photo_52515163_2,/share/ftrscape/image_dataset/obs_33435868_photo_52515163.jpg,/rs1/researchers/a/amallav/results/outputs_crop/obs_33435868_photo_52515163_box2.jpg,533.1964111,0.352600098,1244.829956,2046.050049,Ichthyomyzon bdellium,0.028948823,2,Paranemertes peregrina
obs_33435868_photo_52515163,obs_33435868_photo_52515163_3,/share/ftrscape/image_dataset/obs_33435868_photo_52515163.jpg,/rs1/researchers/a/amallav/results/outputs_crop/obs_33435868_photo_52515163_box3.jpg,535.8477783,-6.292358398,1154.935059,1224.935547,Paranemertes peregrina,0.070334867,3,Paranemertes peregrina
obs_33435868_photo_52515163,obs_33435868_photo_52515163_3,/share/ftrscape/image_dataset/obs_33435868_photo_52515163.jpg,/rs1/researchers/a/amallav/results/outputs_crop/obs_33435868_photo_52515163_box3.jpg,535.8477783,-6.292358398,1154.935059,1224.935547,Erpobdella octoculata,0.063884951,3,Paranemertes peregrina
obs_33435868_photo_52515163,obs_33435868_photo_52515163_3,/share/ftrscape/image_dataset/obs_33435868_photo_52515163.jpg,/rs1/researchers/a/amallav/results/outputs_crop/obs_33435868_photo_52515163_box3.jpg,535.8477783,-6.292358398,1154.935059,1224.935547,Tetrastemma vermiculus,0.034597181,3,Paranemertes peregrina
obs_33435868_photo_52515163,obs_33435868_photo_52515163_3,/share/ftrscape/image_dataset/obs_33435868_photo_52515163.jpg,/rs1/researchers/a/amallav/results/outputs_crop/obs_33435868_photo_52515163_box3.jpg,535.8477783,-6.292358398,1154.935059,1224.935547,Emplectonema derjugini,0.026578031,3,Paranemertes peregrina
obs_33435868_photo_52515163,obs_33435868_photo_52515163_3,/share/ftrscape/image_dataset/obs_33435868_photo_52515163.jpg,/rs1/researchers/a/amallav/results/outputs_crop/obs_33435868_photo_52515163_box3.jpg,535.8477783,-6.292358398,1154.935059,1224.935547,Tetrastemma signifer,0.024450297,3,Paranemertes peregrina
obs_334758419_photo_607987821,obs_334758419_photo_607987821_1,/share/ftrscape/image_dataset/obs_334758419_photo_607987821.jpg,/rs1/researchers/a/amallav/results/outputs_crop/obs_334758419_photo_607987821_box1.jpg,11.026474,10.92919922,1527.883057,2041.149414,Illosporiopsis christiansenii,0.867868781,1,Illosporiopsis christiansenii
obs_334758419_photo_607987821,obs_334758419_photo_607987821_1,/share/ftrscape/image_dataset/obs_334758419_photo_607987821.jpg,/rs1/researchers/a/amallav/results/outputs_crop/obs_334758419_photo_607987821_box1.jpg,11.026474,10.92919922,1527.883057,2041.149414,Marchandiomyces corallinus,0.02813614,1,Illosporiopsis christiansenii
obs_334758419_photo_607987821,obs_334758419_photo_607987821_1,/share/ftrscape/image_dataset/obs_334758419_photo_607987821.jpg,/rs1/researchers/a/amallav/results/outputs_crop/obs_334758419_photo_607987821_box1.jpg,11.026474,10.92919922,1527.883057,2041.149414,Hyperphyscia syncolla,0.002650343,1,Illosporiopsis christiansenii
obs_334758419_photo_607987821,obs_334758419_photo_607987821_1,/share/ftrscape/image_dataset/obs_334758419_photo_607987821.jpg,/rs1/researchers/a/amallav/results/outputs_crop/obs_334758419_photo_607987821_box1.jpg,11.026474,10.92919922,1527.883057,2041.149414,Physcia crispa,0.00205554,1,Illosporiopsis christiansenii
obs_334758419_photo_607987821,obs_334758419_photo_607987821_1,/share/ftrscape/image_dataset/obs_334758419_photo_607987821.jpg,/rs1/researchers/a/amallav/results/outputs_crop/obs_334758419_photo_607987821_box1.jpg,11.026474,10.92919922,1527.883057,2041.149414,Ovicuculispora parmeliae,0.001888099,1,Illosporiopsis christiansenii
obs_334758419_photo_607987821,obs_334758419_photo_607987821_2,/share/ftrscape/image_dataset/obs_334758419_photo_607987821.jpg,/rs1/researchers/a/amallav/results/outputs_crop/obs_334758419_photo_607987821_box2.jpg,209.6173401,793.3921509,515.5059814,1034.277588,Xanthoparmelia protomatrae,0.095378518,2,Illosporiopsis christiansenii
obs_334758419_photo_607987821,obs_334758419_photo_607987821_2,/share/ftrscape/image_dataset/obs_334758419_photo_607987821.jpg,/rs1/researchers/a/amallav/results/outputs_crop/obs_334758419_photo_607987821_box2.jpg,209.6173401,793.3921509,515.5059814,1034.277588,Physcia crispa,0.035778478,2,Illosporiopsis christiansenii
obs_334758419_photo_607987821,obs_334758419_photo_607987821_2,/share/ftrscape/image_dataset/obs_334758419_photo_607987821.jpg,/rs1/researchers/a/amallav/results/outputs_crop/obs_334758419_photo_607987821_box2.jpg,209.6173401,793.3921509,515.5059814,1034.277588,Xanthoparmelia angustiphylla,0.032144863,2,Illosporiopsis christiansenii
obs_334758419_photo_607987821,obs_334758419_photo_607987821_2,/share/ftrscape/image_dataset/obs_334758419_photo_607987821.jpg,/rs1/researchers/a/amallav/results/outputs_crop/obs_334758419_photo_607987821_box2.jpg,209.6173401,793.3921509,515.5059814,1034.277588,Xanthoparmelia dierythra,0.028088206,2,Illosporiopsis christiansenii
obs_334758419_photo_607987821,obs_334758419_photo_607987821_2,/share/ftrscape/image_dataset/obs_334758419_photo_607987821.jpg,/rs1/researchers/a/amallav/results/outputs_crop/obs_334758419_photo_607987821_box2.jpg,209.6173401,793.3921509,515.5059814,1034.277588,Xanthoparmelia aggregata,0.026700923,2,Illosporiopsis christiansenii
obs_334758419_photo_607987821,obs_334758419_photo_607987821_3,/share/ftrscape/image_dataset/obs_334758419_photo_607987821.jpg,/rs1/researchers/a/amallav/results/outputs_crop/obs_334758419_photo_607987821_box3.jpg,875.0339355,1162.148926,1107.626587,1343.45874,Umbilicaria umbilicarioides,0.02938062,3,Illosporiopsis christiansenii
obs_334758419_photo_607987821,obs_334758419_photo_607987821_3,/share/ftrscape/image_dataset/obs_334758419_photo_607987821.jpg,/rs1/researchers/a/amallav/results/outputs_crop/obs_334758419_photo_607987821_box3.jpg,875.0339355,1162.148926,1107.626587,1343.45874,Neoalbatrellus caeruleoporus,0.019855063,3,Illosporiopsis christiansenii
obs_334758419_photo_607987821,obs_334758419_photo_607987821_3,/share/ftrscape/image_dataset/obs_334758419_photo_607987821.jpg,/rs1/researchers/a/amallav/results/outputs_crop/obs_334758419_photo_607987821_box3.jpg,875.0339355,1162.148926,1107.626587,1343.45874,Dermatocarpon reticulatum,0.018142628,3,Illosporiopsis christiansenii
obs_334758419_photo_607987821,obs_334758419_photo_607987821_3,/share/ftrscape/image_dataset/obs_334758419_photo_607987821.jpg,/rs1/researchers/a/amallav/results/outputs_crop/obs_334758419_photo_607987821_box3.jpg,875.0339355,1162.148926,1107.626587,1343.45874,Leptogium menziesii,0.016372627,3,Illosporiopsis christiansenii
obs_334758419_photo_607987821,obs_334758419_photo_607987821_3,/share/ftrscape/image_dataset/obs_334758419_photo_607987821.jpg,/rs1/researchers/a/amallav/results/outputs_crop/obs_334758419_photo_607987821_box3.jpg,875.0339355,1162.148926,1107.626587,1343.45874,Umbilicaria polyphylla,0.014659654,3,Illosporiopsis christiansenii
obs_334758419_photo_607987821,obs_334758419_photo_607987821_4,/share/ftrscape/image_dataset/obs_334758419_photo_607987821.jpg,/rs1/researchers/a/amallav/results/outputs_crop/obs_334758419_photo_607987821_box4.jpg,872.3096924,1160.057617,1106.204834,1343.23584,Trididemnum cyanophorum,0.083406739,4,Illosporiopsis christiansenii
obs_334758419_photo_607987821,obs_334758419_photo_607987821_4,/share/ftrscape/image_dataset/obs_334758419_photo_607987821.jpg,/rs1/researchers/a/amallav/results/outputs_crop/obs_334758419_photo_607987821_box4.jpg,872.3096924,1160.057617,1106.204834,1343.23584,Pseudobiceros uniarborensis,0.022689162,4,Illosporiopsis christiansenii
obs_334758419_photo_607987821,obs_334758419_photo_607987821_4,/share/ftrscape/image_dataset/obs_334758419_photo_607987821.jpg,/rs1/researchers/a/amallav/results/outputs_crop/obs_334758419_photo_607987821_box4.jpg,872.3096924,1160.057617,1106.204834,1343.23584,Heliopora coerulea,0.022669435,4,Illosporiopsis christiansenii
obs_334758419_photo_607987821,obs_334758419_photo_607987821_4,/share/ftrscape/image_dataset/obs_334758419_photo_607987821.jpg,/rs1/researchers/a/amallav/results/outputs_crop/obs_334758419_photo_607987821_box4.jpg,872.3096924,1160.057617,1106.204834,1343.23584,Pseudoceros bicolor,0.017359659,4,Illosporiopsis christiansenii
obs_334758419_photo_607987821,obs_334758419_photo_607987821_4,/share/ftrscape/image_dataset/obs_334758419_photo_607987821.jpg,/rs1/researchers/a/amallav/results/outputs_crop/obs_334758419_photo_607987821_box4.jpg,872.3096924,1160.057617,1106.204834,1343.23584,Tridacna crocea,0.012016155,4,Illosporiopsis christiansenii
obs_334758419_photo_607987821,obs_334758419_photo_607987821_5,/share/ftrscape/image_dataset/obs_334758419_photo_607987821.jpg,/rs1/researchers/a/amallav/results/outputs_crop/obs_334758419_photo_607987821_box5.jpg,216.485733,21.68804932,1521.988403,2039.440674,Illosporiopsis christiansenii,0.879636645,5,Illosporiopsis christiansenii
obs_334758419_photo_607987821,obs_334758419_photo_607987821_5,/share/ftrscape/image_dataset/obs_334758419_photo_607987821.jpg,/rs1/researchers/a/amallav/results/outputs_crop/obs_334758419_photo_607987821_box5.jpg,216.485733,21.68804932,1521.988403,2039.440674,Marchandiomyces corallinus,0.028476343,5,Illosporiopsis christiansenii
obs_334758419_photo_607987821,obs_334758419_photo_607987821_5,/share/ftrscape/image_dataset/obs_334758419_photo_607987821.jpg,/rs1/researchers/a/amallav/results/outputs_crop/obs_334758419_photo_607987821_box5.jpg,216.485733,21.68804932,1521.988403,2039.440674,Hyperphyscia syncolla,0.004024194,5,Illosporiopsis christiansenii
obs_334758419_photo_607987821,obs_334758419_photo_607987821_5,/share/ftrscape/image_dataset/obs_334758419_photo_607987821.jpg,/rs1/researchers/a/amallav/results/outputs_crop/obs_334758419_photo_607987821_box5.jpg,216.485733,21.68804932,1521.988403,2039.440674,Hyperphyscia confusa,0.002679342,5,Illosporiopsis christiansenii
obs_334758419_photo_607987821,obs_334758419_photo_607987821_5,/share/ftrscape/image_dataset/obs_334758419_photo_607987821.jpg,/rs1/researchers/a/amallav/results/outputs_crop/obs_334758419_photo_607987821_box5.jpg,216.485733,21.68804932,1521.988403,2039.440674,Physcia crispa,0.002308715,5,Illosporiopsis christiansenii
obs_336269939_photo_611037472,obs_336269939_photo_611037472_1,/share/ftrscape/image_dataset/obs_336269939_photo_611037472.jpg,/rs1/researchers/a/amallav/results/outputs_crop/obs_336269939_photo_611037472_box1.jpg,609.1831055,53.46295166,1044.281372,1269.376953,Occiperipatoides gilesii,0.217070952,1,Peripatoides novaezealandiae
obs_336269939_photo_611037472,obs_336269939_photo_611037472_1,/share/ftrscape/image_dataset/obs_336269939_photo_611037472.jpg,/rs1/researchers/a/amallav/results/outputs_crop/obs_336269939_photo_611037472_box1.jpg,609.1831055,53.46295166,1044.281372,1269.376953,Euperipatoides rowelli,0.131125882,1,Peripatoides novaezealandiae
obs_336269939_photo_611037472,obs_336269939_photo_611037472_1,/share/ftrscape/image_dataset/obs_336269939_photo_611037472.jpg,/rs1/researchers/a/amallav/results/outputs_crop/obs_336269939_photo_611037472_box1.jpg,609.1831055,53.46295166,1044.281372,1269.376953,Peripatoides sympatrica,0.089185037,1,Peripatoides novaezealandiae
obs_336269939_photo_611037472,obs_336269939_photo_611037472_1,/share/ftrscape/image_dataset/obs_336269939_photo_611037472.jpg,/rs1/researchers/a/amallav/results/outputs_crop/obs_336269939_photo_611037472_box1.jpg,609.1831055,53.46295166,1044.281372,1269.376953,Peripatoides suteri,0.07421957,1,Peripatoides novaezealandiae
obs_336269939_photo_611037472,obs_336269939_photo_611037472_1,/share/ftrscape/image_dataset/obs_336269939_photo_611037472.jpg,/rs1/researchers/a/amallav/results/outputs_crop/obs_336269939_photo_611037472_box1.jpg,609.1831055,53.46295166,1044.281372,1269.376953,Austroperipatus aequabilis,0.069674969,1,Peripatoides novaezealandiae
obs_336269939_photo_611037472,obs_336269939_photo_611037472_2,/share/ftrscape/image_dataset/obs_336269939_photo_611037472.jpg,/rs1/researchers/a/amallav/results/outputs_crop/obs_336269939_photo_611037472_box2.jpg,612.4945068,57.65130615,1048.512695,1263.361572,Occiperipatoides gilesii,0.149694964,2,Peripatoides novaezealandiae
obs_336269939_photo_611037472,obs_336269939_photo_611037472_2,/share/ftrscape/image_dataset/obs_336269939_photo_611037472.jpg,/rs1/researchers/a/amallav/results/outputs_crop/obs_336269939_photo_611037472_box2.jpg,612.4945068,57.65130615,1048.512695,1263.361572,Euperipatoides rowelli,0.132572815,2,Peripatoides novaezealandiae
obs_336269939_photo_611037472,obs_336269939_photo_611037472_2,/share/ftrscape/image_dataset/obs_336269939_photo_611037472.jpg,/rs1/researchers/a/amallav/results/outputs_crop/obs_336269939_photo_611037472_box2.jpg,612.4945068,57.65130615,1048.512695,1263.361572,Peripatoides suteri,0.074442685,2,Peripatoides novaezealandiae
obs_336269939_photo_611037472,obs_336269939_photo_611037472_2,/share/ftrscape/image_dataset/obs_336269939_photo_611037472.jpg,/rs1/researchers/a/amallav/results/outputs_crop/obs_336269939_photo_611037472_box2.jpg,612.4945068,57.65130615,1048.512695,1263.361572,Peripatoides sympatrica,0.073861673,2,Peripatoides novaezealandiae
obs_336269939_photo_611037472,obs_336269939_photo_611037472_2,/share/ftrscape/image_dataset/obs_336269939_photo_611037472.jpg,/rs1/researchers/a/amallav/results/outputs_crop/obs_336269939_photo_611037472_box2.jpg,612.4945068,57.65130615,1048.512695,1263.361572,Opisthopatus highveldi,0.065770157,2,Peripatoides novaezealandiae
obs_336269939_photo_611037472,obs_336269939_photo_611037472_3,/share/ftrscape/image_dataset/obs_336269939_photo_611037472.jpg,/rs1/researchers/a/amallav/results/outputs_crop/obs_336269939_photo_611037472_box3.jpg,1061.731323,12.04681396,1393.786255,947.21698,Euperipatoides rowelli,0.180686191,3,Peripatoides novaezealandiae
obs_336269939_photo_611037472,obs_336269939_photo_611037472_3,/share/ftrscape/image_dataset/obs_336269939_photo_611037472.jpg,/rs1/researchers/a/amallav/results/outputs_crop/obs_336269939_photo_611037472_box3.jpg,1061.731323,12.04681396,1393.786255,947.21698,Occiperipatoides gilesii,0.121306047,3,Peripatoides novaezealandiae
obs_336269939_photo_611037472,obs_336269939_photo_611037472_3,/share/ftrscape/image_dataset/obs_336269939_photo_611037472.jpg,/rs1/researchers/a/amallav/results/outputs_crop/obs_336269939_photo_611037472_box3.jpg,1061.731323,12.04681396,1393.786255,947.21698,Peripatoides novaezealandiae,0.110549048,3,Peripatoides novaezealandiae
obs_336269939_photo_611037472,obs_336269939_photo_611037472_3,/share/ftrscape/image_dataset/obs_336269939_photo_611037472.jpg,/rs1/researchers/a/amallav/results/outputs_crop/obs_336269939_photo_611037472_box3.jpg,1061.731323,12.04681396,1393.786255,947.21698,Peripatoides sympatrica,0.093687996,3,Peripatoides novaezealandiae
obs_336269939_photo_611037472,obs_336269939_photo_611037472_3,/share/ftrscape/image_dataset/obs_336269939_photo_611037472.jpg,/rs1/researchers/a/amallav/results/outputs_crop/obs_336269939_photo_611037472_box3.jpg,1061.731323,12.04681396,1393.786255,947.21698,Euperipatoides kanangrensis,0.080546267,3,Peripatoides novaezealandiae
obs_336269939_photo_611037472,obs_336269939_photo_611037472_4,/share/ftrscape/image_dataset/obs_336269939_photo_611037472.jpg,/rs1/researchers/a/amallav/results/outputs_crop/obs_336269939_photo_611037472_box4.jpg,1059.586914,15.51089478,1396.069336,949.2518311,Euperipatoides rowelli,0.149928302,4,Peripatoides novaezealandiae
obs_336269939_photo_611037472,obs_336269939_photo_611037472_4,/share/ftrscape/image_dataset/obs_336269939_photo_611037472.jpg,/rs1/researchers/a/amallav/results/outputs_crop/obs_336269939_photo_611037472_box4.jpg,1059.586914,15.51089478,1396.069336,949.2518311,Occiperipatoides gilesii,0.113094993,4,Peripatoides novaezealandiae
obs_336269939_photo_611037472,obs_336269939_photo_611037472_4,/share/ftrscape/image_dataset/obs_336269939_photo_611037472.jpg,/rs1/researchers/a/amallav/results/outputs_crop/obs_336269939_photo_611037472_box4.jpg,1059.586914,15.51089478,1396.069336,949.2518311,Pseudogeoplana reticulata,0.094726115,4,Peripatoides novaezealandiae
obs_336269939_photo_611037472,obs_336269939_photo_611037472_4,/share/ftrscape/image_dataset/obs_336269939_photo_611037472.jpg,/rs1/researchers/a/amallav/results/outputs_crop/obs_336269939_photo_611037472_box4.jpg,1059.586914,15.51089478,1396.069336,949.2518311,Peripatoides sympatrica,0.082280628,4,Peripatoides novaezealandiae
obs_336269939_photo_611037472,obs_336269939_photo_611037472_4,/share/ftrscape/image_dataset/obs_336269939_photo_611037472.jpg,/rs1/researchers/a/amallav/results/outputs_crop/obs_336269939_photo_611037472_box4.jpg,1059.586914,15.51089478,1396.069336,949.2518311,Peripatoides novaezealandiae,0.072152399,4,Peripatoides novaezealandiae
obs_336269939_photo_611037472,obs_336269939_photo_611037472_5,/share/ftrscape/image_dataset/obs_336269939_photo_611037472.jpg,/rs1/researchers/a/amallav/results/outputs_crop/obs_336269939_photo_611037472_box5.jpg,62.34567261,1295.909546,898.8015137,1635.213501,Occiperipatoides gilesii,0.358507752,5,Peripatoides novaezealandiae
obs_336269939_photo_611037472,obs_336269939_photo_611037472_5,/share/ftrscape/image_dataset/obs_336269939_photo_611037472.jpg,/rs1/researchers/a/amallav/results/outputs_crop/obs_336269939_photo_611037472_box5.jpg,62.34567261,1295.909546,898.8015137,1635.213501,Peripatoides sympatrica,0.084581979,5,Peripatoides novaezealandiae
obs_336269939_photo_611037472,obs_336269939_photo_611037472_5,/share/ftrscape/image_dataset/obs_336269939_photo_611037472.jpg,/rs1/researchers/a/amallav/results/outputs_crop/obs_336269939_photo_611037472_box5.jpg,62.34567261,1295.909546,898.8015137,1635.213501,Euperipatoides kanangrensis,0.080613293,5,Peripatoides novaezealandiae
obs_336269939_photo_611037472,obs_336269939_photo_611037472_5,/share/ftrscape/image_dataset/obs_336269939_photo_611037472.jpg,/rs1/researchers/a/amallav/results/outputs_crop/obs_336269939_photo_611037472_box5.jpg,62.34567261,1295.909546,898.8015137,1635.213501,Euperipatoides rowelli,0.078462832,5,Peripatoides novaezealandiae
obs_336269939_photo_611037472,obs_336269939_photo_611037472_5,/share/ftrscape/image_dataset/obs_336269939_photo_611037472.jpg,/rs1/researchers/a/amallav/results/outputs_crop/obs_336269939_photo_611037472_box5.jpg,62.34567261,1295.909546,898.8015137,1635.213501,Peripatoides suteri,0.076095209,5,Peripatoides novaezealandiae
obs_337063055_photo_612648507,obs_337063055_photo_612648507_1,/share/ftrscape/image_dataset/obs_337063055_photo_612648507.jpg,/rs1/researchers/a/amallav/results/outputs_crop/obs_337063055_photo_612648507_box1.jpg,113.0605469,197.0500488,1787.91626,1319.129395,Charonia tritonis,0.683491409,1,Charonia tritonis
obs_337063055_photo_612648507,obs_337063055_photo_612648507_1,/share/ftrscape/image_dataset/obs_337063055_photo_612648507.jpg,/rs1/researchers/a/amallav/results/outputs_crop/obs_337063055_photo_612648507_box1.jpg,113.0605469,197.0500488,1787.91626,1319.129395,Ranella olearium,0.134214178,1,Charonia tritonis
obs_337063055_photo_612648507,obs_337063055_photo_612648507_1,/share/ftrscape/image_dataset/obs_337063055_photo_612648507.jpg,/rs1/researchers/a/amallav/results/outputs_crop/obs_337063055_photo_612648507_box1.jpg,113.0605469,197.0500488,1787.91626,1319.129395,Triplofusus princeps,0.039774258,1,Charonia tritonis
obs_337063055_photo_612648507,obs_337063055_photo_612648507_1,/share/ftrscape/image_dataset/obs_337063055_photo_612648507.jpg,/rs1/researchers/a/amallav/results/outputs_crop/obs_337063055_photo_612648507_box1.jpg,113.0605469,197.0500488,1787.91626,1319.129395,Titanostrombus goliath,0.01883065,1,Charonia tritonis
obs_337063055_photo_612648507,obs_337063055_photo_612648507_1,/share/ftrscape/image_dataset/obs_337063055_photo_612648507.jpg,/rs1/researchers/a/amallav/results/outputs_crop/obs_337063055_photo_612648507_box1.jpg,113.0605469,197.0500488,1787.91626,1319.129395,Charonia variegata,0.006779803,1,Charonia tritonis
obs_337063055_photo_612648507,obs_337063055_photo_612648507_2,/share/ftrscape/image_dataset/obs_337063055_photo_612648507.jpg,/rs1/researchers/a/amallav/results/outputs_crop/obs_337063055_photo_612648507_box2.jpg,119.2943726,202.475235,1789.841797,1317.384766,Charonia tritonis,0.766554356,2,Charonia tritonis
obs_337063055_photo_612648507,obs_337063055_photo_612648507_2,/share/ftrscape/image_dataset/obs_337063055_photo_612648507.jpg,/rs1/researchers/a/amallav/results/outputs_crop/obs_337063055_photo_612648507_box2.jpg,119.2943726,202.475235,1789.841797,1317.384766,Ranella olearium,0.074699655,2,Charonia tritonis
obs_337063055_photo_612648507,obs_337063055_photo_612648507_2,/share/ftrscape/image_dataset/obs_337063055_photo_612648507.jpg,/rs1/researchers/a/amallav/results/outputs_crop/obs_337063055_photo_612648507_box2.jpg,119.2943726,202.475235,1789.841797,1317.384766,Triplofusus princeps,0.060021482,2,Charonia tritonis
obs_337063055_photo_612648507,obs_337063055_photo_612648507_2,/share/ftrscape/image_dataset/obs_337063055_photo_612648507.jpg,/rs1/researchers/a/amallav/results/outputs_crop/obs_337063055_photo_612648507_box2.jpg,119.2943726,202.475235,1789.841797,1317.384766,Titanostrombus goliath,0.013687625,2,Charonia tritonis
obs_337063055_photo_612648507,obs_337063055_photo_612648507_2,/share/ftrscape/image_dataset/obs_337063055_photo_612648507.jpg,/rs1/researchers/a/amallav/results/outputs_crop/obs_337063055_photo_612648507_box2.jpg,119.2943726,202.475235,1789.841797,1317.384766,Charonia variegata,0.005975348,2,Charonia tritonis
obs_337063055_photo_612648507,obs_337063055_photo_612648507_3,/share/ftrscape/image_dataset/obs_337063055_photo_612648507.jpg,/rs1/researchers/a/amallav/results/outputs_crop/obs_337063055_photo_612648507_box3.jpg,957.8438721,390.9093933,1517.001343,960.9310303,Dendropoma platypus,0.030479712,3,Charonia tritonis
obs_337063055_photo_612648507,obs_337063055_photo_612648507_3,/share/ftrscape/image_dataset/obs_337063055_photo_612648507.jpg,/rs1/researchers/a/amallav/results/outputs_crop/obs_337063055_photo_612648507_box3.jpg,957.8438721,390.9093933,1517.001343,960.9310303,Malleus candeanus,0.023739979,3,Charonia tritonis
obs_337063055_photo_612648507,obs_337063055_photo_612648507_3,/share/ftrscape/image_dataset/obs_337063055_photo_612648507.jpg,/rs1/researchers/a/amallav/results/outputs_crop/obs_337063055_photo_612648507_box3.jpg,957.8438721,390.9093933,1517.001343,960.9310303,Petaloconchus mcgintyi,0.023360692,3,Charonia tritonis
obs_337063055_photo_612648507,obs_337063055_photo_612648507_3,/share/ftrscape/image_dataset/obs_337063055_photo_612648507.jpg,/rs1/researchers/a/amallav/results/outputs_crop/obs_337063055_photo_612648507_box3.jpg,957.8438721,390.9093933,1517.001343,960.9310303,Codakia orbicularis,0.013582061,3,Charonia tritonis
obs_337063055_photo_612648507,obs_337063055_photo_612648507_3,/share/ftrscape/image_dataset/obs_337063055_photo_612648507.jpg,/rs1/researchers/a/amallav/results/outputs_crop/obs_337063055_photo_612648507_box3.jpg,957.8438721,390.9093933,1517.001343,960.9310303,Dendropoma nebulosum,0.012280952,3,Charonia tritonis
obs_337063055_photo_612648507,obs_337063055_photo_612648507_4,/share/ftrscape/image_dataset/obs_337063055_photo_612648507.jpg,/rs1/researchers/a/amallav/results/outputs_crop/obs_337063055_photo_612648507_box4.jpg,112.1132202,201.1693726,1792.24707,1313.782104,Charonia tritonis,0.756793618,4,Charonia tritonis
obs_337063055_photo_612648507,obs_337063055_photo_612648507_4,/share/ftrscape/image_dataset/obs_337063055_photo_612648507.jpg,/rs1/researchers/a/amallav/results/outputs_crop/obs_337063055_photo_612648507_box4.jpg,112.1132202,201.1693726,1792.24707,1313.782104,Ranella olearium,0.08102344,4,Charonia tritonis
obs_337063055_photo_612648507,obs_337063055_photo_612648507_4,/share/ftrscape/image_dataset/obs_337063055_photo_612648507.jpg,/rs1/researchers/a/amallav/results/outputs_crop/obs_337063055_photo_612648507_box4.jpg,112.1132202,201.1693726,1792.24707,1313.782104,Triplofusus princeps,0.040070668,4,Charonia tritonis
obs_337063055_photo_612648507,obs_337063055_photo_612648507_4,/share/ftrscape/image_dataset/obs_337063055_photo_612648507.jpg,/rs1/researchers/a/amallav/results/outputs_crop/obs_337063055_photo_612648507_box4.jpg,112.1132202,201.1693726,1792.24707,1313.782104,Titanostrombus goliath,0.01414091,4,Charonia tritonis
obs_337063055_photo_612648507,obs_337063055_photo_612648507_4,/share/ftrscape/image_dataset/obs_337063055_photo_612648507.jpg,/rs1/researchers/a/amallav/results/outputs_crop/obs_337063055_photo_612648507_box4.jpg,112.1132202,201.1693726,1792.24707,1313.782104,Charonia variegata,0.006794051,4,Charonia tritonis
obs_337063055_photo_612648507,obs_337063055_photo_612648507_5,/share/ftrscape/image_dataset/obs_337063055_photo_612648507.jpg,/rs1/researchers/a/amallav/results/outputs_crop/obs_337063055_photo_612648507_box5.jpg,376.5586548,204.5562744,1786.762451,1303.478394,Charonia tritonis,0.28063485,5,Charonia tritonis
obs_337063055_photo_612648507,obs_337063055_photo_612648507_5,/share/ftrscape/image_dataset/obs_337063055_photo_612648507.jpg,/rs1/researchers/a/amallav/results/outputs_crop/obs_337063055_photo_612648507_box5.jpg,376.5586548,204.5562744,1786.762451,1303.478394,Titanostrombus goliath,0.166636392,5,Charonia tritonis
obs_337063055_photo_612648507,obs_337063055_photo_612648507_5,/share/ftrscape/image_dataset/obs_337063055_photo_612648507.jpg,/rs1/researchers/a/amallav/results/outputs_crop/obs_337063055_photo_612648507_box5.jpg,376.5586548,204.5562744,1786.762451,1303.478394,Ranella olearium,0.096953735,5,Charonia tritonis
obs_337063055_photo_612648507,obs_337063055_photo_612648507_5,/share/ftrscape/image_dataset/obs_337063055_photo_612648507.jpg,/rs1/researchers/a/amallav/results/outputs_crop/obs_337063055_photo_612648507_box5.jpg,376.5586548,204.5562744,1786.762451,1303.478394,Malea ringens,0.058330875,5,Charonia tritonis
obs_337063055_photo_612648507,obs_337063055_photo_612648507_5,/share/ftrscape/image_dataset/obs_337063055_photo_612648507.jpg,/rs1/researchers/a/amallav/results/outputs_crop/obs_337063055_photo_612648507_box5.jpg,376.5586548,204.5562744,1786.762451,1303.478394,Triplofusus princeps,0.045297999,5,Charonia tritonis
obs_337600645_photo_614526508,obs_337600645_photo_614526508_1,/share/ftrscape/image_dataset/obs_337600645_photo_614526508.jpg,/rs1/researchers/a/amallav/results/outputs_crop/obs_337600645_photo_614526508_box1.jpg,630.9505615,3.530359268,956.9378052,415.831543,Haematopus bachmani,0.86283654,1,Strongylocentrotus purpuratus
obs_337600645_photo_614526508,obs_337600645_photo_614526508_1,/share/ftrscape/image_dataset/obs_337600645_photo_614526508.jpg,/rs1/researchers/a/amallav/results/outputs_crop/obs_337600645_photo_614526508_box1.jpg,630.9505615,3.530359268,956.9378052,415.831543,Haematopus fuliginosus,0.044474166,1,Strongylocentrotus purpuratus
obs_337600645_photo_614526508,obs_337600645_photo_614526508_1,/share/ftrscape/image_dataset/obs_337600645_photo_614526508.jpg,/rs1/researchers/a/amallav/results/outputs_crop/obs_337600645_photo_614526508_box1.jpg,630.9505615,3.530359268,956.9378052,415.831543,Haematopus ater,0.028220799,1,Strongylocentrotus purpuratus
obs_337600645_photo_614526508,obs_337600645_photo_614526508_1,/share/ftrscape/image_dataset/obs_337600645_photo_614526508.jpg,/rs1/researchers/a/amallav/results/outputs_crop/obs_337600645_photo_614526508_box1.jpg,630.9505615,3.530359268,956.9378052,415.831543,Haematopus unicolor,0.012540878,1,Strongylocentrotus purpuratus
obs_337600645_photo_614526508,obs_337600645_photo_614526508_1,/share/ftrscape/image_dataset/obs_337600645_photo_614526508.jpg,/rs1/researchers/a/amallav/results/outputs_crop/obs_337600645_photo_614526508_box1.jpg,630.9505615,3.530359268,956.9378052,415.831543,Fratercula cirrhata,0.010718928,1,Strongylocentrotus purpuratus
obs_337600645_photo_614526508,obs_337600645_photo_614526508_2,/share/ftrscape/image_dataset/obs_337600645_photo_614526508.jpg,/rs1/researchers/a/amallav/results/outputs_crop/obs_337600645_photo_614526508_box2.jpg,760.5188599,1.128204226,815.5266724,104.1681976,Eukerria saltensis,0.033013113,2,Strongylocentrotus purpuratus
obs_337600645_photo_614526508,obs_337600645_photo_614526508_2,/share/ftrscape/image_dataset/obs_337600645_photo_614526508.jpg,/rs1/researchers/a/amallav/results/outputs_crop/obs_337600645_photo_614526508_box2.jpg,760.5188599,1.128204226,815.5266724,104.1681976,Pomphorhynchus tereticollis,0.021138346,2,Strongylocentrotus purpuratus
obs_337600645_photo_614526508,obs_337600645_photo_614526508_2,/share/ftrscape/image_dataset/obs_337600645_photo_614526508.jpg,/rs1/researchers/a/amallav/results/outputs_crop/obs_337600645_photo_614526508_box2.jpg,760.5188599,1.128204226,815.5266724,104.1681976,Dipylidium caninum,0.012899549,2,Strongylocentrotus purpuratus
obs_337600645_photo_614526508,obs_337600645_photo_614526508_2,/share/ftrscape/image_dataset/obs_337600645_photo_614526508.jpg,/rs1/researchers/a/amallav/results/outputs_crop/obs_337600645_photo_614526508_box2.jpg,760.5188599,1.128204226,815.5266724,104.1681976,Eisenia lucens,0.009099539,2,Strongylocentrotus purpuratus
obs_337600645_photo_614526508,obs_337600645_photo_614526508_2,/share/ftrscape/image_dataset/obs_337600645_photo_614526508.jpg,/rs1/researchers/a/amallav/results/outputs_crop/obs_337600645_photo_614526508_box2.jpg,760.5188599,1.128204226,815.5266724,104.1681976,Fustiaria stenoschiza,0.007592111,2,Strongylocentrotus purpuratus
obs_337606242_photo_613762919,obs_337606242_photo_613762919_1,/share/ftrscape/image_dataset/obs_337606242_photo_613762919.jpg,/rs1/researchers/a/amallav/results/outputs_crop/obs_337606242_photo_613762919_box1.jpg,6.59777832,154.1209717,1478.903198,1318.27124,Persicaria virginiana,0.401622236,1,Puccinia polygoni-amphibii
obs_337606242_photo_613762919,obs_337606242_photo_613762919_1,/share/ftrscape/image_dataset/obs_337606242_photo_613762919.jpg,/rs1/researchers/a/amallav/results/outputs_crop/obs_337606242_photo_613762919_box1.jpg,6.59777832,154.1209717,1478.903198,1318.27124,Persicaria filiformis,0.071546361,1,Puccinia polygoni-amphibii
obs_337606242_photo_613762919,obs_337606242_photo_613762919_1,/share/ftrscape/image_dataset/obs_337606242_photo_613762919.jpg,/rs1/researchers/a/amallav/results/outputs_crop/obs_337606242_photo_613762919_box1.jpg,6.59777832,154.1209717,1478.903198,1318.27124,Coleosporium elephantopodis,0.027283652,1,Puccinia polygoni-amphibii
obs_337606242_photo_613762919,obs_337606242_photo_613762919_1,/share/ftrscape/image_dataset/obs_337606242_photo_613762919.jpg,/rs1/researchers/a/amallav/results/outputs_crop/obs_337606242_photo_613762919_box1.jpg,6.59777832,154.1209717,1478.903198,1318.27124,Pucciniastrum circaeae,0.010195934,1,Puccinia polygoni-amphibii
obs_337606242_photo_613762919,obs_337606242_photo_613762919_1,/share/ftrscape/image_dataset/obs_337606242_photo_613762919.jpg,/rs1/researchers/a/amallav/results/outputs_crop/obs_337606242_photo_613762919_box1.jpg,6.59777832,154.1209717,1478.903198,1318.27124,Erysiphe carpophila,0.008947223,1,Puccinia polygoni-amphibii
obs_337610708_photo_613769550,obs_337610708_photo_613769550_1,/share/ftrscape/image_dataset/obs_337610708_photo_613769550.jpg,/rs1/researchers/a/amallav/results/outputs_crop/obs_337610708_photo_613769550_box1.jpg,610.6865845,19.08384705,1773.434326,1499.960083,Neoerysiphe nevoi,0.234029293,1,Golovinomyces bolayi
obs_337610708_photo_613769550,obs_337610708_photo_613769550_1,/share/ftrscape/image_dataset/obs_337610708_photo_613769550.jpg,/rs1/researchers/a/amallav/results/outputs_crop/obs_337610708_photo_613769550_box1.jpg,610.6865845,19.08384705,1773.434326,1499.960083,Golovinomyces eurybiarum,0.142072707,1,Golovinomyces bolayi
obs_337610708_photo_613769550,obs_337610708_photo_613769550_1,/share/ftrscape/image_dataset/obs_337610708_photo_613769550.jpg,/rs1/researchers/a/amallav/results/outputs_crop/obs_337610708_photo_613769550_box1.jpg,610.6865845,19.08384705,1773.434326,1499.960083,Golovinomyces sonchicola,0.121147238,1,Golovinomyces bolayi
obs_337610708_photo_613769550,obs_337610708_photo_613769550_1,/share/ftrscape/image_dataset/obs_337610708_photo_613769550.jpg,/rs1/researchers/a/amallav/results/outputs_crop/obs_337610708_photo_613769550_box1.jpg,610.6865845,19.08384705,1773.434326,1499.960083,Lactuca floridana,0.094249569,1,Golovinomyces bolayi
obs_337610708_photo_613769550,obs_337610708_photo_613769550_1,/share/ftrscape/image_dataset/obs_337610708_photo_613769550.jpg,/rs1/researchers/a/amallav/results/outputs_crop/obs_337610708_photo_613769550_box1.jpg,610.6865845,19.08384705,1773.434326,1499.960083,Golovinomyces bolayi,0.054684971,1,Golovinomyces bolayi
obs_337610708_photo_613769550,obs_337610708_photo_613769550_2,/share/ftrscape/image_dataset/obs_337610708_photo_613769550.jpg,/rs1/researchers/a/amallav/results/outputs_crop/obs_337610708_photo_613769550_box2.jpg,589.9598389,21.80433655,1756.626343,1492.481323,Lactuca floridana,0.263293833,2,Golovinomyces bolayi
obs_337610708_photo_613769550,obs_337610708_photo_613769550_2,/share/ftrscape/image_dataset/obs_337610708_photo_613769550.jpg,/rs1/researchers/a/amallav/results/outputs_crop/obs_337610708_photo_613769550_box2.jpg,589.9598389,21.80433655,1756.626343,1492.481323,Neoerysiphe nevoi,0.12558116,2,Golovinomyces bolayi
obs_337610708_photo_613769550,obs_337610708_photo_613769550_2,/share/ftrscape/image_dataset/obs_337610708_photo_613769550.jpg,/rs1/researchers/a/amallav/results/outputs_crop/obs_337610708_photo_613769550_box2.jpg,589.9598389,21.80433655,1756.626343,1492.481323,Golovinomyces eurybiarum,0.110779345,2,Golovinomyces bolayi
obs_337610708_photo_613769550,obs_337610708_photo_613769550_2,/share/ftrscape/image_dataset/obs_337610708_photo_613769550.jpg,/rs1/researchers/a/amallav/results/outputs_crop/obs_337610708_photo_613769550_box2.jpg,589.9598389,21.80433655,1756.626343,1492.481323,Golovinomyces sonchicola,0.044780418,2,Golovinomyces bolayi
obs_337610708_photo_613769550,obs_337610708_photo_613769550_2,/share/ftrscape/image_dataset/obs_337610708_photo_613769550.jpg,/rs1/researchers/a/amallav/results/outputs_crop/obs_337610708_photo_613769550_box2.jpg,589.9598389,21.80433655,1756.626343,1492.481323,Golovinomyces bolayi,0.038490206,2,Golovinomyces bolayi
obs_337610708_photo_613769550,obs_337610708_photo_613769550_3,/share/ftrscape/image_dataset/obs_337610708_photo_613769550.jpg,/rs1/researchers/a/amallav/results/outputs_crop/obs_337610708_photo_613769550_box3.jpg,718.7897949,572.0311279,1639.907959,1418.683472,Golovinomyces bolayi,0.296412289,3,Golovinomyces bolayi
obs_337610708_photo_613769550,obs_337610708_photo_613769550_3,/share/ftrscape/image_dataset/obs_337610708_photo_613769550.jpg,/rs1/researchers/a/amallav/results/outputs_crop/obs_337610708_photo_613769550_box3.jpg,718.7897949,572.0311279,1639.907959,1418.683472,Golovinomyces eurybiarum,0.116890766,3,Golovinomyces bolayi
obs_337610708_photo_613769550,obs_337610708_photo_613769550_3,/share/ftrscape/image_dataset/obs_337610708_photo_613769550.jpg,/rs1/researchers/a/amallav/results/outputs_crop/obs_337610708_photo_613769550_box3.jpg,718.7897949,572.0311279,1639.907959,1418.683472,Golovinomyces sonchicola,0.112899229,3,Golovinomyces bolayi
obs_337610708_photo_613769550,obs_337610708_photo_613769550_3,/share/ftrscape/image_dataset/obs_337610708_photo_613769550.jpg,/rs1/researchers/a/amallav/results/outputs_crop/obs_337610708_photo_613769550_box3.jpg,718.7897949,572.0311279,1639.907959,1418.683472,Golovinomyces malvacearum,0.059913222,3,Golovinomyces bolayi
obs_337610708_photo_613769550,obs_337610708_photo_613769550_3,/share/ftrscape/image_dataset/obs_337610708_photo_613769550.jpg,/rs1/researchers/a/amallav/results/outputs_crop/obs_337610708_photo_613769550_box3.jpg,718.7897949,572.0311279,1639.907959,1418.683472,Golovinomyces hydrophyllacearum,0.030955249,3,Golovinomyces bolayi
obs_337610708_photo_613769550,obs_337610708_photo_613769550_4,/share/ftrscape/image_dataset/obs_337610708_photo_613769550.jpg,/rs1/researchers/a/amallav/results/outputs_crop/obs_337610708_photo_613769550_box4.jpg,38.01000977,6.704223633,1800.351929,1516.920776,Lactuca floridana,0.564324319,4,Golovinomyces bolayi
obs_337610708_photo_613769550,obs_337610708_photo_613769550_4,/share/ftrscape/image_dataset/obs_337610708_photo_613769550.jpg,/rs1/researchers/a/amallav/results/outputs_crop/obs_337610708_photo_613769550_box4.jpg,38.01000977,6.704223633,1800.351929,1516.920776,Neoerysiphe nevoi,0.060736284,4,Golovinomyces bolayi
obs_337610708_photo_613769550,obs_337610708_photo_613769550_4,/share/ftrscape/image_dataset/obs_337610708_photo_613769550.jpg,/rs1/researchers/a/amallav/results/outputs_crop/obs_337610708_photo_613769550_box4.jpg,38.01000977,6.704223633,1800.351929,1516.920776,Golovinomyces bolayi,0.034737166,4,Golovinomyces bolayi
obs_337610708_photo_613769550,obs_337610708_photo_613769550_4,/share/ftrscape/image_dataset/obs_337610708_photo_613769550.jpg,/rs1/researchers/a/amallav/results/outputs_crop/obs_337610708_photo_613769550_box4.jpg,38.01000977,6.704223633,1800.351929,1516.920776,Golovinomyces sonchicola,0.032898527,4,Golovinomyces bolayi
obs_337610708_photo_613769550,obs_337610708_photo_613769550_4,/share/ftrscape/image_dataset/obs_337610708_photo_613769550.jpg,/rs1/researchers/a/amallav/results/outputs_crop/obs_337610708_photo_613769550_box4.jpg,38.01000977,6.704223633,1800.351929,1516.920776,Golovinomyces eurybiarum,0.01719116,4,Golovinomyces bolayi
obs_337610708_photo_613769550,obs_337610708_photo_613769550_5,/share/ftrscape/image_dataset/obs_337610708_photo_613769550.jpg,/rs1/researchers/a/amallav/results/outputs_crop/obs_337610708_photo_613769550_box5.jpg,952.5136719,641.8707275,1166.886719,874.3182373,Erysiphe clintonii,0.127860218,5,Golovinomyces bolayi
obs_337610708_photo_613769550,obs_337610708_photo_613769550_5,/share/ftrscape/image_dataset/obs_337610708_photo_613769550.jpg,/rs1/researchers/a/amallav/results/outputs_crop/obs_337610708_photo_613769550_box5.jpg,952.5136719,641.8707275,1166.886719,874.3182373,Erysiphe caryae,0.065683864,5,Golovinomyces bolayi
obs_337610708_photo_613769550,obs_337610708_photo_613769550_5,/share/ftrscape/image_dataset/obs_337610708_photo_613769550.jpg,/rs1/researchers/a/amallav/results/outputs_crop/obs_337610708_photo_613769550_box5.jpg,952.5136719,641.8707275,1166.886719,874.3182373,Erysiphe corylacearum,0.062960662,5,Golovinomyces bolayi
obs_337610708_photo_613769550,obs_337610708_photo_613769550_5,/share/ftrscape/image_dataset/obs_337610708_photo_613769550.jpg,/rs1/researchers/a/amallav/results/outputs_crop/obs_337610708_photo_613769550_box5.jpg,952.5136719,641.8707275,1166.886719,874.3182373,Erysiphe magnifica,0.054131579,5,Golovinomyces bolayi
obs_337610708_photo_613769550,obs_337610708_photo_613769550_5,/share/ftrscape/image_dataset/obs_337610708_photo_613769550.jpg,/rs1/researchers/a/amallav/results/outputs_crop/obs_337610708_photo_613769550_box5.jpg,952.5136719,641.8707275,1166.886719,874.3182373,Erysiphe liriodendri,0.046660777,5,Golovinomyces bolayi
obs_337610714_photo_613769638,obs_337610714_photo_613769638_1,/share/ftrscape/image_dataset/obs_337610714_photo_613769638.jpg,/rs1/researchers/a/amallav/results/outputs_crop/obs_337610714_photo_613769638_box1.jpg,-5.719665527,377.7721252,1297.46167,1276.206177,Celtis occidentalis,0.221811607,1,Erysiphe parvula
obs_337610714_photo_613769638,obs_337610714_photo_613769638_1,/share/ftrscape/image_dataset/obs_337610714_photo_613769638.jpg,/rs1/researchers/a/amallav/results/outputs_crop/obs_337610714_photo_613769638_box1.jpg,-5.719665527,377.7721252,1297.46167,1276.206177,Celticecis acuminata,0.13792786,1,Erysiphe parvula
obs_337610714_photo_613769638,obs_337610714_photo_613769638_1,/share/ftrscape/image_dataset/obs_337610714_photo_613769638.jpg,/rs1/researchers/a/amallav/results/outputs_crop/obs_337610714_photo_613769638_box1.jpg,-5.719665527,377.7721252,1297.46167,1276.206177,Pachypsylla celtidisvesicula,0.085240461,1,Erysiphe parvula
obs_337610714_photo_613769638,obs_337610714_photo_613769638_1,/share/ftrscape/image_dataset/obs_337610714_photo_613769638.jpg,/rs1/researchers/a/amallav/results/outputs_crop/obs_337610714_photo_613769638_box1.jpg,-5.719665527,377.7721252,1297.46167,1276.206177,Celticecis supina,0.083959274,1,Erysiphe parvula
obs_337610714_photo_613769638,obs_337610714_photo_613769638_1,/share/ftrscape/image_dataset/obs_337610714_photo_613769638.jpg,/rs1/researchers/a/amallav/results/outputs_crop/obs_337610714_photo_613769638_box1.jpg,-5.719665527,377.7721252,1297.46167,1276.206177,Celticecis pilosa,0.05440706,1,Erysiphe parvula
obs_337610714_photo_613769638,obs_337610714_photo_613769638_2,/share/ftrscape/image_dataset/obs_337610714_photo_613769638.jpg,/rs1/researchers/a/amallav/results/outputs_crop/obs_337610714_photo_613769638_box2.jpg,1228.38208,312.7971802,2046.308594,991.6801758,Celtis occidentalis,0.555906117,2,Erysiphe parvula
obs_337610714_photo_613769638,obs_337610714_photo_613769638_2,/share/ftrscape/image_dataset/obs_337610714_photo_613769638.jpg,/rs1/researchers/a/amallav/results/outputs_crop/obs_337610714_photo_613769638_box2.jpg,1228.38208,312.7971802,2046.308594,991.6801758,Celtis tenuifolia,0.109842539,2,Erysiphe parvula
obs_337610714_photo_613769638,obs_337610714_photo_613769638_2,/share/ftrscape/image_dataset/obs_337610714_photo_613769638.jpg,/rs1/researchers/a/amallav/results/outputs_crop/obs_337610714_photo_613769638_box2.jpg,1228.38208,312.7971802,2046.308594,991.6801758,Pachypsylla celtidisvesicula,0.098241612,2,Erysiphe parvula
obs_337610714_photo_613769638,obs_337610714_photo_613769638_2,/share/ftrscape/image_dataset/obs_337610714_photo_613769638.jpg,/rs1/researchers/a/amallav/results/outputs_crop/obs_337610714_photo_613769638_box2.jpg,1228.38208,312.7971802,2046.308594,991.6801758,Celticecis celtiphyllia,0.038872041,2,Erysiphe parvula
obs_337610714_photo_613769638,obs_337610714_photo_613769638_2,/share/ftrscape/image_dataset/obs_337610714_photo_613769638.jpg,/rs1/researchers/a/amallav/results/outputs_crop/obs_337610714_photo_613769638_box2.jpg,1228.38208,312.7971802,2046.308594,991.6801758,Celticecis acuminata,0.028244356,2,Erysiphe parvula
obs_337610714_photo_613769638,obs_337610714_photo_613769638_3,/share/ftrscape/image_dataset/obs_337610714_photo_613769638.jpg,/rs1/researchers/a/amallav/results/outputs_crop/obs_337610714_photo_613769638_box3.jpg,-16.00366211,363.9705505,1313.340088,1290.18811,Celticecis acuminata,0.247807875,3,Erysiphe parvula
obs_337610714_photo_613769638,obs_337610714_photo_613769638_3,/share/ftrscape/image_dataset/obs_337610714_photo_613769638.jpg,/rs1/researchers/a/amallav/results/outputs_crop/obs_337610714_photo_613769638_box3.jpg,-16.00366211,363.9705505,1313.340088,1290.18811,Celticecis supina,0.172148556,3,Erysiphe parvula
obs_337610714_photo_613769638,obs_337610714_photo_613769638_3,/share/ftrscape/image_dataset/obs_337610714_photo_613769638.jpg,/rs1/researchers/a/amallav/results/outputs_crop/obs_337610714_photo_613769638_box3.jpg,-16.00366211,363.9705505,1313.340088,1290.18811,Pachypsylla celtidisvesicula,0.081584431,3,Erysiphe parvula
obs_337610714_photo_613769638,obs_337610714_photo_613769638_3,/share/ftrscape/image_dataset/obs_337610714_photo_613769638.jpg,/rs1/researchers/a/amallav/results/outputs_crop/obs_337610714_photo_613769638_box3.jpg,-16.00366211,363.9705505,1313.340088,1290.18811,Celtis occidentalis,0.067185856,3,Erysiphe parvula
obs_337610714_photo_613769638,obs_337610714_photo_613769638_3,/share/ftrscape/image_dataset/obs_337610714_photo_613769638.jpg,/rs1/researchers/a/amallav/results/outputs_crop/obs_337610714_photo_613769638_box3.jpg,-16.00366211,363.9705505,1313.340088,1290.18811,Celticecis pilosa,0.046722565,3,Erysiphe parvula
obs_337610714_photo_613769638,obs_337610714_photo_613769638_4,/share/ftrscape/image_dataset/obs_337610714_photo_613769638.jpg,/rs1/researchers/a/amallav/results/outputs_crop/obs_337610714_photo_613769638_box4.jpg,4.927734375,6.55581665,2040.768677,1529.532837,Celtis occidentalis,0.592059851,4,Erysiphe parvula
obs_337610714_photo_613769638,obs_337610714_photo_613769638_4,/share/ftrscape/image_dataset/obs_337610714_photo_613769638.jpg,/rs1/researchers/a/amallav/results/outputs_crop/obs_337610714_photo_613769638_box4.jpg,4.927734375,6.55581665,2040.768677,1529.532837,Celtis tenuifolia,0.189726651,4,Erysiphe parvula
obs_337610714_photo_613769638,obs_337610714_photo_613769638_4,/share/ftrscape/image_dataset/obs_337610714_photo_613769638.jpg,/rs1/researchers/a/amallav/results/outputs_crop/obs_337610714_photo_613769638_box4.jpg,4.927734375,6.55581665,2040.768677,1529.532837,Pachypsylla celtidisvesicula,0.056668472,4,Erysiphe parvula
obs_337610714_photo_613769638,obs_337610714_photo_613769638_4,/share/ftrscape/image_dataset/obs_337610714_photo_613769638.jpg,/rs1/researchers/a/amallav/results/outputs_crop/obs_337610714_photo_613769638_box4.jpg,4.927734375,6.55581665,2040.768677,1529.532837,Celtis lindheimeri,0.019247556,4,Erysiphe parvula
obs_337610714_photo_613769638,obs_337610714_photo_613769638_4,/share/ftrscape/image_dataset/obs_337610714_photo_613769638.jpg,/rs1/researchers/a/amallav/results/outputs_crop/obs_337610714_photo_613769638_box4.jpg,4.927734375,6.55581665,2040.768677,1529.532837,Celticecis celtiphyllia,0.014336673,4,Erysiphe parvula
obs_337610714_photo_613769638,obs_337610714_photo_613769638_5,/share/ftrscape/image_dataset/obs_337610714_photo_613769638.jpg,/rs1/researchers/a/amallav/results/outputs_crop/obs_337610714_photo_613769638_box5.jpg,-8.221130371,374.7205811,1297.043457,1282.012939,Celticecis acuminata,0.215697125,5,Erysiphe parvula
obs_337610714_photo_613769638,obs_337610714_photo_613769638_5,/share/ftrscape/image_dataset/obs_337610714_photo_613769638.jpg,/rs1/researchers/a/amallav/results/outputs_crop/obs_337610714_photo_613769638_box5.jpg,-8.221130371,374.7205811,1297.043457,1282.012939,Celticecis supina,0.160031006,5,Erysiphe parvula
obs_337610714_photo_613769638,obs_337610714_photo_613769638_5,/share/ftrscape/image_dataset/obs_337610714_photo_613769638.jpg,/rs1/researchers/a/amallav/results/outputs_crop/obs_337610714_photo_613769638_box5.jpg,-8.221130371,374.7205811,1297.043457,1282.012939,Celtis occidentalis,0.104147665,5,Erysiphe parvula
obs_337610714_photo_613769638,obs_337610714_photo_613769638_5,/share/ftrscape/image_dataset/obs_337610714_photo_613769638.jpg,/rs1/researchers/a/amallav/results/outputs_crop/obs_337610714_photo_613769638_box5.jpg,-8.221130371,374.7205811,1297.043457,1282.012939,Pachypsylla celtidisvesicula,0.074014768,5,Erysiphe parvula
obs_337610714_photo_613769638,obs_337610714_photo_613769638_5,/share/ftrscape/image_dataset/obs_337610714_photo_613769638.jpg,/rs1/researchers/a/amallav/results/outputs_crop/obs_337610714_photo_613769638_box5.jpg,-8.221130371,374.7205811,1297.043457,1282.012939,Celticecis pilosa,0.054092556,5,Erysiphe parvula
obs_338007030_photo_614585734,obs_338007030_photo_614585734_1,/share/ftrscape/image_dataset/obs_338007030_photo_614585734.jpg,/rs1/researchers/a/amallav/results/outputs_crop/obs_338007030_photo_614585734_box1.jpg,546.9983521,93.43004608,1816.193359,1208.21814,Eobania vermiculata,0.111939833,1,Eobania vermiculata
obs_338007030_photo_614585734,obs_338007030_photo_614585734_1,/share/ftrscape/image_dataset/obs_338007030_photo_614585734.jpg,/rs1/researchers/a/amallav/results/outputs_crop/obs_338007030_photo_614585734_box1.jpg,546.9983521,93.43004608,1816.193359,1208.21814,Xanthomelon interpositum,0.085228227,1,Eobania vermiculata
obs_338007030_photo_614585734,obs_338007030_photo_614585734_1,/share/ftrscape/image_dataset/obs_338007030_photo_614585734.jpg,/rs1/researchers/a/amallav/results/outputs_crop/obs_338007030_photo_614585734_box1.jpg,546.9983521,93.43004608,1816.193359,1208.21814,Xanthomelon distractum,0.060945198,1,Eobania vermiculata
obs_338007030_photo_614585734,obs_338007030_photo_614585734_1,/share/ftrscape/image_dataset/obs_338007030_photo_614585734.jpg,/rs1/researchers/a/amallav/results/outputs_crop/obs_338007030_photo_614585734_box1.jpg,546.9983521,93.43004608,1816.193359,1208.21814,Xanthomelon genetivum,0.039451081,1,Eobania vermiculata
obs_338007030_photo_614585734,obs_338007030_photo_614585734_1,/share/ftrscape/image_dataset/obs_338007030_photo_614585734.jpg,/rs1/researchers/a/amallav/results/outputs_crop/obs_338007030_photo_614585734_box1.jpg,546.9983521,93.43004608,1816.193359,1208.21814,Xanthomelon pachystylum,0.036101673,1,Eobania vermiculata
obs_338007030_photo_614585734,obs_338007030_photo_614585734_2,/share/ftrscape/image_dataset/obs_338007030_photo_614585734.jpg,/rs1/researchers/a/amallav/results/outputs_crop/obs_338007030_photo_614585734_box2.jpg,1421.275635,988.6768188,1604.17334,1221.38501,Thamnobryum subserratum,0.035230558,2,Eobania vermiculata
obs_338007030_photo_614585734,obs_338007030_photo_614585734_2,/share/ftrscape/image_dataset/obs_338007030_photo_614585734.jpg,/rs1/researchers/a/amallav/results/outputs_crop/obs_338007030_photo_614585734_box2.jpg,1421.275635,988.6768188,1604.17334,1221.38501,Thamnobryum neckeroides,0.023077633,2,Eobania vermiculata
obs_338007030_photo_614585734,obs_338007030_photo_614585734_2,/share/ftrscape/image_dataset/obs_338007030_photo_614585734.jpg,/rs1/researchers/a/amallav/results/outputs_crop/obs_338007030_photo_614585734_box2.jpg,1421.275635,988.6768188,1604.17334,1221.38501,Fontinalis dichelymoides,0.007655853,2,Eobania vermiculata
obs_338007030_photo_614585734,obs_338007030_photo_614585734_2,/share/ftrscape/image_dataset/obs_338007030_photo_614585734.jpg,/rs1/researchers/a/amallav/results/outputs_crop/obs_338007030_photo_614585734_box2.jpg,1421.275635,988.6768188,1604.17334,1221.38501,Alleniella besseri,0.006633579,2,Eobania vermiculata
obs_338007030_photo_614585734,obs_338007030_photo_614585734_2,/share/ftrscape/image_dataset/obs_338007030_photo_614585734.jpg,/rs1/researchers/a/amallav/results/outputs_crop/obs_338007030_photo_614585734_box2.jpg,1421.275635,988.6768188,1604.17334,1221.38501,Phaeoceros oreganus,0.006382178,2,Eobania vermiculata
obs_338486970_photo_615576074,obs_338486970_photo_615576074_1,/share/ftrscape/image_dataset/obs_338486970_photo_615576074.jpg,/rs1/researchers/a/amallav/results/outputs_crop/obs_338486970_photo_615576074_box1.jpg,74.1504364,247.9526367,1465.497314,1687.24646,Spisula solidissima,0.826622665,1,Spisula solidissima
obs_338486970_photo_615576074,obs_338486970_photo_615576074_1,/share/ftrscape/image_dataset/obs_338486970_photo_615576074.jpg,/rs1/researchers/a/amallav/results/outputs_crop/obs_338486970_photo_615576074_box1.jpg,74.1504364,247.9526367,1465.497314,1687.24646,Paphies subtriangulata,0.056170039,1,Spisula solidissima
obs_338486970_photo_615576074,obs_338486970_photo_615576074_1,/share/ftrscape/image_dataset/obs_338486970_photo_615576074.jpg,/rs1/researchers/a/amallav/results/outputs_crop/obs_338486970_photo_615576074_box1.jpg,74.1504364,247.9526367,1465.497314,1687.24646,Mactromeris polynyma,0.026140431,1,Spisula solidissima
obs_338486970_photo_615576074,obs_338486970_photo_615576074_1,/share/ftrscape/image_dataset/obs_338486970_photo_615576074.jpg,/rs1/researchers/a/amallav/results/outputs_crop/obs_338486970_photo_615576074_box1.jpg,74.1504364,247.9526367,1465.497314,1687.24646,Spisula sachalinensis,0.019028256,1,Spisula solidissima
obs_338486970_photo_615576074,obs_338486970_photo_615576074_1,/share/ftrscape/image_dataset/obs_338486970_photo_615576074.jpg,/rs1/researchers/a/amallav/results/outputs_crop/obs_338486970_photo_615576074_box1.jpg,74.1504364,247.9526367,1465.497314,1687.24646,Mactromeris Spisula brevirostrata,0.012549113,1,Spisula solidissima
obs_338486970_photo_615576074,obs_338486970_photo_615576074_2,/share/ftrscape/image_dataset/obs_338486970_photo_615576074.jpg,/rs1/researchers/a/amallav/results/outputs_crop/obs_338486970_photo_615576074_box2.jpg,77.97587585,246.8595581,1464.374756,1686.822998,Spisula solidissima,0.889551818,2,Spisula solidissima
obs_338486970_photo_615576074,obs_338486970_photo_615576074_2,/share/ftrscape/image_dataset/obs_338486970_photo_615576074.jpg,/rs1/researchers/a/amallav/results/outputs_crop/obs_338486970_photo_615576074_box2.jpg,77.97587585,246.8595581,1464.374756,1686.822998,Paphies subtriangulata,0.039676655,2,Spisula solidissima
obs_338486970_photo_615576074,obs_338486970_photo_615576074_2,/share/ftrscape/image_dataset/obs_338486970_photo_615576074.jpg,/rs1/researchers/a/amallav/results/outputs_crop/obs_338486970_photo_615576074_box2.jpg,77.97587585,246.8595581,1464.374756,1686.822998,Mactromeris polynyma,0.015998807,2,Spisula solidissima
obs_338486970_photo_615576074,obs_338486970_photo_615576074_2,/share/ftrscape/image_dataset/obs_338486970_photo_615576074.jpg,/rs1/researchers/a/amallav/results/outputs_crop/obs_338486970_photo_615576074_box2.jpg,77.97587585,246.8595581,1464.374756,1686.822998,Spisula sachalinensis,0.011814793,2,Spisula solidissima
obs_338486970_photo_615576074,obs_338486970_photo_615576074_2,/share/ftrscape/image_dataset/obs_338486970_photo_615576074.jpg,/rs1/researchers/a/amallav/results/outputs_crop/obs_338486970_photo_615576074_box2.jpg,77.97587585,246.8595581,1464.374756,1686.822998,Mactromeris Spisula brevirostrata,0.00730425,2,Spisula solidissima
obs_339993526_photo_618618071,obs_339993526_photo_618618071_1,/share/ftrscape/image_dataset/obs_339993526_photo_618618071.jpg,/rs1/researchers/a/amallav/results/outputs_crop/obs_339993526_photo_618618071_box1.jpg,263.6658325,186.8773041,1420.135742,1469.08252,Evasterias echinosoma,0.3526752,1,Evasterias troschelii
obs_339993526_photo_618618071,obs_339993526_photo_618618071_1,/share/ftrscape/image_dataset/obs_339993526_photo_618618071.jpg,/rs1/researchers/a/amallav/results/outputs_crop/obs_339993526_photo_618618071_box1.jpg,263.6658325,186.8773041,1420.135742,1469.08252,Evasterias troschelii,0.177716807,1,Evasterias troschelii
obs_339993526_photo_618618071,obs_339993526_photo_618618071_1,/share/ftrscape/image_dataset/obs_339993526_photo_618618071.jpg,/rs1/researchers/a/amallav/results/outputs_crop/obs_339993526_photo_618618071_box1.jpg,263.6658325,186.8773041,1420.135742,1469.08252,Meyenaster gelatinosus,0.090171821,1,Evasterias troschelii
obs_339993526_photo_618618071,obs_339993526_photo_618618071_1,/share/ftrscape/image_dataset/obs_339993526_photo_618618071.jpg,/rs1/researchers/a/amallav/results/outputs_crop/obs_339993526_photo_618618071_box1.jpg,263.6658325,186.8773041,1420.135742,1469.08252,Astrostole scabra,0.045711149,1,Evasterias troschelii
obs_339993526_photo_618618071,obs_339993526_photo_618618071_1,/share/ftrscape/image_dataset/obs_339993526_photo_618618071.jpg,/rs1/researchers/a/amallav/results/outputs_crop/obs_339993526_photo_618618071_box1.jpg,263.6658325,186.8773041,1420.135742,1469.08252,Astrostole insularis,0.04069544,1,Evasterias troschelii
obs_339993526_photo_618618071,obs_339993526_photo_618618071_2,/share/ftrscape/image_dataset/obs_339993526_photo_618618071.jpg,/rs1/researchers/a/amallav/results/outputs_crop/obs_339993526_photo_618618071_box2.jpg,507.9083862,1.499908447,2049.951904,1520.7948,Evasterias echinosoma,0.561951756,2,Evasterias troschelii
obs_339993526_photo_618618071,obs_339993526_photo_618618071_2,/share/ftrscape/image_dataset/obs_339993526_photo_618618071.jpg,/rs1/researchers/a/amallav/results/outputs_crop/obs_339993526_photo_618618071_box2.jpg,507.9083862,1.499908447,2049.951904,1520.7948,Evasterias troschelii,0.064288855,2,Evasterias troschelii
obs_339993526_photo_618618071,obs_339993526_photo_618618071_2,/share/ftrscape/image_dataset/obs_339993526_photo_618618071.jpg,/rs1/researchers/a/amallav/results/outputs_crop/obs_339993526_photo_618618071_box2.jpg,507.9083862,1.499908447,2049.951904,1520.7948,Luidia magellanica,0.05172972,2,Evasterias troschelii
obs_339993526_photo_618618071,obs_339993526_photo_618618071_2,/share/ftrscape/image_dataset/obs_339993526_photo_618618071.jpg,/rs1/researchers/a/amallav/results/outputs_crop/obs_339993526_photo_618618071_box2.jpg,507.9083862,1.499908447,2049.951904,1520.7948,Distolasterias elegans,0.04202934,2,Evasterias troschelii
obs_339993526_photo_618618071,obs_339993526_photo_618618071_2,/share/ftrscape/image_dataset/obs_339993526_photo_618618071.jpg,/rs1/researchers/a/amallav/results/outputs_crop/obs_339993526_photo_618618071_box2.jpg,507.9083862,1.499908447,2049.951904,1520.7948,Asterias rathbuni,0.038865149,2,Evasterias troschelii
obs_339993526_photo_618618071,obs_339993526_photo_618618071_3,/share/ftrscape/image_dataset/obs_339993526_photo_618618071.jpg,/rs1/researchers/a/amallav/results/outputs_crop/obs_339993526_photo_618618071_box3.jpg,254.4649658,-1.258071899,2035.83313,1514.573364,Evasterias echinosoma,0.500584066,3,Evasterias troschelii
obs_339993526_photo_618618071,obs_339993526_photo_618618071_3,/share/ftrscape/image_dataset/obs_339993526_photo_618618071.jpg,/rs1/researchers/a/amallav/results/outputs_crop/obs_339993526_photo_618618071_box3.jpg,254.4649658,-1.258071899,2035.83313,1514.573364,Evasterias troschelii,0.095594279,3,Evasterias troschelii
obs_339993526_photo_618618071,obs_339993526_photo_618618071_3,/share/ftrscape/image_dataset/obs_339993526_photo_618618071.jpg,/rs1/researchers/a/amallav/results/outputs_crop/obs_339993526_photo_618618071_box3.jpg,254.4649658,-1.258071899,2035.83313,1514.573364,Luidia magellanica,0.045577459,3,Evasterias troschelii
obs_339993526_photo_618618071,obs_339993526_photo_618618071_3,/share/ftrscape/image_dataset/obs_339993526_photo_618618071.jpg,/rs1/researchers/a/amallav/results/outputs_crop/obs_339993526_photo_618618071_box3.jpg,254.4649658,-1.258071899,2035.83313,1514.573364,Meyenaster gelatinosus,0.035405964,3,Evasterias troschelii
obs_339993526_photo_618618071,obs_339993526_photo_618618071_3,/share/ftrscape/image_dataset/obs_339993526_photo_618618071.jpg,/rs1/researchers/a/amallav/results/outputs_crop/obs_339993526_photo_618618071_box3.jpg,254.4649658,-1.258071899,2035.83313,1514.573364,Distolasterias elegans,0.032606304,3,Evasterias troschelii
obs_339993526_photo_618618071,obs_339993526_photo_618618071_4,/share/ftrscape/image_dataset/obs_339993526_photo_618618071.jpg,/rs1/researchers/a/amallav/results/outputs_crop/obs_339993526_photo_618618071_box4.jpg,255.6843872,25.91546631,1434.527588,1465.342896,Chloephaga hybrida,0.114659794,4,Evasterias troschelii
obs_339993526_photo_618618071,obs_339993526_photo_618618071_4,/share/ftrscape/image_dataset/obs_339993526_photo_618618071.jpg,/rs1/researchers/a/amallav/results/outputs_crop/obs_339993526_photo_618618071_box4.jpg,255.6843872,25.91546631,1434.527588,1465.342896,Evasterias echinosoma,0.109046638,4,Evasterias troschelii
obs_339993526_photo_618618071,obs_339993526_photo_618618071_4,/share/ftrscape/image_dataset/obs_339993526_photo_618618071.jpg,/rs1/researchers/a/amallav/results/outputs_crop/obs_339993526_photo_618618071_box4.jpg,255.6843872,25.91546631,1434.527588,1465.342896,Evasterias troschelii,0.104921155,4,Evasterias troschelii
obs_339993526_photo_618618071,obs_339993526_photo_618618071_4,/share/ftrscape/image_dataset/obs_339993526_photo_618618071.jpg,/rs1/researchers/a/amallav/results/outputs_crop/obs_339993526_photo_618618071_box4.jpg,255.6843872,25.91546631,1434.527588,1465.342896,Laricola Larus elegans,0.067289405,4,Evasterias troschelii
obs_339993526_photo_618618071,obs_339993526_photo_618618071_4,/share/ftrscape/image_dataset/obs_339993526_photo_618618071.jpg,/rs1/researchers/a/amallav/results/outputs_crop/obs_339993526_photo_618618071_box4.jpg,255.6843872,25.91546631,1434.527588,1465.342896,Astrostole insularis,0.058093455,4,Evasterias troschelii
obs_340263466_photo_619175705,obs_340263466_photo_619175705_1,/share/ftrscape/image_dataset/obs_340263466_photo_619175705.jpg,/rs1/researchers/a/amallav/results/outputs_crop/obs_340263466_photo_619175705_box1.jpg,6.259460449,12.72442627,1322.008057,1599.060303,Ferocactus gracilis,0.092018269,1,Cirsium ehrenbergii
obs_340263466_photo_619175705,obs_340263466_photo_619175705_1,/share/ftrscape/image_dataset/obs_340263466_photo_619175705.jpg,/rs1/researchers/a/amallav/results/outputs_crop/obs_340263466_photo_619175705_box1.jpg,6.259460449,12.72442627,1322.008057,1599.060303,Tristerix aphyllus,0.0798067,1,Cirsium ehrenbergii
obs_340263466_photo_619175705,obs_340263466_photo_619175705_1,/share/ftrscape/image_dataset/obs_340263466_photo_619175705.jpg,/rs1/researchers/a/amallav/results/outputs_crop/obs_340263466_photo_619175705_box1.jpg,6.259460449,12.72442627,1322.008057,1599.060303,Melocactus pachyacanthus,0.046888024,1,Cirsium ehrenbergii
obs_340263466_photo_619175705,obs_340263466_photo_619175705_1,/share/ftrscape/image_dataset/obs_340263466_photo_619175705.jpg,/rs1/researchers/a/amallav/results/outputs_crop/obs_340263466_photo_619175705_box1.jpg,6.259460449,12.72442627,1322.008057,1599.060303,Melocactus intortus,0.037628189,1,Cirsium ehrenbergii
obs_340263466_photo_619175705,obs_340263466_photo_619175705_1,/share/ftrscape/image_dataset/obs_340263466_photo_619175705.jpg,/rs1/researchers/a/amallav/results/outputs_crop/obs_340263466_photo_619175705_box1.jpg,6.259460449,12.72442627,1322.008057,1599.060303,Eriosyce engleri,0.033024095,1,Cirsium ehrenbergii
obs_340263466_photo_619175705,obs_340263466_photo_619175705_2,/share/ftrscape/image_dataset/obs_340263466_photo_619175705.jpg,/rs1/researchers/a/amallav/results/outputs_crop/obs_340263466_photo_619175705_box2.jpg,3.154129028,-1.276184082,1528.822266,2031.330322,Tristerix aphyllus,0.110224485,2,Cirsium ehrenbergii
obs_340263466_photo_619175705,obs_340263466_photo_619175705_2,/share/ftrscape/image_dataset/obs_340263466_photo_619175705.jpg,/rs1/researchers/a/amallav/results/outputs_crop/obs_340263466_photo_619175705_box2.jpg,3.154129028,-1.276184082,1528.822266,2031.330322,Mammillaria halei,0.104156412,2,Cirsium ehrenbergii
obs_340263466_photo_619175705,obs_340263466_photo_619175705_2,/share/ftrscape/image_dataset/obs_340263466_photo_619175705.jpg,/rs1/researchers/a/amallav/results/outputs_crop/obs_340263466_photo_619175705_box2.jpg,3.154129028,-1.276184082,1528.822266,2031.330322,Tristerix grandiflorus,0.084063828,2,Cirsium ehrenbergii
obs_340263466_photo_619175705,obs_340263466_photo_619175705_2,/share/ftrscape/image_dataset/obs_340263466_photo_619175705.jpg,/rs1/researchers/a/amallav/results/outputs_crop/obs_340263466_photo_619175705_box2.jpg,3.154129028,-1.276184082,1528.822266,2031.330322,Eriosyce subgibbosa,0.041255184,2,Cirsium ehrenbergii
obs_340263466_photo_619175705,obs_340263466_photo_619175705_2,/share/ftrscape/image_dataset/obs_340263466_photo_619175705.jpg,/rs1/researchers/a/amallav/results/outputs_crop/obs_340263466_photo_619175705_box2.jpg,3.154129028,-1.276184082,1528.822266,2031.330322,Chiranthodendron pentadactylon,0.033467636,2,Cirsium ehrenbergii
obs_340263466_photo_619175705,obs_340263466_photo_619175705_3,/share/ftrscape/image_dataset/obs_340263466_photo_619175705.jpg,/rs1/researchers/a/amallav/results/outputs_crop/obs_340263466_photo_619175705_box3.jpg,6.507110596,2.174255371,1347.252441,1616.393555,Tristerix aphyllus,0.370742559,3,Cirsium ehrenbergii
obs_340263466_photo_619175705,obs_340263466_photo_619175705_3,/share/ftrscape/image_dataset/obs_340263466_photo_619175705.jpg,/rs1/researchers/a/amallav/results/outputs_crop/obs_340263466_photo_619175705_box3.jpg,6.507110596,2.174255371,1347.252441,1616.393555,Ferocactus gracilis,0.037202168,3,Cirsium ehrenbergii
obs_340263466_photo_619175705,obs_340263466_photo_619175705_3,/share/ftrscape/image_dataset/obs_340263466_photo_619175705.jpg,/rs1/researchers/a/amallav/results/outputs_crop/obs_340263466_photo_619175705_box3.jpg,6.507110596,2.174255371,1347.252441,1616.393555,Mammillaria halei,0.031092349,3,Cirsium ehrenbergii
obs_340263466_photo_619175705,obs_340263466_photo_619175705_3,/share/ftrscape/image_dataset/obs_340263466_photo_619175705.jpg,/rs1/researchers/a/amallav/results/outputs_crop/obs_340263466_photo_619175705_box3.jpg,6.507110596,2.174255371,1347.252441,1616.393555,Melocactus intortus,0.028915219,3,Cirsium ehrenbergii
obs_340263466_photo_619175705,obs_340263466_photo_619175705_3,/share/ftrscape/image_dataset/obs_340263466_photo_619175705.jpg,/rs1/researchers/a/amallav/results/outputs_crop/obs_340263466_photo_619175705_box3.jpg,6.507110596,2.174255371,1347.252441,1616.393555,Tristerix grandiflorus,0.027713455,3,Cirsium ehrenbergii
obs_340263466_photo_619175705,obs_340263466_photo_619175705_4,/share/ftrscape/image_dataset/obs_340263466_photo_619175705.jpg,/rs1/researchers/a/amallav/results/outputs_crop/obs_340263466_photo_619175705_box4.jpg,4.989303589,11.18780518,1527.240967,2041.718262,Tristerix aphyllus,0.156251192,4,Cirsium ehrenbergii
obs_340263466_photo_619175705,obs_340263466_photo_619175705_4,/share/ftrscape/image_dataset/obs_340263466_photo_619175705.jpg,/rs1/researchers/a/amallav/results/outputs_crop/obs_340263466_photo_619175705_box4.jpg,4.989303589,11.18780518,1527.240967,2041.718262,Mammillaria halei,0.128563061,4,Cirsium ehrenbergii
obs_340263466_photo_619175705,obs_340263466_photo_619175705_4,/share/ftrscape/image_dataset/obs_340263466_photo_619175705.jpg,/rs1/researchers/a/amallav/results/outputs_crop/obs_340263466_photo_619175705_box4.jpg,4.989303589,11.18780518,1527.240967,2041.718262,Tristerix grandiflorus,0.058432706,4,Cirsium ehrenbergii
obs_340263466_photo_619175705,obs_340263466_photo_619175705_4,/share/ftrscape/image_dataset/obs_340263466_photo_619175705.jpg,/rs1/researchers/a/amallav/results/outputs_crop/obs_340263466_photo_619175705_box4.jpg,4.989303589,11.18780518,1527.240967,2041.718262,Borzicactus sulcifer,0.052233476,4,Cirsium ehrenbergii
obs_340263466_photo_619175705,obs_340263466_photo_619175705_4,/share/ftrscape/image_dataset/obs_340263466_photo_619175705.jpg,/rs1/researchers/a/amallav/results/outputs_crop/obs_340263466_photo_619175705_box4.jpg,4.989303589,11.18780518,1527.240967,2041.718262,Melocactus intortus,0.039990481,4,Cirsium ehrenbergii
obs_340263466_photo_619175705,obs_340263466_photo_619175705_5,/share/ftrscape/image_dataset/obs_340263466_photo_619175705.jpg,/rs1/researchers/a/amallav/results/outputs_crop/obs_340263466_photo_619175705_box5.jpg,7.433807373,7.54083252,1339.674438,1625.937744,Tristerix aphyllus,0.263536394,5,Cirsium ehrenbergii
obs_340263466_photo_619175705,obs_340263466_photo_619175705_5,/share/ftrscape/image_dataset/obs_340263466_photo_619175705.jpg,/rs1/researchers/a/amallav/results/outputs_crop/obs_340263466_photo_619175705_box5.jpg,7.433807373,7.54083252,1339.674438,1625.937744,Ferocactus gracilis,0.087191314,5,Cirsium ehrenbergii
obs_340263466_photo_619175705,obs_340263466_photo_619175705_5,/share/ftrscape/image_dataset/obs_340263466_photo_619175705.jpg,/rs1/researchers/a/amallav/results/outputs_crop/obs_340263466_photo_619175705_box5.jpg,7.433807373,7.54083252,1339.674438,1625.937744,Mammillaria halei,0.055793393,5,Cirsium ehrenbergii
obs_340263466_photo_619175705,obs_340263466_photo_619175705_5,/share/ftrscape/image_dataset/obs_340263466_photo_619175705.jpg,/rs1/researchers/a/amallav/results/outputs_crop/obs_340263466_photo_619175705_box5.jpg,7.433807373,7.54083252,1339.674438,1625.937744,Melocactus intortus,0.052661557,5,Cirsium ehrenbergii
obs_340263466_photo_619175705,obs_340263466_photo_619175705_5,/share/ftrscape/image_dataset/obs_340263466_photo_619175705.jpg,/rs1/researchers/a/amallav/results/outputs_crop/obs_340263466_photo_619175705_box5.jpg,7.433807373,7.54083252,1339.674438,1625.937744,Ferocactus fordii,0.045603301,5,Cirsium ehrenbergii
obs_340271186_photo_619190124,obs_340271186_photo_619190124_1,/share/ftrscape/image_dataset/obs_340271186_photo_619190124.jpg,/rs1/researchers/a/amallav/results/outputs_crop/obs_340271186_photo_619190124_box1.jpg,17.27435303,523.9968872,1517.788696,1777.093506,Rhopalomyia californica,0.336686462,1,Baccharis pilularis
obs_340271186_photo_619190124,obs_340271186_photo_619190124_1,/share/ftrscape/image_dataset/obs_340271186_photo_619190124.jpg,/rs1/researchers/a/amallav/results/outputs_crop/obs_340271186_photo_619190124_box1.jpg,17.27435303,523.9968872,1517.788696,1777.093506,Baccharis pilularis,0.236780107,1,Baccharis pilularis
obs_340271186_photo_619190124,obs_340271186_photo_619190124_1,/share/ftrscape/image_dataset/obs_340271186_photo_619190124.jpg,/rs1/researchers/a/amallav/results/outputs_crop/obs_340271186_photo_619190124_box1.jpg,17.27435303,523.9968872,1517.788696,1777.093506,Baccharis heterophylla,0.05097536,1,Baccharis pilularis
obs_340271186_photo_619190124,obs_340271186_photo_619190124_1,/share/ftrscape/image_dataset/obs_340271186_photo_619190124.jpg,/rs1/researchers/a/amallav/results/outputs_crop/obs_340271186_photo_619190124_box1.jpg,17.27435303,523.9968872,1517.788696,1777.093506,Rhopalomyia baccharis,0.028868809,1,Baccharis pilularis
obs_340271186_photo_619190124,obs_340271186_photo_619190124_1,/share/ftrscape/image_dataset/obs_340271186_photo_619190124.jpg,/rs1/researchers/a/amallav/results/outputs_crop/obs_340271186_photo_619190124_box1.jpg,17.27435303,523.9968872,1517.788696,1777.093506,Aceria clianthi,0.022188591,1,Baccharis pilularis
obs_340271186_photo_619190124,obs_340271186_photo_619190124_2,/share/ftrscape/image_dataset/obs_340271186_photo_619190124.jpg,/rs1/researchers/a/amallav/results/outputs_crop/obs_340271186_photo_619190124_box2.jpg,10.0864563,19.16265869,1517.194824,1773.563477,Rhopalomyia californica,0.47451511,2,Baccharis pilularis
obs_340271186_photo_619190124,obs_340271186_photo_619190124_2,/share/ftrscape/image_dataset/obs_340271186_photo_619190124.jpg,/rs1/researchers/a/amallav/results/outputs_crop/obs_340271186_photo_619190124_box2.jpg,10.0864563,19.16265869,1517.194824,1773.563477,Baccharis pilularis,0.226621181,2,Baccharis pilularis
obs_340271186_photo_619190124,obs_340271186_photo_619190124_2,/share/ftrscape/image_dataset/obs_340271186_photo_619190124.jpg,/rs1/researchers/a/amallav/results/outputs_crop/obs_340271186_photo_619190124_box2.jpg,10.0864563,19.16265869,1517.194824,1773.563477,Aceria clianthi,0.067733765,2,Baccharis pilularis
obs_340271186_photo_619190124,obs_340271186_photo_619190124_2,/share/ftrscape/image_dataset/obs_340271186_photo_619190124.jpg,/rs1/researchers/a/amallav/results/outputs_crop/obs_340271186_photo_619190124_box2.jpg,10.0864563,19.16265869,1517.194824,1773.563477,Asphondylia borrichiae,0.016367109,2,Baccharis pilularis
obs_340271186_photo_619190124,obs_340271186_photo_619190124_2,/share/ftrscape/image_dataset/obs_340271186_photo_619190124.jpg,/rs1/researchers/a/amallav/results/outputs_crop/obs_340271186_photo_619190124_box2.jpg,10.0864563,19.16265869,1517.194824,1773.563477,Baccharis heterophylla,0.01451108,2,Baccharis pilularis
obs_340304697_photo_619256274,obs_340304697_photo_619256274_1,/share/ftrscape/image_dataset/obs_340304697_photo_619256274.jpg,/rs1/researchers/a/amallav/results/outputs_crop/obs_340304697_photo_619256274_box1.jpg,464.35672,446.0021973,1233.799561,1218.321899,Paracrostoma tigrina,0.160119072,1,Haemopis grandis
obs_340304697_photo_619256274,obs_340304697_photo_619256274_1,/share/ftrscape/image_dataset/obs_340304697_photo_619256274.jpg,/rs1/researchers/a/amallav/results/outputs_crop/obs_340304697_photo_619256274_box1.jpg,464.35672,446.0021973,1233.799561,1218.321899,Paracrostoma huegelii,0.041013572,1,Haemopis grandis
obs_340304697_photo_619256274,obs_340304697_photo_619256274_1,/share/ftrscape/image_dataset/obs_340304697_photo_619256274.jpg,/rs1/researchers/a/amallav/results/outputs_crop/obs_340304697_photo_619256274_box1.jpg,464.35672,446.0021973,1233.799561,1218.321899,Haemopis marmorata,0.023545284,1,Haemopis grandis
obs_340304697_photo_619256274,obs_340304697_photo_619256274_1,/share/ftrscape/image_dataset/obs_340304697_photo_619256274.jpg,/rs1/researchers/a/amallav/results/outputs_crop/obs_340304697_photo_619256274_box1.jpg,464.35672,446.0021973,1233.799561,1218.321899,Helicophanta magnifica,0.021003852,1,Haemopis grandis
obs_340304697_photo_619256274,obs_340304697_photo_619256274_1,/share/ftrscape/image_dataset/obs_340304697_photo_619256274.jpg,/rs1/researchers/a/amallav/results/outputs_crop/obs_340304697_photo_619256274_box1.jpg,464.35672,446.0021973,1233.799561,1218.321899,Helicophanta gloriosa,0.018187167,1,Haemopis grandis
obs_340304697_photo_619256274,obs_340304697_photo_619256274_2,/share/ftrscape/image_dataset/obs_340304697_photo_619256274.jpg,/rs1/researchers/a/amallav/results/outputs_crop/obs_340304697_photo_619256274_box2.jpg,465.3877258,514.7173462,1228.494263,1216.279785,Paracrostoma tigrina,0.164322242,2,Haemopis grandis
obs_340304697_photo_619256274,obs_340304697_photo_619256274_2,/share/ftrscape/image_dataset/obs_340304697_photo_619256274.jpg,/rs1/researchers/a/amallav/results/outputs_crop/obs_340304697_photo_619256274_box2.jpg,465.3877258,514.7173462,1228.494263,1216.279785,Haemopis marmorata,0.104396202,2,Haemopis grandis
obs_340304697_photo_619256274,obs_340304697_photo_619256274_2,/share/ftrscape/image_dataset/obs_340304697_photo_619256274.jpg,/rs1/researchers/a/amallav/results/outputs_crop/obs_340304697_photo_619256274_box2.jpg,465.3877258,514.7173462,1228.494263,1216.279785,Haemopis lateromaculata,0.055257328,2,Haemopis grandis
obs_340304697_photo_619256274,obs_340304697_photo_619256274_2,/share/ftrscape/image_dataset/obs_340304697_photo_619256274.jpg,/rs1/researchers/a/amallav/results/outputs_crop/obs_340304697_photo_619256274_box2.jpg,465.3877258,514.7173462,1228.494263,1216.279785,Paracrostoma huegelii,0.038725633,2,Haemopis grandis
obs_340304697_photo_619256274,obs_340304697_photo_619256274_2,/share/ftrscape/image_dataset/obs_340304697_photo_619256274.jpg,/rs1/researchers/a/amallav/results/outputs_crop/obs_340304697_photo_619256274_box2.jpg,465.3877258,514.7173462,1228.494263,1216.279785,Haemopis elegans,0.036457159,2,Haemopis grandis
obs_340326193_photo_619295159,obs_340326193_photo_619295159_1,/share/ftrscape/image_dataset/obs_340326193_photo_619295159.jpg,/rs1/researchers/a/amallav/results/outputs_crop/obs_340326193_photo_619295159_box1.jpg,64.86387634,5.235473633,1521.610596,2024.905029,Lindera glauca,0.133835837,1,Diospyros virginiana
obs_340326193_photo_619295159,obs_340326193_photo_619295159_1,/share/ftrscape/image_dataset/obs_340326193_photo_619295159.jpg,/rs1/researchers/a/amallav/results/outputs_crop/obs_340326193_photo_619295159_box1.jpg,64.86387634,5.235473633,1521.610596,2024.905029,Vaccinium arctostaphylos,0.109218627,1,Diospyros virginiana
obs_340326193_photo_619295159,obs_340326193_photo_619295159_1,/share/ftrscape/image_dataset/obs_340326193_photo_619295159.jpg,/rs1/researchers/a/amallav/results/outputs_crop/obs_340326193_photo_619295159_box1.jpg,64.86387634,5.235473633,1521.610596,2024.905029,Vaccinium ovalifolium,0.089027464,1,Diospyros virginiana
obs_340326193_photo_619295159,obs_340326193_photo_619295159_1,/share/ftrscape/image_dataset/obs_340326193_photo_619295159.jpg,/rs1/researchers/a/amallav/results/outputs_crop/obs_340326193_photo_619295159_box1.jpg,64.86387634,5.235473633,1521.610596,2024.905029,Vaccinium smallii,0.074177809,1,Diospyros virginiana
obs_340326193_photo_619295159,obs_340326193_photo_619295159_1,/share/ftrscape/image_dataset/obs_340326193_photo_619295159.jpg,/rs1/researchers/a/amallav/results/outputs_crop/obs_340326193_photo_619295159_box1.jpg,64.86387634,5.235473633,1521.610596,2024.905029,Spiraea media,0.073983386,1,Diospyros virginiana
obs_340326193_photo_619295159,obs_340326193_photo_619295159_2,/share/ftrscape/image_dataset/obs_340326193_photo_619295159.jpg,/rs1/researchers/a/amallav/results/outputs_crop/obs_340326193_photo_619295159_box2.jpg,180.3230438,14.77954102,1520.688965,2017.604126,Gaylussacia tomentosa,0.213283777,2,Diospyros virginiana
obs_340326193_photo_619295159,obs_340326193_photo_619295159_2,/share/ftrscape/image_dataset/obs_340326193_photo_619295159.jpg,/rs1/researchers/a/amallav/results/outputs_crop/obs_340326193_photo_619295159_box2.jpg,180.3230438,14.77954102,1520.688965,2017.604126,Lindera glauca,0.071664393,2,Diospyros virginiana
obs_340326193_photo_619295159,obs_340326193_photo_619295159_2,/share/ftrscape/image_dataset/obs_340326193_photo_619295159.jpg,/rs1/researchers/a/amallav/results/outputs_crop/obs_340326193_photo_619295159_box2.jpg,180.3230438,14.77954102,1520.688965,2017.604126,Gaylussacia frondosa,0.051237337,2,Diospyros virginiana
obs_340326193_photo_619295159,obs_340326193_photo_619295159_2,/share/ftrscape/image_dataset/obs_340326193_photo_619295159.jpg,/rs1/researchers/a/amallav/results/outputs_crop/obs_340326193_photo_619295159_box2.jpg,180.3230438,14.77954102,1520.688965,2017.604126,Dirca decipiens,0.036387358,2,Diospyros virginiana
obs_340326193_photo_619295159,obs_340326193_photo_619295159_2,/share/ftrscape/image_dataset/obs_340326193_photo_619295159.jpg,/rs1/researchers/a/amallav/results/outputs_crop/obs_340326193_photo_619295159_box2.jpg,180.3230438,14.77954102,1520.688965,2017.604126,Spiraea virginiana,0.027603166,2,Diospyros virginiana
obs_340326194_photo_619295158,obs_340326194_photo_619295158_1,/share/ftrscape/image_dataset/obs_340326194_photo_619295158.jpg,/rs1/researchers/a/amallav/results/outputs_crop/obs_340326194_photo_619295158_box1.jpg,591.8449707,275.7169189,1008.633789,1227.80542,Rhytisma prini,0.126386628,1,Pseudocercospora fuliginosa
obs_340326194_photo_619295158,obs_340326194_photo_619295158_1,/share/ftrscape/image_dataset/obs_340326194_photo_619295158.jpg,/rs1/researchers/a/amallav/results/outputs_crop/obs_340326194_photo_619295158_box1.jpg,591.8449707,275.7169189,1008.633789,1227.80542,Rhytisma salicinum,0.052497208,1,Pseudocercospora fuliginosa
obs_340326194_photo_619295158,obs_340326194_photo_619295158_1,/share/ftrscape/image_dataset/obs_340326194_photo_619295158.jpg,/rs1/researchers/a/amallav/results/outputs_crop/obs_340326194_photo_619295158_box1.jpg,591.8449707,275.7169189,1008.633789,1227.80542,Mycosphaerella fraxinicola,0.046748299,1,Pseudocercospora fuliginosa
obs_340326194_photo_619295158,obs_340326194_photo_619295158_1,/share/ftrscape/image_dataset/obs_340326194_photo_619295158.jpg,/rs1/researchers/a/amallav/results/outputs_crop/obs_340326194_photo_619295158_box1.jpg,591.8449707,275.7169189,1008.633789,1227.80542,Lasiobotrys lonicerae,0.043067865,1,Pseudocercospora fuliginosa
obs_340326194_photo_619295158,obs_340326194_photo_619295158_1,/share/ftrscape/image_dataset/obs_340326194_photo_619295158.jpg,/rs1/researchers/a/amallav/results/outputs_crop/obs_340326194_photo_619295158_box1.jpg,591.8449707,275.7169189,1008.633789,1227.80542,Diplocarpon rosae,0.032852665,1,Pseudocercospora fuliginosa
obs_340326194_photo_619295158,obs_340326194_photo_619295158_2,/share/ftrscape/image_dataset/obs_340326194_photo_619295158.jpg,/rs1/researchers/a/amallav/results/outputs_crop/obs_340326194_photo_619295158_box2.jpg,868.258667,965.8010254,941.7727661,1052.861206,Pseudocercospora nandinae,0.022624662,2,Pseudocercospora fuliginosa
obs_340326194_photo_619295158,obs_340326194_photo_619295158_2,/share/ftrscape/image_dataset/obs_340326194_photo_619295158.jpg,/rs1/researchers/a/amallav/results/outputs_crop/obs_340326194_photo_619295158_box2.jpg,868.258667,965.8010254,941.7727661,1052.861206,Diplocarpon mespili,0.019065108,2,Pseudocercospora fuliginosa
obs_340326194_photo_619295158,obs_340326194_photo_619295158_2,/share/ftrscape/image_dataset/obs_340326194_photo_619295158.jpg,/rs1/researchers/a/amallav/results/outputs_crop/obs_340326194_photo_619295158_box2.jpg,868.258667,965.8010254,941.7727661,1052.861206,Passalora chionea,0.017150981,2,Pseudocercospora fuliginosa
obs_340326194_photo_619295158,obs_340326194_photo_619295158_2,/share/ftrscape/image_dataset/obs_340326194_photo_619295158.jpg,/rs1/researchers/a/amallav/results/outputs_crop/obs_340326194_photo_619295158_box2.jpg,868.258667,965.8010254,941.7727661,1052.861206,Pseudocercospora pittospori,0.015727941,2,Pseudocercospora fuliginosa
obs_340326194_photo_619295158,obs_340326194_photo_619295158_2,/share/ftrscape/image_dataset/obs_340326194_photo_619295158.jpg,/rs1/researchers/a/amallav/results/outputs_crop/obs_340326194_photo_619295158_box2.jpg,868.258667,965.8010254,941.7727661,1052.861206,Pseudocercospora torta,0.01388219,2,Pseudocercospora fuliginosa
obs_340326194_photo_619295158,obs_340326194_photo_619295158_3,/share/ftrscape/image_dataset/obs_340326194_photo_619295158.jpg,/rs1/researchers/a/amallav/results/outputs_crop/obs_340326194_photo_619295158_box3.jpg,591.7803955,276.6637573,1007.638367,1225.989014,Rhytisma prini,0.104727454,3,Pseudocercospora fuliginosa
obs_340326194_photo_619295158,obs_340326194_photo_619295158_3,/share/ftrscape/image_dataset/obs_340326194_photo_619295158.jpg,/rs1/researchers/a/amallav/results/outputs_crop/obs_340326194_photo_619295158_box3.jpg,591.7803955,276.6637573,1007.638367,1225.989014,Rhytisma salicinum,0.094417952,3,Pseudocercospora fuliginosa
obs_340326194_photo_619295158,obs_340326194_photo_619295158_3,/share/ftrscape/image_dataset/obs_340326194_photo_619295158.jpg,/rs1/researchers/a/amallav/results/outputs_crop/obs_340326194_photo_619295158_box3.jpg,591.7803955,276.6637573,1007.638367,1225.989014,Lasiobotrys lonicerae,0.081669554,3,Pseudocercospora fuliginosa
obs_340326194_photo_619295158,obs_340326194_photo_619295158_3,/share/ftrscape/image_dataset/obs_340326194_photo_619295158.jpg,/rs1/researchers/a/amallav/results/outputs_crop/obs_340326194_photo_619295158_box3.jpg,591.7803955,276.6637573,1007.638367,1225.989014,Ophiodothella floridana,0.041951451,3,Pseudocercospora fuliginosa
obs_340326194_photo_619295158,obs_340326194_photo_619295158_3,/share/ftrscape/image_dataset/obs_340326194_photo_619295158.jpg,/rs1/researchers/a/amallav/results/outputs_crop/obs_340326194_photo_619295158_box3.jpg,591.7803955,276.6637573,1007.638367,1225.989014,Mycosphaerella fraxinicola,0.039049983,3,Pseudocercospora fuliginosa
obs_340326194_photo_619295158,obs_340326194_photo_619295158_4,/share/ftrscape/image_dataset/obs_340326194_photo_619295158.jpg,/rs1/researchers/a/amallav/results/outputs_crop/obs_340326194_photo_619295158_box4.jpg,593.1655884,279.1560974,1007.0495,1222.111206,Rhytisma prini,0.146281749,4,Pseudocercospora fuliginosa
obs_340326194_photo_619295158,obs_340326194_photo_619295158_4,/share/ftrscape/image_dataset/obs_340326194_photo_619295158.jpg,/rs1/researchers/a/amallav/results/outputs_crop/obs_340326194_photo_619295158_box4.jpg,593.1655884,279.1560974,1007.0495,1222.111206,Ophiodothella floridana,0.077834412,4,Pseudocercospora fuliginosa
obs_340326194_photo_619295158,obs_340326194_photo_619295158_4,/share/ftrscape/image_dataset/obs_340326194_photo_619295158.jpg,/rs1/researchers/a/amallav/results/outputs_crop/obs_340326194_photo_619295158_box4.jpg,593.1655884,279.1560974,1007.0495,1222.111206,Lasiobotrys lonicerae,0.039356183,4,Pseudocercospora fuliginosa
obs_340326194_photo_619295158,obs_340326194_photo_619295158_4,/share/ftrscape/image_dataset/obs_340326194_photo_619295158.jpg,/rs1/researchers/a/amallav/results/outputs_crop/obs_340326194_photo_619295158_box4.jpg,593.1655884,279.1560974,1007.0495,1222.111206,Diplocarpon rosae,0.027973369,4,Pseudocercospora fuliginosa
obs_340326194_photo_619295158,obs_340326194_photo_619295158_4,/share/ftrscape/image_dataset/obs_340326194_photo_619295158.jpg,/rs1/researchers/a/amallav/results/outputs_crop/obs_340326194_photo_619295158_box4.jpg,593.1655884,279.1560974,1007.0495,1222.111206,Rhytisma salicinum,0.026448512,4,Pseudocercospora fuliginosa
obs_340337296_photo_536341964,obs_340337296_photo_536341964_1,/share/ftrscape/image_dataset/obs_340337296_photo_536341964.jpg,/rs1/researchers/a/amallav/results/outputs_crop/obs_340337296_photo_536341964_box1.jpg,192.6995239,7.984588623,1491.95874,1525.339111,Thymelicus lineola,0.810897946,1,Lotus corniculatus
obs_340337296_photo_536341964,obs_340337296_photo_536341964_1,/share/ftrscape/image_dataset/obs_340337296_photo_536341964.jpg,/rs1/researchers/a/amallav/results/outputs_crop/obs_340337296_photo_536341964_box1.jpg,192.6995239,7.984588623,1491.95874,1525.339111,Thymelicus sylvestris,0.157046303,1,Lotus corniculatus
obs_340337296_photo_536341964,obs_340337296_photo_536341964_1,/share/ftrscape/image_dataset/obs_340337296_photo_536341964.jpg,/rs1/researchers/a/amallav/results/outputs_crop/obs_340337296_photo_536341964_box1.jpg,192.6995239,7.984588623,1491.95874,1525.339111,Thymelicus sylvatica,0.007252328,1,Lotus corniculatus
obs_340337296_photo_536341964,obs_340337296_photo_536341964_1,/share/ftrscape/image_dataset/obs_340337296_photo_536341964.jpg,/rs1/researchers/a/amallav/results/outputs_crop/obs_340337296_photo_536341964_box1.jpg,192.6995239,7.984588623,1491.95874,1525.339111,Ancyloxypha numitor,0.00415327,1,Lotus corniculatus
obs_340337296_photo_536341964,obs_340337296_photo_536341964_1,/share/ftrscape/image_dataset/obs_340337296_photo_536341964.jpg,/rs1/researchers/a/amallav/results/outputs_crop/obs_340337296_photo_536341964_box1.jpg,192.6995239,7.984588623,1491.95874,1525.339111,Ancyloxypha nitedula,0.003727117,1,Lotus corniculatus
obs_340337296_photo_536341964,obs_340337296_photo_536341964_2,/share/ftrscape/image_dataset/obs_340337296_photo_536341964.jpg,/rs1/researchers/a/amallav/results/outputs_crop/obs_340337296_photo_536341964_box2.jpg,847.0356445,933.3568726,1481.112061,1528.463867,Lotus corniculatus,0.199163675,2,Lotus corniculatus
obs_340337296_photo_536341964,obs_340337296_photo_536341964_2,/share/ftrscape/image_dataset/obs_340337296_photo_536341964.jpg,/rs1/researchers/a/amallav/results/outputs_crop/obs_340337296_photo_536341964_box2.jpg,847.0356445,933.3568726,1481.112061,1528.463867,Lotus japonicus,0.161712751,2,Lotus corniculatus
obs_340337296_photo_536341964,obs_340337296_photo_536341964_2,/share/ftrscape/image_dataset/obs_340337296_photo_536341964.jpg,/rs1/researchers/a/amallav/results/outputs_crop/obs_340337296_photo_536341964_box2.jpg,847.0356445,933.3568726,1481.112061,1528.463867,Lotus tenuis,0.076912835,2,Lotus corniculatus
obs_340337296_photo_536341964,obs_340337296_photo_536341964_2,/share/ftrscape/image_dataset/obs_340337296_photo_536341964.jpg,/rs1/researchers/a/amallav/results/outputs_crop/obs_340337296_photo_536341964_box2.jpg,847.0356445,933.3568726,1481.112061,1528.463867,Ancyloxypha numitor,0.069199272,2,Lotus corniculatus
obs_340337296_photo_536341964,obs_340337296_photo_536341964_2,/share/ftrscape/image_dataset/obs_340337296_photo_536341964.jpg,/rs1/researchers/a/amallav/results/outputs_crop/obs_340337296_photo_536341964_box2.jpg,847.0356445,933.3568726,1481.112061,1528.463867,Lotus stepposus,0.056540884,2,Lotus corniculatus
obs_340337296_photo_536341964,obs_340337296_photo_536341964_3,/share/ftrscape/image_dataset/obs_340337296_photo_536341964.jpg,/rs1/researchers/a/amallav/results/outputs_crop/obs_340337296_photo_536341964_box3.jpg,655.2033691,929.1759033,1484.424072,1528.705322,Ancyloxypha numitor,0.16124016,3,Lotus corniculatus
obs_340337296_photo_536341964,obs_340337296_photo_536341964_3,/share/ftrscape/image_dataset/obs_340337296_photo_536341964.jpg,/rs1/researchers/a/amallav/results/outputs_crop/obs_340337296_photo_536341964_box3.jpg,655.2033691,929.1759033,1484.424072,1528.705322,Thymelicus lineola,0.15562135,3,Lotus corniculatus
obs_340337296_photo_536341964,obs_340337296_photo_536341964_3,/share/ftrscape/image_dataset/obs_340337296_photo_536341964.jpg,/rs1/researchers/a/amallav/results/outputs_crop/obs_340337296_photo_536341964_box3.jpg,655.2033691,929.1759033,1484.424072,1528.705322,Lotus japonicus,0.133003414,3,Lotus corniculatus
obs_340337296_photo_536341964,obs_340337296_photo_536341964_3,/share/ftrscape/image_dataset/obs_340337296_photo_536341964.jpg,/rs1/researchers/a/amallav/results/outputs_crop/obs_340337296_photo_536341964_box3.jpg,655.2033691,929.1759033,1484.424072,1528.705322,Lotus corniculatus,0.131580293,3,Lotus corniculatus
obs_340337296_photo_536341964,obs_340337296_photo_536341964_3,/share/ftrscape/image_dataset/obs_340337296_photo_536341964.jpg,/rs1/researchers/a/amallav/results/outputs_crop/obs_340337296_photo_536341964_box3.jpg,655.2033691,929.1759033,1484.424072,1528.705322,Ancyloxypha nitedula,0.041631643,3,Lotus corniculatus
obs_340337296_photo_536341964,obs_340337296_photo_536341964_4,/share/ftrscape/image_dataset/obs_340337296_photo_536341964.jpg,/rs1/researchers/a/amallav/results/outputs_crop/obs_340337296_photo_536341964_box4.jpg,629.2449951,624.2034912,1472.921753,1527.704102,Thymelicus lineola,0.857751131,4,Lotus corniculatus
obs_340337296_photo_536341964,obs_340337296_photo_536341964_4,/share/ftrscape/image_dataset/obs_340337296_photo_536341964.jpg,/rs1/researchers/a/amallav/results/outputs_crop/obs_340337296_photo_536341964_box4.jpg,629.2449951,624.2034912,1472.921753,1527.704102,Thymelicus sylvestris,0.074303813,4,Lotus corniculatus
obs_340337296_photo_536341964,obs_340337296_photo_536341964_4,/share/ftrscape/image_dataset/obs_340337296_photo_536341964.jpg,/rs1/researchers/a/amallav/results/outputs_crop/obs_340337296_photo_536341964_box4.jpg,629.2449951,624.2034912,1472.921753,1527.704102,Ancyloxypha numitor,0.016144779,4,Lotus corniculatus
obs_340337296_photo_536341964,obs_340337296_photo_536341964_4,/share/ftrscape/image_dataset/obs_340337296_photo_536341964.jpg,/rs1/researchers/a/amallav/results/outputs_crop/obs_340337296_photo_536341964_box4.jpg,629.2449951,624.2034912,1472.921753,1527.704102,Ancyloxypha nitedula,0.009229528,4,Lotus corniculatus
obs_340337296_photo_536341964,obs_340337296_photo_536341964_4,/share/ftrscape/image_dataset/obs_340337296_photo_536341964.jpg,/rs1/researchers/a/amallav/results/outputs_crop/obs_340337296_photo_536341964_box4.jpg,629.2449951,624.2034912,1472.921753,1527.704102,Thymelicus novus,0.008615872,4,Lotus corniculatus
obs_340337865_photo_533753896,obs_340337865_photo_533753896_1,/share/ftrscape/image_dataset/obs_340337865_photo_533753896.jpg,/rs1/researchers/a/amallav/results/outputs_crop/obs_340337865_photo_533753896_box1.jpg,344.9146118,945.4077148,682.2686157,1601.402344,Vicia cracca,0.267692864,1,Vicia cracca
obs_340337865_photo_533753896,obs_340337865_photo_533753896_1,/share/ftrscape/image_dataset/obs_340337865_photo_533753896.jpg,/rs1/researchers/a/amallav/results/outputs_crop/obs_340337865_photo_533753896_box1.jpg,344.9146118,945.4077148,682.2686157,1601.402344,Vicia villosa,0.201601684,1,Vicia cracca
obs_340337865_photo_533753896,obs_340337865_photo_533753896_1,/share/ftrscape/image_dataset/obs_340337865_photo_533753896.jpg,/rs1/researchers/a/amallav/results/outputs_crop/obs_340337865_photo_533753896_box1.jpg,344.9146118,945.4077148,682.2686157,1601.402344,Vicia incana,0.193358466,1,Vicia cracca
obs_340337865_photo_533753896,obs_340337865_photo_533753896_1,/share/ftrscape/image_dataset/obs_340337865_photo_533753896.jpg,/rs1/researchers/a/amallav/results/outputs_crop/obs_340337865_photo_533753896_box1.jpg,344.9146118,945.4077148,682.2686157,1601.402344,Vicia tenuifolia,0.059038978,1,Vicia cracca
obs_340337865_photo_533753896,obs_340337865_photo_533753896_1,/share/ftrscape/image_dataset/obs_340337865_photo_533753896.jpg,/rs1/researchers/a/amallav/results/outputs_crop/obs_340337865_photo_533753896_box1.jpg,344.9146118,945.4077148,682.2686157,1601.402344,Vicia amoena,0.044852164,1,Vicia cracca
obs_340337865_photo_533753896,obs_340337865_photo_533753896_2,/share/ftrscape/image_dataset/obs_340337865_photo_533753896.jpg,/rs1/researchers/a/amallav/results/outputs_crop/obs_340337865_photo_533753896_box2.jpg,602.4159546,1582.214355,972.1865234,2039.024902,Vicia incana,0.349082381,2,Vicia cracca
obs_340337865_photo_533753896,obs_340337865_photo_533753896_2,/share/ftrscape/image_dataset/obs_340337865_photo_533753896.jpg,/rs1/researchers/a/amallav/results/outputs_crop/obs_340337865_photo_533753896_box2.jpg,602.4159546,1582.214355,972.1865234,2039.024902,Vicia cracca,0.175072238,2,Vicia cracca
obs_340337865_photo_533753896,obs_340337865_photo_533753896_2,/share/ftrscape/image_dataset/obs_340337865_photo_533753896.jpg,/rs1/researchers/a/amallav/results/outputs_crop/obs_340337865_photo_533753896_box2.jpg,602.4159546,1582.214355,972.1865234,2039.024902,Vicia amurensis,0.039371781,2,Vicia cracca
obs_340337865_photo_533753896,obs_340337865_photo_533753896_2,/share/ftrscape/image_dataset/obs_340337865_photo_533753896.jpg,/rs1/researchers/a/amallav/results/outputs_crop/obs_340337865_photo_533753896_box2.jpg,602.4159546,1582.214355,972.1865234,2039.024902,Vicia villosa,0.039247017,2,Vicia cracca
obs_340337865_photo_533753896,obs_340337865_photo_533753896_2,/share/ftrscape/image_dataset/obs_340337865_photo_533753896.jpg,/rs1/researchers/a/amallav/results/outputs_crop/obs_340337865_photo_533753896_box2.jpg,602.4159546,1582.214355,972.1865234,2039.024902,Contarinia craccae,0.030539969,2,Vicia cracca
obs_340337865_photo_533753896,obs_340337865_photo_533753896_3,/share/ftrscape/image_dataset/obs_340337865_photo_533753896.jpg,/rs1/researchers/a/amallav/results/outputs_crop/obs_340337865_photo_533753896_box3.jpg,0.686302185,1403.13855,166.7699738,1671.854126,Vicia incana,0.450481802,3,Vicia cracca
obs_340337865_photo_533753896,obs_340337865_photo_533753896_3,/share/ftrscape/image_dataset/obs_340337865_photo_533753896.jpg,/rs1/researchers/a/amallav/results/outputs_crop/obs_340337865_photo_533753896_box3.jpg,0.686302185,1403.13855,166.7699738,1671.854126,Contarinia craccae,0.212977692,3,Vicia cracca
obs_340337865_photo_533753896,obs_340337865_photo_533753896_3,/share/ftrscape/image_dataset/obs_340337865_photo_533753896.jpg,/rs1/researchers/a/amallav/results/outputs_crop/obs_340337865_photo_533753896_box3.jpg,0.686302185,1403.13855,166.7699738,1671.854126,Dasineura viciae,0.070773169,3,Vicia cracca
obs_340337865_photo_533753896,obs_340337865_photo_533753896_3,/share/ftrscape/image_dataset/obs_340337865_photo_533753896.jpg,/rs1/researchers/a/amallav/results/outputs_crop/obs_340337865_photo_533753896_box3.jpg,0.686302185,1403.13855,166.7699738,1671.854126,Vicia cracca,0.030582787,3,Vicia cracca
obs_340337865_photo_533753896,obs_340337865_photo_533753896_3,/share/ftrscape/image_dataset/obs_340337865_photo_533753896.jpg,/rs1/researchers/a/amallav/results/outputs_crop/obs_340337865_photo_533753896_box3.jpg,0.686302185,1403.13855,166.7699738,1671.854126,Asphondylia miki,0.00995449,3,Vicia cracca
obs_340337865_photo_533753896,obs_340337865_photo_533753896_4,/share/ftrscape/image_dataset/obs_340337865_photo_533753896.jpg,/rs1/researchers/a/amallav/results/outputs_crop/obs_340337865_photo_533753896_box4.jpg,600.9852295,1581.359985,973.1694946,2036.258423,Vicia incana,0.319544584,4,Vicia cracca
obs_340337865_photo_533753896,obs_340337865_photo_533753896_4,/share/ftrscape/image_dataset/obs_340337865_photo_533753896.jpg,/rs1/researchers/a/amallav/results/outputs_crop/obs_340337865_photo_533753896_box4.jpg,600.9852295,1581.359985,973.1694946,2036.258423,Vicia cracca,0.197396591,4,Vicia cracca
obs_340337865_photo_533753896,obs_340337865_photo_533753896_4,/share/ftrscape/image_dataset/obs_340337865_photo_533753896.jpg,/rs1/researchers/a/amallav/results/outputs_crop/obs_340337865_photo_533753896_box4.jpg,600.9852295,1581.359985,973.1694946,2036.258423,Contarinia craccae,0.060909886,4,Vicia cracca
obs_340337865_photo_533753896,obs_340337865_photo_533753896_4,/share/ftrscape/image_dataset/obs_340337865_photo_533753896.jpg,/rs1/researchers/a/amallav/results/outputs_crop/obs_340337865_photo_533753896_box4.jpg,600.9852295,1581.359985,973.1694946,2036.258423,Vicia villosa,0.05143116,4,Vicia cracca
obs_340337865_photo_533753896,obs_340337865_photo_533753896_4,/share/ftrscape/image_dataset/obs_340337865_photo_533753896.jpg,/rs1/researchers/a/amallav/results/outputs_crop/obs_340337865_photo_533753896_box4.jpg,600.9852295,1581.359985,973.1694946,2036.258423,Vicia amurensis,0.024824038,4,Vicia cracca
obs_340364592_photo_619375042,obs_340364592_photo_619375042_1,/share/ftrscape/image_dataset/obs_340364592_photo_619375042.jpg,/rs1/researchers/a/amallav/results/outputs_crop/obs_340364592_photo_619375042_box1.jpg,269.6578369,320.7812805,1533.198975,1285.716553,Aquarius najas,0.32609126,1,Aquarius najas
obs_340364592_photo_619375042,obs_340364592_photo_619375042_1,/share/ftrscape/image_dataset/obs_340364592_photo_619375042.jpg,/rs1/researchers/a/amallav/results/outputs_crop/obs_340364592_photo_619375042_box1.jpg,269.6578369,320.7812805,1533.198975,1285.716553,Aquarius conformis,0.183004364,1,Aquarius najas
obs_340364592_photo_619375042,obs_340364592_photo_619375042_1,/share/ftrscape/image_dataset/obs_340364592_photo_619375042.jpg,/rs1/researchers/a/amallav/results/outputs_crop/obs_340364592_photo_619375042_box1.jpg,269.6578369,320.7812805,1533.198975,1285.716553,Ptilomera tigrina,0.050120771,1,Aquarius najas
obs_340364592_photo_619375042,obs_340364592_photo_619375042_1,/share/ftrscape/image_dataset/obs_340364592_photo_619375042.jpg,/rs1/researchers/a/amallav/results/outputs_crop/obs_340364592_photo_619375042_box1.jpg,269.6578369,320.7812805,1533.198975,1285.716553,Aquarius cinereus,0.04236529,1,Aquarius najas
obs_340364592_photo_619375042,obs_340364592_photo_619375042_1,/share/ftrscape/image_dataset/obs_340364592_photo_619375042.jpg,/rs1/researchers/a/amallav/results/outputs_crop/obs_340364592_photo_619375042_box1.jpg,269.6578369,320.7812805,1533.198975,1285.716553,Aquarius fabricii,0.038969822,1,Aquarius najas
obs_340364592_photo_619375042,obs_340364592_photo_619375042_2,/share/ftrscape/image_dataset/obs_340364592_photo_619375042.jpg,/rs1/researchers/a/amallav/results/outputs_crop/obs_340364592_photo_619375042_box2.jpg,270.6341553,312.489502,1537.048584,1283.616699,Aquarius conformis,0.370108634,2,Aquarius najas
obs_340364592_photo_619375042,obs_340364592_photo_619375042_2,/share/ftrscape/image_dataset/obs_340364592_photo_619375042.jpg,/rs1/researchers/a/amallav/results/outputs_crop/obs_340364592_photo_619375042_box2.jpg,270.6341553,312.489502,1537.048584,1283.616699,Aquarius najas,0.143810928,2,Aquarius najas
obs_340364592_photo_619375042,obs_340364592_photo_619375042_2,/share/ftrscape/image_dataset/obs_340364592_photo_619375042.jpg,/rs1/researchers/a/amallav/results/outputs_crop/obs_340364592_photo_619375042_box2.jpg,270.6341553,312.489502,1537.048584,1283.616699,Aquarius amplus,0.045624774,2,Aquarius najas
obs_340364592_photo_619375042,obs_340364592_photo_619375042_2,/share/ftrscape/image_dataset/obs_340364592_photo_619375042.jpg,/rs1/researchers/a/amallav/results/outputs_crop/obs_340364592_photo_619375042_box2.jpg,270.6341553,312.489502,1537.048584,1283.616699,Aquarius ventralis,0.045089107,2,Aquarius najas
obs_340364592_photo_619375042,obs_340364592_photo_619375042_2,/share/ftrscape/image_dataset/obs_340364592_photo_619375042.jpg,/rs1/researchers/a/amallav/results/outputs_crop/obs_340364592_photo_619375042_box2.jpg,270.6341553,312.489502,1537.048584,1283.616699,Aquarius paludum,0.042688202,2,Aquarius najas
obs_340364592_photo_619375042,obs_340364592_photo_619375042_3,/share/ftrscape/image_dataset/obs_340364592_photo_619375042.jpg,/rs1/researchers/a/amallav/results/outputs_crop/obs_340364592_photo_619375042_box3.jpg,265.5233154,742.6590576,834.4714355,1292.996704,Tenagogerris euphrosyne,0.069999218,3,Aquarius najas
obs_340364592_photo_619375042,obs_340364592_photo_619375042_3,/share/ftrscape/image_dataset/obs_340364592_photo_619375042.jpg,/rs1/researchers/a/amallav/results/outputs_crop/obs_340364592_photo_619375042_box3.jpg,265.5233154,742.6590576,834.4714355,1292.996704,Aquarius paludum,0.050283331,3,Aquarius najas
obs_340364592_photo_619375042,obs_340364592_photo_619375042_3,/share/ftrscape/image_dataset/obs_340364592_photo_619375042.jpg,/rs1/researchers/a/amallav/results/outputs_crop/obs_340364592_photo_619375042_box3.jpg,265.5233154,742.6590576,834.4714355,1292.996704,Tenagogerris pallidus,0.047223121,3,Aquarius najas
obs_340364592_photo_619375042,obs_340364592_photo_619375042_3,/share/ftrscape/image_dataset/obs_340364592_photo_619375042.jpg,/rs1/researchers/a/amallav/results/outputs_crop/obs_340364592_photo_619375042_box3.jpg,265.5233154,742.6590576,834.4714355,1292.996704,Metrobates hesperius,0.04698737,3,Aquarius najas
obs_340364592_photo_619375042,obs_340364592_photo_619375042_3,/share/ftrscape/image_dataset/obs_340364592_photo_619375042.jpg,/rs1/researchers/a/amallav/results/outputs_crop/obs_340364592_photo_619375042_box3.jpg,265.5233154,742.6590576,834.4714355,1292.996704,Halobates princeps,0.044282217,3,Aquarius najas
obs_340364592_photo_619375042,obs_340364592_photo_619375042_4,/share/ftrscape/image_dataset/obs_340364592_photo_619375042.jpg,/rs1/researchers/a/amallav/results/outputs_crop/obs_340364592_photo_619375042_box4.jpg,266.6420898,319.8927002,1539.462158,1283.555664,Aquarius conformis,0.255586714,4,Aquarius najas
obs_340364592_photo_619375042,obs_340364592_photo_619375042_4,/share/ftrscape/image_dataset/obs_340364592_photo_619375042.jpg,/rs1/researchers/a/amallav/results/outputs_crop/obs_340364592_photo_619375042_box4.jpg,266.6420898,319.8927002,1539.462158,1283.555664,Aquarius najas,0.228987634,4,Aquarius najas
obs_340364592_photo_619375042,obs_340364592_photo_619375042_4,/share/ftrscape/image_dataset/obs_340364592_photo_619375042.jpg,/rs1/researchers/a/amallav/results/outputs_crop/obs_340364592_photo_619375042_box4.jpg,266.6420898,319.8927002,1539.462158,1283.555664,Aquarius paludum,0.05276946,4,Aquarius najas
obs_340364592_photo_619375042,obs_340364592_photo_619375042_4,/share/ftrscape/image_dataset/obs_340364592_photo_619375042.jpg,/rs1/researchers/a/amallav/results/outputs_crop/obs_340364592_photo_619375042_box4.jpg,266.6420898,319.8927002,1539.462158,1283.555664,Aquarius cinereus,0.0457564,4,Aquarius najas
obs_340364592_photo_619375042,obs_340364592_photo_619375042_4,/share/ftrscape/image_dataset/obs_340364592_photo_619375042.jpg,/rs1/researchers/a/amallav/results/outputs_crop/obs_340364592_photo_619375042_box4.jpg,266.6420898,319.8927002,1539.462158,1283.555664,Aquarius chilensis,0.045495674,4,Aquarius najas
obs_340368188_photo_619383348,obs_340368188_photo_619383348_1,/share/ftrscape/image_dataset/obs_340368188_photo_619383348.jpg,/rs1/researchers/a/amallav/results/outputs_crop/obs_340368188_photo_619383348_box1.jpg,832.1425781,1024.435791,1320.726196,1608.287842,Diplolepis rosae,0.73009032,1,Diplolepis rosae
obs_340368188_photo_619383348,obs_340368188_photo_619383348_1,/share/ftrscape/image_dataset/obs_340368188_photo_619383348.jpg,/rs1/researchers/a/amallav/results/outputs_crop/obs_340368188_photo_619383348_box1.jpg,832.1425781,1024.435791,1320.726196,1608.287842,Diplolepis bassetti,0.033667948,1,Diplolepis rosae
obs_340368188_photo_619383348,obs_340368188_photo_619383348_1,/share/ftrscape/image_dataset/obs_340368188_photo_619383348.jpg,/rs1/researchers/a/amallav/results/outputs_crop/obs_340368188_photo_619383348_box1.jpg,832.1425781,1024.435791,1320.726196,1608.287842,Asphondylia ceanothi,0.030122016,1,Diplolepis rosae
obs_340368188_photo_619383348,obs_340368188_photo_619383348_1,/share/ftrscape/image_dataset/obs_340368188_photo_619383348.jpg,/rs1/researchers/a/amallav/results/outputs_crop/obs_340368188_photo_619383348_box1.jpg,832.1425781,1024.435791,1320.726196,1608.287842,Andricus caputmedusae,0.02619643,1,Diplolepis rosae
obs_340368188_photo_619383348,obs_340368188_photo_619383348_1,/share/ftrscape/image_dataset/obs_340368188_photo_619383348.jpg,/rs1/researchers/a/amallav/results/outputs_crop/obs_340368188_photo_619383348_box1.jpg,832.1425781,1024.435791,1320.726196,1608.287842,Andricus seckendorffi,0.019014537,1,Diplolepis rosae
obs_340368188_photo_619383348,obs_340368188_photo_619383348_2,/share/ftrscape/image_dataset/obs_340368188_photo_619383348.jpg,/rs1/researchers/a/amallav/results/outputs_crop/obs_340368188_photo_619383348_box2.jpg,832.9307861,1018.777588,1320.080688,1608.720703,Diplolepis rosae,0.671262085,2,Diplolepis rosae
obs_340368188_photo_619383348,obs_340368188_photo_619383348_2,/share/ftrscape/image_dataset/obs_340368188_photo_619383348.jpg,/rs1/researchers/a/amallav/results/outputs_crop/obs_340368188_photo_619383348_box2.jpg,832.9307861,1018.777588,1320.080688,1608.720703,Asphondylia ceanothi,0.050294172,2,Diplolepis rosae
obs_340368188_photo_619383348,obs_340368188_photo_619383348_2,/share/ftrscape/image_dataset/obs_340368188_photo_619383348.jpg,/rs1/researchers/a/amallav/results/outputs_crop/obs_340368188_photo_619383348_box2.jpg,832.9307861,1018.777588,1320.080688,1608.720703,Diplolepis bassetti,0.035853241,2,Diplolepis rosae
obs_340368188_photo_619383348,obs_340368188_photo_619383348_2,/share/ftrscape/image_dataset/obs_340368188_photo_619383348.jpg,/rs1/researchers/a/amallav/results/outputs_crop/obs_340368188_photo_619383348_box2.jpg,832.9307861,1018.777588,1320.080688,1608.720703,Andricus seckendorffi,0.020422017,2,Diplolepis rosae
obs_340368188_photo_619383348,obs_340368188_photo_619383348_2,/share/ftrscape/image_dataset/obs_340368188_photo_619383348.jpg,/rs1/researchers/a/amallav/results/outputs_crop/obs_340368188_photo_619383348_box2.jpg,832.9307861,1018.777588,1320.080688,1608.720703,Andricus lucidus,0.015246916,2,Diplolepis rosae
obs_340368188_photo_619383348,obs_340368188_photo_619383348_3,/share/ftrscape/image_dataset/obs_340368188_photo_619383348.jpg,/rs1/researchers/a/amallav/results/outputs_crop/obs_340368188_photo_619383348_box3.jpg,376.9036255,16.30236816,1334.277466,2052.805664,Diplolepis rosae,0.94329381,3,Diplolepis rosae
obs_340368188_photo_619383348,obs_340368188_photo_619383348_3,/share/ftrscape/image_dataset/obs_340368188_photo_619383348.jpg,/rs1/researchers/a/amallav/results/outputs_crop/obs_340368188_photo_619383348_box3.jpg,376.9036255,16.30236816,1334.277466,2052.805664,Diplolepis mayri,0.003776802,3,Diplolepis rosae
obs_340368188_photo_619383348,obs_340368188_photo_619383348_3,/share/ftrscape/image_dataset/obs_340368188_photo_619383348.jpg,/rs1/researchers/a/amallav/results/outputs_crop/obs_340368188_photo_619383348_box3.jpg,376.9036255,16.30236816,1334.277466,2052.805664,Diplolepis bassetti,0.002551343,3,Diplolepis rosae
obs_340368188_photo_619383348,obs_340368188_photo_619383348_3,/share/ftrscape/image_dataset/obs_340368188_photo_619383348.jpg,/rs1/researchers/a/amallav/results/outputs_crop/obs_340368188_photo_619383348_box3.jpg,376.9036255,16.30236816,1334.277466,2052.805664,Stenacis triradiatus,0.002437017,3,Diplolepis rosae
obs_340368188_photo_619383348,obs_340368188_photo_619383348_3,/share/ftrscape/image_dataset/obs_340368188_photo_619383348.jpg,/rs1/researchers/a/amallav/results/outputs_crop/obs_340368188_photo_619383348_box3.jpg,376.9036255,16.30236816,1334.277466,2052.805664,Asphondylia ceanothi,0.001691244,3,Diplolepis rosae
obs_340368188_photo_619383348,obs_340368188_photo_619383348_4,/share/ftrscape/image_dataset/obs_340368188_photo_619383348.jpg,/rs1/researchers/a/amallav/results/outputs_crop/obs_340368188_photo_619383348_box4.jpg,390.533844,1011.934265,1315.706787,2039.968262,Diplolepis rosae,0.751471341,4,Diplolepis rosae
obs_340368188_photo_619383348,obs_340368188_photo_619383348_4,/share/ftrscape/image_dataset/obs_340368188_photo_619383348.jpg,/rs1/researchers/a/amallav/results/outputs_crop/obs_340368188_photo_619383348_box4.jpg,390.533844,1011.934265,1315.706787,2039.968262,Diplolepis bassetti,0.054514538,4,Diplolepis rosae
obs_340368188_photo_619383348,obs_340368188_photo_619383348_4,/share/ftrscape/image_dataset/obs_340368188_photo_619383348.jpg,/rs1/researchers/a/amallav/results/outputs_crop/obs_340368188_photo_619383348_box4.jpg,390.533844,1011.934265,1315.706787,2039.968262,Diplolepis mayri,0.01523849,4,Diplolepis rosae
obs_340368188_photo_619383348,obs_340368188_photo_619383348_4,/share/ftrscape/image_dataset/obs_340368188_photo_619383348.jpg,/rs1/researchers/a/amallav/results/outputs_crop/obs_340368188_photo_619383348_box4.jpg,390.533844,1011.934265,1315.706787,2039.968262,Glycyrrhiza echinata,0.012709332,4,Diplolepis rosae
obs_340368188_photo_619383348,obs_340368188_photo_619383348_4,/share/ftrscape/image_dataset/obs_340368188_photo_619383348.jpg,/rs1/researchers/a/amallav/results/outputs_crop/obs_340368188_photo_619383348_box4.jpg,390.533844,1011.934265,1315.706787,2039.968262,Diplolepis fructuum,0.012525568,4,Diplolepis rosae
obs_340433312_photo_619519266,obs_340433312_photo_619519266_1,/share/ftrscape/image_dataset/obs_340433312_photo_619519266.jpg,/rs1/researchers/a/amallav/results/outputs_crop/obs_340433312_photo_619519266_box1.jpg,49.51185608,612.0753174,1324.953125,1735.209595,Limnodynastes peronii,0.977591813,1,Limnodynastes peronii
obs_340433312_photo_619519266,obs_340433312_photo_619519266_1,/share/ftrscape/image_dataset/obs_340433312_photo_619519266.jpg,/rs1/researchers/a/amallav/results/outputs_crop/obs_340433312_photo_619519266_box1.jpg,49.51185608,612.0753174,1324.953125,1735.209595,Litoria latopalmata,0.004762471,1,Limnodynastes peronii
obs_340433312_photo_619519266,obs_340433312_photo_619519266_1,/share/ftrscape/image_dataset/obs_340433312_photo_619519266.jpg,/rs1/researchers/a/amallav/results/outputs_crop/obs_340433312_photo_619519266_box1.jpg,49.51185608,612.0753174,1324.953125,1735.209595,Leptodactylus paranaru,0.001376915,1,Limnodynastes peronii
obs_340433312_photo_619519266,obs_340433312_photo_619519266_1,/share/ftrscape/image_dataset/obs_340433312_photo_619519266.jpg,/rs1/researchers/a/amallav/results/outputs_crop/obs_340433312_photo_619519266_box1.jpg,49.51185608,612.0753174,1324.953125,1735.209595,Litoria olongburensis,0.001322147,1,Limnodynastes peronii
obs_340433312_photo_619519266,obs_340433312_photo_619519266_1,/share/ftrscape/image_dataset/obs_340433312_photo_619519266.jpg,/rs1/researchers/a/amallav/results/outputs_crop/obs_340433312_photo_619519266_box1.jpg,49.51185608,612.0753174,1324.953125,1735.209595,Litoria freycineti,0.001143682,1,Limnodynastes peronii
obs_340433312_photo_619519266,obs_340433312_photo_619519266_2,/share/ftrscape/image_dataset/obs_340433312_photo_619519266.jpg,/rs1/researchers/a/amallav/results/outputs_crop/obs_340433312_photo_619519266_box2.jpg,47.71893311,604.4919434,1326.513184,1719.121338,Limnodynastes peronii,0.982296169,2,Limnodynastes peronii
obs_340433312_photo_619519266,obs_340433312_photo_619519266_2,/share/ftrscape/image_dataset/obs_340433312_photo_619519266.jpg,/rs1/researchers/a/amallav/results/outputs_crop/obs_340433312_photo_619519266_box2.jpg,47.71893311,604.4919434,1326.513184,1719.121338,Litoria latopalmata,0.00183809,2,Limnodynastes peronii
obs_340433312_photo_619519266,obs_340433312_photo_619519266_2,/share/ftrscape/image_dataset/obs_340433312_photo_619519266.jpg,/rs1/researchers/a/amallav/results/outputs_crop/obs_340433312_photo_619519266_box2.jpg,47.71893311,604.4919434,1326.513184,1719.121338,Leptodactylus paranaru,0.00180693,2,Limnodynastes peronii
obs_340433312_photo_619519266,obs_340433312_photo_619519266_2,/share/ftrscape/image_dataset/obs_340433312_photo_619519266.jpg,/rs1/researchers/a/amallav/results/outputs_crop/obs_340433312_photo_619519266_box2.jpg,47.71893311,604.4919434,1326.513184,1719.121338,Litoria olongburensis,0.001244587,2,Limnodynastes peronii
obs_340433312_photo_619519266,obs_340433312_photo_619519266_2,/share/ftrscape/image_dataset/obs_340433312_photo_619519266.jpg,/rs1/researchers/a/amallav/results/outputs_crop/obs_340433312_photo_619519266_box2.jpg,47.71893311,604.4919434,1326.513184,1719.121338,Limnodynastes tasmaniensis,0.001022918,2,Limnodynastes peronii
obs_340433312_photo_619519266,obs_340433312_photo_619519266_3,/share/ftrscape/image_dataset/obs_340433312_photo_619519266.jpg,/rs1/researchers/a/amallav/results/outputs_crop/obs_340433312_photo_619519266_box3.jpg,40.09620667,609.2198486,1321.342773,1738.021606,Limnodynastes peronii,0.960687041,3,Limnodynastes peronii
obs_340433312_photo_619519266,obs_340433312_photo_619519266_3,/share/ftrscape/image_dataset/obs_340433312_photo_619519266.jpg,/rs1/researchers/a/amallav/results/outputs_crop/obs_340433312_photo_619519266_box3.jpg,40.09620667,609.2198486,1321.342773,1738.021606,Litoria latopalmata,0.01027533,3,Limnodynastes peronii
obs_340433312_photo_619519266,obs_340433312_photo_619519266_3,/share/ftrscape/image_dataset/obs_340433312_photo_619519266.jpg,/rs1/researchers/a/amallav/results/outputs_crop/obs_340433312_photo_619519266_box3.jpg,40.09620667,609.2198486,1321.342773,1738.021606,Leptodactylus paranaru,0.004487316,3,Limnodynastes peronii
obs_340433312_photo_619519266,obs_340433312_photo_619519266_3,/share/ftrscape/image_dataset/obs_340433312_photo_619519266.jpg,/rs1/researchers/a/amallav/results/outputs_crop/obs_340433312_photo_619519266_box3.jpg,40.09620667,609.2198486,1321.342773,1738.021606,Litoria olongburensis,0.003781929,3,Limnodynastes peronii
obs_340433312_photo_619519266,obs_340433312_photo_619519266_3,/share/ftrscape/image_dataset/obs_340433312_photo_619519266.jpg,/rs1/researchers/a/amallav/results/outputs_crop/obs_340433312_photo_619519266_box3.jpg,40.09620667,609.2198486,1321.342773,1738.021606,Litoria freycineti,0.002648625,3,Limnodynastes peronii
obs_340433312_photo_619519266,obs_340433312_photo_619519266_4,/share/ftrscape/image_dataset/obs_340433312_photo_619519266.jpg,/rs1/researchers/a/amallav/results/outputs_crop/obs_340433312_photo_619519266_box4.jpg,40.02264404,595.7207031,1326.151367,1736.51709,Limnodynastes peronii,0.935576916,4,Limnodynastes peronii
obs_340433312_photo_619519266,obs_340433312_photo_619519266_4,/share/ftrscape/image_dataset/obs_340433312_photo_619519266.jpg,/rs1/researchers/a/amallav/results/outputs_crop/obs_340433312_photo_619519266_box4.jpg,40.02264404,595.7207031,1326.151367,1736.51709,Leptodactylus paranaru,0.01510432,4,Limnodynastes peronii
obs_340433312_photo_619519266,obs_340433312_photo_619519266_4,/share/ftrscape/image_dataset/obs_340433312_photo_619519266.jpg,/rs1/researchers/a/amallav/results/outputs_crop/obs_340433312_photo_619519266_box4.jpg,40.02264404,595.7207031,1326.151367,1736.51709,Leptodactylus insularum,0.005916381,4,Limnodynastes peronii
obs_340433312_photo_619519266,obs_340433312_photo_619519266_4,/share/ftrscape/image_dataset/obs_340433312_photo_619519266.jpg,/rs1/researchers/a/amallav/results/outputs_crop/obs_340433312_photo_619519266_box4.jpg,40.02264404,595.7207031,1326.151367,1736.51709,Litoria latopalmata,0.003813991,4,Limnodynastes peronii
obs_340433312_photo_619519266,obs_340433312_photo_619519266_4,/share/ftrscape/image_dataset/obs_340433312_photo_619519266.jpg,/rs1/researchers/a/amallav/results/outputs_crop/obs_340433312_photo_619519266_box4.jpg,40.02264404,595.7207031,1326.151367,1736.51709,Leptodactylus latrans,0.003741649,4,Limnodynastes peronii
obs_340433312_photo_619519266,obs_340433312_photo_619519266_5,/share/ftrscape/image_dataset/obs_340433312_photo_619519266.jpg,/rs1/researchers/a/amallav/results/outputs_crop/obs_340433312_photo_619519266_box5.jpg,455.9419556,804.843689,1081.249023,1484.281738,Limnodynastes peronii,0.935183048,5,Limnodynastes peronii
obs_340433312_photo_619519266,obs_340433312_photo_619519266_5,/share/ftrscape/image_dataset/obs_340433312_photo_619519266.jpg,/rs1/researchers/a/amallav/results/outputs_crop/obs_340433312_photo_619519266_box5.jpg,455.9419556,804.843689,1081.249023,1484.281738,Litoria latopalmata,0.023966497,5,Limnodynastes peronii
obs_340433312_photo_619519266,obs_340433312_photo_619519266_5,/share/ftrscape/image_dataset/obs_340433312_photo_619519266.jpg,/rs1/researchers/a/amallav/results/outputs_crop/obs_340433312_photo_619519266_box5.jpg,455.9419556,804.843689,1081.249023,1484.281738,Limnodynastes dorsalis,0.004350925,5,Limnodynastes peronii
obs_340433312_photo_619519266,obs_340433312_photo_619519266_5,/share/ftrscape/image_dataset/obs_340433312_photo_619519266.jpg,/rs1/researchers/a/amallav/results/outputs_crop/obs_340433312_photo_619519266_box5.jpg,455.9419556,804.843689,1081.249023,1484.281738,Litoria freycineti,0.002626537,5,Limnodynastes peronii
obs_340433312_photo_619519266,obs_340433312_photo_619519266_5,/share/ftrscape/image_dataset/obs_340433312_photo_619519266.jpg,/rs1/researchers/a/amallav/results/outputs_crop/obs_340433312_photo_619519266_box5.jpg,455.9419556,804.843689,1081.249023,1484.281738,Ptychadena bunoderma,0.002586131,5,Limnodynastes peronii
obs_340514309_photo_619678757,obs_340514309_photo_619678757_1,/share/ftrscape/image_dataset/obs_340514309_photo_619678757.jpg,/rs1/researchers/a/amallav/results/outputs_crop/obs_340514309_photo_619678757_box1.jpg,559.1246948,375.6656494,1829.074707,1528.237427,Buteo jamaicensis,0.948296189,1,Buteo jamaicensis
obs_340514309_photo_619678757,obs_340514309_photo_619678757_1,/share/ftrscape/image_dataset/obs_340514309_photo_619678757.jpg,/rs1/researchers/a/amallav/results/outputs_crop/obs_340514309_photo_619678757_box1.jpg,559.1246948,375.6656494,1829.074707,1528.237427,Buteo ventralis,0.006939358,1,Buteo jamaicensis
obs_340514309_photo_619678757,obs_340514309_photo_619678757_1,/share/ftrscape/image_dataset/obs_340514309_photo_619678757.jpg,/rs1/researchers/a/amallav/results/outputs_crop/obs_340514309_photo_619678757_box1.jpg,559.1246948,375.6656494,1829.074707,1528.237427,Buteo platypterus,0.004847188,1,Buteo jamaicensis
obs_340514309_photo_619678757,obs_340514309_photo_619678757_1,/share/ftrscape/image_dataset/obs_340514309_photo_619678757.jpg,/rs1/researchers/a/amallav/results/outputs_crop/obs_340514309_photo_619678757_box1.jpg,559.1246948,375.6656494,1829.074707,1528.237427,Buteo regalis,0.003558258,1,Buteo jamaicensis
obs_340514309_photo_619678757,obs_340514309_photo_619678757_1,/share/ftrscape/image_dataset/obs_340514309_photo_619678757.jpg,/rs1/researchers/a/amallav/results/outputs_crop/obs_340514309_photo_619678757_box1.jpg,559.1246948,375.6656494,1829.074707,1528.237427,Buteo lineatus,0.001646219,1,Buteo jamaicensis
obs_340514309_photo_619678757,obs_340514309_photo_619678757_2,/share/ftrscape/image_dataset/obs_340514309_photo_619678757.jpg,/rs1/researchers/a/amallav/results/outputs_crop/obs_340514309_photo_619678757_box2.jpg,560.4391479,380.7017822,1824.61084,1531.924805,Buteo jamaicensis,0.942254245,2,Buteo jamaicensis
obs_340514309_photo_619678757,obs_340514309_photo_619678757_2,/share/ftrscape/image_dataset/obs_340514309_photo_619678757.jpg,/rs1/researchers/a/amallav/results/outputs_crop/obs_340514309_photo_619678757_box2.jpg,560.4391479,380.7017822,1824.61084,1531.924805,Buteo platypterus,0.006366127,2,Buteo jamaicensis
obs_340514309_photo_619678757,obs_340514309_photo_619678757_2,/share/ftrscape/image_dataset/obs_340514309_photo_619678757.jpg,/rs1/researchers/a/amallav/results/outputs_crop/obs_340514309_photo_619678757_box2.jpg,560.4391479,380.7017822,1824.61084,1531.924805,Buteo ventralis,0.006039204,2,Buteo jamaicensis
obs_340514309_photo_619678757,obs_340514309_photo_619678757_2,/share/ftrscape/image_dataset/obs_340514309_photo_619678757.jpg,/rs1/researchers/a/amallav/results/outputs_crop/obs_340514309_photo_619678757_box2.jpg,560.4391479,380.7017822,1824.61084,1531.924805,Buteo regalis,0.00247926,2,Buteo jamaicensis
obs_340514309_photo_619678757,obs_340514309_photo_619678757_2,/share/ftrscape/image_dataset/obs_340514309_photo_619678757.jpg,/rs1/researchers/a/amallav/results/outputs_crop/obs_340514309_photo_619678757_box2.jpg,560.4391479,380.7017822,1824.61084,1531.924805,Buteo lineatus,0.001759561,2,Buteo jamaicensis
obs_340514310_photo_619679014,obs_340514310_photo_619679014_1,/share/ftrscape/image_dataset/obs_340514310_photo_619679014.jpg,/rs1/researchers/a/amallav/results/outputs_crop/obs_340514310_photo_619679014_box1.jpg,9.087219238,9.632034302,1467.843506,953.9835205,Buteo jamaicensis,0.15388447,1,Sciurus carolinensis
obs_340514310_photo_619679014,obs_340514310_photo_619679014_1,/share/ftrscape/image_dataset/obs_340514310_photo_619679014.jpg,/rs1/researchers/a/amallav/results/outputs_crop/obs_340514310_photo_619679014_box1.jpg,9.087219238,9.632034302,1467.843506,953.9835205,Neotoma magister,0.072483309,1,Sciurus carolinensis
obs_340514310_photo_619679014,obs_340514310_photo_619679014_1,/share/ftrscape/image_dataset/obs_340514310_photo_619679014.jpg,/rs1/researchers/a/amallav/results/outputs_crop/obs_340514310_photo_619679014_box1.jpg,9.087219238,9.632034302,1467.843506,953.9835205,Buteo lineatus,0.05541442,1,Sciurus carolinensis
obs_340514310_photo_619679014,obs_340514310_photo_619679014_1,/share/ftrscape/image_dataset/obs_340514310_photo_619679014.jpg,/rs1/researchers/a/amallav/results/outputs_crop/obs_340514310_photo_619679014_box1.jpg,9.087219238,9.632034302,1467.843506,953.9835205,Accipiter cooperii,0.053792745,1,Sciurus carolinensis
obs_340514310_photo_619679014,obs_340514310_photo_619679014_1,/share/ftrscape/image_dataset/obs_340514310_photo_619679014.jpg,/rs1/researchers/a/amallav/results/outputs_crop/obs_340514310_photo_619679014_box1.jpg,9.087219238,9.632034302,1467.843506,953.9835205,Buteo trizonatus,0.049875949,1,Sciurus carolinensis
obs_340514310_photo_619679014,obs_340514310_photo_619679014_2,/share/ftrscape/image_dataset/obs_340514310_photo_619679014.jpg,/rs1/researchers/a/amallav/results/outputs_crop/obs_340514310_photo_619679014_box2.jpg,775.0638428,358.8916016,1441.873413,934.7178955,Neotoma magister,0.114420108,2,Sciurus carolinensis
obs_340514310_photo_619679014,obs_340514310_photo_619679014_2,/share/ftrscape/image_dataset/obs_340514310_photo_619679014.jpg,/rs1/researchers/a/amallav/results/outputs_crop/obs_340514310_photo_619679014_box2.jpg,775.0638428,358.8916016,1441.873413,934.7178955,Neotoma floridana,0.096269093,2,Sciurus carolinensis
obs_340514310_photo_619679014,obs_340514310_photo_619679014_2,/share/ftrscape/image_dataset/obs_340514310_photo_619679014.jpg,/rs1/researchers/a/amallav/results/outputs_crop/obs_340514310_photo_619679014_box2.jpg,775.0638428,358.8916016,1441.873413,934.7178955,Sciurus carolinensis,0.057639495,2,Sciurus carolinensis
obs_340514310_photo_619679014,obs_340514310_photo_619679014_2,/share/ftrscape/image_dataset/obs_340514310_photo_619679014.jpg,/rs1/researchers/a/amallav/results/outputs_crop/obs_340514310_photo_619679014_box2.jpg,775.0638428,358.8916016,1441.873413,934.7178955,Mycoplasma hominis,0.011679658,2,Sciurus carolinensis
obs_340514310_photo_619679014,obs_340514310_photo_619679014_2,/share/ftrscape/image_dataset/obs_340514310_photo_619679014.jpg,/rs1/researchers/a/amallav/results/outputs_crop/obs_340514310_photo_619679014_box2.jpg,775.0638428,358.8916016,1441.873413,934.7178955,Mycoplasma gallisepticum,0.006762917,2,Sciurus carolinensis
obs_340542613_photo_619737737,obs_340542613_photo_619737737_1,/share/ftrscape/image_dataset/obs_340542613_photo_619737737.jpg,/rs1/researchers/a/amallav/results/outputs_crop/obs_340542613_photo_619737737_box1.jpg,160.9866333,303.1239624,1470.164551,1835.365234,Accipiter cooperii,0.981614769,1,Astur cooperii
obs_340542613_photo_619737737,obs_340542613_photo_619737737_1,/share/ftrscape/image_dataset/obs_340542613_photo_619737737.jpg,/rs1/researchers/a/amallav/results/outputs_crop/obs_340542613_photo_619737737_box1.jpg,160.9866333,303.1239624,1470.164551,1835.365234,Accipiter striatus,0.003225112,1,Astur cooperii
obs_340542613_photo_619737737,obs_340542613_photo_619737737_1,/share/ftrscape/image_dataset/obs_340542613_photo_619737737.jpg,/rs1/researchers/a/amallav/results/outputs_crop/obs_340542613_photo_619737737_box1.jpg,160.9866333,303.1239624,1470.164551,1835.365234,Accipiter gentilis,0.001762301,1,Astur cooperii
obs_340542613_photo_619737737,obs_340542613_photo_619737737_1,/share/ftrscape/image_dataset/obs_340542613_photo_619737737.jpg,/rs1/researchers/a/amallav/results/outputs_crop/obs_340542613_photo_619737737_box1.jpg,160.9866333,303.1239624,1470.164551,1835.365234,Accipiter chilensis,0.001566001,1,Astur cooperii
obs_340542613_photo_619737737,obs_340542613_photo_619737737_1,/share/ftrscape/image_dataset/obs_340542613_photo_619737737.jpg,/rs1/researchers/a/amallav/results/outputs_crop/obs_340542613_photo_619737737_box1.jpg,160.9866333,303.1239624,1470.164551,1835.365234,Buteo platypterus,0.000997836,1,Astur cooperii
obs_340542613_photo_619737737,obs_340542613_photo_619737737_2,/share/ftrscape/image_dataset/obs_340542613_photo_619737737.jpg,/rs1/researchers/a/amallav/results/outputs_crop/obs_340542613_photo_619737737_box2.jpg,162.3375854,310.7630615,1473.952881,1831.719604,Accipiter cooperii,0.972037971,2,Astur cooperii
obs_340542613_photo_619737737,obs_340542613_photo_619737737_2,/share/ftrscape/image_dataset/obs_340542613_photo_619737737.jpg,/rs1/researchers/a/amallav/results/outputs_crop/obs_340542613_photo_619737737_box2.jpg,162.3375854,310.7630615,1473.952881,1831.719604,Accipiter striatus,0.00491542,2,Astur cooperii
obs_340542613_photo_619737737,obs_340542613_photo_619737737_2,/share/ftrscape/image_dataset/obs_340542613_photo_619737737.jpg,/rs1/researchers/a/amallav/results/outputs_crop/obs_340542613_photo_619737737_box2.jpg,162.3375854,310.7630615,1473.952881,1831.719604,Accipiter chilensis,0.002498455,2,Astur cooperii
obs_340542613_photo_619737737,obs_340542613_photo_619737737_2,/share/ftrscape/image_dataset/obs_340542613_photo_619737737.jpg,/rs1/researchers/a/amallav/results/outputs_crop/obs_340542613_photo_619737737_box2.jpg,162.3375854,310.7630615,1473.952881,1831.719604,Accipiter gentilis,0.001655364,2,Astur cooperii
obs_340542613_photo_619737737,obs_340542613_photo_619737737_2,/share/ftrscape/image_dataset/obs_340542613_photo_619737737.jpg,/rs1/researchers/a/amallav/results/outputs_crop/obs_340542613_photo_619737737_box2.jpg,162.3375854,310.7630615,1473.952881,1831.719604,Buteo platypterus,0.001230754,2,Astur cooperii
obs_340542613_photo_619737737,obs_340542613_photo_619737737_3,/share/ftrscape/image_dataset/obs_340542613_photo_619737737.jpg,/rs1/researchers/a/amallav/results/outputs_crop/obs_340542613_photo_619737737_box3.jpg,153.4784088,1063.66333,564.3064575,1591.199951,Accipiter cooperii,0.37937966,3,Astur cooperii
obs_340542613_photo_619737737,obs_340542613_photo_619737737_3,/share/ftrscape/image_dataset/obs_340542613_photo_619737737.jpg,/rs1/researchers/a/amallav/results/outputs_crop/obs_340542613_photo_619737737_box3.jpg,153.4784088,1063.66333,564.3064575,1591.199951,Accipiter tachiro,0.121370874,3,Astur cooperii
obs_340542613_photo_619737737,obs_340542613_photo_619737737_3,/share/ftrscape/image_dataset/obs_340542613_photo_619737737.jpg,/rs1/researchers/a/amallav/results/outputs_crop/obs_340542613_photo_619737737_box3.jpg,153.4784088,1063.66333,564.3064575,1591.199951,Aquila spilogaster,0.078236282,3,Astur cooperii
obs_340542613_photo_619737737,obs_340542613_photo_619737737_3,/share/ftrscape/image_dataset/obs_340542613_photo_619737737.jpg,/rs1/researchers/a/amallav/results/outputs_crop/obs_340542613_photo_619737737_box3.jpg,153.4784088,1063.66333,564.3064575,1591.199951,Micronisus gabar,0.056129642,3,Astur cooperii
obs_340542613_photo_619737737,obs_340542613_photo_619737737_3,/share/ftrscape/image_dataset/obs_340542613_photo_619737737.jpg,/rs1/researchers/a/amallav/results/outputs_crop/obs_340542613_photo_619737737_box3.jpg,153.4784088,1063.66333,564.3064575,1591.199951,Accipiter minullus,0.053971935,3,Astur cooperii
obs_340825934_photo_620308797,obs_340825934_photo_620308797_1,/share/ftrscape/image_dataset/obs_340825934_photo_620308797.jpg,/rs1/researchers/a/amallav/results/outputs_crop/obs_340825934_photo_620308797_box1.jpg,220.7801819,247.9921265,938.6837158,1270.098389,Guira guira,0.981845379,1,Guira guira
obs_340825934_photo_620308797,obs_340825934_photo_620308797_1,/share/ftrscape/image_dataset/obs_340825934_photo_620308797.jpg,/rs1/researchers/a/amallav/results/outputs_crop/obs_340825934_photo_620308797_box1.jpg,220.7801819,247.9921265,938.6837158,1270.098389,Opisthocomus hoazin,0.000956589,1,Guira guira
obs_340825934_photo_620308797,obs_340825934_photo_620308797_1,/share/ftrscape/image_dataset/obs_340825934_photo_620308797.jpg,/rs1/researchers/a/amallav/results/outputs_crop/obs_340825934_photo_620308797_box1.jpg,220.7801819,247.9921265,938.6837158,1270.098389,Fregilupus varius,0.000695725,1,Guira guira
obs_340825934_photo_620308797,obs_340825934_photo_620308797_1,/share/ftrscape/image_dataset/obs_340825934_photo_620308797.jpg,/rs1/researchers/a/amallav/results/outputs_crop/obs_340825934_photo_620308797_box1.jpg,220.7801819,247.9921265,938.6837158,1270.098389,Coryphistera alaudina,0.000648571,1,Guira guira
obs_340825934_photo_620308797,obs_340825934_photo_620308797_1,/share/ftrscape/image_dataset/obs_340825934_photo_620308797.jpg,/rs1/researchers/a/amallav/results/outputs_crop/obs_340825934_photo_620308797_box1.jpg,220.7801819,247.9921265,938.6837158,1270.098389,Upupa marginata,0.00060447,1,Guira guira
obs_340848497_photo_620354560,obs_340848497_photo_620354560_1,/share/ftrscape/image_dataset/obs_340848497_photo_620354560.jpg,/rs1/researchers/a/amallav/results/outputs_crop/obs_340848497_photo_620354560_box1.jpg,652.3480225,1002.318054,1153.204834,1235.612427,Bucculatrix polymniae,0.02228629,1,Aleuroplatus coronata
obs_340848497_photo_620354560,obs_340848497_photo_620354560_1,/share/ftrscape/image_dataset/obs_340848497_photo_620354560.jpg,/rs1/researchers/a/amallav/results/outputs_crop/obs_340848497_photo_620354560_box1.jpg,652.3480225,1002.318054,1153.204834,1235.612427,Strigula macrocarpa,0.018958481,1,Aleuroplatus coronata
obs_340848497_photo_620354560,obs_340848497_photo_620354560_1,/share/ftrscape/image_dataset/obs_340848497_photo_620354560.jpg,/rs1/researchers/a/amallav/results/outputs_crop/obs_340848497_photo_620354560_box1.jpg,652.3480225,1002.318054,1153.204834,1235.612427,Chionaspis furfura,0.014103912,1,Aleuroplatus coronata
obs_340848497_photo_620354560,obs_340848497_photo_620354560_1,/share/ftrscape/image_dataset/obs_340848497_photo_620354560.jpg,/rs1/researchers/a/amallav/results/outputs_crop/obs_340848497_photo_620354560_box1.jpg,652.3480225,1002.318054,1153.204834,1235.612427,Microstroma album,0.012533372,1,Aleuroplatus coronata
obs_340848497_photo_620354560,obs_340848497_photo_620354560_1,/share/ftrscape/image_dataset/obs_340848497_photo_620354560.jpg,/rs1/researchers/a/amallav/results/outputs_crop/obs_340848497_photo_620354560_box1.jpg,652.3480225,1002.318054,1153.204834,1235.612427,Strigula antillarum,0.012119249,1,Aleuroplatus coronata
obs_340848497_photo_620354560,obs_340848497_photo_620354560_2,/share/ftrscape/image_dataset/obs_340848497_photo_620354560.jpg,/rs1/researchers/a/amallav/results/outputs_crop/obs_340848497_photo_620354560_box2.jpg,853.6890869,1217.108276,1225.126343,1529.687866,Aleuroplatus coronata,0.595375478,2,Aleuroplatus coronata
obs_340848497_photo_620354560,obs_340848497_photo_620354560_2,/share/ftrscape/image_dataset/obs_340848497_photo_620354560.jpg,/rs1/researchers/a/amallav/results/outputs_crop/obs_340848497_photo_620354560_box2.jpg,853.6890869,1217.108276,1225.126343,1529.687866,Strigula smaragdula,0.031053649,2,Aleuroplatus coronata
obs_340848497_photo_620354560,obs_340848497_photo_620354560_2,/share/ftrscape/image_dataset/obs_340848497_photo_620354560.jpg,/rs1/researchers/a/amallav/results/outputs_crop/obs_340848497_photo_620354560_box2.jpg,853.6890869,1217.108276,1225.126343,1529.687866,Shivaphis celti,0.022410491,2,Aleuroplatus coronata
obs_340848497_photo_620354560,obs_340848497_photo_620354560_2,/share/ftrscape/image_dataset/obs_340848497_photo_620354560.jpg,/rs1/researchers/a/amallav/results/outputs_crop/obs_340848497_photo_620354560_box2.jpg,853.6890869,1217.108276,1225.126343,1529.687866,Septobasidium canescens,0.016036965,2,Aleuroplatus coronata
obs_340848497_photo_620354560,obs_340848497_photo_620354560_2,/share/ftrscape/image_dataset/obs_340848497_photo_620354560.jpg,/rs1/researchers/a/amallav/results/outputs_crop/obs_340848497_photo_620354560_box2.jpg,853.6890869,1217.108276,1225.126343,1529.687866,Strigula antillarum,0.014922458,2,Aleuroplatus coronata
obs_340848497_photo_620354560,obs_340848497_photo_620354560_3,/share/ftrscape/image_dataset/obs_340848497_photo_620354560.jpg,/rs1/researchers/a/amallav/results/outputs_crop/obs_340848497_photo_620354560_box3.jpg,511.9639893,728.9481812,688.6261597,935.097229,Gibellula arachnophila,0.083872393,3,Aleuroplatus coronata
obs_340848497_photo_620354560,obs_340848497_photo_620354560_3,/share/ftrscape/image_dataset/obs_340848497_photo_620354560.jpg,/rs1/researchers/a/amallav/results/outputs_crop/obs_340848497_photo_620354560_box3.jpg,511.9639893,728.9481812,688.6261597,935.097229,Allocyclosa bifurca,0.046803623,3,Aleuroplatus coronata
obs_340848497_photo_620354560,obs_340848497_photo_620354560_3,/share/ftrscape/image_dataset/obs_340848497_photo_620354560.jpg,/rs1/researchers/a/amallav/results/outputs_crop/obs_340848497_photo_620354560_box3.jpg,511.9639893,728.9481812,688.6261597,935.097229,Micrathena horrida,0.034586217,3,Aleuroplatus coronata
obs_340848497_photo_620354560,obs_340848497_photo_620354560_3,/share/ftrscape/image_dataset/obs_340848497_photo_620354560.jpg,/rs1/researchers/a/amallav/results/outputs_crop/obs_340848497_photo_620354560_box3.jpg,511.9639893,728.9481812,688.6261597,935.097229,Dahlica triquetrella,0.030812351,3,Aleuroplatus coronata
obs_340848497_photo_620354560,obs_340848497_photo_620354560_3,/share/ftrscape/image_dataset/obs_340848497_photo_620354560.jpg,/rs1/researchers/a/amallav/results/outputs_crop/obs_340848497_photo_620354560_box3.jpg,511.9639893,728.9481812,688.6261597,935.097229,Paramysidia tessellata,0.025954917,3,Aleuroplatus coronata
obs_340848497_photo_620354560,obs_340848497_photo_620354560_4,/share/ftrscape/image_dataset/obs_340848497_photo_620354560.jpg,/rs1/researchers/a/amallav/results/outputs_crop/obs_340848497_photo_620354560_box4.jpg,668.0495605,777.2791748,861.6101074,1056.577759,Shivaphis celti,0.499357522,4,Aleuroplatus coronata
obs_340848497_photo_620354560,obs_340848497_photo_620354560_4,/share/ftrscape/image_dataset/obs_340848497_photo_620354560.jpg,/rs1/researchers/a/amallav/results/outputs_crop/obs_340848497_photo_620354560_box4.jpg,668.0495605,777.2791748,861.6101074,1056.577759,Eriosoma ulmi,0.034436874,4,Aleuroplatus coronata
obs_340848497_photo_620354560,obs_340848497_photo_620354560_4,/share/ftrscape/image_dataset/obs_340848497_photo_620354560.jpg,/rs1/researchers/a/amallav/results/outputs_crop/obs_340848497_photo_620354560_box4.jpg,668.0495605,777.2791748,861.6101074,1056.577759,Eriosoma mimicum,0.028356627,4,Aleuroplatus coronata
obs_340848497_photo_620354560,obs_340848497_photo_620354560_4,/share/ftrscape/image_dataset/obs_340848497_photo_620354560.jpg,/rs1/researchers/a/amallav/results/outputs_crop/obs_340848497_photo_620354560_box4.jpg,668.0495605,777.2791748,861.6101074,1056.577759,Eriosoma rileyi,0.01906579,4,Aleuroplatus coronata
obs_340848497_photo_620354560,obs_340848497_photo_620354560_4,/share/ftrscape/image_dataset/obs_340848497_photo_620354560.jpg,/rs1/researchers/a/amallav/results/outputs_crop/obs_340848497_photo_620354560_box4.jpg,668.0495605,777.2791748,861.6101074,1056.577759,Eriosoma lanigerum,0.017730372,4,Aleuroplatus coronata
obs_340848497_photo_620354560,obs_340848497_photo_620354560_5,/share/ftrscape/image_dataset/obs_340848497_photo_620354560.jpg,/rs1/researchers/a/amallav/results/outputs_crop/obs_340848497_photo_620354560_box5.jpg,7.391967773,400.6146545,1527.958984,731.036499,Polystepha americana,0.04301678,5,Aleuroplatus coronata
obs_340848497_photo_620354560,obs_340848497_photo_620354560_5,/share/ftrscape/image_dataset/obs_340848497_photo_620354560.jpg,/rs1/researchers/a/amallav/results/outputs_crop/obs_340848497_photo_620354560_box5.jpg,7.391967773,400.6146545,1527.958984,731.036499,Kokkocynips rileyi,0.037427846,5,Aleuroplatus coronata
obs_340848497_photo_620354560,obs_340848497_photo_620354560_5,/share/ftrscape/image_dataset/obs_340848497_photo_620354560.jpg,/rs1/researchers/a/amallav/results/outputs_crop/obs_340848497_photo_620354560_box5.jpg,7.391967773,400.6146545,1527.958984,731.036499,Allokermes cueroensis,0.026864845,5,Aleuroplatus coronata
obs_340848497_photo_620354560,obs_340848497_photo_620354560_5,/share/ftrscape/image_dataset/obs_340848497_photo_620354560.jpg,/rs1/researchers/a/amallav/results/outputs_crop/obs_340848497_photo_620354560_box5.jpg,7.391967773,400.6146545,1527.958984,731.036499,Polystepha sobrina,0.017124476,5,Aleuroplatus coronata
obs_340848497_photo_620354560,obs_340848497_photo_620354560_5,/share/ftrscape/image_dataset/obs_340848497_photo_620354560.jpg,/rs1/researchers/a/amallav/results/outputs_crop/obs_340848497_photo_620354560_box5.jpg,7.391967773,400.6146545,1527.958984,731.036499,Eriococcus pohutukawa,0.012890188,5,Aleuroplatus coronata
obs_340848514_photo_620354575,obs_340848514_photo_620354575_1,/share/ftrscape/image_dataset/obs_340848514_photo_620354575.jpg,/rs1/researchers/a/amallav/results/outputs_crop/obs_340848514_photo_620354575_box1.jpg,397.0778503,516.3786621,588.1784058,799.2164917,Neoconis marginata,0.082822584,1,Paraleyrodes minei
obs_340848514_photo_620354575,obs_340848514_photo_620354575_1,/share/ftrscape/image_dataset/obs_340848514_photo_620354575.jpg,/rs1/researchers/a/amallav/results/outputs_crop/obs_340848514_photo_620354575_box1.jpg,397.0778503,516.3786621,588.1784058,799.2164917,Cryptoscenea australiensis,0.055145226,1,Paraleyrodes minei
obs_340848514_photo_620354575,obs_340848514_photo_620354575_1,/share/ftrscape/image_dataset/obs_340848514_photo_620354575.jpg,/rs1/researchers/a/amallav/results/outputs_crop/obs_340848514_photo_620354575_box1.jpg,397.0778503,516.3786621,588.1784058,799.2164917,Paraleyrodes perseae,0.025465537,1,Paraleyrodes minei
obs_340848514_photo_620354575,obs_340848514_photo_620354575_1,/share/ftrscape/image_dataset/obs_340848514_photo_620354575.jpg,/rs1/researchers/a/amallav/results/outputs_crop/obs_340848514_photo_620354575_box1.jpg,397.0778503,516.3786621,588.1784058,799.2164917,Anotia burnetii,0.024204096,1,Paraleyrodes minei
obs_340848514_photo_620354575,obs_340848514_photo_620354575_1,/share/ftrscape/image_dataset/obs_340848514_photo_620354575.jpg,/rs1/researchers/a/amallav/results/outputs_crop/obs_340848514_photo_620354575_box1.jpg,397.0778503,516.3786621,588.1784058,799.2164917,Nisia carolinensis,0.018494604,1,Paraleyrodes minei
obs_340848514_photo_620354575,obs_340848514_photo_620354575_2,/share/ftrscape/image_dataset/obs_340848514_photo_620354575.jpg,/rs1/researchers/a/amallav/results/outputs_crop/obs_340848514_photo_620354575_box2.jpg,396.6548157,516.5745239,587.1472778,800.2962036,Neoconis marginata,0.151320994,2,Paraleyrodes minei
obs_340848514_photo_620354575,obs_340848514_photo_620354575_2,/share/ftrscape/image_dataset/obs_340848514_photo_620354575.jpg,/rs1/researchers/a/amallav/results/outputs_crop/obs_340848514_photo_620354575_box2.jpg,396.6548157,516.5745239,587.1472778,800.2962036,Cryptoscenea australiensis,0.04309104,2,Paraleyrodes minei
obs_340848514_photo_620354575,obs_340848514_photo_620354575_2,/share/ftrscape/image_dataset/obs_340848514_photo_620354575.jpg,/rs1/researchers/a/amallav/results/outputs_crop/obs_340848514_photo_620354575_box2.jpg,396.6548157,516.5745239,587.1472778,800.2962036,Anotia burnetii,0.032457661,2,Paraleyrodes minei
obs_340848514_photo_620354575,obs_340848514_photo_620354575_2,/share/ftrscape/image_dataset/obs_340848514_photo_620354575.jpg,/rs1/researchers/a/amallav/results/outputs_crop/obs_340848514_photo_620354575_box2.jpg,396.6548157,516.5745239,587.1472778,800.2962036,Feuerborniella obscura,0.03016283,2,Paraleyrodes minei
obs_340848514_photo_620354575,obs_340848514_photo_620354575_2,/share/ftrscape/image_dataset/obs_340848514_photo_620354575.jpg,/rs1/researchers/a/amallav/results/outputs_crop/obs_340848514_photo_620354575_box2.jpg,396.6548157,516.5745239,587.1472778,800.2962036,Paraleyrodes perseae,0.020542132,2,Paraleyrodes minei
obs_340848514_photo_620354575,obs_340848514_photo_620354575_3,/share/ftrscape/image_dataset/obs_340848514_photo_620354575.jpg,/rs1/researchers/a/amallav/results/outputs_crop/obs_340848514_photo_620354575_box3.jpg,474.352478,547.4425659,528.3928223,599.5044556,Alilepus vagus,0.00263933,3,Paraleyrodes minei
obs_340848514_photo_620354575,obs_340848514_photo_620354575_3,/share/ftrscape/image_dataset/obs_340848514_photo_620354575.jpg,/rs1/researchers/a/amallav/results/outputs_crop/obs_340848514_photo_620354575_box3.jpg,474.352478,547.4425659,528.3928223,599.5044556,Porpidia flavicunda,0.002414458,3,Paraleyrodes minei
obs_340848514_photo_620354575,obs_340848514_photo_620354575_3,/share/ftrscape/image_dataset/obs_340848514_photo_620354575.jpg,/rs1/researchers/a/amallav/results/outputs_crop/obs_340848514_photo_620354575_box3.jpg,474.352478,547.4425659,528.3928223,599.5044556,Solenopsis punctaticeps,0.001718664,3,Paraleyrodes minei
obs_340848514_photo_620354575,obs_340848514_photo_620354575_3,/share/ftrscape/image_dataset/obs_340848514_photo_620354575.jpg,/rs1/researchers/a/amallav/results/outputs_crop/obs_340848514_photo_620354575_box3.jpg,474.352478,547.4425659,528.3928223,599.5044556,Myotis anjouanensis,0.001630342,3,Paraleyrodes minei
obs_340848514_photo_620354575,obs_340848514_photo_620354575_3,/share/ftrscape/image_dataset/obs_340848514_photo_620354575.jpg,/rs1/researchers/a/amallav/results/outputs_crop/obs_340848514_photo_620354575_box3.jpg,474.352478,547.4425659,528.3928223,599.5044556,Coprinellus bipellis,0.001599357,3,Paraleyrodes minei
obs_340848514_photo_620354575,obs_340848514_photo_620354575_4,/share/ftrscape/image_dataset/obs_340848514_photo_620354575.jpg,/rs1/researchers/a/amallav/results/outputs_crop/obs_340848514_photo_620354575_box4.jpg,394.2473145,332.8149719,616.9749756,814.1275635,Cryptoscenea australiensis,0.108713649,4,Paraleyrodes minei
obs_340848514_photo_620354575,obs_340848514_photo_620354575_4,/share/ftrscape/image_dataset/obs_340848514_photo_620354575.jpg,/rs1/researchers/a/amallav/results/outputs_crop/obs_340848514_photo_620354575_box4.jpg,394.2473145,332.8149719,616.9749756,814.1275635,Neoconis marginata,0.105400242,4,Paraleyrodes minei
obs_340848514_photo_620354575,obs_340848514_photo_620354575_4,/share/ftrscape/image_dataset/obs_340848514_photo_620354575.jpg,/rs1/researchers/a/amallav/results/outputs_crop/obs_340848514_photo_620354575_box4.jpg,394.2473145,332.8149719,616.9749756,814.1275635,Anotia burnetii,0.027988436,4,Paraleyrodes minei
obs_340848514_photo_620354575,obs_340848514_photo_620354575_4,/share/ftrscape/image_dataset/obs_340848514_photo_620354575.jpg,/rs1/researchers/a/amallav/results/outputs_crop/obs_340848514_photo_620354575_box4.jpg,394.2473145,332.8149719,616.9749756,814.1275635,Paraleyrodes perseae,0.020986212,4,Paraleyrodes minei
obs_340848514_photo_620354575,obs_340848514_photo_620354575_4,/share/ftrscape/image_dataset/obs_340848514_photo_620354575.jpg,/rs1/researchers/a/amallav/results/outputs_crop/obs_340848514_photo_620354575_box4.jpg,394.2473145,332.8149719,616.9749756,814.1275635,Dysimia fennahi,0.018514194,4,Paraleyrodes minei
obs_340848746_photo_620355031,obs_340848746_photo_620355031_1,/share/ftrscape/image_dataset/obs_340848746_photo_620355031.jpg,/rs1/researchers/a/amallav/results/outputs_crop/obs_340848746_photo_620355031_box1.jpg,550.7746582,689.8460083,971.2584229,1170.702393,Tetraleurodes perileuca,0.120571531,1,Tetraleurodes perileuca
obs_340848746_photo_620355031,obs_340848746_photo_620355031_1,/share/ftrscape/image_dataset/obs_340848746_photo_620355031.jpg,/rs1/researchers/a/amallav/results/outputs_crop/obs_340848746_photo_620355031_box1.jpg,550.7746582,689.8460083,971.2584229,1170.702393,Aleuroplatus gelatinosus,0.107917301,1,Tetraleurodes perileuca
obs_340848746_photo_620355031,obs_340848746_photo_620355031_1,/share/ftrscape/image_dataset/obs_340848746_photo_620355031.jpg,/rs1/researchers/a/amallav/results/outputs_crop/obs_340848746_photo_620355031_box1.jpg,550.7746582,689.8460083,971.2584229,1170.702393,Pseudozaphanera splendida,0.080931842,1,Tetraleurodes perileuca
obs_340848746_photo_620355031,obs_340848746_photo_620355031_1,/share/ftrscape/image_dataset/obs_340848746_photo_620355031.jpg,/rs1/researchers/a/amallav/results/outputs_crop/obs_340848746_photo_620355031_box1.jpg,550.7746582,689.8460083,971.2584229,1170.702393,Aleuroparadoxus arctostaphyli,0.062034607,1,Tetraleurodes perileuca
obs_340848746_photo_620355031,obs_340848746_photo_620355031_1,/share/ftrscape/image_dataset/obs_340848746_photo_620355031.jpg,/rs1/researchers/a/amallav/results/outputs_crop/obs_340848746_photo_620355031_box1.jpg,550.7746582,689.8460083,971.2584229,1170.702393,Puto arctostaphyli,0.025836209,1,Tetraleurodes perileuca
obs_341060278_photo_547585371,obs_341060278_photo_547585371_1,/share/ftrscape/image_dataset/obs_341060278_photo_547585371.jpg,/rs1/researchers/a/amallav/results/outputs_crop/obs_341060278_photo_547585371_box1.jpg,332.0524902,1063.501953,1532.68457,2044.559082,Chamaenerion angustifolium,0.368428618,1,Chamaenerion angustifolium
obs_341060278_photo_547585371,obs_341060278_photo_547585371_1,/share/ftrscape/image_dataset/obs_341060278_photo_547585371.jpg,/rs1/researchers/a/amallav/results/outputs_crop/obs_341060278_photo_547585371_box1.jpg,332.0524902,1063.501953,1532.68457,2044.559082,Epilobium latifolium L.,0.199658126,1,Chamaenerion angustifolium
obs_341060278_photo_547585371,obs_341060278_photo_547585371_1,/share/ftrscape/image_dataset/obs_341060278_photo_547585371.jpg,/rs1/researchers/a/amallav/results/outputs_crop/obs_341060278_photo_547585371_box1.jpg,332.0524902,1063.501953,1532.68457,2044.559082,Epilobium angustifolium L.,0.131901547,1,Chamaenerion angustifolium
obs_341060278_photo_547585371,obs_341060278_photo_547585371_1,/share/ftrscape/image_dataset/obs_341060278_photo_547585371.jpg,/rs1/researchers/a/amallav/results/outputs_crop/obs_341060278_photo_547585371_box1.jpg,332.0524902,1063.501953,1532.68457,2044.559082,Chamaenerion speciosum,0.065193959,1,Chamaenerion angustifolium
obs_341060278_photo_547585371,obs_341060278_photo_547585371_1,/share/ftrscape/image_dataset/obs_341060278_photo_547585371.jpg,/rs1/researchers/a/amallav/results/outputs_crop/obs_341060278_photo_547585371_box1.jpg,332.0524902,1063.501953,1532.68457,2044.559082,Chamaenerion latifolium,0.059347548,1,Chamaenerion angustifolium
obs_341060278_photo_547585371,obs_341060278_photo_547585371_2,/share/ftrscape/image_dataset/obs_341060278_photo_547585371.jpg,/rs1/researchers/a/amallav/results/outputs_crop/obs_341060278_photo_547585371_box2.jpg,837.5445557,2.510742188,1146.822021,1303.640381,Dasineura kiefferiana,0.077492371,2,Chamaenerion angustifolium
obs_341060278_photo_547585371,obs_341060278_photo_547585371_2,/share/ftrscape/image_dataset/obs_341060278_photo_547585371.jpg,/rs1/researchers/a/amallav/results/outputs_crop/obs_341060278_photo_547585371_box2.jpg,837.5445557,2.510742188,1146.822021,1303.640381,Podosphaera dipsacacearum,0.046424512,2,Chamaenerion angustifolium
obs_341060278_photo_547585371,obs_341060278_photo_547585371_2,/share/ftrscape/image_dataset/obs_341060278_photo_547585371.jpg,/rs1/researchers/a/amallav/results/outputs_crop/obs_341060278_photo_547585371_box2.jpg,837.5445557,2.510742188,1146.822021,1303.640381,Dasineura epilobii,0.028486326,2,Chamaenerion angustifolium
obs_341060278_photo_547585371,obs_341060278_photo_547585371_2,/share/ftrscape/image_dataset/obs_341060278_photo_547585371.jpg,/rs1/researchers/a/amallav/results/outputs_crop/obs_341060278_photo_547585371_box2.jpg,837.5445557,2.510742188,1146.822021,1303.640381,Golovinomyces magnicellulatus,0.014052994,2,Chamaenerion angustifolium
obs_341060278_photo_547585371,obs_341060278_photo_547585371_2,/share/ftrscape/image_dataset/obs_341060278_photo_547585371.jpg,/rs1/researchers/a/amallav/results/outputs_crop/obs_341060278_photo_547585371_box2.jpg,837.5445557,2.510742188,1146.822021,1303.640381,Golovinomyces pseudosepultus,0.01386947,2,Chamaenerion angustifolium
obs_341060278_photo_547585371,obs_341060278_photo_547585371_3,/share/ftrscape/image_dataset/obs_341060278_photo_547585371.jpg,/rs1/researchers/a/amallav/results/outputs_crop/obs_341060278_photo_547585371_box3.jpg,1124.376709,16.67788696,1533.926514,980.7073975,Erysiphe mayorii,0.355631292,3,Chamaenerion angustifolium
obs_341060278_photo_547585371,obs_341060278_photo_547585371_3,/share/ftrscape/image_dataset/obs_341060278_photo_547585371.jpg,/rs1/researchers/a/amallav/results/outputs_crop/obs_341060278_photo_547585371_box3.jpg,1124.376709,16.67788696,1533.926514,980.7073975,Golovinomyces magnicellulatus,0.153181657,3,Chamaenerion angustifolium
obs_341060278_photo_547585371,obs_341060278_photo_547585371_3,/share/ftrscape/image_dataset/obs_341060278_photo_547585371.jpg,/rs1/researchers/a/amallav/results/outputs_crop/obs_341060278_photo_547585371_box3.jpg,1124.376709,16.67788696,1533.926514,980.7073975,Podosphaera dipsacacearum,0.018292848,3,Chamaenerion angustifolium
obs_341060278_photo_547585371,obs_341060278_photo_547585371_3,/share/ftrscape/image_dataset/obs_341060278_photo_547585371.jpg,/rs1/researchers/a/amallav/results/outputs_crop/obs_341060278_photo_547585371_box3.jpg,1124.376709,16.67788696,1533.926514,980.7073975,Golovinomyces montagnei,0.016740292,3,Chamaenerion angustifolium
obs_341060278_photo_547585371,obs_341060278_photo_547585371_3,/share/ftrscape/image_dataset/obs_341060278_photo_547585371.jpg,/rs1/researchers/a/amallav/results/outputs_crop/obs_341060278_photo_547585371_box3.jpg,1124.376709,16.67788696,1533.926514,980.7073975,Golovinomyces inulae,0.011416757,3,Chamaenerion angustifolium
obs_341060278_photo_547585371,obs_341060278_photo_547585371_4,/share/ftrscape/image_dataset/obs_341060278_photo_547585371.jpg,/rs1/researchers/a/amallav/results/outputs_crop/obs_341060278_photo_547585371_box4.jpg,2.548233032,417.1462097,1032.525879,1061.227417,Artemisia longifolia,0.144722819,4,Chamaenerion angustifolium
obs_341060278_photo_547585371,obs_341060278_photo_547585371_4,/share/ftrscape/image_dataset/obs_341060278_photo_547585371.jpg,/rs1/researchers/a/amallav/results/outputs_crop/obs_341060278_photo_547585371_box4.jpg,2.548233032,417.1462097,1032.525879,1061.227417,Artemisia douglasiana,0.068865284,4,Chamaenerion angustifolium
obs_341060278_photo_547585371,obs_341060278_photo_547585371_4,/share/ftrscape/image_dataset/obs_341060278_photo_547585371.jpg,/rs1/researchers/a/amallav/results/outputs_crop/obs_341060278_photo_547585371_box4.jpg,2.548233032,417.1462097,1032.525879,1061.227417,Artemisia tilesii,0.064329721,4,Chamaenerion angustifolium
obs_341060278_photo_547585371,obs_341060278_photo_547585371_4,/share/ftrscape/image_dataset/obs_341060278_photo_547585371.jpg,/rs1/researchers/a/amallav/results/outputs_crop/obs_341060278_photo_547585371_box4.jpg,2.548233032,417.1462097,1032.525879,1061.227417,Artemisia ludoviciana,0.040680107,4,Chamaenerion angustifolium
obs_341060278_photo_547585371,obs_341060278_photo_547585371_4,/share/ftrscape/image_dataset/obs_341060278_photo_547585371.jpg,/rs1/researchers/a/amallav/results/outputs_crop/obs_341060278_photo_547585371_box4.jpg,2.548233032,417.1462097,1032.525879,1061.227417,Helianthus glaucophyllus,0.040162019,4,Chamaenerion angustifolium
obs_341060278_photo_547585371,obs_341060278_photo_547585371_5,/share/ftrscape/image_dataset/obs_341060278_photo_547585371.jpg,/rs1/researchers/a/amallav/results/outputs_crop/obs_341060278_photo_547585371_box5.jpg,145.1036072,1101.828857,351.2041016,1395.17041,Apis mellifera,0.472366095,5,Chamaenerion angustifolium
obs_341060278_photo_547585371,obs_341060278_photo_547585371_5,/share/ftrscape/image_dataset/obs_341060278_photo_547585371.jpg,/rs1/researchers/a/amallav/results/outputs_crop/obs_341060278_photo_547585371_box5.jpg,145.1036072,1101.828857,351.2041016,1395.17041,Apis bombylans,0.056373492,5,Chamaenerion angustifolium
obs_341060278_photo_547585371,obs_341060278_photo_547585371_5,/share/ftrscape/image_dataset/obs_341060278_photo_547585371.jpg,/rs1/researchers/a/amallav/results/outputs_crop/obs_341060278_photo_547585371_box5.jpg,145.1036072,1101.828857,351.2041016,1395.17041,Varroa destructor,0.054138213,5,Chamaenerion angustifolium
obs_341060278_photo_547585371,obs_341060278_photo_547585371_5,/share/ftrscape/image_dataset/obs_341060278_photo_547585371.jpg,/rs1/researchers/a/amallav/results/outputs_crop/obs_341060278_photo_547585371_box5.jpg,145.1036072,1101.828857,351.2041016,1395.17041,Braula coeca,0.021490708,5,Chamaenerion angustifolium
obs_341060278_photo_547585371,obs_341060278_photo_547585371_5,/share/ftrscape/image_dataset/obs_341060278_photo_547585371.jpg,/rs1/researchers/a/amallav/results/outputs_crop/obs_341060278_photo_547585371_box5.jpg,145.1036072,1101.828857,351.2041016,1395.17041,Apis cerana,0.014637957,5,Chamaenerion angustifolium
obs_341067936_photo_620805844,obs_341067936_photo_620805844_1,/share/ftrscape/image_dataset/obs_341067936_photo_620805844.jpg,/rs1/researchers/a/amallav/results/outputs_crop/obs_341067936_photo_620805844_box1.jpg,854.8208008,505.1255188,1196.499756,793.7623901,Apis mellifera,0.303833991,1,Apis mellifera
obs_341067936_photo_620805844,obs_341067936_photo_620805844_1,/share/ftrscape/image_dataset/obs_341067936_photo_620805844.jpg,/rs1/researchers/a/amallav/results/outputs_crop/obs_341067936_photo_620805844_box1.jpg,854.8208008,505.1255188,1196.499756,793.7623901,Hesperapis cockerelli,0.01957535,1,Apis mellifera
obs_341067936_photo_620805844,obs_341067936_photo_620805844_1,/share/ftrscape/image_dataset/obs_341067936_photo_620805844.jpg,/rs1/researchers/a/amallav/results/outputs_crop/obs_341067936_photo_620805844_box1.jpg,854.8208008,505.1255188,1196.499756,793.7623901,Andrena balsamorhizae,0.017149774,1,Apis mellifera
obs_341067936_photo_620805844,obs_341067936_photo_620805844_1,/share/ftrscape/image_dataset/obs_341067936_photo_620805844.jpg,/rs1/researchers/a/amallav/results/outputs_crop/obs_341067936_photo_620805844_box1.jpg,854.8208008,505.1255188,1196.499756,793.7623901,Varroa destructor,0.009883061,1,Apis mellifera
obs_341067936_photo_620805844,obs_341067936_photo_620805844_1,/share/ftrscape/image_dataset/obs_341067936_photo_620805844.jpg,/rs1/researchers/a/amallav/results/outputs_crop/obs_341067936_photo_620805844_box1.jpg,854.8208008,505.1255188,1196.499756,793.7623901,Lasioglossum actinosum,0.006917779,1,Apis mellifera
obs_341067936_photo_620805844,obs_341067936_photo_620805844_2,/share/ftrscape/image_dataset/obs_341067936_photo_620805844.jpg,/rs1/researchers/a/amallav/results/outputs_crop/obs_341067936_photo_620805844_box2.jpg,856.730896,506.4337769,1193.6604,787.362915,Apis mellifera,0.24210763,2,Apis mellifera
obs_341067936_photo_620805844,obs_341067936_photo_620805844_2,/share/ftrscape/image_dataset/obs_341067936_photo_620805844.jpg,/rs1/researchers/a/amallav/results/outputs_crop/obs_341067936_photo_620805844_box2.jpg,856.730896,506.4337769,1193.6604,787.362915,Andrena balsamorhizae,0.019694092,2,Apis mellifera
obs_341067936_photo_620805844,obs_341067936_photo_620805844_2,/share/ftrscape/image_dataset/obs_341067936_photo_620805844.jpg,/rs1/researchers/a/amallav/results/outputs_crop/obs_341067936_photo_620805844_box2.jpg,856.730896,506.4337769,1193.6604,787.362915,Varroa destructor,0.012165156,2,Apis mellifera
obs_341067936_photo_620805844,obs_341067936_photo_620805844_2,/share/ftrscape/image_dataset/obs_341067936_photo_620805844.jpg,/rs1/researchers/a/amallav/results/outputs_crop/obs_341067936_photo_620805844_box2.jpg,856.730896,506.4337769,1193.6604,787.362915,Hesperapis cockerelli,0.011394936,2,Apis mellifera
obs_341067936_photo_620805844,obs_341067936_photo_620805844_2,/share/ftrscape/image_dataset/obs_341067936_photo_620805844.jpg,/rs1/researchers/a/amallav/results/outputs_crop/obs_341067936_photo_620805844_box2.jpg,856.730896,506.4337769,1193.6604,787.362915,Melissoptila tandilensis,0.010660053,2,Apis mellifera
obs_341067936_photo_620805844,obs_341067936_photo_620805844_3,/share/ftrscape/image_dataset/obs_341067936_photo_620805844.jpg,/rs1/researchers/a/amallav/results/outputs_crop/obs_341067936_photo_620805844_box3.jpg,842.6831055,495.790741,1213.915039,862.3432617,Apis mellifera,0.336590558,3,Apis mellifera
obs_341067936_photo_620805844,obs_341067936_photo_620805844_3,/share/ftrscape/image_dataset/obs_341067936_photo_620805844.jpg,/rs1/researchers/a/amallav/results/outputs_crop/obs_341067936_photo_620805844_box3.jpg,842.6831055,495.790741,1213.915039,862.3432617,Clematis pauciflora,0.038576294,3,Apis mellifera
obs_341067936_photo_620805844,obs_341067936_photo_620805844_3,/share/ftrscape/image_dataset/obs_341067936_photo_620805844.jpg,/rs1/researchers/a/amallav/results/outputs_crop/obs_341067936_photo_620805844_box3.jpg,842.6831055,495.790741,1213.915039,862.3432617,Clematis drummondii,0.019818781,3,Apis mellifera
obs_341067936_photo_620805844,obs_341067936_photo_620805844_3,/share/ftrscape/image_dataset/obs_341067936_photo_620805844.jpg,/rs1/researchers/a/amallav/results/outputs_crop/obs_341067936_photo_620805844_box3.jpg,842.6831055,495.790741,1213.915039,862.3432617,Hesperapis cockerelli,0.012655673,3,Apis mellifera
obs_341067936_photo_620805844,obs_341067936_photo_620805844_3,/share/ftrscape/image_dataset/obs_341067936_photo_620805844.jpg,/rs1/researchers/a/amallav/results/outputs_crop/obs_341067936_photo_620805844_box3.jpg,842.6831055,495.790741,1213.915039,862.3432617,Varroa destructor,0.007162187,3,Apis mellifera
obs_341194952_photo_621071156,obs_341194952_photo_621071156_1,/share/ftrscape/image_dataset/obs_341194952_photo_621071156.jpg,/rs1/researchers/a/amallav/results/outputs_crop/obs_341194952_photo_621071156_box1.jpg,614.8746338,1029.535645,1328.721802,1917.022461,Ardea alba,0.670640886,1,Ardea alba
obs_341194952_photo_621071156,obs_341194952_photo_621071156_1,/share/ftrscape/image_dataset/obs_341194952_photo_621071156.jpg,/rs1/researchers/a/amallav/results/outputs_crop/obs_341194952_photo_621071156_box1.jpg,614.8746338,1029.535645,1328.721802,1917.022461,Ardea modesta,0.315505147,1,Ardea alba
obs_341194952_photo_621071156,obs_341194952_photo_621071156_1,/share/ftrscape/image_dataset/obs_341194952_photo_621071156.jpg,/rs1/researchers/a/amallav/results/outputs_crop/obs_341194952_photo_621071156_box1.jpg,614.8746338,1029.535645,1328.721802,1917.022461,Egretta thula,0.000682785,1,Ardea alba
obs_341194952_photo_621071156,obs_341194952_photo_621071156_1,/share/ftrscape/image_dataset/obs_341194952_photo_621071156.jpg,/rs1/researchers/a/amallav/results/outputs_crop/obs_341194952_photo_621071156_box1.jpg,614.8746338,1029.535645,1328.721802,1917.022461,Egretta intermedia,0.000496447,1,Ardea alba
obs_341194952_photo_621071156,obs_341194952_photo_621071156_1,/share/ftrscape/image_dataset/obs_341194952_photo_621071156.jpg,/rs1/researchers/a/amallav/results/outputs_crop/obs_341194952_photo_621071156_box1.jpg,614.8746338,1029.535645,1328.721802,1917.022461,Botaurus lentiginosus,0.000178959,1,Ardea alba
obs_341194952_photo_621071156,obs_341194952_photo_621071156_2,/share/ftrscape/image_dataset/obs_341194952_photo_621071156.jpg,/rs1/researchers/a/amallav/results/outputs_crop/obs_341194952_photo_621071156_box2.jpg,901.9306641,1633.843384,1176.966797,1911.929565,Diapheromera femorata,0.014824265,2,Ardea alba
obs_341194952_photo_621071156,obs_341194952_photo_621071156_2,/share/ftrscape/image_dataset/obs_341194952_photo_621071156.jpg,/rs1/researchers/a/amallav/results/outputs_crop/obs_341194952_photo_621071156_box2.jpg,901.9306641,1633.843384,1176.966797,1911.929565,Archaeopteryx siemensii,0.00660715,2,Ardea alba
obs_341194952_photo_621071156,obs_341194952_photo_621071156_2,/share/ftrscape/image_dataset/obs_341194952_photo_621071156.jpg,/rs1/researchers/a/amallav/results/outputs_crop/obs_341194952_photo_621071156_box2.jpg,901.9306641,1633.843384,1176.966797,1911.929565,Trichonephila clavata,0.006187977,2,Ardea alba
obs_341194952_photo_621071156,obs_341194952_photo_621071156_2,/share/ftrscape/image_dataset/obs_341194952_photo_621071156.jpg,/rs1/researchers/a/amallav/results/outputs_crop/obs_341194952_photo_621071156_box2.jpg,901.9306641,1633.843384,1176.966797,1911.929565,Emesaya brevipennis,0.005515512,2,Ardea alba
obs_341194952_photo_621071156,obs_341194952_photo_621071156_2,/share/ftrscape/image_dataset/obs_341194952_photo_621071156.jpg,/rs1/researchers/a/amallav/results/outputs_crop/obs_341194952_photo_621071156_box2.jpg,901.9306641,1633.843384,1176.966797,1911.929565,Ramulus caii,0.004249427,2,Ardea alba
obs_341194952_photo_621071156,obs_341194952_photo_621071156_3,/share/ftrscape/image_dataset/obs_341194952_photo_621071156.jpg,/rs1/researchers/a/amallav/results/outputs_crop/obs_341194952_photo_621071156_box3.jpg,1065.067749,1630.257568,1171.366821,1908.497559,Centruroides yucatanensis,0.016745759,3,Ardea alba
obs_341194952_photo_621071156,obs_341194952_photo_621071156_3,/share/ftrscape/image_dataset/obs_341194952_photo_621071156.jpg,/rs1/researchers/a/amallav/results/outputs_crop/obs_341194952_photo_621071156_box3.jpg,1065.067749,1630.257568,1171.366821,1908.497559,Ophiocordyceps formicarum,0.012102908,3,Ardea alba
obs_341194952_photo_621071156,obs_341194952_photo_621071156_3,/share/ftrscape/image_dataset/obs_341194952_photo_621071156.jpg,/rs1/researchers/a/amallav/results/outputs_crop/obs_341194952_photo_621071156_box3.jpg,1065.067749,1630.257568,1171.366821,1908.497559,Tirachoidea biceps,0.011566309,3,Ardea alba
obs_341194952_photo_621071156,obs_341194952_photo_621071156_3,/share/ftrscape/image_dataset/obs_341194952_photo_621071156.jpg,/rs1/researchers/a/amallav/results/outputs_crop/obs_341194952_photo_621071156_box3.jpg,1065.067749,1630.257568,1171.366821,1908.497559,Tityus dedoslargos,0.011086103,3,Ardea alba
obs_341194952_photo_621071156,obs_341194952_photo_621071156_3,/share/ftrscape/image_dataset/obs_341194952_photo_621071156.jpg,/rs1/researchers/a/amallav/results/outputs_crop/obs_341194952_photo_621071156_box3.jpg,1065.067749,1630.257568,1171.366821,1908.497559,Bacteria maxwelli,0.009281036,3,Ardea alba
obs_64497720_photo_103704678,obs_64497720_photo_103704678_1,/share/ftrscape/image_dataset/obs_64497720_photo_103704678.jpg,/rs1/researchers/a/amallav/results/outputs_crop/obs_64497720_photo_103704678_box1.jpg,660.1915283,344.2792969,1429.126343,760.3791504,Bucephala albeola,0.158956707,1,Alitta williami
obs_64497720_photo_103704678,obs_64497720_photo_103704678_1,/share/ftrscape/image_dataset/obs_64497720_photo_103704678.jpg,/rs1/researchers/a/amallav/results/outputs_crop/obs_64497720_photo_103704678_box1.jpg,660.1915283,344.2792969,1429.126343,760.3791504,Platichthys stellatus,0.055748839,1,Alitta williami
obs_64497720_photo_103704678,obs_64497720_photo_103704678_1,/share/ftrscape/image_dataset/obs_64497720_photo_103704678.jpg,/rs1/researchers/a/amallav/results/outputs_crop/obs_64497720_photo_103704678_box1.jpg,660.1915283,344.2792969,1429.126343,760.3791504,Ameiurus nebulosus,0.031551939,1,Alitta williami
obs_64497720_photo_103704678,obs_64497720_photo_103704678_1,/share/ftrscape/image_dataset/obs_64497720_photo_103704678.jpg,/rs1/researchers/a/amallav/results/outputs_crop/obs_64497720_photo_103704678_box1.jpg,660.1915283,344.2792969,1429.126343,760.3791504,Dorosoma cepedianum,0.02716318,1,Alitta williami
obs_64497720_photo_103704678,obs_64497720_photo_103704678_1,/share/ftrscape/image_dataset/obs_64497720_photo_103704678.jpg,/rs1/researchers/a/amallav/results/outputs_crop/obs_64497720_photo_103704678_box1.jpg,660.1915283,344.2792969,1429.126343,760.3791504,Ameiurus catus,0.018202441,1,Alitta williami
obs_64497720_photo_103704678,obs_64497720_photo_103704678_2,/share/ftrscape/image_dataset/obs_64497720_photo_103704678.jpg,/rs1/researchers/a/amallav/results/outputs_crop/obs_64497720_photo_103704678_box2.jpg,664.6364746,343.0235596,1425.33374,758.6436768,Bucephala albeola,0.398026556,2,Alitta williami
obs_64497720_photo_103704678,obs_64497720_photo_103704678_2,/share/ftrscape/image_dataset/obs_64497720_photo_103704678.jpg,/rs1/researchers/a/amallav/results/outputs_crop/obs_64497720_photo_103704678_box2.jpg,664.6364746,343.0235596,1425.33374,758.6436768,Platichthys stellatus,0.028261898,2,Alitta williami
obs_64497720_photo_103704678,obs_64497720_photo_103704678_2,/share/ftrscape/image_dataset/obs_64497720_photo_103704678.jpg,/rs1/researchers/a/amallav/results/outputs_crop/obs_64497720_photo_103704678_box2.jpg,664.6364746,343.0235596,1425.33374,758.6436768,Dorosoma cepedianum,0.026564993,2,Alitta williami
obs_64497720_photo_103704678,obs_64497720_photo_103704678_2,/share/ftrscape/image_dataset/obs_64497720_photo_103704678.jpg,/rs1/researchers/a/amallav/results/outputs_crop/obs_64497720_photo_103704678_box2.jpg,664.6364746,343.0235596,1425.33374,758.6436768,Lepomis cyanellus,0.022815352,2,Alitta williami
obs_64497720_photo_103704678,obs_64497720_photo_103704678_2,/share/ftrscape/image_dataset/obs_64497720_photo_103704678.jpg,/rs1/researchers/a/amallav/results/outputs_crop/obs_64497720_photo_103704678_box2.jpg,664.6364746,343.0235596,1425.33374,758.6436768,Ameiurus nebulosus,0.019432101,2,Alitta williami
