crop_file,crop_file_path,image_id,Falsely identified?,rank,box_num,species,User_classified,same_species?,My analysis,common_name,kingdom,user_kingdom,phylum,user_phylum,class,user_class,order,user_order,family,user_family,genus,user_genus,score,top_no,topk_predictions_json
obs_102691691_photo_171703626_box1.jpg,/rs1/researchers/a/amallav/results/outputs_crop/obs_102691691_photo_171703626_box1.jpg,obs_102691691_photo_171703626,#N/A,1,1,Egregia menziesii,Egregia menziesii,TRUE,,,Chromista,Chromista,Ochrophyta,Ochrophyta,Phaeophyceae,Phaeophyceae,Laminariales,Laminariales,Lessoniaceae,Lessoniaceae,Egregia,Egregia,0.625257194,1,"[{""species"": ""Egregia menziesii"", ""common_name"": """", ""score"": 0.6252571940422058}, {""species"": ""Alaria marginata"", ""common_name"": """", ""score"": 0.10685877501964569}, {""species"": ""Alaria crispa"", ""common_name"": """", ""score"": 0.030739832669496536}, {""species"": ""Alaria praelonga"", ""common_name"": """", ""score"": 0.02907681278884411}, {""species"": ""Alaria nana"", ""common_name"": """", ""score"": 0.0287630632519722}]"
obs_102691691_photo_171703626_box1.jpg,/rs1/researchers/a/amallav/results/outputs_crop/obs_102691691_photo_171703626_box1.jpg,obs_102691691_photo_171703626,#N/A,1,1,Alaria marginata,Egregia menziesii,FALSE,,,Chromista,Chromista,Ochrophyta,Ochrophyta,Phaeophyceae,Phaeophyceae,Laminariales,Laminariales,Alariaceae,Lessoniaceae,Alaria,Egregia,0.106858775,2,"[{""species"": ""Egregia menziesii"", ""common_name"": """", ""score"": 0.6252571940422058}, {""species"": ""Alaria marginata"", ""common_name"": """", ""score"": 0.10685877501964569}, {""species"": ""Alaria crispa"", ""common_name"": """", ""score"": 0.030739832669496536}, {""species"": ""Alaria praelonga"", ""common_name"": """", ""score"": 0.02907681278884411}, {""species"": ""Alaria nana"", ""common_name"": """", ""score"": 0.0287630632519722}]"
obs_102691691_photo_171703626_box1.jpg,/rs1/researchers/a/amallav/results/outputs_crop/obs_102691691_photo_171703626_box1.jpg,obs_102691691_photo_171703626,#N/A,1,1,Alaria crispa,Egregia menziesii,FALSE,,,Chromista,Chromista,Ochrophyta,Ochrophyta,Phaeophyceae,Phaeophyceae,Laminariales,Laminariales,Alariaceae,Lessoniaceae,Alaria,Egregia,0.030739833,3,"[{""species"": ""Egregia menziesii"", ""common_name"": """", ""score"": 0.6252571940422058}, {""species"": ""Alaria marginata"", ""common_name"": """", ""score"": 0.10685877501964569}, {""species"": ""Alaria crispa"", ""common_name"": """", ""score"": 0.030739832669496536}, {""species"": ""Alaria praelonga"", ""common_name"": """", ""score"": 0.02907681278884411}, {""species"": ""Alaria nana"", ""common_name"": """", ""score"": 0.0287630632519722}]"
obs_102691691_photo_171703626_box1.jpg,/rs1/researchers/a/amallav/results/outputs_crop/obs_102691691_photo_171703626_box1.jpg,obs_102691691_photo_171703626,#N/A,1,1,Alaria praelonga,Egregia menziesii,FALSE,,,Chromista,Chromista,Ochrophyta,Ochrophyta,Phaeophyceae,Phaeophyceae,Laminariales,Laminariales,Alariaceae,Lessoniaceae,Alaria,Egregia,0.029076813,4,"[{""species"": ""Egregia menziesii"", ""common_name"": """", ""score"": 0.6252571940422058}, {""species"": ""Alaria marginata"", ""common_name"": """", ""score"": 0.10685877501964569}, {""species"": ""Alaria crispa"", ""common_name"": """", ""score"": 0.030739832669496536}, {""species"": ""Alaria praelonga"", ""common_name"": """", ""score"": 0.02907681278884411}, {""species"": ""Alaria nana"", ""common_name"": """", ""score"": 0.0287630632519722}]"
obs_102691691_photo_171703626_box1.jpg,/rs1/researchers/a/amallav/results/outputs_crop/obs_102691691_photo_171703626_box1.jpg,obs_102691691_photo_171703626,#N/A,1,1,Alaria nana,Egregia menziesii,FALSE,,,Chromista,Chromista,Ochrophyta,Ochrophyta,Phaeophyceae,Phaeophyceae,Laminariales,Laminariales,Alariaceae,Lessoniaceae,Alaria,Egregia,0.028763063,5,"[{""species"": ""Egregia menziesii"", ""common_name"": """", ""score"": 0.6252571940422058}, {""species"": ""Alaria marginata"", ""common_name"": """", ""score"": 0.10685877501964569}, {""species"": ""Alaria crispa"", ""common_name"": """", ""score"": 0.030739832669496536}, {""species"": ""Alaria praelonga"", ""common_name"": """", ""score"": 0.02907681278884411}, {""species"": ""Alaria nana"", ""common_name"": """", ""score"": 0.0287630632519722}]"
obs_102691691_photo_171703626_box2.jpg,/rs1/researchers/a/amallav/results/outputs_crop/obs_102691691_photo_171703626_box2.jpg,obs_102691691_photo_171703626,#N/A,2,2,Egregia menziesii,Egregia menziesii,TRUE,,,Chromista,Chromista,Ochrophyta,Ochrophyta,Phaeophyceae,Phaeophyceae,Laminariales,Laminariales,Lessoniaceae,Lessoniaceae,Egregia,Egregia,0.531426966,1,"[{""species"": ""Egregia menziesii"", ""common_name"": """", ""score"": 0.5314269661903381}, {""species"": ""Alaria marginata"", ""common_name"": """", ""score"": 0.12830471992492676}, {""species"": ""Alaria nana"", ""common_name"": """", ""score"": 0.044044215232133865}, {""species"": ""Alaria crispa"", ""common_name"": """", ""score"": 0.03832705318927765}, {""species"": ""Alaria praelonga"", ""common_name"": """", ""score"": 0.03494860231876373}]"
obs_102691691_photo_171703626_box2.jpg,/rs1/researchers/a/amallav/results/outputs_crop/obs_102691691_photo_171703626_box2.jpg,obs_102691691_photo_171703626,#N/A,2,2,Alaria marginata,Egregia menziesii,FALSE,,,Chromista,Chromista,Ochrophyta,Ochrophyta,Phaeophyceae,Phaeophyceae,Laminariales,Laminariales,Alariaceae,Lessoniaceae,Alaria,Egregia,0.12830472,2,"[{""species"": ""Egregia menziesii"", ""common_name"": """", ""score"": 0.5314269661903381}, {""species"": ""Alaria marginata"", ""common_name"": """", ""score"": 0.12830471992492676}, {""species"": ""Alaria nana"", ""common_name"": """", ""score"": 0.044044215232133865}, {""species"": ""Alaria crispa"", ""common_name"": """", ""score"": 0.03832705318927765}, {""species"": ""Alaria praelonga"", ""common_name"": """", ""score"": 0.03494860231876373}]"
obs_102691691_photo_171703626_box2.jpg,/rs1/researchers/a/amallav/results/outputs_crop/obs_102691691_photo_171703626_box2.jpg,obs_102691691_photo_171703626,#N/A,2,2,Alaria nana,Egregia menziesii,FALSE,,,Chromista,Chromista,Ochrophyta,Ochrophyta,Phaeophyceae,Phaeophyceae,Laminariales,Laminariales,Alariaceae,Lessoniaceae,Alaria,Egregia,0.044044215,3,"[{""species"": ""Egregia menziesii"", ""common_name"": """", ""score"": 0.5314269661903381}, {""species"": ""Alaria marginata"", ""common_name"": """", ""score"": 0.12830471992492676}, {""species"": ""Alaria nana"", ""common_name"": """", ""score"": 0.044044215232133865}, {""species"": ""Alaria crispa"", ""common_name"": """", ""score"": 0.03832705318927765}, {""species"": ""Alaria praelonga"", ""common_name"": """", ""score"": 0.03494860231876373}]"
obs_102691691_photo_171703626_box2.jpg,/rs1/researchers/a/amallav/results/outputs_crop/obs_102691691_photo_171703626_box2.jpg,obs_102691691_photo_171703626,#N/A,2,2,Alaria crispa,Egregia menziesii,FALSE,,,Chromista,Chromista,Ochrophyta,Ochrophyta,Phaeophyceae,Phaeophyceae,Laminariales,Laminariales,Alariaceae,Lessoniaceae,Alaria,Egregia,0.038327053,4,"[{""species"": ""Egregia menziesii"", ""common_name"": """", ""score"": 0.5314269661903381}, {""species"": ""Alaria marginata"", ""common_name"": """", ""score"": 0.12830471992492676}, {""species"": ""Alaria nana"", ""common_name"": """", ""score"": 0.044044215232133865}, {""species"": ""Alaria crispa"", ""common_name"": """", ""score"": 0.03832705318927765}, {""species"": ""Alaria praelonga"", ""common_name"": """", ""score"": 0.03494860231876373}]"
obs_102691691_photo_171703626_box2.jpg,/rs1/researchers/a/amallav/results/outputs_crop/obs_102691691_photo_171703626_box2.jpg,obs_102691691_photo_171703626,#N/A,2,2,Alaria praelonga,Egregia menziesii,FALSE,,,Chromista,Chromista,Ochrophyta,Ochrophyta,Phaeophyceae,Phaeophyceae,Laminariales,Laminariales,Alariaceae,Lessoniaceae,Alaria,Egregia,0.034948602,5,"[{""species"": ""Egregia menziesii"", ""common_name"": """", ""score"": 0.5314269661903381}, {""species"": ""Alaria marginata"", ""common_name"": """", ""score"": 0.12830471992492676}, {""species"": ""Alaria nana"", ""common_name"": """", ""score"": 0.044044215232133865}, {""species"": ""Alaria crispa"", ""common_name"": """", ""score"": 0.03832705318927765}, {""species"": ""Alaria praelonga"", ""common_name"": """", ""score"": 0.03494860231876373}]"
obs_102691691_photo_171703626_box3.jpg,/rs1/researchers/a/amallav/results/outputs_crop/obs_102691691_photo_171703626_box3.jpg,obs_102691691_photo_171703626,#N/A,3,3,Egregia menziesii,Egregia menziesii,TRUE,,,Chromista,Chromista,Ochrophyta,Ochrophyta,Phaeophyceae,Phaeophyceae,Laminariales,Laminariales,Lessoniaceae,Lessoniaceae,Egregia,Egregia,0.758642018,1,"[{""species"": ""Egregia menziesii"", ""common_name"": """", ""score"": 0.7586420178413391}, {""species"": ""Marginariella urvilliana"", ""common_name"": """", ""score"": 0.04235883057117462}, {""species"": ""Marginariella boryana"", ""common_name"": """", ""score"": 0.04231587052345276}, {""species"": ""Alaria marginata"", ""common_name"": """", ""score"": 0.02706908993422985}, {""species"": ""Alaria praelonga"", ""common_name"": """", ""score"": 0.015688514336943626}]"
obs_102691691_photo_171703626_box3.jpg,/rs1/researchers/a/amallav/results/outputs_crop/obs_102691691_photo_171703626_box3.jpg,obs_102691691_photo_171703626,#N/A,3,3,Marginariella urvilliana,Egregia menziesii,FALSE,,,Chromista,Chromista,Ochrophyta,Ochrophyta,Phaeophyceae,Phaeophyceae,Fucales,Laminariales,Seirococcaceae,Lessoniaceae,Marginariella,Egregia,0.042358831,2,"[{""species"": ""Egregia menziesii"", ""common_name"": """", ""score"": 0.7586420178413391}, {""species"": ""Marginariella urvilliana"", ""common_name"": """", ""score"": 0.04235883057117462}, {""species"": ""Marginariella boryana"", ""common_name"": """", ""score"": 0.04231587052345276}, {""species"": ""Alaria marginata"", ""common_name"": """", ""score"": 0.02706908993422985}, {""species"": ""Alaria praelonga"", ""common_name"": """", ""score"": 0.015688514336943626}]"
obs_102691691_photo_171703626_box3.jpg,/rs1/researchers/a/amallav/results/outputs_crop/obs_102691691_photo_171703626_box3.jpg,obs_102691691_photo_171703626,#N/A,3,3,Marginariella boryana,Egregia menziesii,FALSE,,,Chromista,Chromista,Ochrophyta,Ochrophyta,Phaeophyceae,Phaeophyceae,Fucales,Laminariales,Seirococcaceae,Lessoniaceae,Marginariella,Egregia,0.042315871,3,"[{""species"": ""Egregia menziesii"", ""common_name"": """", ""score"": 0.7586420178413391}, {""species"": ""Marginariella urvilliana"", ""common_name"": """", ""score"": 0.04235883057117462}, {""species"": ""Marginariella boryana"", ""common_name"": """", ""score"": 0.04231587052345276}, {""species"": ""Alaria marginata"", ""common_name"": """", ""score"": 0.02706908993422985}, {""species"": ""Alaria praelonga"", ""common_name"": """", ""score"": 0.015688514336943626}]"
obs_102691691_photo_171703626_box3.jpg,/rs1/researchers/a/amallav/results/outputs_crop/obs_102691691_photo_171703626_box3.jpg,obs_102691691_photo_171703626,#N/A,3,3,Alaria marginata,Egregia menziesii,FALSE,,,Chromista,Chromista,Ochrophyta,Ochrophyta,Phaeophyceae,Phaeophyceae,Laminariales,Laminariales,Alariaceae,Lessoniaceae,Alaria,Egregia,0.02706909,4,"[{""species"": ""Egregia menziesii"", ""common_name"": """", ""score"": 0.7586420178413391}, {""species"": ""Marginariella urvilliana"", ""common_name"": """", ""score"": 0.04235883057117462}, {""species"": ""Marginariella boryana"", ""common_name"": """", ""score"": 0.04231587052345276}, {""species"": ""Alaria marginata"", ""common_name"": """", ""score"": 0.02706908993422985}, {""species"": ""Alaria praelonga"", ""common_name"": """", ""score"": 0.015688514336943626}]"
obs_102691691_photo_171703626_box3.jpg,/rs1/researchers/a/amallav/results/outputs_crop/obs_102691691_photo_171703626_box3.jpg,obs_102691691_photo_171703626,#N/A,3,3,Alaria praelonga,Egregia menziesii,FALSE,,,Chromista,Chromista,Ochrophyta,Ochrophyta,Phaeophyceae,Phaeophyceae,Laminariales,Laminariales,Alariaceae,Lessoniaceae,Alaria,Egregia,0.015688514,5,"[{""species"": ""Egregia menziesii"", ""common_name"": """", ""score"": 0.7586420178413391}, {""species"": ""Marginariella urvilliana"", ""common_name"": """", ""score"": 0.04235883057117462}, {""species"": ""Marginariella boryana"", ""common_name"": """", ""score"": 0.04231587052345276}, {""species"": ""Alaria marginata"", ""common_name"": """", ""score"": 0.02706908993422985}, {""species"": ""Alaria praelonga"", ""common_name"": """", ""score"": 0.015688514336943626}]"
obs_102691691_photo_171703626_box4.jpg,/rs1/researchers/a/amallav/results/outputs_crop/obs_102691691_photo_171703626_box4.jpg,obs_102691691_photo_171703626,#N/A,4,4,Egregia menziesii,Egregia menziesii,TRUE,,,Chromista,Chromista,Ochrophyta,Ochrophyta,Phaeophyceae,Phaeophyceae,Laminariales,Laminariales,Lessoniaceae,Lessoniaceae,Egregia,Egregia,0.779517114,1,"[{""species"": ""Egregia menziesii"", ""common_name"": """", ""score"": 0.7795171141624451}, {""species"": ""Alaria marginata"", ""common_name"": """", ""score"": 0.0571218840777874}, {""species"": ""Marginariella urvilliana"", ""common_name"": """", ""score"": 0.02288016490638256}, {""species"": ""Marginariella boryana"", ""common_name"": """", ""score"": 0.02279096469283104}, {""species"": ""Alaria praelonga"", ""common_name"": """", ""score"": 0.014999112114310265}]"
obs_102691691_photo_171703626_box4.jpg,/rs1/researchers/a/amallav/results/outputs_crop/obs_102691691_photo_171703626_box4.jpg,obs_102691691_photo_171703626,#N/A,4,4,Alaria marginata,Egregia menziesii,FALSE,,,Chromista,Chromista,Ochrophyta,Ochrophyta,Phaeophyceae,Phaeophyceae,Laminariales,Laminariales,Alariaceae,Lessoniaceae,Alaria,Egregia,0.057121884,2,"[{""species"": ""Egregia menziesii"", ""common_name"": """", ""score"": 0.7795171141624451}, {""species"": ""Alaria marginata"", ""common_name"": """", ""score"": 0.0571218840777874}, {""species"": ""Marginariella urvilliana"", ""common_name"": """", ""score"": 0.02288016490638256}, {""species"": ""Marginariella boryana"", ""common_name"": """", ""score"": 0.02279096469283104}, {""species"": ""Alaria praelonga"", ""common_name"": """", ""score"": 0.014999112114310265}]"
obs_102691691_photo_171703626_box4.jpg,/rs1/researchers/a/amallav/results/outputs_crop/obs_102691691_photo_171703626_box4.jpg,obs_102691691_photo_171703626,#N/A,4,4,Marginariella urvilliana,Egregia menziesii,FALSE,,,Chromista,Chromista,Ochrophyta,Ochrophyta,Phaeophyceae,Phaeophyceae,Fucales,Laminariales,Seirococcaceae,Lessoniaceae,Marginariella,Egregia,0.022880165,3,"[{""species"": ""Egregia menziesii"", ""common_name"": """", ""score"": 0.7795171141624451}, {""species"": ""Alaria marginata"", ""common_name"": """", ""score"": 0.0571218840777874}, {""species"": ""Marginariella urvilliana"", ""common_name"": """", ""score"": 0.02288016490638256}, {""species"": ""Marginariella boryana"", ""common_name"": """", ""score"": 0.02279096469283104}, {""species"": ""Alaria praelonga"", ""common_name"": """", ""score"": 0.014999112114310265}]"
obs_102691691_photo_171703626_box4.jpg,/rs1/researchers/a/amallav/results/outputs_crop/obs_102691691_photo_171703626_box4.jpg,obs_102691691_photo_171703626,#N/A,4,4,Marginariella boryana,Egregia menziesii,FALSE,,,Chromista,Chromista,Ochrophyta,Ochrophyta,Phaeophyceae,Phaeophyceae,Fucales,Laminariales,Seirococcaceae,Lessoniaceae,Marginariella,Egregia,0.022790965,4,"[{""species"": ""Egregia menziesii"", ""common_name"": """", ""score"": 0.7795171141624451}, {""species"": ""Alaria marginata"", ""common_name"": """", ""score"": 0.0571218840777874}, {""species"": ""Marginariella urvilliana"", ""common_name"": """", ""score"": 0.02288016490638256}, {""species"": ""Marginariella boryana"", ""common_name"": """", ""score"": 0.02279096469283104}, {""species"": ""Alaria praelonga"", ""common_name"": """", ""score"": 0.014999112114310265}]"
obs_102691691_photo_171703626_box4.jpg,/rs1/researchers/a/amallav/results/outputs_crop/obs_102691691_photo_171703626_box4.jpg,obs_102691691_photo_171703626,#N/A,4,4,Alaria praelonga,Egregia menziesii,FALSE,,,Chromista,Chromista,Ochrophyta,Ochrophyta,Phaeophyceae,Phaeophyceae,Laminariales,Laminariales,Alariaceae,Lessoniaceae,Alaria,Egregia,0.014999112,5,"[{""species"": ""Egregia menziesii"", ""common_name"": """", ""score"": 0.7795171141624451}, {""species"": ""Alaria marginata"", ""common_name"": """", ""score"": 0.0571218840777874}, {""species"": ""Marginariella urvilliana"", ""common_name"": """", ""score"": 0.02288016490638256}, {""species"": ""Marginariella boryana"", ""common_name"": """", ""score"": 0.02279096469283104}, {""species"": ""Alaria praelonga"", ""common_name"": """", ""score"": 0.014999112114310265}]"
obs_102691691_photo_171703626_box5.jpg,/rs1/researchers/a/amallav/results/outputs_crop/obs_102691691_photo_171703626_box5.jpg,obs_102691691_photo_171703626,#N/A,5,5,Egregia menziesii,Egregia menziesii,TRUE,,,Chromista,Chromista,Ochrophyta,Ochrophyta,Phaeophyceae,Phaeophyceae,Laminariales,Laminariales,Lessoniaceae,Lessoniaceae,Egregia,Egregia,0.512483239,1,"[{""species"": ""Egregia menziesii"", ""common_name"": """", ""score"": 0.5124832391738892}, {""species"": ""Alaria marginata"", ""common_name"": """", ""score"": 0.2000187486410141}, {""species"": ""Alaria praelonga"", ""common_name"": """", ""score"": 0.06406459212303162}, {""species"": ""Alaria angusta"", ""common_name"": """", ""score"": 0.034342098981142044}, {""species"": ""Alaria lanceolata"", ""common_name"": """", ""score"": 0.030789226293563843}]"
obs_102691691_photo_171703626_box5.jpg,/rs1/researchers/a/amallav/results/outputs_crop/obs_102691691_photo_171703626_box5.jpg,obs_102691691_photo_171703626,#N/A,5,5,Alaria marginata,Egregia menziesii,FALSE,,,Chromista,Chromista,Ochrophyta,Ochrophyta,Phaeophyceae,Phaeophyceae,Laminariales,Laminariales,Alariaceae,Lessoniaceae,Alaria,Egregia,0.200018749,2,"[{""species"": ""Egregia menziesii"", ""common_name"": """", ""score"": 0.5124832391738892}, {""species"": ""Alaria marginata"", ""common_name"": """", ""score"": 0.2000187486410141}, {""species"": ""Alaria praelonga"", ""common_name"": """", ""score"": 0.06406459212303162}, {""species"": ""Alaria angusta"", ""common_name"": """", ""score"": 0.034342098981142044}, {""species"": ""Alaria lanceolata"", ""common_name"": """", ""score"": 0.030789226293563843}]"
obs_102691691_photo_171703626_box5.jpg,/rs1/researchers/a/amallav/results/outputs_crop/obs_102691691_photo_171703626_box5.jpg,obs_102691691_photo_171703626,#N/A,5,5,Alaria praelonga,Egregia menziesii,FALSE,,,Chromista,Chromista,Ochrophyta,Ochrophyta,Phaeophyceae,Phaeophyceae,Laminariales,Laminariales,Alariaceae,Lessoniaceae,Alaria,Egregia,0.064064592,3,"[{""species"": ""Egregia menziesii"", ""common_name"": """", ""score"": 0.5124832391738892}, {""species"": ""Alaria marginata"", ""common_name"": """", ""score"": 0.2000187486410141}, {""species"": ""Alaria praelonga"", ""common_name"": """", ""score"": 0.06406459212303162}, {""species"": ""Alaria angusta"", ""common_name"": """", ""score"": 0.034342098981142044}, {""species"": ""Alaria lanceolata"", ""common_name"": """", ""score"": 0.030789226293563843}]"
obs_102691691_photo_171703626_box5.jpg,/rs1/researchers/a/amallav/results/outputs_crop/obs_102691691_photo_171703626_box5.jpg,obs_102691691_photo_171703626,#N/A,5,5,Alaria angusta,Egregia menziesii,FALSE,,,Chromista,Chromista,Ochrophyta,Ochrophyta,Phaeophyceae,Phaeophyceae,Laminariales,Laminariales,Alariaceae,Lessoniaceae,Alaria,Egregia,0.034342099,4,"[{""species"": ""Egregia menziesii"", ""common_name"": """", ""score"": 0.5124832391738892}, {""species"": ""Alaria marginata"", ""common_name"": """", ""score"": 0.2000187486410141}, {""species"": ""Alaria praelonga"", ""common_name"": """", ""score"": 0.06406459212303162}, {""species"": ""Alaria angusta"", ""common_name"": """", ""score"": 0.034342098981142044}, {""species"": ""Alaria lanceolata"", ""common_name"": """", ""score"": 0.030789226293563843}]"
obs_102691691_photo_171703626_box5.jpg,/rs1/researchers/a/amallav/results/outputs_crop/obs_102691691_photo_171703626_box5.jpg,obs_102691691_photo_171703626,#N/A,5,5,Alaria lanceolata,Egregia menziesii,FALSE,,,Chromista,Chromista,Ochrophyta,Ochrophyta,Phaeophyceae,Phaeophyceae,Laminariales,Laminariales,Alariaceae,Lessoniaceae,Alaria,Egregia,0.030789226,5,"[{""species"": ""Egregia menziesii"", ""common_name"": """", ""score"": 0.5124832391738892}, {""species"": ""Alaria marginata"", ""common_name"": """", ""score"": 0.2000187486410141}, {""species"": ""Alaria praelonga"", ""common_name"": """", ""score"": 0.06406459212303162}, {""species"": ""Alaria angusta"", ""common_name"": """", ""score"": 0.034342098981142044}, {""species"": ""Alaria lanceolata"", ""common_name"": """", ""score"": 0.030789226293563843}]"
obs_10317797_photo_14298032_box1.jpg,/rs1/researchers/a/amallav/results/outputs_crop/obs_10317797_photo_14298032_box1.jpg,obs_10317797_photo_14298032,obs_10317797_photo_14298032,1,1,Larus glaucescens,Dermasterias imbricata,FALSE,Species not in the box,Glaucous-winged gull,Animalia,Animalia,Chordata,Echinodermata,Aves,Asteroidea,Charadriiformes,Valvatida,Laridae,Asteropseidae,Larus,Dermasterias,0.901813805,1,"[{""species"": ""Larus glaucescens"", ""common_name"": ""Glaucous-winged gull"", ""score"": 0.901813805103302}, {""species"": ""Larus occidentalis"", ""common_name"": ""Western gull"", ""score"": 0.05245542526245117}, {""species"": ""Larus californicus"", ""common_name"": ""California Gull"", ""score"": 0.021365024149417877}, {""species"": ""Larus smithsonianus"", ""common_name"": ""American Herring Gull"", ""score"": 0.0034318906255066395}, {""species"": ""Larus vegae"", ""common_name"": ""Vega Gull"", ""score"": 0.0028440956957638264}]"
obs_10317797_photo_14298032_box1.jpg,/rs1/researchers/a/amallav/results/outputs_crop/obs_10317797_photo_14298032_box1.jpg,obs_10317797_photo_14298032,obs_10317797_photo_14298032,1,1,Larus occidentalis,Dermasterias imbricata,FALSE,Species not in the box,Western gull,Animalia,Animalia,Chordata,Echinodermata,Aves,Asteroidea,Charadriiformes,Valvatida,Laridae,Asteropseidae,Larus,Dermasterias,0.052455425,2,"[{""species"": ""Larus glaucescens"", ""common_name"": ""Glaucous-winged gull"", ""score"": 0.901813805103302}, {""species"": ""Larus occidentalis"", ""common_name"": ""Western gull"", ""score"": 0.05245542526245117}, {""species"": ""Larus californicus"", ""common_name"": ""California Gull"", ""score"": 0.021365024149417877}, {""species"": ""Larus smithsonianus"", ""common_name"": ""American Herring Gull"", ""score"": 0.0034318906255066395}, {""species"": ""Larus vegae"", ""common_name"": ""Vega Gull"", ""score"": 0.0028440956957638264}]"
obs_10317797_photo_14298032_box1.jpg,/rs1/researchers/a/amallav/results/outputs_crop/obs_10317797_photo_14298032_box1.jpg,obs_10317797_photo_14298032,obs_10317797_photo_14298032,1,1,Larus californicus,Dermasterias imbricata,FALSE,Species not in the box,California Gull,Animalia,Animalia,Chordata,Echinodermata,Aves,Asteroidea,Charadriiformes,Valvatida,Laridae,Asteropseidae,Larus,Dermasterias,0.021365024,3,"[{""species"": ""Larus glaucescens"", ""common_name"": ""Glaucous-winged gull"", ""score"": 0.901813805103302}, {""species"": ""Larus occidentalis"", ""common_name"": ""Western gull"", ""score"": 0.05245542526245117}, {""species"": ""Larus californicus"", ""common_name"": ""California Gull"", ""score"": 0.021365024149417877}, {""species"": ""Larus smithsonianus"", ""common_name"": ""American Herring Gull"", ""score"": 0.0034318906255066395}, {""species"": ""Larus vegae"", ""common_name"": ""Vega Gull"", ""score"": 0.0028440956957638264}]"
obs_10317797_photo_14298032_box1.jpg,/rs1/researchers/a/amallav/results/outputs_crop/obs_10317797_photo_14298032_box1.jpg,obs_10317797_photo_14298032,obs_10317797_photo_14298032,1,1,Larus smithsonianus,Dermasterias imbricata,FALSE,Species not in the box,American Herring Gull,Animalia,Animalia,Chordata,Echinodermata,Aves,Asteroidea,Charadriiformes,Valvatida,Laridae,Asteropseidae,Larus,Dermasterias,0.003431891,4,"[{""species"": ""Larus glaucescens"", ""common_name"": ""Glaucous-winged gull"", ""score"": 0.901813805103302}, {""species"": ""Larus occidentalis"", ""common_name"": ""Western gull"", ""score"": 0.05245542526245117}, {""species"": ""Larus californicus"", ""common_name"": ""California Gull"", ""score"": 0.021365024149417877}, {""species"": ""Larus smithsonianus"", ""common_name"": ""American Herring Gull"", ""score"": 0.0034318906255066395}, {""species"": ""Larus vegae"", ""common_name"": ""Vega Gull"", ""score"": 0.0028440956957638264}]"
obs_10317797_photo_14298032_box1.jpg,/rs1/researchers/a/amallav/results/outputs_crop/obs_10317797_photo_14298032_box1.jpg,obs_10317797_photo_14298032,obs_10317797_photo_14298032,1,1,Larus vegae,Dermasterias imbricata,FALSE,Species not in the box,Vega Gull,Animalia,Animalia,Chordata,Echinodermata,Aves,Asteroidea,Charadriiformes,Valvatida,Laridae,Asteropseidae,Larus,Dermasterias,0.002844096,5,"[{""species"": ""Larus glaucescens"", ""common_name"": ""Glaucous-winged gull"", ""score"": 0.901813805103302}, {""species"": ""Larus occidentalis"", ""common_name"": ""Western gull"", ""score"": 0.05245542526245117}, {""species"": ""Larus californicus"", ""common_name"": ""California Gull"", ""score"": 0.021365024149417877}, {""species"": ""Larus smithsonianus"", ""common_name"": ""American Herring Gull"", ""score"": 0.0034318906255066395}, {""species"": ""Larus vegae"", ""common_name"": ""Vega Gull"", ""score"": 0.0028440956957638264}]"
obs_10317797_photo_14298032_box2.jpg,/rs1/researchers/a/amallav/results/outputs_crop/obs_10317797_photo_14298032_box2.jpg,obs_10317797_photo_14298032,obs_10317797_photo_14298032,2,2,Odontaster penicillatus,Dermasterias imbricata,FALSE,Species features not very clear,,Animalia,Animalia,Echinodermata,Echinodermata,Asteroidea,Asteroidea,Valvatida,Valvatida,Odontasteridae,Asteropseidae,Odontaster,Dermasterias,0.059523359,1,"[{""species"": ""Odontaster penicillatus"", ""common_name"": """", ""score"": 0.059523358941078186}, {""species"": ""Stellaster princeps"", ""common_name"": """", ""score"": 0.05721467733383179}, {""species"": ""Patiria pectinifera"", ""common_name"": ""Blue bat star"", ""score"": 0.05622202530503273}, {""species"": ""Dipsacaster pretiosus"", ""common_name"": """", ""score"": 0.04452892765402794}, {""species"": ""Ceramaster japonicus"", ""common_name"": ""Bat star"", ""score"": 0.04329743608832359}]"
obs_10317797_photo_14298032_box2.jpg,/rs1/researchers/a/amallav/results/outputs_crop/obs_10317797_photo_14298032_box2.jpg,obs_10317797_photo_14298032,obs_10317797_photo_14298032,2,2,Stellaster princeps,Dermasterias imbricata,FALSE,Species features not very clear,,Animalia,Animalia,Echinodermata,Echinodermata,Asteroidea,Asteroidea,Valvatida,Valvatida,Goniasteridae,Asteropseidae,Stellaster,Dermasterias,0.057214677,2,"[{""species"": ""Odontaster penicillatus"", ""common_name"": """", ""score"": 0.059523358941078186}, {""species"": ""Stellaster princeps"", ""common_name"": """", ""score"": 0.05721467733383179}, {""species"": ""Patiria pectinifera"", ""common_name"": ""Blue bat star"", ""score"": 0.05622202530503273}, {""species"": ""Dipsacaster pretiosus"", ""common_name"": """", ""score"": 0.04452892765402794}, {""species"": ""Ceramaster japonicus"", ""common_name"": ""Bat star"", ""score"": 0.04329743608832359}]"
obs_10317797_photo_14298032_box2.jpg,/rs1/researchers/a/amallav/results/outputs_crop/obs_10317797_photo_14298032_box2.jpg,obs_10317797_photo_14298032,obs_10317797_photo_14298032,2,2,Patiria pectinifera,Dermasterias imbricata,FALSE,Species features not very clear,Blue bat star,Animalia,Animalia,Echinodermata,Echinodermata,Asteroidea,Asteroidea,Valvatida,Valvatida,Asterinidae,Asteropseidae,Patiria,Dermasterias,0.056222025,3,"[{""species"": ""Odontaster penicillatus"", ""common_name"": """", ""score"": 0.059523358941078186}, {""species"": ""Stellaster princeps"", ""common_name"": """", ""score"": 0.05721467733383179}, {""species"": ""Patiria pectinifera"", ""common_name"": ""Blue bat star"", ""score"": 0.05622202530503273}, {""species"": ""Dipsacaster pretiosus"", ""common_name"": """", ""score"": 0.04452892765402794}, {""species"": ""Ceramaster japonicus"", ""common_name"": ""Bat star"", ""score"": 0.04329743608832359}]"
obs_10317797_photo_14298032_box2.jpg,/rs1/researchers/a/amallav/results/outputs_crop/obs_10317797_photo_14298032_box2.jpg,obs_10317797_photo_14298032,obs_10317797_photo_14298032,2,2,Dipsacaster pretiosus,Dermasterias imbricata,FALSE,Species features not very clear,,Animalia,Animalia,Echinodermata,Echinodermata,Asteroidea,Asteroidea,Paxillosida,Valvatida,Astropectinidae,Asteropseidae,Dipsacaster,Dermasterias,0.044528928,4,"[{""species"": ""Odontaster penicillatus"", ""common_name"": """", ""score"": 0.059523358941078186}, {""species"": ""Stellaster princeps"", ""common_name"": """", ""score"": 0.05721467733383179}, {""species"": ""Patiria pectinifera"", ""common_name"": ""Blue bat star"", ""score"": 0.05622202530503273}, {""species"": ""Dipsacaster pretiosus"", ""common_name"": """", ""score"": 0.04452892765402794}, {""species"": ""Ceramaster japonicus"", ""common_name"": ""Bat star"", ""score"": 0.04329743608832359}]"
obs_10317797_photo_14298032_box2.jpg,/rs1/researchers/a/amallav/results/outputs_crop/obs_10317797_photo_14298032_box2.jpg,obs_10317797_photo_14298032,obs_10317797_photo_14298032,2,2,Ceramaster japonicus,Dermasterias imbricata,FALSE,Species features not very clear,Bat star,Animalia,Animalia,Echinodermata,Echinodermata,Asteroidea,Asteroidea,Valvatida,Valvatida,Goniasteridae,Asteropseidae,Ceramaster,Dermasterias,0.043297436,5,"[{""species"": ""Odontaster penicillatus"", ""common_name"": """", ""score"": 0.059523358941078186}, {""species"": ""Stellaster princeps"", ""common_name"": """", ""score"": 0.05721467733383179}, {""species"": ""Patiria pectinifera"", ""common_name"": ""Blue bat star"", ""score"": 0.05622202530503273}, {""species"": ""Dipsacaster pretiosus"", ""common_name"": """", ""score"": 0.04452892765402794}, {""species"": ""Ceramaster japonicus"", ""common_name"": ""Bat star"", ""score"": 0.04329743608832359}]"
obs_130480768_photo_70327211_box1.jpg,/rs1/researchers/a/amallav/results/outputs_crop/obs_130480768_photo_70327211_box1.jpg,obs_130480768_photo_70327211,obs_130480768_photo_70327211,1,1,Erpobdella testacea,Hirudo michaelseni,FALSE,Species is small part of the box,,Animalia,Animalia,Annelida,Annelida,Clitellata,Clitellata,Arhynchobdellida,Arhynchobdellida,Erpobdellidae,Hirudinidae,Erpobdella,Hirudo,0.144742221,1,"[{""species"": ""Erpobdella testacea"", ""common_name"": """", ""score"": 0.1447422206401825}, {""species"": ""Gordius robustus"", ""common_name"": """", ""score"": 0.14447081089019775}, {""species"": ""Erpobdella nigricollis"", ""common_name"": """", ""score"": 0.13153915107250214}, {""species"": ""Erpobdella melanostoma"", ""common_name"": """", ""score"": 0.05308867245912552}, {""species"": ""Erpobdella punctata"", ""common_name"": """", ""score"": 0.05101672187447548}]"
obs_130480768_photo_70327211_box1.jpg,/rs1/researchers/a/amallav/results/outputs_crop/obs_130480768_photo_70327211_box1.jpg,obs_130480768_photo_70327211,obs_130480768_photo_70327211,1,1,Gordius robustus,Hirudo michaelseni,FALSE,Species is small part of the box,,Animalia,Animalia,Nematomorpha,Annelida,Gordioida,Clitellata,Gordioidea,Arhynchobdellida,Gordiidae,Hirudinidae,Gordius,Hirudo,0.144470811,2,"[{""species"": ""Erpobdella testacea"", ""common_name"": """", ""score"": 0.1447422206401825}, {""species"": ""Gordius robustus"", ""common_name"": """", ""score"": 0.14447081089019775}, {""species"": ""Erpobdella nigricollis"", ""common_name"": """", ""score"": 0.13153915107250214}, {""species"": ""Erpobdella melanostoma"", ""common_name"": """", ""score"": 0.05308867245912552}, {""species"": ""Erpobdella punctata"", ""common_name"": """", ""score"": 0.05101672187447548}]"
obs_130480768_photo_70327211_box1.jpg,/rs1/researchers/a/amallav/results/outputs_crop/obs_130480768_photo_70327211_box1.jpg,obs_130480768_photo_70327211,obs_130480768_photo_70327211,1,1,Erpobdella nigricollis,Hirudo michaelseni,FALSE,Species is small part of the box,,Animalia,Animalia,Annelida,Annelida,Clitellata,Clitellata,Arhynchobdellida,Arhynchobdellida,Erpobdellidae,Hirudinidae,Erpobdella,Hirudo,0.131539151,3,"[{""species"": ""Erpobdella testacea"", ""common_name"": """", ""score"": 0.1447422206401825}, {""species"": ""Gordius robustus"", ""common_name"": """", ""score"": 0.14447081089019775}, {""species"": ""Erpobdella nigricollis"", ""common_name"": """", ""score"": 0.13153915107250214}, {""species"": ""Erpobdella melanostoma"", ""common_name"": """", ""score"": 0.05308867245912552}, {""species"": ""Erpobdella punctata"", ""common_name"": """", ""score"": 0.05101672187447548}]"
obs_130480768_photo_70327211_box1.jpg,/rs1/researchers/a/amallav/results/outputs_crop/obs_130480768_photo_70327211_box1.jpg,obs_130480768_photo_70327211,obs_130480768_photo_70327211,1,1,Erpobdella melanostoma,Hirudo michaelseni,FALSE,Species is small part of the box,,Animalia,Animalia,Annelida,Annelida,Clitellata,Clitellata,Arhynchobdellida,Arhynchobdellida,Erpobdellidae,Hirudinidae,Erpobdella,Hirudo,0.053088672,4,"[{""species"": ""Erpobdella testacea"", ""common_name"": """", ""score"": 0.1447422206401825}, {""species"": ""Gordius robustus"", ""common_name"": """", ""score"": 0.14447081089019775}, {""species"": ""Erpobdella nigricollis"", ""common_name"": """", ""score"": 0.13153915107250214}, {""species"": ""Erpobdella melanostoma"", ""common_name"": """", ""score"": 0.05308867245912552}, {""species"": ""Erpobdella punctata"", ""common_name"": """", ""score"": 0.05101672187447548}]"
obs_130480768_photo_70327211_box1.jpg,/rs1/researchers/a/amallav/results/outputs_crop/obs_130480768_photo_70327211_box1.jpg,obs_130480768_photo_70327211,obs_130480768_photo_70327211,1,1,Erpobdella punctata,Hirudo michaelseni,FALSE,Species is small part of the box,,Animalia,Animalia,Annelida,Annelida,Clitellata,Clitellata,Arhynchobdellida,Arhynchobdellida,Erpobdellidae,Hirudinidae,Erpobdella,Hirudo,0.051016722,5,"[{""species"": ""Erpobdella testacea"", ""common_name"": """", ""score"": 0.1447422206401825}, {""species"": ""Gordius robustus"", ""common_name"": """", ""score"": 0.14447081089019775}, {""species"": ""Erpobdella nigricollis"", ""common_name"": """", ""score"": 0.13153915107250214}, {""species"": ""Erpobdella melanostoma"", ""common_name"": """", ""score"": 0.05308867245912552}, {""species"": ""Erpobdella punctata"", ""common_name"": """", ""score"": 0.05101672187447548}]"
obs_130480768_photo_70327211_box2.jpg,/rs1/researchers/a/amallav/results/outputs_crop/obs_130480768_photo_70327211_box2.jpg,obs_130480768_photo_70327211,obs_130480768_photo_70327211,2,2,Dina lineata,Hirudo michaelseni,FALSE,Species features not very clear,,Animalia,Animalia,Annelida,Annelida,Clitellata,Clitellata,Arhynchobdellida,Arhynchobdellida,Erpobdellidae,Hirudinidae,Dina,Hirudo,0.112766527,1,"[{""species"": ""Dina lineata"", ""common_name"": """", ""score"": 0.11276652663946152}, {""species"": ""Myzobdella lugubris"", ""common_name"": ""Leech"", ""score"": 0.10122989118099213}, {""species"": ""Anisorhynchodemus luteicollis"", ""common_name"": """", ""score"": 0.059568583965301514}, {""species"": ""Erpobdella nigricollis"", ""common_name"": """", ""score"": 0.05607703700661659}, {""species"": ""Asiaticobdella fenestrata"", ""common_name"": """", ""score"": 0.04084475710988045}]"
obs_130480768_photo_70327211_box2.jpg,/rs1/researchers/a/amallav/results/outputs_crop/obs_130480768_photo_70327211_box2.jpg,obs_130480768_photo_70327211,obs_130480768_photo_70327211,2,2,Myzobdella lugubris,Hirudo michaelseni,FALSE,Species features not very clear,Leech,Animalia,Animalia,Annelida,Annelida,Clitellata,Clitellata,Rhynchobdellida,Arhynchobdellida,Piscicolidae,Hirudinidae,Myzobdella,Hirudo,0.101229891,2,"[{""species"": ""Dina lineata"", ""common_name"": """", ""score"": 0.11276652663946152}, {""species"": ""Myzobdella lugubris"", ""common_name"": ""Leech"", ""score"": 0.10122989118099213}, {""species"": ""Anisorhynchodemus luteicollis"", ""common_name"": """", ""score"": 0.059568583965301514}, {""species"": ""Erpobdella nigricollis"", ""common_name"": """", ""score"": 0.05607703700661659}, {""species"": ""Asiaticobdella fenestrata"", ""common_name"": """", ""score"": 0.04084475710988045}]"
obs_130480768_photo_70327211_box2.jpg,/rs1/researchers/a/amallav/results/outputs_crop/obs_130480768_photo_70327211_box2.jpg,obs_130480768_photo_70327211,obs_130480768_photo_70327211,2,2,Anisorhynchodemus luteicollis,Hirudo michaelseni,FALSE,Species features not very clear,,Animalia,Animalia,Platyhelminthes,Annelida,,Clitellata,Tricladida,Arhynchobdellida,Geoplanidae,Hirudinidae,Anisorhynchodemus,Hirudo,0.059568584,3,"[{""species"": ""Dina lineata"", ""common_name"": """", ""score"": 0.11276652663946152}, {""species"": ""Myzobdella lugubris"", ""common_name"": ""Leech"", ""score"": 0.10122989118099213}, {""species"": ""Anisorhynchodemus luteicollis"", ""common_name"": """", ""score"": 0.059568583965301514}, {""species"": ""Erpobdella nigricollis"", ""common_name"": """", ""score"": 0.05607703700661659}, {""species"": ""Asiaticobdella fenestrata"", ""common_name"": """", ""score"": 0.04084475710988045}]"
obs_130480768_photo_70327211_box2.jpg,/rs1/researchers/a/amallav/results/outputs_crop/obs_130480768_photo_70327211_box2.jpg,obs_130480768_photo_70327211,obs_130480768_photo_70327211,2,2,Erpobdella nigricollis,Hirudo michaelseni,FALSE,Species features not very clear,,Animalia,Animalia,Annelida,Annelida,Clitellata,Clitellata,Arhynchobdellida,Arhynchobdellida,Erpobdellidae,Hirudinidae,Erpobdella,Hirudo,0.056077037,4,"[{""species"": ""Dina lineata"", ""common_name"": """", ""score"": 0.11276652663946152}, {""species"": ""Myzobdella lugubris"", ""common_name"": ""Leech"", ""score"": 0.10122989118099213}, {""species"": ""Anisorhynchodemus luteicollis"", ""common_name"": """", ""score"": 0.059568583965301514}, {""species"": ""Erpobdella nigricollis"", ""common_name"": """", ""score"": 0.05607703700661659}, {""species"": ""Asiaticobdella fenestrata"", ""common_name"": """", ""score"": 0.04084475710988045}]"
obs_130480768_photo_70327211_box2.jpg,/rs1/researchers/a/amallav/results/outputs_crop/obs_130480768_photo_70327211_box2.jpg,obs_130480768_photo_70327211,obs_130480768_photo_70327211,2,2,Asiaticobdella fenestrata,Hirudo michaelseni,FALSE,Species features not very clear,,Animalia,Animalia,Annelida,Annelida,Clitellata,Clitellata,Arhynchobdellida,Arhynchobdellida,Hirudinidae,Hirudinidae,Asiaticobdella,Hirudo,0.040844757,5,"[{""species"": ""Dina lineata"", ""common_name"": """", ""score"": 0.11276652663946152}, {""species"": ""Myzobdella lugubris"", ""common_name"": ""Leech"", ""score"": 0.10122989118099213}, {""species"": ""Anisorhynchodemus luteicollis"", ""common_name"": """", ""score"": 0.059568583965301514}, {""species"": ""Erpobdella nigricollis"", ""common_name"": """", ""score"": 0.05607703700661659}, {""species"": ""Asiaticobdella fenestrata"", ""common_name"": """", ""score"": 0.04084475710988045}]"
obs_130480768_photo_70327211_box3.jpg,/rs1/researchers/a/amallav/results/outputs_crop/obs_130480768_photo_70327211_box3.jpg,obs_130480768_photo_70327211,obs_130480768_photo_70327211,3,3,Dina lineata,Hirudo michaelseni,FALSE,Species features not very clear,,Animalia,Animalia,Annelida,Annelida,Clitellata,Clitellata,Arhynchobdellida,Arhynchobdellida,Erpobdellidae,Hirudinidae,Dina,Hirudo,0.151866272,1,"[{""species"": ""Dina lineata"", ""common_name"": """", ""score"": 0.15186627209186554}, {""species"": ""Myzobdella lugubris"", ""common_name"": ""Leech"", ""score"": 0.08289584517478943}, {""species"": ""Asiaticobdella fenestrata"", ""common_name"": """", ""score"": 0.04394109174609184}, {""species"": ""Lineus atrocaeruleus"", ""common_name"": """", ""score"": 0.03913303464651108}, {""species"": ""Emplectonema buergeri"", ""common_name"": """", ""score"": 0.03810916841030121}]"
obs_130480768_photo_70327211_box3.jpg,/rs1/researchers/a/amallav/results/outputs_crop/obs_130480768_photo_70327211_box3.jpg,obs_130480768_photo_70327211,obs_130480768_photo_70327211,3,3,Myzobdella lugubris,Hirudo michaelseni,FALSE,Species features not very clear,Leech,Animalia,Animalia,Annelida,Annelida,Clitellata,Clitellata,Rhynchobdellida,Arhynchobdellida,Piscicolidae,Hirudinidae,Myzobdella,Hirudo,0.082895845,2,"[{""species"": ""Dina lineata"", ""common_name"": """", ""score"": 0.15186627209186554}, {""species"": ""Myzobdella lugubris"", ""common_name"": ""Leech"", ""score"": 0.08289584517478943}, {""species"": ""Asiaticobdella fenestrata"", ""common_name"": """", ""score"": 0.04394109174609184}, {""species"": ""Lineus atrocaeruleus"", ""common_name"": """", ""score"": 0.03913303464651108}, {""species"": ""Emplectonema buergeri"", ""common_name"": """", ""score"": 0.03810916841030121}]"
obs_130480768_photo_70327211_box3.jpg,/rs1/researchers/a/amallav/results/outputs_crop/obs_130480768_photo_70327211_box3.jpg,obs_130480768_photo_70327211,obs_130480768_photo_70327211,3,3,Asiaticobdella fenestrata,Hirudo michaelseni,FALSE,Species features not very clear,,Animalia,Animalia,Annelida,Annelida,Clitellata,Clitellata,Arhynchobdellida,Arhynchobdellida,Hirudinidae,Hirudinidae,Asiaticobdella,Hirudo,0.043941092,3,"[{""species"": ""Dina lineata"", ""common_name"": """", ""score"": 0.15186627209186554}, {""species"": ""Myzobdella lugubris"", ""common_name"": ""Leech"", ""score"": 0.08289584517478943}, {""species"": ""Asiaticobdella fenestrata"", ""common_name"": """", ""score"": 0.04394109174609184}, {""species"": ""Lineus atrocaeruleus"", ""common_name"": """", ""score"": 0.03913303464651108}, {""species"": ""Emplectonema buergeri"", ""common_name"": """", ""score"": 0.03810916841030121}]"
obs_130480768_photo_70327211_box3.jpg,/rs1/researchers/a/amallav/results/outputs_crop/obs_130480768_photo_70327211_box3.jpg,obs_130480768_photo_70327211,obs_130480768_photo_70327211,3,3,Lineus atrocaeruleus,Hirudo michaelseni,FALSE,Species features not very clear,,Animalia,Animalia,Nemertea,Annelida,Pilidiophora,Clitellata,Heteronemertea,Arhynchobdellida,Lineidae,Hirudinidae,Lineus,Hirudo,0.039133035,4,"[{""species"": ""Dina lineata"", ""common_name"": """", ""score"": 0.15186627209186554}, {""species"": ""Myzobdella lugubris"", ""common_name"": ""Leech"", ""score"": 0.08289584517478943}, {""species"": ""Asiaticobdella fenestrata"", ""common_name"": """", ""score"": 0.04394109174609184}, {""species"": ""Lineus atrocaeruleus"", ""common_name"": """", ""score"": 0.03913303464651108}, {""species"": ""Emplectonema buergeri"", ""common_name"": """", ""score"": 0.03810916841030121}]"
obs_130480768_photo_70327211_box3.jpg,/rs1/researchers/a/amallav/results/outputs_crop/obs_130480768_photo_70327211_box3.jpg,obs_130480768_photo_70327211,obs_130480768_photo_70327211,3,3,Emplectonema buergeri,Hirudo michaelseni,FALSE,Species features not very clear,,Animalia,Animalia,Nemertea,Annelida,Hoplonemertea,Clitellata,Monostilifera,Arhynchobdellida,Emplectonematidae,Hirudinidae,Emplectonema,Hirudo,0.038109168,5,"[{""species"": ""Dina lineata"", ""common_name"": """", ""score"": 0.15186627209186554}, {""species"": ""Myzobdella lugubris"", ""common_name"": ""Leech"", ""score"": 0.08289584517478943}, {""species"": ""Asiaticobdella fenestrata"", ""common_name"": """", ""score"": 0.04394109174609184}, {""species"": ""Lineus atrocaeruleus"", ""common_name"": """", ""score"": 0.03913303464651108}, {""species"": ""Emplectonema buergeri"", ""common_name"": """", ""score"": 0.03810916841030121}]"
obs_188731534_photo_330410184_box1.jpg,/rs1/researchers/a/amallav/results/outputs_crop/obs_188731534_photo_330410184_box1.jpg,obs_188731534_photo_330410184,#N/A,1,1,Lonsdalea quercina,Lonsdalea quercina,TRUE,,,Bacteria,Bacteria,Proteobacteria,Proteobacteria,Gammaproteobacteria,Gammaproteobacteria,Enterobacterales,Enterobacteriales,Enterobacteriaceae,Pectobacteriaceae,Lonsdalea,Lonsdalea,0.334500045,1,"[{""species"": ""Lonsdalea quercina"", ""common_name"": """", ""score"": 0.3345000445842743}, {""species"": ""Callirhytis glandium"", ""common_name"": """", ""score"": 0.0301675982773304}, {""species"": ""Retinia resinella"", ""common_name"": ""Pine resin-gall moth"", ""score"": 0.02019447274506092}, {""species"": ""Contarinia coryli"", ""common_name"": ""Hasselraklegalmyg"", ""score"": 0.017266396433115005}, {""species"": ""Callirhytis rufescens"", ""common_name"": """", ""score"": 0.010259545408189297}]"
obs_188731534_photo_330410184_box1.jpg,/rs1/researchers/a/amallav/results/outputs_crop/obs_188731534_photo_330410184_box1.jpg,obs_188731534_photo_330410184,#N/A,1,1,Callirhytis glandium,Lonsdalea quercina,FALSE,,,Animalia,Bacteria,Arthropoda,Proteobacteria,Insecta,Gammaproteobacteria,Hymenoptera,Enterobacteriales,Cynipidae,Pectobacteriaceae,Callirhytis,Lonsdalea,0.030167598,2,"[{""species"": ""Lonsdalea quercina"", ""common_name"": """", ""score"": 0.3345000445842743}, {""species"": ""Callirhytis glandium"", ""common_name"": """", ""score"": 0.0301675982773304}, {""species"": ""Retinia resinella"", ""common_name"": ""Pine resin-gall moth"", ""score"": 0.02019447274506092}, {""species"": ""Contarinia coryli"", ""common_name"": ""Hasselraklegalmyg"", ""score"": 0.017266396433115005}, {""species"": ""Callirhytis rufescens"", ""common_name"": """", ""score"": 0.010259545408189297}]"
obs_188731534_photo_330410184_box1.jpg,/rs1/researchers/a/amallav/results/outputs_crop/obs_188731534_photo_330410184_box1.jpg,obs_188731534_photo_330410184,#N/A,1,1,Retinia resinella,Lonsdalea quercina,FALSE,,Pine resin-gall moth,Animalia,Bacteria,Arthropoda,Proteobacteria,Insecta,Gammaproteobacteria,Lepidoptera,Enterobacteriales,Tortricidae,Pectobacteriaceae,Retinia,Lonsdalea,0.020194473,3,"[{""species"": ""Lonsdalea quercina"", ""common_name"": """", ""score"": 0.3345000445842743}, {""species"": ""Callirhytis glandium"", ""common_name"": """", ""score"": 0.0301675982773304}, {""species"": ""Retinia resinella"", ""common_name"": ""Pine resin-gall moth"", ""score"": 0.02019447274506092}, {""species"": ""Contarinia coryli"", ""common_name"": ""Hasselraklegalmyg"", ""score"": 0.017266396433115005}, {""species"": ""Callirhytis rufescens"", ""common_name"": """", ""score"": 0.010259545408189297}]"
obs_188731534_photo_330410184_box1.jpg,/rs1/researchers/a/amallav/results/outputs_crop/obs_188731534_photo_330410184_box1.jpg,obs_188731534_photo_330410184,#N/A,1,1,Contarinia coryli,Lonsdalea quercina,FALSE,,Hasselraklegalmyg,Animalia,Bacteria,Arthropoda,Proteobacteria,Insecta,Gammaproteobacteria,Diptera,Enterobacteriales,Cecidomyiidae,Pectobacteriaceae,Contarinia,Lonsdalea,0.017266396,4,"[{""species"": ""Lonsdalea quercina"", ""common_name"": """", ""score"": 0.3345000445842743}, {""species"": ""Callirhytis glandium"", ""common_name"": """", ""score"": 0.0301675982773304}, {""species"": ""Retinia resinella"", ""common_name"": ""Pine resin-gall moth"", ""score"": 0.02019447274506092}, {""species"": ""Contarinia coryli"", ""common_name"": ""Hasselraklegalmyg"", ""score"": 0.017266396433115005}, {""species"": ""Callirhytis rufescens"", ""common_name"": """", ""score"": 0.010259545408189297}]"
obs_188731534_photo_330410184_box1.jpg,/rs1/researchers/a/amallav/results/outputs_crop/obs_188731534_photo_330410184_box1.jpg,obs_188731534_photo_330410184,#N/A,1,1,Callirhytis rufescens,Lonsdalea quercina,FALSE,,,Animalia,Bacteria,Arthropoda,Proteobacteria,Insecta,Gammaproteobacteria,Hymenoptera,Enterobacteriales,Cynipidae,Pectobacteriaceae,Callirhytis,Lonsdalea,0.010259545,5,"[{""species"": ""Lonsdalea quercina"", ""common_name"": """", ""score"": 0.3345000445842743}, {""species"": ""Callirhytis glandium"", ""common_name"": """", ""score"": 0.0301675982773304}, {""species"": ""Retinia resinella"", ""common_name"": ""Pine resin-gall moth"", ""score"": 0.02019447274506092}, {""species"": ""Contarinia coryli"", ""common_name"": ""Hasselraklegalmyg"", ""score"": 0.017266396433115005}, {""species"": ""Callirhytis rufescens"", ""common_name"": """", ""score"": 0.010259545408189297}]"
obs_188731534_photo_330410184_box2.jpg,/rs1/researchers/a/amallav/results/outputs_crop/obs_188731534_photo_330410184_box2.jpg,obs_188731534_photo_330410184,#N/A,2,2,Toumeyella mirabilis,Lonsdalea quercina,FALSE,,,Animalia,Bacteria,Arthropoda,Proteobacteria,Insecta,Gammaproteobacteria,Hemiptera,Enterobacteriales,Coccidae,Pectobacteriaceae,Toumeyella,Lonsdalea,0.139321432,1,"[{""species"": ""Toumeyella mirabilis"", ""common_name"": """", ""score"": 0.139321431517601}, {""species"": ""Toumeyella erythrinae"", ""common_name"": """", ""score"": 0.10785656422376633}, {""species"": ""Toumeyella quadrifasciata"", ""common_name"": """", ""score"": 0.0986340269446373}, {""species"": ""Papuexul bidwilli"", ""common_name"": ""Mottled treesnail"", ""score"": 0.03632476180791855}, {""species"": ""Apiomorpha strombylosa"", ""common_name"": """", ""score"": 0.02808159589767456}]"
obs_188731534_photo_330410184_box2.jpg,/rs1/researchers/a/amallav/results/outputs_crop/obs_188731534_photo_330410184_box2.jpg,obs_188731534_photo_330410184,#N/A,2,2,Toumeyella erythrinae,Lonsdalea quercina,FALSE,,,Animalia,Bacteria,Arthropoda,Proteobacteria,Insecta,Gammaproteobacteria,Hemiptera,Enterobacteriales,Coccidae,Pectobacteriaceae,Toumeyella,Lonsdalea,0.107856564,2,"[{""species"": ""Toumeyella mirabilis"", ""common_name"": """", ""score"": 0.139321431517601}, {""species"": ""Toumeyella erythrinae"", ""common_name"": """", ""score"": 0.10785656422376633}, {""species"": ""Toumeyella quadrifasciata"", ""common_name"": """", ""score"": 0.0986340269446373}, {""species"": ""Papuexul bidwilli"", ""common_name"": ""Mottled treesnail"", ""score"": 0.03632476180791855}, {""species"": ""Apiomorpha strombylosa"", ""common_name"": """", ""score"": 0.02808159589767456}]"
obs_188731534_photo_330410184_box2.jpg,/rs1/researchers/a/amallav/results/outputs_crop/obs_188731534_photo_330410184_box2.jpg,obs_188731534_photo_330410184,#N/A,2,2,Toumeyella quadrifasciata,Lonsdalea quercina,FALSE,,,Animalia,Bacteria,Arthropoda,Proteobacteria,Insecta,Gammaproteobacteria,Hemiptera,Enterobacteriales,Coccidae,Pectobacteriaceae,Toumeyella,Lonsdalea,0.098634027,3,"[{""species"": ""Toumeyella mirabilis"", ""common_name"": """", ""score"": 0.139321431517601}, {""species"": ""Toumeyella erythrinae"", ""common_name"": """", ""score"": 0.10785656422376633}, {""species"": ""Toumeyella quadrifasciata"", ""common_name"": """", ""score"": 0.0986340269446373}, {""species"": ""Papuexul bidwilli"", ""common_name"": ""Mottled treesnail"", ""score"": 0.03632476180791855}, {""species"": ""Apiomorpha strombylosa"", ""common_name"": """", ""score"": 0.02808159589767456}]"
obs_188731534_photo_330410184_box2.jpg,/rs1/researchers/a/amallav/results/outputs_crop/obs_188731534_photo_330410184_box2.jpg,obs_188731534_photo_330410184,#N/A,2,2,Papuexul bidwilli,Lonsdalea quercina,FALSE,,Mottled treesnail,Animalia,Bacteria,Mollusca,Proteobacteria,Gastropoda,Gammaproteobacteria,Stylommatophora,Enterobacteriales,Camaenidae,Pectobacteriaceae,Papuexul,Lonsdalea,0.036324762,4,"[{""species"": ""Toumeyella mirabilis"", ""common_name"": """", ""score"": 0.139321431517601}, {""species"": ""Toumeyella erythrinae"", ""common_name"": """", ""score"": 0.10785656422376633}, {""species"": ""Toumeyella quadrifasciata"", ""common_name"": """", ""score"": 0.0986340269446373}, {""species"": ""Papuexul bidwilli"", ""common_name"": ""Mottled treesnail"", ""score"": 0.03632476180791855}, {""species"": ""Apiomorpha strombylosa"", ""common_name"": """", ""score"": 0.02808159589767456}]"
obs_188731534_photo_330410184_box2.jpg,/rs1/researchers/a/amallav/results/outputs_crop/obs_188731534_photo_330410184_box2.jpg,obs_188731534_photo_330410184,#N/A,2,2,Apiomorpha strombylosa,Lonsdalea quercina,FALSE,,,Animalia,Bacteria,Arthropoda,Proteobacteria,Insecta,Gammaproteobacteria,Hemiptera,Enterobacteriales,Eriococcidae,Pectobacteriaceae,Apiomorpha,Lonsdalea,0.028081596,5,"[{""species"": ""Toumeyella mirabilis"", ""common_name"": """", ""score"": 0.139321431517601}, {""species"": ""Toumeyella erythrinae"", ""common_name"": """", ""score"": 0.10785656422376633}, {""species"": ""Toumeyella quadrifasciata"", ""common_name"": """", ""score"": 0.0986340269446373}, {""species"": ""Papuexul bidwilli"", ""common_name"": ""Mottled treesnail"", ""score"": 0.03632476180791855}, {""species"": ""Apiomorpha strombylosa"", ""common_name"": """", ""score"": 0.02808159589767456}]"
obs_188731534_photo_330410184_box3.jpg,/rs1/researchers/a/amallav/results/outputs_crop/obs_188731534_photo_330410184_box3.jpg,obs_188731534_photo_330410184,#N/A,3,3,Lonsdalea quercina,Lonsdalea quercina,TRUE,,,Bacteria,Bacteria,Proteobacteria,Proteobacteria,Gammaproteobacteria,Gammaproteobacteria,Enterobacterales,Enterobacteriales,Enterobacteriaceae,Pectobacteriaceae,Lonsdalea,Lonsdalea,0.296137512,1,"[{""species"": ""Lonsdalea quercina"", ""common_name"": """", ""score"": 0.2961375117301941}, {""species"": ""Callirhytis glandium"", ""common_name"": """", ""score"": 0.020805921405553818}, {""species"": ""Contarinia coryli"", ""common_name"": ""Hasselraklegalmyg"", ""score"": 0.018611928448081017}, {""species"": ""Toumeyella erythrinae"", ""common_name"": """", ""score"": 0.01794321835041046}, {""species"": ""Toumeyella obunca"", ""common_name"": """", ""score"": 0.015126889571547508}]"
obs_188731534_photo_330410184_box3.jpg,/rs1/researchers/a/amallav/results/outputs_crop/obs_188731534_photo_330410184_box3.jpg,obs_188731534_photo_330410184,#N/A,3,3,Callirhytis glandium,Lonsdalea quercina,FALSE,,,Animalia,Bacteria,Arthropoda,Proteobacteria,Insecta,Gammaproteobacteria,Hymenoptera,Enterobacteriales,Cynipidae,Pectobacteriaceae,Callirhytis,Lonsdalea,0.020805921,2,"[{""species"": ""Lonsdalea quercina"", ""common_name"": """", ""score"": 0.2961375117301941}, {""species"": ""Callirhytis glandium"", ""common_name"": """", ""score"": 0.020805921405553818}, {""species"": ""Contarinia coryli"", ""common_name"": ""Hasselraklegalmyg"", ""score"": 0.018611928448081017}, {""species"": ""Toumeyella erythrinae"", ""common_name"": """", ""score"": 0.01794321835041046}, {""species"": ""Toumeyella obunca"", ""common_name"": """", ""score"": 0.015126889571547508}]"
obs_188731534_photo_330410184_box3.jpg,/rs1/researchers/a/amallav/results/outputs_crop/obs_188731534_photo_330410184_box3.jpg,obs_188731534_photo_330410184,#N/A,3,3,Contarinia coryli,Lonsdalea quercina,FALSE,,Hasselraklegalmyg,Animalia,Bacteria,Arthropoda,Proteobacteria,Insecta,Gammaproteobacteria,Diptera,Enterobacteriales,Cecidomyiidae,Pectobacteriaceae,Contarinia,Lonsdalea,0.018611928,3,"[{""species"": ""Lonsdalea quercina"", ""common_name"": """", ""score"": 0.2961375117301941}, {""species"": ""Callirhytis glandium"", ""common_name"": """", ""score"": 0.020805921405553818}, {""species"": ""Contarinia coryli"", ""common_name"": ""Hasselraklegalmyg"", ""score"": 0.018611928448081017}, {""species"": ""Toumeyella erythrinae"", ""common_name"": """", ""score"": 0.01794321835041046}, {""species"": ""Toumeyella obunca"", ""common_name"": """", ""score"": 0.015126889571547508}]"
obs_188731534_photo_330410184_box3.jpg,/rs1/researchers/a/amallav/results/outputs_crop/obs_188731534_photo_330410184_box3.jpg,obs_188731534_photo_330410184,#N/A,3,3,Toumeyella erythrinae,Lonsdalea quercina,FALSE,,,Animalia,Bacteria,Arthropoda,Proteobacteria,Insecta,Gammaproteobacteria,Hemiptera,Enterobacteriales,Coccidae,Pectobacteriaceae,Toumeyella,Lonsdalea,0.017943218,4,"[{""species"": ""Lonsdalea quercina"", ""common_name"": """", ""score"": 0.2961375117301941}, {""species"": ""Callirhytis glandium"", ""common_name"": """", ""score"": 0.020805921405553818}, {""species"": ""Contarinia coryli"", ""common_name"": ""Hasselraklegalmyg"", ""score"": 0.018611928448081017}, {""species"": ""Toumeyella erythrinae"", ""common_name"": """", ""score"": 0.01794321835041046}, {""species"": ""Toumeyella obunca"", ""common_name"": """", ""score"": 0.015126889571547508}]"
obs_188731534_photo_330410184_box3.jpg,/rs1/researchers/a/amallav/results/outputs_crop/obs_188731534_photo_330410184_box3.jpg,obs_188731534_photo_330410184,#N/A,3,3,Toumeyella obunca,Lonsdalea quercina,FALSE,,,Animalia,Bacteria,Arthropoda,Proteobacteria,Insecta,Gammaproteobacteria,Hemiptera,Enterobacteriales,Coccidae,Pectobacteriaceae,Toumeyella,Lonsdalea,0.01512689,5,"[{""species"": ""Lonsdalea quercina"", ""common_name"": """", ""score"": 0.2961375117301941}, {""species"": ""Callirhytis glandium"", ""common_name"": """", ""score"": 0.020805921405553818}, {""species"": ""Contarinia coryli"", ""common_name"": ""Hasselraklegalmyg"", ""score"": 0.018611928448081017}, {""species"": ""Toumeyella erythrinae"", ""common_name"": """", ""score"": 0.01794321835041046}, {""species"": ""Toumeyella obunca"", ""common_name"": """", ""score"": 0.015126889571547508}]"
obs_188731534_photo_330410184_box4.jpg,/rs1/researchers/a/amallav/results/outputs_crop/obs_188731534_photo_330410184_box4.jpg,obs_188731534_photo_330410184,#N/A,4,4,Toumeyella mirabilis,Lonsdalea quercina,FALSE,,,Animalia,Bacteria,Arthropoda,Proteobacteria,Insecta,Gammaproteobacteria,Hemiptera,Enterobacteriales,Coccidae,Pectobacteriaceae,Toumeyella,Lonsdalea,0.213931844,1,"[{""species"": ""Toumeyella mirabilis"", ""common_name"": """", ""score"": 0.2139318436384201}, {""species"": ""Toumeyella erythrinae"", ""common_name"": """", ""score"": 0.11356721073389053}, {""species"": ""Toumeyella quadrifasciata"", ""common_name"": """", ""score"": 0.10384289920330048}, {""species"": ""Papuexul bidwilli"", ""common_name"": ""Mottled treesnail"", ""score"": 0.05208220332860947}, {""species"": ""Toumeyella obunca"", ""common_name"": """", ""score"": 0.04055577889084816}]"
obs_188731534_photo_330410184_box4.jpg,/rs1/researchers/a/amallav/results/outputs_crop/obs_188731534_photo_330410184_box4.jpg,obs_188731534_photo_330410184,#N/A,4,4,Toumeyella erythrinae,Lonsdalea quercina,FALSE,,,Animalia,Bacteria,Arthropoda,Proteobacteria,Insecta,Gammaproteobacteria,Hemiptera,Enterobacteriales,Coccidae,Pectobacteriaceae,Toumeyella,Lonsdalea,0.113567211,2,"[{""species"": ""Toumeyella mirabilis"", ""common_name"": """", ""score"": 0.2139318436384201}, {""species"": ""Toumeyella erythrinae"", ""common_name"": """", ""score"": 0.11356721073389053}, {""species"": ""Toumeyella quadrifasciata"", ""common_name"": """", ""score"": 0.10384289920330048}, {""species"": ""Papuexul bidwilli"", ""common_name"": ""Mottled treesnail"", ""score"": 0.05208220332860947}, {""species"": ""Toumeyella obunca"", ""common_name"": """", ""score"": 0.04055577889084816}]"
obs_188731534_photo_330410184_box4.jpg,/rs1/researchers/a/amallav/results/outputs_crop/obs_188731534_photo_330410184_box4.jpg,obs_188731534_photo_330410184,#N/A,4,4,Toumeyella quadrifasciata,Lonsdalea quercina,FALSE,,,Animalia,Bacteria,Arthropoda,Proteobacteria,Insecta,Gammaproteobacteria,Hemiptera,Enterobacteriales,Coccidae,Pectobacteriaceae,Toumeyella,Lonsdalea,0.103842899,3,"[{""species"": ""Toumeyella mirabilis"", ""common_name"": """", ""score"": 0.2139318436384201}, {""species"": ""Toumeyella erythrinae"", ""common_name"": """", ""score"": 0.11356721073389053}, {""species"": ""Toumeyella quadrifasciata"", ""common_name"": """", ""score"": 0.10384289920330048}, {""species"": ""Papuexul bidwilli"", ""common_name"": ""Mottled treesnail"", ""score"": 0.05208220332860947}, {""species"": ""Toumeyella obunca"", ""common_name"": """", ""score"": 0.04055577889084816}]"
obs_188731534_photo_330410184_box4.jpg,/rs1/researchers/a/amallav/results/outputs_crop/obs_188731534_photo_330410184_box4.jpg,obs_188731534_photo_330410184,#N/A,4,4,Papuexul bidwilli,Lonsdalea quercina,FALSE,,Mottled treesnail,Animalia,Bacteria,Mollusca,Proteobacteria,Gastropoda,Gammaproteobacteria,Stylommatophora,Enterobacteriales,Camaenidae,Pectobacteriaceae,Papuexul,Lonsdalea,0.052082203,4,"[{""species"": ""Toumeyella mirabilis"", ""common_name"": """", ""score"": 0.2139318436384201}, {""species"": ""Toumeyella erythrinae"", ""common_name"": """", ""score"": 0.11356721073389053}, {""species"": ""Toumeyella quadrifasciata"", ""common_name"": """", ""score"": 0.10384289920330048}, {""species"": ""Papuexul bidwilli"", ""common_name"": ""Mottled treesnail"", ""score"": 0.05208220332860947}, {""species"": ""Toumeyella obunca"", ""common_name"": """", ""score"": 0.04055577889084816}]"
obs_188731534_photo_330410184_box4.jpg,/rs1/researchers/a/amallav/results/outputs_crop/obs_188731534_photo_330410184_box4.jpg,obs_188731534_photo_330410184,#N/A,4,4,Toumeyella obunca,Lonsdalea quercina,FALSE,,,Animalia,Bacteria,Arthropoda,Proteobacteria,Insecta,Gammaproteobacteria,Hemiptera,Enterobacteriales,Coccidae,Pectobacteriaceae,Toumeyella,Lonsdalea,0.040555779,5,"[{""species"": ""Toumeyella mirabilis"", ""common_name"": """", ""score"": 0.2139318436384201}, {""species"": ""Toumeyella erythrinae"", ""common_name"": """", ""score"": 0.11356721073389053}, {""species"": ""Toumeyella quadrifasciata"", ""common_name"": """", ""score"": 0.10384289920330048}, {""species"": ""Papuexul bidwilli"", ""common_name"": ""Mottled treesnail"", ""score"": 0.05208220332860947}, {""species"": ""Toumeyella obunca"", ""common_name"": """", ""score"": 0.04055577889084816}]"
obs_188731534_photo_330410184_box5.jpg,/rs1/researchers/a/amallav/results/outputs_crop/obs_188731534_photo_330410184_box5.jpg,obs_188731534_photo_330410184,#N/A,5,5,Lonsdalea quercina,Lonsdalea quercina,TRUE,,,Bacteria,Bacteria,Proteobacteria,Proteobacteria,Gammaproteobacteria,Gammaproteobacteria,Enterobacterales,Enterobacteriales,Enterobacteriaceae,Pectobacteriaceae,Lonsdalea,Lonsdalea,0.278612137,1,"[{""species"": ""Lonsdalea quercina"", ""common_name"": """", ""score"": 0.2786121368408203}, {""species"": ""Quercus hawkinsiae"", ""common_name"": """", ""score"": 0.09213484078645706}, {""species"": ""Quercus coccinea"", ""common_name"": ""scarlet oak"", ""score"": 0.06291109323501587}, {""species"": ""Quercus velutina"", ""common_name"": ""black Oak"", ""score"": 0.06134367734193802}, {""species"": ""Ceratocystis fagacearum"", ""common_name"": ""Oak wilt fungus"", ""score"": 0.038281433284282684}]"
obs_188731534_photo_330410184_box5.jpg,/rs1/researchers/a/amallav/results/outputs_crop/obs_188731534_photo_330410184_box5.jpg,obs_188731534_photo_330410184,#N/A,5,5,Quercus hawkinsiae,Lonsdalea quercina,FALSE,,,Plantae,Bacteria,Tracheophyta,Proteobacteria,Magnoliopsida,Gammaproteobacteria,Fagales,Enterobacteriales,Fagaceae,Pectobacteriaceae,Quercus,Lonsdalea,0.092134841,2,"[{""species"": ""Lonsdalea quercina"", ""common_name"": """", ""score"": 0.2786121368408203}, {""species"": ""Quercus hawkinsiae"", ""common_name"": """", ""score"": 0.09213484078645706}, {""species"": ""Quercus coccinea"", ""common_name"": ""scarlet oak"", ""score"": 0.06291109323501587}, {""species"": ""Quercus velutina"", ""common_name"": ""black Oak"", ""score"": 0.06134367734193802}, {""species"": ""Ceratocystis fagacearum"", ""common_name"": ""Oak wilt fungus"", ""score"": 0.038281433284282684}]"
obs_188731534_photo_330410184_box5.jpg,/rs1/researchers/a/amallav/results/outputs_crop/obs_188731534_photo_330410184_box5.jpg,obs_188731534_photo_330410184,#N/A,5,5,Quercus coccinea,Lonsdalea quercina,FALSE,,scarlet oak,Plantae,Bacteria,Tracheophyta,Proteobacteria,Magnoliopsida,Gammaproteobacteria,Fagales,Enterobacteriales,Fagaceae,Pectobacteriaceae,Quercus,Lonsdalea,0.062911093,3,"[{""species"": ""Lonsdalea quercina"", ""common_name"": """", ""score"": 0.2786121368408203}, {""species"": ""Quercus hawkinsiae"", ""common_name"": """", ""score"": 0.09213484078645706}, {""species"": ""Quercus coccinea"", ""common_name"": ""scarlet oak"", ""score"": 0.06291109323501587}, {""species"": ""Quercus velutina"", ""common_name"": ""black Oak"", ""score"": 0.06134367734193802}, {""species"": ""Ceratocystis fagacearum"", ""common_name"": ""Oak wilt fungus"", ""score"": 0.038281433284282684}]"
obs_188731534_photo_330410184_box5.jpg,/rs1/researchers/a/amallav/results/outputs_crop/obs_188731534_photo_330410184_box5.jpg,obs_188731534_photo_330410184,#N/A,5,5,Quercus velutina,Lonsdalea quercina,FALSE,,black Oak,Plantae,Bacteria,Tracheophyta,Proteobacteria,Magnoliopsida,Gammaproteobacteria,Fagales,Enterobacteriales,Fagaceae,Pectobacteriaceae,Quercus,Lonsdalea,0.061343677,4,"[{""species"": ""Lonsdalea quercina"", ""common_name"": """", ""score"": 0.2786121368408203}, {""species"": ""Quercus hawkinsiae"", ""common_name"": """", ""score"": 0.09213484078645706}, {""species"": ""Quercus coccinea"", ""common_name"": ""scarlet oak"", ""score"": 0.06291109323501587}, {""species"": ""Quercus velutina"", ""common_name"": ""black Oak"", ""score"": 0.06134367734193802}, {""species"": ""Ceratocystis fagacearum"", ""common_name"": ""Oak wilt fungus"", ""score"": 0.038281433284282684}]"
obs_188731534_photo_330410184_box5.jpg,/rs1/researchers/a/amallav/results/outputs_crop/obs_188731534_photo_330410184_box5.jpg,obs_188731534_photo_330410184,#N/A,5,5,Ceratocystis fagacearum,Lonsdalea quercina,FALSE,,Oak wilt fungus,Fungi,Bacteria,Ascomycota,Proteobacteria,Sordariomycetes,Gammaproteobacteria,Microascales,Enterobacteriales,Ceratocystidaceae,Pectobacteriaceae,Ceratocystis,Lonsdalea,0.038281433,5,"[{""species"": ""Lonsdalea quercina"", ""common_name"": """", ""score"": 0.2786121368408203}, {""species"": ""Quercus hawkinsiae"", ""common_name"": """", ""score"": 0.09213484078645706}, {""species"": ""Quercus coccinea"", ""common_name"": ""scarlet oak"", ""score"": 0.06291109323501587}, {""species"": ""Quercus velutina"", ""common_name"": ""black Oak"", ""score"": 0.06134367734193802}, {""species"": ""Ceratocystis fagacearum"", ""common_name"": ""Oak wilt fungus"", ""score"": 0.038281433284282684}]"
obs_194599339_photo_342107100_box1.jpg,/rs1/researchers/a/amallav/results/outputs_crop/obs_194599339_photo_342107100_box1.jpg,obs_194599339_photo_342107100,obs_194599339_photo_342107100,1,1,Pilula cordemoyi,Obama nungara,FALSE,Misidentified as different species,,Animalia,Animalia,Mollusca,Platyhelminthes,Gastropoda,0,Stylommatophora,Tricladida,Charopidae,Geoplanidae,Pilula,Obama,0.122234181,1,"[{""species"": ""Pilula cordemoyi"", ""common_name"": """", ""score"": 0.12223418056964874}, {""species"": ""Daudebardia brevipes"", ""common_name"": """", ""score"": 0.06854309886693954}, {""species"": ""Otoconcha dimidiata"", ""common_name"": """", ""score"": 0.0428147092461586}, {""species"": ""Kontikia pelewensis"", ""common_name"": """", ""score"": 0.04193921014666557}, {""species"": ""Fastosarion brazieri"", ""common_name"": """", ""score"": 0.01961217261850834}]"
obs_194599339_photo_342107100_box1.jpg,/rs1/researchers/a/amallav/results/outputs_crop/obs_194599339_photo_342107100_box1.jpg,obs_194599339_photo_342107100,obs_194599339_photo_342107100,1,1,Daudebardia brevipes,Obama nungara,FALSE,Misidentified as different species,,Animalia,Animalia,Mollusca,Platyhelminthes,Gastropoda,0,Stylommatophora,Tricladida,Oxychilidae,Geoplanidae,Daudebardia,Obama,0.068543099,2,"[{""species"": ""Pilula cordemoyi"", ""common_name"": """", ""score"": 0.12223418056964874}, {""species"": ""Daudebardia brevipes"", ""common_name"": """", ""score"": 0.06854309886693954}, {""species"": ""Otoconcha dimidiata"", ""common_name"": """", ""score"": 0.0428147092461586}, {""species"": ""Kontikia pelewensis"", ""common_name"": """", ""score"": 0.04193921014666557}, {""species"": ""Fastosarion brazieri"", ""common_name"": """", ""score"": 0.01961217261850834}]"
obs_194599339_photo_342107100_box1.jpg,/rs1/researchers/a/amallav/results/outputs_crop/obs_194599339_photo_342107100_box1.jpg,obs_194599339_photo_342107100,obs_194599339_photo_342107100,1,1,Otoconcha dimidiata,Obama nungara,FALSE,Misidentified as different species,,Animalia,Animalia,Mollusca,Platyhelminthes,Gastropoda,0,Stylommatophora,Tricladida,Charopidae,Geoplanidae,Otoconcha,Obama,0.042814709,3,"[{""species"": ""Pilula cordemoyi"", ""common_name"": """", ""score"": 0.12223418056964874}, {""species"": ""Daudebardia brevipes"", ""common_name"": """", ""score"": 0.06854309886693954}, {""species"": ""Otoconcha dimidiata"", ""common_name"": """", ""score"": 0.0428147092461586}, {""species"": ""Kontikia pelewensis"", ""common_name"": """", ""score"": 0.04193921014666557}, {""species"": ""Fastosarion brazieri"", ""common_name"": """", ""score"": 0.01961217261850834}]"
obs_194599339_photo_342107100_box1.jpg,/rs1/researchers/a/amallav/results/outputs_crop/obs_194599339_photo_342107100_box1.jpg,obs_194599339_photo_342107100,obs_194599339_photo_342107100,1,1,Kontikia pelewensis,Obama nungara,FALSE,Misidentified as different species,,Animalia,Animalia,Platyhelminthes,Platyhelminthes,,0,Tricladida,Tricladida,Geoplanidae,Geoplanidae,Kontikia,Obama,0.04193921,4,"[{""species"": ""Pilula cordemoyi"", ""common_name"": """", ""score"": 0.12223418056964874}, {""species"": ""Daudebardia brevipes"", ""common_name"": """", ""score"": 0.06854309886693954}, {""species"": ""Otoconcha dimidiata"", ""common_name"": """", ""score"": 0.0428147092461586}, {""species"": ""Kontikia pelewensis"", ""common_name"": """", ""score"": 0.04193921014666557}, {""species"": ""Fastosarion brazieri"", ""common_name"": """", ""score"": 0.01961217261850834}]"
obs_194599339_photo_342107100_box1.jpg,/rs1/researchers/a/amallav/results/outputs_crop/obs_194599339_photo_342107100_box1.jpg,obs_194599339_photo_342107100,obs_194599339_photo_342107100,1,1,Fastosarion brazieri,Obama nungara,FALSE,Misidentified as different species,,Animalia,Animalia,Mollusca,Platyhelminthes,Gastropoda,0,Stylommatophora,Tricladida,Helicarionidae,Geoplanidae,Fastosarion,Obama,0.019612173,5,"[{""species"": ""Pilula cordemoyi"", ""common_name"": """", ""score"": 0.12223418056964874}, {""species"": ""Daudebardia brevipes"", ""common_name"": """", ""score"": 0.06854309886693954}, {""species"": ""Otoconcha dimidiata"", ""common_name"": """", ""score"": 0.0428147092461586}, {""species"": ""Kontikia pelewensis"", ""common_name"": """", ""score"": 0.04193921014666557}, {""species"": ""Fastosarion brazieri"", ""common_name"": """", ""score"": 0.01961217261850834}]"
obs_194599339_photo_342107100_box2.jpg,/rs1/researchers/a/amallav/results/outputs_crop/obs_194599339_photo_342107100_box2.jpg,obs_194599339_photo_342107100,obs_194599339_photo_342107100,2,2,Pilula cordemoyi,Obama nungara,FALSE,Misidentified as different species,,Animalia,Animalia,Mollusca,Platyhelminthes,Gastropoda,0,Stylommatophora,Tricladida,Charopidae,Geoplanidae,Pilula,Obama,0.1107857,1,"[{""species"": ""Pilula cordemoyi"", ""common_name"": """", ""score"": 0.11078570038080215}, {""species"": ""Otoconcha dimidiata"", ""common_name"": """", ""score"": 0.0500616692006588}, {""species"": ""Fastosarion brazieri"", ""common_name"": """", ""score"": 0.04908290505409241}, {""species"": ""Daudebardia brevipes"", ""common_name"": """", ""score"": 0.04313742741942406}, {""species"": ""Kontikia pelewensis"", ""common_name"": """", ""score"": 0.032532282173633575}]"
obs_194599339_photo_342107100_box2.jpg,/rs1/researchers/a/amallav/results/outputs_crop/obs_194599339_photo_342107100_box2.jpg,obs_194599339_photo_342107100,obs_194599339_photo_342107100,2,2,Otoconcha dimidiata,Obama nungara,FALSE,Misidentified as different species,,Animalia,Animalia,Mollusca,Platyhelminthes,Gastropoda,0,Stylommatophora,Tricladida,Charopidae,Geoplanidae,Otoconcha,Obama,0.050061669,2,"[{""species"": ""Pilula cordemoyi"", ""common_name"": """", ""score"": 0.11078570038080215}, {""species"": ""Otoconcha dimidiata"", ""common_name"": """", ""score"": 0.0500616692006588}, {""species"": ""Fastosarion brazieri"", ""common_name"": """", ""score"": 0.04908290505409241}, {""species"": ""Daudebardia brevipes"", ""common_name"": """", ""score"": 0.04313742741942406}, {""species"": ""Kontikia pelewensis"", ""common_name"": """", ""score"": 0.032532282173633575}]"
obs_194599339_photo_342107100_box2.jpg,/rs1/researchers/a/amallav/results/outputs_crop/obs_194599339_photo_342107100_box2.jpg,obs_194599339_photo_342107100,obs_194599339_photo_342107100,2,2,Fastosarion brazieri,Obama nungara,FALSE,Misidentified as different species,,Animalia,Animalia,Mollusca,Platyhelminthes,Gastropoda,0,Stylommatophora,Tricladida,Helicarionidae,Geoplanidae,Fastosarion,Obama,0.049082905,3,"[{""species"": ""Pilula cordemoyi"", ""common_name"": """", ""score"": 0.11078570038080215}, {""species"": ""Otoconcha dimidiata"", ""common_name"": """", ""score"": 0.0500616692006588}, {""species"": ""Fastosarion brazieri"", ""common_name"": """", ""score"": 0.04908290505409241}, {""species"": ""Daudebardia brevipes"", ""common_name"": """", ""score"": 0.04313742741942406}, {""species"": ""Kontikia pelewensis"", ""common_name"": """", ""score"": 0.032532282173633575}]"
obs_194599339_photo_342107100_box2.jpg,/rs1/researchers/a/amallav/results/outputs_crop/obs_194599339_photo_342107100_box2.jpg,obs_194599339_photo_342107100,obs_194599339_photo_342107100,2,2,Daudebardia brevipes,Obama nungara,FALSE,Misidentified as different species,,Animalia,Animalia,Mollusca,Platyhelminthes,Gastropoda,0,Stylommatophora,Tricladida,Oxychilidae,Geoplanidae,Daudebardia,Obama,0.043137427,4,"[{""species"": ""Pilula cordemoyi"", ""common_name"": """", ""score"": 0.11078570038080215}, {""species"": ""Otoconcha dimidiata"", ""common_name"": """", ""score"": 0.0500616692006588}, {""species"": ""Fastosarion brazieri"", ""common_name"": """", ""score"": 0.04908290505409241}, {""species"": ""Daudebardia brevipes"", ""common_name"": """", ""score"": 0.04313742741942406}, {""species"": ""Kontikia pelewensis"", ""common_name"": """", ""score"": 0.032532282173633575}]"
obs_194599339_photo_342107100_box2.jpg,/rs1/researchers/a/amallav/results/outputs_crop/obs_194599339_photo_342107100_box2.jpg,obs_194599339_photo_342107100,obs_194599339_photo_342107100,2,2,Kontikia pelewensis,Obama nungara,FALSE,Misidentified as different species,,Animalia,Animalia,Platyhelminthes,Platyhelminthes,,0,Tricladida,Tricladida,Geoplanidae,Geoplanidae,Kontikia,Obama,0.032532282,5,"[{""species"": ""Pilula cordemoyi"", ""common_name"": """", ""score"": 0.11078570038080215}, {""species"": ""Otoconcha dimidiata"", ""common_name"": """", ""score"": 0.0500616692006588}, {""species"": ""Fastosarion brazieri"", ""common_name"": """", ""score"": 0.04908290505409241}, {""species"": ""Daudebardia brevipes"", ""common_name"": """", ""score"": 0.04313742741942406}, {""species"": ""Kontikia pelewensis"", ""common_name"": """", ""score"": 0.032532282173633575}]"
obs_194795499_photo_341224314_box1.jpg,/rs1/researchers/a/amallav/results/outputs_crop/obs_194795499_photo_341224314_box1.jpg,obs_194795499_photo_341224314,#N/A,1,1,Amplexidiscus fenestrafer,Urticina columbiana,FALSE,,Elephant ear anemone,Animalia,Animalia,Cnidaria,Cnidaria,Anthozoa,Anthozoa,Corallimorpharia,Actiniaria,Discosomidae,Actiniidae,Amplexidiscus,Urticina,0.09051276,1,"[{""species"": ""Amplexidiscus fenestrafer"", ""common_name"": ""Elephant ear anemone"", ""score"": 0.09051275998353958}, {""species"": ""Phymanthea pluvia"", ""common_name"": """", ""score"": 0.08823274075984955}, {""species"": ""Urticina columbiana"", ""common_name"": ""Crusty red anemone"", ""score"": 0.078025683760643}, {""species"": ""Liponema multicorne"", ""common_name"": ""Many-tentacled sea anemone"", ""score"": 0.061375901103019714}, {""species"": ""Stichodactyla mertensii"", ""common_name"": ""Merten's sea anemone"", ""score"": 0.05686226114630699}]"
obs_194795499_photo_341224314_box1.jpg,/rs1/researchers/a/amallav/results/outputs_crop/obs_194795499_photo_341224314_box1.jpg,obs_194795499_photo_341224314,#N/A,1,1,Phymanthea pluvia,Urticina columbiana,FALSE,,,Animalia,Animalia,Cnidaria,Cnidaria,Anthozoa,Anthozoa,Actiniaria,Actiniaria,Actiniidae,Actiniidae,Phymanthea,Urticina,0.088232741,2,"[{""species"": ""Amplexidiscus fenestrafer"", ""common_name"": ""Elephant ear anemone"", ""score"": 0.09051275998353958}, {""species"": ""Phymanthea pluvia"", ""common_name"": """", ""score"": 0.08823274075984955}, {""species"": ""Urticina columbiana"", ""common_name"": ""Crusty red anemone"", ""score"": 0.078025683760643}, {""species"": ""Liponema multicorne"", ""common_name"": ""Many-tentacled sea anemone"", ""score"": 0.061375901103019714}, {""species"": ""Stichodactyla mertensii"", ""common_name"": ""Merten's sea anemone"", ""score"": 0.05686226114630699}]"
obs_194795499_photo_341224314_box1.jpg,/rs1/researchers/a/amallav/results/outputs_crop/obs_194795499_photo_341224314_box1.jpg,obs_194795499_photo_341224314,#N/A,1,1,Urticina columbiana,Urticina columbiana,TRUE,,Crusty red anemone,Animalia,Animalia,Cnidaria,Cnidaria,Anthozoa,Anthozoa,Actiniaria,Actiniaria,Actiniidae,Actiniidae,Urticina,Urticina,0.078025684,3,"[{""species"": ""Amplexidiscus fenestrafer"", ""common_name"": ""Elephant ear anemone"", ""score"": 0.09051275998353958}, {""species"": ""Phymanthea pluvia"", ""common_name"": """", ""score"": 0.08823274075984955}, {""species"": ""Urticina columbiana"", ""common_name"": ""Crusty red anemone"", ""score"": 0.078025683760643}, {""species"": ""Liponema multicorne"", ""common_name"": ""Many-tentacled sea anemone"", ""score"": 0.061375901103019714}, {""species"": ""Stichodactyla mertensii"", ""common_name"": ""Merten's sea anemone"", ""score"": 0.05686226114630699}]"
obs_194795499_photo_341224314_box1.jpg,/rs1/researchers/a/amallav/results/outputs_crop/obs_194795499_photo_341224314_box1.jpg,obs_194795499_photo_341224314,#N/A,1,1,Liponema multicorne,Urticina columbiana,FALSE,,Many-tentacled sea anemone,Animalia,Animalia,Cnidaria,Cnidaria,Anthozoa,Anthozoa,Actiniaria,Actiniaria,Liponematidae,Actiniidae,Liponema,Urticina,0.061375901,4,"[{""species"": ""Amplexidiscus fenestrafer"", ""common_name"": ""Elephant ear anemone"", ""score"": 0.09051275998353958}, {""species"": ""Phymanthea pluvia"", ""common_name"": """", ""score"": 0.08823274075984955}, {""species"": ""Urticina columbiana"", ""common_name"": ""Crusty red anemone"", ""score"": 0.078025683760643}, {""species"": ""Liponema multicorne"", ""common_name"": ""Many-tentacled sea anemone"", ""score"": 0.061375901103019714}, {""species"": ""Stichodactyla mertensii"", ""common_name"": ""Merten's sea anemone"", ""score"": 0.05686226114630699}]"
obs_194795499_photo_341224314_box1.jpg,/rs1/researchers/a/amallav/results/outputs_crop/obs_194795499_photo_341224314_box1.jpg,obs_194795499_photo_341224314,#N/A,1,1,Stichodactyla mertensii,Urticina columbiana,FALSE,,Merten's sea anemone,Animalia,Animalia,Cnidaria,Cnidaria,Anthozoa,Anthozoa,Actiniaria,Actiniaria,Stichodactylidae,Actiniidae,Stichodactyla,Urticina,0.056862261,5,"[{""species"": ""Amplexidiscus fenestrafer"", ""common_name"": ""Elephant ear anemone"", ""score"": 0.09051275998353958}, {""species"": ""Phymanthea pluvia"", ""common_name"": """", ""score"": 0.08823274075984955}, {""species"": ""Urticina columbiana"", ""common_name"": ""Crusty red anemone"", ""score"": 0.078025683760643}, {""species"": ""Liponema multicorne"", ""common_name"": ""Many-tentacled sea anemone"", ""score"": 0.061375901103019714}, {""species"": ""Stichodactyla mertensii"", ""common_name"": ""Merten's sea anemone"", ""score"": 0.05686226114630699}]"
obs_194795499_photo_341224314_box2.jpg,/rs1/researchers/a/amallav/results/outputs_crop/obs_194795499_photo_341224314_box2.jpg,obs_194795499_photo_341224314,#N/A,2,2,Phymanthea pluvia,Urticina columbiana,FALSE,,,Animalia,Animalia,Cnidaria,Cnidaria,Anthozoa,Anthozoa,Actiniaria,Actiniaria,Actiniidae,Actiniidae,Phymanthea,Urticina,0.189673975,1,"[{""species"": ""Phymanthea pluvia"", ""common_name"": """", ""score"": 0.18967397511005402}, {""species"": ""Amplexidiscus fenestrafer"", ""common_name"": ""Elephant ear anemone"", ""score"": 0.15391120314598083}, {""species"": ""Sicyonis erythrocephala"", ""common_name"": ""Sea Anemone"", ""score"": 0.0975397527217865}, {""species"": ""Radianthus magnifica"", ""common_name"": ""Sea Anemone"", ""score"": 0.07776843756437302}, {""species"": ""Urticina columbiana"", ""common_name"": ""Crusty red anemone"", ""score"": 0.044345956295728683}]"
obs_194795499_photo_341224314_box2.jpg,/rs1/researchers/a/amallav/results/outputs_crop/obs_194795499_photo_341224314_box2.jpg,obs_194795499_photo_341224314,#N/A,2,2,Amplexidiscus fenestrafer,Urticina columbiana,FALSE,,Elephant ear anemone,Animalia,Animalia,Cnidaria,Cnidaria,Anthozoa,Anthozoa,Corallimorpharia,Actiniaria,Discosomidae,Actiniidae,Amplexidiscus,Urticina,0.153911203,2,"[{""species"": ""Phymanthea pluvia"", ""common_name"": """", ""score"": 0.18967397511005402}, {""species"": ""Amplexidiscus fenestrafer"", ""common_name"": ""Elephant ear anemone"", ""score"": 0.15391120314598083}, {""species"": ""Sicyonis erythrocephala"", ""common_name"": ""Sea Anemone"", ""score"": 0.0975397527217865}, {""species"": ""Radianthus magnifica"", ""common_name"": ""Sea Anemone"", ""score"": 0.07776843756437302}, {""species"": ""Urticina columbiana"", ""common_name"": ""Crusty red anemone"", ""score"": 0.044345956295728683}]"
obs_194795499_photo_341224314_box2.jpg,/rs1/researchers/a/amallav/results/outputs_crop/obs_194795499_photo_341224314_box2.jpg,obs_194795499_photo_341224314,#N/A,2,2,Sicyonis erythrocephala,Urticina columbiana,FALSE,,Sea Anemone,Animalia,Animalia,Cnidaria,Cnidaria,Anthozoa,Anthozoa,Actiniaria,Actiniaria,Sicyonidae,Actiniidae,Sicyonis,Urticina,0.097539753,3,"[{""species"": ""Phymanthea pluvia"", ""common_name"": """", ""score"": 0.18967397511005402}, {""species"": ""Amplexidiscus fenestrafer"", ""common_name"": ""Elephant ear anemone"", ""score"": 0.15391120314598083}, {""species"": ""Sicyonis erythrocephala"", ""common_name"": ""Sea Anemone"", ""score"": 0.0975397527217865}, {""species"": ""Radianthus magnifica"", ""common_name"": ""Sea Anemone"", ""score"": 0.07776843756437302}, {""species"": ""Urticina columbiana"", ""common_name"": ""Crusty red anemone"", ""score"": 0.044345956295728683}]"
obs_194795499_photo_341224314_box2.jpg,/rs1/researchers/a/amallav/results/outputs_crop/obs_194795499_photo_341224314_box2.jpg,obs_194795499_photo_341224314,#N/A,2,2,Radianthus magnifica,Urticina columbiana,FALSE,,Sea Anemone,Animalia,Animalia,Cnidaria,Cnidaria,Anthozoa,Anthozoa,Actiniaria,Actiniaria,Stichodactylidae,Actiniidae,Radianthus,Urticina,0.077768438,4,"[{""species"": ""Phymanthea pluvia"", ""common_name"": """", ""score"": 0.18967397511005402}, {""species"": ""Amplexidiscus fenestrafer"", ""common_name"": ""Elephant ear anemone"", ""score"": 0.15391120314598083}, {""species"": ""Sicyonis erythrocephala"", ""common_name"": ""Sea Anemone"", ""score"": 0.0975397527217865}, {""species"": ""Radianthus magnifica"", ""common_name"": ""Sea Anemone"", ""score"": 0.07776843756437302}, {""species"": ""Urticina columbiana"", ""common_name"": ""Crusty red anemone"", ""score"": 0.044345956295728683}]"
obs_194795499_photo_341224314_box2.jpg,/rs1/researchers/a/amallav/results/outputs_crop/obs_194795499_photo_341224314_box2.jpg,obs_194795499_photo_341224314,#N/A,2,2,Urticina columbiana,Urticina columbiana,TRUE,,Crusty red anemone,Animalia,Animalia,Cnidaria,Cnidaria,Anthozoa,Anthozoa,Actiniaria,Actiniaria,Actiniidae,Actiniidae,Urticina,Urticina,0.044345956,5,"[{""species"": ""Phymanthea pluvia"", ""common_name"": """", ""score"": 0.18967397511005402}, {""species"": ""Amplexidiscus fenestrafer"", ""common_name"": ""Elephant ear anemone"", ""score"": 0.15391120314598083}, {""species"": ""Sicyonis erythrocephala"", ""common_name"": ""Sea Anemone"", ""score"": 0.0975397527217865}, {""species"": ""Radianthus magnifica"", ""common_name"": ""Sea Anemone"", ""score"": 0.07776843756437302}, {""species"": ""Urticina columbiana"", ""common_name"": ""Crusty red anemone"", ""score"": 0.044345956295728683}]"
obs_194795499_photo_341224314_box3.jpg,/rs1/researchers/a/amallav/results/outputs_crop/obs_194795499_photo_341224314_box3.jpg,obs_194795499_photo_341224314,#N/A,3,3,Stichodactyla mertensii,Urticina columbiana,FALSE,,Merten's sea anemone,Animalia,Animalia,Cnidaria,Cnidaria,Anthozoa,Anthozoa,Actiniaria,Actiniaria,Stichodactylidae,Actiniidae,Stichodactyla,Urticina,0.124306217,1,"[{""species"": ""Stichodactyla mertensii"", ""common_name"": ""Merten's sea anemone"", ""score"": 0.12430621683597565}, {""species"": ""Liponema multicorne"", ""common_name"": ""Many-tentacled sea anemone"", ""score"": 0.0635354295372963}, {""species"": ""Heliofungia actiniformis"", ""common_name"": ""Plate coral"", ""score"": 0.06004638597369194}, {""species"": ""Urticina columbiana"", ""common_name"": ""Crusty red anemone"", ""score"": 0.05603518709540367}, {""species"": ""Phymanthea pluvia"", ""common_name"": """", ""score"": 0.05249220132827759}]"
obs_194795499_photo_341224314_box3.jpg,/rs1/researchers/a/amallav/results/outputs_crop/obs_194795499_photo_341224314_box3.jpg,obs_194795499_photo_341224314,#N/A,3,3,Liponema multicorne,Urticina columbiana,FALSE,,Many-tentacled sea anemone,Animalia,Animalia,Cnidaria,Cnidaria,Anthozoa,Anthozoa,Actiniaria,Actiniaria,Liponematidae,Actiniidae,Liponema,Urticina,0.06353543,2,"[{""species"": ""Stichodactyla mertensii"", ""common_name"": ""Merten's sea anemone"", ""score"": 0.12430621683597565}, {""species"": ""Liponema multicorne"", ""common_name"": ""Many-tentacled sea anemone"", ""score"": 0.0635354295372963}, {""species"": ""Heliofungia actiniformis"", ""common_name"": ""Plate coral"", ""score"": 0.06004638597369194}, {""species"": ""Urticina columbiana"", ""common_name"": ""Crusty red anemone"", ""score"": 0.05603518709540367}, {""species"": ""Phymanthea pluvia"", ""common_name"": """", ""score"": 0.05249220132827759}]"
obs_194795499_photo_341224314_box3.jpg,/rs1/researchers/a/amallav/results/outputs_crop/obs_194795499_photo_341224314_box3.jpg,obs_194795499_photo_341224314,#N/A,3,3,Heliofungia actiniformis,Urticina columbiana,FALSE,,Plate coral,Animalia,Animalia,Cnidaria,Cnidaria,Anthozoa,Anthozoa,Scleractinia,Actiniaria,Fungiidae,Actiniidae,Heliofungia,Urticina,0.060046386,3,"[{""species"": ""Stichodactyla mertensii"", ""common_name"": ""Merten's sea anemone"", ""score"": 0.12430621683597565}, {""species"": ""Liponema multicorne"", ""common_name"": ""Many-tentacled sea anemone"", ""score"": 0.0635354295372963}, {""species"": ""Heliofungia actiniformis"", ""common_name"": ""Plate coral"", ""score"": 0.06004638597369194}, {""species"": ""Urticina columbiana"", ""common_name"": ""Crusty red anemone"", ""score"": 0.05603518709540367}, {""species"": ""Phymanthea pluvia"", ""common_name"": """", ""score"": 0.05249220132827759}]"
obs_194795499_photo_341224314_box3.jpg,/rs1/researchers/a/amallav/results/outputs_crop/obs_194795499_photo_341224314_box3.jpg,obs_194795499_photo_341224314,#N/A,3,3,Urticina columbiana,Urticina columbiana,TRUE,,Crusty red anemone,Animalia,Animalia,Cnidaria,Cnidaria,Anthozoa,Anthozoa,Actiniaria,Actiniaria,Actiniidae,Actiniidae,Urticina,Urticina,0.056035187,4,"[{""species"": ""Stichodactyla mertensii"", ""common_name"": ""Merten's sea anemone"", ""score"": 0.12430621683597565}, {""species"": ""Liponema multicorne"", ""common_name"": ""Many-tentacled sea anemone"", ""score"": 0.0635354295372963}, {""species"": ""Heliofungia actiniformis"", ""common_name"": ""Plate coral"", ""score"": 0.06004638597369194}, {""species"": ""Urticina columbiana"", ""common_name"": ""Crusty red anemone"", ""score"": 0.05603518709540367}, {""species"": ""Phymanthea pluvia"", ""common_name"": """", ""score"": 0.05249220132827759}]"
obs_194795499_photo_341224314_box3.jpg,/rs1/researchers/a/amallav/results/outputs_crop/obs_194795499_photo_341224314_box3.jpg,obs_194795499_photo_341224314,#N/A,3,3,Phymanthea pluvia,Urticina columbiana,FALSE,,,Animalia,Animalia,Cnidaria,Cnidaria,Anthozoa,Anthozoa,Actiniaria,Actiniaria,Actiniidae,Actiniidae,Phymanthea,Urticina,0.052492201,5,"[{""species"": ""Stichodactyla mertensii"", ""common_name"": ""Merten's sea anemone"", ""score"": 0.12430621683597565}, {""species"": ""Liponema multicorne"", ""common_name"": ""Many-tentacled sea anemone"", ""score"": 0.0635354295372963}, {""species"": ""Heliofungia actiniformis"", ""common_name"": ""Plate coral"", ""score"": 0.06004638597369194}, {""species"": ""Urticina columbiana"", ""common_name"": ""Crusty red anemone"", ""score"": 0.05603518709540367}, {""species"": ""Phymanthea pluvia"", ""common_name"": """", ""score"": 0.05249220132827759}]"
obs_194795499_photo_341224314_box4.jpg,/rs1/researchers/a/amallav/results/outputs_crop/obs_194795499_photo_341224314_box4.jpg,obs_194795499_photo_341224314,#N/A,4,4,Sicyonis erythrocephala,Urticina columbiana,FALSE,,Sea Anemone,Animalia,Animalia,Cnidaria,Cnidaria,Anthozoa,Anthozoa,Actiniaria,Actiniaria,Sicyonidae,Actiniidae,Sicyonis,Urticina,0.036974777,1,"[{""species"": ""Sicyonis erythrocephala"", ""common_name"": ""Sea Anemone"", ""score"": 0.03697477653622627}, {""species"": ""Amplexidiscus fenestrafer"", ""common_name"": ""Elephant ear anemone"", ""score"": 0.03468189388513565}, {""species"": ""Actinostola callosa"", ""common_name"": ""Rough-skinned sea anemone"", ""score"": 0.021031619980931282}, {""species"": ""Bohadschia vitiensis"", ""common_name"": ""Brown sandfish"", ""score"": 0.017360828816890717}, {""species"": ""Bohadschia atra"", ""common_name"": ""Tigerfish"", ""score"": 0.016938364133238792}]"
obs_194795499_photo_341224314_box4.jpg,/rs1/researchers/a/amallav/results/outputs_crop/obs_194795499_photo_341224314_box4.jpg,obs_194795499_photo_341224314,#N/A,4,4,Amplexidiscus fenestrafer,Urticina columbiana,FALSE,,Elephant ear anemone,Animalia,Animalia,Cnidaria,Cnidaria,Anthozoa,Anthozoa,Corallimorpharia,Actiniaria,Discosomidae,Actiniidae,Amplexidiscus,Urticina,0.034681894,2,"[{""species"": ""Sicyonis erythrocephala"", ""common_name"": ""Sea Anemone"", ""score"": 0.03697477653622627}, {""species"": ""Amplexidiscus fenestrafer"", ""common_name"": ""Elephant ear anemone"", ""score"": 0.03468189388513565}, {""species"": ""Actinostola callosa"", ""common_name"": ""Rough-skinned sea anemone"", ""score"": 0.021031619980931282}, {""species"": ""Bohadschia vitiensis"", ""common_name"": ""Brown sandfish"", ""score"": 0.017360828816890717}, {""species"": ""Bohadschia atra"", ""common_name"": ""Tigerfish"", ""score"": 0.016938364133238792}]"
obs_194795499_photo_341224314_box4.jpg,/rs1/researchers/a/amallav/results/outputs_crop/obs_194795499_photo_341224314_box4.jpg,obs_194795499_photo_341224314,#N/A,4,4,Actinostola callosa,Urticina columbiana,FALSE,,Rough-skinned sea anemone,Animalia,Animalia,Cnidaria,Cnidaria,Anthozoa,Anthozoa,Actiniaria,Actiniaria,Actinostolidae,Actiniidae,Actinostola,Urticina,0.02103162,3,"[{""species"": ""Sicyonis erythrocephala"", ""common_name"": ""Sea Anemone"", ""score"": 0.03697477653622627}, {""species"": ""Amplexidiscus fenestrafer"", ""common_name"": ""Elephant ear anemone"", ""score"": 0.03468189388513565}, {""species"": ""Actinostola callosa"", ""common_name"": ""Rough-skinned sea anemone"", ""score"": 0.021031619980931282}, {""species"": ""Bohadschia vitiensis"", ""common_name"": ""Brown sandfish"", ""score"": 0.017360828816890717}, {""species"": ""Bohadschia atra"", ""common_name"": ""Tigerfish"", ""score"": 0.016938364133238792}]"
obs_194795499_photo_341224314_box4.jpg,/rs1/researchers/a/amallav/results/outputs_crop/obs_194795499_photo_341224314_box4.jpg,obs_194795499_photo_341224314,#N/A,4,4,Bohadschia vitiensis,Urticina columbiana,FALSE,,Brown sandfish,Animalia,Animalia,Echinodermata,Cnidaria,Holothuroidea,Anthozoa,Holothuriida,Actiniaria,Holothuriidae,Actiniidae,Bohadschia,Urticina,0.017360829,4,"[{""species"": ""Sicyonis erythrocephala"", ""common_name"": ""Sea Anemone"", ""score"": 0.03697477653622627}, {""species"": ""Amplexidiscus fenestrafer"", ""common_name"": ""Elephant ear anemone"", ""score"": 0.03468189388513565}, {""species"": ""Actinostola callosa"", ""common_name"": ""Rough-skinned sea anemone"", ""score"": 0.021031619980931282}, {""species"": ""Bohadschia vitiensis"", ""common_name"": ""Brown sandfish"", ""score"": 0.017360828816890717}, {""species"": ""Bohadschia atra"", ""common_name"": ""Tigerfish"", ""score"": 0.016938364133238792}]"
obs_194795499_photo_341224314_box4.jpg,/rs1/researchers/a/amallav/results/outputs_crop/obs_194795499_photo_341224314_box4.jpg,obs_194795499_photo_341224314,#N/A,4,4,Bohadschia atra,Urticina columbiana,FALSE,,Tigerfish,Animalia,Animalia,Echinodermata,Cnidaria,Holothuroidea,Anthozoa,Holothuriida,Actiniaria,Holothuriidae,Actiniidae,Bohadschia,Urticina,0.016938364,5,"[{""species"": ""Sicyonis erythrocephala"", ""common_name"": ""Sea Anemone"", ""score"": 0.03697477653622627}, {""species"": ""Amplexidiscus fenestrafer"", ""common_name"": ""Elephant ear anemone"", ""score"": 0.03468189388513565}, {""species"": ""Actinostola callosa"", ""common_name"": ""Rough-skinned sea anemone"", ""score"": 0.021031619980931282}, {""species"": ""Bohadschia vitiensis"", ""common_name"": ""Brown sandfish"", ""score"": 0.017360828816890717}, {""species"": ""Bohadschia atra"", ""common_name"": ""Tigerfish"", ""score"": 0.016938364133238792}]"
obs_195713651_photo_344383957_box1.jpg,/rs1/researchers/a/amallav/results/outputs_crop/obs_195713651_photo_344383957_box1.jpg,obs_195713651_photo_344383957,#N/A,1,1,Geoplana multipunctata,Parakontikia ventrolineata,FALSE,,,Animalia,Animalia,Platyhelminthes,Platyhelminthes,,0,Tricladida,Tricladida,Geoplanidae,Geoplanidae,Geoplana,Parakontikia,0.090775311,1,"[{""species"": ""Geoplana multipunctata"", ""common_name"": """", ""score"": 0.09077531099319458}, {""species"": ""Kontikia ventrolineata"", ""common_name"": ""Flatworm"", ""score"": 0.07657238841056824}, {""species"": ""Geoplana arkalabamensis"", ""common_name"": """", ""score"": 0.0699058398604393}, {""species"": ""Kontikia pelewensis"", ""common_name"": """", ""score"": 0.03925403580069542}, {""species"": ""Australopacifica hamiltoni"", ""common_name"": """", ""score"": 0.039159808307886124}]"
obs_195713651_photo_344383957_box1.jpg,/rs1/researchers/a/amallav/results/outputs_crop/obs_195713651_photo_344383957_box1.jpg,obs_195713651_photo_344383957,#N/A,1,1,Kontikia ventrolineata,Parakontikia ventrolineata,FALSE,,Flatworm,Animalia,Animalia,Platyhelminthes,Platyhelminthes,,0,Tricladida,Tricladida,Geoplanidae,Geoplanidae,Kontikia,Parakontikia,0.076572388,2,"[{""species"": ""Geoplana multipunctata"", ""common_name"": """", ""score"": 0.09077531099319458}, {""species"": ""Kontikia ventrolineata"", ""common_name"": ""Flatworm"", ""score"": 0.07657238841056824}, {""species"": ""Geoplana arkalabamensis"", ""common_name"": """", ""score"": 0.0699058398604393}, {""species"": ""Kontikia pelewensis"", ""common_name"": """", ""score"": 0.03925403580069542}, {""species"": ""Australopacifica hamiltoni"", ""common_name"": """", ""score"": 0.039159808307886124}]"
obs_195713651_photo_344383957_box1.jpg,/rs1/researchers/a/amallav/results/outputs_crop/obs_195713651_photo_344383957_box1.jpg,obs_195713651_photo_344383957,#N/A,1,1,Geoplana arkalabamensis,Parakontikia ventrolineata,FALSE,,,Animalia,Animalia,Platyhelminthes,Platyhelminthes,,0,Tricladida,Tricladida,Geoplanidae,Geoplanidae,Geoplana,Parakontikia,0.06990584,3,"[{""species"": ""Geoplana multipunctata"", ""common_name"": """", ""score"": 0.09077531099319458}, {""species"": ""Kontikia ventrolineata"", ""common_name"": ""Flatworm"", ""score"": 0.07657238841056824}, {""species"": ""Geoplana arkalabamensis"", ""common_name"": """", ""score"": 0.0699058398604393}, {""species"": ""Kontikia pelewensis"", ""common_name"": """", ""score"": 0.03925403580069542}, {""species"": ""Australopacifica hamiltoni"", ""common_name"": """", ""score"": 0.039159808307886124}]"
obs_195713651_photo_344383957_box1.jpg,/rs1/researchers/a/amallav/results/outputs_crop/obs_195713651_photo_344383957_box1.jpg,obs_195713651_photo_344383957,#N/A,1,1,Kontikia pelewensis,Parakontikia ventrolineata,FALSE,,,Animalia,Animalia,Platyhelminthes,Platyhelminthes,,0,Tricladida,Tricladida,Geoplanidae,Geoplanidae,Kontikia,Parakontikia,0.039254036,4,"[{""species"": ""Geoplana multipunctata"", ""common_name"": """", ""score"": 0.09077531099319458}, {""species"": ""Kontikia ventrolineata"", ""common_name"": ""Flatworm"", ""score"": 0.07657238841056824}, {""species"": ""Geoplana arkalabamensis"", ""common_name"": """", ""score"": 0.0699058398604393}, {""species"": ""Kontikia pelewensis"", ""common_name"": """", ""score"": 0.03925403580069542}, {""species"": ""Australopacifica hamiltoni"", ""common_name"": """", ""score"": 0.039159808307886124}]"
obs_195713651_photo_344383957_box1.jpg,/rs1/researchers/a/amallav/results/outputs_crop/obs_195713651_photo_344383957_box1.jpg,obs_195713651_photo_344383957,#N/A,1,1,Australopacifica hamiltoni,Parakontikia ventrolineata,FALSE,,,Animalia,Animalia,Platyhelminthes,Platyhelminthes,,0,Tricladida,Tricladida,Geoplanidae,Geoplanidae,Australopacifica,Parakontikia,0.039159808,5,"[{""species"": ""Geoplana multipunctata"", ""common_name"": """", ""score"": 0.09077531099319458}, {""species"": ""Kontikia ventrolineata"", ""common_name"": ""Flatworm"", ""score"": 0.07657238841056824}, {""species"": ""Geoplana arkalabamensis"", ""common_name"": """", ""score"": 0.0699058398604393}, {""species"": ""Kontikia pelewensis"", ""common_name"": """", ""score"": 0.03925403580069542}, {""species"": ""Australopacifica hamiltoni"", ""common_name"": """", ""score"": 0.039159808307886124}]"
obs_195713651_photo_344383957_box2.jpg,/rs1/researchers/a/amallav/results/outputs_crop/obs_195713651_photo_344383957_box2.jpg,obs_195713651_photo_344383957,#N/A,2,2,Geoplana multipunctata,Parakontikia ventrolineata,FALSE,,,Animalia,Animalia,Platyhelminthes,Platyhelminthes,,0,Tricladida,Tricladida,Geoplanidae,Geoplanidae,Geoplana,Parakontikia,0.090775311,1,"[{""species"": ""Geoplana multipunctata"", ""common_name"": """", ""score"": 0.09077531099319458}, {""species"": ""Kontikia ventrolineata"", ""common_name"": ""Flatworm"", ""score"": 0.07657238841056824}, {""species"": ""Geoplana arkalabamensis"", ""common_name"": """", ""score"": 0.0699058398604393}, {""species"": ""Kontikia pelewensis"", ""common_name"": """", ""score"": 0.03925403580069542}, {""species"": ""Australopacifica hamiltoni"", ""common_name"": """", ""score"": 0.039159808307886124}]"
obs_195713651_photo_344383957_box2.jpg,/rs1/researchers/a/amallav/results/outputs_crop/obs_195713651_photo_344383957_box2.jpg,obs_195713651_photo_344383957,#N/A,2,2,Kontikia ventrolineata,Parakontikia ventrolineata,FALSE,,Flatworm,Animalia,Animalia,Platyhelminthes,Platyhelminthes,,0,Tricladida,Tricladida,Geoplanidae,Geoplanidae,Kontikia,Parakontikia,0.076572388,2,"[{""species"": ""Geoplana multipunctata"", ""common_name"": """", ""score"": 0.09077531099319458}, {""species"": ""Kontikia ventrolineata"", ""common_name"": ""Flatworm"", ""score"": 0.07657238841056824}, {""species"": ""Geoplana arkalabamensis"", ""common_name"": """", ""score"": 0.0699058398604393}, {""species"": ""Kontikia pelewensis"", ""common_name"": """", ""score"": 0.03925403580069542}, {""species"": ""Australopacifica hamiltoni"", ""common_name"": """", ""score"": 0.039159808307886124}]"
obs_195713651_photo_344383957_box2.jpg,/rs1/researchers/a/amallav/results/outputs_crop/obs_195713651_photo_344383957_box2.jpg,obs_195713651_photo_344383957,#N/A,2,2,Geoplana arkalabamensis,Parakontikia ventrolineata,FALSE,,,Animalia,Animalia,Platyhelminthes,Platyhelminthes,,0,Tricladida,Tricladida,Geoplanidae,Geoplanidae,Geoplana,Parakontikia,0.06990584,3,"[{""species"": ""Geoplana multipunctata"", ""common_name"": """", ""score"": 0.09077531099319458}, {""species"": ""Kontikia ventrolineata"", ""common_name"": ""Flatworm"", ""score"": 0.07657238841056824}, {""species"": ""Geoplana arkalabamensis"", ""common_name"": """", ""score"": 0.0699058398604393}, {""species"": ""Kontikia pelewensis"", ""common_name"": """", ""score"": 0.03925403580069542}, {""species"": ""Australopacifica hamiltoni"", ""common_name"": """", ""score"": 0.039159808307886124}]"
obs_195713651_photo_344383957_box2.jpg,/rs1/researchers/a/amallav/results/outputs_crop/obs_195713651_photo_344383957_box2.jpg,obs_195713651_photo_344383957,#N/A,2,2,Kontikia pelewensis,Parakontikia ventrolineata,FALSE,,,Animalia,Animalia,Platyhelminthes,Platyhelminthes,,0,Tricladida,Tricladida,Geoplanidae,Geoplanidae,Kontikia,Parakontikia,0.039254036,4,"[{""species"": ""Geoplana multipunctata"", ""common_name"": """", ""score"": 0.09077531099319458}, {""species"": ""Kontikia ventrolineata"", ""common_name"": ""Flatworm"", ""score"": 0.07657238841056824}, {""species"": ""Geoplana arkalabamensis"", ""common_name"": """", ""score"": 0.0699058398604393}, {""species"": ""Kontikia pelewensis"", ""common_name"": """", ""score"": 0.03925403580069542}, {""species"": ""Australopacifica hamiltoni"", ""common_name"": """", ""score"": 0.039159808307886124}]"
obs_195713651_photo_344383957_box2.jpg,/rs1/researchers/a/amallav/results/outputs_crop/obs_195713651_photo_344383957_box2.jpg,obs_195713651_photo_344383957,#N/A,2,2,Australopacifica hamiltoni,Parakontikia ventrolineata,FALSE,,,Animalia,Animalia,Platyhelminthes,Platyhelminthes,,0,Tricladida,Tricladida,Geoplanidae,Geoplanidae,Australopacifica,Parakontikia,0.039159808,5,"[{""species"": ""Geoplana multipunctata"", ""common_name"": """", ""score"": 0.09077531099319458}, {""species"": ""Kontikia ventrolineata"", ""common_name"": ""Flatworm"", ""score"": 0.07657238841056824}, {""species"": ""Geoplana arkalabamensis"", ""common_name"": """", ""score"": 0.0699058398604393}, {""species"": ""Kontikia pelewensis"", ""common_name"": """", ""score"": 0.03925403580069542}, {""species"": ""Australopacifica hamiltoni"", ""common_name"": """", ""score"": 0.039159808307886124}]"
obs_195713651_photo_344383957_box3.jpg,/rs1/researchers/a/amallav/results/outputs_crop/obs_195713651_photo_344383957_box3.jpg,obs_195713651_photo_344383957,#N/A,3,3,Kontikia ventrolineata,Parakontikia ventrolineata,FALSE,,Flatworm,Animalia,Animalia,Platyhelminthes,Platyhelminthes,,0,Tricladida,Tricladida,Geoplanidae,Geoplanidae,Kontikia,Parakontikia,0.293219745,1,"[{""species"": ""Kontikia ventrolineata"", ""common_name"": ""Flatworm"", ""score"": 0.29321974515914917}, {""species"": ""Kontikia pelewensis"", ""common_name"": """", ""score"": 0.06455696374177933}, {""species"": ""Platydemus victoriae"", ""common_name"": """", ""score"": 0.05487705394625664}, {""species"": ""Endeavouria septemlineata"", ""common_name"": """", ""score"": 0.045150276273489}, {""species"": ""Geoplana multipunctata"", ""common_name"": """", ""score"": 0.032655782997608185}]"
obs_195713651_photo_344383957_box3.jpg,/rs1/researchers/a/amallav/results/outputs_crop/obs_195713651_photo_344383957_box3.jpg,obs_195713651_photo_344383957,#N/A,3,3,Kontikia pelewensis,Parakontikia ventrolineata,FALSE,,,Animalia,Animalia,Platyhelminthes,Platyhelminthes,,0,Tricladida,Tricladida,Geoplanidae,Geoplanidae,Kontikia,Parakontikia,0.064556964,2,"[{""species"": ""Kontikia ventrolineata"", ""common_name"": ""Flatworm"", ""score"": 0.29321974515914917}, {""species"": ""Kontikia pelewensis"", ""common_name"": """", ""score"": 0.06455696374177933}, {""species"": ""Platydemus victoriae"", ""common_name"": """", ""score"": 0.05487705394625664}, {""species"": ""Endeavouria septemlineata"", ""common_name"": """", ""score"": 0.045150276273489}, {""species"": ""Geoplana multipunctata"", ""common_name"": """", ""score"": 0.032655782997608185}]"
obs_195713651_photo_344383957_box3.jpg,/rs1/researchers/a/amallav/results/outputs_crop/obs_195713651_photo_344383957_box3.jpg,obs_195713651_photo_344383957,#N/A,3,3,Platydemus victoriae,Parakontikia ventrolineata,FALSE,,,Animalia,Animalia,Platyhelminthes,Platyhelminthes,,0,Tricladida,Tricladida,Geoplanidae,Geoplanidae,Platydemus,Parakontikia,0.054877054,3,"[{""species"": ""Kontikia ventrolineata"", ""common_name"": ""Flatworm"", ""score"": 0.29321974515914917}, {""species"": ""Kontikia pelewensis"", ""common_name"": """", ""score"": 0.06455696374177933}, {""species"": ""Platydemus victoriae"", ""common_name"": """", ""score"": 0.05487705394625664}, {""species"": ""Endeavouria septemlineata"", ""common_name"": """", ""score"": 0.045150276273489}, {""species"": ""Geoplana multipunctata"", ""common_name"": """", ""score"": 0.032655782997608185}]"
obs_195713651_photo_344383957_box3.jpg,/rs1/researchers/a/amallav/results/outputs_crop/obs_195713651_photo_344383957_box3.jpg,obs_195713651_photo_344383957,#N/A,3,3,Endeavouria septemlineata,Parakontikia ventrolineata,FALSE,,,Animalia,Animalia,Platyhelminthes,Platyhelminthes,,0,Tricladida,Tricladida,Geoplanidae,Geoplanidae,Endeavouria,Parakontikia,0.045150276,4,"[{""species"": ""Kontikia ventrolineata"", ""common_name"": ""Flatworm"", ""score"": 0.29321974515914917}, {""species"": ""Kontikia pelewensis"", ""common_name"": """", ""score"": 0.06455696374177933}, {""species"": ""Platydemus victoriae"", ""common_name"": """", ""score"": 0.05487705394625664}, {""species"": ""Endeavouria septemlineata"", ""common_name"": """", ""score"": 0.045150276273489}, {""species"": ""Geoplana multipunctata"", ""common_name"": """", ""score"": 0.032655782997608185}]"
obs_195713651_photo_344383957_box3.jpg,/rs1/researchers/a/amallav/results/outputs_crop/obs_195713651_photo_344383957_box3.jpg,obs_195713651_photo_344383957,#N/A,3,3,Geoplana multipunctata,Parakontikia ventrolineata,FALSE,,,Animalia,Animalia,Platyhelminthes,Platyhelminthes,,0,Tricladida,Tricladida,Geoplanidae,Geoplanidae,Geoplana,Parakontikia,0.032655783,5,"[{""species"": ""Kontikia ventrolineata"", ""common_name"": ""Flatworm"", ""score"": 0.29321974515914917}, {""species"": ""Kontikia pelewensis"", ""common_name"": """", ""score"": 0.06455696374177933}, {""species"": ""Platydemus victoriae"", ""common_name"": """", ""score"": 0.05487705394625664}, {""species"": ""Endeavouria septemlineata"", ""common_name"": """", ""score"": 0.045150276273489}, {""species"": ""Geoplana multipunctata"", ""common_name"": """", ""score"": 0.032655782997608185}]"
obs_195713651_photo_344383957_box4.jpg,/rs1/researchers/a/amallav/results/outputs_crop/obs_195713651_photo_344383957_box4.jpg,obs_195713651_photo_344383957,#N/A,4,4,Kontikia ventrolineata,Parakontikia ventrolineata,FALSE,,Flatworm,Animalia,Animalia,Platyhelminthes,Platyhelminthes,,0,Tricladida,Tricladida,Geoplanidae,Geoplanidae,Kontikia,Parakontikia,0.068585835,1,"[{""species"": ""Kontikia ventrolineata"", ""common_name"": ""Flatworm"", ""score"": 0.0685858353972435}, {""species"": ""Geoplana arkalabamensis"", ""common_name"": """", ""score"": 0.0625053122639656}, {""species"": ""Geoplana multipunctata"", ""common_name"": """", ""score"": 0.061487454921007156}, {""species"": ""Australopacifica hamiltoni"", ""common_name"": """", ""score"": 0.058618493378162384}, {""species"": ""Kontikia pelewensis"", ""common_name"": """", ""score"": 0.041428063064813614}]"
obs_195713651_photo_344383957_box4.jpg,/rs1/researchers/a/amallav/results/outputs_crop/obs_195713651_photo_344383957_box4.jpg,obs_195713651_photo_344383957,#N/A,4,4,Geoplana arkalabamensis,Parakontikia ventrolineata,FALSE,,,Animalia,Animalia,Platyhelminthes,Platyhelminthes,,0,Tricladida,Tricladida,Geoplanidae,Geoplanidae,Geoplana,Parakontikia,0.062505312,2,"[{""species"": ""Kontikia ventrolineata"", ""common_name"": ""Flatworm"", ""score"": 0.0685858353972435}, {""species"": ""Geoplana arkalabamensis"", ""common_name"": """", ""score"": 0.0625053122639656}, {""species"": ""Geoplana multipunctata"", ""common_name"": """", ""score"": 0.061487454921007156}, {""species"": ""Australopacifica hamiltoni"", ""common_name"": """", ""score"": 0.058618493378162384}, {""species"": ""Kontikia pelewensis"", ""common_name"": """", ""score"": 0.041428063064813614}]"
obs_195713651_photo_344383957_box4.jpg,/rs1/researchers/a/amallav/results/outputs_crop/obs_195713651_photo_344383957_box4.jpg,obs_195713651_photo_344383957,#N/A,4,4,Geoplana multipunctata,Parakontikia ventrolineata,FALSE,,,Animalia,Animalia,Platyhelminthes,Platyhelminthes,,0,Tricladida,Tricladida,Geoplanidae,Geoplanidae,Geoplana,Parakontikia,0.061487455,3,"[{""species"": ""Kontikia ventrolineata"", ""common_name"": ""Flatworm"", ""score"": 0.0685858353972435}, {""species"": ""Geoplana arkalabamensis"", ""common_name"": """", ""score"": 0.0625053122639656}, {""species"": ""Geoplana multipunctata"", ""common_name"": """", ""score"": 0.061487454921007156}, {""species"": ""Australopacifica hamiltoni"", ""common_name"": """", ""score"": 0.058618493378162384}, {""species"": ""Kontikia pelewensis"", ""common_name"": """", ""score"": 0.041428063064813614}]"
obs_195713651_photo_344383957_box4.jpg,/rs1/researchers/a/amallav/results/outputs_crop/obs_195713651_photo_344383957_box4.jpg,obs_195713651_photo_344383957,#N/A,4,4,Australopacifica hamiltoni,Parakontikia ventrolineata,FALSE,,,Animalia,Animalia,Platyhelminthes,Platyhelminthes,,0,Tricladida,Tricladida,Geoplanidae,Geoplanidae,Australopacifica,Parakontikia,0.058618493,4,"[{""species"": ""Kontikia ventrolineata"", ""common_name"": ""Flatworm"", ""score"": 0.0685858353972435}, {""species"": ""Geoplana arkalabamensis"", ""common_name"": """", ""score"": 0.0625053122639656}, {""species"": ""Geoplana multipunctata"", ""common_name"": """", ""score"": 0.061487454921007156}, {""species"": ""Australopacifica hamiltoni"", ""common_name"": """", ""score"": 0.058618493378162384}, {""species"": ""Kontikia pelewensis"", ""common_name"": """", ""score"": 0.041428063064813614}]"
obs_195713651_photo_344383957_box4.jpg,/rs1/researchers/a/amallav/results/outputs_crop/obs_195713651_photo_344383957_box4.jpg,obs_195713651_photo_344383957,#N/A,4,4,Kontikia pelewensis,Parakontikia ventrolineata,FALSE,,,Animalia,Animalia,Platyhelminthes,Platyhelminthes,,0,Tricladida,Tricladida,Geoplanidae,Geoplanidae,Kontikia,Parakontikia,0.041428063,5,"[{""species"": ""Kontikia ventrolineata"", ""common_name"": ""Flatworm"", ""score"": 0.0685858353972435}, {""species"": ""Geoplana arkalabamensis"", ""common_name"": """", ""score"": 0.0625053122639656}, {""species"": ""Geoplana multipunctata"", ""common_name"": """", ""score"": 0.061487454921007156}, {""species"": ""Australopacifica hamiltoni"", ""common_name"": """", ""score"": 0.058618493378162384}, {""species"": ""Kontikia pelewensis"", ""common_name"": """", ""score"": 0.041428063064813614}]"
obs_195713651_photo_344383957_box5.jpg,/rs1/researchers/a/amallav/results/outputs_crop/obs_195713651_photo_344383957_box5.jpg,obs_195713651_photo_344383957,#N/A,5,5,Kontikia ventrolineata,Parakontikia ventrolineata,FALSE,,Flatworm,Animalia,Animalia,Platyhelminthes,Platyhelminthes,,0,Tricladida,Tricladida,Geoplanidae,Geoplanidae,Kontikia,Parakontikia,0.310826451,1,"[{""species"": ""Kontikia ventrolineata"", ""common_name"": ""Flatworm"", ""score"": 0.31082645058631897}, {""species"": ""Endeavouria septemlineata"", ""common_name"": """", ""score"": 0.0924595519900322}, {""species"": ""Kontikia pelewensis"", ""common_name"": """", ""score"": 0.06580067425966263}, {""species"": ""Geoplana multipunctata"", ""common_name"": """", ""score"": 0.06546667963266373}, {""species"": ""Parakontikia ventrolineata"", ""common_name"": """", ""score"": 0.05327887833118439}]"
obs_195713651_photo_344383957_box5.jpg,/rs1/researchers/a/amallav/results/outputs_crop/obs_195713651_photo_344383957_box5.jpg,obs_195713651_photo_344383957,#N/A,5,5,Endeavouria septemlineata,Parakontikia ventrolineata,FALSE,,,Animalia,Animalia,Platyhelminthes,Platyhelminthes,,0,Tricladida,Tricladida,Geoplanidae,Geoplanidae,Endeavouria,Parakontikia,0.092459552,2,"[{""species"": ""Kontikia ventrolineata"", ""common_name"": ""Flatworm"", ""score"": 0.31082645058631897}, {""species"": ""Endeavouria septemlineata"", ""common_name"": """", ""score"": 0.0924595519900322}, {""species"": ""Kontikia pelewensis"", ""common_name"": """", ""score"": 0.06580067425966263}, {""species"": ""Geoplana multipunctata"", ""common_name"": """", ""score"": 0.06546667963266373}, {""species"": ""Parakontikia ventrolineata"", ""common_name"": """", ""score"": 0.05327887833118439}]"
obs_195713651_photo_344383957_box5.jpg,/rs1/researchers/a/amallav/results/outputs_crop/obs_195713651_photo_344383957_box5.jpg,obs_195713651_photo_344383957,#N/A,5,5,Kontikia pelewensis,Parakontikia ventrolineata,FALSE,,,Animalia,Animalia,Platyhelminthes,Platyhelminthes,,0,Tricladida,Tricladida,Geoplanidae,Geoplanidae,Kontikia,Parakontikia,0.065800674,3,"[{""species"": ""Kontikia ventrolineata"", ""common_name"": ""Flatworm"", ""score"": 0.31082645058631897}, {""species"": ""Endeavouria septemlineata"", ""common_name"": """", ""score"": 0.0924595519900322}, {""species"": ""Kontikia pelewensis"", ""common_name"": """", ""score"": 0.06580067425966263}, {""species"": ""Geoplana multipunctata"", ""common_name"": """", ""score"": 0.06546667963266373}, {""species"": ""Parakontikia ventrolineata"", ""common_name"": """", ""score"": 0.05327887833118439}]"
obs_195713651_photo_344383957_box5.jpg,/rs1/researchers/a/amallav/results/outputs_crop/obs_195713651_photo_344383957_box5.jpg,obs_195713651_photo_344383957,#N/A,5,5,Geoplana multipunctata,Parakontikia ventrolineata,FALSE,,,Animalia,Animalia,Platyhelminthes,Platyhelminthes,,0,Tricladida,Tricladida,Geoplanidae,Geoplanidae,Geoplana,Parakontikia,0.06546668,4,"[{""species"": ""Kontikia ventrolineata"", ""common_name"": ""Flatworm"", ""score"": 0.31082645058631897}, {""species"": ""Endeavouria septemlineata"", ""common_name"": """", ""score"": 0.0924595519900322}, {""species"": ""Kontikia pelewensis"", ""common_name"": """", ""score"": 0.06580067425966263}, {""species"": ""Geoplana multipunctata"", ""common_name"": """", ""score"": 0.06546667963266373}, {""species"": ""Parakontikia ventrolineata"", ""common_name"": """", ""score"": 0.05327887833118439}]"
obs_195713651_photo_344383957_box5.jpg,/rs1/researchers/a/amallav/results/outputs_crop/obs_195713651_photo_344383957_box5.jpg,obs_195713651_photo_344383957,#N/A,5,5,Parakontikia ventrolineata,Parakontikia ventrolineata,TRUE,,,Animalia,Animalia,Platyhelminthes,Platyhelminthes,,0,Tricladida,Tricladida,Geoplanidae,Geoplanidae,Parakontikia,Parakontikia,0.053278878,5,"[{""species"": ""Kontikia ventrolineata"", ""common_name"": ""Flatworm"", ""score"": 0.31082645058631897}, {""species"": ""Endeavouria septemlineata"", ""common_name"": """", ""score"": 0.0924595519900322}, {""species"": ""Kontikia pelewensis"", ""common_name"": """", ""score"": 0.06580067425966263}, {""species"": ""Geoplana multipunctata"", ""common_name"": """", ""score"": 0.06546667963266373}, {""species"": ""Parakontikia ventrolineata"", ""common_name"": """", ""score"": 0.05327887833118439}]"
obs_220102252_photo_389649357_box1.jpg,/rs1/researchers/a/amallav/results/outputs_crop/obs_220102252_photo_389649357_box1.jpg,obs_220102252_photo_389649357,obs_220102252_photo_389649357,1,1,Rhagio orestes,Furia ithacensis,FALSE,Species is small part of the box. Fungus,,Animalia,Fungi,Arthropoda,Entomophthoromycota,Insecta,Entomophthoromycetes,Diptera,Entomophthorales,Rhagionidae,Entomophthoraceae,Rhagio,Furia,0.145159915,1,"[{""species"": ""Rhagio orestes"", ""common_name"": """", ""score"": 0.14515991508960724}, {""species"": ""Chrysopilus griffithi"", ""common_name"": """", ""score"": 0.09541488438844681}, {""species"": ""Chrysopilus mackerrasi"", ""common_name"": """", ""score"": 0.08484432846307755}, {""species"": ""Chrysopilus balbii"", ""common_name"": """", ""score"": 0.08100968599319458}, {""species"": ""Rhagio maculipennis"", ""common_name"": """", ""score"": 0.03167451545596123}]"
obs_220102252_photo_389649357_box1.jpg,/rs1/researchers/a/amallav/results/outputs_crop/obs_220102252_photo_389649357_box1.jpg,obs_220102252_photo_389649357,obs_220102252_photo_389649357,1,1,Chrysopilus griffithi,Furia ithacensis,FALSE,Species is small part of the box. Fungus,,Animalia,Fungi,Arthropoda,Entomophthoromycota,Insecta,Entomophthoromycetes,Diptera,Entomophthorales,Rhagionidae,Entomophthoraceae,Chrysopilus,Furia,0.095414884,2,"[{""species"": ""Rhagio orestes"", ""common_name"": """", ""score"": 0.14515991508960724}, {""species"": ""Chrysopilus griffithi"", ""common_name"": """", ""score"": 0.09541488438844681}, {""species"": ""Chrysopilus mackerrasi"", ""common_name"": """", ""score"": 0.08484432846307755}, {""species"": ""Chrysopilus balbii"", ""common_name"": """", ""score"": 0.08100968599319458}, {""species"": ""Rhagio maculipennis"", ""common_name"": """", ""score"": 0.03167451545596123}]"
obs_220102252_photo_389649357_box1.jpg,/rs1/researchers/a/amallav/results/outputs_crop/obs_220102252_photo_389649357_box1.jpg,obs_220102252_photo_389649357,obs_220102252_photo_389649357,1,1,Chrysopilus mackerrasi,Furia ithacensis,FALSE,Species is small part of the box. Fungus,,Animalia,Fungi,Arthropoda,Entomophthoromycota,Insecta,Entomophthoromycetes,Diptera,Entomophthorales,Rhagionidae,Entomophthoraceae,Chrysopilus,Furia,0.084844328,3,"[{""species"": ""Rhagio orestes"", ""common_name"": """", ""score"": 0.14515991508960724}, {""species"": ""Chrysopilus griffithi"", ""common_name"": """", ""score"": 0.09541488438844681}, {""species"": ""Chrysopilus mackerrasi"", ""common_name"": """", ""score"": 0.08484432846307755}, {""species"": ""Chrysopilus balbii"", ""common_name"": """", ""score"": 0.08100968599319458}, {""species"": ""Rhagio maculipennis"", ""common_name"": """", ""score"": 0.03167451545596123}]"
obs_220102252_photo_389649357_box1.jpg,/rs1/researchers/a/amallav/results/outputs_crop/obs_220102252_photo_389649357_box1.jpg,obs_220102252_photo_389649357,obs_220102252_photo_389649357,1,1,Chrysopilus balbii,Furia ithacensis,FALSE,Species is small part of the box. Fungus,,Animalia,Fungi,Arthropoda,Entomophthoromycota,Insecta,Entomophthoromycetes,Diptera,Entomophthorales,Rhagionidae,Entomophthoraceae,Chrysopilus,Furia,0.081009686,4,"[{""species"": ""Rhagio orestes"", ""common_name"": """", ""score"": 0.14515991508960724}, {""species"": ""Chrysopilus griffithi"", ""common_name"": """", ""score"": 0.09541488438844681}, {""species"": ""Chrysopilus mackerrasi"", ""common_name"": """", ""score"": 0.08484432846307755}, {""species"": ""Chrysopilus balbii"", ""common_name"": """", ""score"": 0.08100968599319458}, {""species"": ""Rhagio maculipennis"", ""common_name"": """", ""score"": 0.03167451545596123}]"
obs_220102252_photo_389649357_box1.jpg,/rs1/researchers/a/amallav/results/outputs_crop/obs_220102252_photo_389649357_box1.jpg,obs_220102252_photo_389649357,obs_220102252_photo_389649357,1,1,Rhagio maculipennis,Furia ithacensis,FALSE,Species is small part of the box. Fungus,,Animalia,Fungi,Arthropoda,Entomophthoromycota,Insecta,Entomophthoromycetes,Diptera,Entomophthorales,Rhagionidae,Entomophthoraceae,Rhagio,Furia,0.031674515,5,"[{""species"": ""Rhagio orestes"", ""common_name"": """", ""score"": 0.14515991508960724}, {""species"": ""Chrysopilus griffithi"", ""common_name"": """", ""score"": 0.09541488438844681}, {""species"": ""Chrysopilus mackerrasi"", ""common_name"": """", ""score"": 0.08484432846307755}, {""species"": ""Chrysopilus balbii"", ""common_name"": """", ""score"": 0.08100968599319458}, {""species"": ""Rhagio maculipennis"", ""common_name"": """", ""score"": 0.03167451545596123}]"
obs_220102252_photo_389649357_box2.jpg,/rs1/researchers/a/amallav/results/outputs_crop/obs_220102252_photo_389649357_box2.jpg,obs_220102252_photo_389649357,obs_220102252_photo_389649357,2,2,Rhagio orestes,Furia ithacensis,FALSE,Species is small part of the box. Fungus,,Animalia,Fungi,Arthropoda,Entomophthoromycota,Insecta,Entomophthoromycetes,Diptera,Entomophthorales,Rhagionidae,Entomophthoraceae,Rhagio,Furia,0.157192573,1,"[{""species"": ""Rhagio orestes"", ""common_name"": """", ""score"": 0.15719257295131683}, {""species"": ""Chrysopilus griffithi"", ""common_name"": """", ""score"": 0.0889635905623436}, {""species"": ""Chrysopilus mackerrasi"", ""common_name"": """", ""score"": 0.056109920144081116}, {""species"": ""Chrysopilus balbii"", ""common_name"": """", ""score"": 0.03892704099416733}, {""species"": ""Rhagio floridensis"", ""common_name"": """", ""score"": 0.03582353517413139}]"
obs_220102252_photo_389649357_box2.jpg,/rs1/researchers/a/amallav/results/outputs_crop/obs_220102252_photo_389649357_box2.jpg,obs_220102252_photo_389649357,obs_220102252_photo_389649357,2,2,Chrysopilus griffithi,Furia ithacensis,FALSE,Species is small part of the box. Fungus,,Animalia,Fungi,Arthropoda,Entomophthoromycota,Insecta,Entomophthoromycetes,Diptera,Entomophthorales,Rhagionidae,Entomophthoraceae,Chrysopilus,Furia,0.088963591,2,"[{""species"": ""Rhagio orestes"", ""common_name"": """", ""score"": 0.15719257295131683}, {""species"": ""Chrysopilus griffithi"", ""common_name"": """", ""score"": 0.0889635905623436}, {""species"": ""Chrysopilus mackerrasi"", ""common_name"": """", ""score"": 0.056109920144081116}, {""species"": ""Chrysopilus balbii"", ""common_name"": """", ""score"": 0.03892704099416733}, {""species"": ""Rhagio floridensis"", ""common_name"": """", ""score"": 0.03582353517413139}]"
obs_220102252_photo_389649357_box2.jpg,/rs1/researchers/a/amallav/results/outputs_crop/obs_220102252_photo_389649357_box2.jpg,obs_220102252_photo_389649357,obs_220102252_photo_389649357,2,2,Chrysopilus mackerrasi,Furia ithacensis,FALSE,Species is small part of the box. Fungus,,Animalia,Fungi,Arthropoda,Entomophthoromycota,Insecta,Entomophthoromycetes,Diptera,Entomophthorales,Rhagionidae,Entomophthoraceae,Chrysopilus,Furia,0.05610992,3,"[{""species"": ""Rhagio orestes"", ""common_name"": """", ""score"": 0.15719257295131683}, {""species"": ""Chrysopilus griffithi"", ""common_name"": """", ""score"": 0.0889635905623436}, {""species"": ""Chrysopilus mackerrasi"", ""common_name"": """", ""score"": 0.056109920144081116}, {""species"": ""Chrysopilus balbii"", ""common_name"": """", ""score"": 0.03892704099416733}, {""species"": ""Rhagio floridensis"", ""common_name"": """", ""score"": 0.03582353517413139}]"
obs_220102252_photo_389649357_box2.jpg,/rs1/researchers/a/amallav/results/outputs_crop/obs_220102252_photo_389649357_box2.jpg,obs_220102252_photo_389649357,obs_220102252_photo_389649357,2,2,Chrysopilus balbii,Furia ithacensis,FALSE,Species is small part of the box. Fungus,,Animalia,Fungi,Arthropoda,Entomophthoromycota,Insecta,Entomophthoromycetes,Diptera,Entomophthorales,Rhagionidae,Entomophthoraceae,Chrysopilus,Furia,0.038927041,4,"[{""species"": ""Rhagio orestes"", ""common_name"": """", ""score"": 0.15719257295131683}, {""species"": ""Chrysopilus griffithi"", ""common_name"": """", ""score"": 0.0889635905623436}, {""species"": ""Chrysopilus mackerrasi"", ""common_name"": """", ""score"": 0.056109920144081116}, {""species"": ""Chrysopilus balbii"", ""common_name"": """", ""score"": 0.03892704099416733}, {""species"": ""Rhagio floridensis"", ""common_name"": """", ""score"": 0.03582353517413139}]"
obs_220102252_photo_389649357_box2.jpg,/rs1/researchers/a/amallav/results/outputs_crop/obs_220102252_photo_389649357_box2.jpg,obs_220102252_photo_389649357,obs_220102252_photo_389649357,2,2,Rhagio floridensis,Furia ithacensis,FALSE,Species is small part of the box. Fungus,,Animalia,Fungi,Arthropoda,Entomophthoromycota,Insecta,Entomophthoromycetes,Diptera,Entomophthorales,Rhagionidae,Entomophthoraceae,Rhagio,Furia,0.035823535,5,"[{""species"": ""Rhagio orestes"", ""common_name"": """", ""score"": 0.15719257295131683}, {""species"": ""Chrysopilus griffithi"", ""common_name"": """", ""score"": 0.0889635905623436}, {""species"": ""Chrysopilus mackerrasi"", ""common_name"": """", ""score"": 0.056109920144081116}, {""species"": ""Chrysopilus balbii"", ""common_name"": """", ""score"": 0.03892704099416733}, {""species"": ""Rhagio floridensis"", ""common_name"": """", ""score"": 0.03582353517413139}]"
obs_220822650_photo_391000325_box1.jpg,/rs1/researchers/a/amallav/results/outputs_crop/obs_220822650_photo_391000325_box1.jpg,obs_220822650_photo_391000325,obs_220822650_photo_391000325,1,1,Apostichopus californicus,Cucumaria miniata,FALSE,Species features not very clear,California sea cucumber,Animalia,Animalia,Echinodermata,Echinodermata,Holothuroidea,Holothuroidea,Synallactida,Dendrochirotida,Stichopodidae,Cucumariidae,Apostichopus,Cucumaria,0.088994086,1,"[{""species"": ""Apostichopus californicus"", ""common_name"": ""California sea cucumber"", ""score"": 0.0889940857887268}, {""species"": ""Pycnopodia helianthoides"", ""common_name"": ""Rag mop"", ""score"": 0.06877349317073822}, {""species"": ""Dermasterias imbricata"", ""common_name"": """", ""score"": 0.04916670173406601}, {""species"": ""Apostichopus parvimensis"", ""common_name"": ""Warty sea cucumber"", ""score"": 0.04352407529950142}, {""species"": ""Cryptochiton stelleri"", ""common_name"": ""Giant pacific chiton"", ""score"": 0.04122946411371231}]"
obs_220822650_photo_391000325_box1.jpg,/rs1/researchers/a/amallav/results/outputs_crop/obs_220822650_photo_391000325_box1.jpg,obs_220822650_photo_391000325,obs_220822650_photo_391000325,1,1,Pycnopodia helianthoides,Cucumaria miniata,FALSE,Species features not very clear,Rag mop,Animalia,Animalia,Echinodermata,Echinodermata,Asteroidea,Holothuroidea,Forcipulatida,Dendrochirotida,Asteriidae,Cucumariidae,Pycnopodia,Cucumaria,0.068773493,2,"[{""species"": ""Apostichopus californicus"", ""common_name"": ""California sea cucumber"", ""score"": 0.0889940857887268}, {""species"": ""Pycnopodia helianthoides"", ""common_name"": ""Rag mop"", ""score"": 0.06877349317073822}, {""species"": ""Dermasterias imbricata"", ""common_name"": """", ""score"": 0.04916670173406601}, {""species"": ""Apostichopus parvimensis"", ""common_name"": ""Warty sea cucumber"", ""score"": 0.04352407529950142}, {""species"": ""Cryptochiton stelleri"", ""common_name"": ""Giant pacific chiton"", ""score"": 0.04122946411371231}]"
obs_220822650_photo_391000325_box1.jpg,/rs1/researchers/a/amallav/results/outputs_crop/obs_220822650_photo_391000325_box1.jpg,obs_220822650_photo_391000325,obs_220822650_photo_391000325,1,1,Dermasterias imbricata,Cucumaria miniata,FALSE,Species features not very clear,,Animalia,Animalia,Echinodermata,Echinodermata,Asteroidea,Holothuroidea,Valvatida,Dendrochirotida,Asteropseidae,Cucumariidae,Dermasterias,Cucumaria,0.049166702,3,"[{""species"": ""Apostichopus californicus"", ""common_name"": ""California sea cucumber"", ""score"": 0.0889940857887268}, {""species"": ""Pycnopodia helianthoides"", ""common_name"": ""Rag mop"", ""score"": 0.06877349317073822}, {""species"": ""Dermasterias imbricata"", ""common_name"": """", ""score"": 0.04916670173406601}, {""species"": ""Apostichopus parvimensis"", ""common_name"": ""Warty sea cucumber"", ""score"": 0.04352407529950142}, {""species"": ""Cryptochiton stelleri"", ""common_name"": ""Giant pacific chiton"", ""score"": 0.04122946411371231}]"
obs_220822650_photo_391000325_box1.jpg,/rs1/researchers/a/amallav/results/outputs_crop/obs_220822650_photo_391000325_box1.jpg,obs_220822650_photo_391000325,obs_220822650_photo_391000325,1,1,Apostichopus parvimensis,Cucumaria miniata,FALSE,Species features not very clear,Warty sea cucumber,Animalia,Animalia,Echinodermata,Echinodermata,Holothuroidea,Holothuroidea,Synallactida,Dendrochirotida,Stichopodidae,Cucumariidae,Apostichopus,Cucumaria,0.043524075,4,"[{""species"": ""Apostichopus californicus"", ""common_name"": ""California sea cucumber"", ""score"": 0.0889940857887268}, {""species"": ""Pycnopodia helianthoides"", ""common_name"": ""Rag mop"", ""score"": 0.06877349317073822}, {""species"": ""Dermasterias imbricata"", ""common_name"": """", ""score"": 0.04916670173406601}, {""species"": ""Apostichopus parvimensis"", ""common_name"": ""Warty sea cucumber"", ""score"": 0.04352407529950142}, {""species"": ""Cryptochiton stelleri"", ""common_name"": ""Giant pacific chiton"", ""score"": 0.04122946411371231}]"
obs_220822650_photo_391000325_box1.jpg,/rs1/researchers/a/amallav/results/outputs_crop/obs_220822650_photo_391000325_box1.jpg,obs_220822650_photo_391000325,obs_220822650_photo_391000325,1,1,Cryptochiton stelleri,Cucumaria miniata,FALSE,Species features not very clear,Giant pacific chiton,Animalia,Animalia,Mollusca,Echinodermata,Polyplacophora,Holothuroidea,Chitonida,Dendrochirotida,Acanthochitonidae,Cucumariidae,Cryptochiton,Cucumaria,0.041229464,5,"[{""species"": ""Apostichopus californicus"", ""common_name"": ""California sea cucumber"", ""score"": 0.0889940857887268}, {""species"": ""Pycnopodia helianthoides"", ""common_name"": ""Rag mop"", ""score"": 0.06877349317073822}, {""species"": ""Dermasterias imbricata"", ""common_name"": """", ""score"": 0.04916670173406601}, {""species"": ""Apostichopus parvimensis"", ""common_name"": ""Warty sea cucumber"", ""score"": 0.04352407529950142}, {""species"": ""Cryptochiton stelleri"", ""common_name"": ""Giant pacific chiton"", ""score"": 0.04122946411371231}]"
obs_220822650_photo_391000325_box2.jpg,/rs1/researchers/a/amallav/results/outputs_crop/obs_220822650_photo_391000325_box2.jpg,obs_220822650_photo_391000325,obs_220822650_photo_391000325,2,2,Titanostrombus goliath,Cucumaria miniata,FALSE,Species features not very clear,,Animalia,Animalia,Mollusca,Echinodermata,Gastropoda,Holothuroidea,Littorinimorpha,Dendrochirotida,Strombidae,Cucumariidae,Titanostrombus,Cucumaria,0.077226758,1,"[{""species"": ""Titanostrombus goliath"", ""common_name"": """", ""score"": 0.07722675800323486}, {""species"": ""Titanostrombus galeatus"", ""common_name"": """", ""score"": 0.07025088369846344}, {""species"": ""Triplofusus princeps"", ""common_name"": """", ""score"": 0.061615653336048126}, {""species"": ""Macrostrombus brachior"", ""common_name"": """", ""score"": 0.037082087248563766}, {""species"": ""Apostichopus californicus"", ""common_name"": ""California sea cucumber"", ""score"": 0.027146397158503532}]"
obs_220822650_photo_391000325_box2.jpg,/rs1/researchers/a/amallav/results/outputs_crop/obs_220822650_photo_391000325_box2.jpg,obs_220822650_photo_391000325,obs_220822650_photo_391000325,2,2,Titanostrombus galeatus,Cucumaria miniata,FALSE,Species features not very clear,,Animalia,Animalia,Mollusca,Echinodermata,Gastropoda,Holothuroidea,Littorinimorpha,Dendrochirotida,Strombidae,Cucumariidae,Titanostrombus,Cucumaria,0.070250884,2,"[{""species"": ""Titanostrombus goliath"", ""common_name"": """", ""score"": 0.07722675800323486}, {""species"": ""Titanostrombus galeatus"", ""common_name"": """", ""score"": 0.07025088369846344}, {""species"": ""Triplofusus princeps"", ""common_name"": """", ""score"": 0.061615653336048126}, {""species"": ""Macrostrombus brachior"", ""common_name"": """", ""score"": 0.037082087248563766}, {""species"": ""Apostichopus californicus"", ""common_name"": ""California sea cucumber"", ""score"": 0.027146397158503532}]"
obs_220822650_photo_391000325_box2.jpg,/rs1/researchers/a/amallav/results/outputs_crop/obs_220822650_photo_391000325_box2.jpg,obs_220822650_photo_391000325,obs_220822650_photo_391000325,2,2,Triplofusus princeps,Cucumaria miniata,FALSE,Species features not very clear,,Animalia,Animalia,Mollusca,Echinodermata,Gastropoda,Holothuroidea,Neogastropoda,Dendrochirotida,Fasciolariidae,Cucumariidae,Triplofusus,Cucumaria,0.061615653,3,"[{""species"": ""Titanostrombus goliath"", ""common_name"": """", ""score"": 0.07722675800323486}, {""species"": ""Titanostrombus galeatus"", ""common_name"": """", ""score"": 0.07025088369846344}, {""species"": ""Triplofusus princeps"", ""common_name"": """", ""score"": 0.061615653336048126}, {""species"": ""Macrostrombus brachior"", ""common_name"": """", ""score"": 0.037082087248563766}, {""species"": ""Apostichopus californicus"", ""common_name"": ""California sea cucumber"", ""score"": 0.027146397158503532}]"
obs_220822650_photo_391000325_box2.jpg,/rs1/researchers/a/amallav/results/outputs_crop/obs_220822650_photo_391000325_box2.jpg,obs_220822650_photo_391000325,obs_220822650_photo_391000325,2,2,Macrostrombus brachior,Cucumaria miniata,FALSE,Species features not very clear,,Animalia,Animalia,Mollusca,Echinodermata,Gastropoda,Holothuroidea,Littorinimorpha,Dendrochirotida,Strombidae,Cucumariidae,Macrostrombus,Cucumaria,0.037082087,4,"[{""species"": ""Titanostrombus goliath"", ""common_name"": """", ""score"": 0.07722675800323486}, {""species"": ""Titanostrombus galeatus"", ""common_name"": """", ""score"": 0.07025088369846344}, {""species"": ""Triplofusus princeps"", ""common_name"": """", ""score"": 0.061615653336048126}, {""species"": ""Macrostrombus brachior"", ""common_name"": """", ""score"": 0.037082087248563766}, {""species"": ""Apostichopus californicus"", ""common_name"": ""California sea cucumber"", ""score"": 0.027146397158503532}]"
obs_220822650_photo_391000325_box2.jpg,/rs1/researchers/a/amallav/results/outputs_crop/obs_220822650_photo_391000325_box2.jpg,obs_220822650_photo_391000325,obs_220822650_photo_391000325,2,2,Apostichopus californicus,Cucumaria miniata,FALSE,Species features not very clear,California sea cucumber,Animalia,Animalia,Echinodermata,Echinodermata,Holothuroidea,Holothuroidea,Synallactida,Dendrochirotida,Stichopodidae,Cucumariidae,Apostichopus,Cucumaria,0.027146397,5,"[{""species"": ""Titanostrombus goliath"", ""common_name"": """", ""score"": 0.07722675800323486}, {""species"": ""Titanostrombus galeatus"", ""common_name"": """", ""score"": 0.07025088369846344}, {""species"": ""Triplofusus princeps"", ""common_name"": """", ""score"": 0.061615653336048126}, {""species"": ""Macrostrombus brachior"", ""common_name"": """", ""score"": 0.037082087248563766}, {""species"": ""Apostichopus californicus"", ""common_name"": ""California sea cucumber"", ""score"": 0.027146397158503532}]"
obs_250956763_photo_448935283_box1.jpg,/rs1/researchers/a/amallav/results/outputs_crop/obs_250956763_photo_448935283_box1.jpg,obs_250956763_photo_448935283,obs_250956763_photo_448935283,1,1,Ecteinascidia sluiteri,Prostheceraeus crozieri,FALSE,Species is small part of the box,,Animalia,Animalia,Chordata,Platyhelminthes,Ascidiacea,0,Phlebobranchia,Polycladida,Perophoridae,Euryleptidae,Ecteinascidia,Prostheceraeus,0.07341674,1,"[{""species"": ""Ecteinascidia sluiteri"", ""common_name"": """", ""score"": 0.07341673970222473}, {""species"": ""Clavelina moluccensis"", ""common_name"": ""Ascidian"", ""score"": 0.06290455162525177}, {""species"": ""Ecteinascidia turbinata"", ""common_name"": ""Mangrove tunicate"", ""score"": 0.05032014101743698}, {""species"": ""Euclavella claviformis"", ""common_name"": """", ""score"": 0.04333500564098358}, {""species"": ""Perophora japonica"", ""common_name"": ""Colonial sea squirt"", ""score"": 0.03841378539800644}]"
obs_250956763_photo_448935283_box1.jpg,/rs1/researchers/a/amallav/results/outputs_crop/obs_250956763_photo_448935283_box1.jpg,obs_250956763_photo_448935283,obs_250956763_photo_448935283,1,1,Clavelina moluccensis,Prostheceraeus crozieri,FALSE,Species is small part of the box,Ascidian,Animalia,Animalia,Chordata,Platyhelminthes,Ascidiacea,0,Aplousobranchia,Polycladida,Clavelinidae,Euryleptidae,Clavelina,Prostheceraeus,0.062904552,2,"[{""species"": ""Ecteinascidia sluiteri"", ""common_name"": """", ""score"": 0.07341673970222473}, {""species"": ""Clavelina moluccensis"", ""common_name"": ""Ascidian"", ""score"": 0.06290455162525177}, {""species"": ""Ecteinascidia turbinata"", ""common_name"": ""Mangrove tunicate"", ""score"": 0.05032014101743698}, {""species"": ""Euclavella claviformis"", ""common_name"": """", ""score"": 0.04333500564098358}, {""species"": ""Perophora japonica"", ""common_name"": ""Colonial sea squirt"", ""score"": 0.03841378539800644}]"
obs_250956763_photo_448935283_box1.jpg,/rs1/researchers/a/amallav/results/outputs_crop/obs_250956763_photo_448935283_box1.jpg,obs_250956763_photo_448935283,obs_250956763_photo_448935283,1,1,Ecteinascidia turbinata,Prostheceraeus crozieri,FALSE,Species is small part of the box,Mangrove tunicate,Animalia,Animalia,Chordata,Platyhelminthes,Ascidiacea,0,Phlebobranchia,Polycladida,Perophoridae,Euryleptidae,Ecteinascidia,Prostheceraeus,0.050320141,3,"[{""species"": ""Ecteinascidia sluiteri"", ""common_name"": """", ""score"": 0.07341673970222473}, {""species"": ""Clavelina moluccensis"", ""common_name"": ""Ascidian"", ""score"": 0.06290455162525177}, {""species"": ""Ecteinascidia turbinata"", ""common_name"": ""Mangrove tunicate"", ""score"": 0.05032014101743698}, {""species"": ""Euclavella claviformis"", ""common_name"": """", ""score"": 0.04333500564098358}, {""species"": ""Perophora japonica"", ""common_name"": ""Colonial sea squirt"", ""score"": 0.03841378539800644}]"
obs_250956763_photo_448935283_box1.jpg,/rs1/researchers/a/amallav/results/outputs_crop/obs_250956763_photo_448935283_box1.jpg,obs_250956763_photo_448935283,obs_250956763_photo_448935283,1,1,Euclavella claviformis,Prostheceraeus crozieri,FALSE,Species is small part of the box,,Animalia,Animalia,Chordata,Platyhelminthes,Ascidiacea,0,Aplousobranchia,Polycladida,Clavelinidae,Euryleptidae,Euclavella,Prostheceraeus,0.043335006,4,"[{""species"": ""Ecteinascidia sluiteri"", ""common_name"": """", ""score"": 0.07341673970222473}, {""species"": ""Clavelina moluccensis"", ""common_name"": ""Ascidian"", ""score"": 0.06290455162525177}, {""species"": ""Ecteinascidia turbinata"", ""common_name"": ""Mangrove tunicate"", ""score"": 0.05032014101743698}, {""species"": ""Euclavella claviformis"", ""common_name"": """", ""score"": 0.04333500564098358}, {""species"": ""Perophora japonica"", ""common_name"": ""Colonial sea squirt"", ""score"": 0.03841378539800644}]"
obs_250956763_photo_448935283_box1.jpg,/rs1/researchers/a/amallav/results/outputs_crop/obs_250956763_photo_448935283_box1.jpg,obs_250956763_photo_448935283,obs_250956763_photo_448935283,1,1,Perophora japonica,Prostheceraeus crozieri,FALSE,Species is small part of the box,Colonial sea squirt,Animalia,Animalia,Chordata,Platyhelminthes,Ascidiacea,0,Phlebobranchia,Polycladida,Perophoridae,Euryleptidae,Perophora,Prostheceraeus,0.038413785,5,"[{""species"": ""Ecteinascidia sluiteri"", ""common_name"": """", ""score"": 0.07341673970222473}, {""species"": ""Clavelina moluccensis"", ""common_name"": ""Ascidian"", ""score"": 0.06290455162525177}, {""species"": ""Ecteinascidia turbinata"", ""common_name"": ""Mangrove tunicate"", ""score"": 0.05032014101743698}, {""species"": ""Euclavella claviformis"", ""common_name"": """", ""score"": 0.04333500564098358}, {""species"": ""Perophora japonica"", ""common_name"": ""Colonial sea squirt"", ""score"": 0.03841378539800644}]"
obs_250956763_photo_448935283_box2.jpg,/rs1/researchers/a/amallav/results/outputs_crop/obs_250956763_photo_448935283_box2.jpg,obs_250956763_photo_448935283,obs_250956763_photo_448935283,2,2,Euclavella claviformis,Prostheceraeus crozieri,FALSE,Species is small part of the box,,Animalia,Animalia,Chordata,Platyhelminthes,Ascidiacea,0,Aplousobranchia,Polycladida,Clavelinidae,Euryleptidae,Euclavella,Prostheceraeus,0.075881831,1,"[{""species"": ""Euclavella claviformis"", ""common_name"": """", ""score"": 0.07588183134794235}, {""species"": ""Ecteinascidia sluiteri"", ""common_name"": """", ""score"": 0.07225409150123596}, {""species"": ""Stolonica australis"", ""common_name"": ""Ascidian"", ""score"": 0.06560715287923813}, {""species"": ""Clavelina moluccensis"", ""common_name"": ""Ascidian"", ""score"": 0.04685227572917938}, {""species"": ""Aplidium turbinatum"", ""common_name"": ""kranssjöpung"", ""score"": 0.04519924148917198}]"
obs_250956763_photo_448935283_box2.jpg,/rs1/researchers/a/amallav/results/outputs_crop/obs_250956763_photo_448935283_box2.jpg,obs_250956763_photo_448935283,obs_250956763_photo_448935283,2,2,Ecteinascidia sluiteri,Prostheceraeus crozieri,FALSE,Species is small part of the box,,Animalia,Animalia,Chordata,Platyhelminthes,Ascidiacea,0,Phlebobranchia,Polycladida,Perophoridae,Euryleptidae,Ecteinascidia,Prostheceraeus,0.072254092,2,"[{""species"": ""Euclavella claviformis"", ""common_name"": """", ""score"": 0.07588183134794235}, {""species"": ""Ecteinascidia sluiteri"", ""common_name"": """", ""score"": 0.07225409150123596}, {""species"": ""Stolonica australis"", ""common_name"": ""Ascidian"", ""score"": 0.06560715287923813}, {""species"": ""Clavelina moluccensis"", ""common_name"": ""Ascidian"", ""score"": 0.04685227572917938}, {""species"": ""Aplidium turbinatum"", ""common_name"": ""kranssjöpung"", ""score"": 0.04519924148917198}]"
obs_250956763_photo_448935283_box2.jpg,/rs1/researchers/a/amallav/results/outputs_crop/obs_250956763_photo_448935283_box2.jpg,obs_250956763_photo_448935283,obs_250956763_photo_448935283,2,2,Stolonica australis,Prostheceraeus crozieri,FALSE,Species is small part of the box,Ascidian,Animalia,Animalia,Chordata,Platyhelminthes,Ascidiacea,0,Stolidobranchia,Polycladida,Styelidae,Euryleptidae,Stolonica,Prostheceraeus,0.065607153,3,"[{""species"": ""Euclavella claviformis"", ""common_name"": """", ""score"": 0.07588183134794235}, {""species"": ""Ecteinascidia sluiteri"", ""common_name"": """", ""score"": 0.07225409150123596}, {""species"": ""Stolonica australis"", ""common_name"": ""Ascidian"", ""score"": 0.06560715287923813}, {""species"": ""Clavelina moluccensis"", ""common_name"": ""Ascidian"", ""score"": 0.04685227572917938}, {""species"": ""Aplidium turbinatum"", ""common_name"": ""kranssjöpung"", ""score"": 0.04519924148917198}]"
obs_250956763_photo_448935283_box2.jpg,/rs1/researchers/a/amallav/results/outputs_crop/obs_250956763_photo_448935283_box2.jpg,obs_250956763_photo_448935283,obs_250956763_photo_448935283,2,2,Clavelina moluccensis,Prostheceraeus crozieri,FALSE,Species is small part of the box,Ascidian,Animalia,Animalia,Chordata,Platyhelminthes,Ascidiacea,0,Aplousobranchia,Polycladida,Clavelinidae,Euryleptidae,Clavelina,Prostheceraeus,0.046852276,4,"[{""species"": ""Euclavella claviformis"", ""common_name"": """", ""score"": 0.07588183134794235}, {""species"": ""Ecteinascidia sluiteri"", ""common_name"": """", ""score"": 0.07225409150123596}, {""species"": ""Stolonica australis"", ""common_name"": ""Ascidian"", ""score"": 0.06560715287923813}, {""species"": ""Clavelina moluccensis"", ""common_name"": ""Ascidian"", ""score"": 0.04685227572917938}, {""species"": ""Aplidium turbinatum"", ""common_name"": ""kranssjöpung"", ""score"": 0.04519924148917198}]"
obs_250956763_photo_448935283_box2.jpg,/rs1/researchers/a/amallav/results/outputs_crop/obs_250956763_photo_448935283_box2.jpg,obs_250956763_photo_448935283,obs_250956763_photo_448935283,2,2,Aplidium turbinatum,Prostheceraeus crozieri,FALSE,Species is small part of the box,kranssjöpung,Animalia,Animalia,Chordata,Platyhelminthes,Ascidiacea,0,Aplousobranchia,Polycladida,Polyclinidae,Euryleptidae,Aplidium,Prostheceraeus,0.045199241,5,"[{""species"": ""Euclavella claviformis"", ""common_name"": """", ""score"": 0.07588183134794235}, {""species"": ""Ecteinascidia sluiteri"", ""common_name"": """", ""score"": 0.07225409150123596}, {""species"": ""Stolonica australis"", ""common_name"": ""Ascidian"", ""score"": 0.06560715287923813}, {""species"": ""Clavelina moluccensis"", ""common_name"": ""Ascidian"", ""score"": 0.04685227572917938}, {""species"": ""Aplidium turbinatum"", ""common_name"": ""kranssjöpung"", ""score"": 0.04519924148917198}]"
obs_250956763_photo_448935283_box3.jpg,/rs1/researchers/a/amallav/results/outputs_crop/obs_250956763_photo_448935283_box3.jpg,obs_250956763_photo_448935283,obs_250956763_photo_448935283,3,3,Euclavella claviformis,Prostheceraeus crozieri,FALSE,Species is small part of the box,,Animalia,Animalia,Chordata,Platyhelminthes,Ascidiacea,0,Aplousobranchia,Polycladida,Clavelinidae,Euryleptidae,Euclavella,Prostheceraeus,0.077463314,1,"[{""species"": ""Euclavella claviformis"", ""common_name"": """", ""score"": 0.0774633139371872}, {""species"": ""Ecteinascidia sluiteri"", ""common_name"": """", ""score"": 0.07282892614603043}, {""species"": ""Limacia jellyi"", ""common_name"": """", ""score"": 0.0451529361307621}, {""species"": ""Stolonica australis"", ""common_name"": ""Ascidian"", ""score"": 0.0449693538248539}, {""species"": ""Clavelina moluccensis"", ""common_name"": ""Ascidian"", ""score"": 0.04298903048038483}]"
obs_250956763_photo_448935283_box3.jpg,/rs1/researchers/a/amallav/results/outputs_crop/obs_250956763_photo_448935283_box3.jpg,obs_250956763_photo_448935283,obs_250956763_photo_448935283,3,3,Ecteinascidia sluiteri,Prostheceraeus crozieri,FALSE,Species is small part of the box,,Animalia,Animalia,Chordata,Platyhelminthes,Ascidiacea,0,Phlebobranchia,Polycladida,Perophoridae,Euryleptidae,Ecteinascidia,Prostheceraeus,0.072828926,2,"[{""species"": ""Euclavella claviformis"", ""common_name"": """", ""score"": 0.0774633139371872}, {""species"": ""Ecteinascidia sluiteri"", ""common_name"": """", ""score"": 0.07282892614603043}, {""species"": ""Limacia jellyi"", ""common_name"": """", ""score"": 0.0451529361307621}, {""species"": ""Stolonica australis"", ""common_name"": ""Ascidian"", ""score"": 0.0449693538248539}, {""species"": ""Clavelina moluccensis"", ""common_name"": ""Ascidian"", ""score"": 0.04298903048038483}]"
obs_250956763_photo_448935283_box3.jpg,/rs1/researchers/a/amallav/results/outputs_crop/obs_250956763_photo_448935283_box3.jpg,obs_250956763_photo_448935283,obs_250956763_photo_448935283,3,3,Limacia jellyi,Prostheceraeus crozieri,FALSE,Species is small part of the box,,Animalia,Animalia,Mollusca,Platyhelminthes,Gastropoda,0,Nudibranchia,Polycladida,Polyceridae,Euryleptidae,Limacia,Prostheceraeus,0.045152936,3,"[{""species"": ""Euclavella claviformis"", ""common_name"": """", ""score"": 0.0774633139371872}, {""species"": ""Ecteinascidia sluiteri"", ""common_name"": """", ""score"": 0.07282892614603043}, {""species"": ""Limacia jellyi"", ""common_name"": """", ""score"": 0.0451529361307621}, {""species"": ""Stolonica australis"", ""common_name"": ""Ascidian"", ""score"": 0.0449693538248539}, {""species"": ""Clavelina moluccensis"", ""common_name"": ""Ascidian"", ""score"": 0.04298903048038483}]"
obs_250956763_photo_448935283_box3.jpg,/rs1/researchers/a/amallav/results/outputs_crop/obs_250956763_photo_448935283_box3.jpg,obs_250956763_photo_448935283,obs_250956763_photo_448935283,3,3,Stolonica australis,Prostheceraeus crozieri,FALSE,Species is small part of the box,Ascidian,Animalia,Animalia,Chordata,Platyhelminthes,Ascidiacea,0,Stolidobranchia,Polycladida,Styelidae,Euryleptidae,Stolonica,Prostheceraeus,0.044969354,4,"[{""species"": ""Euclavella claviformis"", ""common_name"": """", ""score"": 0.0774633139371872}, {""species"": ""Ecteinascidia sluiteri"", ""common_name"": """", ""score"": 0.07282892614603043}, {""species"": ""Limacia jellyi"", ""common_name"": """", ""score"": 0.0451529361307621}, {""species"": ""Stolonica australis"", ""common_name"": ""Ascidian"", ""score"": 0.0449693538248539}, {""species"": ""Clavelina moluccensis"", ""common_name"": ""Ascidian"", ""score"": 0.04298903048038483}]"
obs_250956763_photo_448935283_box3.jpg,/rs1/researchers/a/amallav/results/outputs_crop/obs_250956763_photo_448935283_box3.jpg,obs_250956763_photo_448935283,obs_250956763_photo_448935283,3,3,Clavelina moluccensis,Prostheceraeus crozieri,FALSE,Species is small part of the box,Ascidian,Animalia,Animalia,Chordata,Platyhelminthes,Ascidiacea,0,Aplousobranchia,Polycladida,Clavelinidae,Euryleptidae,Clavelina,Prostheceraeus,0.04298903,5,"[{""species"": ""Euclavella claviformis"", ""common_name"": """", ""score"": 0.0774633139371872}, {""species"": ""Ecteinascidia sluiteri"", ""common_name"": """", ""score"": 0.07282892614603043}, {""species"": ""Limacia jellyi"", ""common_name"": """", ""score"": 0.0451529361307621}, {""species"": ""Stolonica australis"", ""common_name"": ""Ascidian"", ""score"": 0.0449693538248539}, {""species"": ""Clavelina moluccensis"", ""common_name"": ""Ascidian"", ""score"": 0.04298903048038483}]"
obs_250956763_photo_448935283_box4.jpg,/rs1/researchers/a/amallav/results/outputs_crop/obs_250956763_photo_448935283_box4.jpg,obs_250956763_photo_448935283,obs_250956763_photo_448935283,4,4,Euclavella claviformis,Prostheceraeus crozieri,FALSE,Species is small part of the box,,Animalia,Animalia,Chordata,Platyhelminthes,Ascidiacea,0,Aplousobranchia,Polycladida,Clavelinidae,Euryleptidae,Euclavella,Prostheceraeus,0.08287406,1,"[{""species"": ""Euclavella claviformis"", ""common_name"": """", ""score"": 0.08287405967712402}, {""species"": ""Ecteinascidia turbinata"", ""common_name"": ""Mangrove tunicate"", ""score"": 0.0592283271253109}, {""species"": ""Ciona robusta"", ""common_name"": ""Tunicate"", ""score"": 0.05347283184528351}, {""species"": ""Stolonica australis"", ""common_name"": ""Ascidian"", ""score"": 0.0534353069961071}, {""species"": ""Aplidium turbinatum"", ""common_name"": ""kranssjöpung"", ""score"": 0.038093045353889465}]"
obs_250956763_photo_448935283_box4.jpg,/rs1/researchers/a/amallav/results/outputs_crop/obs_250956763_photo_448935283_box4.jpg,obs_250956763_photo_448935283,obs_250956763_photo_448935283,4,4,Ecteinascidia turbinata,Prostheceraeus crozieri,FALSE,Species is small part of the box,Mangrove tunicate,Animalia,Animalia,Chordata,Platyhelminthes,Ascidiacea,0,Phlebobranchia,Polycladida,Perophoridae,Euryleptidae,Ecteinascidia,Prostheceraeus,0.059228327,2,"[{""species"": ""Euclavella claviformis"", ""common_name"": """", ""score"": 0.08287405967712402}, {""species"": ""Ecteinascidia turbinata"", ""common_name"": ""Mangrove tunicate"", ""score"": 0.0592283271253109}, {""species"": ""Ciona robusta"", ""common_name"": ""Tunicate"", ""score"": 0.05347283184528351}, {""species"": ""Stolonica australis"", ""common_name"": ""Ascidian"", ""score"": 0.0534353069961071}, {""species"": ""Aplidium turbinatum"", ""common_name"": ""kranssjöpung"", ""score"": 0.038093045353889465}]"
obs_250956763_photo_448935283_box4.jpg,/rs1/researchers/a/amallav/results/outputs_crop/obs_250956763_photo_448935283_box4.jpg,obs_250956763_photo_448935283,obs_250956763_photo_448935283,4,4,Ciona robusta,Prostheceraeus crozieri,FALSE,Species is small part of the box,Tunicate,Animalia,Animalia,Chordata,Platyhelminthes,Ascidiacea,0,Phlebobranchia,Polycladida,Cionidae,Euryleptidae,Ciona,Prostheceraeus,0.053472832,3,"[{""species"": ""Euclavella claviformis"", ""common_name"": """", ""score"": 0.08287405967712402}, {""species"": ""Ecteinascidia turbinata"", ""common_name"": ""Mangrove tunicate"", ""score"": 0.0592283271253109}, {""species"": ""Ciona robusta"", ""common_name"": ""Tunicate"", ""score"": 0.05347283184528351}, {""species"": ""Stolonica australis"", ""common_name"": ""Ascidian"", ""score"": 0.0534353069961071}, {""species"": ""Aplidium turbinatum"", ""common_name"": ""kranssjöpung"", ""score"": 0.038093045353889465}]"
obs_250956763_photo_448935283_box4.jpg,/rs1/researchers/a/amallav/results/outputs_crop/obs_250956763_photo_448935283_box4.jpg,obs_250956763_photo_448935283,obs_250956763_photo_448935283,4,4,Stolonica australis,Prostheceraeus crozieri,FALSE,Species is small part of the box,Ascidian,Animalia,Animalia,Chordata,Platyhelminthes,Ascidiacea,0,Stolidobranchia,Polycladida,Styelidae,Euryleptidae,Stolonica,Prostheceraeus,0.053435307,4,"[{""species"": ""Euclavella claviformis"", ""common_name"": """", ""score"": 0.08287405967712402}, {""species"": ""Ecteinascidia turbinata"", ""common_name"": ""Mangrove tunicate"", ""score"": 0.0592283271253109}, {""species"": ""Ciona robusta"", ""common_name"": ""Tunicate"", ""score"": 0.05347283184528351}, {""species"": ""Stolonica australis"", ""common_name"": ""Ascidian"", ""score"": 0.0534353069961071}, {""species"": ""Aplidium turbinatum"", ""common_name"": ""kranssjöpung"", ""score"": 0.038093045353889465}]"
obs_250956763_photo_448935283_box4.jpg,/rs1/researchers/a/amallav/results/outputs_crop/obs_250956763_photo_448935283_box4.jpg,obs_250956763_photo_448935283,obs_250956763_photo_448935283,4,4,Aplidium turbinatum,Prostheceraeus crozieri,FALSE,Species is small part of the box,kranssjöpung,Animalia,Animalia,Chordata,Platyhelminthes,Ascidiacea,0,Aplousobranchia,Polycladida,Polyclinidae,Euryleptidae,Aplidium,Prostheceraeus,0.038093045,5,"[{""species"": ""Euclavella claviformis"", ""common_name"": """", ""score"": 0.08287405967712402}, {""species"": ""Ecteinascidia turbinata"", ""common_name"": ""Mangrove tunicate"", ""score"": 0.0592283271253109}, {""species"": ""Ciona robusta"", ""common_name"": ""Tunicate"", ""score"": 0.05347283184528351}, {""species"": ""Stolonica australis"", ""common_name"": ""Ascidian"", ""score"": 0.0534353069961071}, {""species"": ""Aplidium turbinatum"", ""common_name"": ""kranssjöpung"", ""score"": 0.038093045353889465}]"
obs_250956763_photo_448935283_box5.jpg,/rs1/researchers/a/amallav/results/outputs_crop/obs_250956763_photo_448935283_box5.jpg,obs_250956763_photo_448935283,obs_250956763_photo_448935283,5,5,Euclavella claviformis,Prostheceraeus crozieri,FALSE,Species is small part of the box,,Animalia,Animalia,Chordata,Platyhelminthes,Ascidiacea,0,Aplousobranchia,Polycladida,Clavelinidae,Euryleptidae,Euclavella,Prostheceraeus,0.087926663,1,"[{""species"": ""Euclavella claviformis"", ""common_name"": """", ""score"": 0.08792666345834732}, {""species"": ""Stolonica australis"", ""common_name"": ""Ascidian"", ""score"": 0.07501968741416931}, {""species"": ""Aplidium turbinatum"", ""common_name"": ""kranssjöpung"", ""score"": 0.05367391183972359}, {""species"": ""Clavelina moluccensis"", ""common_name"": ""Ascidian"", ""score"": 0.052071377635002136}, {""species"": ""Ciona robusta"", ""common_name"": ""Tunicate"", ""score"": 0.035616226494312286}]"
obs_250956763_photo_448935283_box5.jpg,/rs1/researchers/a/amallav/results/outputs_crop/obs_250956763_photo_448935283_box5.jpg,obs_250956763_photo_448935283,obs_250956763_photo_448935283,5,5,Stolonica australis,Prostheceraeus crozieri,FALSE,Species is small part of the box,Ascidian,Animalia,Animalia,Chordata,Platyhelminthes,Ascidiacea,0,Stolidobranchia,Polycladida,Styelidae,Euryleptidae,Stolonica,Prostheceraeus,0.075019687,2,"[{""species"": ""Euclavella claviformis"", ""common_name"": """", ""score"": 0.08792666345834732}, {""species"": ""Stolonica australis"", ""common_name"": ""Ascidian"", ""score"": 0.07501968741416931}, {""species"": ""Aplidium turbinatum"", ""common_name"": ""kranssjöpung"", ""score"": 0.05367391183972359}, {""species"": ""Clavelina moluccensis"", ""common_name"": ""Ascidian"", ""score"": 0.052071377635002136}, {""species"": ""Ciona robusta"", ""common_name"": ""Tunicate"", ""score"": 0.035616226494312286}]"
obs_250956763_photo_448935283_box5.jpg,/rs1/researchers/a/amallav/results/outputs_crop/obs_250956763_photo_448935283_box5.jpg,obs_250956763_photo_448935283,obs_250956763_photo_448935283,5,5,Aplidium turbinatum,Prostheceraeus crozieri,FALSE,Species is small part of the box,kranssjöpung,Animalia,Animalia,Chordata,Platyhelminthes,Ascidiacea,0,Aplousobranchia,Polycladida,Polyclinidae,Euryleptidae,Aplidium,Prostheceraeus,0.053673912,3,"[{""species"": ""Euclavella claviformis"", ""common_name"": """", ""score"": 0.08792666345834732}, {""species"": ""Stolonica australis"", ""common_name"": ""Ascidian"", ""score"": 0.07501968741416931}, {""species"": ""Aplidium turbinatum"", ""common_name"": ""kranssjöpung"", ""score"": 0.05367391183972359}, {""species"": ""Clavelina moluccensis"", ""common_name"": ""Ascidian"", ""score"": 0.052071377635002136}, {""species"": ""Ciona robusta"", ""common_name"": ""Tunicate"", ""score"": 0.035616226494312286}]"
obs_250956763_photo_448935283_box5.jpg,/rs1/researchers/a/amallav/results/outputs_crop/obs_250956763_photo_448935283_box5.jpg,obs_250956763_photo_448935283,obs_250956763_photo_448935283,5,5,Clavelina moluccensis,Prostheceraeus crozieri,FALSE,Species is small part of the box,Ascidian,Animalia,Animalia,Chordata,Platyhelminthes,Ascidiacea,0,Aplousobranchia,Polycladida,Clavelinidae,Euryleptidae,Clavelina,Prostheceraeus,0.052071378,4,"[{""species"": ""Euclavella claviformis"", ""common_name"": """", ""score"": 0.08792666345834732}, {""species"": ""Stolonica australis"", ""common_name"": ""Ascidian"", ""score"": 0.07501968741416931}, {""species"": ""Aplidium turbinatum"", ""common_name"": ""kranssjöpung"", ""score"": 0.05367391183972359}, {""species"": ""Clavelina moluccensis"", ""common_name"": ""Ascidian"", ""score"": 0.052071377635002136}, {""species"": ""Ciona robusta"", ""common_name"": ""Tunicate"", ""score"": 0.035616226494312286}]"
obs_250956763_photo_448935283_box5.jpg,/rs1/researchers/a/amallav/results/outputs_crop/obs_250956763_photo_448935283_box5.jpg,obs_250956763_photo_448935283,obs_250956763_photo_448935283,5,5,Ciona robusta,Prostheceraeus crozieri,FALSE,Species is small part of the box,Tunicate,Animalia,Animalia,Chordata,Platyhelminthes,Ascidiacea,0,Phlebobranchia,Polycladida,Cionidae,Euryleptidae,Ciona,Prostheceraeus,0.035616226,5,"[{""species"": ""Euclavella claviformis"", ""common_name"": """", ""score"": 0.08792666345834732}, {""species"": ""Stolonica australis"", ""common_name"": ""Ascidian"", ""score"": 0.07501968741416931}, {""species"": ""Aplidium turbinatum"", ""common_name"": ""kranssjöpung"", ""score"": 0.05367391183972359}, {""species"": ""Clavelina moluccensis"", ""common_name"": ""Ascidian"", ""score"": 0.052071377635002136}, {""species"": ""Ciona robusta"", ""common_name"": ""Tunicate"", ""score"": 0.035616226494312286}]"
obs_256022699_photo_458927175_box1.jpg,/rs1/researchers/a/amallav/results/outputs_crop/obs_256022699_photo_458927175_box1.jpg,obs_256022699_photo_458927175,obs_256022699_photo_458927175,1,1,Motyxia monica,Arthrophaga myriapodina,FALSE,Species is small part of the box. Fungus,,Animalia,Fungi,Arthropoda,Entomophthoromycota,Diplopoda,Entomophthoromycetes,Polydesmida,Entomophthorales,Xystodesmidae,Entomophthoraceae,Motyxia,Arthrophaga,0.437585622,1,"[{""species"": ""Motyxia monica"", ""common_name"": """", ""score"": 0.43758562207221985}, {""species"": ""Xystocheir dissecta"", ""common_name"": """", ""score"": 0.31522437930107117}, {""species"": ""Xystocheir brachymacris"", ""common_name"": """", ""score"": 0.06941910833120346}, {""species"": ""Wamokia hoffmani"", ""common_name"": """", ""score"": 0.0397668294608593}, {""species"": ""Xystocheir taibona"", ""common_name"": """", ""score"": 0.034483134746551514}]"
obs_256022699_photo_458927175_box1.jpg,/rs1/researchers/a/amallav/results/outputs_crop/obs_256022699_photo_458927175_box1.jpg,obs_256022699_photo_458927175,obs_256022699_photo_458927175,1,1,Xystocheir dissecta,Arthrophaga myriapodina,FALSE,Species is small part of the box. Fungus,,Animalia,Fungi,Arthropoda,Entomophthoromycota,Diplopoda,Entomophthoromycetes,Polydesmida,Entomophthorales,Xystodesmidae,Entomophthoraceae,Xystocheir,Arthrophaga,0.315224379,2,"[{""species"": ""Motyxia monica"", ""common_name"": """", ""score"": 0.43758562207221985}, {""species"": ""Xystocheir dissecta"", ""common_name"": """", ""score"": 0.31522437930107117}, {""species"": ""Xystocheir brachymacris"", ""common_name"": """", ""score"": 0.06941910833120346}, {""species"": ""Wamokia hoffmani"", ""common_name"": """", ""score"": 0.0397668294608593}, {""species"": ""Xystocheir taibona"", ""common_name"": """", ""score"": 0.034483134746551514}]"
obs_256022699_photo_458927175_box1.jpg,/rs1/researchers/a/amallav/results/outputs_crop/obs_256022699_photo_458927175_box1.jpg,obs_256022699_photo_458927175,obs_256022699_photo_458927175,1,1,Xystocheir brachymacris,Arthrophaga myriapodina,FALSE,Species is small part of the box. Fungus,,Animalia,Fungi,Arthropoda,Entomophthoromycota,Diplopoda,Entomophthoromycetes,Polydesmida,Entomophthorales,Xystodesmidae,Entomophthoraceae,Xystocheir,Arthrophaga,0.069419108,3,"[{""species"": ""Motyxia monica"", ""common_name"": """", ""score"": 0.43758562207221985}, {""species"": ""Xystocheir dissecta"", ""common_name"": """", ""score"": 0.31522437930107117}, {""species"": ""Xystocheir brachymacris"", ""common_name"": """", ""score"": 0.06941910833120346}, {""species"": ""Wamokia hoffmani"", ""common_name"": """", ""score"": 0.0397668294608593}, {""species"": ""Xystocheir taibona"", ""common_name"": """", ""score"": 0.034483134746551514}]"
obs_256022699_photo_458927175_box1.jpg,/rs1/researchers/a/amallav/results/outputs_crop/obs_256022699_photo_458927175_box1.jpg,obs_256022699_photo_458927175,obs_256022699_photo_458927175,1,1,Wamokia hoffmani,Arthrophaga myriapodina,FALSE,Species is small part of the box. Fungus,,Animalia,Fungi,Arthropoda,Entomophthoromycota,Diplopoda,Entomophthoromycetes,Polydesmida,Entomophthorales,Xystodesmidae,Entomophthoraceae,Wamokia,Arthrophaga,0.039766829,4,"[{""species"": ""Motyxia monica"", ""common_name"": """", ""score"": 0.43758562207221985}, {""species"": ""Xystocheir dissecta"", ""common_name"": """", ""score"": 0.31522437930107117}, {""species"": ""Xystocheir brachymacris"", ""common_name"": """", ""score"": 0.06941910833120346}, {""species"": ""Wamokia hoffmani"", ""common_name"": """", ""score"": 0.0397668294608593}, {""species"": ""Xystocheir taibona"", ""common_name"": """", ""score"": 0.034483134746551514}]"
obs_256022699_photo_458927175_box1.jpg,/rs1/researchers/a/amallav/results/outputs_crop/obs_256022699_photo_458927175_box1.jpg,obs_256022699_photo_458927175,obs_256022699_photo_458927175,1,1,Xystocheir taibona,Arthrophaga myriapodina,FALSE,Species is small part of the box. Fungus,,Animalia,Fungi,Arthropoda,Entomophthoromycota,Diplopoda,Entomophthoromycetes,Polydesmida,Entomophthorales,Xystodesmidae,Entomophthoraceae,Xystocheir,Arthrophaga,0.034483135,5,"[{""species"": ""Motyxia monica"", ""common_name"": """", ""score"": 0.43758562207221985}, {""species"": ""Xystocheir dissecta"", ""common_name"": """", ""score"": 0.31522437930107117}, {""species"": ""Xystocheir brachymacris"", ""common_name"": """", ""score"": 0.06941910833120346}, {""species"": ""Wamokia hoffmani"", ""common_name"": """", ""score"": 0.0397668294608593}, {""species"": ""Xystocheir taibona"", ""common_name"": """", ""score"": 0.034483134746551514}]"
obs_256022699_photo_458927175_box2.jpg,/rs1/researchers/a/amallav/results/outputs_crop/obs_256022699_photo_458927175_box2.jpg,obs_256022699_photo_458927175,obs_256022699_photo_458927175,2,2,Xystocheir dissecta,Arthrophaga myriapodina,FALSE,Species is small part of the box. Fungus,,Animalia,Fungi,Arthropoda,Entomophthoromycota,Diplopoda,Entomophthoromycetes,Polydesmida,Entomophthorales,Xystodesmidae,Entomophthoraceae,Xystocheir,Arthrophaga,0.420226634,1,"[{""species"": ""Xystocheir dissecta"", ""common_name"": """", ""score"": 0.4202266335487366}, {""species"": ""Motyxia monica"", ""common_name"": """", ""score"": 0.3405930697917938}, {""species"": ""Xystocheir brachymacris"", ""common_name"": """", ""score"": 0.06433478742837906}, {""species"": ""Xystocheir taibona"", ""common_name"": """", ""score"": 0.044594693928956985}, {""species"": ""Wamokia hoffmani"", ""common_name"": """", ""score"": 0.035312045365571976}]"
obs_256022699_photo_458927175_box2.jpg,/rs1/researchers/a/amallav/results/outputs_crop/obs_256022699_photo_458927175_box2.jpg,obs_256022699_photo_458927175,obs_256022699_photo_458927175,2,2,Motyxia monica,Arthrophaga myriapodina,FALSE,Species is small part of the box. Fungus,,Animalia,Fungi,Arthropoda,Entomophthoromycota,Diplopoda,Entomophthoromycetes,Polydesmida,Entomophthorales,Xystodesmidae,Entomophthoraceae,Motyxia,Arthrophaga,0.34059307,2,"[{""species"": ""Xystocheir dissecta"", ""common_name"": """", ""score"": 0.4202266335487366}, {""species"": ""Motyxia monica"", ""common_name"": """", ""score"": 0.3405930697917938}, {""species"": ""Xystocheir brachymacris"", ""common_name"": """", ""score"": 0.06433478742837906}, {""species"": ""Xystocheir taibona"", ""common_name"": """", ""score"": 0.044594693928956985}, {""species"": ""Wamokia hoffmani"", ""common_name"": """", ""score"": 0.035312045365571976}]"
obs_256022699_photo_458927175_box2.jpg,/rs1/researchers/a/amallav/results/outputs_crop/obs_256022699_photo_458927175_box2.jpg,obs_256022699_photo_458927175,obs_256022699_photo_458927175,2,2,Xystocheir brachymacris,Arthrophaga myriapodina,FALSE,Species is small part of the box. Fungus,,Animalia,Fungi,Arthropoda,Entomophthoromycota,Diplopoda,Entomophthoromycetes,Polydesmida,Entomophthorales,Xystodesmidae,Entomophthoraceae,Xystocheir,Arthrophaga,0.064334787,3,"[{""species"": ""Xystocheir dissecta"", ""common_name"": """", ""score"": 0.4202266335487366}, {""species"": ""Motyxia monica"", ""common_name"": """", ""score"": 0.3405930697917938}, {""species"": ""Xystocheir brachymacris"", ""common_name"": """", ""score"": 0.06433478742837906}, {""species"": ""Xystocheir taibona"", ""common_name"": """", ""score"": 0.044594693928956985}, {""species"": ""Wamokia hoffmani"", ""common_name"": """", ""score"": 0.035312045365571976}]"
obs_256022699_photo_458927175_box2.jpg,/rs1/researchers/a/amallav/results/outputs_crop/obs_256022699_photo_458927175_box2.jpg,obs_256022699_photo_458927175,obs_256022699_photo_458927175,2,2,Xystocheir taibona,Arthrophaga myriapodina,FALSE,Species is small part of the box. Fungus,,Animalia,Fungi,Arthropoda,Entomophthoromycota,Diplopoda,Entomophthoromycetes,Polydesmida,Entomophthorales,Xystodesmidae,Entomophthoraceae,Xystocheir,Arthrophaga,0.044594694,4,"[{""species"": ""Xystocheir dissecta"", ""common_name"": """", ""score"": 0.4202266335487366}, {""species"": ""Motyxia monica"", ""common_name"": """", ""score"": 0.3405930697917938}, {""species"": ""Xystocheir brachymacris"", ""common_name"": """", ""score"": 0.06433478742837906}, {""species"": ""Xystocheir taibona"", ""common_name"": """", ""score"": 0.044594693928956985}, {""species"": ""Wamokia hoffmani"", ""common_name"": """", ""score"": 0.035312045365571976}]"
obs_256022699_photo_458927175_box2.jpg,/rs1/researchers/a/amallav/results/outputs_crop/obs_256022699_photo_458927175_box2.jpg,obs_256022699_photo_458927175,obs_256022699_photo_458927175,2,2,Wamokia hoffmani,Arthrophaga myriapodina,FALSE,Species is small part of the box. Fungus,,Animalia,Fungi,Arthropoda,Entomophthoromycota,Diplopoda,Entomophthoromycetes,Polydesmida,Entomophthorales,Xystodesmidae,Entomophthoraceae,Wamokia,Arthrophaga,0.035312045,5,"[{""species"": ""Xystocheir dissecta"", ""common_name"": """", ""score"": 0.4202266335487366}, {""species"": ""Motyxia monica"", ""common_name"": """", ""score"": 0.3405930697917938}, {""species"": ""Xystocheir brachymacris"", ""common_name"": """", ""score"": 0.06433478742837906}, {""species"": ""Xystocheir taibona"", ""common_name"": """", ""score"": 0.044594693928956985}, {""species"": ""Wamokia hoffmani"", ""common_name"": """", ""score"": 0.035312045365571976}]"
obs_256022699_photo_458927175_box3.jpg,/rs1/researchers/a/amallav/results/outputs_crop/obs_256022699_photo_458927175_box3.jpg,obs_256022699_photo_458927175,obs_256022699_photo_458927175,3,3,Motyxia monica,Arthrophaga myriapodina,FALSE,Species is small part of the box. Fungus,,Animalia,Fungi,Arthropoda,Entomophthoromycota,Diplopoda,Entomophthoromycetes,Polydesmida,Entomophthorales,Xystodesmidae,Entomophthoraceae,Motyxia,Arthrophaga,0.459727049,1,"[{""species"": ""Motyxia monica"", ""common_name"": """", ""score"": 0.45972704887390137}, {""species"": ""Xystocheir dissecta"", ""common_name"": """", ""score"": 0.32808369398117065}, {""species"": ""Xystocheir brachymacris"", ""common_name"": """", ""score"": 0.07179656624794006}, {""species"": ""Xystocheir taibona"", ""common_name"": """", ""score"": 0.030315808951854706}, {""species"": ""Wamokia hoffmani"", ""common_name"": """", ""score"": 0.023535698652267456}]"
obs_256022699_photo_458927175_box3.jpg,/rs1/researchers/a/amallav/results/outputs_crop/obs_256022699_photo_458927175_box3.jpg,obs_256022699_photo_458927175,obs_256022699_photo_458927175,3,3,Xystocheir dissecta,Arthrophaga myriapodina,FALSE,Species is small part of the box. Fungus,,Animalia,Fungi,Arthropoda,Entomophthoromycota,Diplopoda,Entomophthoromycetes,Polydesmida,Entomophthorales,Xystodesmidae,Entomophthoraceae,Xystocheir,Arthrophaga,0.328083694,2,"[{""species"": ""Motyxia monica"", ""common_name"": """", ""score"": 0.45972704887390137}, {""species"": ""Xystocheir dissecta"", ""common_name"": """", ""score"": 0.32808369398117065}, {""species"": ""Xystocheir brachymacris"", ""common_name"": """", ""score"": 0.07179656624794006}, {""species"": ""Xystocheir taibona"", ""common_name"": """", ""score"": 0.030315808951854706}, {""species"": ""Wamokia hoffmani"", ""common_name"": """", ""score"": 0.023535698652267456}]"
obs_256022699_photo_458927175_box3.jpg,/rs1/researchers/a/amallav/results/outputs_crop/obs_256022699_photo_458927175_box3.jpg,obs_256022699_photo_458927175,obs_256022699_photo_458927175,3,3,Xystocheir brachymacris,Arthrophaga myriapodina,FALSE,Species is small part of the box. Fungus,,Animalia,Fungi,Arthropoda,Entomophthoromycota,Diplopoda,Entomophthoromycetes,Polydesmida,Entomophthorales,Xystodesmidae,Entomophthoraceae,Xystocheir,Arthrophaga,0.071796566,3,"[{""species"": ""Motyxia monica"", ""common_name"": """", ""score"": 0.45972704887390137}, {""species"": ""Xystocheir dissecta"", ""common_name"": """", ""score"": 0.32808369398117065}, {""species"": ""Xystocheir brachymacris"", ""common_name"": """", ""score"": 0.07179656624794006}, {""species"": ""Xystocheir taibona"", ""common_name"": """", ""score"": 0.030315808951854706}, {""species"": ""Wamokia hoffmani"", ""common_name"": """", ""score"": 0.023535698652267456}]"
obs_256022699_photo_458927175_box3.jpg,/rs1/researchers/a/amallav/results/outputs_crop/obs_256022699_photo_458927175_box3.jpg,obs_256022699_photo_458927175,obs_256022699_photo_458927175,3,3,Xystocheir taibona,Arthrophaga myriapodina,FALSE,Species is small part of the box. Fungus,,Animalia,Fungi,Arthropoda,Entomophthoromycota,Diplopoda,Entomophthoromycetes,Polydesmida,Entomophthorales,Xystodesmidae,Entomophthoraceae,Xystocheir,Arthrophaga,0.030315809,4,"[{""species"": ""Motyxia monica"", ""common_name"": """", ""score"": 0.45972704887390137}, {""species"": ""Xystocheir dissecta"", ""common_name"": """", ""score"": 0.32808369398117065}, {""species"": ""Xystocheir brachymacris"", ""common_name"": """", ""score"": 0.07179656624794006}, {""species"": ""Xystocheir taibona"", ""common_name"": """", ""score"": 0.030315808951854706}, {""species"": ""Wamokia hoffmani"", ""common_name"": """", ""score"": 0.023535698652267456}]"
obs_256022699_photo_458927175_box3.jpg,/rs1/researchers/a/amallav/results/outputs_crop/obs_256022699_photo_458927175_box3.jpg,obs_256022699_photo_458927175,obs_256022699_photo_458927175,3,3,Wamokia hoffmani,Arthrophaga myriapodina,FALSE,Species is small part of the box. Fungus,,Animalia,Fungi,Arthropoda,Entomophthoromycota,Diplopoda,Entomophthoromycetes,Polydesmida,Entomophthorales,Xystodesmidae,Entomophthoraceae,Wamokia,Arthrophaga,0.023535699,5,"[{""species"": ""Motyxia monica"", ""common_name"": """", ""score"": 0.45972704887390137}, {""species"": ""Xystocheir dissecta"", ""common_name"": """", ""score"": 0.32808369398117065}, {""species"": ""Xystocheir brachymacris"", ""common_name"": """", ""score"": 0.07179656624794006}, {""species"": ""Xystocheir taibona"", ""common_name"": """", ""score"": 0.030315808951854706}, {""species"": ""Wamokia hoffmani"", ""common_name"": """", ""score"": 0.023535698652267456}]"
obs_258568965_photo_463949088_box1.jpg,/rs1/researchers/a/amallav/results/outputs_crop/obs_258568965_photo_463949088_box1.jpg,obs_258568965_photo_463949088,obs_258568965_photo_463949088,1,1,Globitermes globosus,Reticularia,FALSE,Species is small part of the box. Fungus,,Animalia,Protozoa,Arthropoda,Mycetozoa,Insecta,Myxomycetes,Blattodea,Reticulariales,Termitidae,Reticulariaceae,Globitermes,Reticularia,0.080801405,1,"[{""species"": ""Globitermes globosus"", ""common_name"": """", ""score"": 0.08080140501260757}, {""species"": ""Cryptostroma corticale"", ""common_name"": """", ""score"": 0.04545117914676666}, {""species"": ""Pisolithus arhizus"", ""common_name"": ""Dyeball"", ""score"": 0.032670892775058746}, {""species"": ""Amitermes vilis"", ""common_name"": """", ""score"": 0.02351759932935238}, {""species"": ""Corydalus texanus"", ""common_name"": """", ""score"": 0.018877612426877022}]"
obs_258568965_photo_463949088_box1.jpg,/rs1/researchers/a/amallav/results/outputs_crop/obs_258568965_photo_463949088_box1.jpg,obs_258568965_photo_463949088,obs_258568965_photo_463949088,1,1,Cryptostroma corticale,Reticularia,FALSE,Species is small part of the box. Fungus,,Fungi,Protozoa,Ascomycota,Mycetozoa,Sordariomycetes,Myxomycetes,Xylariales,Reticulariales,Xylariaceae,Reticulariaceae,Cryptostroma,Reticularia,0.045451179,2,"[{""species"": ""Globitermes globosus"", ""common_name"": """", ""score"": 0.08080140501260757}, {""species"": ""Cryptostroma corticale"", ""common_name"": """", ""score"": 0.04545117914676666}, {""species"": ""Pisolithus arhizus"", ""common_name"": ""Dyeball"", ""score"": 0.032670892775058746}, {""species"": ""Amitermes vilis"", ""common_name"": """", ""score"": 0.02351759932935238}, {""species"": ""Corydalus texanus"", ""common_name"": """", ""score"": 0.018877612426877022}]"
obs_258568965_photo_463949088_box1.jpg,/rs1/researchers/a/amallav/results/outputs_crop/obs_258568965_photo_463949088_box1.jpg,obs_258568965_photo_463949088,obs_258568965_photo_463949088,1,1,Pisolithus arhizus,Reticularia,FALSE,Species is small part of the box. Fungus,Dyeball,Fungi,Protozoa,Basidiomycota,Mycetozoa,Agaricomycetes,Myxomycetes,Boletales,Reticulariales,Sclerodermataceae,Reticulariaceae,Pisolithus,Reticularia,0.032670893,3,"[{""species"": ""Globitermes globosus"", ""common_name"": """", ""score"": 0.08080140501260757}, {""species"": ""Cryptostroma corticale"", ""common_name"": """", ""score"": 0.04545117914676666}, {""species"": ""Pisolithus arhizus"", ""common_name"": ""Dyeball"", ""score"": 0.032670892775058746}, {""species"": ""Amitermes vilis"", ""common_name"": """", ""score"": 0.02351759932935238}, {""species"": ""Corydalus texanus"", ""common_name"": """", ""score"": 0.018877612426877022}]"
obs_258568965_photo_463949088_box1.jpg,/rs1/researchers/a/amallav/results/outputs_crop/obs_258568965_photo_463949088_box1.jpg,obs_258568965_photo_463949088,obs_258568965_photo_463949088,1,1,Amitermes vilis,Reticularia,FALSE,Species is small part of the box. Fungus,,Animalia,Protozoa,Arthropoda,Mycetozoa,Insecta,Myxomycetes,Blattodea,Reticulariales,Termitidae,Reticulariaceae,Amitermes,Reticularia,0.023517599,4,"[{""species"": ""Globitermes globosus"", ""common_name"": """", ""score"": 0.08080140501260757}, {""species"": ""Cryptostroma corticale"", ""common_name"": """", ""score"": 0.04545117914676666}, {""species"": ""Pisolithus arhizus"", ""common_name"": ""Dyeball"", ""score"": 0.032670892775058746}, {""species"": ""Amitermes vilis"", ""common_name"": """", ""score"": 0.02351759932935238}, {""species"": ""Corydalus texanus"", ""common_name"": """", ""score"": 0.018877612426877022}]"
obs_258568965_photo_463949088_box1.jpg,/rs1/researchers/a/amallav/results/outputs_crop/obs_258568965_photo_463949088_box1.jpg,obs_258568965_photo_463949088,obs_258568965_photo_463949088,1,1,Corydalus texanus,Reticularia,FALSE,Species is small part of the box. Fungus,,Animalia,Protozoa,Arthropoda,Mycetozoa,Insecta,Myxomycetes,Megaloptera,Reticulariales,Corydalidae,Reticulariaceae,Corydalus,Reticularia,0.018877612,5,"[{""species"": ""Globitermes globosus"", ""common_name"": """", ""score"": 0.08080140501260757}, {""species"": ""Cryptostroma corticale"", ""common_name"": """", ""score"": 0.04545117914676666}, {""species"": ""Pisolithus arhizus"", ""common_name"": ""Dyeball"", ""score"": 0.032670892775058746}, {""species"": ""Amitermes vilis"", ""common_name"": """", ""score"": 0.02351759932935238}, {""species"": ""Corydalus texanus"", ""common_name"": """", ""score"": 0.018877612426877022}]"
obs_258568965_photo_463949088_box2.jpg,/rs1/researchers/a/amallav/results/outputs_crop/obs_258568965_photo_463949088_box2.jpg,obs_258568965_photo_463949088,obs_258568965_photo_463949088,2,2,Globitermes globosus,Reticularia,FALSE,Species is small part of the box. Fungus,,Animalia,Protozoa,Arthropoda,Mycetozoa,Insecta,Myxomycetes,Blattodea,Reticulariales,Termitidae,Reticulariaceae,Globitermes,Reticularia,0.050918117,1,"[{""species"": ""Globitermes globosus"", ""common_name"": """", ""score"": 0.05091811716556549}, {""species"": ""Cryptostroma corticale"", ""common_name"": """", ""score"": 0.042093608528375626}, {""species"": ""Pisolithus arhizus"", ""common_name"": ""Dyeball"", ""score"": 0.03569686412811279}, {""species"": ""Amitermes vilis"", ""common_name"": """", ""score"": 0.02714182808995247}, {""species"": ""Delta bonellii"", ""common_name"": """", ""score"": 0.01655593328177929}]"
obs_258568965_photo_463949088_box2.jpg,/rs1/researchers/a/amallav/results/outputs_crop/obs_258568965_photo_463949088_box2.jpg,obs_258568965_photo_463949088,obs_258568965_photo_463949088,2,2,Cryptostroma corticale,Reticularia,FALSE,Species is small part of the box. Fungus,,Fungi,Protozoa,Ascomycota,Mycetozoa,Sordariomycetes,Myxomycetes,Xylariales,Reticulariales,Xylariaceae,Reticulariaceae,Cryptostroma,Reticularia,0.042093609,2,"[{""species"": ""Globitermes globosus"", ""common_name"": """", ""score"": 0.05091811716556549}, {""species"": ""Cryptostroma corticale"", ""common_name"": """", ""score"": 0.042093608528375626}, {""species"": ""Pisolithus arhizus"", ""common_name"": ""Dyeball"", ""score"": 0.03569686412811279}, {""species"": ""Amitermes vilis"", ""common_name"": """", ""score"": 0.02714182808995247}, {""species"": ""Delta bonellii"", ""common_name"": """", ""score"": 0.01655593328177929}]"
obs_258568965_photo_463949088_box2.jpg,/rs1/researchers/a/amallav/results/outputs_crop/obs_258568965_photo_463949088_box2.jpg,obs_258568965_photo_463949088,obs_258568965_photo_463949088,2,2,Pisolithus arhizus,Reticularia,FALSE,Species is small part of the box. Fungus,Dyeball,Fungi,Protozoa,Basidiomycota,Mycetozoa,Agaricomycetes,Myxomycetes,Boletales,Reticulariales,Sclerodermataceae,Reticulariaceae,Pisolithus,Reticularia,0.035696864,3,"[{""species"": ""Globitermes globosus"", ""common_name"": """", ""score"": 0.05091811716556549}, {""species"": ""Cryptostroma corticale"", ""common_name"": """", ""score"": 0.042093608528375626}, {""species"": ""Pisolithus arhizus"", ""common_name"": ""Dyeball"", ""score"": 0.03569686412811279}, {""species"": ""Amitermes vilis"", ""common_name"": """", ""score"": 0.02714182808995247}, {""species"": ""Delta bonellii"", ""common_name"": """", ""score"": 0.01655593328177929}]"
obs_258568965_photo_463949088_box2.jpg,/rs1/researchers/a/amallav/results/outputs_crop/obs_258568965_photo_463949088_box2.jpg,obs_258568965_photo_463949088,obs_258568965_photo_463949088,2,2,Amitermes vilis,Reticularia,FALSE,Species is small part of the box. Fungus,,Animalia,Protozoa,Arthropoda,Mycetozoa,Insecta,Myxomycetes,Blattodea,Reticulariales,Termitidae,Reticulariaceae,Amitermes,Reticularia,0.027141828,4,"[{""species"": ""Globitermes globosus"", ""common_name"": """", ""score"": 0.05091811716556549}, {""species"": ""Cryptostroma corticale"", ""common_name"": """", ""score"": 0.042093608528375626}, {""species"": ""Pisolithus arhizus"", ""common_name"": ""Dyeball"", ""score"": 0.03569686412811279}, {""species"": ""Amitermes vilis"", ""common_name"": """", ""score"": 0.02714182808995247}, {""species"": ""Delta bonellii"", ""common_name"": """", ""score"": 0.01655593328177929}]"
obs_258568965_photo_463949088_box2.jpg,/rs1/researchers/a/amallav/results/outputs_crop/obs_258568965_photo_463949088_box2.jpg,obs_258568965_photo_463949088,obs_258568965_photo_463949088,2,2,Delta bonellii,Reticularia,FALSE,Species is small part of the box. Fungus,,Animalia,Protozoa,Arthropoda,Mycetozoa,Insecta,Myxomycetes,Hymenoptera,Reticulariales,Eumenidae,Reticulariaceae,Delta,Reticularia,0.016555933,5,"[{""species"": ""Globitermes globosus"", ""common_name"": """", ""score"": 0.05091811716556549}, {""species"": ""Cryptostroma corticale"", ""common_name"": """", ""score"": 0.042093608528375626}, {""species"": ""Pisolithus arhizus"", ""common_name"": ""Dyeball"", ""score"": 0.03569686412811279}, {""species"": ""Amitermes vilis"", ""common_name"": """", ""score"": 0.02714182808995247}, {""species"": ""Delta bonellii"", ""common_name"": """", ""score"": 0.01655593328177929}]"
obs_258568965_photo_463949088_box3.jpg,/rs1/researchers/a/amallav/results/outputs_crop/obs_258568965_photo_463949088_box3.jpg,obs_258568965_photo_463949088,obs_258568965_photo_463949088,3,3,Globitermes globosus,Reticularia,FALSE,Species is small part of the box. Fungus,,Animalia,Protozoa,Arthropoda,Mycetozoa,Insecta,Myxomycetes,Blattodea,Reticulariales,Termitidae,Reticulariaceae,Globitermes,Reticularia,0.044833764,1,"[{""species"": ""Globitermes globosus"", ""common_name"": """", ""score"": 0.04483376443386078}, {""species"": ""Bothriocyrtum californicum"", ""common_name"": """", ""score"": 0.02812805026769638}, {""species"": ""Pericapritermes nitobei"", ""common_name"": """", ""score"": 0.004398486111313105}, {""species"": ""Podaxis longii"", ""common_name"": """", ""score"": 0.004214038141071796}, {""species"": ""Anoplotermes fumosus"", ""common_name"": """", ""score"": 0.003909379709511995}]"
obs_258568965_photo_463949088_box3.jpg,/rs1/researchers/a/amallav/results/outputs_crop/obs_258568965_photo_463949088_box3.jpg,obs_258568965_photo_463949088,obs_258568965_photo_463949088,3,3,Bothriocyrtum californicum,Reticularia,FALSE,Species is small part of the box. Fungus,,Animalia,Protozoa,Arthropoda,Mycetozoa,Arachnida,Myxomycetes,Araneae,Reticulariales,Halonoproctidae,Reticulariaceae,Bothriocyrtum,Reticularia,0.02812805,2,"[{""species"": ""Globitermes globosus"", ""common_name"": """", ""score"": 0.04483376443386078}, {""species"": ""Bothriocyrtum californicum"", ""common_name"": """", ""score"": 0.02812805026769638}, {""species"": ""Pericapritermes nitobei"", ""common_name"": """", ""score"": 0.004398486111313105}, {""species"": ""Podaxis longii"", ""common_name"": """", ""score"": 0.004214038141071796}, {""species"": ""Anoplotermes fumosus"", ""common_name"": """", ""score"": 0.003909379709511995}]"
obs_258568965_photo_463949088_box3.jpg,/rs1/researchers/a/amallav/results/outputs_crop/obs_258568965_photo_463949088_box3.jpg,obs_258568965_photo_463949088,obs_258568965_photo_463949088,3,3,Pericapritermes nitobei,Reticularia,FALSE,Species is small part of the box. Fungus,,Animalia,Protozoa,Arthropoda,Mycetozoa,Insecta,Myxomycetes,Blattodea,Reticulariales,Termitidae,Reticulariaceae,Pericapritermes,Reticularia,0.004398486,3,"[{""species"": ""Globitermes globosus"", ""common_name"": """", ""score"": 0.04483376443386078}, {""species"": ""Bothriocyrtum californicum"", ""common_name"": """", ""score"": 0.02812805026769638}, {""species"": ""Pericapritermes nitobei"", ""common_name"": """", ""score"": 0.004398486111313105}, {""species"": ""Podaxis longii"", ""common_name"": """", ""score"": 0.004214038141071796}, {""species"": ""Anoplotermes fumosus"", ""common_name"": """", ""score"": 0.003909379709511995}]"
obs_258568965_photo_463949088_box3.jpg,/rs1/researchers/a/amallav/results/outputs_crop/obs_258568965_photo_463949088_box3.jpg,obs_258568965_photo_463949088,obs_258568965_photo_463949088,3,3,Podaxis longii,Reticularia,FALSE,Species is small part of the box. Fungus,,Fungi,Protozoa,Basidiomycota,Mycetozoa,Agaricomycetes,Myxomycetes,Agaricales,Reticulariales,Agaricaceae,Reticulariaceae,Podaxis,Reticularia,0.004214038,4,"[{""species"": ""Globitermes globosus"", ""common_name"": """", ""score"": 0.04483376443386078}, {""species"": ""Bothriocyrtum californicum"", ""common_name"": """", ""score"": 0.02812805026769638}, {""species"": ""Pericapritermes nitobei"", ""common_name"": """", ""score"": 0.004398486111313105}, {""species"": ""Podaxis longii"", ""common_name"": """", ""score"": 0.004214038141071796}, {""species"": ""Anoplotermes fumosus"", ""common_name"": """", ""score"": 0.003909379709511995}]"
obs_258568965_photo_463949088_box3.jpg,/rs1/researchers/a/amallav/results/outputs_crop/obs_258568965_photo_463949088_box3.jpg,obs_258568965_photo_463949088,obs_258568965_photo_463949088,3,3,Anoplotermes fumosus,Reticularia,FALSE,Species is small part of the box. Fungus,,Animalia,Protozoa,Arthropoda,Mycetozoa,Insecta,Myxomycetes,Blattodea,Reticulariales,Termitidae,Reticulariaceae,Anoplotermes,Reticularia,0.00390938,5,"[{""species"": ""Globitermes globosus"", ""common_name"": """", ""score"": 0.04483376443386078}, {""species"": ""Bothriocyrtum californicum"", ""common_name"": """", ""score"": 0.02812805026769638}, {""species"": ""Pericapritermes nitobei"", ""common_name"": """", ""score"": 0.004398486111313105}, {""species"": ""Podaxis longii"", ""common_name"": """", ""score"": 0.004214038141071796}, {""species"": ""Anoplotermes fumosus"", ""common_name"": """", ""score"": 0.003909379709511995}]"
obs_258568965_photo_463949088_box4.jpg,/rs1/researchers/a/amallav/results/outputs_crop/obs_258568965_photo_463949088_box4.jpg,obs_258568965_photo_463949088,obs_258568965_photo_463949088,4,4,Globitermes globosus,Reticularia,FALSE,Species is small part of the box. Fungus,,Animalia,Protozoa,Arthropoda,Mycetozoa,Insecta,Myxomycetes,Blattodea,Reticulariales,Termitidae,Reticulariaceae,Globitermes,Reticularia,0.062325712,1,"[{""species"": ""Globitermes globosus"", ""common_name"": """", ""score"": 0.06232571229338646}, {""species"": ""Filistata canariensis"", ""common_name"": """", ""score"": 0.028737973421812057}, {""species"": ""Filistatinella kahloae"", ""common_name"": """", ""score"": 0.025551894679665565}, {""species"": ""Filistatinella tohono"", ""common_name"": """", ""score"": 0.014202904887497425}, {""species"": ""Filistata testacea"", ""common_name"": """", ""score"": 0.014137606136500835}]"
obs_258568965_photo_463949088_box4.jpg,/rs1/researchers/a/amallav/results/outputs_crop/obs_258568965_photo_463949088_box4.jpg,obs_258568965_photo_463949088,obs_258568965_photo_463949088,4,4,Filistata canariensis,Reticularia,FALSE,Species is small part of the box. Fungus,,Animalia,Protozoa,Arthropoda,Mycetozoa,Arachnida,Myxomycetes,Araneae,Reticulariales,Filistatidae,Reticulariaceae,Filistata,Reticularia,0.028737973,2,"[{""species"": ""Globitermes globosus"", ""common_name"": """", ""score"": 0.06232571229338646}, {""species"": ""Filistata canariensis"", ""common_name"": """", ""score"": 0.028737973421812057}, {""species"": ""Filistatinella kahloae"", ""common_name"": """", ""score"": 0.025551894679665565}, {""species"": ""Filistatinella tohono"", ""common_name"": """", ""score"": 0.014202904887497425}, {""species"": ""Filistata testacea"", ""common_name"": """", ""score"": 0.014137606136500835}]"
obs_258568965_photo_463949088_box4.jpg,/rs1/researchers/a/amallav/results/outputs_crop/obs_258568965_photo_463949088_box4.jpg,obs_258568965_photo_463949088,obs_258568965_photo_463949088,4,4,Filistatinella kahloae,Reticularia,FALSE,Species is small part of the box. Fungus,,Animalia,Protozoa,Arthropoda,Mycetozoa,Arachnida,Myxomycetes,Araneae,Reticulariales,Filistatidae,Reticulariaceae,Filistatinella,Reticularia,0.025551895,3,"[{""species"": ""Globitermes globosus"", ""common_name"": """", ""score"": 0.06232571229338646}, {""species"": ""Filistata canariensis"", ""common_name"": """", ""score"": 0.028737973421812057}, {""species"": ""Filistatinella kahloae"", ""common_name"": """", ""score"": 0.025551894679665565}, {""species"": ""Filistatinella tohono"", ""common_name"": """", ""score"": 0.014202904887497425}, {""species"": ""Filistata testacea"", ""common_name"": """", ""score"": 0.014137606136500835}]"
obs_258568965_photo_463949088_box4.jpg,/rs1/researchers/a/amallav/results/outputs_crop/obs_258568965_photo_463949088_box4.jpg,obs_258568965_photo_463949088,obs_258568965_photo_463949088,4,4,Filistatinella tohono,Reticularia,FALSE,Species is small part of the box. Fungus,,Animalia,Protozoa,Arthropoda,Mycetozoa,Arachnida,Myxomycetes,Araneae,Reticulariales,Filistatidae,Reticulariaceae,Filistatinella,Reticularia,0.014202905,4,"[{""species"": ""Globitermes globosus"", ""common_name"": """", ""score"": 0.06232571229338646}, {""species"": ""Filistata canariensis"", ""common_name"": """", ""score"": 0.028737973421812057}, {""species"": ""Filistatinella kahloae"", ""common_name"": """", ""score"": 0.025551894679665565}, {""species"": ""Filistatinella tohono"", ""common_name"": """", ""score"": 0.014202904887497425}, {""species"": ""Filistata testacea"", ""common_name"": """", ""score"": 0.014137606136500835}]"
obs_258568965_photo_463949088_box4.jpg,/rs1/researchers/a/amallav/results/outputs_crop/obs_258568965_photo_463949088_box4.jpg,obs_258568965_photo_463949088,obs_258568965_photo_463949088,4,4,Filistata testacea,Reticularia,FALSE,Species is small part of the box. Fungus,,Animalia,Protozoa,Arthropoda,Mycetozoa,Arachnida,Myxomycetes,Araneae,Reticulariales,Filistatidae,Reticulariaceae,Filistata,Reticularia,0.014137606,5,"[{""species"": ""Globitermes globosus"", ""common_name"": """", ""score"": 0.06232571229338646}, {""species"": ""Filistata canariensis"", ""common_name"": """", ""score"": 0.028737973421812057}, {""species"": ""Filistatinella kahloae"", ""common_name"": """", ""score"": 0.025551894679665565}, {""species"": ""Filistatinella tohono"", ""common_name"": """", ""score"": 0.014202904887497425}, {""species"": ""Filistata testacea"", ""common_name"": """", ""score"": 0.014137606136500835}]"
obs_258568965_photo_463949088_box5.jpg,/rs1/researchers/a/amallav/results/outputs_crop/obs_258568965_photo_463949088_box5.jpg,obs_258568965_photo_463949088,obs_258568965_photo_463949088,5,5,Globitermes globosus,Reticularia,FALSE,Species is small part of the box. Fungus,,Animalia,Protozoa,Arthropoda,Mycetozoa,Insecta,Myxomycetes,Blattodea,Reticulariales,Termitidae,Reticulariaceae,Globitermes,Reticularia,0.052416649,1,"[{""species"": ""Globitermes globosus"", ""common_name"": """", ""score"": 0.05241664871573448}, {""species"": ""Pisolithus arhizus"", ""common_name"": ""Dyeball"", ""score"": 0.0380353182554245}, {""species"": ""Amitermes vilis"", ""common_name"": """", ""score"": 0.028048263862729073}, {""species"": ""Cryptostroma corticale"", ""common_name"": """", ""score"": 0.026634695008397102}, {""species"": ""Delta bonellii"", ""common_name"": """", ""score"": 0.022137276828289032}]"
obs_258568965_photo_463949088_box5.jpg,/rs1/researchers/a/amallav/results/outputs_crop/obs_258568965_photo_463949088_box5.jpg,obs_258568965_photo_463949088,obs_258568965_photo_463949088,5,5,Pisolithus arhizus,Reticularia,FALSE,Species is small part of the box. Fungus,Dyeball,Fungi,Protozoa,Basidiomycota,Mycetozoa,Agaricomycetes,Myxomycetes,Boletales,Reticulariales,Sclerodermataceae,Reticulariaceae,Pisolithus,Reticularia,0.038035318,2,"[{""species"": ""Globitermes globosus"", ""common_name"": """", ""score"": 0.05241664871573448}, {""species"": ""Pisolithus arhizus"", ""common_name"": ""Dyeball"", ""score"": 0.0380353182554245}, {""species"": ""Amitermes vilis"", ""common_name"": """", ""score"": 0.028048263862729073}, {""species"": ""Cryptostroma corticale"", ""common_name"": """", ""score"": 0.026634695008397102}, {""species"": ""Delta bonellii"", ""common_name"": """", ""score"": 0.022137276828289032}]"
obs_258568965_photo_463949088_box5.jpg,/rs1/researchers/a/amallav/results/outputs_crop/obs_258568965_photo_463949088_box5.jpg,obs_258568965_photo_463949088,obs_258568965_photo_463949088,5,5,Amitermes vilis,Reticularia,FALSE,Species is small part of the box. Fungus,,Animalia,Protozoa,Arthropoda,Mycetozoa,Insecta,Myxomycetes,Blattodea,Reticulariales,Termitidae,Reticulariaceae,Amitermes,Reticularia,0.028048264,3,"[{""species"": ""Globitermes globosus"", ""common_name"": """", ""score"": 0.05241664871573448}, {""species"": ""Pisolithus arhizus"", ""common_name"": ""Dyeball"", ""score"": 0.0380353182554245}, {""species"": ""Amitermes vilis"", ""common_name"": """", ""score"": 0.028048263862729073}, {""species"": ""Cryptostroma corticale"", ""common_name"": """", ""score"": 0.026634695008397102}, {""species"": ""Delta bonellii"", ""common_name"": """", ""score"": 0.022137276828289032}]"
obs_258568965_photo_463949088_box5.jpg,/rs1/researchers/a/amallav/results/outputs_crop/obs_258568965_photo_463949088_box5.jpg,obs_258568965_photo_463949088,obs_258568965_photo_463949088,5,5,Cryptostroma corticale,Reticularia,FALSE,Species is small part of the box. Fungus,,Fungi,Protozoa,Ascomycota,Mycetozoa,Sordariomycetes,Myxomycetes,Xylariales,Reticulariales,Xylariaceae,Reticulariaceae,Cryptostroma,Reticularia,0.026634695,4,"[{""species"": ""Globitermes globosus"", ""common_name"": """", ""score"": 0.05241664871573448}, {""species"": ""Pisolithus arhizus"", ""common_name"": ""Dyeball"", ""score"": 0.0380353182554245}, {""species"": ""Amitermes vilis"", ""common_name"": """", ""score"": 0.028048263862729073}, {""species"": ""Cryptostroma corticale"", ""common_name"": """", ""score"": 0.026634695008397102}, {""species"": ""Delta bonellii"", ""common_name"": """", ""score"": 0.022137276828289032}]"
obs_258568965_photo_463949088_box5.jpg,/rs1/researchers/a/amallav/results/outputs_crop/obs_258568965_photo_463949088_box5.jpg,obs_258568965_photo_463949088,obs_258568965_photo_463949088,5,5,Delta bonellii,Reticularia,FALSE,Species is small part of the box. Fungus,,Animalia,Protozoa,Arthropoda,Mycetozoa,Insecta,Myxomycetes,Hymenoptera,Reticulariales,Eumenidae,Reticulariaceae,Delta,Reticularia,0.022137277,5,"[{""species"": ""Globitermes globosus"", ""common_name"": """", ""score"": 0.05241664871573448}, {""species"": ""Pisolithus arhizus"", ""common_name"": ""Dyeball"", ""score"": 0.0380353182554245}, {""species"": ""Amitermes vilis"", ""common_name"": """", ""score"": 0.028048263862729073}, {""species"": ""Cryptostroma corticale"", ""common_name"": """", ""score"": 0.026634695008397102}, {""species"": ""Delta bonellii"", ""common_name"": """", ""score"": 0.022137276828289032}]"
obs_263836670_photo_474047112_box1.jpg,/rs1/researchers/a/amallav/results/outputs_crop/obs_263836670_photo_474047112_box1.jpg,obs_263836670_photo_474047112,#N/A,1,1,Larus glaucescens,Pisaster ochraceus,FALSE,,Glaucous-winged gull,Animalia,Animalia,Chordata,Echinodermata,Aves,Asteroidea,Charadriiformes,Forcipulatida,Laridae,Asteriidae,Larus,Pisaster,0.231983021,1,"[{""species"": ""Larus glaucescens"", ""common_name"": ""Glaucous-winged gull"", ""score"": 0.23198302090168}, {""species"": ""Evasterias echinosoma"", ""common_name"": ""Giant star"", ""score"": 0.16615928709506989}, {""species"": ""Pisaster ochraceus"", ""common_name"": ""Ochre stars"", ""score"": 0.11256974935531616}, {""species"": ""Asterias rathbuni"", ""common_name"": """", ""score"": 0.06025470793247223}, {""species"": ""Pycnopodia helianthoides"", ""common_name"": ""Rag mop"", ""score"": 0.03472698852419853}]"
obs_263836670_photo_474047112_box1.jpg,/rs1/researchers/a/amallav/results/outputs_crop/obs_263836670_photo_474047112_box1.jpg,obs_263836670_photo_474047112,#N/A,1,1,Evasterias echinosoma,Pisaster ochraceus,FALSE,,Giant star,Animalia,Animalia,Echinodermata,Echinodermata,Asteroidea,Asteroidea,Forcipulatida,Forcipulatida,Asteriidae,Asteriidae,Evasterias,Pisaster,0.166159287,2,"[{""species"": ""Larus glaucescens"", ""common_name"": ""Glaucous-winged gull"", ""score"": 0.23198302090168}, {""species"": ""Evasterias echinosoma"", ""common_name"": ""Giant star"", ""score"": 0.16615928709506989}, {""species"": ""Pisaster ochraceus"", ""common_name"": ""Ochre stars"", ""score"": 0.11256974935531616}, {""species"": ""Asterias rathbuni"", ""common_name"": """", ""score"": 0.06025470793247223}, {""species"": ""Pycnopodia helianthoides"", ""common_name"": ""Rag mop"", ""score"": 0.03472698852419853}]"
obs_263836670_photo_474047112_box1.jpg,/rs1/researchers/a/amallav/results/outputs_crop/obs_263836670_photo_474047112_box1.jpg,obs_263836670_photo_474047112,#N/A,1,1,Pisaster ochraceus,Pisaster ochraceus,TRUE,,Ochre stars,Animalia,Animalia,Echinodermata,Echinodermata,Asteroidea,Asteroidea,Forcipulatida,Forcipulatida,Asteriidae,Asteriidae,Pisaster,Pisaster,0.112569749,3,"[{""species"": ""Larus glaucescens"", ""common_name"": ""Glaucous-winged gull"", ""score"": 0.23198302090168}, {""species"": ""Evasterias echinosoma"", ""common_name"": ""Giant star"", ""score"": 0.16615928709506989}, {""species"": ""Pisaster ochraceus"", ""common_name"": ""Ochre stars"", ""score"": 0.11256974935531616}, {""species"": ""Asterias rathbuni"", ""common_name"": """", ""score"": 0.06025470793247223}, {""species"": ""Pycnopodia helianthoides"", ""common_name"": ""Rag mop"", ""score"": 0.03472698852419853}]"
obs_263836670_photo_474047112_box1.jpg,/rs1/researchers/a/amallav/results/outputs_crop/obs_263836670_photo_474047112_box1.jpg,obs_263836670_photo_474047112,#N/A,1,1,Asterias rathbuni,Pisaster ochraceus,FALSE,,,Animalia,Animalia,Echinodermata,Echinodermata,Asteroidea,Asteroidea,Forcipulatida,Forcipulatida,Asteriidae,Asteriidae,Asterias,Pisaster,0.060254708,4,"[{""species"": ""Larus glaucescens"", ""common_name"": ""Glaucous-winged gull"", ""score"": 0.23198302090168}, {""species"": ""Evasterias echinosoma"", ""common_name"": ""Giant star"", ""score"": 0.16615928709506989}, {""species"": ""Pisaster ochraceus"", ""common_name"": ""Ochre stars"", ""score"": 0.11256974935531616}, {""species"": ""Asterias rathbuni"", ""common_name"": """", ""score"": 0.06025470793247223}, {""species"": ""Pycnopodia helianthoides"", ""common_name"": ""Rag mop"", ""score"": 0.03472698852419853}]"
obs_263836670_photo_474047112_box1.jpg,/rs1/researchers/a/amallav/results/outputs_crop/obs_263836670_photo_474047112_box1.jpg,obs_263836670_photo_474047112,#N/A,1,1,Pycnopodia helianthoides,Pisaster ochraceus,FALSE,,Rag mop,Animalia,Animalia,Echinodermata,Echinodermata,Asteroidea,Asteroidea,Forcipulatida,Forcipulatida,Asteriidae,Asteriidae,Pycnopodia,Pisaster,0.034726989,5,"[{""species"": ""Larus glaucescens"", ""common_name"": ""Glaucous-winged gull"", ""score"": 0.23198302090168}, {""species"": ""Evasterias echinosoma"", ""common_name"": ""Giant star"", ""score"": 0.16615928709506989}, {""species"": ""Pisaster ochraceus"", ""common_name"": ""Ochre stars"", ""score"": 0.11256974935531616}, {""species"": ""Asterias rathbuni"", ""common_name"": """", ""score"": 0.06025470793247223}, {""species"": ""Pycnopodia helianthoides"", ""common_name"": ""Rag mop"", ""score"": 0.03472698852419853}]"
obs_263836670_photo_474047112_box2.jpg,/rs1/researchers/a/amallav/results/outputs_crop/obs_263836670_photo_474047112_box2.jpg,obs_263836670_photo_474047112,#N/A,2,2,Evasterias echinosoma,Pisaster ochraceus,FALSE,,Giant star,Animalia,Animalia,Echinodermata,Echinodermata,Asteroidea,Asteroidea,Forcipulatida,Forcipulatida,Asteriidae,Asteriidae,Evasterias,Pisaster,0.260431409,1,"[{""species"": ""Evasterias echinosoma"", ""common_name"": ""Giant star"", ""score"": 0.2604314088821411}, {""species"": ""Pisaster ochraceus"", ""common_name"": ""Ochre stars"", ""score"": 0.15353016555309296}, {""species"": ""Evasterias troschelii"", ""common_name"": """", ""score"": 0.08534035086631775}, {""species"": ""Pisaster brevispinus"", ""common_name"": ""Pink stars"", ""score"": 0.06009484827518463}, {""species"": ""Pycnopodia helianthoides"", ""common_name"": ""Rag mop"", ""score"": 0.055868592113256454}]"
obs_263836670_photo_474047112_box2.jpg,/rs1/researchers/a/amallav/results/outputs_crop/obs_263836670_photo_474047112_box2.jpg,obs_263836670_photo_474047112,#N/A,2,2,Pisaster ochraceus,Pisaster ochraceus,TRUE,,Ochre stars,Animalia,Animalia,Echinodermata,Echinodermata,Asteroidea,Asteroidea,Forcipulatida,Forcipulatida,Asteriidae,Asteriidae,Pisaster,Pisaster,0.153530166,2,"[{""species"": ""Evasterias echinosoma"", ""common_name"": ""Giant star"", ""score"": 0.2604314088821411}, {""species"": ""Pisaster ochraceus"", ""common_name"": ""Ochre stars"", ""score"": 0.15353016555309296}, {""species"": ""Evasterias troschelii"", ""common_name"": """", ""score"": 0.08534035086631775}, {""species"": ""Pisaster brevispinus"", ""common_name"": ""Pink stars"", ""score"": 0.06009484827518463}, {""species"": ""Pycnopodia helianthoides"", ""common_name"": ""Rag mop"", ""score"": 0.055868592113256454}]"
obs_263836670_photo_474047112_box2.jpg,/rs1/researchers/a/amallav/results/outputs_crop/obs_263836670_photo_474047112_box2.jpg,obs_263836670_photo_474047112,#N/A,2,2,Evasterias troschelii,Pisaster ochraceus,FALSE,,,Animalia,Animalia,Echinodermata,Echinodermata,Asteroidea,Asteroidea,Forcipulatida,Forcipulatida,Asteriidae,Asteriidae,Evasterias,Pisaster,0.085340351,3,"[{""species"": ""Evasterias echinosoma"", ""common_name"": ""Giant star"", ""score"": 0.2604314088821411}, {""species"": ""Pisaster ochraceus"", ""common_name"": ""Ochre stars"", ""score"": 0.15353016555309296}, {""species"": ""Evasterias troschelii"", ""common_name"": """", ""score"": 0.08534035086631775}, {""species"": ""Pisaster brevispinus"", ""common_name"": ""Pink stars"", ""score"": 0.06009484827518463}, {""species"": ""Pycnopodia helianthoides"", ""common_name"": ""Rag mop"", ""score"": 0.055868592113256454}]"
obs_263836670_photo_474047112_box2.jpg,/rs1/researchers/a/amallav/results/outputs_crop/obs_263836670_photo_474047112_box2.jpg,obs_263836670_photo_474047112,#N/A,2,2,Pisaster brevispinus,Pisaster ochraceus,FALSE,,Pink stars,Animalia,Animalia,Echinodermata,Echinodermata,Asteroidea,Asteroidea,Forcipulatida,Forcipulatida,Asteriidae,Asteriidae,Pisaster,Pisaster,0.060094848,4,"[{""species"": ""Evasterias echinosoma"", ""common_name"": ""Giant star"", ""score"": 0.2604314088821411}, {""species"": ""Pisaster ochraceus"", ""common_name"": ""Ochre stars"", ""score"": 0.15353016555309296}, {""species"": ""Evasterias troschelii"", ""common_name"": """", ""score"": 0.08534035086631775}, {""species"": ""Pisaster brevispinus"", ""common_name"": ""Pink stars"", ""score"": 0.06009484827518463}, {""species"": ""Pycnopodia helianthoides"", ""common_name"": ""Rag mop"", ""score"": 0.055868592113256454}]"
obs_263836670_photo_474047112_box2.jpg,/rs1/researchers/a/amallav/results/outputs_crop/obs_263836670_photo_474047112_box2.jpg,obs_263836670_photo_474047112,#N/A,2,2,Pycnopodia helianthoides,Pisaster ochraceus,FALSE,,Rag mop,Animalia,Animalia,Echinodermata,Echinodermata,Asteroidea,Asteroidea,Forcipulatida,Forcipulatida,Asteriidae,Asteriidae,Pycnopodia,Pisaster,0.055868592,5,"[{""species"": ""Evasterias echinosoma"", ""common_name"": ""Giant star"", ""score"": 0.2604314088821411}, {""species"": ""Pisaster ochraceus"", ""common_name"": ""Ochre stars"", ""score"": 0.15353016555309296}, {""species"": ""Evasterias troschelii"", ""common_name"": """", ""score"": 0.08534035086631775}, {""species"": ""Pisaster brevispinus"", ""common_name"": ""Pink stars"", ""score"": 0.06009484827518463}, {""species"": ""Pycnopodia helianthoides"", ""common_name"": ""Rag mop"", ""score"": 0.055868592113256454}]"
obs_264953671_photo_475827468_box1.jpg,/rs1/researchers/a/amallav/results/outputs_crop/obs_264953671_photo_475827468_box1.jpg,obs_264953671_photo_475827468,obs_264953671_photo_475827468,1,1,Pseudonympha detecta,Peripatopsis orientalis,FALSE,Species is small part of the box,,Animalia,Animalia,Arthropoda,Onychophora,Insecta,0,Lepidoptera,0,Nymphalidae,Peripatopsidae,Pseudonympha,Peripatopsis,0.293279052,1,"[{""species"": ""Pseudonympha detecta"", ""common_name"": """", ""score"": 0.2932790517807007}, {""species"": ""Eutricha capensis"", ""common_name"": """", ""score"": 0.10974684357643127}, {""species"": ""Eutricha bifascia"", ""common_name"": """", ""score"": 0.03598032891750336}, {""species"": ""Mesocelis monticola"", ""common_name"": """", ""score"": 0.026352103799581528}, {""species"": ""Duberria lutrix"", ""common_name"": ""Common slug eater"", ""score"": 0.02469043992459774}]"
obs_264953671_photo_475827468_box1.jpg,/rs1/researchers/a/amallav/results/outputs_crop/obs_264953671_photo_475827468_box1.jpg,obs_264953671_photo_475827468,obs_264953671_photo_475827468,1,1,Eutricha capensis,Peripatopsis orientalis,FALSE,Species is small part of the box,,Animalia,Animalia,Arthropoda,Onychophora,Insecta,0,Lepidoptera,0,Lasiocampidae,Peripatopsidae,Eutricha,Peripatopsis,0.109746844,2,"[{""species"": ""Pseudonympha detecta"", ""common_name"": """", ""score"": 0.2932790517807007}, {""species"": ""Eutricha capensis"", ""common_name"": """", ""score"": 0.10974684357643127}, {""species"": ""Eutricha bifascia"", ""common_name"": """", ""score"": 0.03598032891750336}, {""species"": ""Mesocelis monticola"", ""common_name"": """", ""score"": 0.026352103799581528}, {""species"": ""Duberria lutrix"", ""common_name"": ""Common slug eater"", ""score"": 0.02469043992459774}]"
obs_264953671_photo_475827468_box1.jpg,/rs1/researchers/a/amallav/results/outputs_crop/obs_264953671_photo_475827468_box1.jpg,obs_264953671_photo_475827468,obs_264953671_photo_475827468,1,1,Eutricha bifascia,Peripatopsis orientalis,FALSE,Species is small part of the box,,Animalia,Animalia,Arthropoda,Onychophora,Insecta,0,Lepidoptera,0,Lasiocampidae,Peripatopsidae,Eutricha,Peripatopsis,0.035980329,3,"[{""species"": ""Pseudonympha detecta"", ""common_name"": """", ""score"": 0.2932790517807007}, {""species"": ""Eutricha capensis"", ""common_name"": """", ""score"": 0.10974684357643127}, {""species"": ""Eutricha bifascia"", ""common_name"": """", ""score"": 0.03598032891750336}, {""species"": ""Mesocelis monticola"", ""common_name"": """", ""score"": 0.026352103799581528}, {""species"": ""Duberria lutrix"", ""common_name"": ""Common slug eater"", ""score"": 0.02469043992459774}]"
obs_264953671_photo_475827468_box1.jpg,/rs1/researchers/a/amallav/results/outputs_crop/obs_264953671_photo_475827468_box1.jpg,obs_264953671_photo_475827468,obs_264953671_photo_475827468,1,1,Mesocelis monticola,Peripatopsis orientalis,FALSE,Species is small part of the box,,Animalia,Animalia,Arthropoda,Onychophora,Insecta,0,Lepidoptera,0,Lasiocampidae,Peripatopsidae,Mesocelis,Peripatopsis,0.026352104,4,"[{""species"": ""Pseudonympha detecta"", ""common_name"": """", ""score"": 0.2932790517807007}, {""species"": ""Eutricha capensis"", ""common_name"": """", ""score"": 0.10974684357643127}, {""species"": ""Eutricha bifascia"", ""common_name"": """", ""score"": 0.03598032891750336}, {""species"": ""Mesocelis monticola"", ""common_name"": """", ""score"": 0.026352103799581528}, {""species"": ""Duberria lutrix"", ""common_name"": ""Common slug eater"", ""score"": 0.02469043992459774}]"
obs_264953671_photo_475827468_box1.jpg,/rs1/researchers/a/amallav/results/outputs_crop/obs_264953671_photo_475827468_box1.jpg,obs_264953671_photo_475827468,obs_264953671_photo_475827468,1,1,Duberria lutrix,Peripatopsis orientalis,FALSE,Species is small part of the box,Common slug eater,Animalia,Animalia,Chordata,Onychophora,Squamata,0,,0,Pseudoxyrhophiidae,Peripatopsidae,Duberria,Peripatopsis,0.02469044,5,"[{""species"": ""Pseudonympha detecta"", ""common_name"": """", ""score"": 0.2932790517807007}, {""species"": ""Eutricha capensis"", ""common_name"": """", ""score"": 0.10974684357643127}, {""species"": ""Eutricha bifascia"", ""common_name"": """", ""score"": 0.03598032891750336}, {""species"": ""Mesocelis monticola"", ""common_name"": """", ""score"": 0.026352103799581528}, {""species"": ""Duberria lutrix"", ""common_name"": ""Common slug eater"", ""score"": 0.02469043992459774}]"
obs_264953671_photo_475827468_box2.jpg,/rs1/researchers/a/amallav/results/outputs_crop/obs_264953671_photo_475827468_box2.jpg,obs_264953671_photo_475827468,obs_264953671_photo_475827468,2,2,Peripatopsis lawrencei,Peripatopsis orientalis,FALSE,Same genus but diff species,,Animalia,Animalia,Onychophora,Onychophora,,0,,0,Peripatopsidae,Peripatopsidae,Peripatopsis,Peripatopsis,0.448157191,1,"[{""species"": ""Peripatopsis lawrencei"", ""common_name"": """", ""score"": 0.4481571912765503}, {""species"": ""Peripatopsis sedgwicki"", ""common_name"": """", ""score"": 0.17698398232460022}, {""species"": ""Peripatopsis balfouri"", ""common_name"": """", ""score"": 0.039851848036050797}, {""species"": ""Peripatopsis overbergiensis"", ""common_name"": """", ""score"": 0.032468363642692566}, {""species"": ""Peripatopsis birgeri"", ""common_name"": """", ""score"": 0.029652230441570282}]"
obs_264953671_photo_475827468_box2.jpg,/rs1/researchers/a/amallav/results/outputs_crop/obs_264953671_photo_475827468_box2.jpg,obs_264953671_photo_475827468,obs_264953671_photo_475827468,2,2,Peripatopsis sedgwicki,Peripatopsis orientalis,FALSE,Same genus but diff species,,Animalia,Animalia,Onychophora,Onychophora,,0,,0,Peripatopsidae,Peripatopsidae,Peripatopsis,Peripatopsis,0.176983982,2,"[{""species"": ""Peripatopsis lawrencei"", ""common_name"": """", ""score"": 0.4481571912765503}, {""species"": ""Peripatopsis sedgwicki"", ""common_name"": """", ""score"": 0.17698398232460022}, {""species"": ""Peripatopsis balfouri"", ""common_name"": """", ""score"": 0.039851848036050797}, {""species"": ""Peripatopsis overbergiensis"", ""common_name"": """", ""score"": 0.032468363642692566}, {""species"": ""Peripatopsis birgeri"", ""common_name"": """", ""score"": 0.029652230441570282}]"
obs_264953671_photo_475827468_box2.jpg,/rs1/researchers/a/amallav/results/outputs_crop/obs_264953671_photo_475827468_box2.jpg,obs_264953671_photo_475827468,obs_264953671_photo_475827468,2,2,Peripatopsis balfouri,Peripatopsis orientalis,FALSE,Same genus but diff species,,Animalia,Animalia,Onychophora,Onychophora,,0,,0,Peripatopsidae,Peripatopsidae,Peripatopsis,Peripatopsis,0.039851848,3,"[{""species"": ""Peripatopsis lawrencei"", ""common_name"": """", ""score"": 0.4481571912765503}, {""species"": ""Peripatopsis sedgwicki"", ""common_name"": """", ""score"": 0.17698398232460022}, {""species"": ""Peripatopsis balfouri"", ""common_name"": """", ""score"": 0.039851848036050797}, {""species"": ""Peripatopsis overbergiensis"", ""common_name"": """", ""score"": 0.032468363642692566}, {""species"": ""Peripatopsis birgeri"", ""common_name"": """", ""score"": 0.029652230441570282}]"
obs_264953671_photo_475827468_box2.jpg,/rs1/researchers/a/amallav/results/outputs_crop/obs_264953671_photo_475827468_box2.jpg,obs_264953671_photo_475827468,obs_264953671_photo_475827468,2,2,Peripatopsis overbergiensis,Peripatopsis orientalis,FALSE,Same genus but diff species,,Animalia,Animalia,Onychophora,Onychophora,,0,,0,Peripatopsidae,Peripatopsidae,Peripatopsis,Peripatopsis,0.032468364,4,"[{""species"": ""Peripatopsis lawrencei"", ""common_name"": """", ""score"": 0.4481571912765503}, {""species"": ""Peripatopsis sedgwicki"", ""common_name"": """", ""score"": 0.17698398232460022}, {""species"": ""Peripatopsis balfouri"", ""common_name"": """", ""score"": 0.039851848036050797}, {""species"": ""Peripatopsis overbergiensis"", ""common_name"": """", ""score"": 0.032468363642692566}, {""species"": ""Peripatopsis birgeri"", ""common_name"": """", ""score"": 0.029652230441570282}]"
obs_264953671_photo_475827468_box2.jpg,/rs1/researchers/a/amallav/results/outputs_crop/obs_264953671_photo_475827468_box2.jpg,obs_264953671_photo_475827468,obs_264953671_photo_475827468,2,2,Peripatopsis birgeri,Peripatopsis orientalis,FALSE,Same genus but diff species,,Animalia,Animalia,Onychophora,Onychophora,,0,,0,Peripatopsidae,Peripatopsidae,Peripatopsis,Peripatopsis,0.02965223,5,"[{""species"": ""Peripatopsis lawrencei"", ""common_name"": """", ""score"": 0.4481571912765503}, {""species"": ""Peripatopsis sedgwicki"", ""common_name"": """", ""score"": 0.17698398232460022}, {""species"": ""Peripatopsis balfouri"", ""common_name"": """", ""score"": 0.039851848036050797}, {""species"": ""Peripatopsis overbergiensis"", ""common_name"": """", ""score"": 0.032468363642692566}, {""species"": ""Peripatopsis birgeri"", ""common_name"": """", ""score"": 0.029652230441570282}]"
obs_291009479_photo_523542929_box1.jpg,/rs1/researchers/a/amallav/results/outputs_crop/obs_291009479_photo_523542929_box1.jpg,obs_291009479_photo_523542929,#N/A,1,1,Ischyropsalis manicata,Macroperipatus torquatus,FALSE,,,Animalia,Animalia,Arthropoda,Onychophora,Arachnida,0,Opiliones,0,Ischyropsalididae,Peripatidae,Ischyropsalis,Macroperipatus,0.025880963,1,"[{""species"": ""Ischyropsalis manicata"", ""common_name"": """", ""score"": 0.02588096261024475}, {""species"": ""Ptilomera hylactor"", ""common_name"": """", ""score"": 0.02188793569803238}, {""species"": ""Eotrechus sinensis"", ""common_name"": """", ""score"": 0.021794121712446213}, {""species"": ""Eparchus tuberculatus"", ""common_name"": """", ""score"": 0.01889869198203087}, {""species"": ""Eparchus simplex"", ""common_name"": """", ""score"": 0.014671003445982933}]"
obs_291009479_photo_523542929_box1.jpg,/rs1/researchers/a/amallav/results/outputs_crop/obs_291009479_photo_523542929_box1.jpg,obs_291009479_photo_523542929,#N/A,1,1,Ptilomera hylactor,Macroperipatus torquatus,FALSE,,,Animalia,Animalia,Arthropoda,Onychophora,Insecta,0,Hemiptera,0,Gerridae,Peripatidae,Ptilomera,Macroperipatus,0.021887936,2,"[{""species"": ""Ischyropsalis manicata"", ""common_name"": """", ""score"": 0.02588096261024475}, {""species"": ""Ptilomera hylactor"", ""common_name"": """", ""score"": 0.02188793569803238}, {""species"": ""Eotrechus sinensis"", ""common_name"": """", ""score"": 0.021794121712446213}, {""species"": ""Eparchus tuberculatus"", ""common_name"": """", ""score"": 0.01889869198203087}, {""species"": ""Eparchus simplex"", ""common_name"": """", ""score"": 0.014671003445982933}]"
obs_291009479_photo_523542929_box1.jpg,/rs1/researchers/a/amallav/results/outputs_crop/obs_291009479_photo_523542929_box1.jpg,obs_291009479_photo_523542929,#N/A,1,1,Eotrechus sinensis,Macroperipatus torquatus,FALSE,,,Animalia,Animalia,Arthropoda,Onychophora,Insecta,0,Hemiptera,0,Gerridae,Peripatidae,Eotrechus,Macroperipatus,0.021794122,3,"[{""species"": ""Ischyropsalis manicata"", ""common_name"": """", ""score"": 0.02588096261024475}, {""species"": ""Ptilomera hylactor"", ""common_name"": """", ""score"": 0.02188793569803238}, {""species"": ""Eotrechus sinensis"", ""common_name"": """", ""score"": 0.021794121712446213}, {""species"": ""Eparchus tuberculatus"", ""common_name"": """", ""score"": 0.01889869198203087}, {""species"": ""Eparchus simplex"", ""common_name"": """", ""score"": 0.014671003445982933}]"
obs_291009479_photo_523542929_box1.jpg,/rs1/researchers/a/amallav/results/outputs_crop/obs_291009479_photo_523542929_box1.jpg,obs_291009479_photo_523542929,#N/A,1,1,Eparchus tuberculatus,Macroperipatus torquatus,FALSE,,,Animalia,Animalia,Arthropoda,Onychophora,Insecta,0,Dermaptera,0,Forficulidae,Peripatidae,Eparchus,Macroperipatus,0.018898692,4,"[{""species"": ""Ischyropsalis manicata"", ""common_name"": """", ""score"": 0.02588096261024475}, {""species"": ""Ptilomera hylactor"", ""common_name"": """", ""score"": 0.02188793569803238}, {""species"": ""Eotrechus sinensis"", ""common_name"": """", ""score"": 0.021794121712446213}, {""species"": ""Eparchus tuberculatus"", ""common_name"": """", ""score"": 0.01889869198203087}, {""species"": ""Eparchus simplex"", ""common_name"": """", ""score"": 0.014671003445982933}]"
obs_291009479_photo_523542929_box1.jpg,/rs1/researchers/a/amallav/results/outputs_crop/obs_291009479_photo_523542929_box1.jpg,obs_291009479_photo_523542929,#N/A,1,1,Eparchus simplex,Macroperipatus torquatus,FALSE,,,Animalia,Animalia,Arthropoda,Onychophora,Insecta,0,Dermaptera,0,Forficulidae,Peripatidae,Eparchus,Macroperipatus,0.014671003,5,"[{""species"": ""Ischyropsalis manicata"", ""common_name"": """", ""score"": 0.02588096261024475}, {""species"": ""Ptilomera hylactor"", ""common_name"": """", ""score"": 0.02188793569803238}, {""species"": ""Eotrechus sinensis"", ""common_name"": """", ""score"": 0.021794121712446213}, {""species"": ""Eparchus tuberculatus"", ""common_name"": """", ""score"": 0.01889869198203087}, {""species"": ""Eparchus simplex"", ""common_name"": """", ""score"": 0.014671003445982933}]"
obs_291009479_photo_523542929_box2.jpg,/rs1/researchers/a/amallav/results/outputs_crop/obs_291009479_photo_523542929_box2.jpg,obs_291009479_photo_523542929,#N/A,2,2,Pterygota excelsa,Macroperipatus torquatus,FALSE,,,Plantae,Animalia,Tracheophyta,Onychophora,Magnoliopsida,0,Malvales,0,Malvaceae,Peripatidae,Pterygota,Macroperipatus,0.056574818,1,"[{""species"": ""Pterygota excelsa"", ""common_name"": """", ""score"": 0.05657481774687767}, {""species"": ""Cola gigantea"", ""common_name"": ""Giant cola"", ""score"": 0.044667039066553116}, {""species"": ""Strombosia scheffleri"", ""common_name"": """", ""score"": 0.026559412479400635}, {""species"": ""Ampelocera macrocarpa"", ""common_name"": """", ""score"": 0.025440804660320282}, {""species"": ""Kuloa usambarensis"", ""common_name"": """", ""score"": 0.010958495549857616}]"
obs_291009479_photo_523542929_box2.jpg,/rs1/researchers/a/amallav/results/outputs_crop/obs_291009479_photo_523542929_box2.jpg,obs_291009479_photo_523542929,#N/A,2,2,Cola gigantea,Macroperipatus torquatus,FALSE,,Giant cola,Plantae,Animalia,Tracheophyta,Onychophora,Magnoliopsida,0,Malvales,0,Malvaceae,Peripatidae,Cola,Macroperipatus,0.044667039,2,"[{""species"": ""Pterygota excelsa"", ""common_name"": """", ""score"": 0.05657481774687767}, {""species"": ""Cola gigantea"", ""common_name"": ""Giant cola"", ""score"": 0.044667039066553116}, {""species"": ""Strombosia scheffleri"", ""common_name"": """", ""score"": 0.026559412479400635}, {""species"": ""Ampelocera macrocarpa"", ""common_name"": """", ""score"": 0.025440804660320282}, {""species"": ""Kuloa usambarensis"", ""common_name"": """", ""score"": 0.010958495549857616}]"
obs_291009479_photo_523542929_box2.jpg,/rs1/researchers/a/amallav/results/outputs_crop/obs_291009479_photo_523542929_box2.jpg,obs_291009479_photo_523542929,#N/A,2,2,Strombosia scheffleri,Macroperipatus torquatus,FALSE,,,Plantae,Animalia,Tracheophyta,Onychophora,Magnoliopsida,0,Santalales,0,Strombosiaceae,Peripatidae,Strombosia,Macroperipatus,0.026559412,3,"[{""species"": ""Pterygota excelsa"", ""common_name"": """", ""score"": 0.05657481774687767}, {""species"": ""Cola gigantea"", ""common_name"": ""Giant cola"", ""score"": 0.044667039066553116}, {""species"": ""Strombosia scheffleri"", ""common_name"": """", ""score"": 0.026559412479400635}, {""species"": ""Ampelocera macrocarpa"", ""common_name"": """", ""score"": 0.025440804660320282}, {""species"": ""Kuloa usambarensis"", ""common_name"": """", ""score"": 0.010958495549857616}]"
obs_291009479_photo_523542929_box2.jpg,/rs1/researchers/a/amallav/results/outputs_crop/obs_291009479_photo_523542929_box2.jpg,obs_291009479_photo_523542929,#N/A,2,2,Ampelocera macrocarpa,Macroperipatus torquatus,FALSE,,,Plantae,Animalia,Tracheophyta,Onychophora,Magnoliopsida,0,Rosales,0,Cannabaceae,Peripatidae,Ampelocera,Macroperipatus,0.025440805,4,"[{""species"": ""Pterygota excelsa"", ""common_name"": """", ""score"": 0.05657481774687767}, {""species"": ""Cola gigantea"", ""common_name"": ""Giant cola"", ""score"": 0.044667039066553116}, {""species"": ""Strombosia scheffleri"", ""common_name"": """", ""score"": 0.026559412479400635}, {""species"": ""Ampelocera macrocarpa"", ""common_name"": """", ""score"": 0.025440804660320282}, {""species"": ""Kuloa usambarensis"", ""common_name"": """", ""score"": 0.010958495549857616}]"
obs_291009479_photo_523542929_box2.jpg,/rs1/researchers/a/amallav/results/outputs_crop/obs_291009479_photo_523542929_box2.jpg,obs_291009479_photo_523542929,#N/A,2,2,Kuloa usambarensis,Macroperipatus torquatus,FALSE,,,Plantae,Animalia,Tracheophyta,Onychophora,Magnoliopsida,0,Laurales,0,Lauraceae,Peripatidae,Kuloa,Macroperipatus,0.010958496,5,"[{""species"": ""Pterygota excelsa"", ""common_name"": """", ""score"": 0.05657481774687767}, {""species"": ""Cola gigantea"", ""common_name"": ""Giant cola"", ""score"": 0.044667039066553116}, {""species"": ""Strombosia scheffleri"", ""common_name"": """", ""score"": 0.026559412479400635}, {""species"": ""Ampelocera macrocarpa"", ""common_name"": """", ""score"": 0.025440804660320282}, {""species"": ""Kuloa usambarensis"", ""common_name"": """", ""score"": 0.010958495549857616}]"
obs_291009479_photo_523542929_box3.jpg,/rs1/researchers/a/amallav/results/outputs_crop/obs_291009479_photo_523542929_box3.jpg,obs_291009479_photo_523542929,#N/A,3,3,Hynobius fucus,Macroperipatus torquatus,FALSE,,Taiwan lesser salamander,Animalia,Animalia,Chordata,Onychophora,Amphibia,0,Caudata,0,Hynobiidae,Peripatidae,Hynobius,Macroperipatus,0.164868698,1,"[{""species"": ""Hynobius fucus"", ""common_name"": ""Taiwan lesser salamander"", ""score"": 0.16486869752407074}, {""species"": ""Hynobius arisanensis"", ""common_name"": ""Alisan's salamander"", ""score"": 0.1096336767077446}, {""species"": ""Desmognathus monticola"", ""common_name"": ""Seal salamander"", ""score"": 0.027588292956352234}, {""species"": ""Desmognathus imitator"", ""common_name"": ""Imitator salamander"", ""score"": 0.026768062263727188}, {""species"": ""Saproscincus challengeri"", ""common_name"": ""Orange-tailed Shadeskink"", ""score"": 0.02081536315381527}]"
obs_291009479_photo_523542929_box3.jpg,/rs1/researchers/a/amallav/results/outputs_crop/obs_291009479_photo_523542929_box3.jpg,obs_291009479_photo_523542929,#N/A,3,3,Hynobius arisanensis,Macroperipatus torquatus,FALSE,,Alisan's salamander,Animalia,Animalia,Chordata,Onychophora,Amphibia,0,Caudata,0,Hynobiidae,Peripatidae,Hynobius,Macroperipatus,0.109633677,2,"[{""species"": ""Hynobius fucus"", ""common_name"": ""Taiwan lesser salamander"", ""score"": 0.16486869752407074}, {""species"": ""Hynobius arisanensis"", ""common_name"": ""Alisan's salamander"", ""score"": 0.1096336767077446}, {""species"": ""Desmognathus monticola"", ""common_name"": ""Seal salamander"", ""score"": 0.027588292956352234}, {""species"": ""Desmognathus imitator"", ""common_name"": ""Imitator salamander"", ""score"": 0.026768062263727188}, {""species"": ""Saproscincus challengeri"", ""common_name"": ""Orange-tailed Shadeskink"", ""score"": 0.02081536315381527}]"
obs_291009479_photo_523542929_box3.jpg,/rs1/researchers/a/amallav/results/outputs_crop/obs_291009479_photo_523542929_box3.jpg,obs_291009479_photo_523542929,#N/A,3,3,Desmognathus monticola,Macroperipatus torquatus,FALSE,,Seal salamander,Animalia,Animalia,Chordata,Onychophora,Amphibia,0,Caudata,0,Plethodontidae,Peripatidae,Desmognathus,Macroperipatus,0.027588293,3,"[{""species"": ""Hynobius fucus"", ""common_name"": ""Taiwan lesser salamander"", ""score"": 0.16486869752407074}, {""species"": ""Hynobius arisanensis"", ""common_name"": ""Alisan's salamander"", ""score"": 0.1096336767077446}, {""species"": ""Desmognathus monticola"", ""common_name"": ""Seal salamander"", ""score"": 0.027588292956352234}, {""species"": ""Desmognathus imitator"", ""common_name"": ""Imitator salamander"", ""score"": 0.026768062263727188}, {""species"": ""Saproscincus challengeri"", ""common_name"": ""Orange-tailed Shadeskink"", ""score"": 0.02081536315381527}]"
obs_291009479_photo_523542929_box3.jpg,/rs1/researchers/a/amallav/results/outputs_crop/obs_291009479_photo_523542929_box3.jpg,obs_291009479_photo_523542929,#N/A,3,3,Desmognathus imitator,Macroperipatus torquatus,FALSE,,Imitator salamander,Animalia,Animalia,Chordata,Onychophora,Amphibia,0,Caudata,0,Plethodontidae,Peripatidae,Desmognathus,Macroperipatus,0.026768062,4,"[{""species"": ""Hynobius fucus"", ""common_name"": ""Taiwan lesser salamander"", ""score"": 0.16486869752407074}, {""species"": ""Hynobius arisanensis"", ""common_name"": ""Alisan's salamander"", ""score"": 0.1096336767077446}, {""species"": ""Desmognathus monticola"", ""common_name"": ""Seal salamander"", ""score"": 0.027588292956352234}, {""species"": ""Desmognathus imitator"", ""common_name"": ""Imitator salamander"", ""score"": 0.026768062263727188}, {""species"": ""Saproscincus challengeri"", ""common_name"": ""Orange-tailed Shadeskink"", ""score"": 0.02081536315381527}]"
obs_291009479_photo_523542929_box3.jpg,/rs1/researchers/a/amallav/results/outputs_crop/obs_291009479_photo_523542929_box3.jpg,obs_291009479_photo_523542929,#N/A,3,3,Saproscincus challengeri,Macroperipatus torquatus,FALSE,,Orange-tailed Shadeskink,Animalia,Animalia,Chordata,Onychophora,Squamata,0,,0,Scincidae,Peripatidae,Saproscincus,Macroperipatus,0.020815363,5,"[{""species"": ""Hynobius fucus"", ""common_name"": ""Taiwan lesser salamander"", ""score"": 0.16486869752407074}, {""species"": ""Hynobius arisanensis"", ""common_name"": ""Alisan's salamander"", ""score"": 0.1096336767077446}, {""species"": ""Desmognathus monticola"", ""common_name"": ""Seal salamander"", ""score"": 0.027588292956352234}, {""species"": ""Desmognathus imitator"", ""common_name"": ""Imitator salamander"", ""score"": 0.026768062263727188}, {""species"": ""Saproscincus challengeri"", ""common_name"": ""Orange-tailed Shadeskink"", ""score"": 0.02081536315381527}]"
obs_291009479_photo_523542929_box4.jpg,/rs1/researchers/a/amallav/results/outputs_crop/obs_291009479_photo_523542929_box4.jpg,obs_291009479_photo_523542929,#N/A,4,4,Edentistoma octosulcatum,Macroperipatus torquatus,FALSE,,,Animalia,Animalia,Arthropoda,Onychophora,Chilopoda,0,Scolopendromorpha,0,Scolopendridae,Peripatidae,Edentistoma,Macroperipatus,0.151342288,1,"[{""species"": ""Edentistoma octosulcatum"", ""common_name"": """", ""score"": 0.15134228765964508}, {""species"": ""Cormocephalus coynei"", ""common_name"": """", ""score"": 0.06280311197042465}, {""species"": ""Scolopendra hermosa"", ""common_name"": """", ""score"": 0.05740230903029442}, {""species"": ""Rhysida longicornis"", ""common_name"": """", ""score"": 0.04887828230857849}, {""species"": ""Otostigmus brevidentatus"", ""common_name"": """", ""score"": 0.046055831015110016}]"
obs_291009479_photo_523542929_box4.jpg,/rs1/researchers/a/amallav/results/outputs_crop/obs_291009479_photo_523542929_box4.jpg,obs_291009479_photo_523542929,#N/A,4,4,Cormocephalus coynei,Macroperipatus torquatus,FALSE,,,Animalia,Animalia,Arthropoda,Onychophora,Chilopoda,0,Scolopendromorpha,0,Scolopendridae,Peripatidae,Cormocephalus,Macroperipatus,0.062803112,2,"[{""species"": ""Edentistoma octosulcatum"", ""common_name"": """", ""score"": 0.15134228765964508}, {""species"": ""Cormocephalus coynei"", ""common_name"": """", ""score"": 0.06280311197042465}, {""species"": ""Scolopendra hermosa"", ""common_name"": """", ""score"": 0.05740230903029442}, {""species"": ""Rhysida longicornis"", ""common_name"": """", ""score"": 0.04887828230857849}, {""species"": ""Otostigmus brevidentatus"", ""common_name"": """", ""score"": 0.046055831015110016}]"
obs_291009479_photo_523542929_box4.jpg,/rs1/researchers/a/amallav/results/outputs_crop/obs_291009479_photo_523542929_box4.jpg,obs_291009479_photo_523542929,#N/A,4,4,Scolopendra hermosa,Macroperipatus torquatus,FALSE,,,Animalia,Animalia,Arthropoda,Onychophora,Chilopoda,0,Scolopendromorpha,0,Scolopendridae,Peripatidae,Scolopendra,Macroperipatus,0.057402309,3,"[{""species"": ""Edentistoma octosulcatum"", ""common_name"": """", ""score"": 0.15134228765964508}, {""species"": ""Cormocephalus coynei"", ""common_name"": """", ""score"": 0.06280311197042465}, {""species"": ""Scolopendra hermosa"", ""common_name"": """", ""score"": 0.05740230903029442}, {""species"": ""Rhysida longicornis"", ""common_name"": """", ""score"": 0.04887828230857849}, {""species"": ""Otostigmus brevidentatus"", ""common_name"": """", ""score"": 0.046055831015110016}]"
obs_291009479_photo_523542929_box4.jpg,/rs1/researchers/a/amallav/results/outputs_crop/obs_291009479_photo_523542929_box4.jpg,obs_291009479_photo_523542929,#N/A,4,4,Rhysida longicornis,Macroperipatus torquatus,FALSE,,,Animalia,Animalia,Arthropoda,Onychophora,Chilopoda,0,Scolopendromorpha,0,Scolopendridae,Peripatidae,Rhysida,Macroperipatus,0.048878282,4,"[{""species"": ""Edentistoma octosulcatum"", ""common_name"": """", ""score"": 0.15134228765964508}, {""species"": ""Cormocephalus coynei"", ""common_name"": """", ""score"": 0.06280311197042465}, {""species"": ""Scolopendra hermosa"", ""common_name"": """", ""score"": 0.05740230903029442}, {""species"": ""Rhysida longicornis"", ""common_name"": """", ""score"": 0.04887828230857849}, {""species"": ""Otostigmus brevidentatus"", ""common_name"": """", ""score"": 0.046055831015110016}]"
obs_291009479_photo_523542929_box4.jpg,/rs1/researchers/a/amallav/results/outputs_crop/obs_291009479_photo_523542929_box4.jpg,obs_291009479_photo_523542929,#N/A,4,4,Otostigmus brevidentatus,Macroperipatus torquatus,FALSE,,,Animalia,Animalia,Arthropoda,Onychophora,Chilopoda,0,Scolopendromorpha,0,Scolopendridae,Peripatidae,Otostigmus,Macroperipatus,0.046055831,5,"[{""species"": ""Edentistoma octosulcatum"", ""common_name"": """", ""score"": 0.15134228765964508}, {""species"": ""Cormocephalus coynei"", ""common_name"": """", ""score"": 0.06280311197042465}, {""species"": ""Scolopendra hermosa"", ""common_name"": """", ""score"": 0.05740230903029442}, {""species"": ""Rhysida longicornis"", ""common_name"": """", ""score"": 0.04887828230857849}, {""species"": ""Otostigmus brevidentatus"", ""common_name"": """", ""score"": 0.046055831015110016}]"
obs_291009479_photo_523542929_box5.jpg,/rs1/researchers/a/amallav/results/outputs_crop/obs_291009479_photo_523542929_box5.jpg,obs_291009479_photo_523542929,#N/A,5,5,Macroperipatus torquatus,Macroperipatus torquatus,TRUE,,,Animalia,Animalia,Onychophora,Onychophora,,0,,0,Peripatidae,Peripatidae,Macroperipatus,Macroperipatus,0.127154946,1,"[{""species"": ""Macroperipatus torquatus"", ""common_name"": """", ""score"": 0.12715494632720947}, {""species"": ""Mongeperipatus solorzanoi"", ""common_name"": """", ""score"": 0.03396551311016083}, {""species"": ""Mongeperipatus kekoldi"", ""common_name"": """", ""score"": 0.021115265786647797}, {""species"": ""Rhysida longicornis"", ""common_name"": """", ""score"": 0.020949026569724083}, {""species"": ""Ptilomera hylactor"", ""common_name"": """", ""score"": 0.017776358872652054}]"
obs_291009479_photo_523542929_box5.jpg,/rs1/researchers/a/amallav/results/outputs_crop/obs_291009479_photo_523542929_box5.jpg,obs_291009479_photo_523542929,#N/A,5,5,Mongeperipatus solorzanoi,Macroperipatus torquatus,FALSE,,,Animalia,Animalia,Onychophora,Onychophora,,0,,0,Peripatidae,Peripatidae,Mongeperipatus,Macroperipatus,0.033965513,2,"[{""species"": ""Macroperipatus torquatus"", ""common_name"": """", ""score"": 0.12715494632720947}, {""species"": ""Mongeperipatus solorzanoi"", ""common_name"": """", ""score"": 0.03396551311016083}, {""species"": ""Mongeperipatus kekoldi"", ""common_name"": """", ""score"": 0.021115265786647797}, {""species"": ""Rhysida longicornis"", ""common_name"": """", ""score"": 0.020949026569724083}, {""species"": ""Ptilomera hylactor"", ""common_name"": """", ""score"": 0.017776358872652054}]"
obs_291009479_photo_523542929_box5.jpg,/rs1/researchers/a/amallav/results/outputs_crop/obs_291009479_photo_523542929_box5.jpg,obs_291009479_photo_523542929,#N/A,5,5,Mongeperipatus kekoldi,Macroperipatus torquatus,FALSE,,,Animalia,Animalia,Onychophora,Onychophora,,0,,0,Peripatidae,Peripatidae,Mongeperipatus,Macroperipatus,0.021115266,3,"[{""species"": ""Macroperipatus torquatus"", ""common_name"": """", ""score"": 0.12715494632720947}, {""species"": ""Mongeperipatus solorzanoi"", ""common_name"": """", ""score"": 0.03396551311016083}, {""species"": ""Mongeperipatus kekoldi"", ""common_name"": """", ""score"": 0.021115265786647797}, {""species"": ""Rhysida longicornis"", ""common_name"": """", ""score"": 0.020949026569724083}, {""species"": ""Ptilomera hylactor"", ""common_name"": """", ""score"": 0.017776358872652054}]"
obs_291009479_photo_523542929_box5.jpg,/rs1/researchers/a/amallav/results/outputs_crop/obs_291009479_photo_523542929_box5.jpg,obs_291009479_photo_523542929,#N/A,5,5,Rhysida longicornis,Macroperipatus torquatus,FALSE,,,Animalia,Animalia,Arthropoda,Onychophora,Chilopoda,0,Scolopendromorpha,0,Scolopendridae,Peripatidae,Rhysida,Macroperipatus,0.020949027,4,"[{""species"": ""Macroperipatus torquatus"", ""common_name"": """", ""score"": 0.12715494632720947}, {""species"": ""Mongeperipatus solorzanoi"", ""common_name"": """", ""score"": 0.03396551311016083}, {""species"": ""Mongeperipatus kekoldi"", ""common_name"": """", ""score"": 0.021115265786647797}, {""species"": ""Rhysida longicornis"", ""common_name"": """", ""score"": 0.020949026569724083}, {""species"": ""Ptilomera hylactor"", ""common_name"": """", ""score"": 0.017776358872652054}]"
obs_291009479_photo_523542929_box5.jpg,/rs1/researchers/a/amallav/results/outputs_crop/obs_291009479_photo_523542929_box5.jpg,obs_291009479_photo_523542929,#N/A,5,5,Ptilomera hylactor,Macroperipatus torquatus,FALSE,,,Animalia,Animalia,Arthropoda,Onychophora,Insecta,0,Hemiptera,0,Gerridae,Peripatidae,Ptilomera,Macroperipatus,0.017776359,5,"[{""species"": ""Macroperipatus torquatus"", ""common_name"": """", ""score"": 0.12715494632720947}, {""species"": ""Mongeperipatus solorzanoi"", ""common_name"": """", ""score"": 0.03396551311016083}, {""species"": ""Mongeperipatus kekoldi"", ""common_name"": """", ""score"": 0.021115265786647797}, {""species"": ""Rhysida longicornis"", ""common_name"": """", ""score"": 0.020949026569724083}, {""species"": ""Ptilomera hylactor"", ""common_name"": """", ""score"": 0.017776358872652054}]"
obs_302755190_photo_545634287_box1.jpg,/rs1/researchers/a/amallav/results/outputs_crop/obs_302755190_photo_545634287_box1.jpg,obs_302755190_photo_545634287,obs_302755190_photo_545634287,1,1,Chionaspis nyssae,Wilsoniana amaranthi,FALSE,Species features not very clear,Sour gum chionapsis,Animalia,Chromista,Arthropoda,Oomycota,Insecta,Peronosporomycetes,Hemiptera,Albuginales,Diaspididae,Albuginaceae,Chionaspis,Wilsoniana,0.056217343,1,"[{""species"": ""Chionaspis nyssae"", ""common_name"": ""Sour gum chionapsis"", ""score"": 0.056217342615127563}, {""species"": ""Diaspidiotus liquidambaris"", ""common_name"": ""Sweet gum scale"", ""score"": 0.02442537248134613}, {""species"": ""Aceria diversicoloris"", ""common_name"": """", ""score"": 0.01898045651614666}, {""species"": ""Wilsoniana achyranthis"", ""common_name"": """", ""score"": 0.018253188580274582}, {""species"": ""Albugo lepidii"", ""common_name"": """", ""score"": 0.018025536090135574}]"
obs_302755190_photo_545634287_box1.jpg,/rs1/researchers/a/amallav/results/outputs_crop/obs_302755190_photo_545634287_box1.jpg,obs_302755190_photo_545634287,obs_302755190_photo_545634287,1,1,Diaspidiotus liquidambaris,Wilsoniana amaranthi,FALSE,Species features not very clear,Sweet gum scale,Animalia,Chromista,Arthropoda,Oomycota,Insecta,Peronosporomycetes,Hemiptera,Albuginales,Diaspididae,Albuginaceae,Diaspidiotus,Wilsoniana,0.024425372,2,"[{""species"": ""Chionaspis nyssae"", ""common_name"": ""Sour gum chionapsis"", ""score"": 0.056217342615127563}, {""species"": ""Diaspidiotus liquidambaris"", ""common_name"": ""Sweet gum scale"", ""score"": 0.02442537248134613}, {""species"": ""Aceria diversicoloris"", ""common_name"": """", ""score"": 0.01898045651614666}, {""species"": ""Wilsoniana achyranthis"", ""common_name"": """", ""score"": 0.018253188580274582}, {""species"": ""Albugo lepidii"", ""common_name"": """", ""score"": 0.018025536090135574}]"
obs_302755190_photo_545634287_box1.jpg,/rs1/researchers/a/amallav/results/outputs_crop/obs_302755190_photo_545634287_box1.jpg,obs_302755190_photo_545634287,obs_302755190_photo_545634287,1,1,Aceria diversicoloris,Wilsoniana amaranthi,FALSE,Species features not very clear,,Animalia,Chromista,Arthropoda,Oomycota,Arachnida,Peronosporomycetes,Trombidiformes,Albuginales,Eriophyidae,Albuginaceae,Aceria,Wilsoniana,0.018980457,3,"[{""species"": ""Chionaspis nyssae"", ""common_name"": ""Sour gum chionapsis"", ""score"": 0.056217342615127563}, {""species"": ""Diaspidiotus liquidambaris"", ""common_name"": ""Sweet gum scale"", ""score"": 0.02442537248134613}, {""species"": ""Aceria diversicoloris"", ""common_name"": """", ""score"": 0.01898045651614666}, {""species"": ""Wilsoniana achyranthis"", ""common_name"": """", ""score"": 0.018253188580274582}, {""species"": ""Albugo lepidii"", ""common_name"": """", ""score"": 0.018025536090135574}]"
obs_302755190_photo_545634287_box1.jpg,/rs1/researchers/a/amallav/results/outputs_crop/obs_302755190_photo_545634287_box1.jpg,obs_302755190_photo_545634287,obs_302755190_photo_545634287,1,1,Wilsoniana achyranthis,Wilsoniana amaranthi,FALSE,Same genus but diff species,,Chromista,Chromista,Oomycota,Oomycota,Peronosporea,Peronosporomycetes,Albuginales,Albuginales,Albuginaceae,Albuginaceae,Wilsoniana,Wilsoniana,0.018253189,4,"[{""species"": ""Chionaspis nyssae"", ""common_name"": ""Sour gum chionapsis"", ""score"": 0.056217342615127563}, {""species"": ""Diaspidiotus liquidambaris"", ""common_name"": ""Sweet gum scale"", ""score"": 0.02442537248134613}, {""species"": ""Aceria diversicoloris"", ""common_name"": """", ""score"": 0.01898045651614666}, {""species"": ""Wilsoniana achyranthis"", ""common_name"": """", ""score"": 0.018253188580274582}, {""species"": ""Albugo lepidii"", ""common_name"": """", ""score"": 0.018025536090135574}]"
obs_302755190_photo_545634287_box1.jpg,/rs1/researchers/a/amallav/results/outputs_crop/obs_302755190_photo_545634287_box1.jpg,obs_302755190_photo_545634287,obs_302755190_photo_545634287,1,1,Albugo lepidii,Wilsoniana amaranthi,FALSE,Species features not very clear,,Chromista,Chromista,Oomycota,Oomycota,Peronosporea,Peronosporomycetes,Albuginales,Albuginales,Albuginaceae,Albuginaceae,Albugo,Wilsoniana,0.018025536,5,"[{""species"": ""Chionaspis nyssae"", ""common_name"": ""Sour gum chionapsis"", ""score"": 0.056217342615127563}, {""species"": ""Diaspidiotus liquidambaris"", ""common_name"": ""Sweet gum scale"", ""score"": 0.02442537248134613}, {""species"": ""Aceria diversicoloris"", ""common_name"": """", ""score"": 0.01898045651614666}, {""species"": ""Wilsoniana achyranthis"", ""common_name"": """", ""score"": 0.018253188580274582}, {""species"": ""Albugo lepidii"", ""common_name"": """", ""score"": 0.018025536090135574}]"
obs_302755190_photo_545634287_box2.jpg,/rs1/researchers/a/amallav/results/outputs_crop/obs_302755190_photo_545634287_box2.jpg,obs_302755190_photo_545634287,obs_302755190_photo_545634287,2,2,Wilsoniana achyranthis,Wilsoniana amaranthi,FALSE,Same genus but diff species,,Chromista,Chromista,Oomycota,Oomycota,Peronosporea,Peronosporomycetes,Albuginales,Albuginales,Albuginaceae,Albuginaceae,Wilsoniana,Wilsoniana,0.727047563,1,"[{""species"": ""Wilsoniana achyranthis"", ""common_name"": """", ""score"": 0.7270475625991821}, {""species"": ""Wilsoniana occidentalis"", ""common_name"": """", ""score"": 0.04774335026741028}, {""species"": ""Wilsoniana platensis"", ""common_name"": """", ""score"": 0.032508742064237595}, {""species"": ""Wilsoniana bliti"", ""common_name"": ""White blister rust disease"", ""score"": 0.013867207802832127}, {""species"": ""Hemiberlesia neodiffinis"", ""common_name"": """", ""score"": 0.004965296946465969}]"
obs_302755190_photo_545634287_box2.jpg,/rs1/researchers/a/amallav/results/outputs_crop/obs_302755190_photo_545634287_box2.jpg,obs_302755190_photo_545634287,obs_302755190_photo_545634287,2,2,Wilsoniana occidentalis,Wilsoniana amaranthi,FALSE,Same genus but diff species,,Chromista,Chromista,Oomycota,Oomycota,Peronosporea,Peronosporomycetes,Albuginales,Albuginales,Albuginaceae,Albuginaceae,Wilsoniana,Wilsoniana,0.04774335,2,"[{""species"": ""Wilsoniana achyranthis"", ""common_name"": """", ""score"": 0.7270475625991821}, {""species"": ""Wilsoniana occidentalis"", ""common_name"": """", ""score"": 0.04774335026741028}, {""species"": ""Wilsoniana platensis"", ""common_name"": """", ""score"": 0.032508742064237595}, {""species"": ""Wilsoniana bliti"", ""common_name"": ""White blister rust disease"", ""score"": 0.013867207802832127}, {""species"": ""Hemiberlesia neodiffinis"", ""common_name"": """", ""score"": 0.004965296946465969}]"
obs_302755190_photo_545634287_box2.jpg,/rs1/researchers/a/amallav/results/outputs_crop/obs_302755190_photo_545634287_box2.jpg,obs_302755190_photo_545634287,obs_302755190_photo_545634287,2,2,Wilsoniana platensis,Wilsoniana amaranthi,FALSE,Same genus but diff species,,Chromista,Chromista,Oomycota,Oomycota,Peronosporea,Peronosporomycetes,Albuginales,Albuginales,Albuginaceae,Albuginaceae,Wilsoniana,Wilsoniana,0.032508742,3,"[{""species"": ""Wilsoniana achyranthis"", ""common_name"": """", ""score"": 0.7270475625991821}, {""species"": ""Wilsoniana occidentalis"", ""common_name"": """", ""score"": 0.04774335026741028}, {""species"": ""Wilsoniana platensis"", ""common_name"": """", ""score"": 0.032508742064237595}, {""species"": ""Wilsoniana bliti"", ""common_name"": ""White blister rust disease"", ""score"": 0.013867207802832127}, {""species"": ""Hemiberlesia neodiffinis"", ""common_name"": """", ""score"": 0.004965296946465969}]"
obs_302755190_photo_545634287_box2.jpg,/rs1/researchers/a/amallav/results/outputs_crop/obs_302755190_photo_545634287_box2.jpg,obs_302755190_photo_545634287,obs_302755190_photo_545634287,2,2,Wilsoniana bliti,Wilsoniana amaranthi,FALSE,Same genus but diff species,White blister rust disease,Chromista,Chromista,Oomycota,Oomycota,Peronosporea,Peronosporomycetes,Albuginales,Albuginales,Albuginaceae,Albuginaceae,Wilsoniana,Wilsoniana,0.013867208,4,"[{""species"": ""Wilsoniana achyranthis"", ""common_name"": """", ""score"": 0.7270475625991821}, {""species"": ""Wilsoniana occidentalis"", ""common_name"": """", ""score"": 0.04774335026741028}, {""species"": ""Wilsoniana platensis"", ""common_name"": """", ""score"": 0.032508742064237595}, {""species"": ""Wilsoniana bliti"", ""common_name"": ""White blister rust disease"", ""score"": 0.013867207802832127}, {""species"": ""Hemiberlesia neodiffinis"", ""common_name"": """", ""score"": 0.004965296946465969}]"
obs_302755190_photo_545634287_box2.jpg,/rs1/researchers/a/amallav/results/outputs_crop/obs_302755190_photo_545634287_box2.jpg,obs_302755190_photo_545634287,obs_302755190_photo_545634287,2,2,Hemiberlesia neodiffinis,Wilsoniana amaranthi,FALSE,Species features not very clear,,Animalia,Chromista,Arthropoda,Oomycota,Insecta,Peronosporomycetes,Hemiptera,Albuginales,Diaspididae,Albuginaceae,Hemiberlesia,Wilsoniana,0.004965297,5,"[{""species"": ""Wilsoniana achyranthis"", ""common_name"": """", ""score"": 0.7270475625991821}, {""species"": ""Wilsoniana occidentalis"", ""common_name"": """", ""score"": 0.04774335026741028}, {""species"": ""Wilsoniana platensis"", ""common_name"": """", ""score"": 0.032508742064237595}, {""species"": ""Wilsoniana bliti"", ""common_name"": ""White blister rust disease"", ""score"": 0.013867207802832127}, {""species"": ""Hemiberlesia neodiffinis"", ""common_name"": """", ""score"": 0.004965296946465969}]"
obs_302755190_photo_545634287_box3.jpg,/rs1/researchers/a/amallav/results/outputs_crop/obs_302755190_photo_545634287_box3.jpg,obs_302755190_photo_545634287,obs_302755190_photo_545634287,3,3,Chionaspis nyssae,Wilsoniana amaranthi,FALSE,Species features not very clear,Sour gum chionapsis,Animalia,Chromista,Arthropoda,Oomycota,Insecta,Peronosporomycetes,Hemiptera,Albuginales,Diaspididae,Albuginaceae,Chionaspis,Wilsoniana,0.032624599,1,"[{""species"": ""Chionaspis nyssae"", ""common_name"": ""Sour gum chionapsis"", ""score"": 0.03262459859251976}, {""species"": ""Diaspidiotus liquidambaris"", ""common_name"": ""Sweet gum scale"", ""score"": 0.02370877005159855}, {""species"": ""Aceria clianthi"", ""common_name"": """", ""score"": 0.02156255580484867}, {""species"": ""Pustula tragopogonis"", ""common_name"": ""Sunflower white rust"", ""score"": 0.015803450718522072}, {""species"": ""Puccinia horiana"", ""common_name"": ""Chrysanthemum white rust"", ""score"": 0.009058970026671886}]"
obs_302755190_photo_545634287_box3.jpg,/rs1/researchers/a/amallav/results/outputs_crop/obs_302755190_photo_545634287_box3.jpg,obs_302755190_photo_545634287,obs_302755190_photo_545634287,3,3,Diaspidiotus liquidambaris,Wilsoniana amaranthi,FALSE,Species features not very clear,Sweet gum scale,Animalia,Chromista,Arthropoda,Oomycota,Insecta,Peronosporomycetes,Hemiptera,Albuginales,Diaspididae,Albuginaceae,Diaspidiotus,Wilsoniana,0.02370877,2,"[{""species"": ""Chionaspis nyssae"", ""common_name"": ""Sour gum chionapsis"", ""score"": 0.03262459859251976}, {""species"": ""Diaspidiotus liquidambaris"", ""common_name"": ""Sweet gum scale"", ""score"": 0.02370877005159855}, {""species"": ""Aceria clianthi"", ""common_name"": """", ""score"": 0.02156255580484867}, {""species"": ""Pustula tragopogonis"", ""common_name"": ""Sunflower white rust"", ""score"": 0.015803450718522072}, {""species"": ""Puccinia horiana"", ""common_name"": ""Chrysanthemum white rust"", ""score"": 0.009058970026671886}]"
obs_302755190_photo_545634287_box3.jpg,/rs1/researchers/a/amallav/results/outputs_crop/obs_302755190_photo_545634287_box3.jpg,obs_302755190_photo_545634287,obs_302755190_photo_545634287,3,3,Aceria clianthi,Wilsoniana amaranthi,FALSE,Species features not very clear,,Animalia,Chromista,Arthropoda,Oomycota,Arachnida,Peronosporomycetes,Trombidiformes,Albuginales,Eriophyidae,Albuginaceae,Aceria,Wilsoniana,0.021562556,3,"[{""species"": ""Chionaspis nyssae"", ""common_name"": ""Sour gum chionapsis"", ""score"": 0.03262459859251976}, {""species"": ""Diaspidiotus liquidambaris"", ""common_name"": ""Sweet gum scale"", ""score"": 0.02370877005159855}, {""species"": ""Aceria clianthi"", ""common_name"": """", ""score"": 0.02156255580484867}, {""species"": ""Pustula tragopogonis"", ""common_name"": ""Sunflower white rust"", ""score"": 0.015803450718522072}, {""species"": ""Puccinia horiana"", ""common_name"": ""Chrysanthemum white rust"", ""score"": 0.009058970026671886}]"
obs_302755190_photo_545634287_box3.jpg,/rs1/researchers/a/amallav/results/outputs_crop/obs_302755190_photo_545634287_box3.jpg,obs_302755190_photo_545634287,obs_302755190_photo_545634287,3,3,Pustula tragopogonis,Wilsoniana amaranthi,FALSE,Species features not very clear,Sunflower white rust,Chromista,Chromista,Oomycota,Oomycota,Peronosporea,Peronosporomycetes,Albuginales,Albuginales,Albuginaceae,Albuginaceae,Pustula,Wilsoniana,0.015803451,4,"[{""species"": ""Chionaspis nyssae"", ""common_name"": ""Sour gum chionapsis"", ""score"": 0.03262459859251976}, {""species"": ""Diaspidiotus liquidambaris"", ""common_name"": ""Sweet gum scale"", ""score"": 0.02370877005159855}, {""species"": ""Aceria clianthi"", ""common_name"": """", ""score"": 0.02156255580484867}, {""species"": ""Pustula tragopogonis"", ""common_name"": ""Sunflower white rust"", ""score"": 0.015803450718522072}, {""species"": ""Puccinia horiana"", ""common_name"": ""Chrysanthemum white rust"", ""score"": 0.009058970026671886}]"
obs_302755190_photo_545634287_box3.jpg,/rs1/researchers/a/amallav/results/outputs_crop/obs_302755190_photo_545634287_box3.jpg,obs_302755190_photo_545634287,obs_302755190_photo_545634287,3,3,Puccinia horiana,Wilsoniana amaranthi,FALSE,Species features not very clear,Chrysanthemum white rust,Fungi,Chromista,Basidiomycota,Oomycota,Pucciniomycetes,Peronosporomycetes,Pucciniales,Albuginales,Pucciniaceae,Albuginaceae,Puccinia,Wilsoniana,0.00905897,5,"[{""species"": ""Chionaspis nyssae"", ""common_name"": ""Sour gum chionapsis"", ""score"": 0.03262459859251976}, {""species"": ""Diaspidiotus liquidambaris"", ""common_name"": ""Sweet gum scale"", ""score"": 0.02370877005159855}, {""species"": ""Aceria clianthi"", ""common_name"": """", ""score"": 0.02156255580484867}, {""species"": ""Pustula tragopogonis"", ""common_name"": ""Sunflower white rust"", ""score"": 0.015803450718522072}, {""species"": ""Puccinia horiana"", ""common_name"": ""Chrysanthemum white rust"", ""score"": 0.009058970026671886}]"
obs_302755190_photo_545634287_box4.jpg,/rs1/researchers/a/amallav/results/outputs_crop/obs_302755190_photo_545634287_box4.jpg,obs_302755190_photo_545634287,obs_302755190_photo_545634287,4,4,Wilsoniana achyranthis,Wilsoniana amaranthi,FALSE,Same genus but diff species,,Chromista,Chromista,Oomycota,Oomycota,Peronosporea,Peronosporomycetes,Albuginales,Albuginales,Albuginaceae,Albuginaceae,Wilsoniana,Wilsoniana,0.041179687,1,"[{""species"": ""Wilsoniana achyranthis"", ""common_name"": """", ""score"": 0.04117968678474426}, {""species"": ""Albugo lepidii"", ""common_name"": """", ""score"": 0.04067013040184975}, {""species"": ""Chionaspis nyssae"", ""common_name"": ""Sour gum chionapsis"", ""score"": 0.039499521255493164}, {""species"": ""Aceria eucricotes"", ""common_name"": """", ""score"": 0.014358045533299446}, {""species"": ""Contarinia phytolaccae"", ""common_name"": """", ""score"": 0.011361788958311081}]"
obs_302755190_photo_545634287_box4.jpg,/rs1/researchers/a/amallav/results/outputs_crop/obs_302755190_photo_545634287_box4.jpg,obs_302755190_photo_545634287,obs_302755190_photo_545634287,4,4,Albugo lepidii,Wilsoniana amaranthi,FALSE,Species features not very clear,,Chromista,Chromista,Oomycota,Oomycota,Peronosporea,Peronosporomycetes,Albuginales,Albuginales,Albuginaceae,Albuginaceae,Albugo,Wilsoniana,0.04067013,2,"[{""species"": ""Wilsoniana achyranthis"", ""common_name"": """", ""score"": 0.04117968678474426}, {""species"": ""Albugo lepidii"", ""common_name"": """", ""score"": 0.04067013040184975}, {""species"": ""Chionaspis nyssae"", ""common_name"": ""Sour gum chionapsis"", ""score"": 0.039499521255493164}, {""species"": ""Aceria eucricotes"", ""common_name"": """", ""score"": 0.014358045533299446}, {""species"": ""Contarinia phytolaccae"", ""common_name"": """", ""score"": 0.011361788958311081}]"
obs_302755190_photo_545634287_box4.jpg,/rs1/researchers/a/amallav/results/outputs_crop/obs_302755190_photo_545634287_box4.jpg,obs_302755190_photo_545634287,obs_302755190_photo_545634287,4,4,Chionaspis nyssae,Wilsoniana amaranthi,FALSE,Species features not very clear,Sour gum chionapsis,Animalia,Chromista,Arthropoda,Oomycota,Insecta,Peronosporomycetes,Hemiptera,Albuginales,Diaspididae,Albuginaceae,Chionaspis,Wilsoniana,0.039499521,3,"[{""species"": ""Wilsoniana achyranthis"", ""common_name"": """", ""score"": 0.04117968678474426}, {""species"": ""Albugo lepidii"", ""common_name"": """", ""score"": 0.04067013040184975}, {""species"": ""Chionaspis nyssae"", ""common_name"": ""Sour gum chionapsis"", ""score"": 0.039499521255493164}, {""species"": ""Aceria eucricotes"", ""common_name"": """", ""score"": 0.014358045533299446}, {""species"": ""Contarinia phytolaccae"", ""common_name"": """", ""score"": 0.011361788958311081}]"
obs_302755190_photo_545634287_box4.jpg,/rs1/researchers/a/amallav/results/outputs_crop/obs_302755190_photo_545634287_box4.jpg,obs_302755190_photo_545634287,obs_302755190_photo_545634287,4,4,Aceria eucricotes,Wilsoniana amaranthi,FALSE,Species features not very clear,,Animalia,Chromista,Arthropoda,Oomycota,Arachnida,Peronosporomycetes,Trombidiformes,Albuginales,Eriophyidae,Albuginaceae,Aceria,Wilsoniana,0.014358046,4,"[{""species"": ""Wilsoniana achyranthis"", ""common_name"": """", ""score"": 0.04117968678474426}, {""species"": ""Albugo lepidii"", ""common_name"": """", ""score"": 0.04067013040184975}, {""species"": ""Chionaspis nyssae"", ""common_name"": ""Sour gum chionapsis"", ""score"": 0.039499521255493164}, {""species"": ""Aceria eucricotes"", ""common_name"": """", ""score"": 0.014358045533299446}, {""species"": ""Contarinia phytolaccae"", ""common_name"": """", ""score"": 0.011361788958311081}]"
obs_302755190_photo_545634287_box4.jpg,/rs1/researchers/a/amallav/results/outputs_crop/obs_302755190_photo_545634287_box4.jpg,obs_302755190_photo_545634287,obs_302755190_photo_545634287,4,4,Contarinia phytolaccae,Wilsoniana amaranthi,FALSE,Species features not very clear,,Animalia,Chromista,Arthropoda,Oomycota,Insecta,Peronosporomycetes,Diptera,Albuginales,Cecidomyiidae,Albuginaceae,Contarinia,Wilsoniana,0.011361789,5,"[{""species"": ""Wilsoniana achyranthis"", ""common_name"": """", ""score"": 0.04117968678474426}, {""species"": ""Albugo lepidii"", ""common_name"": """", ""score"": 0.04067013040184975}, {""species"": ""Chionaspis nyssae"", ""common_name"": ""Sour gum chionapsis"", ""score"": 0.039499521255493164}, {""species"": ""Aceria eucricotes"", ""common_name"": """", ""score"": 0.014358045533299446}, {""species"": ""Contarinia phytolaccae"", ""common_name"": """", ""score"": 0.011361788958311081}]"
obs_302755190_photo_545634287_box5.jpg,/rs1/researchers/a/amallav/results/outputs_crop/obs_302755190_photo_545634287_box5.jpg,obs_302755190_photo_545634287,obs_302755190_photo_545634287,5,5,Chionaspis nyssae,Wilsoniana amaranthi,FALSE,Species features not very clear,Sour gum chionapsis,Animalia,Chromista,Arthropoda,Oomycota,Insecta,Peronosporomycetes,Hemiptera,Albuginales,Diaspididae,Albuginaceae,Chionaspis,Wilsoniana,0.069826305,1,"[{""species"": ""Chionaspis nyssae"", ""common_name"": ""Sour gum chionapsis"", ""score"": 0.06982630491256714}, {""species"": ""Diaspidiotus liquidambaris"", ""common_name"": ""Sweet gum scale"", ""score"": 0.048543233424425125}, {""species"": ""Meunieriella aquilonia"", ""common_name"": """", ""score"": 0.021000877022743225}, {""species"": ""Albugo lepidii"", ""common_name"": """", ""score"": 0.018603475764393806}, {""species"": ""Wilsoniana achyranthis"", ""common_name"": """", ""score"": 0.017555728554725647}]"
obs_302755190_photo_545634287_box5.jpg,/rs1/researchers/a/amallav/results/outputs_crop/obs_302755190_photo_545634287_box5.jpg,obs_302755190_photo_545634287,obs_302755190_photo_545634287,5,5,Diaspidiotus liquidambaris,Wilsoniana amaranthi,FALSE,Species features not very clear,Sweet gum scale,Animalia,Chromista,Arthropoda,Oomycota,Insecta,Peronosporomycetes,Hemiptera,Albuginales,Diaspididae,Albuginaceae,Diaspidiotus,Wilsoniana,0.048543233,2,"[{""species"": ""Chionaspis nyssae"", ""common_name"": ""Sour gum chionapsis"", ""score"": 0.06982630491256714}, {""species"": ""Diaspidiotus liquidambaris"", ""common_name"": ""Sweet gum scale"", ""score"": 0.048543233424425125}, {""species"": ""Meunieriella aquilonia"", ""common_name"": """", ""score"": 0.021000877022743225}, {""species"": ""Albugo lepidii"", ""common_name"": """", ""score"": 0.018603475764393806}, {""species"": ""Wilsoniana achyranthis"", ""common_name"": """", ""score"": 0.017555728554725647}]"
obs_302755190_photo_545634287_box5.jpg,/rs1/researchers/a/amallav/results/outputs_crop/obs_302755190_photo_545634287_box5.jpg,obs_302755190_photo_545634287,obs_302755190_photo_545634287,5,5,Meunieriella aquilonia,Wilsoniana amaranthi,FALSE,Species features not very clear,,Animalia,Chromista,Arthropoda,Oomycota,Insecta,Peronosporomycetes,Diptera,Albuginales,Cecidomyiidae,Albuginaceae,Meunieriella,Wilsoniana,0.021000877,3,"[{""species"": ""Chionaspis nyssae"", ""common_name"": ""Sour gum chionapsis"", ""score"": 0.06982630491256714}, {""species"": ""Diaspidiotus liquidambaris"", ""common_name"": ""Sweet gum scale"", ""score"": 0.048543233424425125}, {""species"": ""Meunieriella aquilonia"", ""common_name"": """", ""score"": 0.021000877022743225}, {""species"": ""Albugo lepidii"", ""common_name"": """", ""score"": 0.018603475764393806}, {""species"": ""Wilsoniana achyranthis"", ""common_name"": """", ""score"": 0.017555728554725647}]"
obs_302755190_photo_545634287_box5.jpg,/rs1/researchers/a/amallav/results/outputs_crop/obs_302755190_photo_545634287_box5.jpg,obs_302755190_photo_545634287,obs_302755190_photo_545634287,5,5,Albugo lepidii,Wilsoniana amaranthi,FALSE,Species features not very clear,,Chromista,Chromista,Oomycota,Oomycota,Peronosporea,Peronosporomycetes,Albuginales,Albuginales,Albuginaceae,Albuginaceae,Albugo,Wilsoniana,0.018603476,4,"[{""species"": ""Chionaspis nyssae"", ""common_name"": ""Sour gum chionapsis"", ""score"": 0.06982630491256714}, {""species"": ""Diaspidiotus liquidambaris"", ""common_name"": ""Sweet gum scale"", ""score"": 0.048543233424425125}, {""species"": ""Meunieriella aquilonia"", ""common_name"": """", ""score"": 0.021000877022743225}, {""species"": ""Albugo lepidii"", ""common_name"": """", ""score"": 0.018603475764393806}, {""species"": ""Wilsoniana achyranthis"", ""common_name"": """", ""score"": 0.017555728554725647}]"
obs_302755190_photo_545634287_box5.jpg,/rs1/researchers/a/amallav/results/outputs_crop/obs_302755190_photo_545634287_box5.jpg,obs_302755190_photo_545634287,obs_302755190_photo_545634287,5,5,Wilsoniana achyranthis,Wilsoniana amaranthi,FALSE,Same genus but diff species,,Chromista,Chromista,Oomycota,Oomycota,Peronosporea,Peronosporomycetes,Albuginales,Albuginales,Albuginaceae,Albuginaceae,Wilsoniana,Wilsoniana,0.017555729,5,"[{""species"": ""Chionaspis nyssae"", ""common_name"": ""Sour gum chionapsis"", ""score"": 0.06982630491256714}, {""species"": ""Diaspidiotus liquidambaris"", ""common_name"": ""Sweet gum scale"", ""score"": 0.048543233424425125}, {""species"": ""Meunieriella aquilonia"", ""common_name"": """", ""score"": 0.021000877022743225}, {""species"": ""Albugo lepidii"", ""common_name"": """", ""score"": 0.018603475764393806}, {""species"": ""Wilsoniana achyranthis"", ""common_name"": """", ""score"": 0.017555728554725647}]"
obs_318344322_photo_575337712_box1.jpg,/rs1/researchers/a/amallav/results/outputs_crop/obs_318344322_photo_575337712_box1.jpg,obs_318344322_photo_575337712,obs_318344322_photo_575337712,1,1,Perna canaliculus,Mopalia muscosa,FALSE,Misidentified as different species,Green Mussel,Animalia,Animalia,Mollusca,Mollusca,Bivalvia,Polyplacophora,Mytilida,Chitonida,Mytilidae,Mopaliidae,Perna,Mopalia,0.044322636,1,"[{""species"": ""Perna canaliculus"", ""common_name"": ""Green Mussel"", ""score"": 0.04432263597846031}, {""species"": ""Notosaria nigricans"", ""common_name"": """", ""score"": 0.030562108382582664}, {""species"": ""Choromytilus meridionalis"", ""common_name"": ""Black mussel"", ""score"": 0.029718922451138496}, {""species"": ""Semimytilus patagonicus"", ""common_name"": """", ""score"": 0.02750459872186184}, {""species"": ""Phragmatopoma virgini"", ""common_name"": """", ""score"": 0.021617285907268524}]"
obs_318344322_photo_575337712_box1.jpg,/rs1/researchers/a/amallav/results/outputs_crop/obs_318344322_photo_575337712_box1.jpg,obs_318344322_photo_575337712,obs_318344322_photo_575337712,1,1,Notosaria nigricans,Mopalia muscosa,FALSE,Misidentified as different species,,Animalia,Animalia,Brachiopoda,Mollusca,Rhynchonellata,Polyplacophora,Rhynchonellida,Chitonida,Notosariidae,Mopaliidae,Notosaria,Mopalia,0.030562108,2,"[{""species"": ""Perna canaliculus"", ""common_name"": ""Green Mussel"", ""score"": 0.04432263597846031}, {""species"": ""Notosaria nigricans"", ""common_name"": """", ""score"": 0.030562108382582664}, {""species"": ""Choromytilus meridionalis"", ""common_name"": ""Black mussel"", ""score"": 0.029718922451138496}, {""species"": ""Semimytilus patagonicus"", ""common_name"": """", ""score"": 0.02750459872186184}, {""species"": ""Phragmatopoma virgini"", ""common_name"": """", ""score"": 0.021617285907268524}]"
obs_318344322_photo_575337712_box1.jpg,/rs1/researchers/a/amallav/results/outputs_crop/obs_318344322_photo_575337712_box1.jpg,obs_318344322_photo_575337712,obs_318344322_photo_575337712,1,1,Choromytilus meridionalis,Mopalia muscosa,FALSE,Misidentified as different species,Black mussel,Animalia,Animalia,Mollusca,Mollusca,Bivalvia,Polyplacophora,Mytilida,Chitonida,Mytilidae,Mopaliidae,Choromytilus,Mopalia,0.029718922,3,"[{""species"": ""Perna canaliculus"", ""common_name"": ""Green Mussel"", ""score"": 0.04432263597846031}, {""species"": ""Notosaria nigricans"", ""common_name"": """", ""score"": 0.030562108382582664}, {""species"": ""Choromytilus meridionalis"", ""common_name"": ""Black mussel"", ""score"": 0.029718922451138496}, {""species"": ""Semimytilus patagonicus"", ""common_name"": """", ""score"": 0.02750459872186184}, {""species"": ""Phragmatopoma virgini"", ""common_name"": """", ""score"": 0.021617285907268524}]"
obs_318344322_photo_575337712_box1.jpg,/rs1/researchers/a/amallav/results/outputs_crop/obs_318344322_photo_575337712_box1.jpg,obs_318344322_photo_575337712,obs_318344322_photo_575337712,1,1,Semimytilus patagonicus,Mopalia muscosa,FALSE,Misidentified as different species,,Animalia,Animalia,Mollusca,Mollusca,Bivalvia,Polyplacophora,Mytilida,Chitonida,Mytilidae,Mopaliidae,Semimytilus,Mopalia,0.027504599,4,"[{""species"": ""Perna canaliculus"", ""common_name"": ""Green Mussel"", ""score"": 0.04432263597846031}, {""species"": ""Notosaria nigricans"", ""common_name"": """", ""score"": 0.030562108382582664}, {""species"": ""Choromytilus meridionalis"", ""common_name"": ""Black mussel"", ""score"": 0.029718922451138496}, {""species"": ""Semimytilus patagonicus"", ""common_name"": """", ""score"": 0.02750459872186184}, {""species"": ""Phragmatopoma virgini"", ""common_name"": """", ""score"": 0.021617285907268524}]"
obs_318344322_photo_575337712_box1.jpg,/rs1/researchers/a/amallav/results/outputs_crop/obs_318344322_photo_575337712_box1.jpg,obs_318344322_photo_575337712,obs_318344322_photo_575337712,1,1,Phragmatopoma virgini,Mopalia muscosa,FALSE,Misidentified as different species,,Animalia,Animalia,Annelida,Mollusca,Polychaeta,Polyplacophora,Sabellida,Chitonida,Sabellariidae,Mopaliidae,Phragmatopoma,Mopalia,0.021617286,5,"[{""species"": ""Perna canaliculus"", ""common_name"": ""Green Mussel"", ""score"": 0.04432263597846031}, {""species"": ""Notosaria nigricans"", ""common_name"": """", ""score"": 0.030562108382582664}, {""species"": ""Choromytilus meridionalis"", ""common_name"": ""Black mussel"", ""score"": 0.029718922451138496}, {""species"": ""Semimytilus patagonicus"", ""common_name"": """", ""score"": 0.02750459872186184}, {""species"": ""Phragmatopoma virgini"", ""common_name"": """", ""score"": 0.021617285907268524}]"
obs_318344322_photo_575337712_box2.jpg,/rs1/researchers/a/amallav/results/outputs_crop/obs_318344322_photo_575337712_box2.jpg,obs_318344322_photo_575337712,obs_318344322_photo_575337712,2,2,Valvata utahensis,Mopalia muscosa,FALSE,Species not in the box,Desert valvata,Animalia,Animalia,Mollusca,Mollusca,Gastropoda,Polyplacophora,,Chitonida,Valvatidae,Mopaliidae,Valvata,Mopalia,0.041381247,1,"[{""species"": ""Valvata utahensis"", ""common_name"": ""Desert valvata"", ""score"": 0.04138124734163284}, {""species"": ""Cicindela bellissima"", ""common_name"": """", ""score"": 0.025074878707528114}, {""species"": ""Cicindela albissima"", ""common_name"": ""Coral pink sand dunes tiger beetle"", ""score"": 0.01884078048169613}, {""species"": ""Skenea californica"", ""common_name"": """", ""score"": 0.015594430267810822}, {""species"": ""Megalorchestia pugettensis"", ""common_name"": """", ""score"": 0.015487009659409523}]"
obs_318344322_photo_575337712_box2.jpg,/rs1/researchers/a/amallav/results/outputs_crop/obs_318344322_photo_575337712_box2.jpg,obs_318344322_photo_575337712,obs_318344322_photo_575337712,2,2,Cicindela bellissima,Mopalia muscosa,FALSE,Species not in the box,,Animalia,Animalia,Arthropoda,Mollusca,Insecta,Polyplacophora,Coleoptera,Chitonida,Carabidae,Mopaliidae,Cicindela,Mopalia,0.025074879,2,"[{""species"": ""Valvata utahensis"", ""common_name"": ""Desert valvata"", ""score"": 0.04138124734163284}, {""species"": ""Cicindela bellissima"", ""common_name"": """", ""score"": 0.025074878707528114}, {""species"": ""Cicindela albissima"", ""common_name"": ""Coral pink sand dunes tiger beetle"", ""score"": 0.01884078048169613}, {""species"": ""Skenea californica"", ""common_name"": """", ""score"": 0.015594430267810822}, {""species"": ""Megalorchestia pugettensis"", ""common_name"": """", ""score"": 0.015487009659409523}]"
obs_318344322_photo_575337712_box2.jpg,/rs1/researchers/a/amallav/results/outputs_crop/obs_318344322_photo_575337712_box2.jpg,obs_318344322_photo_575337712,obs_318344322_photo_575337712,2,2,Cicindela albissima,Mopalia muscosa,FALSE,Species not in the box,Coral pink sand dunes tiger beetle,Animalia,Animalia,Arthropoda,Mollusca,Insecta,Polyplacophora,Coleoptera,Chitonida,Carabidae,Mopaliidae,Cicindela,Mopalia,0.01884078,3,"[{""species"": ""Valvata utahensis"", ""common_name"": ""Desert valvata"", ""score"": 0.04138124734163284}, {""species"": ""Cicindela bellissima"", ""common_name"": """", ""score"": 0.025074878707528114}, {""species"": ""Cicindela albissima"", ""common_name"": ""Coral pink sand dunes tiger beetle"", ""score"": 0.01884078048169613}, {""species"": ""Skenea californica"", ""common_name"": """", ""score"": 0.015594430267810822}, {""species"": ""Megalorchestia pugettensis"", ""common_name"": """", ""score"": 0.015487009659409523}]"
obs_318344322_photo_575337712_box2.jpg,/rs1/researchers/a/amallav/results/outputs_crop/obs_318344322_photo_575337712_box2.jpg,obs_318344322_photo_575337712,obs_318344322_photo_575337712,2,2,Skenea californica,Mopalia muscosa,FALSE,Species not in the box,,Animalia,Animalia,Mollusca,Mollusca,Gastropoda,Polyplacophora,Trochida,Chitonida,Skeneidae,Mopaliidae,Skenea,Mopalia,0.01559443,4,"[{""species"": ""Valvata utahensis"", ""common_name"": ""Desert valvata"", ""score"": 0.04138124734163284}, {""species"": ""Cicindela bellissima"", ""common_name"": """", ""score"": 0.025074878707528114}, {""species"": ""Cicindela albissima"", ""common_name"": ""Coral pink sand dunes tiger beetle"", ""score"": 0.01884078048169613}, {""species"": ""Skenea californica"", ""common_name"": """", ""score"": 0.015594430267810822}, {""species"": ""Megalorchestia pugettensis"", ""common_name"": """", ""score"": 0.015487009659409523}]"
obs_318344322_photo_575337712_box2.jpg,/rs1/researchers/a/amallav/results/outputs_crop/obs_318344322_photo_575337712_box2.jpg,obs_318344322_photo_575337712,obs_318344322_photo_575337712,2,2,Megalorchestia pugettensis,Mopalia muscosa,FALSE,Species not in the box,,Animalia,Animalia,Arthropoda,Mollusca,Malacostraca,Polyplacophora,Amphipoda,Chitonida,Talitridae,Mopaliidae,Megalorchestia,Mopalia,0.01548701,5,"[{""species"": ""Valvata utahensis"", ""common_name"": ""Desert valvata"", ""score"": 0.04138124734163284}, {""species"": ""Cicindela bellissima"", ""common_name"": """", ""score"": 0.025074878707528114}, {""species"": ""Cicindela albissima"", ""common_name"": ""Coral pink sand dunes tiger beetle"", ""score"": 0.01884078048169613}, {""species"": ""Skenea californica"", ""common_name"": """", ""score"": 0.015594430267810822}, {""species"": ""Megalorchestia pugettensis"", ""common_name"": """", ""score"": 0.015487009659409523}]"
obs_318344322_photo_575337712_box3.jpg,/rs1/researchers/a/amallav/results/outputs_crop/obs_318344322_photo_575337712_box3.jpg,obs_318344322_photo_575337712,obs_318344322_photo_575337712,3,3,Notosaria nigricans,Mopalia muscosa,FALSE,Misidentified as different species,,Animalia,Animalia,Brachiopoda,Mollusca,Rhynchonellata,Polyplacophora,Rhynchonellida,Chitonida,Notosariidae,Mopaliidae,Notosaria,Mopalia,0.041775946,1,"[{""species"": ""Notosaria nigricans"", ""common_name"": """", ""score"": 0.04177594557404518}, {""species"": ""Perna canaliculus"", ""common_name"": ""Green Mussel"", ""score"": 0.036540914326906204}, {""species"": ""Phragmatopoma virgini"", ""common_name"": """", ""score"": 0.02587345987558365}, {""species"": ""Plaxiphora obtecta"", ""common_name"": """", ""score"": 0.016802560538053513}, {""species"": ""Semimytilus patagonicus"", ""common_name"": """", ""score"": 0.01649090088903904}]"
obs_318344322_photo_575337712_box3.jpg,/rs1/researchers/a/amallav/results/outputs_crop/obs_318344322_photo_575337712_box3.jpg,obs_318344322_photo_575337712,obs_318344322_photo_575337712,3,3,Perna canaliculus,Mopalia muscosa,FALSE,Misidentified as different species,Green Mussel,Animalia,Animalia,Mollusca,Mollusca,Bivalvia,Polyplacophora,Mytilida,Chitonida,Mytilidae,Mopaliidae,Perna,Mopalia,0.036540914,2,"[{""species"": ""Notosaria nigricans"", ""common_name"": """", ""score"": 0.04177594557404518}, {""species"": ""Perna canaliculus"", ""common_name"": ""Green Mussel"", ""score"": 0.036540914326906204}, {""species"": ""Phragmatopoma virgini"", ""common_name"": """", ""score"": 0.02587345987558365}, {""species"": ""Plaxiphora obtecta"", ""common_name"": """", ""score"": 0.016802560538053513}, {""species"": ""Semimytilus patagonicus"", ""common_name"": """", ""score"": 0.01649090088903904}]"
obs_318344322_photo_575337712_box3.jpg,/rs1/researchers/a/amallav/results/outputs_crop/obs_318344322_photo_575337712_box3.jpg,obs_318344322_photo_575337712,obs_318344322_photo_575337712,3,3,Phragmatopoma virgini,Mopalia muscosa,FALSE,Misidentified as different species,,Animalia,Animalia,Annelida,Mollusca,Polychaeta,Polyplacophora,Sabellida,Chitonida,Sabellariidae,Mopaliidae,Phragmatopoma,Mopalia,0.02587346,3,"[{""species"": ""Notosaria nigricans"", ""common_name"": """", ""score"": 0.04177594557404518}, {""species"": ""Perna canaliculus"", ""common_name"": ""Green Mussel"", ""score"": 0.036540914326906204}, {""species"": ""Phragmatopoma virgini"", ""common_name"": """", ""score"": 0.02587345987558365}, {""species"": ""Plaxiphora obtecta"", ""common_name"": """", ""score"": 0.016802560538053513}, {""species"": ""Semimytilus patagonicus"", ""common_name"": """", ""score"": 0.01649090088903904}]"
obs_318344322_photo_575337712_box3.jpg,/rs1/researchers/a/amallav/results/outputs_crop/obs_318344322_photo_575337712_box3.jpg,obs_318344322_photo_575337712,obs_318344322_photo_575337712,3,3,Plaxiphora obtecta,Mopalia muscosa,FALSE,Misidentified as different species,,Animalia,Animalia,Mollusca,Mollusca,Polyplacophora,Polyplacophora,Chitonida,Chitonida,Mopaliidae,Mopaliidae,Plaxiphora,Mopalia,0.016802561,4,"[{""species"": ""Notosaria nigricans"", ""common_name"": """", ""score"": 0.04177594557404518}, {""species"": ""Perna canaliculus"", ""common_name"": ""Green Mussel"", ""score"": 0.036540914326906204}, {""species"": ""Phragmatopoma virgini"", ""common_name"": """", ""score"": 0.02587345987558365}, {""species"": ""Plaxiphora obtecta"", ""common_name"": """", ""score"": 0.016802560538053513}, {""species"": ""Semimytilus patagonicus"", ""common_name"": """", ""score"": 0.01649090088903904}]"
obs_318344322_photo_575337712_box3.jpg,/rs1/researchers/a/amallav/results/outputs_crop/obs_318344322_photo_575337712_box3.jpg,obs_318344322_photo_575337712,obs_318344322_photo_575337712,3,3,Semimytilus patagonicus,Mopalia muscosa,FALSE,Misidentified as different species,,Animalia,Animalia,Mollusca,Mollusca,Bivalvia,Polyplacophora,Mytilida,Chitonida,Mytilidae,Mopaliidae,Semimytilus,Mopalia,0.016490901,5,"[{""species"": ""Notosaria nigricans"", ""common_name"": """", ""score"": 0.04177594557404518}, {""species"": ""Perna canaliculus"", ""common_name"": ""Green Mussel"", ""score"": 0.036540914326906204}, {""species"": ""Phragmatopoma virgini"", ""common_name"": """", ""score"": 0.02587345987558365}, {""species"": ""Plaxiphora obtecta"", ""common_name"": """", ""score"": 0.016802560538053513}, {""species"": ""Semimytilus patagonicus"", ""common_name"": """", ""score"": 0.01649090088903904}]"
obs_318344322_photo_575337712_box4.jpg,/rs1/researchers/a/amallav/results/outputs_crop/obs_318344322_photo_575337712_box4.jpg,obs_318344322_photo_575337712,obs_318344322_photo_575337712,4,4,Rissoella opalina,Mopalia muscosa,FALSE,Misidentified as different species,,Animalia,Animalia,Mollusca,Mollusca,Gastropoda,Polyplacophora,,Chitonida,Rissoellidae,Mopaliidae,Rissoella,Mopalia,0.039937049,1,"[{""species"": ""Rissoella opalina"", ""common_name"": """", ""score"": 0.03993704915046692}, {""species"": ""Rissoella inflata"", ""common_name"": """", ""score"": 0.015936603769659996}, {""species"": ""Cecilioides veneta"", ""common_name"": """", ""score"": 0.01591206155717373}, {""species"": ""Cecilioides acicula"", ""common_name"": ""Blind awlsnail"", ""score"": 0.014848428778350353}, {""species"": ""Ascobulla fragilis"", ""common_name"": """", ""score"": 0.014410269446671009}]"
obs_318344322_photo_575337712_box4.jpg,/rs1/researchers/a/amallav/results/outputs_crop/obs_318344322_photo_575337712_box4.jpg,obs_318344322_photo_575337712,obs_318344322_photo_575337712,4,4,Rissoella inflata,Mopalia muscosa,FALSE,Misidentified as different species,,Animalia,Animalia,Mollusca,Mollusca,Gastropoda,Polyplacophora,,Chitonida,Rissoellidae,Mopaliidae,Rissoella,Mopalia,0.015936604,2,"[{""species"": ""Rissoella opalina"", ""common_name"": """", ""score"": 0.03993704915046692}, {""species"": ""Rissoella inflata"", ""common_name"": """", ""score"": 0.015936603769659996}, {""species"": ""Cecilioides veneta"", ""common_name"": """", ""score"": 0.01591206155717373}, {""species"": ""Cecilioides acicula"", ""common_name"": ""Blind awlsnail"", ""score"": 0.014848428778350353}, {""species"": ""Ascobulla fragilis"", ""common_name"": """", ""score"": 0.014410269446671009}]"
obs_318344322_photo_575337712_box4.jpg,/rs1/researchers/a/amallav/results/outputs_crop/obs_318344322_photo_575337712_box4.jpg,obs_318344322_photo_575337712,obs_318344322_photo_575337712,4,4,Cecilioides veneta,Mopalia muscosa,FALSE,Misidentified as different species,,Animalia,Animalia,Mollusca,Mollusca,Gastropoda,Polyplacophora,Stylommatophora,Chitonida,Ferussaciidae,Mopaliidae,Cecilioides,Mopalia,0.015912062,3,"[{""species"": ""Rissoella opalina"", ""common_name"": """", ""score"": 0.03993704915046692}, {""species"": ""Rissoella inflata"", ""common_name"": """", ""score"": 0.015936603769659996}, {""species"": ""Cecilioides veneta"", ""common_name"": """", ""score"": 0.01591206155717373}, {""species"": ""Cecilioides acicula"", ""common_name"": ""Blind awlsnail"", ""score"": 0.014848428778350353}, {""species"": ""Ascobulla fragilis"", ""common_name"": """", ""score"": 0.014410269446671009}]"
obs_318344322_photo_575337712_box4.jpg,/rs1/researchers/a/amallav/results/outputs_crop/obs_318344322_photo_575337712_box4.jpg,obs_318344322_photo_575337712,obs_318344322_photo_575337712,4,4,Cecilioides acicula,Mopalia muscosa,FALSE,Misidentified as different species,Blind awlsnail,Animalia,Animalia,Mollusca,Mollusca,Gastropoda,Polyplacophora,Stylommatophora,Chitonida,Ferussaciidae,Mopaliidae,Cecilioides,Mopalia,0.014848429,4,"[{""species"": ""Rissoella opalina"", ""common_name"": """", ""score"": 0.03993704915046692}, {""species"": ""Rissoella inflata"", ""common_name"": """", ""score"": 0.015936603769659996}, {""species"": ""Cecilioides veneta"", ""common_name"": """", ""score"": 0.01591206155717373}, {""species"": ""Cecilioides acicula"", ""common_name"": ""Blind awlsnail"", ""score"": 0.014848428778350353}, {""species"": ""Ascobulla fragilis"", ""common_name"": """", ""score"": 0.014410269446671009}]"
obs_318344322_photo_575337712_box4.jpg,/rs1/researchers/a/amallav/results/outputs_crop/obs_318344322_photo_575337712_box4.jpg,obs_318344322_photo_575337712,obs_318344322_photo_575337712,4,4,Ascobulla fragilis,Mopalia muscosa,FALSE,Misidentified as different species,,Animalia,Animalia,Mollusca,Mollusca,Gastropoda,Polyplacophora,,Chitonida,Volvatellidae,Mopaliidae,Ascobulla,Mopalia,0.014410269,5,"[{""species"": ""Rissoella opalina"", ""common_name"": """", ""score"": 0.03993704915046692}, {""species"": ""Rissoella inflata"", ""common_name"": """", ""score"": 0.015936603769659996}, {""species"": ""Cecilioides veneta"", ""common_name"": """", ""score"": 0.01591206155717373}, {""species"": ""Cecilioides acicula"", ""common_name"": ""Blind awlsnail"", ""score"": 0.014848428778350353}, {""species"": ""Ascobulla fragilis"", ""common_name"": """", ""score"": 0.014410269446671009}]"
obs_318344322_photo_575337712_box5.jpg,/rs1/researchers/a/amallav/results/outputs_crop/obs_318344322_photo_575337712_box5.jpg,obs_318344322_photo_575337712,obs_318344322_photo_575337712,5,5,Rissoella opalina,Mopalia muscosa,FALSE,Species features not very clear,,Animalia,Animalia,Mollusca,Mollusca,Gastropoda,Polyplacophora,,Chitonida,Rissoellidae,Mopaliidae,Rissoella,Mopalia,0.043962937,1,"[{""species"": ""Rissoella opalina"", ""common_name"": """", ""score"": 0.04396293684840202}, {""species"": ""Ascobulla fragilis"", ""common_name"": """", ""score"": 0.0135685745626688}, {""species"": ""Rissoella inflata"", ""common_name"": """", ""score"": 0.013489714823663235}, {""species"": ""Rissoella atlantica"", ""common_name"": """", ""score"": 0.012228387407958508}, {""species"": ""Bolina alata"", ""common_name"": """", ""score"": 0.011619904078543186}]"
obs_318344322_photo_575337712_box5.jpg,/rs1/researchers/a/amallav/results/outputs_crop/obs_318344322_photo_575337712_box5.jpg,obs_318344322_photo_575337712,obs_318344322_photo_575337712,5,5,Ascobulla fragilis,Mopalia muscosa,FALSE,Species features not very clear,,Animalia,Animalia,Mollusca,Mollusca,Gastropoda,Polyplacophora,,Chitonida,Volvatellidae,Mopaliidae,Ascobulla,Mopalia,0.013568575,2,"[{""species"": ""Rissoella opalina"", ""common_name"": """", ""score"": 0.04396293684840202}, {""species"": ""Ascobulla fragilis"", ""common_name"": """", ""score"": 0.0135685745626688}, {""species"": ""Rissoella inflata"", ""common_name"": """", ""score"": 0.013489714823663235}, {""species"": ""Rissoella atlantica"", ""common_name"": """", ""score"": 0.012228387407958508}, {""species"": ""Bolina alata"", ""common_name"": """", ""score"": 0.011619904078543186}]"
obs_318344322_photo_575337712_box5.jpg,/rs1/researchers/a/amallav/results/outputs_crop/obs_318344322_photo_575337712_box5.jpg,obs_318344322_photo_575337712,obs_318344322_photo_575337712,5,5,Rissoella inflata,Mopalia muscosa,FALSE,Species features not very clear,,Animalia,Animalia,Mollusca,Mollusca,Gastropoda,Polyplacophora,,Chitonida,Rissoellidae,Mopaliidae,Rissoella,Mopalia,0.013489715,3,"[{""species"": ""Rissoella opalina"", ""common_name"": """", ""score"": 0.04396293684840202}, {""species"": ""Ascobulla fragilis"", ""common_name"": """", ""score"": 0.0135685745626688}, {""species"": ""Rissoella inflata"", ""common_name"": """", ""score"": 0.013489714823663235}, {""species"": ""Rissoella atlantica"", ""common_name"": """", ""score"": 0.012228387407958508}, {""species"": ""Bolina alata"", ""common_name"": """", ""score"": 0.011619904078543186}]"
obs_318344322_photo_575337712_box5.jpg,/rs1/researchers/a/amallav/results/outputs_crop/obs_318344322_photo_575337712_box5.jpg,obs_318344322_photo_575337712,obs_318344322_photo_575337712,5,5,Rissoella atlantica,Mopalia muscosa,FALSE,Species features not very clear,,Animalia,Animalia,Mollusca,Mollusca,Gastropoda,Polyplacophora,,Chitonida,Rissoellidae,Mopaliidae,Rissoella,Mopalia,0.012228387,4,"[{""species"": ""Rissoella opalina"", ""common_name"": """", ""score"": 0.04396293684840202}, {""species"": ""Ascobulla fragilis"", ""common_name"": """", ""score"": 0.0135685745626688}, {""species"": ""Rissoella inflata"", ""common_name"": """", ""score"": 0.013489714823663235}, {""species"": ""Rissoella atlantica"", ""common_name"": """", ""score"": 0.012228387407958508}, {""species"": ""Bolina alata"", ""common_name"": """", ""score"": 0.011619904078543186}]"
obs_318344322_photo_575337712_box5.jpg,/rs1/researchers/a/amallav/results/outputs_crop/obs_318344322_photo_575337712_box5.jpg,obs_318344322_photo_575337712,obs_318344322_photo_575337712,5,5,Bolina alata,Mopalia muscosa,FALSE,Species features not very clear,,Animalia,Animalia,Ctenophora,Mollusca,Tentaculata,Polyplacophora,Lobata,Chitonida,Bolinopsidae,Mopaliidae,Bolina,Mopalia,0.011619904,5,"[{""species"": ""Rissoella opalina"", ""common_name"": """", ""score"": 0.04396293684840202}, {""species"": ""Ascobulla fragilis"", ""common_name"": """", ""score"": 0.0135685745626688}, {""species"": ""Rissoella inflata"", ""common_name"": """", ""score"": 0.013489714823663235}, {""species"": ""Rissoella atlantica"", ""common_name"": """", ""score"": 0.012228387407958508}, {""species"": ""Bolina alata"", ""common_name"": """", ""score"": 0.011619904078543186}]"
obs_318533969_photo_575706140_box1.jpg,/rs1/researchers/a/amallav/results/outputs_crop/obs_318533969_photo_575706140_box1.jpg,obs_318533969_photo_575706140,#N/A,1,1,Striatoandricus tenuicornis,Phylloporia amplectens,FALSE,,,Animalia,Fungi,Arthropoda,Basidiomycota,Insecta,Agaricomycetes,Hymenoptera,Hymenochaetales,Cynipidae,Hymenochaetaceae,Striatoandricus,Phylloporia,0.384292275,1,"[{""species"": ""Striatoandricus tenuicornis"", ""common_name"": """", ""score"": 0.38429227471351624}, {""species"": ""Striatoandricus aciculatus"", ""common_name"": """", ""score"": 0.3014872074127197}, {""species"": ""Striatoandricus furnessulus"", ""common_name"": """", ""score"": 0.14467723667621613}, {""species"": ""Phylloporia amplectens"", ""common_name"": """", ""score"": 0.02404187247157097}, {""species"": ""Andricus conificus"", ""common_name"": """", ""score"": 0.01363691408187151}]"
obs_318533969_photo_575706140_box1.jpg,/rs1/researchers/a/amallav/results/outputs_crop/obs_318533969_photo_575706140_box1.jpg,obs_318533969_photo_575706140,#N/A,1,1,Striatoandricus aciculatus,Phylloporia amplectens,FALSE,,,Animalia,Fungi,Arthropoda,Basidiomycota,Insecta,Agaricomycetes,Hymenoptera,Hymenochaetales,Cynipidae,Hymenochaetaceae,Striatoandricus,Phylloporia,0.301487207,2,"[{""species"": ""Striatoandricus tenuicornis"", ""common_name"": """", ""score"": 0.38429227471351624}, {""species"": ""Striatoandricus aciculatus"", ""common_name"": """", ""score"": 0.3014872074127197}, {""species"": ""Striatoandricus furnessulus"", ""common_name"": """", ""score"": 0.14467723667621613}, {""species"": ""Phylloporia amplectens"", ""common_name"": """", ""score"": 0.02404187247157097}, {""species"": ""Andricus conificus"", ""common_name"": """", ""score"": 0.01363691408187151}]"
obs_318533969_photo_575706140_box1.jpg,/rs1/researchers/a/amallav/results/outputs_crop/obs_318533969_photo_575706140_box1.jpg,obs_318533969_photo_575706140,#N/A,1,1,Striatoandricus furnessulus,Phylloporia amplectens,FALSE,,,Animalia,Fungi,Arthropoda,Basidiomycota,Insecta,Agaricomycetes,Hymenoptera,Hymenochaetales,Cynipidae,Hymenochaetaceae,Striatoandricus,Phylloporia,0.144677237,3,"[{""species"": ""Striatoandricus tenuicornis"", ""common_name"": """", ""score"": 0.38429227471351624}, {""species"": ""Striatoandricus aciculatus"", ""common_name"": """", ""score"": 0.3014872074127197}, {""species"": ""Striatoandricus furnessulus"", ""common_name"": """", ""score"": 0.14467723667621613}, {""species"": ""Phylloporia amplectens"", ""common_name"": """", ""score"": 0.02404187247157097}, {""species"": ""Andricus conificus"", ""common_name"": """", ""score"": 0.01363691408187151}]"
obs_318533969_photo_575706140_box1.jpg,/rs1/researchers/a/amallav/results/outputs_crop/obs_318533969_photo_575706140_box1.jpg,obs_318533969_photo_575706140,#N/A,1,1,Phylloporia amplectens,Phylloporia amplectens,TRUE,,,Fungi,Fungi,Basidiomycota,Basidiomycota,Agaricomycetes,Agaricomycetes,Hymenochaetales,Hymenochaetales,Hymenochaetaceae,Hymenochaetaceae,Phylloporia,Phylloporia,0.024041872,4,"[{""species"": ""Striatoandricus tenuicornis"", ""common_name"": """", ""score"": 0.38429227471351624}, {""species"": ""Striatoandricus aciculatus"", ""common_name"": """", ""score"": 0.3014872074127197}, {""species"": ""Striatoandricus furnessulus"", ""common_name"": """", ""score"": 0.14467723667621613}, {""species"": ""Phylloporia amplectens"", ""common_name"": """", ""score"": 0.02404187247157097}, {""species"": ""Andricus conificus"", ""common_name"": """", ""score"": 0.01363691408187151}]"
obs_318533969_photo_575706140_box1.jpg,/rs1/researchers/a/amallav/results/outputs_crop/obs_318533969_photo_575706140_box1.jpg,obs_318533969_photo_575706140,#N/A,1,1,Andricus conificus,Phylloporia amplectens,FALSE,,,Animalia,Fungi,Arthropoda,Basidiomycota,Insecta,Agaricomycetes,Hymenoptera,Hymenochaetales,Cynipidae,Hymenochaetaceae,Andricus,Phylloporia,0.013636914,5,"[{""species"": ""Striatoandricus tenuicornis"", ""common_name"": """", ""score"": 0.38429227471351624}, {""species"": ""Striatoandricus aciculatus"", ""common_name"": """", ""score"": 0.3014872074127197}, {""species"": ""Striatoandricus furnessulus"", ""common_name"": """", ""score"": 0.14467723667621613}, {""species"": ""Phylloporia amplectens"", ""common_name"": """", ""score"": 0.02404187247157097}, {""species"": ""Andricus conificus"", ""common_name"": """", ""score"": 0.01363691408187151}]"
obs_318533969_photo_575706140_box2.jpg,/rs1/researchers/a/amallav/results/outputs_crop/obs_318533969_photo_575706140_box2.jpg,obs_318533969_photo_575706140,#N/A,2,2,Striatoandricus tenuicornis,Phylloporia amplectens,FALSE,,,Animalia,Fungi,Arthropoda,Basidiomycota,Insecta,Agaricomycetes,Hymenoptera,Hymenochaetales,Cynipidae,Hymenochaetaceae,Striatoandricus,Phylloporia,0.148749232,1,"[{""species"": ""Striatoandricus tenuicornis"", ""common_name"": """", ""score"": 0.1487492322921753}, {""species"": ""Striatoandricus aciculatus"", ""common_name"": """", ""score"": 0.10552246123552322}, {""species"": ""Striatoandricus furnessulus"", ""common_name"": """", ""score"": 0.09886030107736588}, {""species"": ""Andricus galeatus"", ""common_name"": """", ""score"": 0.07552693039178848}, {""species"": ""Andricus conificus"", ""common_name"": """", ""score"": 0.06569859385490417}]"
obs_318533969_photo_575706140_box2.jpg,/rs1/researchers/a/amallav/results/outputs_crop/obs_318533969_photo_575706140_box2.jpg,obs_318533969_photo_575706140,#N/A,2,2,Striatoandricus aciculatus,Phylloporia amplectens,FALSE,,,Animalia,Fungi,Arthropoda,Basidiomycota,Insecta,Agaricomycetes,Hymenoptera,Hymenochaetales,Cynipidae,Hymenochaetaceae,Striatoandricus,Phylloporia,0.105522461,2,"[{""species"": ""Striatoandricus tenuicornis"", ""common_name"": """", ""score"": 0.1487492322921753}, {""species"": ""Striatoandricus aciculatus"", ""common_name"": """", ""score"": 0.10552246123552322}, {""species"": ""Striatoandricus furnessulus"", ""common_name"": """", ""score"": 0.09886030107736588}, {""species"": ""Andricus galeatus"", ""common_name"": """", ""score"": 0.07552693039178848}, {""species"": ""Andricus conificus"", ""common_name"": """", ""score"": 0.06569859385490417}]"
obs_318533969_photo_575706140_box2.jpg,/rs1/researchers/a/amallav/results/outputs_crop/obs_318533969_photo_575706140_box2.jpg,obs_318533969_photo_575706140,#N/A,2,2,Striatoandricus furnessulus,Phylloporia amplectens,FALSE,,,Animalia,Fungi,Arthropoda,Basidiomycota,Insecta,Agaricomycetes,Hymenoptera,Hymenochaetales,Cynipidae,Hymenochaetaceae,Striatoandricus,Phylloporia,0.098860301,3,"[{""species"": ""Striatoandricus tenuicornis"", ""common_name"": """", ""score"": 0.1487492322921753}, {""species"": ""Striatoandricus aciculatus"", ""common_name"": """", ""score"": 0.10552246123552322}, {""species"": ""Striatoandricus furnessulus"", ""common_name"": """", ""score"": 0.09886030107736588}, {""species"": ""Andricus galeatus"", ""common_name"": """", ""score"": 0.07552693039178848}, {""species"": ""Andricus conificus"", ""common_name"": """", ""score"": 0.06569859385490417}]"
obs_318533969_photo_575706140_box2.jpg,/rs1/researchers/a/amallav/results/outputs_crop/obs_318533969_photo_575706140_box2.jpg,obs_318533969_photo_575706140,#N/A,2,2,Andricus galeatus,Phylloporia amplectens,FALSE,,,Animalia,Fungi,Arthropoda,Basidiomycota,Insecta,Agaricomycetes,Hymenoptera,Hymenochaetales,Cynipidae,Hymenochaetaceae,Andricus,Phylloporia,0.07552693,4,"[{""species"": ""Striatoandricus tenuicornis"", ""common_name"": """", ""score"": 0.1487492322921753}, {""species"": ""Striatoandricus aciculatus"", ""common_name"": """", ""score"": 0.10552246123552322}, {""species"": ""Striatoandricus furnessulus"", ""common_name"": """", ""score"": 0.09886030107736588}, {""species"": ""Andricus galeatus"", ""common_name"": """", ""score"": 0.07552693039178848}, {""species"": ""Andricus conificus"", ""common_name"": """", ""score"": 0.06569859385490417}]"
obs_318533969_photo_575706140_box2.jpg,/rs1/researchers/a/amallav/results/outputs_crop/obs_318533969_photo_575706140_box2.jpg,obs_318533969_photo_575706140,#N/A,2,2,Andricus conificus,Phylloporia amplectens,FALSE,,,Animalia,Fungi,Arthropoda,Basidiomycota,Insecta,Agaricomycetes,Hymenoptera,Hymenochaetales,Cynipidae,Hymenochaetaceae,Andricus,Phylloporia,0.065698594,5,"[{""species"": ""Striatoandricus tenuicornis"", ""common_name"": """", ""score"": 0.1487492322921753}, {""species"": ""Striatoandricus aciculatus"", ""common_name"": """", ""score"": 0.10552246123552322}, {""species"": ""Striatoandricus furnessulus"", ""common_name"": """", ""score"": 0.09886030107736588}, {""species"": ""Andricus galeatus"", ""common_name"": """", ""score"": 0.07552693039178848}, {""species"": ""Andricus conificus"", ""common_name"": """", ""score"": 0.06569859385490417}]"
obs_319669394_photo_577875426_box1.jpg,/rs1/researchers/a/amallav/results/outputs_crop/obs_319669394_photo_577875426_box1.jpg,obs_319669394_photo_577875426,obs_319669394_photo_577875426,1,1,Coleosporium elephantopodis,Coleosporium ipomoeae,FALSE,Same genus but diff species,,Fungi,Fungi,Basidiomycota,Basidiomycota,Pucciniomycetes,Pucciniomycetes,Pucciniales,Pucciniales,Coleosporiaceae,Coleosporiaceae,Coleosporium,Coleosporium,0.42877382,1,"[{""species"": ""Coleosporium elephantopodis"", ""common_name"": """", ""score"": 0.42877382040023804}, {""species"": ""Coleosporium plumeriae"", ""common_name"": """", ""score"": 0.03951901197433472}, {""species"": ""Coleosporium asterum"", ""common_name"": """", ""score"": 0.03072512149810791}, {""species"": ""Mikronegeria fuchsiae"", ""common_name"": """", ""score"": 0.030580123886466026}, {""species"": ""Coleosporium helianthi"", ""common_name"": """", ""score"": 0.027711914852261543}]"
obs_319669394_photo_577875426_box1.jpg,/rs1/researchers/a/amallav/results/outputs_crop/obs_319669394_photo_577875426_box1.jpg,obs_319669394_photo_577875426,obs_319669394_photo_577875426,1,1,Coleosporium plumeriae,Coleosporium ipomoeae,FALSE,Same genus but diff species,,Fungi,Fungi,Basidiomycota,Basidiomycota,Pucciniomycetes,Pucciniomycetes,Pucciniales,Pucciniales,Coleosporiaceae,Coleosporiaceae,Coleosporium,Coleosporium,0.039519012,2,"[{""species"": ""Coleosporium elephantopodis"", ""common_name"": """", ""score"": 0.42877382040023804}, {""species"": ""Coleosporium plumeriae"", ""common_name"": """", ""score"": 0.03951901197433472}, {""species"": ""Coleosporium asterum"", ""common_name"": """", ""score"": 0.03072512149810791}, {""species"": ""Mikronegeria fuchsiae"", ""common_name"": """", ""score"": 0.030580123886466026}, {""species"": ""Coleosporium helianthi"", ""common_name"": """", ""score"": 0.027711914852261543}]"
obs_319669394_photo_577875426_box1.jpg,/rs1/researchers/a/amallav/results/outputs_crop/obs_319669394_photo_577875426_box1.jpg,obs_319669394_photo_577875426,obs_319669394_photo_577875426,1,1,Coleosporium asterum,Coleosporium ipomoeae,FALSE,Same genus but diff species,,Fungi,Fungi,Basidiomycota,Basidiomycota,Pucciniomycetes,Pucciniomycetes,Pucciniales,Pucciniales,Coleosporiaceae,Coleosporiaceae,Coleosporium,Coleosporium,0.030725121,3,"[{""species"": ""Coleosporium elephantopodis"", ""common_name"": """", ""score"": 0.42877382040023804}, {""species"": ""Coleosporium plumeriae"", ""common_name"": """", ""score"": 0.03951901197433472}, {""species"": ""Coleosporium asterum"", ""common_name"": """", ""score"": 0.03072512149810791}, {""species"": ""Mikronegeria fuchsiae"", ""common_name"": """", ""score"": 0.030580123886466026}, {""species"": ""Coleosporium helianthi"", ""common_name"": """", ""score"": 0.027711914852261543}]"
obs_319669394_photo_577875426_box1.jpg,/rs1/researchers/a/amallav/results/outputs_crop/obs_319669394_photo_577875426_box1.jpg,obs_319669394_photo_577875426,obs_319669394_photo_577875426,1,1,Mikronegeria fuchsiae,Coleosporium ipomoeae,FALSE,Misidentified as different species,,Fungi,Fungi,Basidiomycota,Basidiomycota,Pucciniomycetes,Pucciniomycetes,Pucciniales,Pucciniales,Mikronegeriaceae,Coleosporiaceae,Mikronegeria,Coleosporium,0.030580124,4,"[{""species"": ""Coleosporium elephantopodis"", ""common_name"": """", ""score"": 0.42877382040023804}, {""species"": ""Coleosporium plumeriae"", ""common_name"": """", ""score"": 0.03951901197433472}, {""species"": ""Coleosporium asterum"", ""common_name"": """", ""score"": 0.03072512149810791}, {""species"": ""Mikronegeria fuchsiae"", ""common_name"": """", ""score"": 0.030580123886466026}, {""species"": ""Coleosporium helianthi"", ""common_name"": """", ""score"": 0.027711914852261543}]"
obs_319669394_photo_577875426_box1.jpg,/rs1/researchers/a/amallav/results/outputs_crop/obs_319669394_photo_577875426_box1.jpg,obs_319669394_photo_577875426,obs_319669394_photo_577875426,1,1,Coleosporium helianthi,Coleosporium ipomoeae,FALSE,Same genus but diff species,,Fungi,Fungi,Basidiomycota,Basidiomycota,Pucciniomycetes,Pucciniomycetes,Pucciniales,Pucciniales,Coleosporiaceae,Coleosporiaceae,Coleosporium,Coleosporium,0.027711915,5,"[{""species"": ""Coleosporium elephantopodis"", ""common_name"": """", ""score"": 0.42877382040023804}, {""species"": ""Coleosporium plumeriae"", ""common_name"": """", ""score"": 0.03951901197433472}, {""species"": ""Coleosporium asterum"", ""common_name"": """", ""score"": 0.03072512149810791}, {""species"": ""Mikronegeria fuchsiae"", ""common_name"": """", ""score"": 0.030580123886466026}, {""species"": ""Coleosporium helianthi"", ""common_name"": """", ""score"": 0.027711914852261543}]"
obs_319669394_photo_577875426_box2.jpg,/rs1/researchers/a/amallav/results/outputs_crop/obs_319669394_photo_577875426_box2.jpg,obs_319669394_photo_577875426,obs_319669394_photo_577875426,2,2,Hymeniacidon perlevis,Coleosporium ipomoeae,FALSE,Species features not very clear,Crumb-of-bread sponge,Animalia,Fungi,Porifera,Basidiomycota,Demospongiae,Pucciniomycetes,Suberitida,Pucciniales,Halichondriidae,Coleosporiaceae,Hymeniacidon,Coleosporium,0.066671945,1,"[{""species"": ""Hymeniacidon perlevis"", ""common_name"": ""Crumb-of-bread sponge"", ""score"": 0.0666719451546669}, {""species"": ""Tethya actinia"", ""common_name"": ""Tangerine sponge"", ""score"": 0.04670316353440285}, {""species"": ""Adreus australiensis"", ""common_name"": ""Sponge"", ""score"": 0.04336639121174812}, {""species"": ""Cnemidocarpa verrucosa"", ""common_name"": """", ""score"": 0.037584349513053894}, {""species"": ""Stylissa massa"", ""common_name"": """", ""score"": 0.015049356035888195}]"
obs_319669394_photo_577875426_box2.jpg,/rs1/researchers/a/amallav/results/outputs_crop/obs_319669394_photo_577875426_box2.jpg,obs_319669394_photo_577875426,obs_319669394_photo_577875426,2,2,Tethya actinia,Coleosporium ipomoeae,FALSE,Species features not very clear,Tangerine sponge,Animalia,Fungi,Porifera,Basidiomycota,Demospongiae,Pucciniomycetes,Tethyida,Pucciniales,Tethyidae,Coleosporiaceae,Tethya,Coleosporium,0.046703164,2,"[{""species"": ""Hymeniacidon perlevis"", ""common_name"": ""Crumb-of-bread sponge"", ""score"": 0.0666719451546669}, {""species"": ""Tethya actinia"", ""common_name"": ""Tangerine sponge"", ""score"": 0.04670316353440285}, {""species"": ""Adreus australiensis"", ""common_name"": ""Sponge"", ""score"": 0.04336639121174812}, {""species"": ""Cnemidocarpa verrucosa"", ""common_name"": """", ""score"": 0.037584349513053894}, {""species"": ""Stylissa massa"", ""common_name"": """", ""score"": 0.015049356035888195}]"
obs_319669394_photo_577875426_box2.jpg,/rs1/researchers/a/amallav/results/outputs_crop/obs_319669394_photo_577875426_box2.jpg,obs_319669394_photo_577875426,obs_319669394_photo_577875426,2,2,Adreus australiensis,Coleosporium ipomoeae,FALSE,Species features not very clear,Sponge,Animalia,Fungi,Porifera,Basidiomycota,Demospongiae,Pucciniomycetes,Tethyida,Pucciniales,Hemiasterellidae,Coleosporiaceae,Adreus,Coleosporium,0.043366391,3,"[{""species"": ""Hymeniacidon perlevis"", ""common_name"": ""Crumb-of-bread sponge"", ""score"": 0.0666719451546669}, {""species"": ""Tethya actinia"", ""common_name"": ""Tangerine sponge"", ""score"": 0.04670316353440285}, {""species"": ""Adreus australiensis"", ""common_name"": ""Sponge"", ""score"": 0.04336639121174812}, {""species"": ""Cnemidocarpa verrucosa"", ""common_name"": """", ""score"": 0.037584349513053894}, {""species"": ""Stylissa massa"", ""common_name"": """", ""score"": 0.015049356035888195}]"
obs_319669394_photo_577875426_box2.jpg,/rs1/researchers/a/amallav/results/outputs_crop/obs_319669394_photo_577875426_box2.jpg,obs_319669394_photo_577875426,obs_319669394_photo_577875426,2,2,Cnemidocarpa verrucosa,Coleosporium ipomoeae,FALSE,Species features not very clear,,Animalia,Fungi,Chordata,Basidiomycota,Ascidiacea,Pucciniomycetes,Stolidobranchia,Pucciniales,Styelidae,Coleosporiaceae,Cnemidocarpa,Coleosporium,0.03758435,4,"[{""species"": ""Hymeniacidon perlevis"", ""common_name"": ""Crumb-of-bread sponge"", ""score"": 0.0666719451546669}, {""species"": ""Tethya actinia"", ""common_name"": ""Tangerine sponge"", ""score"": 0.04670316353440285}, {""species"": ""Adreus australiensis"", ""common_name"": ""Sponge"", ""score"": 0.04336639121174812}, {""species"": ""Cnemidocarpa verrucosa"", ""common_name"": """", ""score"": 0.037584349513053894}, {""species"": ""Stylissa massa"", ""common_name"": """", ""score"": 0.015049356035888195}]"
obs_319669394_photo_577875426_box2.jpg,/rs1/researchers/a/amallav/results/outputs_crop/obs_319669394_photo_577875426_box2.jpg,obs_319669394_photo_577875426,obs_319669394_photo_577875426,2,2,Stylissa massa,Coleosporium ipomoeae,FALSE,Species features not very clear,,Animalia,Fungi,Porifera,Basidiomycota,Demospongiae,Pucciniomycetes,Scopalinida,Pucciniales,Scopalinidae,Coleosporiaceae,Stylissa,Coleosporium,0.015049356,5,"[{""species"": ""Hymeniacidon perlevis"", ""common_name"": ""Crumb-of-bread sponge"", ""score"": 0.0666719451546669}, {""species"": ""Tethya actinia"", ""common_name"": ""Tangerine sponge"", ""score"": 0.04670316353440285}, {""species"": ""Adreus australiensis"", ""common_name"": ""Sponge"", ""score"": 0.04336639121174812}, {""species"": ""Cnemidocarpa verrucosa"", ""common_name"": """", ""score"": 0.037584349513053894}, {""species"": ""Stylissa massa"", ""common_name"": """", ""score"": 0.015049356035888195}]"
obs_319669394_photo_577875426_box3.jpg,/rs1/researchers/a/amallav/results/outputs_crop/obs_319669394_photo_577875426_box3.jpg,obs_319669394_photo_577875426,obs_319669394_photo_577875426,3,3,Cliona dioryssa,Coleosporium ipomoeae,FALSE,Species features not very clear,Orange boring sponge,Animalia,Fungi,Porifera,Basidiomycota,Demospongiae,Pucciniomycetes,Clionaida,Pucciniales,Clionaidae,Coleosporiaceae,Cliona,Coleosporium,0.030303899,1,"[{""species"": ""Cliona dioryssa"", ""common_name"": ""Orange boring sponge"", ""score"": 0.030303899198770523}, {""species"": ""Cliona celata"", ""common_name"": ""Boring sponge"", ""score"": 0.02696518786251545}, {""species"": ""Cinachyrella alloclada"", ""common_name"": ""Orange ball sponge"", ""score"": 0.021203361451625824}, {""species"": ""Cinachyrella apion"", ""common_name"": ""Orange ball sponge"", ""score"": 0.02082039602100849}, {""species"": ""Cliona vermifera"", ""common_name"": ""Orange boring sponge"", ""score"": 0.018848301842808723}]"
obs_319669394_photo_577875426_box3.jpg,/rs1/researchers/a/amallav/results/outputs_crop/obs_319669394_photo_577875426_box3.jpg,obs_319669394_photo_577875426,obs_319669394_photo_577875426,3,3,Cliona celata,Coleosporium ipomoeae,FALSE,Species features not very clear,Boring sponge,Animalia,Fungi,Porifera,Basidiomycota,Demospongiae,Pucciniomycetes,Clionaida,Pucciniales,Clionaidae,Coleosporiaceae,Cliona,Coleosporium,0.026965188,2,"[{""species"": ""Cliona dioryssa"", ""common_name"": ""Orange boring sponge"", ""score"": 0.030303899198770523}, {""species"": ""Cliona celata"", ""common_name"": ""Boring sponge"", ""score"": 0.02696518786251545}, {""species"": ""Cinachyrella alloclada"", ""common_name"": ""Orange ball sponge"", ""score"": 0.021203361451625824}, {""species"": ""Cinachyrella apion"", ""common_name"": ""Orange ball sponge"", ""score"": 0.02082039602100849}, {""species"": ""Cliona vermifera"", ""common_name"": ""Orange boring sponge"", ""score"": 0.018848301842808723}]"
obs_319669394_photo_577875426_box3.jpg,/rs1/researchers/a/amallav/results/outputs_crop/obs_319669394_photo_577875426_box3.jpg,obs_319669394_photo_577875426,obs_319669394_photo_577875426,3,3,Cinachyrella alloclada,Coleosporium ipomoeae,FALSE,Species features not very clear,Orange ball sponge,Animalia,Fungi,Porifera,Basidiomycota,Demospongiae,Pucciniomycetes,Tetractinellida,Pucciniales,Tetillidae,Coleosporiaceae,Cinachyrella,Coleosporium,0.021203361,3,"[{""species"": ""Cliona dioryssa"", ""common_name"": ""Orange boring sponge"", ""score"": 0.030303899198770523}, {""species"": ""Cliona celata"", ""common_name"": ""Boring sponge"", ""score"": 0.02696518786251545}, {""species"": ""Cinachyrella alloclada"", ""common_name"": ""Orange ball sponge"", ""score"": 0.021203361451625824}, {""species"": ""Cinachyrella apion"", ""common_name"": ""Orange ball sponge"", ""score"": 0.02082039602100849}, {""species"": ""Cliona vermifera"", ""common_name"": ""Orange boring sponge"", ""score"": 0.018848301842808723}]"
obs_319669394_photo_577875426_box3.jpg,/rs1/researchers/a/amallav/results/outputs_crop/obs_319669394_photo_577875426_box3.jpg,obs_319669394_photo_577875426,obs_319669394_photo_577875426,3,3,Cinachyrella apion,Coleosporium ipomoeae,FALSE,Species features not very clear,Orange ball sponge,Animalia,Fungi,Porifera,Basidiomycota,Demospongiae,Pucciniomycetes,Tetractinellida,Pucciniales,Tetillidae,Coleosporiaceae,Cinachyrella,Coleosporium,0.020820396,4,"[{""species"": ""Cliona dioryssa"", ""common_name"": ""Orange boring sponge"", ""score"": 0.030303899198770523}, {""species"": ""Cliona celata"", ""common_name"": ""Boring sponge"", ""score"": 0.02696518786251545}, {""species"": ""Cinachyrella alloclada"", ""common_name"": ""Orange ball sponge"", ""score"": 0.021203361451625824}, {""species"": ""Cinachyrella apion"", ""common_name"": ""Orange ball sponge"", ""score"": 0.02082039602100849}, {""species"": ""Cliona vermifera"", ""common_name"": ""Orange boring sponge"", ""score"": 0.018848301842808723}]"
obs_319669394_photo_577875426_box3.jpg,/rs1/researchers/a/amallav/results/outputs_crop/obs_319669394_photo_577875426_box3.jpg,obs_319669394_photo_577875426,obs_319669394_photo_577875426,3,3,Cliona vermifera,Coleosporium ipomoeae,FALSE,Species features not very clear,Orange boring sponge,Animalia,Fungi,Porifera,Basidiomycota,Demospongiae,Pucciniomycetes,Clionaida,Pucciniales,Clionaidae,Coleosporiaceae,Cliona,Coleosporium,0.018848302,5,"[{""species"": ""Cliona dioryssa"", ""common_name"": ""Orange boring sponge"", ""score"": 0.030303899198770523}, {""species"": ""Cliona celata"", ""common_name"": ""Boring sponge"", ""score"": 0.02696518786251545}, {""species"": ""Cinachyrella alloclada"", ""common_name"": ""Orange ball sponge"", ""score"": 0.021203361451625824}, {""species"": ""Cinachyrella apion"", ""common_name"": ""Orange ball sponge"", ""score"": 0.02082039602100849}, {""species"": ""Cliona vermifera"", ""common_name"": ""Orange boring sponge"", ""score"": 0.018848301842808723}]"
obs_321389820_photo_581234419_box1.jpg,/rs1/researchers/a/amallav/results/outputs_crop/obs_321389820_photo_581234419_box1.jpg,obs_321389820_photo_581234419,obs_321389820_photo_581234419,1,1,Somateria mollissima,Echinus esculentus,FALSE,Species is small part of the box,Common Eider,Animalia,Animalia,Chordata,Echinodermata,Aves,Echinoidea,Anseriformes,Camarodonta,Anatidae,Echinidae,Somateria,Echinus,0.92704165,1,"[{""species"": ""Somateria mollissima"", ""common_name"": ""Common Eider"", ""score"": 0.9270416498184204}, {""species"": ""Somateria spectabilis"", ""common_name"": ""King eider"", ""score"": 0.023651331663131714}, {""species"": ""Polysticta stelleri"", ""common_name"": ""Steller's eider"", ""score"": 0.0030791291501373053}, {""species"": ""Pholis gunnellus"", ""common_name"": ""Butterfish"", ""score"": 0.0008019162341952324}, {""species"": ""Somateria fischeri"", ""common_name"": ""Spectacled eider"", ""score"": 0.0005989967030473053}]"
obs_321389820_photo_581234419_box1.jpg,/rs1/researchers/a/amallav/results/outputs_crop/obs_321389820_photo_581234419_box1.jpg,obs_321389820_photo_581234419,obs_321389820_photo_581234419,1,1,Somateria spectabilis,Echinus esculentus,FALSE,Species is small part of the box,King eider,Animalia,Animalia,Chordata,Echinodermata,Aves,Echinoidea,Anseriformes,Camarodonta,Anatidae,Echinidae,Somateria,Echinus,0.023651332,2,"[{""species"": ""Somateria mollissima"", ""common_name"": ""Common Eider"", ""score"": 0.9270416498184204}, {""species"": ""Somateria spectabilis"", ""common_name"": ""King eider"", ""score"": 0.023651331663131714}, {""species"": ""Polysticta stelleri"", ""common_name"": ""Steller's eider"", ""score"": 0.0030791291501373053}, {""species"": ""Pholis gunnellus"", ""common_name"": ""Butterfish"", ""score"": 0.0008019162341952324}, {""species"": ""Somateria fischeri"", ""common_name"": ""Spectacled eider"", ""score"": 0.0005989967030473053}]"
obs_321389820_photo_581234419_box1.jpg,/rs1/researchers/a/amallav/results/outputs_crop/obs_321389820_photo_581234419_box1.jpg,obs_321389820_photo_581234419,obs_321389820_photo_581234419,1,1,Polysticta stelleri,Echinus esculentus,FALSE,Species is small part of the box,Steller's eider,Animalia,Animalia,Chordata,Echinodermata,Aves,Echinoidea,Anseriformes,Camarodonta,Anatidae,Echinidae,Polysticta,Echinus,0.003079129,3,"[{""species"": ""Somateria mollissima"", ""common_name"": ""Common Eider"", ""score"": 0.9270416498184204}, {""species"": ""Somateria spectabilis"", ""common_name"": ""King eider"", ""score"": 0.023651331663131714}, {""species"": ""Polysticta stelleri"", ""common_name"": ""Steller's eider"", ""score"": 0.0030791291501373053}, {""species"": ""Pholis gunnellus"", ""common_name"": ""Butterfish"", ""score"": 0.0008019162341952324}, {""species"": ""Somateria fischeri"", ""common_name"": ""Spectacled eider"", ""score"": 0.0005989967030473053}]"
obs_321389820_photo_581234419_box1.jpg,/rs1/researchers/a/amallav/results/outputs_crop/obs_321389820_photo_581234419_box1.jpg,obs_321389820_photo_581234419,obs_321389820_photo_581234419,1,1,Pholis gunnellus,Echinus esculentus,FALSE,Species is small part of the box,Butterfish,Animalia,Animalia,Chordata,Echinodermata,,Echinoidea,Perciformes,Camarodonta,Pholidae,Echinidae,Pholis,Echinus,0.000801916,4,"[{""species"": ""Somateria mollissima"", ""common_name"": ""Common Eider"", ""score"": 0.9270416498184204}, {""species"": ""Somateria spectabilis"", ""common_name"": ""King eider"", ""score"": 0.023651331663131714}, {""species"": ""Polysticta stelleri"", ""common_name"": ""Steller's eider"", ""score"": 0.0030791291501373053}, {""species"": ""Pholis gunnellus"", ""common_name"": ""Butterfish"", ""score"": 0.0008019162341952324}, {""species"": ""Somateria fischeri"", ""common_name"": ""Spectacled eider"", ""score"": 0.0005989967030473053}]"
obs_321389820_photo_581234419_box1.jpg,/rs1/researchers/a/amallav/results/outputs_crop/obs_321389820_photo_581234419_box1.jpg,obs_321389820_photo_581234419,obs_321389820_photo_581234419,1,1,Somateria fischeri,Echinus esculentus,FALSE,Species is small part of the box,Spectacled eider,Animalia,Animalia,Chordata,Echinodermata,Aves,Echinoidea,Anseriformes,Camarodonta,Anatidae,Echinidae,Somateria,Echinus,0.000598997,5,"[{""species"": ""Somateria mollissima"", ""common_name"": ""Common Eider"", ""score"": 0.9270416498184204}, {""species"": ""Somateria spectabilis"", ""common_name"": ""King eider"", ""score"": 0.023651331663131714}, {""species"": ""Polysticta stelleri"", ""common_name"": ""Steller's eider"", ""score"": 0.0030791291501373053}, {""species"": ""Pholis gunnellus"", ""common_name"": ""Butterfish"", ""score"": 0.0008019162341952324}, {""species"": ""Somateria fischeri"", ""common_name"": ""Spectacled eider"", ""score"": 0.0005989967030473053}]"
obs_323944435_photo_586236533_box1.jpg,/rs1/researchers/a/amallav/results/outputs_crop/obs_323944435_photo_586236533_box1.jpg,obs_323944435_photo_586236533,#N/A,1,1,Gymnosporangium juniperi-virginianae,Gymnosporangium juniperi-virginianae,TRUE,,Juniper-apple rust,Fungi,Fungi,Basidiomycota,Basidiomycota,Pucciniomycetes,Pucciniomycetes,Pucciniales,Pucciniales,Gymnosporangiaceae,Gymnosporangiaceae,Gymnosporangium,Gymnosporangium,0.948143542,1,"[{""species"": ""Gymnosporangium juniperi-virginianae"", ""common_name"": ""Juniper-apple rust"", ""score"": 0.9481435418128967}, {""species"": ""Gymnosporangium aurantiacum"", ""common_name"": """", ""score"": 0.002965806517750025}, {""species"": ""Gymnosporangium clavipes"", ""common_name"": ""Quince rust"", ""score"": 0.002843888010829687}, {""species"": ""Gymnosporangium cupressi"", ""common_name"": """", ""score"": 0.002603036817163229}, {""species"": ""Monilinia corni"", ""common_name"": """", ""score"": 0.0014456171775236726}]"
obs_323944435_photo_586236533_box1.jpg,/rs1/researchers/a/amallav/results/outputs_crop/obs_323944435_photo_586236533_box1.jpg,obs_323944435_photo_586236533,#N/A,1,1,Gymnosporangium aurantiacum,Gymnosporangium juniperi-virginianae,FALSE,,,Fungi,Fungi,Basidiomycota,Basidiomycota,Pucciniomycetes,Pucciniomycetes,Pucciniales,Pucciniales,Gymnosporangiaceae,Gymnosporangiaceae,Gymnosporangium,Gymnosporangium,0.002965807,2,"[{""species"": ""Gymnosporangium juniperi-virginianae"", ""common_name"": ""Juniper-apple rust"", ""score"": 0.9481435418128967}, {""species"": ""Gymnosporangium aurantiacum"", ""common_name"": """", ""score"": 0.002965806517750025}, {""species"": ""Gymnosporangium clavipes"", ""common_name"": ""Quince rust"", ""score"": 0.002843888010829687}, {""species"": ""Gymnosporangium cupressi"", ""common_name"": """", ""score"": 0.002603036817163229}, {""species"": ""Monilinia corni"", ""common_name"": """", ""score"": 0.0014456171775236726}]"
obs_323944435_photo_586236533_box1.jpg,/rs1/researchers/a/amallav/results/outputs_crop/obs_323944435_photo_586236533_box1.jpg,obs_323944435_photo_586236533,#N/A,1,1,Gymnosporangium clavipes,Gymnosporangium juniperi-virginianae,FALSE,,Quince rust,Fungi,Fungi,Basidiomycota,Basidiomycota,Pucciniomycetes,Pucciniomycetes,Pucciniales,Pucciniales,Gymnosporangiaceae,Gymnosporangiaceae,Gymnosporangium,Gymnosporangium,0.002843888,3,"[{""species"": ""Gymnosporangium juniperi-virginianae"", ""common_name"": ""Juniper-apple rust"", ""score"": 0.9481435418128967}, {""species"": ""Gymnosporangium aurantiacum"", ""common_name"": """", ""score"": 0.002965806517750025}, {""species"": ""Gymnosporangium clavipes"", ""common_name"": ""Quince rust"", ""score"": 0.002843888010829687}, {""species"": ""Gymnosporangium cupressi"", ""common_name"": """", ""score"": 0.002603036817163229}, {""species"": ""Monilinia corni"", ""common_name"": """", ""score"": 0.0014456171775236726}]"
obs_323944435_photo_586236533_box1.jpg,/rs1/researchers/a/amallav/results/outputs_crop/obs_323944435_photo_586236533_box1.jpg,obs_323944435_photo_586236533,#N/A,1,1,Gymnosporangium cupressi,Gymnosporangium juniperi-virginianae,FALSE,,,Fungi,Fungi,Basidiomycota,Basidiomycota,Pucciniomycetes,Pucciniomycetes,Pucciniales,Pucciniales,Gymnosporangiaceae,Gymnosporangiaceae,Gymnosporangium,Gymnosporangium,0.002603037,4,"[{""species"": ""Gymnosporangium juniperi-virginianae"", ""common_name"": ""Juniper-apple rust"", ""score"": 0.9481435418128967}, {""species"": ""Gymnosporangium aurantiacum"", ""common_name"": """", ""score"": 0.002965806517750025}, {""species"": ""Gymnosporangium clavipes"", ""common_name"": ""Quince rust"", ""score"": 0.002843888010829687}, {""species"": ""Gymnosporangium cupressi"", ""common_name"": """", ""score"": 0.002603036817163229}, {""species"": ""Monilinia corni"", ""common_name"": """", ""score"": 0.0014456171775236726}]"
obs_323944435_photo_586236533_box1.jpg,/rs1/researchers/a/amallav/results/outputs_crop/obs_323944435_photo_586236533_box1.jpg,obs_323944435_photo_586236533,#N/A,1,1,Monilinia corni,Gymnosporangium juniperi-virginianae,FALSE,,,Fungi,Fungi,Ascomycota,Basidiomycota,Leotiomycetes,Pucciniomycetes,Helotiales,Pucciniales,Sclerotiniaceae,Gymnosporangiaceae,Monilinia,Gymnosporangium,0.001445617,5,"[{""species"": ""Gymnosporangium juniperi-virginianae"", ""common_name"": ""Juniper-apple rust"", ""score"": 0.9481435418128967}, {""species"": ""Gymnosporangium aurantiacum"", ""common_name"": """", ""score"": 0.002965806517750025}, {""species"": ""Gymnosporangium clavipes"", ""common_name"": ""Quince rust"", ""score"": 0.002843888010829687}, {""species"": ""Gymnosporangium cupressi"", ""common_name"": """", ""score"": 0.002603036817163229}, {""species"": ""Monilinia corni"", ""common_name"": """", ""score"": 0.0014456171775236726}]"
obs_323944435_photo_586236533_box2.jpg,/rs1/researchers/a/amallav/results/outputs_crop/obs_323944435_photo_586236533_box2.jpg,obs_323944435_photo_586236533,#N/A,2,2,Gymnosporangium juniperi-virginianae,Gymnosporangium juniperi-virginianae,TRUE,,Juniper-apple rust,Fungi,Fungi,Basidiomycota,Basidiomycota,Pucciniomycetes,Pucciniomycetes,Pucciniales,Pucciniales,Gymnosporangiaceae,Gymnosporangiaceae,Gymnosporangium,Gymnosporangium,0.873410046,1,"[{""species"": ""Gymnosporangium juniperi-virginianae"", ""common_name"": ""Juniper-apple rust"", ""score"": 0.8734100461006165}, {""species"": ""Gymnosporangium clavipes"", ""common_name"": ""Quince rust"", ""score"": 0.011348636820912361}, {""species"": ""Monilinia corni"", ""common_name"": """", ""score"": 0.007199557032436132}, {""species"": ""Gymnosporangium aurantiacum"", ""common_name"": """", ""score"": 0.00571560300886631}, {""species"": ""Gymnosporangium floriforme"", ""common_name"": """", ""score"": 0.005189841613173485}]"
obs_323944435_photo_586236533_box2.jpg,/rs1/researchers/a/amallav/results/outputs_crop/obs_323944435_photo_586236533_box2.jpg,obs_323944435_photo_586236533,#N/A,2,2,Gymnosporangium clavipes,Gymnosporangium juniperi-virginianae,FALSE,,Quince rust,Fungi,Fungi,Basidiomycota,Basidiomycota,Pucciniomycetes,Pucciniomycetes,Pucciniales,Pucciniales,Gymnosporangiaceae,Gymnosporangiaceae,Gymnosporangium,Gymnosporangium,0.011348637,2,"[{""species"": ""Gymnosporangium juniperi-virginianae"", ""common_name"": ""Juniper-apple rust"", ""score"": 0.8734100461006165}, {""species"": ""Gymnosporangium clavipes"", ""common_name"": ""Quince rust"", ""score"": 0.011348636820912361}, {""species"": ""Monilinia corni"", ""common_name"": """", ""score"": 0.007199557032436132}, {""species"": ""Gymnosporangium aurantiacum"", ""common_name"": """", ""score"": 0.00571560300886631}, {""species"": ""Gymnosporangium floriforme"", ""common_name"": """", ""score"": 0.005189841613173485}]"
obs_323944435_photo_586236533_box2.jpg,/rs1/researchers/a/amallav/results/outputs_crop/obs_323944435_photo_586236533_box2.jpg,obs_323944435_photo_586236533,#N/A,2,2,Monilinia corni,Gymnosporangium juniperi-virginianae,FALSE,,,Fungi,Fungi,Ascomycota,Basidiomycota,Leotiomycetes,Pucciniomycetes,Helotiales,Pucciniales,Sclerotiniaceae,Gymnosporangiaceae,Monilinia,Gymnosporangium,0.007199557,3,"[{""species"": ""Gymnosporangium juniperi-virginianae"", ""common_name"": ""Juniper-apple rust"", ""score"": 0.8734100461006165}, {""species"": ""Gymnosporangium clavipes"", ""common_name"": ""Quince rust"", ""score"": 0.011348636820912361}, {""species"": ""Monilinia corni"", ""common_name"": """", ""score"": 0.007199557032436132}, {""species"": ""Gymnosporangium aurantiacum"", ""common_name"": """", ""score"": 0.00571560300886631}, {""species"": ""Gymnosporangium floriforme"", ""common_name"": """", ""score"": 0.005189841613173485}]"
obs_323944435_photo_586236533_box2.jpg,/rs1/researchers/a/amallav/results/outputs_crop/obs_323944435_photo_586236533_box2.jpg,obs_323944435_photo_586236533,#N/A,2,2,Gymnosporangium aurantiacum,Gymnosporangium juniperi-virginianae,FALSE,,,Fungi,Fungi,Basidiomycota,Basidiomycota,Pucciniomycetes,Pucciniomycetes,Pucciniales,Pucciniales,Gymnosporangiaceae,Gymnosporangiaceae,Gymnosporangium,Gymnosporangium,0.005715603,4,"[{""species"": ""Gymnosporangium juniperi-virginianae"", ""common_name"": ""Juniper-apple rust"", ""score"": 0.8734100461006165}, {""species"": ""Gymnosporangium clavipes"", ""common_name"": ""Quince rust"", ""score"": 0.011348636820912361}, {""species"": ""Monilinia corni"", ""common_name"": """", ""score"": 0.007199557032436132}, {""species"": ""Gymnosporangium aurantiacum"", ""common_name"": """", ""score"": 0.00571560300886631}, {""species"": ""Gymnosporangium floriforme"", ""common_name"": """", ""score"": 0.005189841613173485}]"
obs_323944435_photo_586236533_box2.jpg,/rs1/researchers/a/amallav/results/outputs_crop/obs_323944435_photo_586236533_box2.jpg,obs_323944435_photo_586236533,#N/A,2,2,Gymnosporangium floriforme,Gymnosporangium juniperi-virginianae,FALSE,,,Fungi,Fungi,Basidiomycota,Basidiomycota,Pucciniomycetes,Pucciniomycetes,Pucciniales,Pucciniales,Gymnosporangiaceae,Gymnosporangiaceae,Gymnosporangium,Gymnosporangium,0.005189842,5,"[{""species"": ""Gymnosporangium juniperi-virginianae"", ""common_name"": ""Juniper-apple rust"", ""score"": 0.8734100461006165}, {""species"": ""Gymnosporangium clavipes"", ""common_name"": ""Quince rust"", ""score"": 0.011348636820912361}, {""species"": ""Monilinia corni"", ""common_name"": """", ""score"": 0.007199557032436132}, {""species"": ""Gymnosporangium aurantiacum"", ""common_name"": """", ""score"": 0.00571560300886631}, {""species"": ""Gymnosporangium floriforme"", ""common_name"": """", ""score"": 0.005189841613173485}]"
obs_323944435_photo_586236533_box3.jpg,/rs1/researchers/a/amallav/results/outputs_crop/obs_323944435_photo_586236533_box3.jpg,obs_323944435_photo_586236533,#N/A,3,3,Gymnosporangium juniperi-virginianae,Gymnosporangium juniperi-virginianae,TRUE,,Juniper-apple rust,Fungi,Fungi,Basidiomycota,Basidiomycota,Pucciniomycetes,Pucciniomycetes,Pucciniales,Pucciniales,Gymnosporangiaceae,Gymnosporangiaceae,Gymnosporangium,Gymnosporangium,0.948548377,1,"[{""species"": ""Gymnosporangium juniperi-virginianae"", ""common_name"": ""Juniper-apple rust"", ""score"": 0.9485483765602112}, {""species"": ""Gymnosporangium clavipes"", ""common_name"": ""Quince rust"", ""score"": 0.0036190617829561234}, {""species"": ""Gymnosporangium aurantiacum"", ""common_name"": """", ""score"": 0.0035821145866066217}, {""species"": ""Gymnosporangium cupressi"", ""common_name"": """", ""score"": 0.0028595298063009977}, {""species"": ""Gymnosporangium multiporum"", ""common_name"": """", ""score"": 0.0015066135674715042}]"
obs_323944435_photo_586236533_box3.jpg,/rs1/researchers/a/amallav/results/outputs_crop/obs_323944435_photo_586236533_box3.jpg,obs_323944435_photo_586236533,#N/A,3,3,Gymnosporangium clavipes,Gymnosporangium juniperi-virginianae,FALSE,,Quince rust,Fungi,Fungi,Basidiomycota,Basidiomycota,Pucciniomycetes,Pucciniomycetes,Pucciniales,Pucciniales,Gymnosporangiaceae,Gymnosporangiaceae,Gymnosporangium,Gymnosporangium,0.003619062,2,"[{""species"": ""Gymnosporangium juniperi-virginianae"", ""common_name"": ""Juniper-apple rust"", ""score"": 0.9485483765602112}, {""species"": ""Gymnosporangium clavipes"", ""common_name"": ""Quince rust"", ""score"": 0.0036190617829561234}, {""species"": ""Gymnosporangium aurantiacum"", ""common_name"": """", ""score"": 0.0035821145866066217}, {""species"": ""Gymnosporangium cupressi"", ""common_name"": """", ""score"": 0.0028595298063009977}, {""species"": ""Gymnosporangium multiporum"", ""common_name"": """", ""score"": 0.0015066135674715042}]"
obs_323944435_photo_586236533_box3.jpg,/rs1/researchers/a/amallav/results/outputs_crop/obs_323944435_photo_586236533_box3.jpg,obs_323944435_photo_586236533,#N/A,3,3,Gymnosporangium aurantiacum,Gymnosporangium juniperi-virginianae,FALSE,,,Fungi,Fungi,Basidiomycota,Basidiomycota,Pucciniomycetes,Pucciniomycetes,Pucciniales,Pucciniales,Gymnosporangiaceae,Gymnosporangiaceae,Gymnosporangium,Gymnosporangium,0.003582115,3,"[{""species"": ""Gymnosporangium juniperi-virginianae"", ""common_name"": ""Juniper-apple rust"", ""score"": 0.9485483765602112}, {""species"": ""Gymnosporangium clavipes"", ""common_name"": ""Quince rust"", ""score"": 0.0036190617829561234}, {""species"": ""Gymnosporangium aurantiacum"", ""common_name"": """", ""score"": 0.0035821145866066217}, {""species"": ""Gymnosporangium cupressi"", ""common_name"": """", ""score"": 0.0028595298063009977}, {""species"": ""Gymnosporangium multiporum"", ""common_name"": """", ""score"": 0.0015066135674715042}]"
obs_323944435_photo_586236533_box3.jpg,/rs1/researchers/a/amallav/results/outputs_crop/obs_323944435_photo_586236533_box3.jpg,obs_323944435_photo_586236533,#N/A,3,3,Gymnosporangium cupressi,Gymnosporangium juniperi-virginianae,FALSE,,,Fungi,Fungi,Basidiomycota,Basidiomycota,Pucciniomycetes,Pucciniomycetes,Pucciniales,Pucciniales,Gymnosporangiaceae,Gymnosporangiaceae,Gymnosporangium,Gymnosporangium,0.00285953,4,"[{""species"": ""Gymnosporangium juniperi-virginianae"", ""common_name"": ""Juniper-apple rust"", ""score"": 0.9485483765602112}, {""species"": ""Gymnosporangium clavipes"", ""common_name"": ""Quince rust"", ""score"": 0.0036190617829561234}, {""species"": ""Gymnosporangium aurantiacum"", ""common_name"": """", ""score"": 0.0035821145866066217}, {""species"": ""Gymnosporangium cupressi"", ""common_name"": """", ""score"": 0.0028595298063009977}, {""species"": ""Gymnosporangium multiporum"", ""common_name"": """", ""score"": 0.0015066135674715042}]"
obs_323944435_photo_586236533_box3.jpg,/rs1/researchers/a/amallav/results/outputs_crop/obs_323944435_photo_586236533_box3.jpg,obs_323944435_photo_586236533,#N/A,3,3,Gymnosporangium multiporum,Gymnosporangium juniperi-virginianae,FALSE,,,Fungi,Fungi,Basidiomycota,Basidiomycota,Pucciniomycetes,Pucciniomycetes,Pucciniales,Pucciniales,Gymnosporangiaceae,Gymnosporangiaceae,Gymnosporangium,Gymnosporangium,0.001506614,5,"[{""species"": ""Gymnosporangium juniperi-virginianae"", ""common_name"": ""Juniper-apple rust"", ""score"": 0.9485483765602112}, {""species"": ""Gymnosporangium clavipes"", ""common_name"": ""Quince rust"", ""score"": 0.0036190617829561234}, {""species"": ""Gymnosporangium aurantiacum"", ""common_name"": """", ""score"": 0.0035821145866066217}, {""species"": ""Gymnosporangium cupressi"", ""common_name"": """", ""score"": 0.0028595298063009977}, {""species"": ""Gymnosporangium multiporum"", ""common_name"": """", ""score"": 0.0015066135674715042}]"
obs_325267824_photo_588882003_box1.jpg,/rs1/researchers/a/amallav/results/outputs_crop/obs_325267824_photo_588882003_box1.jpg,obs_325267824_photo_588882003,obs_325267824_photo_588882003,1,1,Harmonia axyridis,Iflavirus dinococcinellae,FALSE,Species is small part of the box. Fungus,Harlequin ladybird,Animalia,Viruses,Arthropoda,Pisuviricota,Insecta,Pisoniviricetes,Coleoptera,Picornavirales,Coccinellidae,Iflaviridae,Harmonia,Iflavirus,0.67985034,1,"[{""species"": ""Harmonia axyridis"", ""common_name"": ""Harlequin ladybird"", ""score"": 0.6798503398895264}, {""species"": ""Hesperomyces harmoniae"", ""common_name"": """", ""score"": 0.08309606462717056}, {""species"": ""Dinocampus coccinellae"", ""common_name"": ""Braconid wasp"", ""score"": 0.028218569234013557}, {""species"": ""Hesperomyces virescens"", ""common_name"": ""Green beetle hanger"", ""score"": 0.02166285179555416}, {""species"": ""Harmonia yedoensis"", ""common_name"": """", ""score"": 0.01255166158080101}]"
obs_325267824_photo_588882003_box1.jpg,/rs1/researchers/a/amallav/results/outputs_crop/obs_325267824_photo_588882003_box1.jpg,obs_325267824_photo_588882003,obs_325267824_photo_588882003,1,1,Hesperomyces harmoniae,Iflavirus dinococcinellae,FALSE,Species is small part of the box. Fungus,,Fungi,Viruses,Ascomycota,Pisuviricota,Laboulbeniomycetes,Pisoniviricetes,Laboulbeniales,Picornavirales,Laboulbeniaceae,Iflaviridae,Hesperomyces,Iflavirus,0.083096065,2,"[{""species"": ""Harmonia axyridis"", ""common_name"": ""Harlequin ladybird"", ""score"": 0.6798503398895264}, {""species"": ""Hesperomyces harmoniae"", ""common_name"": """", ""score"": 0.08309606462717056}, {""species"": ""Dinocampus coccinellae"", ""common_name"": ""Braconid wasp"", ""score"": 0.028218569234013557}, {""species"": ""Hesperomyces virescens"", ""common_name"": ""Green beetle hanger"", ""score"": 0.02166285179555416}, {""species"": ""Harmonia yedoensis"", ""common_name"": """", ""score"": 0.01255166158080101}]"
obs_325267824_photo_588882003_box1.jpg,/rs1/researchers/a/amallav/results/outputs_crop/obs_325267824_photo_588882003_box1.jpg,obs_325267824_photo_588882003,obs_325267824_photo_588882003,1,1,Dinocampus coccinellae,Iflavirus dinococcinellae,FALSE,Species is small part of the box. Fungus,Braconid wasp,Animalia,Viruses,Arthropoda,Pisuviricota,Insecta,Pisoniviricetes,Hymenoptera,Picornavirales,Braconidae,Iflaviridae,Dinocampus,Iflavirus,0.028218569,3,"[{""species"": ""Harmonia axyridis"", ""common_name"": ""Harlequin ladybird"", ""score"": 0.6798503398895264}, {""species"": ""Hesperomyces harmoniae"", ""common_name"": """", ""score"": 0.08309606462717056}, {""species"": ""Dinocampus coccinellae"", ""common_name"": ""Braconid wasp"", ""score"": 0.028218569234013557}, {""species"": ""Hesperomyces virescens"", ""common_name"": ""Green beetle hanger"", ""score"": 0.02166285179555416}, {""species"": ""Harmonia yedoensis"", ""common_name"": """", ""score"": 0.01255166158080101}]"
obs_325267824_photo_588882003_box1.jpg,/rs1/researchers/a/amallav/results/outputs_crop/obs_325267824_photo_588882003_box1.jpg,obs_325267824_photo_588882003,obs_325267824_photo_588882003,1,1,Hesperomyces virescens,Iflavirus dinococcinellae,FALSE,Species is small part of the box. Fungus,Green beetle hanger,Fungi,Viruses,Ascomycota,Pisuviricota,Laboulbeniomycetes,Pisoniviricetes,Laboulbeniales,Picornavirales,Laboulbeniaceae,Iflaviridae,Hesperomyces,Iflavirus,0.021662852,4,"[{""species"": ""Harmonia axyridis"", ""common_name"": ""Harlequin ladybird"", ""score"": 0.6798503398895264}, {""species"": ""Hesperomyces harmoniae"", ""common_name"": """", ""score"": 0.08309606462717056}, {""species"": ""Dinocampus coccinellae"", ""common_name"": ""Braconid wasp"", ""score"": 0.028218569234013557}, {""species"": ""Hesperomyces virescens"", ""common_name"": ""Green beetle hanger"", ""score"": 0.02166285179555416}, {""species"": ""Harmonia yedoensis"", ""common_name"": """", ""score"": 0.01255166158080101}]"
obs_325267824_photo_588882003_box1.jpg,/rs1/researchers/a/amallav/results/outputs_crop/obs_325267824_photo_588882003_box1.jpg,obs_325267824_photo_588882003,obs_325267824_photo_588882003,1,1,Harmonia yedoensis,Iflavirus dinococcinellae,FALSE,Species is small part of the box. Fungus,,Animalia,Viruses,Arthropoda,Pisuviricota,Insecta,Pisoniviricetes,Coleoptera,Picornavirales,Coccinellidae,Iflaviridae,Harmonia,Iflavirus,0.012551662,5,"[{""species"": ""Harmonia axyridis"", ""common_name"": ""Harlequin ladybird"", ""score"": 0.6798503398895264}, {""species"": ""Hesperomyces harmoniae"", ""common_name"": """", ""score"": 0.08309606462717056}, {""species"": ""Dinocampus coccinellae"", ""common_name"": ""Braconid wasp"", ""score"": 0.028218569234013557}, {""species"": ""Hesperomyces virescens"", ""common_name"": ""Green beetle hanger"", ""score"": 0.02166285179555416}, {""species"": ""Harmonia yedoensis"", ""common_name"": """", ""score"": 0.01255166158080101}]"
obs_325625055_photo_589595206_box1.jpg,/rs1/researchers/a/amallav/results/outputs_crop/obs_325625055_photo_589595206_box1.jpg,obs_325625055_photo_589595206,obs_325625055_photo_589595206,1,1,Asimina triloba,Mycocentrospora asiminae,FALSE,Species is small part of the box,Common Pawpaw,Plantae,Fungi,Tracheophyta,Ascomycota,Magnoliopsida,Dothideomycetes,Magnoliales,Pleosporales,Annonaceae,Dothidotthiaceae,Asimina,Mycocentrospora,0.058898903,1,"[{""species"": ""Asimina triloba"", ""common_name"": ""Common Pawpaw"", ""score"": 0.05889890342950821}, {""species"": ""Erysiphe caryae"", ""common_name"": """", ""score"": 0.03465104103088379}, {""species"": ""Gnomonia caryae"", ""common_name"": """", ""score"": 0.031661778688430786}, {""species"": ""Pollaccia americana"", ""common_name"": """", ""score"": 0.03124328702688217}, {""species"": ""Septobasidium fraxini"", ""common_name"": """", ""score"": 0.021045321598649025}]"
obs_325625055_photo_589595206_box1.jpg,/rs1/researchers/a/amallav/results/outputs_crop/obs_325625055_photo_589595206_box1.jpg,obs_325625055_photo_589595206,obs_325625055_photo_589595206,1,1,Erysiphe caryae,Mycocentrospora asiminae,FALSE,Species is small part of the box,,Fungi,Fungi,Ascomycota,Ascomycota,Leotiomycetes,Dothideomycetes,Helotiales,Pleosporales,Erysiphaceae,Dothidotthiaceae,Erysiphe,Mycocentrospora,0.034651041,2,"[{""species"": ""Asimina triloba"", ""common_name"": ""Common Pawpaw"", ""score"": 0.05889890342950821}, {""species"": ""Erysiphe caryae"", ""common_name"": """", ""score"": 0.03465104103088379}, {""species"": ""Gnomonia caryae"", ""common_name"": """", ""score"": 0.031661778688430786}, {""species"": ""Pollaccia americana"", ""common_name"": """", ""score"": 0.03124328702688217}, {""species"": ""Septobasidium fraxini"", ""common_name"": """", ""score"": 0.021045321598649025}]"
obs_325625055_photo_589595206_box1.jpg,/rs1/researchers/a/amallav/results/outputs_crop/obs_325625055_photo_589595206_box1.jpg,obs_325625055_photo_589595206,obs_325625055_photo_589595206,1,1,Gnomonia caryae,Mycocentrospora asiminae,FALSE,Species is small part of the box,,Fungi,Fungi,Ascomycota,Ascomycota,Sordariomycetes,Dothideomycetes,Diaporthales,Pleosporales,Gnomoniaceae,Dothidotthiaceae,Gnomonia,Mycocentrospora,0.031661779,3,"[{""species"": ""Asimina triloba"", ""common_name"": ""Common Pawpaw"", ""score"": 0.05889890342950821}, {""species"": ""Erysiphe caryae"", ""common_name"": """", ""score"": 0.03465104103088379}, {""species"": ""Gnomonia caryae"", ""common_name"": """", ""score"": 0.031661778688430786}, {""species"": ""Pollaccia americana"", ""common_name"": """", ""score"": 0.03124328702688217}, {""species"": ""Septobasidium fraxini"", ""common_name"": """", ""score"": 0.021045321598649025}]"
obs_325625055_photo_589595206_box1.jpg,/rs1/researchers/a/amallav/results/outputs_crop/obs_325625055_photo_589595206_box1.jpg,obs_325625055_photo_589595206,obs_325625055_photo_589595206,1,1,Pollaccia americana,Mycocentrospora asiminae,FALSE,Species is small part of the box,,Fungi,Fungi,Ascomycota,Ascomycota,Dothideomycetes,Dothideomycetes,Venturiales,Pleosporales,Venturiaceae,Dothidotthiaceae,Pollaccia,Mycocentrospora,0.031243287,4,"[{""species"": ""Asimina triloba"", ""common_name"": ""Common Pawpaw"", ""score"": 0.05889890342950821}, {""species"": ""Erysiphe caryae"", ""common_name"": """", ""score"": 0.03465104103088379}, {""species"": ""Gnomonia caryae"", ""common_name"": """", ""score"": 0.031661778688430786}, {""species"": ""Pollaccia americana"", ""common_name"": """", ""score"": 0.03124328702688217}, {""species"": ""Septobasidium fraxini"", ""common_name"": """", ""score"": 0.021045321598649025}]"
obs_325625055_photo_589595206_box1.jpg,/rs1/researchers/a/amallav/results/outputs_crop/obs_325625055_photo_589595206_box1.jpg,obs_325625055_photo_589595206,obs_325625055_photo_589595206,1,1,Septobasidium fraxini,Mycocentrospora asiminae,FALSE,Species is small part of the box,,Fungi,Fungi,Basidiomycota,Ascomycota,Pucciniomycetes,Dothideomycetes,Septobasidiales,Pleosporales,Septobasidiaceae,Dothidotthiaceae,Septobasidium,Mycocentrospora,0.021045322,5,"[{""species"": ""Asimina triloba"", ""common_name"": ""Common Pawpaw"", ""score"": 0.05889890342950821}, {""species"": ""Erysiphe caryae"", ""common_name"": """", ""score"": 0.03465104103088379}, {""species"": ""Gnomonia caryae"", ""common_name"": """", ""score"": 0.031661778688430786}, {""species"": ""Pollaccia americana"", ""common_name"": """", ""score"": 0.03124328702688217}, {""species"": ""Septobasidium fraxini"", ""common_name"": """", ""score"": 0.021045321598649025}]"
obs_325625055_photo_589595206_box2.jpg,/rs1/researchers/a/amallav/results/outputs_crop/obs_325625055_photo_589595206_box2.jpg,obs_325625055_photo_589595206,obs_325625055_photo_589595206,2,2,Asimina triloba,Mycocentrospora asiminae,FALSE,Species is small part of the box,Common Pawpaw,Plantae,Fungi,Tracheophyta,Ascomycota,Magnoliopsida,Dothideomycetes,Magnoliales,Pleosporales,Annonaceae,Dothidotthiaceae,Asimina,Mycocentrospora,0.059145298,1,"[{""species"": ""Asimina triloba"", ""common_name"": ""Common Pawpaw"", ""score"": 0.05914529785513878}, {""species"": ""Gnomonia caryae"", ""common_name"": """", ""score"": 0.03843728080391884}, {""species"": ""Mycosphaerella fraxinicola"", ""common_name"": """", ""score"": 0.024091636762022972}, {""species"": ""Plagiostoma fraxini"", ""common_name"": """", ""score"": 0.022975603118538857}, {""species"": ""Erysiphe caryae"", ""common_name"": """", ""score"": 0.014346316456794739}]"
obs_325625055_photo_589595206_box2.jpg,/rs1/researchers/a/amallav/results/outputs_crop/obs_325625055_photo_589595206_box2.jpg,obs_325625055_photo_589595206,obs_325625055_photo_589595206,2,2,Gnomonia caryae,Mycocentrospora asiminae,FALSE,Species is small part of the box,,Fungi,Fungi,Ascomycota,Ascomycota,Sordariomycetes,Dothideomycetes,Diaporthales,Pleosporales,Gnomoniaceae,Dothidotthiaceae,Gnomonia,Mycocentrospora,0.038437281,2,"[{""species"": ""Asimina triloba"", ""common_name"": ""Common Pawpaw"", ""score"": 0.05914529785513878}, {""species"": ""Gnomonia caryae"", ""common_name"": """", ""score"": 0.03843728080391884}, {""species"": ""Mycosphaerella fraxinicola"", ""common_name"": """", ""score"": 0.024091636762022972}, {""species"": ""Plagiostoma fraxini"", ""common_name"": """", ""score"": 0.022975603118538857}, {""species"": ""Erysiphe caryae"", ""common_name"": """", ""score"": 0.014346316456794739}]"
obs_325625055_photo_589595206_box2.jpg,/rs1/researchers/a/amallav/results/outputs_crop/obs_325625055_photo_589595206_box2.jpg,obs_325625055_photo_589595206,obs_325625055_photo_589595206,2,2,Mycosphaerella fraxinicola,Mycocentrospora asiminae,FALSE,Same genus but diff species,,Fungi,Fungi,Ascomycota,Ascomycota,Dothideomycetes,Dothideomycetes,Mycosphaerellales,Pleosporales,Mycosphaerellaceae,Dothidotthiaceae,Mycosphaerella,Mycocentrospora,0.024091637,3,"[{""species"": ""Asimina triloba"", ""common_name"": ""Common Pawpaw"", ""score"": 0.05914529785513878}, {""species"": ""Gnomonia caryae"", ""common_name"": """", ""score"": 0.03843728080391884}, {""species"": ""Mycosphaerella fraxinicola"", ""common_name"": """", ""score"": 0.024091636762022972}, {""species"": ""Plagiostoma fraxini"", ""common_name"": """", ""score"": 0.022975603118538857}, {""species"": ""Erysiphe caryae"", ""common_name"": """", ""score"": 0.014346316456794739}]"
obs_325625055_photo_589595206_box2.jpg,/rs1/researchers/a/amallav/results/outputs_crop/obs_325625055_photo_589595206_box2.jpg,obs_325625055_photo_589595206,obs_325625055_photo_589595206,2,2,Plagiostoma fraxini,Mycocentrospora asiminae,FALSE,Species is small part of the box,,Fungi,Fungi,Ascomycota,Ascomycota,Sordariomycetes,Dothideomycetes,Diaporthales,Pleosporales,Gnomoniaceae,Dothidotthiaceae,Plagiostoma,Mycocentrospora,0.022975603,4,"[{""species"": ""Asimina triloba"", ""common_name"": ""Common Pawpaw"", ""score"": 0.05914529785513878}, {""species"": ""Gnomonia caryae"", ""common_name"": """", ""score"": 0.03843728080391884}, {""species"": ""Mycosphaerella fraxinicola"", ""common_name"": """", ""score"": 0.024091636762022972}, {""species"": ""Plagiostoma fraxini"", ""common_name"": """", ""score"": 0.022975603118538857}, {""species"": ""Erysiphe caryae"", ""common_name"": """", ""score"": 0.014346316456794739}]"
obs_325625055_photo_589595206_box2.jpg,/rs1/researchers/a/amallav/results/outputs_crop/obs_325625055_photo_589595206_box2.jpg,obs_325625055_photo_589595206,obs_325625055_photo_589595206,2,2,Erysiphe caryae,Mycocentrospora asiminae,FALSE,Species is small part of the box,,Fungi,Fungi,Ascomycota,Ascomycota,Leotiomycetes,Dothideomycetes,Helotiales,Pleosporales,Erysiphaceae,Dothidotthiaceae,Erysiphe,Mycocentrospora,0.014346316,5,"[{""species"": ""Asimina triloba"", ""common_name"": ""Common Pawpaw"", ""score"": 0.05914529785513878}, {""species"": ""Gnomonia caryae"", ""common_name"": """", ""score"": 0.03843728080391884}, {""species"": ""Mycosphaerella fraxinicola"", ""common_name"": """", ""score"": 0.024091636762022972}, {""species"": ""Plagiostoma fraxini"", ""common_name"": """", ""score"": 0.022975603118538857}, {""species"": ""Erysiphe caryae"", ""common_name"": """", ""score"": 0.014346316456794739}]"
obs_325625055_photo_589595206_box3.jpg,/rs1/researchers/a/amallav/results/outputs_crop/obs_325625055_photo_589595206_box3.jpg,obs_325625055_photo_589595206,obs_325625055_photo_589595206,3,3,Asimina triloba,Mycocentrospora asiminae,FALSE,Species is small part of the box,Common Pawpaw,Plantae,Fungi,Tracheophyta,Ascomycota,Magnoliopsida,Dothideomycetes,Magnoliales,Pleosporales,Annonaceae,Dothidotthiaceae,Asimina,Mycocentrospora,0.296676904,1,"[{""species"": ""Asimina triloba"", ""common_name"": ""Common Pawpaw"", ""score"": 0.296676903963089}, {""species"": ""Rhytisma decolorans"", ""common_name"": """", ""score"": 0.02763802371919155}, {""species"": ""Erysiphe caryae"", ""common_name"": """", ""score"": 0.019133642315864563}, {""species"": ""Coptodisca diospyriella"", ""common_name"": """", ""score"": 0.016364246606826782}, {""species"": ""Pollaccia americana"", ""common_name"": """", ""score"": 0.01514588762074709}]"
obs_325625055_photo_589595206_box3.jpg,/rs1/researchers/a/amallav/results/outputs_crop/obs_325625055_photo_589595206_box3.jpg,obs_325625055_photo_589595206,obs_325625055_photo_589595206,3,3,Rhytisma decolorans,Mycocentrospora asiminae,FALSE,Species is small part of the box,,Fungi,Fungi,Ascomycota,Ascomycota,Leotiomycetes,Dothideomycetes,Rhytismatales,Pleosporales,Rhytismataceae,Dothidotthiaceae,Rhytisma,Mycocentrospora,0.027638024,2,"[{""species"": ""Asimina triloba"", ""common_name"": ""Common Pawpaw"", ""score"": 0.296676903963089}, {""species"": ""Rhytisma decolorans"", ""common_name"": """", ""score"": 0.02763802371919155}, {""species"": ""Erysiphe caryae"", ""common_name"": """", ""score"": 0.019133642315864563}, {""species"": ""Coptodisca diospyriella"", ""common_name"": """", ""score"": 0.016364246606826782}, {""species"": ""Pollaccia americana"", ""common_name"": """", ""score"": 0.01514588762074709}]"
obs_325625055_photo_589595206_box3.jpg,/rs1/researchers/a/amallav/results/outputs_crop/obs_325625055_photo_589595206_box3.jpg,obs_325625055_photo_589595206,obs_325625055_photo_589595206,3,3,Erysiphe caryae,Mycocentrospora asiminae,FALSE,Species is small part of the box,,Fungi,Fungi,Ascomycota,Ascomycota,Leotiomycetes,Dothideomycetes,Helotiales,Pleosporales,Erysiphaceae,Dothidotthiaceae,Erysiphe,Mycocentrospora,0.019133642,3,"[{""species"": ""Asimina triloba"", ""common_name"": ""Common Pawpaw"", ""score"": 0.296676903963089}, {""species"": ""Rhytisma decolorans"", ""common_name"": """", ""score"": 0.02763802371919155}, {""species"": ""Erysiphe caryae"", ""common_name"": """", ""score"": 0.019133642315864563}, {""species"": ""Coptodisca diospyriella"", ""common_name"": """", ""score"": 0.016364246606826782}, {""species"": ""Pollaccia americana"", ""common_name"": """", ""score"": 0.01514588762074709}]"
obs_325625055_photo_589595206_box3.jpg,/rs1/researchers/a/amallav/results/outputs_crop/obs_325625055_photo_589595206_box3.jpg,obs_325625055_photo_589595206,obs_325625055_photo_589595206,3,3,Coptodisca diospyriella,Mycocentrospora asiminae,FALSE,Species is small part of the box,,Animalia,Fungi,Arthropoda,Ascomycota,Insecta,Dothideomycetes,Lepidoptera,Pleosporales,Heliozelidae,Dothidotthiaceae,Coptodisca,Mycocentrospora,0.016364247,4,"[{""species"": ""Asimina triloba"", ""common_name"": ""Common Pawpaw"", ""score"": 0.296676903963089}, {""species"": ""Rhytisma decolorans"", ""common_name"": """", ""score"": 0.02763802371919155}, {""species"": ""Erysiphe caryae"", ""common_name"": """", ""score"": 0.019133642315864563}, {""species"": ""Coptodisca diospyriella"", ""common_name"": """", ""score"": 0.016364246606826782}, {""species"": ""Pollaccia americana"", ""common_name"": """", ""score"": 0.01514588762074709}]"
obs_325625055_photo_589595206_box3.jpg,/rs1/researchers/a/amallav/results/outputs_crop/obs_325625055_photo_589595206_box3.jpg,obs_325625055_photo_589595206,obs_325625055_photo_589595206,3,3,Pollaccia americana,Mycocentrospora asiminae,FALSE,Species is small part of the box,,Fungi,Fungi,Ascomycota,Ascomycota,Dothideomycetes,Dothideomycetes,Venturiales,Pleosporales,Venturiaceae,Dothidotthiaceae,Pollaccia,Mycocentrospora,0.015145888,5,"[{""species"": ""Asimina triloba"", ""common_name"": ""Common Pawpaw"", ""score"": 0.296676903963089}, {""species"": ""Rhytisma decolorans"", ""common_name"": """", ""score"": 0.02763802371919155}, {""species"": ""Erysiphe caryae"", ""common_name"": """", ""score"": 0.019133642315864563}, {""species"": ""Coptodisca diospyriella"", ""common_name"": """", ""score"": 0.016364246606826782}, {""species"": ""Pollaccia americana"", ""common_name"": """", ""score"": 0.01514588762074709}]"
obs_325625055_photo_589595206_box4.jpg,/rs1/researchers/a/amallav/results/outputs_crop/obs_325625055_photo_589595206_box4.jpg,obs_325625055_photo_589595206,obs_325625055_photo_589595206,4,4,Asimina triloba,Mycocentrospora asiminae,FALSE,Species is small part of the box,Common Pawpaw,Plantae,Fungi,Tracheophyta,Ascomycota,Magnoliopsida,Dothideomycetes,Magnoliales,Pleosporales,Annonaceae,Dothidotthiaceae,Asimina,Mycocentrospora,0.213492915,1,"[{""species"": ""Asimina triloba"", ""common_name"": ""Common Pawpaw"", ""score"": 0.21349291503429413}, {""species"": ""Erysiphe caryae"", ""common_name"": """", ""score"": 0.05626567825675011}, {""species"": ""Phyllosticta podophylli"", ""common_name"": """", ""score"": 0.036788053810596466}, {""species"": ""Coptodisca diospyriella"", ""common_name"": """", ""score"": 0.03194421902298927}, {""species"": ""Gnomonia caryae"", ""common_name"": """", ""score"": 0.02432915009558201}]"
obs_325625055_photo_589595206_box4.jpg,/rs1/researchers/a/amallav/results/outputs_crop/obs_325625055_photo_589595206_box4.jpg,obs_325625055_photo_589595206,obs_325625055_photo_589595206,4,4,Erysiphe caryae,Mycocentrospora asiminae,FALSE,Species is small part of the box,,Fungi,Fungi,Ascomycota,Ascomycota,Leotiomycetes,Dothideomycetes,Helotiales,Pleosporales,Erysiphaceae,Dothidotthiaceae,Erysiphe,Mycocentrospora,0.056265678,2,"[{""species"": ""Asimina triloba"", ""common_name"": ""Common Pawpaw"", ""score"": 0.21349291503429413}, {""species"": ""Erysiphe caryae"", ""common_name"": """", ""score"": 0.05626567825675011}, {""species"": ""Phyllosticta podophylli"", ""common_name"": """", ""score"": 0.036788053810596466}, {""species"": ""Coptodisca diospyriella"", ""common_name"": """", ""score"": 0.03194421902298927}, {""species"": ""Gnomonia caryae"", ""common_name"": """", ""score"": 0.02432915009558201}]"
obs_325625055_photo_589595206_box4.jpg,/rs1/researchers/a/amallav/results/outputs_crop/obs_325625055_photo_589595206_box4.jpg,obs_325625055_photo_589595206,obs_325625055_photo_589595206,4,4,Phyllosticta podophylli,Mycocentrospora asiminae,FALSE,Species is small part of the box,,Fungi,Fungi,Ascomycota,Ascomycota,Dothideomycetes,Dothideomycetes,Botryosphaeriales,Pleosporales,Phyllostictaceae,Dothidotthiaceae,Phyllosticta,Mycocentrospora,0.036788054,3,"[{""species"": ""Asimina triloba"", ""common_name"": ""Common Pawpaw"", ""score"": 0.21349291503429413}, {""species"": ""Erysiphe caryae"", ""common_name"": """", ""score"": 0.05626567825675011}, {""species"": ""Phyllosticta podophylli"", ""common_name"": """", ""score"": 0.036788053810596466}, {""species"": ""Coptodisca diospyriella"", ""common_name"": """", ""score"": 0.03194421902298927}, {""species"": ""Gnomonia caryae"", ""common_name"": """", ""score"": 0.02432915009558201}]"
obs_325625055_photo_589595206_box4.jpg,/rs1/researchers/a/amallav/results/outputs_crop/obs_325625055_photo_589595206_box4.jpg,obs_325625055_photo_589595206,obs_325625055_photo_589595206,4,4,Coptodisca diospyriella,Mycocentrospora asiminae,FALSE,Species is small part of the box,,Animalia,Fungi,Arthropoda,Ascomycota,Insecta,Dothideomycetes,Lepidoptera,Pleosporales,Heliozelidae,Dothidotthiaceae,Coptodisca,Mycocentrospora,0.031944219,4,"[{""species"": ""Asimina triloba"", ""common_name"": ""Common Pawpaw"", ""score"": 0.21349291503429413}, {""species"": ""Erysiphe caryae"", ""common_name"": """", ""score"": 0.05626567825675011}, {""species"": ""Phyllosticta podophylli"", ""common_name"": """", ""score"": 0.036788053810596466}, {""species"": ""Coptodisca diospyriella"", ""common_name"": """", ""score"": 0.03194421902298927}, {""species"": ""Gnomonia caryae"", ""common_name"": """", ""score"": 0.02432915009558201}]"
obs_325625055_photo_589595206_box4.jpg,/rs1/researchers/a/amallav/results/outputs_crop/obs_325625055_photo_589595206_box4.jpg,obs_325625055_photo_589595206,obs_325625055_photo_589595206,4,4,Gnomonia caryae,Mycocentrospora asiminae,FALSE,Species is small part of the box,,Fungi,Fungi,Ascomycota,Ascomycota,Sordariomycetes,Dothideomycetes,Diaporthales,Pleosporales,Gnomoniaceae,Dothidotthiaceae,Gnomonia,Mycocentrospora,0.02432915,5,"[{""species"": ""Asimina triloba"", ""common_name"": ""Common Pawpaw"", ""score"": 0.21349291503429413}, {""species"": ""Erysiphe caryae"", ""common_name"": """", ""score"": 0.05626567825675011}, {""species"": ""Phyllosticta podophylli"", ""common_name"": """", ""score"": 0.036788053810596466}, {""species"": ""Coptodisca diospyriella"", ""common_name"": """", ""score"": 0.03194421902298927}, {""species"": ""Gnomonia caryae"", ""common_name"": """", ""score"": 0.02432915009558201}]"
obs_325625055_photo_589595206_box5.jpg,/rs1/researchers/a/amallav/results/outputs_crop/obs_325625055_photo_589595206_box5.jpg,obs_325625055_photo_589595206,obs_325625055_photo_589595206,5,5,Pseudoidium vincae,Mycocentrospora asiminae,FALSE,Species features not very clear,,Fungi,Fungi,Ascomycota,Ascomycota,Leotiomycetes,Dothideomycetes,Helotiales,Pleosporales,Erysiphaceae,Dothidotthiaceae,Pseudoidium,Mycocentrospora,0.05593681,1,"[{""species"": ""Pseudoidium vincae"", ""common_name"": """", ""score"": 0.05593680962920189}, {""species"": ""Pseudocercospora ilicis"", ""common_name"": """", ""score"": 0.03755075857043266}, {""species"": ""Phacidium italicum"", ""common_name"": """", ""score"": 0.03456014022231102}, {""species"": ""Phytomyza ilicis"", ""common_name"": ""Holly leafminer"", ""score"": 0.02117621712386608}, {""species"": ""Xylella fastidiosa"", ""common_name"": """", ""score"": 0.01980840228497982}]"
obs_325625055_photo_589595206_box5.jpg,/rs1/researchers/a/amallav/results/outputs_crop/obs_325625055_photo_589595206_box5.jpg,obs_325625055_photo_589595206,obs_325625055_photo_589595206,5,5,Pseudocercospora ilicis,Mycocentrospora asiminae,FALSE,Species features not very clear,,Fungi,Fungi,Ascomycota,Ascomycota,Dothideomycetes,Dothideomycetes,Mycosphaerellales,Pleosporales,Mycosphaerellaceae,Dothidotthiaceae,Pseudocercospora,Mycocentrospora,0.037550759,2,"[{""species"": ""Pseudoidium vincae"", ""common_name"": """", ""score"": 0.05593680962920189}, {""species"": ""Pseudocercospora ilicis"", ""common_name"": """", ""score"": 0.03755075857043266}, {""species"": ""Phacidium italicum"", ""common_name"": """", ""score"": 0.03456014022231102}, {""species"": ""Phytomyza ilicis"", ""common_name"": ""Holly leafminer"", ""score"": 0.02117621712386608}, {""species"": ""Xylella fastidiosa"", ""common_name"": """", ""score"": 0.01980840228497982}]"
obs_325625055_photo_589595206_box5.jpg,/rs1/researchers/a/amallav/results/outputs_crop/obs_325625055_photo_589595206_box5.jpg,obs_325625055_photo_589595206,obs_325625055_photo_589595206,5,5,Phacidium italicum,Mycocentrospora asiminae,FALSE,Species features not very clear,,Fungi,Fungi,Ascomycota,Ascomycota,Leotiomycetes,Dothideomycetes,Phacidiales,Pleosporales,Phacidiaceae,Dothidotthiaceae,Phacidium,Mycocentrospora,0.03456014,3,"[{""species"": ""Pseudoidium vincae"", ""common_name"": """", ""score"": 0.05593680962920189}, {""species"": ""Pseudocercospora ilicis"", ""common_name"": """", ""score"": 0.03755075857043266}, {""species"": ""Phacidium italicum"", ""common_name"": """", ""score"": 0.03456014022231102}, {""species"": ""Phytomyza ilicis"", ""common_name"": ""Holly leafminer"", ""score"": 0.02117621712386608}, {""species"": ""Xylella fastidiosa"", ""common_name"": """", ""score"": 0.01980840228497982}]"
obs_325625055_photo_589595206_box5.jpg,/rs1/researchers/a/amallav/results/outputs_crop/obs_325625055_photo_589595206_box5.jpg,obs_325625055_photo_589595206,obs_325625055_photo_589595206,5,5,Phytomyza ilicis,Mycocentrospora asiminae,FALSE,Species features not very clear,Holly leafminer,Animalia,Fungi,Arthropoda,Ascomycota,Insecta,Dothideomycetes,Diptera,Pleosporales,Agromyzidae,Dothidotthiaceae,Phytomyza,Mycocentrospora,0.021176217,4,"[{""species"": ""Pseudoidium vincae"", ""common_name"": """", ""score"": 0.05593680962920189}, {""species"": ""Pseudocercospora ilicis"", ""common_name"": """", ""score"": 0.03755075857043266}, {""species"": ""Phacidium italicum"", ""common_name"": """", ""score"": 0.03456014022231102}, {""species"": ""Phytomyza ilicis"", ""common_name"": ""Holly leafminer"", ""score"": 0.02117621712386608}, {""species"": ""Xylella fastidiosa"", ""common_name"": """", ""score"": 0.01980840228497982}]"
obs_325625055_photo_589595206_box5.jpg,/rs1/researchers/a/amallav/results/outputs_crop/obs_325625055_photo_589595206_box5.jpg,obs_325625055_photo_589595206,obs_325625055_photo_589595206,5,5,Xylella fastidiosa,Mycocentrospora asiminae,FALSE,Species features not very clear,,Bacteria,Fungi,Proteobacteria,Ascomycota,Gammaproteobacteria,Dothideomycetes,Xanthomonadales,Pleosporales,Xanthomonadaceae,Dothidotthiaceae,Xylella,Mycocentrospora,0.019808402,5,"[{""species"": ""Pseudoidium vincae"", ""common_name"": """", ""score"": 0.05593680962920189}, {""species"": ""Pseudocercospora ilicis"", ""common_name"": """", ""score"": 0.03755075857043266}, {""species"": ""Phacidium italicum"", ""common_name"": """", ""score"": 0.03456014022231102}, {""species"": ""Phytomyza ilicis"", ""common_name"": ""Holly leafminer"", ""score"": 0.02117621712386608}, {""species"": ""Xylella fastidiosa"", ""common_name"": """", ""score"": 0.01980840228497982}]"
obs_326876805_photo_592092171_box1.jpg,/rs1/researchers/a/amallav/results/outputs_crop/obs_326876805_photo_592092171_box1.jpg,obs_326876805_photo_592092171,#N/A,1,1,Rhytisma acerinum,Rhytisma acerinum,TRUE,,European tar spot,Fungi,Fungi,Ascomycota,Ascomycota,Leotiomycetes,Leotiomycetes,Rhytismatales,Rhytismatales,Rhytismataceae,Rhytismataceae,Rhytisma,Rhytisma,0.613014877,1,"[{""species"": ""Rhytisma acerinum"", ""common_name"": ""European tar spot"", ""score"": 0.6130148768424988}, {""species"": ""Rhytisma americanum"", ""common_name"": ""American tar spot"", ""score"": 0.02849184162914753}, {""species"": ""Phyllachora maydis"", ""common_name"": ""Tar spot"", ""score"": 0.026749074459075928}, {""species"": ""Rhytisma punctatum"", ""common_name"": ""Speckled tar spot"", ""score"": 0.02350408025085926}, {""species"": ""Rhytisma decolorans"", ""common_name"": """", ""score"": 0.0076935566030442715}]"
obs_326876805_photo_592092171_box1.jpg,/rs1/researchers/a/amallav/results/outputs_crop/obs_326876805_photo_592092171_box1.jpg,obs_326876805_photo_592092171,#N/A,1,1,Rhytisma americanum,Rhytisma acerinum,FALSE,,American tar spot,Fungi,Fungi,Ascomycota,Ascomycota,Leotiomycetes,Leotiomycetes,Rhytismatales,Rhytismatales,Rhytismataceae,Rhytismataceae,Rhytisma,Rhytisma,0.028491842,2,"[{""species"": ""Rhytisma acerinum"", ""common_name"": ""European tar spot"", ""score"": 0.6130148768424988}, {""species"": ""Rhytisma americanum"", ""common_name"": ""American tar spot"", ""score"": 0.02849184162914753}, {""species"": ""Phyllachora maydis"", ""common_name"": ""Tar spot"", ""score"": 0.026749074459075928}, {""species"": ""Rhytisma punctatum"", ""common_name"": ""Speckled tar spot"", ""score"": 0.02350408025085926}, {""species"": ""Rhytisma decolorans"", ""common_name"": """", ""score"": 0.0076935566030442715}]"
obs_326876805_photo_592092171_box1.jpg,/rs1/researchers/a/amallav/results/outputs_crop/obs_326876805_photo_592092171_box1.jpg,obs_326876805_photo_592092171,#N/A,1,1,Phyllachora maydis,Rhytisma acerinum,FALSE,,Tar spot,Fungi,Fungi,Ascomycota,Ascomycota,Sordariomycetes,Leotiomycetes,Phyllachorales,Rhytismatales,Phyllachoraceae,Rhytismataceae,Phyllachora,Rhytisma,0.026749074,3,"[{""species"": ""Rhytisma acerinum"", ""common_name"": ""European tar spot"", ""score"": 0.6130148768424988}, {""species"": ""Rhytisma americanum"", ""common_name"": ""American tar spot"", ""score"": 0.02849184162914753}, {""species"": ""Phyllachora maydis"", ""common_name"": ""Tar spot"", ""score"": 0.026749074459075928}, {""species"": ""Rhytisma punctatum"", ""common_name"": ""Speckled tar spot"", ""score"": 0.02350408025085926}, {""species"": ""Rhytisma decolorans"", ""common_name"": """", ""score"": 0.0076935566030442715}]"
obs_326876805_photo_592092171_box1.jpg,/rs1/researchers/a/amallav/results/outputs_crop/obs_326876805_photo_592092171_box1.jpg,obs_326876805_photo_592092171,#N/A,1,1,Rhytisma punctatum,Rhytisma acerinum,FALSE,,Speckled tar spot,Fungi,Fungi,Ascomycota,Ascomycota,Leotiomycetes,Leotiomycetes,Rhytismatales,Rhytismatales,Rhytismataceae,Rhytismataceae,Rhytisma,Rhytisma,0.02350408,4,"[{""species"": ""Rhytisma acerinum"", ""common_name"": ""European tar spot"", ""score"": 0.6130148768424988}, {""species"": ""Rhytisma americanum"", ""common_name"": ""American tar spot"", ""score"": 0.02849184162914753}, {""species"": ""Phyllachora maydis"", ""common_name"": ""Tar spot"", ""score"": 0.026749074459075928}, {""species"": ""Rhytisma punctatum"", ""common_name"": ""Speckled tar spot"", ""score"": 0.02350408025085926}, {""species"": ""Rhytisma decolorans"", ""common_name"": """", ""score"": 0.0076935566030442715}]"
obs_326876805_photo_592092171_box1.jpg,/rs1/researchers/a/amallav/results/outputs_crop/obs_326876805_photo_592092171_box1.jpg,obs_326876805_photo_592092171,#N/A,1,1,Rhytisma decolorans,Rhytisma acerinum,FALSE,,,Fungi,Fungi,Ascomycota,Ascomycota,Leotiomycetes,Leotiomycetes,Rhytismatales,Rhytismatales,Rhytismataceae,Rhytismataceae,Rhytisma,Rhytisma,0.007693557,5,"[{""species"": ""Rhytisma acerinum"", ""common_name"": ""European tar spot"", ""score"": 0.6130148768424988}, {""species"": ""Rhytisma americanum"", ""common_name"": ""American tar spot"", ""score"": 0.02849184162914753}, {""species"": ""Phyllachora maydis"", ""common_name"": ""Tar spot"", ""score"": 0.026749074459075928}, {""species"": ""Rhytisma punctatum"", ""common_name"": ""Speckled tar spot"", ""score"": 0.02350408025085926}, {""species"": ""Rhytisma decolorans"", ""common_name"": """", ""score"": 0.0076935566030442715}]"
obs_326876805_photo_592092171_box2.jpg,/rs1/researchers/a/amallav/results/outputs_crop/obs_326876805_photo_592092171_box2.jpg,obs_326876805_photo_592092171,#N/A,2,2,Rhytisma acerinum,Rhytisma acerinum,TRUE,,European tar spot,Fungi,Fungi,Ascomycota,Ascomycota,Leotiomycetes,Leotiomycetes,Rhytismatales,Rhytismatales,Rhytismataceae,Rhytismataceae,Rhytisma,Rhytisma,0.691085577,1,"[{""species"": ""Rhytisma acerinum"", ""common_name"": ""European tar spot"", ""score"": 0.6910855770111084}, {""species"": ""Rhytisma americanum"", ""common_name"": ""American tar spot"", ""score"": 0.044569291174411774}, {""species"": ""Rhytisma punctatum"", ""common_name"": ""Speckled tar spot"", ""score"": 0.019852183759212494}, {""species"": ""Phyllachora maydis"", ""common_name"": ""Tar spot"", ""score"": 0.01816174015402794}, {""species"": ""Rhytisma asteris"", ""common_name"": """", ""score"": 0.006899627391248941}]"
obs_326876805_photo_592092171_box2.jpg,/rs1/researchers/a/amallav/results/outputs_crop/obs_326876805_photo_592092171_box2.jpg,obs_326876805_photo_592092171,#N/A,2,2,Rhytisma americanum,Rhytisma acerinum,FALSE,,American tar spot,Fungi,Fungi,Ascomycota,Ascomycota,Leotiomycetes,Leotiomycetes,Rhytismatales,Rhytismatales,Rhytismataceae,Rhytismataceae,Rhytisma,Rhytisma,0.044569291,2,"[{""species"": ""Rhytisma acerinum"", ""common_name"": ""European tar spot"", ""score"": 0.6910855770111084}, {""species"": ""Rhytisma americanum"", ""common_name"": ""American tar spot"", ""score"": 0.044569291174411774}, {""species"": ""Rhytisma punctatum"", ""common_name"": ""Speckled tar spot"", ""score"": 0.019852183759212494}, {""species"": ""Phyllachora maydis"", ""common_name"": ""Tar spot"", ""score"": 0.01816174015402794}, {""species"": ""Rhytisma asteris"", ""common_name"": """", ""score"": 0.006899627391248941}]"
obs_326876805_photo_592092171_box2.jpg,/rs1/researchers/a/amallav/results/outputs_crop/obs_326876805_photo_592092171_box2.jpg,obs_326876805_photo_592092171,#N/A,2,2,Rhytisma punctatum,Rhytisma acerinum,FALSE,,Speckled tar spot,Fungi,Fungi,Ascomycota,Ascomycota,Leotiomycetes,Leotiomycetes,Rhytismatales,Rhytismatales,Rhytismataceae,Rhytismataceae,Rhytisma,Rhytisma,0.019852184,3,"[{""species"": ""Rhytisma acerinum"", ""common_name"": ""European tar spot"", ""score"": 0.6910855770111084}, {""species"": ""Rhytisma americanum"", ""common_name"": ""American tar spot"", ""score"": 0.044569291174411774}, {""species"": ""Rhytisma punctatum"", ""common_name"": ""Speckled tar spot"", ""score"": 0.019852183759212494}, {""species"": ""Phyllachora maydis"", ""common_name"": ""Tar spot"", ""score"": 0.01816174015402794}, {""species"": ""Rhytisma asteris"", ""common_name"": """", ""score"": 0.006899627391248941}]"
obs_326876805_photo_592092171_box2.jpg,/rs1/researchers/a/amallav/results/outputs_crop/obs_326876805_photo_592092171_box2.jpg,obs_326876805_photo_592092171,#N/A,2,2,Phyllachora maydis,Rhytisma acerinum,FALSE,,Tar spot,Fungi,Fungi,Ascomycota,Ascomycota,Sordariomycetes,Leotiomycetes,Phyllachorales,Rhytismatales,Phyllachoraceae,Rhytismataceae,Phyllachora,Rhytisma,0.01816174,4,"[{""species"": ""Rhytisma acerinum"", ""common_name"": ""European tar spot"", ""score"": 0.6910855770111084}, {""species"": ""Rhytisma americanum"", ""common_name"": ""American tar spot"", ""score"": 0.044569291174411774}, {""species"": ""Rhytisma punctatum"", ""common_name"": ""Speckled tar spot"", ""score"": 0.019852183759212494}, {""species"": ""Phyllachora maydis"", ""common_name"": ""Tar spot"", ""score"": 0.01816174015402794}, {""species"": ""Rhytisma asteris"", ""common_name"": """", ""score"": 0.006899627391248941}]"
obs_326876805_photo_592092171_box2.jpg,/rs1/researchers/a/amallav/results/outputs_crop/obs_326876805_photo_592092171_box2.jpg,obs_326876805_photo_592092171,#N/A,2,2,Rhytisma asteris,Rhytisma acerinum,FALSE,,,Fungi,Fungi,Ascomycota,Ascomycota,Leotiomycetes,Leotiomycetes,Rhytismatales,Rhytismatales,Rhytismataceae,Rhytismataceae,Rhytisma,Rhytisma,0.006899627,5,"[{""species"": ""Rhytisma acerinum"", ""common_name"": ""European tar spot"", ""score"": 0.6910855770111084}, {""species"": ""Rhytisma americanum"", ""common_name"": ""American tar spot"", ""score"": 0.044569291174411774}, {""species"": ""Rhytisma punctatum"", ""common_name"": ""Speckled tar spot"", ""score"": 0.019852183759212494}, {""species"": ""Phyllachora maydis"", ""common_name"": ""Tar spot"", ""score"": 0.01816174015402794}, {""species"": ""Rhytisma asteris"", ""common_name"": """", ""score"": 0.006899627391248941}]"
obs_326876805_photo_592092171_box3.jpg,/rs1/researchers/a/amallav/results/outputs_crop/obs_326876805_photo_592092171_box3.jpg,obs_326876805_photo_592092171,#N/A,3,3,Rhytisma acerinum,Rhytisma acerinum,TRUE,,European tar spot,Fungi,Fungi,Ascomycota,Ascomycota,Leotiomycetes,Leotiomycetes,Rhytismatales,Rhytismatales,Rhytismataceae,Rhytismataceae,Rhytisma,Rhytisma,0.547039092,1,"[{""species"": ""Rhytisma acerinum"", ""common_name"": ""European tar spot"", ""score"": 0.5470390915870667}, {""species"": ""Phyllachora maydis"", ""common_name"": ""Tar spot"", ""score"": 0.02728455513715744}, {""species"": ""Rhytisma americanum"", ""common_name"": ""American tar spot"", ""score"": 0.025450831279158592}, {""species"": ""Rhytisma punctatum"", ""common_name"": ""Speckled tar spot"", ""score"": 0.019011827185750008}, {""species"": ""Asteroma alneum"", ""common_name"": """", ""score"": 0.009513618424534798}]"
obs_326876805_photo_592092171_box3.jpg,/rs1/researchers/a/amallav/results/outputs_crop/obs_326876805_photo_592092171_box3.jpg,obs_326876805_photo_592092171,#N/A,3,3,Phyllachora maydis,Rhytisma acerinum,FALSE,,Tar spot,Fungi,Fungi,Ascomycota,Ascomycota,Sordariomycetes,Leotiomycetes,Phyllachorales,Rhytismatales,Phyllachoraceae,Rhytismataceae,Phyllachora,Rhytisma,0.027284555,2,"[{""species"": ""Rhytisma acerinum"", ""common_name"": ""European tar spot"", ""score"": 0.5470390915870667}, {""species"": ""Phyllachora maydis"", ""common_name"": ""Tar spot"", ""score"": 0.02728455513715744}, {""species"": ""Rhytisma americanum"", ""common_name"": ""American tar spot"", ""score"": 0.025450831279158592}, {""species"": ""Rhytisma punctatum"", ""common_name"": ""Speckled tar spot"", ""score"": 0.019011827185750008}, {""species"": ""Asteroma alneum"", ""common_name"": """", ""score"": 0.009513618424534798}]"
obs_326876805_photo_592092171_box3.jpg,/rs1/researchers/a/amallav/results/outputs_crop/obs_326876805_photo_592092171_box3.jpg,obs_326876805_photo_592092171,#N/A,3,3,Rhytisma americanum,Rhytisma acerinum,FALSE,,American tar spot,Fungi,Fungi,Ascomycota,Ascomycota,Leotiomycetes,Leotiomycetes,Rhytismatales,Rhytismatales,Rhytismataceae,Rhytismataceae,Rhytisma,Rhytisma,0.025450831,3,"[{""species"": ""Rhytisma acerinum"", ""common_name"": ""European tar spot"", ""score"": 0.5470390915870667}, {""species"": ""Phyllachora maydis"", ""common_name"": ""Tar spot"", ""score"": 0.02728455513715744}, {""species"": ""Rhytisma americanum"", ""common_name"": ""American tar spot"", ""score"": 0.025450831279158592}, {""species"": ""Rhytisma punctatum"", ""common_name"": ""Speckled tar spot"", ""score"": 0.019011827185750008}, {""species"": ""Asteroma alneum"", ""common_name"": """", ""score"": 0.009513618424534798}]"
obs_326876805_photo_592092171_box3.jpg,/rs1/researchers/a/amallav/results/outputs_crop/obs_326876805_photo_592092171_box3.jpg,obs_326876805_photo_592092171,#N/A,3,3,Rhytisma punctatum,Rhytisma acerinum,FALSE,,Speckled tar spot,Fungi,Fungi,Ascomycota,Ascomycota,Leotiomycetes,Leotiomycetes,Rhytismatales,Rhytismatales,Rhytismataceae,Rhytismataceae,Rhytisma,Rhytisma,0.019011827,4,"[{""species"": ""Rhytisma acerinum"", ""common_name"": ""European tar spot"", ""score"": 0.5470390915870667}, {""species"": ""Phyllachora maydis"", ""common_name"": ""Tar spot"", ""score"": 0.02728455513715744}, {""species"": ""Rhytisma americanum"", ""common_name"": ""American tar spot"", ""score"": 0.025450831279158592}, {""species"": ""Rhytisma punctatum"", ""common_name"": ""Speckled tar spot"", ""score"": 0.019011827185750008}, {""species"": ""Asteroma alneum"", ""common_name"": """", ""score"": 0.009513618424534798}]"
obs_326876805_photo_592092171_box3.jpg,/rs1/researchers/a/amallav/results/outputs_crop/obs_326876805_photo_592092171_box3.jpg,obs_326876805_photo_592092171,#N/A,3,3,Asteroma alneum,Rhytisma acerinum,FALSE,,,Fungi,Fungi,Ascomycota,Ascomycota,Sordariomycetes,Leotiomycetes,Diaporthales,Rhytismatales,Gnomoniaceae,Rhytismataceae,Asteroma,Rhytisma,0.009513618,5,"[{""species"": ""Rhytisma acerinum"", ""common_name"": ""European tar spot"", ""score"": 0.5470390915870667}, {""species"": ""Phyllachora maydis"", ""common_name"": ""Tar spot"", ""score"": 0.02728455513715744}, {""species"": ""Rhytisma americanum"", ""common_name"": ""American tar spot"", ""score"": 0.025450831279158592}, {""species"": ""Rhytisma punctatum"", ""common_name"": ""Speckled tar spot"", ""score"": 0.019011827185750008}, {""species"": ""Asteroma alneum"", ""common_name"": """", ""score"": 0.009513618424534798}]"
obs_326876805_photo_592092171_box4.jpg,/rs1/researchers/a/amallav/results/outputs_crop/obs_326876805_photo_592092171_box4.jpg,obs_326876805_photo_592092171,#N/A,4,4,Eutypella quaternata,Rhytisma acerinum,FALSE,,boknästing,Fungi,Fungi,Ascomycota,Ascomycota,Sordariomycetes,Leotiomycetes,Xylariales,Rhytismatales,Diatrypaceae,Rhytismataceae,Eutypella,Rhytisma,0.076929599,1,"[{""species"": ""Eutypella quaternata"", ""common_name"": ""boknästing"", ""score"": 0.07692959904670715}, {""species"": ""Cryptovalsa sassafras"", ""common_name"": """", ""score"": 0.039700400084257126}, {""species"": ""Eutypella portoricensis"", ""common_name"": """", ""score"": 0.02502497471868992}, {""species"": ""Lopadostoma formosum"", ""common_name"": """", ""score"": 0.022949673235416412}, {""species"": ""Eutypa spinosa"", ""common_name"": ""Spiral tarcrust"", ""score"": 0.015119701623916626}]"
obs_326876805_photo_592092171_box4.jpg,/rs1/researchers/a/amallav/results/outputs_crop/obs_326876805_photo_592092171_box4.jpg,obs_326876805_photo_592092171,#N/A,4,4,Cryptovalsa sassafras,Rhytisma acerinum,FALSE,,,Fungi,Fungi,Ascomycota,Ascomycota,Sordariomycetes,Leotiomycetes,Xylariales,Rhytismatales,Diatrypaceae,Rhytismataceae,Cryptovalsa,Rhytisma,0.0397004,2,"[{""species"": ""Eutypella quaternata"", ""common_name"": ""boknästing"", ""score"": 0.07692959904670715}, {""species"": ""Cryptovalsa sassafras"", ""common_name"": """", ""score"": 0.039700400084257126}, {""species"": ""Eutypella portoricensis"", ""common_name"": """", ""score"": 0.02502497471868992}, {""species"": ""Lopadostoma formosum"", ""common_name"": """", ""score"": 0.022949673235416412}, {""species"": ""Eutypa spinosa"", ""common_name"": ""Spiral tarcrust"", ""score"": 0.015119701623916626}]"
obs_326876805_photo_592092171_box4.jpg,/rs1/researchers/a/amallav/results/outputs_crop/obs_326876805_photo_592092171_box4.jpg,obs_326876805_photo_592092171,#N/A,4,4,Eutypella portoricensis,Rhytisma acerinum,FALSE,,,Fungi,Fungi,Ascomycota,Ascomycota,Sordariomycetes,Leotiomycetes,Xylariales,Rhytismatales,Diatrypaceae,Rhytismataceae,Eutypella,Rhytisma,0.025024975,3,"[{""species"": ""Eutypella quaternata"", ""common_name"": ""boknästing"", ""score"": 0.07692959904670715}, {""species"": ""Cryptovalsa sassafras"", ""common_name"": """", ""score"": 0.039700400084257126}, {""species"": ""Eutypella portoricensis"", ""common_name"": """", ""score"": 0.02502497471868992}, {""species"": ""Lopadostoma formosum"", ""common_name"": """", ""score"": 0.022949673235416412}, {""species"": ""Eutypa spinosa"", ""common_name"": ""Spiral tarcrust"", ""score"": 0.015119701623916626}]"
obs_326876805_photo_592092171_box4.jpg,/rs1/researchers/a/amallav/results/outputs_crop/obs_326876805_photo_592092171_box4.jpg,obs_326876805_photo_592092171,#N/A,4,4,Lopadostoma formosum,Rhytisma acerinum,FALSE,,,Fungi,Fungi,Ascomycota,Ascomycota,Sordariomycetes,Leotiomycetes,Xylariales,Rhytismatales,Lopadostomataceae,Rhytismataceae,Lopadostoma,Rhytisma,0.022949673,4,"[{""species"": ""Eutypella quaternata"", ""common_name"": ""boknästing"", ""score"": 0.07692959904670715}, {""species"": ""Cryptovalsa sassafras"", ""common_name"": """", ""score"": 0.039700400084257126}, {""species"": ""Eutypella portoricensis"", ""common_name"": """", ""score"": 0.02502497471868992}, {""species"": ""Lopadostoma formosum"", ""common_name"": """", ""score"": 0.022949673235416412}, {""species"": ""Eutypa spinosa"", ""common_name"": ""Spiral tarcrust"", ""score"": 0.015119701623916626}]"
obs_326876805_photo_592092171_box4.jpg,/rs1/researchers/a/amallav/results/outputs_crop/obs_326876805_photo_592092171_box4.jpg,obs_326876805_photo_592092171,#N/A,4,4,Eutypa spinosa,Rhytisma acerinum,FALSE,,Spiral tarcrust,Fungi,Fungi,Ascomycota,Ascomycota,Sordariomycetes,Leotiomycetes,Xylariales,Rhytismatales,Diatrypaceae,Rhytismataceae,Eutypa,Rhytisma,0.015119702,5,"[{""species"": ""Eutypella quaternata"", ""common_name"": ""boknästing"", ""score"": 0.07692959904670715}, {""species"": ""Cryptovalsa sassafras"", ""common_name"": """", ""score"": 0.039700400084257126}, {""species"": ""Eutypella portoricensis"", ""common_name"": """", ""score"": 0.02502497471868992}, {""species"": ""Lopadostoma formosum"", ""common_name"": """", ""score"": 0.022949673235416412}, {""species"": ""Eutypa spinosa"", ""common_name"": ""Spiral tarcrust"", ""score"": 0.015119701623916626}]"
obs_326876805_photo_592092171_box5.jpg,/rs1/researchers/a/amallav/results/outputs_crop/obs_326876805_photo_592092171_box5.jpg,obs_326876805_photo_592092171,#N/A,5,5,Lopadostoma formosum,Rhytisma acerinum,FALSE,,,Fungi,Fungi,Ascomycota,Ascomycota,Sordariomycetes,Leotiomycetes,Xylariales,Rhytismatales,Lopadostomataceae,Rhytismataceae,Lopadostoma,Rhytisma,0.050717443,1,"[{""species"": ""Lopadostoma formosum"", ""common_name"": """", ""score"": 0.050717443227767944}, {""species"": ""Camillea tinctor"", ""common_name"": """", ""score"": 0.028180090710520744}, {""species"": ""Annulohypoxylon atroroseum"", ""common_name"": """", ""score"": 0.01924150623381138}, {""species"": ""Hypoxylon macrosporum"", ""common_name"": """", ""score"": 0.01315133273601532}, {""species"": ""Hypoxylon rubiginosum"", ""common_name"": ""Rusty woodwart"", ""score"": 0.011196786537766457}]"
obs_326876805_photo_592092171_box5.jpg,/rs1/researchers/a/amallav/results/outputs_crop/obs_326876805_photo_592092171_box5.jpg,obs_326876805_photo_592092171,#N/A,5,5,Camillea tinctor,Rhytisma acerinum,FALSE,,,Fungi,Fungi,Ascomycota,Ascomycota,Sordariomycetes,Leotiomycetes,Xylariales,Rhytismatales,Graphostromataceae,Rhytismataceae,Camillea,Rhytisma,0.028180091,2,"[{""species"": ""Lopadostoma formosum"", ""common_name"": """", ""score"": 0.050717443227767944}, {""species"": ""Camillea tinctor"", ""common_name"": """", ""score"": 0.028180090710520744}, {""species"": ""Annulohypoxylon atroroseum"", ""common_name"": """", ""score"": 0.01924150623381138}, {""species"": ""Hypoxylon macrosporum"", ""common_name"": """", ""score"": 0.01315133273601532}, {""species"": ""Hypoxylon rubiginosum"", ""common_name"": ""Rusty woodwart"", ""score"": 0.011196786537766457}]"
obs_326876805_photo_592092171_box5.jpg,/rs1/researchers/a/amallav/results/outputs_crop/obs_326876805_photo_592092171_box5.jpg,obs_326876805_photo_592092171,#N/A,5,5,Annulohypoxylon atroroseum,Rhytisma acerinum,FALSE,,,Fungi,Fungi,Ascomycota,Ascomycota,Sordariomycetes,Leotiomycetes,Xylariales,Rhytismatales,Hypoxylaceae,Rhytismataceae,Annulohypoxylon,Rhytisma,0.019241506,3,"[{""species"": ""Lopadostoma formosum"", ""common_name"": """", ""score"": 0.050717443227767944}, {""species"": ""Camillea tinctor"", ""common_name"": """", ""score"": 0.028180090710520744}, {""species"": ""Annulohypoxylon atroroseum"", ""common_name"": """", ""score"": 0.01924150623381138}, {""species"": ""Hypoxylon macrosporum"", ""common_name"": """", ""score"": 0.01315133273601532}, {""species"": ""Hypoxylon rubiginosum"", ""common_name"": ""Rusty woodwart"", ""score"": 0.011196786537766457}]"
obs_326876805_photo_592092171_box5.jpg,/rs1/researchers/a/amallav/results/outputs_crop/obs_326876805_photo_592092171_box5.jpg,obs_326876805_photo_592092171,#N/A,5,5,Hypoxylon macrosporum,Rhytisma acerinum,FALSE,,,Fungi,Fungi,Ascomycota,Ascomycota,Sordariomycetes,Leotiomycetes,Xylariales,Rhytismatales,Hypoxylaceae,Rhytismataceae,Hypoxylon,Rhytisma,0.013151333,4,"[{""species"": ""Lopadostoma formosum"", ""common_name"": """", ""score"": 0.050717443227767944}, {""species"": ""Camillea tinctor"", ""common_name"": """", ""score"": 0.028180090710520744}, {""species"": ""Annulohypoxylon atroroseum"", ""common_name"": """", ""score"": 0.01924150623381138}, {""species"": ""Hypoxylon macrosporum"", ""common_name"": """", ""score"": 0.01315133273601532}, {""species"": ""Hypoxylon rubiginosum"", ""common_name"": ""Rusty woodwart"", ""score"": 0.011196786537766457}]"
obs_326876805_photo_592092171_box5.jpg,/rs1/researchers/a/amallav/results/outputs_crop/obs_326876805_photo_592092171_box5.jpg,obs_326876805_photo_592092171,#N/A,5,5,Hypoxylon rubiginosum,Rhytisma acerinum,FALSE,,Rusty woodwart,Fungi,Fungi,Ascomycota,Ascomycota,Sordariomycetes,Leotiomycetes,Xylariales,Rhytismatales,Hypoxylaceae,Rhytismataceae,Hypoxylon,Rhytisma,0.011196787,5,"[{""species"": ""Lopadostoma formosum"", ""common_name"": """", ""score"": 0.050717443227767944}, {""species"": ""Camillea tinctor"", ""common_name"": """", ""score"": 0.028180090710520744}, {""species"": ""Annulohypoxylon atroroseum"", ""common_name"": """", ""score"": 0.01924150623381138}, {""species"": ""Hypoxylon macrosporum"", ""common_name"": """", ""score"": 0.01315133273601532}, {""species"": ""Hypoxylon rubiginosum"", ""common_name"": ""Rusty woodwart"", ""score"": 0.011196786537766457}]"
obs_327076113_photo_592488640_box1.jpg,/rs1/researchers/a/amallav/results/outputs_crop/obs_327076113_photo_592488640_box1.jpg,obs_327076113_photo_592488640,obs_327076113_photo_592488640,1,1,Creniola breviceps,Anthopleura artemisia,FALSE,Species is small part of the box,,Animalia,Animalia,Arthropoda,Cnidaria,Malacostraca,Anthozoa,Isopoda,Actiniaria,Cymothoidae,Actiniidae,Creniola,Anthopleura,0.130956382,1,"[{""species"": ""Creniola breviceps"", ""common_name"": """", ""score"": 0.13095638155937195}, {""species"": ""Nuchequula glenysae"", ""common_name"": ""Twoblotch Ponyfish"", ""score"": 0.12548011541366577}, {""species"": ""Nuchequula blochii"", ""common_name"": ""Twoblotch ponyfish"", ""score"": 0.059732481837272644}, {""species"": ""Nuchequula nuchalis"", ""common_name"": ""Spotnape ponyfish"", ""score"": 0.05214492604136467}, {""species"": ""Aurigequula longispina"", ""common_name"": ""Longspine Ponyfish"", ""score"": 0.0355529710650444}]"
obs_327076113_photo_592488640_box1.jpg,/rs1/researchers/a/amallav/results/outputs_crop/obs_327076113_photo_592488640_box1.jpg,obs_327076113_photo_592488640,obs_327076113_photo_592488640,1,1,Nuchequula glenysae,Anthopleura artemisia,FALSE,Species is small part of the box,Twoblotch Ponyfish,Animalia,Animalia,Chordata,Cnidaria,,Anthozoa,Perciformes,Actiniaria,Leiognathidae,Actiniidae,Nuchequula,Anthopleura,0.125480115,2,"[{""species"": ""Creniola breviceps"", ""common_name"": """", ""score"": 0.13095638155937195}, {""species"": ""Nuchequula glenysae"", ""common_name"": ""Twoblotch Ponyfish"", ""score"": 0.12548011541366577}, {""species"": ""Nuchequula blochii"", ""common_name"": ""Twoblotch ponyfish"", ""score"": 0.059732481837272644}, {""species"": ""Nuchequula nuchalis"", ""common_name"": ""Spotnape ponyfish"", ""score"": 0.05214492604136467}, {""species"": ""Aurigequula longispina"", ""common_name"": ""Longspine Ponyfish"", ""score"": 0.0355529710650444}]"
obs_327076113_photo_592488640_box1.jpg,/rs1/researchers/a/amallav/results/outputs_crop/obs_327076113_photo_592488640_box1.jpg,obs_327076113_photo_592488640,obs_327076113_photo_592488640,1,1,Nuchequula blochii,Anthopleura artemisia,FALSE,Species is small part of the box,Twoblotch ponyfish,Animalia,Animalia,Chordata,Cnidaria,,Anthozoa,Perciformes,Actiniaria,Leiognathidae,Actiniidae,Nuchequula,Anthopleura,0.059732482,3,"[{""species"": ""Creniola breviceps"", ""common_name"": """", ""score"": 0.13095638155937195}, {""species"": ""Nuchequula glenysae"", ""common_name"": ""Twoblotch Ponyfish"", ""score"": 0.12548011541366577}, {""species"": ""Nuchequula blochii"", ""common_name"": ""Twoblotch ponyfish"", ""score"": 0.059732481837272644}, {""species"": ""Nuchequula nuchalis"", ""common_name"": ""Spotnape ponyfish"", ""score"": 0.05214492604136467}, {""species"": ""Aurigequula longispina"", ""common_name"": ""Longspine Ponyfish"", ""score"": 0.0355529710650444}]"
obs_327076113_photo_592488640_box1.jpg,/rs1/researchers/a/amallav/results/outputs_crop/obs_327076113_photo_592488640_box1.jpg,obs_327076113_photo_592488640,obs_327076113_photo_592488640,1,1,Nuchequula nuchalis,Anthopleura artemisia,FALSE,Species is small part of the box,Spotnape ponyfish,Animalia,Animalia,Chordata,Cnidaria,,Anthozoa,Perciformes,Actiniaria,Leiognathidae,Actiniidae,Nuchequula,Anthopleura,0.052144926,4,"[{""species"": ""Creniola breviceps"", ""common_name"": """", ""score"": 0.13095638155937195}, {""species"": ""Nuchequula glenysae"", ""common_name"": ""Twoblotch Ponyfish"", ""score"": 0.12548011541366577}, {""species"": ""Nuchequula blochii"", ""common_name"": ""Twoblotch ponyfish"", ""score"": 0.059732481837272644}, {""species"": ""Nuchequula nuchalis"", ""common_name"": ""Spotnape ponyfish"", ""score"": 0.05214492604136467}, {""species"": ""Aurigequula longispina"", ""common_name"": ""Longspine Ponyfish"", ""score"": 0.0355529710650444}]"
obs_327076113_photo_592488640_box1.jpg,/rs1/researchers/a/amallav/results/outputs_crop/obs_327076113_photo_592488640_box1.jpg,obs_327076113_photo_592488640,obs_327076113_photo_592488640,1,1,Aurigequula longispina,Anthopleura artemisia,FALSE,Species is small part of the box,Longspine Ponyfish,Animalia,Animalia,Chordata,Cnidaria,,Anthozoa,Perciformes,Actiniaria,Leiognathidae,Actiniidae,Aurigequula,Anthopleura,0.035552971,5,"[{""species"": ""Creniola breviceps"", ""common_name"": """", ""score"": 0.13095638155937195}, {""species"": ""Nuchequula glenysae"", ""common_name"": ""Twoblotch Ponyfish"", ""score"": 0.12548011541366577}, {""species"": ""Nuchequula blochii"", ""common_name"": ""Twoblotch ponyfish"", ""score"": 0.059732481837272644}, {""species"": ""Nuchequula nuchalis"", ""common_name"": ""Spotnape ponyfish"", ""score"": 0.05214492604136467}, {""species"": ""Aurigequula longispina"", ""common_name"": ""Longspine Ponyfish"", ""score"": 0.0355529710650444}]"
obs_327076113_photo_592488640_box2.jpg,/rs1/researchers/a/amallav/results/outputs_crop/obs_327076113_photo_592488640_box2.jpg,obs_327076113_photo_592488640,obs_327076113_photo_592488640,2,2,Creniola breviceps,Anthopleura artemisia,FALSE,Species is small part of the box,,Animalia,Animalia,Arthropoda,Cnidaria,Malacostraca,Anthozoa,Isopoda,Actiniaria,Cymothoidae,Actiniidae,Creniola,Anthopleura,0.151915744,1,"[{""species"": ""Creniola breviceps"", ""common_name"": """", ""score"": 0.1519157439470291}, {""species"": ""Nuchequula glenysae"", ""common_name"": ""Twoblotch Ponyfish"", ""score"": 0.1345662772655487}, {""species"": ""Nuchequula blochii"", ""common_name"": ""Twoblotch ponyfish"", ""score"": 0.06530226767063141}, {""species"": ""Nuchequula nuchalis"", ""common_name"": ""Spotnape ponyfish"", ""score"": 0.05352635681629181}, {""species"": ""Aurigequula longispina"", ""common_name"": ""Longspine Ponyfish"", ""score"": 0.04015183448791504}]"
obs_327076113_photo_592488640_box2.jpg,/rs1/researchers/a/amallav/results/outputs_crop/obs_327076113_photo_592488640_box2.jpg,obs_327076113_photo_592488640,obs_327076113_photo_592488640,2,2,Nuchequula glenysae,Anthopleura artemisia,FALSE,Species is small part of the box,Twoblotch Ponyfish,Animalia,Animalia,Chordata,Cnidaria,,Anthozoa,Perciformes,Actiniaria,Leiognathidae,Actiniidae,Nuchequula,Anthopleura,0.134566277,2,"[{""species"": ""Creniola breviceps"", ""common_name"": """", ""score"": 0.1519157439470291}, {""species"": ""Nuchequula glenysae"", ""common_name"": ""Twoblotch Ponyfish"", ""score"": 0.1345662772655487}, {""species"": ""Nuchequula blochii"", ""common_name"": ""Twoblotch ponyfish"", ""score"": 0.06530226767063141}, {""species"": ""Nuchequula nuchalis"", ""common_name"": ""Spotnape ponyfish"", ""score"": 0.05352635681629181}, {""species"": ""Aurigequula longispina"", ""common_name"": ""Longspine Ponyfish"", ""score"": 0.04015183448791504}]"
obs_327076113_photo_592488640_box2.jpg,/rs1/researchers/a/amallav/results/outputs_crop/obs_327076113_photo_592488640_box2.jpg,obs_327076113_photo_592488640,obs_327076113_photo_592488640,2,2,Nuchequula blochii,Anthopleura artemisia,FALSE,Species is small part of the box,Twoblotch ponyfish,Animalia,Animalia,Chordata,Cnidaria,,Anthozoa,Perciformes,Actiniaria,Leiognathidae,Actiniidae,Nuchequula,Anthopleura,0.065302268,3,"[{""species"": ""Creniola breviceps"", ""common_name"": """", ""score"": 0.1519157439470291}, {""species"": ""Nuchequula glenysae"", ""common_name"": ""Twoblotch Ponyfish"", ""score"": 0.1345662772655487}, {""species"": ""Nuchequula blochii"", ""common_name"": ""Twoblotch ponyfish"", ""score"": 0.06530226767063141}, {""species"": ""Nuchequula nuchalis"", ""common_name"": ""Spotnape ponyfish"", ""score"": 0.05352635681629181}, {""species"": ""Aurigequula longispina"", ""common_name"": ""Longspine Ponyfish"", ""score"": 0.04015183448791504}]"
obs_327076113_photo_592488640_box2.jpg,/rs1/researchers/a/amallav/results/outputs_crop/obs_327076113_photo_592488640_box2.jpg,obs_327076113_photo_592488640,obs_327076113_photo_592488640,2,2,Nuchequula nuchalis,Anthopleura artemisia,FALSE,Species is small part of the box,Spotnape ponyfish,Animalia,Animalia,Chordata,Cnidaria,,Anthozoa,Perciformes,Actiniaria,Leiognathidae,Actiniidae,Nuchequula,Anthopleura,0.053526357,4,"[{""species"": ""Creniola breviceps"", ""common_name"": """", ""score"": 0.1519157439470291}, {""species"": ""Nuchequula glenysae"", ""common_name"": ""Twoblotch Ponyfish"", ""score"": 0.1345662772655487}, {""species"": ""Nuchequula blochii"", ""common_name"": ""Twoblotch ponyfish"", ""score"": 0.06530226767063141}, {""species"": ""Nuchequula nuchalis"", ""common_name"": ""Spotnape ponyfish"", ""score"": 0.05352635681629181}, {""species"": ""Aurigequula longispina"", ""common_name"": ""Longspine Ponyfish"", ""score"": 0.04015183448791504}]"
obs_327076113_photo_592488640_box2.jpg,/rs1/researchers/a/amallav/results/outputs_crop/obs_327076113_photo_592488640_box2.jpg,obs_327076113_photo_592488640,obs_327076113_photo_592488640,2,2,Aurigequula longispina,Anthopleura artemisia,FALSE,Species is small part of the box,Longspine Ponyfish,Animalia,Animalia,Chordata,Cnidaria,,Anthozoa,Perciformes,Actiniaria,Leiognathidae,Actiniidae,Aurigequula,Anthopleura,0.040151834,5,"[{""species"": ""Creniola breviceps"", ""common_name"": """", ""score"": 0.1519157439470291}, {""species"": ""Nuchequula glenysae"", ""common_name"": ""Twoblotch Ponyfish"", ""score"": 0.1345662772655487}, {""species"": ""Nuchequula blochii"", ""common_name"": ""Twoblotch ponyfish"", ""score"": 0.06530226767063141}, {""species"": ""Nuchequula nuchalis"", ""common_name"": ""Spotnape ponyfish"", ""score"": 0.05352635681629181}, {""species"": ""Aurigequula longispina"", ""common_name"": ""Longspine Ponyfish"", ""score"": 0.04015183448791504}]"
obs_327076113_photo_592488640_box3.jpg,/rs1/researchers/a/amallav/results/outputs_crop/obs_327076113_photo_592488640_box3.jpg,obs_327076113_photo_592488640,obs_327076113_photo_592488640,3,3,Creniola breviceps,Anthopleura artemisia,FALSE,Species is small part of the box,,Animalia,Animalia,Arthropoda,Cnidaria,Malacostraca,Anthozoa,Isopoda,Actiniaria,Cymothoidae,Actiniidae,Creniola,Anthopleura,0.191795066,1,"[{""species"": ""Creniola breviceps"", ""common_name"": """", ""score"": 0.19179506599903107}, {""species"": ""Spinachia spinachia"", ""common_name"": ""Fifteen-spined stickleback"", ""score"": 0.06459766626358032}, {""species"": ""Nuchequula glenysae"", ""common_name"": ""Twoblotch Ponyfish"", ""score"": 0.061540838330984116}, {""species"": ""Apeltes quadracus"", ""common_name"": ""Fourspine stickleback"", ""score"": 0.04641980677843094}, {""species"": ""Aurigequula longispina"", ""common_name"": ""Longspine Ponyfish"", ""score"": 0.02945157140493393}]"
obs_327076113_photo_592488640_box3.jpg,/rs1/researchers/a/amallav/results/outputs_crop/obs_327076113_photo_592488640_box3.jpg,obs_327076113_photo_592488640,obs_327076113_photo_592488640,3,3,Spinachia spinachia,Anthopleura artemisia,FALSE,Species is small part of the box,Fifteen-spined stickleback,Animalia,Animalia,Chordata,Cnidaria,,Anthozoa,Gasterosteiformes,Actiniaria,Gasterosteidae,Actiniidae,Spinachia,Anthopleura,0.064597666,2,"[{""species"": ""Creniola breviceps"", ""common_name"": """", ""score"": 0.19179506599903107}, {""species"": ""Spinachia spinachia"", ""common_name"": ""Fifteen-spined stickleback"", ""score"": 0.06459766626358032}, {""species"": ""Nuchequula glenysae"", ""common_name"": ""Twoblotch Ponyfish"", ""score"": 0.061540838330984116}, {""species"": ""Apeltes quadracus"", ""common_name"": ""Fourspine stickleback"", ""score"": 0.04641980677843094}, {""species"": ""Aurigequula longispina"", ""common_name"": ""Longspine Ponyfish"", ""score"": 0.02945157140493393}]"
obs_327076113_photo_592488640_box3.jpg,/rs1/researchers/a/amallav/results/outputs_crop/obs_327076113_photo_592488640_box3.jpg,obs_327076113_photo_592488640,obs_327076113_photo_592488640,3,3,Nuchequula glenysae,Anthopleura artemisia,FALSE,Species is small part of the box,Twoblotch Ponyfish,Animalia,Animalia,Chordata,Cnidaria,,Anthozoa,Perciformes,Actiniaria,Leiognathidae,Actiniidae,Nuchequula,Anthopleura,0.061540838,3,"[{""species"": ""Creniola breviceps"", ""common_name"": """", ""score"": 0.19179506599903107}, {""species"": ""Spinachia spinachia"", ""common_name"": ""Fifteen-spined stickleback"", ""score"": 0.06459766626358032}, {""species"": ""Nuchequula glenysae"", ""common_name"": ""Twoblotch Ponyfish"", ""score"": 0.061540838330984116}, {""species"": ""Apeltes quadracus"", ""common_name"": ""Fourspine stickleback"", ""score"": 0.04641980677843094}, {""species"": ""Aurigequula longispina"", ""common_name"": ""Longspine Ponyfish"", ""score"": 0.02945157140493393}]"
obs_327076113_photo_592488640_box3.jpg,/rs1/researchers/a/amallav/results/outputs_crop/obs_327076113_photo_592488640_box3.jpg,obs_327076113_photo_592488640,obs_327076113_photo_592488640,3,3,Apeltes quadracus,Anthopleura artemisia,FALSE,Species is small part of the box,Fourspine stickleback,Animalia,Animalia,Chordata,Cnidaria,,Anthozoa,Gasterosteiformes,Actiniaria,Gasterosteidae,Actiniidae,Apeltes,Anthopleura,0.046419807,4,"[{""species"": ""Creniola breviceps"", ""common_name"": """", ""score"": 0.19179506599903107}, {""species"": ""Spinachia spinachia"", ""common_name"": ""Fifteen-spined stickleback"", ""score"": 0.06459766626358032}, {""species"": ""Nuchequula glenysae"", ""common_name"": ""Twoblotch Ponyfish"", ""score"": 0.061540838330984116}, {""species"": ""Apeltes quadracus"", ""common_name"": ""Fourspine stickleback"", ""score"": 0.04641980677843094}, {""species"": ""Aurigequula longispina"", ""common_name"": ""Longspine Ponyfish"", ""score"": 0.02945157140493393}]"
obs_327076113_photo_592488640_box3.jpg,/rs1/researchers/a/amallav/results/outputs_crop/obs_327076113_photo_592488640_box3.jpg,obs_327076113_photo_592488640,obs_327076113_photo_592488640,3,3,Aurigequula longispina,Anthopleura artemisia,FALSE,Species is small part of the box,Longspine Ponyfish,Animalia,Animalia,Chordata,Cnidaria,,Anthozoa,Perciformes,Actiniaria,Leiognathidae,Actiniidae,Aurigequula,Anthopleura,0.029451571,5,"[{""species"": ""Creniola breviceps"", ""common_name"": """", ""score"": 0.19179506599903107}, {""species"": ""Spinachia spinachia"", ""common_name"": ""Fifteen-spined stickleback"", ""score"": 0.06459766626358032}, {""species"": ""Nuchequula glenysae"", ""common_name"": ""Twoblotch Ponyfish"", ""score"": 0.061540838330984116}, {""species"": ""Apeltes quadracus"", ""common_name"": ""Fourspine stickleback"", ""score"": 0.04641980677843094}, {""species"": ""Aurigequula longispina"", ""common_name"": ""Longspine Ponyfish"", ""score"": 0.02945157140493393}]"
obs_327076113_photo_592488640_box4.jpg,/rs1/researchers/a/amallav/results/outputs_crop/obs_327076113_photo_592488640_box4.jpg,obs_327076113_photo_592488640,obs_327076113_photo_592488640,4,4,Anthopleura hermaphroditica,Anthopleura artemisia,FALSE,Same genus but diff species,Sea Anemone,Animalia,Animalia,Cnidaria,Cnidaria,Anthozoa,Anthozoa,Actiniaria,Actiniaria,Actiniidae,Actiniidae,Anthopleura,Anthopleura,0.128234625,1,"[{""species"": ""Anthopleura hermaphroditica"", ""common_name"": ""Sea Anemone"", ""score"": 0.1282346248626709}, {""species"": ""Aulactinia stella"", ""common_name"": ""Silver-spotted sea anemone"", ""score"": 0.11108116805553436}, {""species"": ""Anthopleura dixoniana"", ""common_name"": """", ""score"": 0.07924936711788177}, {""species"": ""Aulactinia incubans"", ""common_name"": ""Incubating anemone"", ""score"": 0.07048691809177399}, {""species"": ""Anthopleura handi"", ""common_name"": """", ""score"": 0.05861923098564148}]"
obs_327076113_photo_592488640_box4.jpg,/rs1/researchers/a/amallav/results/outputs_crop/obs_327076113_photo_592488640_box4.jpg,obs_327076113_photo_592488640,obs_327076113_photo_592488640,4,4,Aulactinia stella,Anthopleura artemisia,FALSE,Misidentified as different species,Silver-spotted sea anemone,Animalia,Animalia,Cnidaria,Cnidaria,Anthozoa,Anthozoa,Actiniaria,Actiniaria,Actiniidae,Actiniidae,Aulactinia,Anthopleura,0.111081168,2,"[{""species"": ""Anthopleura hermaphroditica"", ""common_name"": ""Sea Anemone"", ""score"": 0.1282346248626709}, {""species"": ""Aulactinia stella"", ""common_name"": ""Silver-spotted sea anemone"", ""score"": 0.11108116805553436}, {""species"": ""Anthopleura dixoniana"", ""common_name"": """", ""score"": 0.07924936711788177}, {""species"": ""Aulactinia incubans"", ""common_name"": ""Incubating anemone"", ""score"": 0.07048691809177399}, {""species"": ""Anthopleura handi"", ""common_name"": """", ""score"": 0.05861923098564148}]"
obs_327076113_photo_592488640_box4.jpg,/rs1/researchers/a/amallav/results/outputs_crop/obs_327076113_photo_592488640_box4.jpg,obs_327076113_photo_592488640,obs_327076113_photo_592488640,4,4,Anthopleura dixoniana,Anthopleura artemisia,FALSE,Misidentified as different species,,Animalia,Animalia,Cnidaria,Cnidaria,Anthozoa,Anthozoa,Actiniaria,Actiniaria,Actiniidae,Actiniidae,Anthopleura,Anthopleura,0.079249367,3,"[{""species"": ""Anthopleura hermaphroditica"", ""common_name"": ""Sea Anemone"", ""score"": 0.1282346248626709}, {""species"": ""Aulactinia stella"", ""common_name"": ""Silver-spotted sea anemone"", ""score"": 0.11108116805553436}, {""species"": ""Anthopleura dixoniana"", ""common_name"": """", ""score"": 0.07924936711788177}, {""species"": ""Aulactinia incubans"", ""common_name"": ""Incubating anemone"", ""score"": 0.07048691809177399}, {""species"": ""Anthopleura handi"", ""common_name"": """", ""score"": 0.05861923098564148}]"
obs_327076113_photo_592488640_box4.jpg,/rs1/researchers/a/amallav/results/outputs_crop/obs_327076113_photo_592488640_box4.jpg,obs_327076113_photo_592488640,obs_327076113_photo_592488640,4,4,Aulactinia incubans,Anthopleura artemisia,FALSE,Misidentified as different species,Incubating anemone,Animalia,Animalia,Cnidaria,Cnidaria,Anthozoa,Anthozoa,Actiniaria,Actiniaria,Actiniidae,Actiniidae,Aulactinia,Anthopleura,0.070486918,4,"[{""species"": ""Anthopleura hermaphroditica"", ""common_name"": ""Sea Anemone"", ""score"": 0.1282346248626709}, {""species"": ""Aulactinia stella"", ""common_name"": ""Silver-spotted sea anemone"", ""score"": 0.11108116805553436}, {""species"": ""Anthopleura dixoniana"", ""common_name"": """", ""score"": 0.07924936711788177}, {""species"": ""Aulactinia incubans"", ""common_name"": ""Incubating anemone"", ""score"": 0.07048691809177399}, {""species"": ""Anthopleura handi"", ""common_name"": """", ""score"": 0.05861923098564148}]"
obs_327076113_photo_592488640_box4.jpg,/rs1/researchers/a/amallav/results/outputs_crop/obs_327076113_photo_592488640_box4.jpg,obs_327076113_photo_592488640,obs_327076113_photo_592488640,4,4,Anthopleura handi,Anthopleura artemisia,FALSE,Same genus but diff species,,Animalia,Animalia,Cnidaria,Cnidaria,Anthozoa,Anthozoa,Actiniaria,Actiniaria,Actiniidae,Actiniidae,Anthopleura,Anthopleura,0.058619231,5,"[{""species"": ""Anthopleura hermaphroditica"", ""common_name"": ""Sea Anemone"", ""score"": 0.1282346248626709}, {""species"": ""Aulactinia stella"", ""common_name"": ""Silver-spotted sea anemone"", ""score"": 0.11108116805553436}, {""species"": ""Anthopleura dixoniana"", ""common_name"": """", ""score"": 0.07924936711788177}, {""species"": ""Aulactinia incubans"", ""common_name"": ""Incubating anemone"", ""score"": 0.07048691809177399}, {""species"": ""Anthopleura handi"", ""common_name"": """", ""score"": 0.05861923098564148}]"
obs_327076113_photo_592488640_box5.jpg,/rs1/researchers/a/amallav/results/outputs_crop/obs_327076113_photo_592488640_box5.jpg,obs_327076113_photo_592488640,obs_327076113_photo_592488640,5,5,Anthopleura handi,Anthopleura artemisia,FALSE,Same genus but diff species,,Animalia,Animalia,Cnidaria,Cnidaria,Anthozoa,Anthozoa,Actiniaria,Actiniaria,Actiniidae,Actiniidae,Anthopleura,Anthopleura,0.223527983,1,"[{""species"": ""Anthopleura handi"", ""common_name"": """", ""score"": 0.22352798283100128}, {""species"": ""Anthopleura hermaphroditica"", ""common_name"": ""Sea Anemone"", ""score"": 0.16483555734157562}, {""species"": ""Aulactinia stella"", ""common_name"": ""Silver-spotted sea anemone"", ""score"": 0.1237446665763855}, {""species"": ""Anthopleura dixoniana"", ""common_name"": """", ""score"": 0.07545224577188492}, {""species"": ""Parantheopsis cruentata"", ""common_name"": ""Sea Anemone"", ""score"": 0.04664820060133934}]"
obs_327076113_photo_592488640_box5.jpg,/rs1/researchers/a/amallav/results/outputs_crop/obs_327076113_photo_592488640_box5.jpg,obs_327076113_photo_592488640,obs_327076113_photo_592488640,5,5,Anthopleura hermaphroditica,Anthopleura artemisia,FALSE,Same genus but diff species,Sea Anemone,Animalia,Animalia,Cnidaria,Cnidaria,Anthozoa,Anthozoa,Actiniaria,Actiniaria,Actiniidae,Actiniidae,Anthopleura,Anthopleura,0.164835557,2,"[{""species"": ""Anthopleura handi"", ""common_name"": """", ""score"": 0.22352798283100128}, {""species"": ""Anthopleura hermaphroditica"", ""common_name"": ""Sea Anemone"", ""score"": 0.16483555734157562}, {""species"": ""Aulactinia stella"", ""common_name"": ""Silver-spotted sea anemone"", ""score"": 0.1237446665763855}, {""species"": ""Anthopleura dixoniana"", ""common_name"": """", ""score"": 0.07545224577188492}, {""species"": ""Parantheopsis cruentata"", ""common_name"": ""Sea Anemone"", ""score"": 0.04664820060133934}]"
obs_327076113_photo_592488640_box5.jpg,/rs1/researchers/a/amallav/results/outputs_crop/obs_327076113_photo_592488640_box5.jpg,obs_327076113_photo_592488640,obs_327076113_photo_592488640,5,5,Aulactinia stella,Anthopleura artemisia,FALSE,Misidentified as different species,Silver-spotted sea anemone,Animalia,Animalia,Cnidaria,Cnidaria,Anthozoa,Anthozoa,Actiniaria,Actiniaria,Actiniidae,Actiniidae,Aulactinia,Anthopleura,0.123744667,3,"[{""species"": ""Anthopleura handi"", ""common_name"": """", ""score"": 0.22352798283100128}, {""species"": ""Anthopleura hermaphroditica"", ""common_name"": ""Sea Anemone"", ""score"": 0.16483555734157562}, {""species"": ""Aulactinia stella"", ""common_name"": ""Silver-spotted sea anemone"", ""score"": 0.1237446665763855}, {""species"": ""Anthopleura dixoniana"", ""common_name"": """", ""score"": 0.07545224577188492}, {""species"": ""Parantheopsis cruentata"", ""common_name"": ""Sea Anemone"", ""score"": 0.04664820060133934}]"
obs_327076113_photo_592488640_box5.jpg,/rs1/researchers/a/amallav/results/outputs_crop/obs_327076113_photo_592488640_box5.jpg,obs_327076113_photo_592488640,obs_327076113_photo_592488640,5,5,Anthopleura dixoniana,Anthopleura artemisia,FALSE,Same genus but diff species,,Animalia,Animalia,Cnidaria,Cnidaria,Anthozoa,Anthozoa,Actiniaria,Actiniaria,Actiniidae,Actiniidae,Anthopleura,Anthopleura,0.075452246,4,"[{""species"": ""Anthopleura handi"", ""common_name"": """", ""score"": 0.22352798283100128}, {""species"": ""Anthopleura hermaphroditica"", ""common_name"": ""Sea Anemone"", ""score"": 0.16483555734157562}, {""species"": ""Aulactinia stella"", ""common_name"": ""Silver-spotted sea anemone"", ""score"": 0.1237446665763855}, {""species"": ""Anthopleura dixoniana"", ""common_name"": """", ""score"": 0.07545224577188492}, {""species"": ""Parantheopsis cruentata"", ""common_name"": ""Sea Anemone"", ""score"": 0.04664820060133934}]"
obs_327076113_photo_592488640_box5.jpg,/rs1/researchers/a/amallav/results/outputs_crop/obs_327076113_photo_592488640_box5.jpg,obs_327076113_photo_592488640,obs_327076113_photo_592488640,5,5,Parantheopsis cruentata,Anthopleura artemisia,FALSE,Misidentified as different species,Sea Anemone,Animalia,Animalia,Cnidaria,Cnidaria,Anthozoa,Anthozoa,Actiniaria,Actiniaria,Actiniidae,Actiniidae,Parantheopsis,Anthopleura,0.046648201,5,"[{""species"": ""Anthopleura handi"", ""common_name"": """", ""score"": 0.22352798283100128}, {""species"": ""Anthopleura hermaphroditica"", ""common_name"": ""Sea Anemone"", ""score"": 0.16483555734157562}, {""species"": ""Aulactinia stella"", ""common_name"": ""Silver-spotted sea anemone"", ""score"": 0.1237446665763855}, {""species"": ""Anthopleura dixoniana"", ""common_name"": """", ""score"": 0.07545224577188492}, {""species"": ""Parantheopsis cruentata"", ""common_name"": ""Sea Anemone"", ""score"": 0.04664820060133934}]"
obs_331752340_photo_601901044_box1.jpg,/rs1/researchers/a/amallav/results/outputs_crop/obs_331752340_photo_601901044_box1.jpg,obs_331752340_photo_601901044,obs_331752340_photo_601901044,1,1,Diaporthe kalmiae,Phyllosticta asiminae,FALSE,Species is small part of the box,,Fungi,Fungi,Ascomycota,Ascomycota,Sordariomycetes,Dothideomycetes,Diaporthales,Botryosphaeriales,Diaporthaceae,Phyllostictaceae,Diaporthe,Phyllosticta,0.329780728,1,"[{""species"": ""Diaporthe kalmiae"", ""common_name"": """", ""score"": 0.3297807276248932}, {""species"": ""Pseudocercospora kaki"", ""common_name"": """", ""score"": 0.07925916463136673}, {""species"": ""Mycosphaerella sassafras"", ""common_name"": """", ""score"": 0.04891927167773247}, {""species"": ""Symplocos tinctoria"", ""common_name"": ""Horse-sugar"", ""score"": 0.029289808124303818}, {""species"": ""Harringtonia lauricola"", ""common_name"": """", ""score"": 0.025727953761816025}]"
obs_331752340_photo_601901044_box1.jpg,/rs1/researchers/a/amallav/results/outputs_crop/obs_331752340_photo_601901044_box1.jpg,obs_331752340_photo_601901044,obs_331752340_photo_601901044,1,1,Pseudocercospora kaki,Phyllosticta asiminae,FALSE,Species is small part of the box,,Fungi,Fungi,Ascomycota,Ascomycota,Dothideomycetes,Dothideomycetes,Mycosphaerellales,Botryosphaeriales,Mycosphaerellaceae,Phyllostictaceae,Pseudocercospora,Phyllosticta,0.079259165,2,"[{""species"": ""Diaporthe kalmiae"", ""common_name"": """", ""score"": 0.3297807276248932}, {""species"": ""Pseudocercospora kaki"", ""common_name"": """", ""score"": 0.07925916463136673}, {""species"": ""Mycosphaerella sassafras"", ""common_name"": """", ""score"": 0.04891927167773247}, {""species"": ""Symplocos tinctoria"", ""common_name"": ""Horse-sugar"", ""score"": 0.029289808124303818}, {""species"": ""Harringtonia lauricola"", ""common_name"": """", ""score"": 0.025727953761816025}]"
obs_331752340_photo_601901044_box1.jpg,/rs1/researchers/a/amallav/results/outputs_crop/obs_331752340_photo_601901044_box1.jpg,obs_331752340_photo_601901044,obs_331752340_photo_601901044,1,1,Mycosphaerella sassafras,Phyllosticta asiminae,FALSE,Species is small part of the box,,Fungi,Fungi,Ascomycota,Ascomycota,Dothideomycetes,Dothideomycetes,Mycosphaerellales,Botryosphaeriales,Mycosphaerellaceae,Phyllostictaceae,Mycosphaerella,Phyllosticta,0.048919272,3,"[{""species"": ""Diaporthe kalmiae"", ""common_name"": """", ""score"": 0.3297807276248932}, {""species"": ""Pseudocercospora kaki"", ""common_name"": """", ""score"": 0.07925916463136673}, {""species"": ""Mycosphaerella sassafras"", ""common_name"": """", ""score"": 0.04891927167773247}, {""species"": ""Symplocos tinctoria"", ""common_name"": ""Horse-sugar"", ""score"": 0.029289808124303818}, {""species"": ""Harringtonia lauricola"", ""common_name"": """", ""score"": 0.025727953761816025}]"
obs_331752340_photo_601901044_box1.jpg,/rs1/researchers/a/amallav/results/outputs_crop/obs_331752340_photo_601901044_box1.jpg,obs_331752340_photo_601901044,obs_331752340_photo_601901044,1,1,Symplocos tinctoria,Phyllosticta asiminae,FALSE,Species is small part of the box,Horse-sugar,Plantae,Fungi,Tracheophyta,Ascomycota,Magnoliopsida,Dothideomycetes,Ericales,Botryosphaeriales,Symplocaceae,Phyllostictaceae,Symplocos,Phyllosticta,0.029289808,4,"[{""species"": ""Diaporthe kalmiae"", ""common_name"": """", ""score"": 0.3297807276248932}, {""species"": ""Pseudocercospora kaki"", ""common_name"": """", ""score"": 0.07925916463136673}, {""species"": ""Mycosphaerella sassafras"", ""common_name"": """", ""score"": 0.04891927167773247}, {""species"": ""Symplocos tinctoria"", ""common_name"": ""Horse-sugar"", ""score"": 0.029289808124303818}, {""species"": ""Harringtonia lauricola"", ""common_name"": """", ""score"": 0.025727953761816025}]"
obs_331752340_photo_601901044_box1.jpg,/rs1/researchers/a/amallav/results/outputs_crop/obs_331752340_photo_601901044_box1.jpg,obs_331752340_photo_601901044,obs_331752340_photo_601901044,1,1,Harringtonia lauricola,Phyllosticta asiminae,FALSE,Species is small part of the box,,Fungi,Fungi,Ascomycota,Ascomycota,Sordariomycetes,Dothideomycetes,Ophiostomatales,Botryosphaeriales,,Phyllostictaceae,Harringtonia,Phyllosticta,0.025727954,5,"[{""species"": ""Diaporthe kalmiae"", ""common_name"": """", ""score"": 0.3297807276248932}, {""species"": ""Pseudocercospora kaki"", ""common_name"": """", ""score"": 0.07925916463136673}, {""species"": ""Mycosphaerella sassafras"", ""common_name"": """", ""score"": 0.04891927167773247}, {""species"": ""Symplocos tinctoria"", ""common_name"": ""Horse-sugar"", ""score"": 0.029289808124303818}, {""species"": ""Harringtonia lauricola"", ""common_name"": """", ""score"": 0.025727953761816025}]"
obs_331752340_photo_601901044_box2.jpg,/rs1/researchers/a/amallav/results/outputs_crop/obs_331752340_photo_601901044_box2.jpg,obs_331752340_photo_601901044,obs_331752340_photo_601901044,2,2,Pseudocercospora kaki,Phyllosticta asiminae,FALSE,Species is small part of the box,,Fungi,Fungi,Ascomycota,Ascomycota,Dothideomycetes,Dothideomycetes,Mycosphaerellales,Botryosphaeriales,Mycosphaerellaceae,Phyllostictaceae,Pseudocercospora,Phyllosticta,0.187281638,1,"[{""species"": ""Pseudocercospora kaki"", ""common_name"": """", ""score"": 0.18728163838386536}, {""species"": ""Diaporthe kalmiae"", ""common_name"": """", ""score"": 0.1837349534034729}, {""species"": ""Neolasioptera linderae"", ""common_name"": """", ""score"": 0.03484773635864258}, {""species"": ""Mycosphaerella sassafras"", ""common_name"": """", ""score"": 0.03436746448278427}, {""species"": ""Mycosphaerella fraxinicola"", ""common_name"": """", ""score"": 0.03226776048541069}]"
obs_331752340_photo_601901044_box2.jpg,/rs1/researchers/a/amallav/results/outputs_crop/obs_331752340_photo_601901044_box2.jpg,obs_331752340_photo_601901044,obs_331752340_photo_601901044,2,2,Diaporthe kalmiae,Phyllosticta asiminae,FALSE,Species is small part of the box,,Fungi,Fungi,Ascomycota,Ascomycota,Sordariomycetes,Dothideomycetes,Diaporthales,Botryosphaeriales,Diaporthaceae,Phyllostictaceae,Diaporthe,Phyllosticta,0.183734953,2,"[{""species"": ""Pseudocercospora kaki"", ""common_name"": """", ""score"": 0.18728163838386536}, {""species"": ""Diaporthe kalmiae"", ""common_name"": """", ""score"": 0.1837349534034729}, {""species"": ""Neolasioptera linderae"", ""common_name"": """", ""score"": 0.03484773635864258}, {""species"": ""Mycosphaerella sassafras"", ""common_name"": """", ""score"": 0.03436746448278427}, {""species"": ""Mycosphaerella fraxinicola"", ""common_name"": """", ""score"": 0.03226776048541069}]"
obs_331752340_photo_601901044_box2.jpg,/rs1/researchers/a/amallav/results/outputs_crop/obs_331752340_photo_601901044_box2.jpg,obs_331752340_photo_601901044,obs_331752340_photo_601901044,2,2,Neolasioptera linderae,Phyllosticta asiminae,FALSE,Species is small part of the box,,Animalia,Fungi,Arthropoda,Ascomycota,Insecta,Dothideomycetes,Diptera,Botryosphaeriales,Cecidomyiidae,Phyllostictaceae,Neolasioptera,Phyllosticta,0.034847736,3,"[{""species"": ""Pseudocercospora kaki"", ""common_name"": """", ""score"": 0.18728163838386536}, {""species"": ""Diaporthe kalmiae"", ""common_name"": """", ""score"": 0.1837349534034729}, {""species"": ""Neolasioptera linderae"", ""common_name"": """", ""score"": 0.03484773635864258}, {""species"": ""Mycosphaerella sassafras"", ""common_name"": """", ""score"": 0.03436746448278427}, {""species"": ""Mycosphaerella fraxinicola"", ""common_name"": """", ""score"": 0.03226776048541069}]"
obs_331752340_photo_601901044_box2.jpg,/rs1/researchers/a/amallav/results/outputs_crop/obs_331752340_photo_601901044_box2.jpg,obs_331752340_photo_601901044,obs_331752340_photo_601901044,2,2,Mycosphaerella sassafras,Phyllosticta asiminae,FALSE,Species is small part of the box,,Fungi,Fungi,Ascomycota,Ascomycota,Dothideomycetes,Dothideomycetes,Mycosphaerellales,Botryosphaeriales,Mycosphaerellaceae,Phyllostictaceae,Mycosphaerella,Phyllosticta,0.034367464,4,"[{""species"": ""Pseudocercospora kaki"", ""common_name"": """", ""score"": 0.18728163838386536}, {""species"": ""Diaporthe kalmiae"", ""common_name"": """", ""score"": 0.1837349534034729}, {""species"": ""Neolasioptera linderae"", ""common_name"": """", ""score"": 0.03484773635864258}, {""species"": ""Mycosphaerella sassafras"", ""common_name"": """", ""score"": 0.03436746448278427}, {""species"": ""Mycosphaerella fraxinicola"", ""common_name"": """", ""score"": 0.03226776048541069}]"
obs_331752340_photo_601901044_box2.jpg,/rs1/researchers/a/amallav/results/outputs_crop/obs_331752340_photo_601901044_box2.jpg,obs_331752340_photo_601901044,obs_331752340_photo_601901044,2,2,Mycosphaerella fraxinicola,Phyllosticta asiminae,FALSE,Species is small part of the box,,Fungi,Fungi,Ascomycota,Ascomycota,Dothideomycetes,Dothideomycetes,Mycosphaerellales,Botryosphaeriales,Mycosphaerellaceae,Phyllostictaceae,Mycosphaerella,Phyllosticta,0.03226776,5,"[{""species"": ""Pseudocercospora kaki"", ""common_name"": """", ""score"": 0.18728163838386536}, {""species"": ""Diaporthe kalmiae"", ""common_name"": """", ""score"": 0.1837349534034729}, {""species"": ""Neolasioptera linderae"", ""common_name"": """", ""score"": 0.03484773635864258}, {""species"": ""Mycosphaerella sassafras"", ""common_name"": """", ""score"": 0.03436746448278427}, {""species"": ""Mycosphaerella fraxinicola"", ""common_name"": """", ""score"": 0.03226776048541069}]"
obs_331752340_photo_601901044_box3.jpg,/rs1/researchers/a/amallav/results/outputs_crop/obs_331752340_photo_601901044_box3.jpg,obs_331752340_photo_601901044,obs_331752340_photo_601901044,3,3,Paraconiothyrium tiliae,Phyllosticta asiminae,FALSE,Species features not very clear,,Fungi,Fungi,Ascomycota,Ascomycota,Dothideomycetes,Dothideomycetes,Pleosporales,Botryosphaeriales,Didymosphaeriaceae,Phyllostictaceae,Paraconiothyrium,Phyllosticta,0.336357892,1,"[{""species"": ""Paraconiothyrium tiliae"", ""common_name"": """", ""score"": 0.33635789155960083}, {""species"": ""Rhytisma punctatum"", ""common_name"": ""Speckled tar spot"", ""score"": 0.0986730307340622}, {""species"": ""Cosmospora khandalensis"", ""common_name"": """", ""score"": 0.02284478023648262}, {""species"": ""Gliaspilota glutinosa"", ""common_name"": """", ""score"": 0.02176324650645256}, {""species"": ""Passalora chionea"", ""common_name"": """", ""score"": 0.017527196556329727}]"
obs_331752340_photo_601901044_box3.jpg,/rs1/researchers/a/amallav/results/outputs_crop/obs_331752340_photo_601901044_box3.jpg,obs_331752340_photo_601901044,obs_331752340_photo_601901044,3,3,Rhytisma punctatum,Phyllosticta asiminae,FALSE,Species features not very clear,Speckled tar spot,Fungi,Fungi,Ascomycota,Ascomycota,Leotiomycetes,Dothideomycetes,Rhytismatales,Botryosphaeriales,Rhytismataceae,Phyllostictaceae,Rhytisma,Phyllosticta,0.098673031,2,"[{""species"": ""Paraconiothyrium tiliae"", ""common_name"": """", ""score"": 0.33635789155960083}, {""species"": ""Rhytisma punctatum"", ""common_name"": ""Speckled tar spot"", ""score"": 0.0986730307340622}, {""species"": ""Cosmospora khandalensis"", ""common_name"": """", ""score"": 0.02284478023648262}, {""species"": ""Gliaspilota glutinosa"", ""common_name"": """", ""score"": 0.02176324650645256}, {""species"": ""Passalora chionea"", ""common_name"": """", ""score"": 0.017527196556329727}]"
obs_331752340_photo_601901044_box3.jpg,/rs1/researchers/a/amallav/results/outputs_crop/obs_331752340_photo_601901044_box3.jpg,obs_331752340_photo_601901044,obs_331752340_photo_601901044,3,3,Cosmospora khandalensis,Phyllosticta asiminae,FALSE,Species features not very clear,,Fungi,Fungi,Ascomycota,Ascomycota,Sordariomycetes,Dothideomycetes,Hypocreales,Botryosphaeriales,Nectriaceae,Phyllostictaceae,Cosmospora,Phyllosticta,0.02284478,3,"[{""species"": ""Paraconiothyrium tiliae"", ""common_name"": """", ""score"": 0.33635789155960083}, {""species"": ""Rhytisma punctatum"", ""common_name"": ""Speckled tar spot"", ""score"": 0.0986730307340622}, {""species"": ""Cosmospora khandalensis"", ""common_name"": """", ""score"": 0.02284478023648262}, {""species"": ""Gliaspilota glutinosa"", ""common_name"": """", ""score"": 0.02176324650645256}, {""species"": ""Passalora chionea"", ""common_name"": """", ""score"": 0.017527196556329727}]"
obs_331752340_photo_601901044_box3.jpg,/rs1/researchers/a/amallav/results/outputs_crop/obs_331752340_photo_601901044_box3.jpg,obs_331752340_photo_601901044,obs_331752340_photo_601901044,3,3,Gliaspilota glutinosa,Phyllosticta asiminae,FALSE,Species features not very clear,,Animalia,Fungi,Arthropoda,Ascomycota,Insecta,Dothideomycetes,Diptera,Botryosphaeriales,Cecidomyiidae,Phyllostictaceae,Gliaspilota,Phyllosticta,0.021763247,4,"[{""species"": ""Paraconiothyrium tiliae"", ""common_name"": """", ""score"": 0.33635789155960083}, {""species"": ""Rhytisma punctatum"", ""common_name"": ""Speckled tar spot"", ""score"": 0.0986730307340622}, {""species"": ""Cosmospora khandalensis"", ""common_name"": """", ""score"": 0.02284478023648262}, {""species"": ""Gliaspilota glutinosa"", ""common_name"": """", ""score"": 0.02176324650645256}, {""species"": ""Passalora chionea"", ""common_name"": """", ""score"": 0.017527196556329727}]"
obs_331752340_photo_601901044_box3.jpg,/rs1/researchers/a/amallav/results/outputs_crop/obs_331752340_photo_601901044_box3.jpg,obs_331752340_photo_601901044,obs_331752340_photo_601901044,3,3,Passalora chionea,Phyllosticta asiminae,FALSE,Species features not very clear,,Fungi,Fungi,Ascomycota,Ascomycota,Dothideomycetes,Dothideomycetes,Mycosphaerellales,Botryosphaeriales,Mycosphaerellaceae,Phyllostictaceae,Passalora,Phyllosticta,0.017527197,5,"[{""species"": ""Paraconiothyrium tiliae"", ""common_name"": """", ""score"": 0.33635789155960083}, {""species"": ""Rhytisma punctatum"", ""common_name"": ""Speckled tar spot"", ""score"": 0.0986730307340622}, {""species"": ""Cosmospora khandalensis"", ""common_name"": """", ""score"": 0.02284478023648262}, {""species"": ""Gliaspilota glutinosa"", ""common_name"": """", ""score"": 0.02176324650645256}, {""species"": ""Passalora chionea"", ""common_name"": """", ""score"": 0.017527196556329727}]"
obs_331752340_photo_601901044_box4.jpg,/rs1/researchers/a/amallav/results/outputs_crop/obs_331752340_photo_601901044_box4.jpg,obs_331752340_photo_601901044,obs_331752340_photo_601901044,4,4,Rhytisma punctatum,Phyllosticta asiminae,FALSE,Species features not very clear,Speckled tar spot,Fungi,Fungi,Ascomycota,Ascomycota,Leotiomycetes,Dothideomycetes,Rhytismatales,Botryosphaeriales,Rhytismataceae,Phyllostictaceae,Rhytisma,Phyllosticta,0.219988257,1,"[{""species"": ""Rhytisma punctatum"", ""common_name"": ""Speckled tar spot"", ""score"": 0.21998825669288635}, {""species"": ""Resseliella liriodendri"", ""common_name"": ""Tulip tree leaf spot gall midge"", ""score"": 0.11841067671775818}, {""species"": ""Rhytisma acerinum"", ""common_name"": ""European tar spot"", ""score"": 0.03563371300697327}, {""species"": ""Mycosphaerella sassafras"", ""common_name"": """", ""score"": 0.028323106467723846}, {""species"": ""Paraconiothyrium tiliae"", ""common_name"": """", ""score"": 0.02793467417359352}]"
obs_331752340_photo_601901044_box4.jpg,/rs1/researchers/a/amallav/results/outputs_crop/obs_331752340_photo_601901044_box4.jpg,obs_331752340_photo_601901044,obs_331752340_photo_601901044,4,4,Resseliella liriodendri,Phyllosticta asiminae,FALSE,Species features not very clear,Tulip tree leaf spot gall midge,Animalia,Fungi,Arthropoda,Ascomycota,Insecta,Dothideomycetes,Diptera,Botryosphaeriales,Cecidomyiidae,Phyllostictaceae,Resseliella,Phyllosticta,0.118410677,2,"[{""species"": ""Rhytisma punctatum"", ""common_name"": ""Speckled tar spot"", ""score"": 0.21998825669288635}, {""species"": ""Resseliella liriodendri"", ""common_name"": ""Tulip tree leaf spot gall midge"", ""score"": 0.11841067671775818}, {""species"": ""Rhytisma acerinum"", ""common_name"": ""European tar spot"", ""score"": 0.03563371300697327}, {""species"": ""Mycosphaerella sassafras"", ""common_name"": """", ""score"": 0.028323106467723846}, {""species"": ""Paraconiothyrium tiliae"", ""common_name"": """", ""score"": 0.02793467417359352}]"
obs_331752340_photo_601901044_box4.jpg,/rs1/researchers/a/amallav/results/outputs_crop/obs_331752340_photo_601901044_box4.jpg,obs_331752340_photo_601901044,obs_331752340_photo_601901044,4,4,Rhytisma acerinum,Phyllosticta asiminae,FALSE,Species features not very clear,European tar spot,Fungi,Fungi,Ascomycota,Ascomycota,Leotiomycetes,Dothideomycetes,Rhytismatales,Botryosphaeriales,Rhytismataceae,Phyllostictaceae,Rhytisma,Phyllosticta,0.035633713,3,"[{""species"": ""Rhytisma punctatum"", ""common_name"": ""Speckled tar spot"", ""score"": 0.21998825669288635}, {""species"": ""Resseliella liriodendri"", ""common_name"": ""Tulip tree leaf spot gall midge"", ""score"": 0.11841067671775818}, {""species"": ""Rhytisma acerinum"", ""common_name"": ""European tar spot"", ""score"": 0.03563371300697327}, {""species"": ""Mycosphaerella sassafras"", ""common_name"": """", ""score"": 0.028323106467723846}, {""species"": ""Paraconiothyrium tiliae"", ""common_name"": """", ""score"": 0.02793467417359352}]"
obs_331752340_photo_601901044_box4.jpg,/rs1/researchers/a/amallav/results/outputs_crop/obs_331752340_photo_601901044_box4.jpg,obs_331752340_photo_601901044,obs_331752340_photo_601901044,4,4,Mycosphaerella sassafras,Phyllosticta asiminae,FALSE,Species features not very clear,,Fungi,Fungi,Ascomycota,Ascomycota,Dothideomycetes,Dothideomycetes,Mycosphaerellales,Botryosphaeriales,Mycosphaerellaceae,Phyllostictaceae,Mycosphaerella,Phyllosticta,0.028323106,4,"[{""species"": ""Rhytisma punctatum"", ""common_name"": ""Speckled tar spot"", ""score"": 0.21998825669288635}, {""species"": ""Resseliella liriodendri"", ""common_name"": ""Tulip tree leaf spot gall midge"", ""score"": 0.11841067671775818}, {""species"": ""Rhytisma acerinum"", ""common_name"": ""European tar spot"", ""score"": 0.03563371300697327}, {""species"": ""Mycosphaerella sassafras"", ""common_name"": """", ""score"": 0.028323106467723846}, {""species"": ""Paraconiothyrium tiliae"", ""common_name"": """", ""score"": 0.02793467417359352}]"
obs_331752340_photo_601901044_box4.jpg,/rs1/researchers/a/amallav/results/outputs_crop/obs_331752340_photo_601901044_box4.jpg,obs_331752340_photo_601901044,obs_331752340_photo_601901044,4,4,Paraconiothyrium tiliae,Phyllosticta asiminae,FALSE,Species features not very clear,,Fungi,Fungi,Ascomycota,Ascomycota,Dothideomycetes,Dothideomycetes,Pleosporales,Botryosphaeriales,Didymosphaeriaceae,Phyllostictaceae,Paraconiothyrium,Phyllosticta,0.027934674,5,"[{""species"": ""Rhytisma punctatum"", ""common_name"": ""Speckled tar spot"", ""score"": 0.21998825669288635}, {""species"": ""Resseliella liriodendri"", ""common_name"": ""Tulip tree leaf spot gall midge"", ""score"": 0.11841067671775818}, {""species"": ""Rhytisma acerinum"", ""common_name"": ""European tar spot"", ""score"": 0.03563371300697327}, {""species"": ""Mycosphaerella sassafras"", ""common_name"": """", ""score"": 0.028323106467723846}, {""species"": ""Paraconiothyrium tiliae"", ""common_name"": """", ""score"": 0.02793467417359352}]"
obs_331752340_photo_601901044_box5.jpg,/rs1/researchers/a/amallav/results/outputs_crop/obs_331752340_photo_601901044_box5.jpg,obs_331752340_photo_601901044,obs_331752340_photo_601901044,5,5,Botryosphaeria dothidea,Phyllosticta asiminae,FALSE,Species features not very clear,Asteromyia gall midge fungus,Fungi,Fungi,Ascomycota,Ascomycota,Dothideomycetes,Dothideomycetes,Botryosphaeriales,Botryosphaeriales,Botryosphaeriaceae,Phyllostictaceae,Botryosphaeria,Phyllosticta,0.032192495,1,"[{""species"": ""Botryosphaeria dothidea"", ""common_name"": ""Asteromyia gall midge fungus"", ""score"": 0.032192494720220566}, {""species"": ""Resseliella liriodendri"", ""common_name"": ""Tulip tree leaf spot gall midge"", ""score"": 0.022147174924612045}, {""species"": ""Paracercosporidium microsorum"", ""common_name"": """", ""score"": 0.02077140472829342}, {""species"": ""Ophiognomonia leptostyla"", ""common_name"": """", ""score"": 0.01577530801296234}, {""species"": ""Venturia liriodendri"", ""common_name"": """", ""score"": 0.014178706333041191}]"
obs_331752340_photo_601901044_box5.jpg,/rs1/researchers/a/amallav/results/outputs_crop/obs_331752340_photo_601901044_box5.jpg,obs_331752340_photo_601901044,obs_331752340_photo_601901044,5,5,Resseliella liriodendri,Phyllosticta asiminae,FALSE,Species features not very clear,Tulip tree leaf spot gall midge,Animalia,Fungi,Arthropoda,Ascomycota,Insecta,Dothideomycetes,Diptera,Botryosphaeriales,Cecidomyiidae,Phyllostictaceae,Resseliella,Phyllosticta,0.022147175,2,"[{""species"": ""Botryosphaeria dothidea"", ""common_name"": ""Asteromyia gall midge fungus"", ""score"": 0.032192494720220566}, {""species"": ""Resseliella liriodendri"", ""common_name"": ""Tulip tree leaf spot gall midge"", ""score"": 0.022147174924612045}, {""species"": ""Paracercosporidium microsorum"", ""common_name"": """", ""score"": 0.02077140472829342}, {""species"": ""Ophiognomonia leptostyla"", ""common_name"": """", ""score"": 0.01577530801296234}, {""species"": ""Venturia liriodendri"", ""common_name"": """", ""score"": 0.014178706333041191}]"
obs_331752340_photo_601901044_box5.jpg,/rs1/researchers/a/amallav/results/outputs_crop/obs_331752340_photo_601901044_box5.jpg,obs_331752340_photo_601901044,obs_331752340_photo_601901044,5,5,Paracercosporidium microsorum,Phyllosticta asiminae,FALSE,Species features not very clear,,Fungi,Fungi,Ascomycota,Ascomycota,Dothideomycetes,Dothideomycetes,Mycosphaerellales,Botryosphaeriales,Mycosphaerellaceae,Phyllostictaceae,Paracercosporidium,Phyllosticta,0.020771405,3,"[{""species"": ""Botryosphaeria dothidea"", ""common_name"": ""Asteromyia gall midge fungus"", ""score"": 0.032192494720220566}, {""species"": ""Resseliella liriodendri"", ""common_name"": ""Tulip tree leaf spot gall midge"", ""score"": 0.022147174924612045}, {""species"": ""Paracercosporidium microsorum"", ""common_name"": """", ""score"": 0.02077140472829342}, {""species"": ""Ophiognomonia leptostyla"", ""common_name"": """", ""score"": 0.01577530801296234}, {""species"": ""Venturia liriodendri"", ""common_name"": """", ""score"": 0.014178706333041191}]"
obs_331752340_photo_601901044_box5.jpg,/rs1/researchers/a/amallav/results/outputs_crop/obs_331752340_photo_601901044_box5.jpg,obs_331752340_photo_601901044,obs_331752340_photo_601901044,5,5,Ophiognomonia leptostyla,Phyllosticta asiminae,FALSE,Species features not very clear,,Fungi,Fungi,Ascomycota,Ascomycota,Sordariomycetes,Dothideomycetes,Diaporthales,Botryosphaeriales,Gnomoniaceae,Phyllostictaceae,Ophiognomonia,Phyllosticta,0.015775308,4,"[{""species"": ""Botryosphaeria dothidea"", ""common_name"": ""Asteromyia gall midge fungus"", ""score"": 0.032192494720220566}, {""species"": ""Resseliella liriodendri"", ""common_name"": ""Tulip tree leaf spot gall midge"", ""score"": 0.022147174924612045}, {""species"": ""Paracercosporidium microsorum"", ""common_name"": """", ""score"": 0.02077140472829342}, {""species"": ""Ophiognomonia leptostyla"", ""common_name"": """", ""score"": 0.01577530801296234}, {""species"": ""Venturia liriodendri"", ""common_name"": """", ""score"": 0.014178706333041191}]"
obs_331752340_photo_601901044_box5.jpg,/rs1/researchers/a/amallav/results/outputs_crop/obs_331752340_photo_601901044_box5.jpg,obs_331752340_photo_601901044,obs_331752340_photo_601901044,5,5,Venturia liriodendri,Phyllosticta asiminae,FALSE,Species features not very clear,,Fungi,Fungi,Ascomycota,Ascomycota,Dothideomycetes,Dothideomycetes,Venturiales,Botryosphaeriales,Venturiaceae,Phyllostictaceae,Venturia,Phyllosticta,0.014178706,5,"[{""species"": ""Botryosphaeria dothidea"", ""common_name"": ""Asteromyia gall midge fungus"", ""score"": 0.032192494720220566}, {""species"": ""Resseliella liriodendri"", ""common_name"": ""Tulip tree leaf spot gall midge"", ""score"": 0.022147174924612045}, {""species"": ""Paracercosporidium microsorum"", ""common_name"": """", ""score"": 0.02077140472829342}, {""species"": ""Ophiognomonia leptostyla"", ""common_name"": """", ""score"": 0.01577530801296234}, {""species"": ""Venturia liriodendri"", ""common_name"": """", ""score"": 0.014178706333041191}]"
obs_331831594_photo_602051260_box1.jpg,/rs1/researchers/a/amallav/results/outputs_crop/obs_331831594_photo_602051260_box1.jpg,obs_331831594_photo_602051260,#N/A,1,1,Caulorhiza umbonata,Caulorhiza umbonata,TRUE,,,Fungi,Fungi,Basidiomycota,Basidiomycota,Agaricomycetes,Agaricomycetes,Agaricales,Agaricales,Tricholomataceae,0,Caulorhiza,Caulorhiza,0.330972403,1,"[{""species"": ""Caulorhiza umbonata"", ""common_name"": """", ""score"": 0.3309724032878876}, {""species"": ""Phaeocollybia deceptiva"", ""common_name"": """", ""score"": 0.11368672549724579}, {""species"": ""Phaeocollybia attenuata"", ""common_name"": """", ""score"": 0.07422385364770889}, {""species"": ""Phaeocollybia californica"", ""common_name"": """", ""score"": 0.07002273201942444}, {""species"": ""Phaeocollybia oregonensis"", ""common_name"": """", ""score"": 0.05323757603764534}]"
obs_331831594_photo_602051260_box1.jpg,/rs1/researchers/a/amallav/results/outputs_crop/obs_331831594_photo_602051260_box1.jpg,obs_331831594_photo_602051260,#N/A,1,1,Phaeocollybia deceptiva,Caulorhiza umbonata,FALSE,,,Fungi,Fungi,Basidiomycota,Basidiomycota,Agaricomycetes,Agaricomycetes,Agaricales,Agaricales,Hymenogastraceae,0,Phaeocollybia,Caulorhiza,0.113686725,2,"[{""species"": ""Caulorhiza umbonata"", ""common_name"": """", ""score"": 0.3309724032878876}, {""species"": ""Phaeocollybia deceptiva"", ""common_name"": """", ""score"": 0.11368672549724579}, {""species"": ""Phaeocollybia attenuata"", ""common_name"": """", ""score"": 0.07422385364770889}, {""species"": ""Phaeocollybia californica"", ""common_name"": """", ""score"": 0.07002273201942444}, {""species"": ""Phaeocollybia oregonensis"", ""common_name"": """", ""score"": 0.05323757603764534}]"
obs_331831594_photo_602051260_box1.jpg,/rs1/researchers/a/amallav/results/outputs_crop/obs_331831594_photo_602051260_box1.jpg,obs_331831594_photo_602051260,#N/A,1,1,Phaeocollybia attenuata,Caulorhiza umbonata,FALSE,,,Fungi,Fungi,Basidiomycota,Basidiomycota,Agaricomycetes,Agaricomycetes,Agaricales,Agaricales,Hymenogastraceae,0,Phaeocollybia,Caulorhiza,0.074223854,3,"[{""species"": ""Caulorhiza umbonata"", ""common_name"": """", ""score"": 0.3309724032878876}, {""species"": ""Phaeocollybia deceptiva"", ""common_name"": """", ""score"": 0.11368672549724579}, {""species"": ""Phaeocollybia attenuata"", ""common_name"": """", ""score"": 0.07422385364770889}, {""species"": ""Phaeocollybia californica"", ""common_name"": """", ""score"": 0.07002273201942444}, {""species"": ""Phaeocollybia oregonensis"", ""common_name"": """", ""score"": 0.05323757603764534}]"
obs_331831594_photo_602051260_box1.jpg,/rs1/researchers/a/amallav/results/outputs_crop/obs_331831594_photo_602051260_box1.jpg,obs_331831594_photo_602051260,#N/A,1,1,Phaeocollybia californica,Caulorhiza umbonata,FALSE,,,Fungi,Fungi,Basidiomycota,Basidiomycota,Agaricomycetes,Agaricomycetes,Agaricales,Agaricales,Hymenogastraceae,0,Phaeocollybia,Caulorhiza,0.070022732,4,"[{""species"": ""Caulorhiza umbonata"", ""common_name"": """", ""score"": 0.3309724032878876}, {""species"": ""Phaeocollybia deceptiva"", ""common_name"": """", ""score"": 0.11368672549724579}, {""species"": ""Phaeocollybia attenuata"", ""common_name"": """", ""score"": 0.07422385364770889}, {""species"": ""Phaeocollybia californica"", ""common_name"": """", ""score"": 0.07002273201942444}, {""species"": ""Phaeocollybia oregonensis"", ""common_name"": """", ""score"": 0.05323757603764534}]"
obs_331831594_photo_602051260_box1.jpg,/rs1/researchers/a/amallav/results/outputs_crop/obs_331831594_photo_602051260_box1.jpg,obs_331831594_photo_602051260,#N/A,1,1,Phaeocollybia oregonensis,Caulorhiza umbonata,FALSE,,,Fungi,Fungi,Basidiomycota,Basidiomycota,Agaricomycetes,Agaricomycetes,Agaricales,Agaricales,Hymenogastraceae,0,Phaeocollybia,Caulorhiza,0.053237576,5,"[{""species"": ""Caulorhiza umbonata"", ""common_name"": """", ""score"": 0.3309724032878876}, {""species"": ""Phaeocollybia deceptiva"", ""common_name"": """", ""score"": 0.11368672549724579}, {""species"": ""Phaeocollybia attenuata"", ""common_name"": """", ""score"": 0.07422385364770889}, {""species"": ""Phaeocollybia californica"", ""common_name"": """", ""score"": 0.07002273201942444}, {""species"": ""Phaeocollybia oregonensis"", ""common_name"": """", ""score"": 0.05323757603764534}]"
obs_332241462_photo_602909620_box1.jpg,/rs1/researchers/a/amallav/results/outputs_crop/obs_332241462_photo_602909620_box1.jpg,obs_332241462_photo_602909620,#N/A,1,1,Taricha torosa,Ariolimax buttoni,FALSE,,California newt,Animalia,Animalia,Chordata,Mollusca,Amphibia,Gastropoda,Caudata,Stylommatophora,Salamandridae,Ariolimacidae,Taricha,Ariolimax,0.422934532,1,"[{""species"": ""Taricha torosa"", ""common_name"": ""California newt"", ""score"": 0.42293453216552734}, {""species"": ""Taricha granulosa"", ""common_name"": ""Roughskin newt"", ""score"": 0.30680447816848755}, {""species"": ""Taricha sierrae"", ""common_name"": ""Sierra newt"", ""score"": 0.18375565111637115}, {""species"": ""Taricha rivularis"", ""common_name"": ""Red-bellied newt"", ""score"": 0.0649353563785553}, {""species"": ""Ambystoma californiense"", ""common_name"": ""California tiger salamander"", ""score"": 0.002102832542732358}]"
obs_332241462_photo_602909620_box1.jpg,/rs1/researchers/a/amallav/results/outputs_crop/obs_332241462_photo_602909620_box1.jpg,obs_332241462_photo_602909620,#N/A,1,1,Taricha granulosa,Ariolimax buttoni,FALSE,,Roughskin newt,Animalia,Animalia,Chordata,Mollusca,Amphibia,Gastropoda,Caudata,Stylommatophora,Salamandridae,Ariolimacidae,Taricha,Ariolimax,0.306804478,2,"[{""species"": ""Taricha torosa"", ""common_name"": ""California newt"", ""score"": 0.42293453216552734}, {""species"": ""Taricha granulosa"", ""common_name"": ""Roughskin newt"", ""score"": 0.30680447816848755}, {""species"": ""Taricha sierrae"", ""common_name"": ""Sierra newt"", ""score"": 0.18375565111637115}, {""species"": ""Taricha rivularis"", ""common_name"": ""Red-bellied newt"", ""score"": 0.0649353563785553}, {""species"": ""Ambystoma californiense"", ""common_name"": ""California tiger salamander"", ""score"": 0.002102832542732358}]"
obs_332241462_photo_602909620_box1.jpg,/rs1/researchers/a/amallav/results/outputs_crop/obs_332241462_photo_602909620_box1.jpg,obs_332241462_photo_602909620,#N/A,1,1,Taricha sierrae,Ariolimax buttoni,FALSE,,Sierra newt,Animalia,Animalia,Chordata,Mollusca,Amphibia,Gastropoda,Caudata,Stylommatophora,Salamandridae,Ariolimacidae,Taricha,Ariolimax,0.183755651,3,"[{""species"": ""Taricha torosa"", ""common_name"": ""California newt"", ""score"": 0.42293453216552734}, {""species"": ""Taricha granulosa"", ""common_name"": ""Roughskin newt"", ""score"": 0.30680447816848755}, {""species"": ""Taricha sierrae"", ""common_name"": ""Sierra newt"", ""score"": 0.18375565111637115}, {""species"": ""Taricha rivularis"", ""common_name"": ""Red-bellied newt"", ""score"": 0.0649353563785553}, {""species"": ""Ambystoma californiense"", ""common_name"": ""California tiger salamander"", ""score"": 0.002102832542732358}]"
obs_332241462_photo_602909620_box1.jpg,/rs1/researchers/a/amallav/results/outputs_crop/obs_332241462_photo_602909620_box1.jpg,obs_332241462_photo_602909620,#N/A,1,1,Taricha rivularis,Ariolimax buttoni,FALSE,,Red-bellied newt,Animalia,Animalia,Chordata,Mollusca,Amphibia,Gastropoda,Caudata,Stylommatophora,Salamandridae,Ariolimacidae,Taricha,Ariolimax,0.064935356,4,"[{""species"": ""Taricha torosa"", ""common_name"": ""California newt"", ""score"": 0.42293453216552734}, {""species"": ""Taricha granulosa"", ""common_name"": ""Roughskin newt"", ""score"": 0.30680447816848755}, {""species"": ""Taricha sierrae"", ""common_name"": ""Sierra newt"", ""score"": 0.18375565111637115}, {""species"": ""Taricha rivularis"", ""common_name"": ""Red-bellied newt"", ""score"": 0.0649353563785553}, {""species"": ""Ambystoma californiense"", ""common_name"": ""California tiger salamander"", ""score"": 0.002102832542732358}]"
obs_332241462_photo_602909620_box1.jpg,/rs1/researchers/a/amallav/results/outputs_crop/obs_332241462_photo_602909620_box1.jpg,obs_332241462_photo_602909620,#N/A,1,1,Ambystoma californiense,Ariolimax buttoni,FALSE,,California tiger salamander,Animalia,Animalia,Chordata,Mollusca,Amphibia,Gastropoda,Caudata,Stylommatophora,Ambystomatidae,Ariolimacidae,Ambystoma,Ariolimax,0.002102833,5,"[{""species"": ""Taricha torosa"", ""common_name"": ""California newt"", ""score"": 0.42293453216552734}, {""species"": ""Taricha granulosa"", ""common_name"": ""Roughskin newt"", ""score"": 0.30680447816848755}, {""species"": ""Taricha sierrae"", ""common_name"": ""Sierra newt"", ""score"": 0.18375565111637115}, {""species"": ""Taricha rivularis"", ""common_name"": ""Red-bellied newt"", ""score"": 0.0649353563785553}, {""species"": ""Ambystoma californiense"", ""common_name"": ""California tiger salamander"", ""score"": 0.002102832542732358}]"
obs_332241462_photo_602909620_box2.jpg,/rs1/researchers/a/amallav/results/outputs_crop/obs_332241462_photo_602909620_box2.jpg,obs_332241462_photo_602909620,#N/A,2,2,Ariolimax buttoni,Ariolimax buttoni,TRUE,,,Animalia,Animalia,Mollusca,Mollusca,Gastropoda,Gastropoda,Stylommatophora,Stylommatophora,Ariolimacidae,Ariolimacidae,Ariolimax,Ariolimax,0.881873488,1,"[{""species"": ""Ariolimax buttoni"", ""common_name"": """", ""score"": 0.8818734884262085}, {""species"": ""Ariolimax columbianus"", ""common_name"": ""Pacific banana slug"", ""score"": 0.08231664448976517}, {""species"": ""Ariolimax brachyphallus"", ""common_name"": """", ""score"": 0.016293546184897423}, {""species"": ""Ariolimax stramineus"", ""common_name"": """", ""score"": 0.010332893580198288}, {""species"": ""Ariolimax californicus"", ""common_name"": ""California banana slug"", ""score"": 0.0016082775546237826}]"
obs_332241462_photo_602909620_box2.jpg,/rs1/researchers/a/amallav/results/outputs_crop/obs_332241462_photo_602909620_box2.jpg,obs_332241462_photo_602909620,#N/A,2,2,Ariolimax columbianus,Ariolimax buttoni,FALSE,,Pacific banana slug,Animalia,Animalia,Mollusca,Mollusca,Gastropoda,Gastropoda,Stylommatophora,Stylommatophora,Ariolimacidae,Ariolimacidae,Ariolimax,Ariolimax,0.082316644,2,"[{""species"": ""Ariolimax buttoni"", ""common_name"": """", ""score"": 0.8818734884262085}, {""species"": ""Ariolimax columbianus"", ""common_name"": ""Pacific banana slug"", ""score"": 0.08231664448976517}, {""species"": ""Ariolimax brachyphallus"", ""common_name"": """", ""score"": 0.016293546184897423}, {""species"": ""Ariolimax stramineus"", ""common_name"": """", ""score"": 0.010332893580198288}, {""species"": ""Ariolimax californicus"", ""common_name"": ""California banana slug"", ""score"": 0.0016082775546237826}]"
obs_332241462_photo_602909620_box2.jpg,/rs1/researchers/a/amallav/results/outputs_crop/obs_332241462_photo_602909620_box2.jpg,obs_332241462_photo_602909620,#N/A,2,2,Ariolimax brachyphallus,Ariolimax buttoni,FALSE,,,Animalia,Animalia,Mollusca,Mollusca,Gastropoda,Gastropoda,Stylommatophora,Stylommatophora,Ariolimacidae,Ariolimacidae,Ariolimax,Ariolimax,0.016293546,3,"[{""species"": ""Ariolimax buttoni"", ""common_name"": """", ""score"": 0.8818734884262085}, {""species"": ""Ariolimax columbianus"", ""common_name"": ""Pacific banana slug"", ""score"": 0.08231664448976517}, {""species"": ""Ariolimax brachyphallus"", ""common_name"": """", ""score"": 0.016293546184897423}, {""species"": ""Ariolimax stramineus"", ""common_name"": """", ""score"": 0.010332893580198288}, {""species"": ""Ariolimax californicus"", ""common_name"": ""California banana slug"", ""score"": 0.0016082775546237826}]"
obs_332241462_photo_602909620_box2.jpg,/rs1/researchers/a/amallav/results/outputs_crop/obs_332241462_photo_602909620_box2.jpg,obs_332241462_photo_602909620,#N/A,2,2,Ariolimax stramineus,Ariolimax buttoni,FALSE,,,Animalia,Animalia,Mollusca,Mollusca,Gastropoda,Gastropoda,Stylommatophora,Stylommatophora,Ariolimacidae,Ariolimacidae,Ariolimax,Ariolimax,0.010332894,4,"[{""species"": ""Ariolimax buttoni"", ""common_name"": """", ""score"": 0.8818734884262085}, {""species"": ""Ariolimax columbianus"", ""common_name"": ""Pacific banana slug"", ""score"": 0.08231664448976517}, {""species"": ""Ariolimax brachyphallus"", ""common_name"": """", ""score"": 0.016293546184897423}, {""species"": ""Ariolimax stramineus"", ""common_name"": """", ""score"": 0.010332893580198288}, {""species"": ""Ariolimax californicus"", ""common_name"": ""California banana slug"", ""score"": 0.0016082775546237826}]"
obs_332241462_photo_602909620_box2.jpg,/rs1/researchers/a/amallav/results/outputs_crop/obs_332241462_photo_602909620_box2.jpg,obs_332241462_photo_602909620,#N/A,2,2,Ariolimax californicus,Ariolimax buttoni,FALSE,,California banana slug,Animalia,Animalia,Mollusca,Mollusca,Gastropoda,Gastropoda,Stylommatophora,Stylommatophora,Ariolimacidae,Ariolimacidae,Ariolimax,Ariolimax,0.001608278,5,"[{""species"": ""Ariolimax buttoni"", ""common_name"": """", ""score"": 0.8818734884262085}, {""species"": ""Ariolimax columbianus"", ""common_name"": ""Pacific banana slug"", ""score"": 0.08231664448976517}, {""species"": ""Ariolimax brachyphallus"", ""common_name"": """", ""score"": 0.016293546184897423}, {""species"": ""Ariolimax stramineus"", ""common_name"": """", ""score"": 0.010332893580198288}, {""species"": ""Ariolimax californicus"", ""common_name"": ""California banana slug"", ""score"": 0.0016082775546237826}]"
obs_332241462_photo_602909620_box3.jpg,/rs1/researchers/a/amallav/results/outputs_crop/obs_332241462_photo_602909620_box3.jpg,obs_332241462_photo_602909620,#N/A,3,3,Carpathica boettgeri,Ariolimax buttoni,FALSE,,,Animalia,Animalia,Mollusca,Mollusca,Gastropoda,Gastropoda,Stylommatophora,Stylommatophora,Oxychilidae,Ariolimacidae,Carpathica,Ariolimax,0.068962663,1,"[{""species"": ""Carpathica boettgeri"", ""common_name"": """", ""score"": 0.06896266341209412}, {""species"": ""Drusia deshayesii"", ""common_name"": """", ""score"": 0.04005681723356247}, {""species"": ""Ariopelta capensis"", ""common_name"": """", ""score"": 0.03565691038966179}, {""species"": ""Limax strobeli"", ""common_name"": """", ""score"": 0.025564242154359818}, {""species"": ""Deroceras agreste"", ""common_name"": ""Field slug"", ""score"": 0.025459138676524162}]"
obs_332241462_photo_602909620_box3.jpg,/rs1/researchers/a/amallav/results/outputs_crop/obs_332241462_photo_602909620_box3.jpg,obs_332241462_photo_602909620,#N/A,3,3,Drusia deshayesii,Ariolimax buttoni,FALSE,,,Animalia,Animalia,Mollusca,Mollusca,Gastropoda,Gastropoda,Stylommatophora,Stylommatophora,Parmacellidae,Ariolimacidae,Drusia,Ariolimax,0.040056817,2,"[{""species"": ""Carpathica boettgeri"", ""common_name"": """", ""score"": 0.06896266341209412}, {""species"": ""Drusia deshayesii"", ""common_name"": """", ""score"": 0.04005681723356247}, {""species"": ""Ariopelta capensis"", ""common_name"": """", ""score"": 0.03565691038966179}, {""species"": ""Limax strobeli"", ""common_name"": """", ""score"": 0.025564242154359818}, {""species"": ""Deroceras agreste"", ""common_name"": ""Field slug"", ""score"": 0.025459138676524162}]"
obs_332241462_photo_602909620_box3.jpg,/rs1/researchers/a/amallav/results/outputs_crop/obs_332241462_photo_602909620_box3.jpg,obs_332241462_photo_602909620,#N/A,3,3,Ariopelta capensis,Ariolimax buttoni,FALSE,,,Animalia,Animalia,Mollusca,Mollusca,Gastropoda,Gastropoda,Stylommatophora,Stylommatophora,Oopeltidae,Ariolimacidae,Ariopelta,Ariolimax,0.03565691,3,"[{""species"": ""Carpathica boettgeri"", ""common_name"": """", ""score"": 0.06896266341209412}, {""species"": ""Drusia deshayesii"", ""common_name"": """", ""score"": 0.04005681723356247}, {""species"": ""Ariopelta capensis"", ""common_name"": """", ""score"": 0.03565691038966179}, {""species"": ""Limax strobeli"", ""common_name"": """", ""score"": 0.025564242154359818}, {""species"": ""Deroceras agreste"", ""common_name"": ""Field slug"", ""score"": 0.025459138676524162}]"
obs_332241462_photo_602909620_box3.jpg,/rs1/researchers/a/amallav/results/outputs_crop/obs_332241462_photo_602909620_box3.jpg,obs_332241462_photo_602909620,#N/A,3,3,Limax strobeli,Ariolimax buttoni,FALSE,,,Animalia,Animalia,Mollusca,Mollusca,Gastropoda,Gastropoda,Stylommatophora,Stylommatophora,Limacidae,Ariolimacidae,Limax,Ariolimax,0.025564242,4,"[{""species"": ""Carpathica boettgeri"", ""common_name"": """", ""score"": 0.06896266341209412}, {""species"": ""Drusia deshayesii"", ""common_name"": """", ""score"": 0.04005681723356247}, {""species"": ""Ariopelta capensis"", ""common_name"": """", ""score"": 0.03565691038966179}, {""species"": ""Limax strobeli"", ""common_name"": """", ""score"": 0.025564242154359818}, {""species"": ""Deroceras agreste"", ""common_name"": ""Field slug"", ""score"": 0.025459138676524162}]"
obs_332241462_photo_602909620_box3.jpg,/rs1/researchers/a/amallav/results/outputs_crop/obs_332241462_photo_602909620_box3.jpg,obs_332241462_photo_602909620,#N/A,3,3,Deroceras agreste,Ariolimax buttoni,FALSE,,Field slug,Animalia,Animalia,Mollusca,Mollusca,Gastropoda,Gastropoda,Stylommatophora,Stylommatophora,Agriolimacidae,Ariolimacidae,Deroceras,Ariolimax,0.025459139,5,"[{""species"": ""Carpathica boettgeri"", ""common_name"": """", ""score"": 0.06896266341209412}, {""species"": ""Drusia deshayesii"", ""common_name"": """", ""score"": 0.04005681723356247}, {""species"": ""Ariopelta capensis"", ""common_name"": """", ""score"": 0.03565691038966179}, {""species"": ""Limax strobeli"", ""common_name"": """", ""score"": 0.025564242154359818}, {""species"": ""Deroceras agreste"", ""common_name"": ""Field slug"", ""score"": 0.025459138676524162}]"
obs_332241462_photo_602909620_box4.jpg,/rs1/researchers/a/amallav/results/outputs_crop/obs_332241462_photo_602909620_box4.jpg,obs_332241462_photo_602909620,#N/A,4,4,Taricha torosa,Ariolimax buttoni,FALSE,,California newt,Animalia,Animalia,Chordata,Mollusca,Amphibia,Gastropoda,Caudata,Stylommatophora,Salamandridae,Ariolimacidae,Taricha,Ariolimax,0.312601,1,"[{""species"": ""Taricha torosa"", ""common_name"": ""California newt"", ""score"": 0.3126010000705719}, {""species"": ""Taricha granulosa"", ""common_name"": ""Roughskin newt"", ""score"": 0.22984428703784943}, {""species"": ""Ariolimax buttoni"", ""common_name"": """", ""score"": 0.18529336154460907}, {""species"": ""Taricha rivularis"", ""common_name"": ""Red-bellied newt"", ""score"": 0.08403406292200089}, {""species"": ""Taricha sierrae"", ""common_name"": ""Sierra newt"", ""score"": 0.03430512547492981}]"
obs_332241462_photo_602909620_box4.jpg,/rs1/researchers/a/amallav/results/outputs_crop/obs_332241462_photo_602909620_box4.jpg,obs_332241462_photo_602909620,#N/A,4,4,Taricha granulosa,Ariolimax buttoni,FALSE,,Roughskin newt,Animalia,Animalia,Chordata,Mollusca,Amphibia,Gastropoda,Caudata,Stylommatophora,Salamandridae,Ariolimacidae,Taricha,Ariolimax,0.229844287,2,"[{""species"": ""Taricha torosa"", ""common_name"": ""California newt"", ""score"": 0.3126010000705719}, {""species"": ""Taricha granulosa"", ""common_name"": ""Roughskin newt"", ""score"": 0.22984428703784943}, {""species"": ""Ariolimax buttoni"", ""common_name"": """", ""score"": 0.18529336154460907}, {""species"": ""Taricha rivularis"", ""common_name"": ""Red-bellied newt"", ""score"": 0.08403406292200089}, {""species"": ""Taricha sierrae"", ""common_name"": ""Sierra newt"", ""score"": 0.03430512547492981}]"
obs_332241462_photo_602909620_box4.jpg,/rs1/researchers/a/amallav/results/outputs_crop/obs_332241462_photo_602909620_box4.jpg,obs_332241462_photo_602909620,#N/A,4,4,Ariolimax buttoni,Ariolimax buttoni,TRUE,,,Animalia,Animalia,Mollusca,Mollusca,Gastropoda,Gastropoda,Stylommatophora,Stylommatophora,Ariolimacidae,Ariolimacidae,Ariolimax,Ariolimax,0.185293362,3,"[{""species"": ""Taricha torosa"", ""common_name"": ""California newt"", ""score"": 0.3126010000705719}, {""species"": ""Taricha granulosa"", ""common_name"": ""Roughskin newt"", ""score"": 0.22984428703784943}, {""species"": ""Ariolimax buttoni"", ""common_name"": """", ""score"": 0.18529336154460907}, {""species"": ""Taricha rivularis"", ""common_name"": ""Red-bellied newt"", ""score"": 0.08403406292200089}, {""species"": ""Taricha sierrae"", ""common_name"": ""Sierra newt"", ""score"": 0.03430512547492981}]"
obs_332241462_photo_602909620_box4.jpg,/rs1/researchers/a/amallav/results/outputs_crop/obs_332241462_photo_602909620_box4.jpg,obs_332241462_photo_602909620,#N/A,4,4,Taricha rivularis,Ariolimax buttoni,FALSE,,Red-bellied newt,Animalia,Animalia,Chordata,Mollusca,Amphibia,Gastropoda,Caudata,Stylommatophora,Salamandridae,Ariolimacidae,Taricha,Ariolimax,0.084034063,4,"[{""species"": ""Taricha torosa"", ""common_name"": ""California newt"", ""score"": 0.3126010000705719}, {""species"": ""Taricha granulosa"", ""common_name"": ""Roughskin newt"", ""score"": 0.22984428703784943}, {""species"": ""Ariolimax buttoni"", ""common_name"": """", ""score"": 0.18529336154460907}, {""species"": ""Taricha rivularis"", ""common_name"": ""Red-bellied newt"", ""score"": 0.08403406292200089}, {""species"": ""Taricha sierrae"", ""common_name"": ""Sierra newt"", ""score"": 0.03430512547492981}]"
obs_332241462_photo_602909620_box4.jpg,/rs1/researchers/a/amallav/results/outputs_crop/obs_332241462_photo_602909620_box4.jpg,obs_332241462_photo_602909620,#N/A,4,4,Taricha sierrae,Ariolimax buttoni,FALSE,,Sierra newt,Animalia,Animalia,Chordata,Mollusca,Amphibia,Gastropoda,Caudata,Stylommatophora,Salamandridae,Ariolimacidae,Taricha,Ariolimax,0.034305125,5,"[{""species"": ""Taricha torosa"", ""common_name"": ""California newt"", ""score"": 0.3126010000705719}, {""species"": ""Taricha granulosa"", ""common_name"": ""Roughskin newt"", ""score"": 0.22984428703784943}, {""species"": ""Ariolimax buttoni"", ""common_name"": """", ""score"": 0.18529336154460907}, {""species"": ""Taricha rivularis"", ""common_name"": ""Red-bellied newt"", ""score"": 0.08403406292200089}, {""species"": ""Taricha sierrae"", ""common_name"": ""Sierra newt"", ""score"": 0.03430512547492981}]"
obs_332241462_photo_602909620_box5.jpg,/rs1/researchers/a/amallav/results/outputs_crop/obs_332241462_photo_602909620_box5.jpg,obs_332241462_photo_602909620,#N/A,5,5,Ariolimax buttoni,Ariolimax buttoni,TRUE,,,Animalia,Animalia,Mollusca,Mollusca,Gastropoda,Gastropoda,Stylommatophora,Stylommatophora,Ariolimacidae,Ariolimacidae,Ariolimax,Ariolimax,0.947545826,1,"[{""species"": ""Ariolimax buttoni"", ""common_name"": """", ""score"": 0.9475458264350891}, {""species"": ""Ariolimax columbianus"", ""common_name"": ""Pacific banana slug"", ""score"": 0.03093351051211357}, {""species"": ""Ariolimax brachyphallus"", ""common_name"": """", ""score"": 0.012180091813206673}, {""species"": ""Ariolimax stramineus"", ""common_name"": """", ""score"": 0.005099312402307987}, {""species"": ""Ariolimax californicus"", ""common_name"": ""California banana slug"", ""score"": 0.0018736721249297261}]"
obs_332241462_photo_602909620_box5.jpg,/rs1/researchers/a/amallav/results/outputs_crop/obs_332241462_photo_602909620_box5.jpg,obs_332241462_photo_602909620,#N/A,5,5,Ariolimax columbianus,Ariolimax buttoni,FALSE,,Pacific banana slug,Animalia,Animalia,Mollusca,Mollusca,Gastropoda,Gastropoda,Stylommatophora,Stylommatophora,Ariolimacidae,Ariolimacidae,Ariolimax,Ariolimax,0.030933511,2,"[{""species"": ""Ariolimax buttoni"", ""common_name"": """", ""score"": 0.9475458264350891}, {""species"": ""Ariolimax columbianus"", ""common_name"": ""Pacific banana slug"", ""score"": 0.03093351051211357}, {""species"": ""Ariolimax brachyphallus"", ""common_name"": """", ""score"": 0.012180091813206673}, {""species"": ""Ariolimax stramineus"", ""common_name"": """", ""score"": 0.005099312402307987}, {""species"": ""Ariolimax californicus"", ""common_name"": ""California banana slug"", ""score"": 0.0018736721249297261}]"
obs_332241462_photo_602909620_box5.jpg,/rs1/researchers/a/amallav/results/outputs_crop/obs_332241462_photo_602909620_box5.jpg,obs_332241462_photo_602909620,#N/A,5,5,Ariolimax brachyphallus,Ariolimax buttoni,FALSE,,,Animalia,Animalia,Mollusca,Mollusca,Gastropoda,Gastropoda,Stylommatophora,Stylommatophora,Ariolimacidae,Ariolimacidae,Ariolimax,Ariolimax,0.012180092,3,"[{""species"": ""Ariolimax buttoni"", ""common_name"": """", ""score"": 0.9475458264350891}, {""species"": ""Ariolimax columbianus"", ""common_name"": ""Pacific banana slug"", ""score"": 0.03093351051211357}, {""species"": ""Ariolimax brachyphallus"", ""common_name"": """", ""score"": 0.012180091813206673}, {""species"": ""Ariolimax stramineus"", ""common_name"": """", ""score"": 0.005099312402307987}, {""species"": ""Ariolimax californicus"", ""common_name"": ""California banana slug"", ""score"": 0.0018736721249297261}]"
obs_332241462_photo_602909620_box5.jpg,/rs1/researchers/a/amallav/results/outputs_crop/obs_332241462_photo_602909620_box5.jpg,obs_332241462_photo_602909620,#N/A,5,5,Ariolimax stramineus,Ariolimax buttoni,FALSE,,,Animalia,Animalia,Mollusca,Mollusca,Gastropoda,Gastropoda,Stylommatophora,Stylommatophora,Ariolimacidae,Ariolimacidae,Ariolimax,Ariolimax,0.005099312,4,"[{""species"": ""Ariolimax buttoni"", ""common_name"": """", ""score"": 0.9475458264350891}, {""species"": ""Ariolimax columbianus"", ""common_name"": ""Pacific banana slug"", ""score"": 0.03093351051211357}, {""species"": ""Ariolimax brachyphallus"", ""common_name"": """", ""score"": 0.012180091813206673}, {""species"": ""Ariolimax stramineus"", ""common_name"": """", ""score"": 0.005099312402307987}, {""species"": ""Ariolimax californicus"", ""common_name"": ""California banana slug"", ""score"": 0.0018736721249297261}]"
obs_332241462_photo_602909620_box5.jpg,/rs1/researchers/a/amallav/results/outputs_crop/obs_332241462_photo_602909620_box5.jpg,obs_332241462_photo_602909620,#N/A,5,5,Ariolimax californicus,Ariolimax buttoni,FALSE,,California banana slug,Animalia,Animalia,Mollusca,Mollusca,Gastropoda,Gastropoda,Stylommatophora,Stylommatophora,Ariolimacidae,Ariolimacidae,Ariolimax,Ariolimax,0.001873672,5,"[{""species"": ""Ariolimax buttoni"", ""common_name"": """", ""score"": 0.9475458264350891}, {""species"": ""Ariolimax columbianus"", ""common_name"": ""Pacific banana slug"", ""score"": 0.03093351051211357}, {""species"": ""Ariolimax brachyphallus"", ""common_name"": """", ""score"": 0.012180091813206673}, {""species"": ""Ariolimax stramineus"", ""common_name"": """", ""score"": 0.005099312402307987}, {""species"": ""Ariolimax californicus"", ""common_name"": ""California banana slug"", ""score"": 0.0018736721249297261}]"
obs_333144263_photo_501540234_box1.jpg,/rs1/researchers/a/amallav/results/outputs_crop/obs_333144263_photo_501540234_box1.jpg,obs_333144263_photo_501540234,#N/A,1,1,Erythricium aurantiacum,Erythricium aurantiacum,TRUE,,,Fungi,Fungi,Basidiomycota,Basidiomycota,Agaricomycetes,Agaricomycetes,Corticiales,Corticiales,Corticiaceae,Corticiaceae,Erythricium,Erythricium,0.198622987,1,"[{""species"": ""Erythricium aurantiacum"", ""common_name"": """", ""score"": 0.19862298667430878}, {""species"": ""Ovicuculispora parmeliae"", ""common_name"": """", ""score"": 0.07497579604387283}, {""species"": ""Caloplaca anularis"", ""common_name"": """", ""score"": 0.07392555475234985}, {""species"": ""Bryostigma parietinarium"", ""common_name"": """", ""score"": 0.04452008008956909}, {""species"": ""Sphaerellothecium parietinarium"", ""common_name"": """", ""score"": 0.02535400539636612}]"
obs_333144263_photo_501540234_box1.jpg,/rs1/researchers/a/amallav/results/outputs_crop/obs_333144263_photo_501540234_box1.jpg,obs_333144263_photo_501540234,#N/A,1,1,Ovicuculispora parmeliae,Erythricium aurantiacum,FALSE,,,Fungi,Fungi,Ascomycota,Basidiomycota,Sordariomycetes,Agaricomycetes,Hypocreales,Corticiales,Bionectriaceae,Corticiaceae,Ovicuculispora,Erythricium,0.074975796,2,"[{""species"": ""Erythricium aurantiacum"", ""common_name"": """", ""score"": 0.19862298667430878}, {""species"": ""Ovicuculispora parmeliae"", ""common_name"": """", ""score"": 0.07497579604387283}, {""species"": ""Caloplaca anularis"", ""common_name"": """", ""score"": 0.07392555475234985}, {""species"": ""Bryostigma parietinarium"", ""common_name"": """", ""score"": 0.04452008008956909}, {""species"": ""Sphaerellothecium parietinarium"", ""common_name"": """", ""score"": 0.02535400539636612}]"
obs_333144263_photo_501540234_box1.jpg,/rs1/researchers/a/amallav/results/outputs_crop/obs_333144263_photo_501540234_box1.jpg,obs_333144263_photo_501540234,#N/A,1,1,Caloplaca anularis,Erythricium aurantiacum,FALSE,,,Fungi,Fungi,Ascomycota,Basidiomycota,Lecanoromycetes,Agaricomycetes,Teloschistales,Corticiales,Teloschistaceae,Corticiaceae,Caloplaca,Erythricium,0.073925555,3,"[{""species"": ""Erythricium aurantiacum"", ""common_name"": """", ""score"": 0.19862298667430878}, {""species"": ""Ovicuculispora parmeliae"", ""common_name"": """", ""score"": 0.07497579604387283}, {""species"": ""Caloplaca anularis"", ""common_name"": """", ""score"": 0.07392555475234985}, {""species"": ""Bryostigma parietinarium"", ""common_name"": """", ""score"": 0.04452008008956909}, {""species"": ""Sphaerellothecium parietinarium"", ""common_name"": """", ""score"": 0.02535400539636612}]"
obs_333144263_photo_501540234_box1.jpg,/rs1/researchers/a/amallav/results/outputs_crop/obs_333144263_photo_501540234_box1.jpg,obs_333144263_photo_501540234,#N/A,1,1,Bryostigma parietinarium,Erythricium aurantiacum,FALSE,,,Fungi,Fungi,Ascomycota,Basidiomycota,Arthoniomycetes,Agaricomycetes,Arthoniales,Corticiales,Arthoniaceae,Corticiaceae,Bryostigma,Erythricium,0.04452008,4,"[{""species"": ""Erythricium aurantiacum"", ""common_name"": """", ""score"": 0.19862298667430878}, {""species"": ""Ovicuculispora parmeliae"", ""common_name"": """", ""score"": 0.07497579604387283}, {""species"": ""Caloplaca anularis"", ""common_name"": """", ""score"": 0.07392555475234985}, {""species"": ""Bryostigma parietinarium"", ""common_name"": """", ""score"": 0.04452008008956909}, {""species"": ""Sphaerellothecium parietinarium"", ""common_name"": """", ""score"": 0.02535400539636612}]"
obs_333144263_photo_501540234_box1.jpg,/rs1/researchers/a/amallav/results/outputs_crop/obs_333144263_photo_501540234_box1.jpg,obs_333144263_photo_501540234,#N/A,1,1,Sphaerellothecium parietinarium,Erythricium aurantiacum,FALSE,,,Fungi,Fungi,Ascomycota,Basidiomycota,Dothideomycetes,Agaricomycetes,Mycosphaerellales,Corticiales,Mycosphaerellaceae,Corticiaceae,Sphaerellothecium,Erythricium,0.025354005,5,"[{""species"": ""Erythricium aurantiacum"", ""common_name"": """", ""score"": 0.19862298667430878}, {""species"": ""Ovicuculispora parmeliae"", ""common_name"": """", ""score"": 0.07497579604387283}, {""species"": ""Caloplaca anularis"", ""common_name"": """", ""score"": 0.07392555475234985}, {""species"": ""Bryostigma parietinarium"", ""common_name"": """", ""score"": 0.04452008008956909}, {""species"": ""Sphaerellothecium parietinarium"", ""common_name"": """", ""score"": 0.02535400539636612}]"
obs_333144263_photo_501540234_box2.jpg,/rs1/researchers/a/amallav/results/outputs_crop/obs_333144263_photo_501540234_box2.jpg,obs_333144263_photo_501540234,#N/A,2,2,Stentor coeruleus,Erythricium aurantiacum,FALSE,,,Chromista,Fungi,Ciliophora,Basidiomycota,Heterotrichea,Agaricomycetes,Heterotrichida,Corticiales,Stentoridae,Corticiaceae,Stentor,Erythricium,0.009063058,1,"[{""species"": ""Stentor coeruleus"", ""common_name"": """", ""score"": 0.009063057601451874}, {""species"": ""Mastigosphaera gobii"", ""common_name"": """", ""score"": 0.008449953980743885}, {""species"": ""Cyclophrya magna"", ""common_name"": """", ""score"": 0.00772341201081872}, {""species"": ""Uroglena volvox"", ""common_name"": """", ""score"": 0.007345649879425764}, {""species"": ""Stentor polymorphus"", ""common_name"": """", ""score"": 0.006106506567448378}]"
obs_333144263_photo_501540234_box2.jpg,/rs1/researchers/a/amallav/results/outputs_crop/obs_333144263_photo_501540234_box2.jpg,obs_333144263_photo_501540234,#N/A,2,2,Mastigosphaera gobii,Erythricium aurantiacum,FALSE,,,Plantae,Fungi,Chlorophyta,Basidiomycota,Chlorophyceae,Agaricomycetes,Volvocales,Corticiales,Volvocaceae,Corticiaceae,Mastigosphaera,Erythricium,0.008449954,2,"[{""species"": ""Stentor coeruleus"", ""common_name"": """", ""score"": 0.009063057601451874}, {""species"": ""Mastigosphaera gobii"", ""common_name"": """", ""score"": 0.008449953980743885}, {""species"": ""Cyclophrya magna"", ""common_name"": """", ""score"": 0.00772341201081872}, {""species"": ""Uroglena volvox"", ""common_name"": """", ""score"": 0.007345649879425764}, {""species"": ""Stentor polymorphus"", ""common_name"": """", ""score"": 0.006106506567448378}]"
obs_333144263_photo_501540234_box2.jpg,/rs1/researchers/a/amallav/results/outputs_crop/obs_333144263_photo_501540234_box2.jpg,obs_333144263_photo_501540234,#N/A,2,2,Cyclophrya magna,Erythricium aurantiacum,FALSE,,,Chromista,Fungi,Ciliophora,Basidiomycota,Oligohymenophorea,Agaricomycetes,Astomatida,Corticiales,Discophryidae,Corticiaceae,Cyclophrya,Erythricium,0.007723412,3,"[{""species"": ""Stentor coeruleus"", ""common_name"": """", ""score"": 0.009063057601451874}, {""species"": ""Mastigosphaera gobii"", ""common_name"": """", ""score"": 0.008449953980743885}, {""species"": ""Cyclophrya magna"", ""common_name"": """", ""score"": 0.00772341201081872}, {""species"": ""Uroglena volvox"", ""common_name"": """", ""score"": 0.007345649879425764}, {""species"": ""Stentor polymorphus"", ""common_name"": """", ""score"": 0.006106506567448378}]"
obs_333144263_photo_501540234_box2.jpg,/rs1/researchers/a/amallav/results/outputs_crop/obs_333144263_photo_501540234_box2.jpg,obs_333144263_photo_501540234,#N/A,2,2,Uroglena volvox,Erythricium aurantiacum,FALSE,,,Chromista,Fungi,Ochrophyta,Basidiomycota,Chrysophyceae,Agaricomycetes,Ochromonadales,Corticiales,Chromulinaceae,Corticiaceae,Uroglena,Erythricium,0.00734565,4,"[{""species"": ""Stentor coeruleus"", ""common_name"": """", ""score"": 0.009063057601451874}, {""species"": ""Mastigosphaera gobii"", ""common_name"": """", ""score"": 0.008449953980743885}, {""species"": ""Cyclophrya magna"", ""common_name"": """", ""score"": 0.00772341201081872}, {""species"": ""Uroglena volvox"", ""common_name"": """", ""score"": 0.007345649879425764}, {""species"": ""Stentor polymorphus"", ""common_name"": """", ""score"": 0.006106506567448378}]"
obs_333144263_photo_501540234_box2.jpg,/rs1/researchers/a/amallav/results/outputs_crop/obs_333144263_photo_501540234_box2.jpg,obs_333144263_photo_501540234,#N/A,2,2,Stentor polymorphus,Erythricium aurantiacum,FALSE,,,Chromista,Fungi,Ciliophora,Basidiomycota,Heterotrichea,Agaricomycetes,Heterotrichida,Corticiales,Stentoridae,Corticiaceae,Stentor,Erythricium,0.006106507,5,"[{""species"": ""Stentor coeruleus"", ""common_name"": """", ""score"": 0.009063057601451874}, {""species"": ""Mastigosphaera gobii"", ""common_name"": """", ""score"": 0.008449953980743885}, {""species"": ""Cyclophrya magna"", ""common_name"": """", ""score"": 0.00772341201081872}, {""species"": ""Uroglena volvox"", ""common_name"": """", ""score"": 0.007345649879425764}, {""species"": ""Stentor polymorphus"", ""common_name"": """", ""score"": 0.006106506567448378}]"
obs_333144263_photo_501540234_box3.jpg,/rs1/researchers/a/amallav/results/outputs_crop/obs_333144263_photo_501540234_box3.jpg,obs_333144263_photo_501540234,#N/A,3,3,Erythricium aurantiacum,Erythricium aurantiacum,TRUE,,,Fungi,Fungi,Basidiomycota,Basidiomycota,Agaricomycetes,Agaricomycetes,Corticiales,Corticiales,Corticiaceae,Corticiaceae,Erythricium,Erythricium,0.188564688,1,"[{""species"": ""Erythricium aurantiacum"", ""common_name"": """", ""score"": 0.18856468796730042}, {""species"": ""Ovicuculispora parmeliae"", ""common_name"": """", ""score"": 0.0814429298043251}, {""species"": ""Caloplaca anularis"", ""common_name"": """", ""score"": 0.047025639563798904}, {""species"": ""Bryostigma parietinarium"", ""common_name"": """", ""score"": 0.04137352854013443}, {""species"": ""Sphaerellothecium parietinarium"", ""common_name"": """", ""score"": 0.028355425223708153}]"
obs_333144263_photo_501540234_box3.jpg,/rs1/researchers/a/amallav/results/outputs_crop/obs_333144263_photo_501540234_box3.jpg,obs_333144263_photo_501540234,#N/A,3,3,Ovicuculispora parmeliae,Erythricium aurantiacum,FALSE,,,Fungi,Fungi,Ascomycota,Basidiomycota,Sordariomycetes,Agaricomycetes,Hypocreales,Corticiales,Bionectriaceae,Corticiaceae,Ovicuculispora,Erythricium,0.08144293,2,"[{""species"": ""Erythricium aurantiacum"", ""common_name"": """", ""score"": 0.18856468796730042}, {""species"": ""Ovicuculispora parmeliae"", ""common_name"": """", ""score"": 0.0814429298043251}, {""species"": ""Caloplaca anularis"", ""common_name"": """", ""score"": 0.047025639563798904}, {""species"": ""Bryostigma parietinarium"", ""common_name"": """", ""score"": 0.04137352854013443}, {""species"": ""Sphaerellothecium parietinarium"", ""common_name"": """", ""score"": 0.028355425223708153}]"
obs_333144263_photo_501540234_box3.jpg,/rs1/researchers/a/amallav/results/outputs_crop/obs_333144263_photo_501540234_box3.jpg,obs_333144263_photo_501540234,#N/A,3,3,Caloplaca anularis,Erythricium aurantiacum,FALSE,,,Fungi,Fungi,Ascomycota,Basidiomycota,Lecanoromycetes,Agaricomycetes,Teloschistales,Corticiales,Teloschistaceae,Corticiaceae,Caloplaca,Erythricium,0.04702564,3,"[{""species"": ""Erythricium aurantiacum"", ""common_name"": """", ""score"": 0.18856468796730042}, {""species"": ""Ovicuculispora parmeliae"", ""common_name"": """", ""score"": 0.0814429298043251}, {""species"": ""Caloplaca anularis"", ""common_name"": """", ""score"": 0.047025639563798904}, {""species"": ""Bryostigma parietinarium"", ""common_name"": """", ""score"": 0.04137352854013443}, {""species"": ""Sphaerellothecium parietinarium"", ""common_name"": """", ""score"": 0.028355425223708153}]"
obs_333144263_photo_501540234_box3.jpg,/rs1/researchers/a/amallav/results/outputs_crop/obs_333144263_photo_501540234_box3.jpg,obs_333144263_photo_501540234,#N/A,3,3,Bryostigma parietinarium,Erythricium aurantiacum,FALSE,,,Fungi,Fungi,Ascomycota,Basidiomycota,Arthoniomycetes,Agaricomycetes,Arthoniales,Corticiales,Arthoniaceae,Corticiaceae,Bryostigma,Erythricium,0.041373529,4,"[{""species"": ""Erythricium aurantiacum"", ""common_name"": """", ""score"": 0.18856468796730042}, {""species"": ""Ovicuculispora parmeliae"", ""common_name"": """", ""score"": 0.0814429298043251}, {""species"": ""Caloplaca anularis"", ""common_name"": """", ""score"": 0.047025639563798904}, {""species"": ""Bryostigma parietinarium"", ""common_name"": """", ""score"": 0.04137352854013443}, {""species"": ""Sphaerellothecium parietinarium"", ""common_name"": """", ""score"": 0.028355425223708153}]"
obs_333144263_photo_501540234_box3.jpg,/rs1/researchers/a/amallav/results/outputs_crop/obs_333144263_photo_501540234_box3.jpg,obs_333144263_photo_501540234,#N/A,3,3,Sphaerellothecium parietinarium,Erythricium aurantiacum,FALSE,,,Fungi,Fungi,Ascomycota,Basidiomycota,Dothideomycetes,Agaricomycetes,Mycosphaerellales,Corticiales,Mycosphaerellaceae,Corticiaceae,Sphaerellothecium,Erythricium,0.028355425,5,"[{""species"": ""Erythricium aurantiacum"", ""common_name"": """", ""score"": 0.18856468796730042}, {""species"": ""Ovicuculispora parmeliae"", ""common_name"": """", ""score"": 0.0814429298043251}, {""species"": ""Caloplaca anularis"", ""common_name"": """", ""score"": 0.047025639563798904}, {""species"": ""Bryostigma parietinarium"", ""common_name"": """", ""score"": 0.04137352854013443}, {""species"": ""Sphaerellothecium parietinarium"", ""common_name"": """", ""score"": 0.028355425223708153}]"
obs_333664707_photo_605748155_box1.jpg,/rs1/researchers/a/amallav/results/outputs_crop/obs_333664707_photo_605748155_box1.jpg,obs_333664707_photo_605748155,obs_333664707_photo_605748155,1,1,Berthella chacei,Aeolidia loui,FALSE,Species not in the box,,Animalia,Animalia,Mollusca,Mollusca,Gastropoda,Gastropoda,Pleurobranchida,Nudibranchia,Pleurobranchidae,Aeolidiidae,Berthella,Aeolidia,0.199271485,1,"[{""species"": ""Berthella chacei"", ""common_name"": """", ""score"": 0.19927148520946503}, {""species"": ""Chelyosoma productum"", ""common_name"": """", ""score"": 0.06072384864091873}, {""species"": ""Cyclosalpa bakeri"", ""common_name"": """", ""score"": 0.04092200845479965}, {""species"": ""Berthella californica"", ""common_name"": """", ""score"": 0.026386182755231857}, {""species"": ""Mimetridium cryptum"", ""common_name"": """", ""score"": 0.02603086642920971}]"
obs_333664707_photo_605748155_box1.jpg,/rs1/researchers/a/amallav/results/outputs_crop/obs_333664707_photo_605748155_box1.jpg,obs_333664707_photo_605748155,obs_333664707_photo_605748155,1,1,Chelyosoma productum,Aeolidia loui,FALSE,Species not in the box,,Animalia,Animalia,Chordata,Mollusca,Ascidiacea,Gastropoda,Phlebobranchia,Nudibranchia,Corellidae,Aeolidiidae,Chelyosoma,Aeolidia,0.060723849,2,"[{""species"": ""Berthella chacei"", ""common_name"": """", ""score"": 0.19927148520946503}, {""species"": ""Chelyosoma productum"", ""common_name"": """", ""score"": 0.06072384864091873}, {""species"": ""Cyclosalpa bakeri"", ""common_name"": """", ""score"": 0.04092200845479965}, {""species"": ""Berthella californica"", ""common_name"": """", ""score"": 0.026386182755231857}, {""species"": ""Mimetridium cryptum"", ""common_name"": """", ""score"": 0.02603086642920971}]"
obs_333664707_photo_605748155_box1.jpg,/rs1/researchers/a/amallav/results/outputs_crop/obs_333664707_photo_605748155_box1.jpg,obs_333664707_photo_605748155,obs_333664707_photo_605748155,1,1,Cyclosalpa bakeri,Aeolidia loui,FALSE,Species not in the box,,Animalia,Animalia,Chordata,Mollusca,Thaliacea,Gastropoda,Salpida,Nudibranchia,Salpidae,Aeolidiidae,Cyclosalpa,Aeolidia,0.040922008,3,"[{""species"": ""Berthella chacei"", ""common_name"": """", ""score"": 0.19927148520946503}, {""species"": ""Chelyosoma productum"", ""common_name"": """", ""score"": 0.06072384864091873}, {""species"": ""Cyclosalpa bakeri"", ""common_name"": """", ""score"": 0.04092200845479965}, {""species"": ""Berthella californica"", ""common_name"": """", ""score"": 0.026386182755231857}, {""species"": ""Mimetridium cryptum"", ""common_name"": """", ""score"": 0.02603086642920971}]"
obs_333664707_photo_605748155_box1.jpg,/rs1/researchers/a/amallav/results/outputs_crop/obs_333664707_photo_605748155_box1.jpg,obs_333664707_photo_605748155,obs_333664707_photo_605748155,1,1,Berthella californica,Aeolidia loui,FALSE,Species not in the box,,Animalia,Animalia,Mollusca,Mollusca,Gastropoda,Gastropoda,Pleurobranchida,Nudibranchia,Pleurobranchidae,Aeolidiidae,Berthella,Aeolidia,0.026386183,4,"[{""species"": ""Berthella chacei"", ""common_name"": """", ""score"": 0.19927148520946503}, {""species"": ""Chelyosoma productum"", ""common_name"": """", ""score"": 0.06072384864091873}, {""species"": ""Cyclosalpa bakeri"", ""common_name"": """", ""score"": 0.04092200845479965}, {""species"": ""Berthella californica"", ""common_name"": """", ""score"": 0.026386182755231857}, {""species"": ""Mimetridium cryptum"", ""common_name"": """", ""score"": 0.02603086642920971}]"
obs_333664707_photo_605748155_box1.jpg,/rs1/researchers/a/amallav/results/outputs_crop/obs_333664707_photo_605748155_box1.jpg,obs_333664707_photo_605748155,obs_333664707_photo_605748155,1,1,Mimetridium cryptum,Aeolidia loui,FALSE,Species not in the box,,Animalia,Animalia,Cnidaria,Mollusca,Anthozoa,Gastropoda,Actiniaria,Nudibranchia,Acontiophoridae,Aeolidiidae,Mimetridium,Aeolidia,0.026030866,5,"[{""species"": ""Berthella chacei"", ""common_name"": """", ""score"": 0.19927148520946503}, {""species"": ""Chelyosoma productum"", ""common_name"": """", ""score"": 0.06072384864091873}, {""species"": ""Cyclosalpa bakeri"", ""common_name"": """", ""score"": 0.04092200845479965}, {""species"": ""Berthella californica"", ""common_name"": """", ""score"": 0.026386182755231857}, {""species"": ""Mimetridium cryptum"", ""common_name"": """", ""score"": 0.02603086642920971}]"
obs_333664707_photo_605748155_box2.jpg,/rs1/researchers/a/amallav/results/outputs_crop/obs_333664707_photo_605748155_box2.jpg,obs_333664707_photo_605748155,obs_333664707_photo_605748155,2,2,Chelyosoma productum,Aeolidia loui,FALSE,Species not in the box,,Animalia,Animalia,Chordata,Mollusca,Ascidiacea,Gastropoda,Phlebobranchia,Nudibranchia,Corellidae,Aeolidiidae,Chelyosoma,Aeolidia,0.103263907,1,"[{""species"": ""Chelyosoma productum"", ""common_name"": """", ""score"": 0.10326390713453293}, {""species"": ""Berthella chacei"", ""common_name"": """", ""score"": 0.08700736612081528}, {""species"": ""Cyclosalpa bakeri"", ""common_name"": """", ""score"": 0.05138249322772026}, {""species"": ""Mimetridium cryptum"", ""common_name"": """", ""score"": 0.029326267540454865}, {""species"": ""Marseniopsis pacifica"", ""common_name"": """", ""score"": 0.01835750974714756}]"
obs_333664707_photo_605748155_box2.jpg,/rs1/researchers/a/amallav/results/outputs_crop/obs_333664707_photo_605748155_box2.jpg,obs_333664707_photo_605748155,obs_333664707_photo_605748155,2,2,Berthella chacei,Aeolidia loui,FALSE,Species not in the box,,Animalia,Animalia,Mollusca,Mollusca,Gastropoda,Gastropoda,Pleurobranchida,Nudibranchia,Pleurobranchidae,Aeolidiidae,Berthella,Aeolidia,0.087007366,2,"[{""species"": ""Chelyosoma productum"", ""common_name"": """", ""score"": 0.10326390713453293}, {""species"": ""Berthella chacei"", ""common_name"": """", ""score"": 0.08700736612081528}, {""species"": ""Cyclosalpa bakeri"", ""common_name"": """", ""score"": 0.05138249322772026}, {""species"": ""Mimetridium cryptum"", ""common_name"": """", ""score"": 0.029326267540454865}, {""species"": ""Marseniopsis pacifica"", ""common_name"": """", ""score"": 0.01835750974714756}]"
obs_333664707_photo_605748155_box2.jpg,/rs1/researchers/a/amallav/results/outputs_crop/obs_333664707_photo_605748155_box2.jpg,obs_333664707_photo_605748155,obs_333664707_photo_605748155,2,2,Cyclosalpa bakeri,Aeolidia loui,FALSE,Species not in the box,,Animalia,Animalia,Chordata,Mollusca,Thaliacea,Gastropoda,Salpida,Nudibranchia,Salpidae,Aeolidiidae,Cyclosalpa,Aeolidia,0.051382493,3,"[{""species"": ""Chelyosoma productum"", ""common_name"": """", ""score"": 0.10326390713453293}, {""species"": ""Berthella chacei"", ""common_name"": """", ""score"": 0.08700736612081528}, {""species"": ""Cyclosalpa bakeri"", ""common_name"": """", ""score"": 0.05138249322772026}, {""species"": ""Mimetridium cryptum"", ""common_name"": """", ""score"": 0.029326267540454865}, {""species"": ""Marseniopsis pacifica"", ""common_name"": """", ""score"": 0.01835750974714756}]"
obs_333664707_photo_605748155_box2.jpg,/rs1/researchers/a/amallav/results/outputs_crop/obs_333664707_photo_605748155_box2.jpg,obs_333664707_photo_605748155,obs_333664707_photo_605748155,2,2,Mimetridium cryptum,Aeolidia loui,FALSE,Species not in the box,,Animalia,Animalia,Cnidaria,Mollusca,Anthozoa,Gastropoda,Actiniaria,Nudibranchia,Acontiophoridae,Aeolidiidae,Mimetridium,Aeolidia,0.029326268,4,"[{""species"": ""Chelyosoma productum"", ""common_name"": """", ""score"": 0.10326390713453293}, {""species"": ""Berthella chacei"", ""common_name"": """", ""score"": 0.08700736612081528}, {""species"": ""Cyclosalpa bakeri"", ""common_name"": """", ""score"": 0.05138249322772026}, {""species"": ""Mimetridium cryptum"", ""common_name"": """", ""score"": 0.029326267540454865}, {""species"": ""Marseniopsis pacifica"", ""common_name"": """", ""score"": 0.01835750974714756}]"
obs_333664707_photo_605748155_box2.jpg,/rs1/researchers/a/amallav/results/outputs_crop/obs_333664707_photo_605748155_box2.jpg,obs_333664707_photo_605748155,obs_333664707_photo_605748155,2,2,Marseniopsis pacifica,Aeolidia loui,FALSE,Species not in the box,,Animalia,Animalia,Mollusca,Mollusca,Gastropoda,Gastropoda,Littorinimorpha,Nudibranchia,Velutinidae,Aeolidiidae,Marseniopsis,Aeolidia,0.01835751,5,"[{""species"": ""Chelyosoma productum"", ""common_name"": """", ""score"": 0.10326390713453293}, {""species"": ""Berthella chacei"", ""common_name"": """", ""score"": 0.08700736612081528}, {""species"": ""Cyclosalpa bakeri"", ""common_name"": """", ""score"": 0.05138249322772026}, {""species"": ""Mimetridium cryptum"", ""common_name"": """", ""score"": 0.029326267540454865}, {""species"": ""Marseniopsis pacifica"", ""common_name"": """", ""score"": 0.01835750974714756}]"
obs_333664707_photo_605748155_box3.jpg,/rs1/researchers/a/amallav/results/outputs_crop/obs_333664707_photo_605748155_box3.jpg,obs_333664707_photo_605748155,obs_333664707_photo_605748155,3,3,Chelyosoma productum,Aeolidia loui,FALSE,Species not in the box,,Animalia,Animalia,Chordata,Mollusca,Ascidiacea,Gastropoda,Phlebobranchia,Nudibranchia,Corellidae,Aeolidiidae,Chelyosoma,Aeolidia,0.13051571,1,"[{""species"": ""Chelyosoma productum"", ""common_name"": """", ""score"": 0.1305157095193863}, {""species"": ""Berthella chacei"", ""common_name"": """", ""score"": 0.11885948479175568}, {""species"": ""Cyclosalpa bakeri"", ""common_name"": """", ""score"": 0.08618009835481644}, {""species"": ""Cyclosalpa affinis"", ""common_name"": """", ""score"": 0.027895882725715637}, {""species"": ""Berthella californica"", ""common_name"": """", ""score"": 0.02777271158993244}]"
obs_333664707_photo_605748155_box3.jpg,/rs1/researchers/a/amallav/results/outputs_crop/obs_333664707_photo_605748155_box3.jpg,obs_333664707_photo_605748155,obs_333664707_photo_605748155,3,3,Berthella chacei,Aeolidia loui,FALSE,Species not in the box,,Animalia,Animalia,Mollusca,Mollusca,Gastropoda,Gastropoda,Pleurobranchida,Nudibranchia,Pleurobranchidae,Aeolidiidae,Berthella,Aeolidia,0.118859485,2,"[{""species"": ""Chelyosoma productum"", ""common_name"": """", ""score"": 0.1305157095193863}, {""species"": ""Berthella chacei"", ""common_name"": """", ""score"": 0.11885948479175568}, {""species"": ""Cyclosalpa bakeri"", ""common_name"": """", ""score"": 0.08618009835481644}, {""species"": ""Cyclosalpa affinis"", ""common_name"": """", ""score"": 0.027895882725715637}, {""species"": ""Berthella californica"", ""common_name"": """", ""score"": 0.02777271158993244}]"
obs_333664707_photo_605748155_box3.jpg,/rs1/researchers/a/amallav/results/outputs_crop/obs_333664707_photo_605748155_box3.jpg,obs_333664707_photo_605748155,obs_333664707_photo_605748155,3,3,Cyclosalpa bakeri,Aeolidia loui,FALSE,Species not in the box,,Animalia,Animalia,Chordata,Mollusca,Thaliacea,Gastropoda,Salpida,Nudibranchia,Salpidae,Aeolidiidae,Cyclosalpa,Aeolidia,0.086180098,3,"[{""species"": ""Chelyosoma productum"", ""common_name"": """", ""score"": 0.1305157095193863}, {""species"": ""Berthella chacei"", ""common_name"": """", ""score"": 0.11885948479175568}, {""species"": ""Cyclosalpa bakeri"", ""common_name"": """", ""score"": 0.08618009835481644}, {""species"": ""Cyclosalpa affinis"", ""common_name"": """", ""score"": 0.027895882725715637}, {""species"": ""Berthella californica"", ""common_name"": """", ""score"": 0.02777271158993244}]"
obs_333664707_photo_605748155_box3.jpg,/rs1/researchers/a/amallav/results/outputs_crop/obs_333664707_photo_605748155_box3.jpg,obs_333664707_photo_605748155,obs_333664707_photo_605748155,3,3,Cyclosalpa affinis,Aeolidia loui,FALSE,Species not in the box,,Animalia,Animalia,Chordata,Mollusca,Thaliacea,Gastropoda,Salpida,Nudibranchia,Salpidae,Aeolidiidae,Cyclosalpa,Aeolidia,0.027895883,4,"[{""species"": ""Chelyosoma productum"", ""common_name"": """", ""score"": 0.1305157095193863}, {""species"": ""Berthella chacei"", ""common_name"": """", ""score"": 0.11885948479175568}, {""species"": ""Cyclosalpa bakeri"", ""common_name"": """", ""score"": 0.08618009835481644}, {""species"": ""Cyclosalpa affinis"", ""common_name"": """", ""score"": 0.027895882725715637}, {""species"": ""Berthella californica"", ""common_name"": """", ""score"": 0.02777271158993244}]"
obs_333664707_photo_605748155_box3.jpg,/rs1/researchers/a/amallav/results/outputs_crop/obs_333664707_photo_605748155_box3.jpg,obs_333664707_photo_605748155,obs_333664707_photo_605748155,3,3,Berthella californica,Aeolidia loui,FALSE,Species not in the box,,Animalia,Animalia,Mollusca,Mollusca,Gastropoda,Gastropoda,Pleurobranchida,Nudibranchia,Pleurobranchidae,Aeolidiidae,Berthella,Aeolidia,0.027772712,5,"[{""species"": ""Chelyosoma productum"", ""common_name"": """", ""score"": 0.1305157095193863}, {""species"": ""Berthella chacei"", ""common_name"": """", ""score"": 0.11885948479175568}, {""species"": ""Cyclosalpa bakeri"", ""common_name"": """", ""score"": 0.08618009835481644}, {""species"": ""Cyclosalpa affinis"", ""common_name"": """", ""score"": 0.027895882725715637}, {""species"": ""Berthella californica"", ""common_name"": """", ""score"": 0.02777271158993244}]"
obs_334025380_photo_606497684_box1.jpg,/rs1/researchers/a/amallav/results/outputs_crop/obs_334025380_photo_606497684_box1.jpg,obs_334025380_photo_606497684,#N/A,1,1,Xeromphalina cirris,Cryptomarasmius corbariensis,FALSE,,,Fungi,Fungi,Basidiomycota,Basidiomycota,Agaricomycetes,Agaricomycetes,Agaricales,Agaricales,Mycenaceae,Physalacriaceae,Xeromphalina,Cryptomarasmius,0.172602519,1,"[{""species"": ""Xeromphalina cirris"", ""common_name"": """", ""score"": 0.17260251939296722}, {""species"": ""Xeromphalina campanelloides"", ""common_name"": """", ""score"": 0.10494062304496765}, {""species"": ""Cryptomarasmius corbariensis"", ""common_name"": """", ""score"": 0.09163424372673035}, {""species"": ""Xeromphalina setulipes"", ""common_name"": """", ""score"": 0.047205984592437744}, {""species"": ""Marasmius curreyi"", ""common_name"": ""Grass parachute"", ""score"": 0.037440862506628036}]"
obs_334025380_photo_606497684_box1.jpg,/rs1/researchers/a/amallav/results/outputs_crop/obs_334025380_photo_606497684_box1.jpg,obs_334025380_photo_606497684,#N/A,1,1,Xeromphalina campanelloides,Cryptomarasmius corbariensis,FALSE,,,Fungi,Fungi,Basidiomycota,Basidiomycota,Agaricomycetes,Agaricomycetes,Agaricales,Agaricales,Mycenaceae,Physalacriaceae,Xeromphalina,Cryptomarasmius,0.104940623,2,"[{""species"": ""Xeromphalina cirris"", ""common_name"": """", ""score"": 0.17260251939296722}, {""species"": ""Xeromphalina campanelloides"", ""common_name"": """", ""score"": 0.10494062304496765}, {""species"": ""Cryptomarasmius corbariensis"", ""common_name"": """", ""score"": 0.09163424372673035}, {""species"": ""Xeromphalina setulipes"", ""common_name"": """", ""score"": 0.047205984592437744}, {""species"": ""Marasmius curreyi"", ""common_name"": ""Grass parachute"", ""score"": 0.037440862506628036}]"
obs_334025380_photo_606497684_box1.jpg,/rs1/researchers/a/amallav/results/outputs_crop/obs_334025380_photo_606497684_box1.jpg,obs_334025380_photo_606497684,#N/A,1,1,Cryptomarasmius corbariensis,Cryptomarasmius corbariensis,TRUE,,,Fungi,Fungi,Basidiomycota,Basidiomycota,Agaricomycetes,Agaricomycetes,Agaricales,Agaricales,Physalacriaceae,Physalacriaceae,Cryptomarasmius,Cryptomarasmius,0.091634244,3,"[{""species"": ""Xeromphalina cirris"", ""common_name"": """", ""score"": 0.17260251939296722}, {""species"": ""Xeromphalina campanelloides"", ""common_name"": """", ""score"": 0.10494062304496765}, {""species"": ""Cryptomarasmius corbariensis"", ""common_name"": """", ""score"": 0.09163424372673035}, {""species"": ""Xeromphalina setulipes"", ""common_name"": """", ""score"": 0.047205984592437744}, {""species"": ""Marasmius curreyi"", ""common_name"": ""Grass parachute"", ""score"": 0.037440862506628036}]"
obs_334025380_photo_606497684_box1.jpg,/rs1/researchers/a/amallav/results/outputs_crop/obs_334025380_photo_606497684_box1.jpg,obs_334025380_photo_606497684,#N/A,1,1,Xeromphalina setulipes,Cryptomarasmius corbariensis,FALSE,,,Fungi,Fungi,Basidiomycota,Basidiomycota,Agaricomycetes,Agaricomycetes,Agaricales,Agaricales,Mycenaceae,Physalacriaceae,Xeromphalina,Cryptomarasmius,0.047205985,4,"[{""species"": ""Xeromphalina cirris"", ""common_name"": """", ""score"": 0.17260251939296722}, {""species"": ""Xeromphalina campanelloides"", ""common_name"": """", ""score"": 0.10494062304496765}, {""species"": ""Cryptomarasmius corbariensis"", ""common_name"": """", ""score"": 0.09163424372673035}, {""species"": ""Xeromphalina setulipes"", ""common_name"": """", ""score"": 0.047205984592437744}, {""species"": ""Marasmius curreyi"", ""common_name"": ""Grass parachute"", ""score"": 0.037440862506628036}]"
obs_334025380_photo_606497684_box1.jpg,/rs1/researchers/a/amallav/results/outputs_crop/obs_334025380_photo_606497684_box1.jpg,obs_334025380_photo_606497684,#N/A,1,1,Marasmius curreyi,Cryptomarasmius corbariensis,FALSE,,Grass parachute,Fungi,Fungi,Basidiomycota,Basidiomycota,Agaricomycetes,Agaricomycetes,Agaricales,Agaricales,Marasmiaceae,Physalacriaceae,Marasmius,Cryptomarasmius,0.037440863,5,"[{""species"": ""Xeromphalina cirris"", ""common_name"": """", ""score"": 0.17260251939296722}, {""species"": ""Xeromphalina campanelloides"", ""common_name"": """", ""score"": 0.10494062304496765}, {""species"": ""Cryptomarasmius corbariensis"", ""common_name"": """", ""score"": 0.09163424372673035}, {""species"": ""Xeromphalina setulipes"", ""common_name"": """", ""score"": 0.047205984592437744}, {""species"": ""Marasmius curreyi"", ""common_name"": ""Grass parachute"", ""score"": 0.037440862506628036}]"
obs_334025380_photo_606497684_box2.jpg,/rs1/researchers/a/amallav/results/outputs_crop/obs_334025380_photo_606497684_box2.jpg,obs_334025380_photo_606497684,#N/A,2,2,Plesiocystiscus genecoani,Cryptomarasmius corbariensis,FALSE,,,Animalia,Fungi,Mollusca,Basidiomycota,Gastropoda,Agaricomycetes,Neogastropoda,Agaricales,Cystiscidae,Physalacriaceae,Plesiocystiscus,Cryptomarasmius,0.018386222,1,"[{""species"": ""Plesiocystiscus genecoani"", ""common_name"": """", ""score"": 0.018386222422122955}, {""species"": ""Cystiscus aurantius"", ""common_name"": """", ""score"": 0.017277266830205917}, {""species"": ""Angustassiminea succinea"", ""common_name"": """", ""score"": 0.007439311593770981}, {""species"": ""Cystiscus carinifer"", ""common_name"": """", ""score"": 0.005720696412026882}, {""species"": ""Halocynthia pyriformis"", ""common_name"": ""Sea peach"", ""score"": 0.005512421950697899}]"
obs_334025380_photo_606497684_box2.jpg,/rs1/researchers/a/amallav/results/outputs_crop/obs_334025380_photo_606497684_box2.jpg,obs_334025380_photo_606497684,#N/A,2,2,Cystiscus aurantius,Cryptomarasmius corbariensis,FALSE,,,Animalia,Fungi,Mollusca,Basidiomycota,Gastropoda,Agaricomycetes,Neogastropoda,Agaricales,Cystiscidae,Physalacriaceae,Cystiscus,Cryptomarasmius,0.017277267,2,"[{""species"": ""Plesiocystiscus genecoani"", ""common_name"": """", ""score"": 0.018386222422122955}, {""species"": ""Cystiscus aurantius"", ""common_name"": """", ""score"": 0.017277266830205917}, {""species"": ""Angustassiminea succinea"", ""common_name"": """", ""score"": 0.007439311593770981}, {""species"": ""Cystiscus carinifer"", ""common_name"": """", ""score"": 0.005720696412026882}, {""species"": ""Halocynthia pyriformis"", ""common_name"": ""Sea peach"", ""score"": 0.005512421950697899}]"
obs_334025380_photo_606497684_box2.jpg,/rs1/researchers/a/amallav/results/outputs_crop/obs_334025380_photo_606497684_box2.jpg,obs_334025380_photo_606497684,#N/A,2,2,Angustassiminea succinea,Cryptomarasmius corbariensis,FALSE,,,Animalia,Fungi,Mollusca,Basidiomycota,Gastropoda,Agaricomycetes,Littorinimorpha,Agaricales,Assimineidae,Physalacriaceae,Angustassiminea,Cryptomarasmius,0.007439312,3,"[{""species"": ""Plesiocystiscus genecoani"", ""common_name"": """", ""score"": 0.018386222422122955}, {""species"": ""Cystiscus aurantius"", ""common_name"": """", ""score"": 0.017277266830205917}, {""species"": ""Angustassiminea succinea"", ""common_name"": """", ""score"": 0.007439311593770981}, {""species"": ""Cystiscus carinifer"", ""common_name"": """", ""score"": 0.005720696412026882}, {""species"": ""Halocynthia pyriformis"", ""common_name"": ""Sea peach"", ""score"": 0.005512421950697899}]"
obs_334025380_photo_606497684_box2.jpg,/rs1/researchers/a/amallav/results/outputs_crop/obs_334025380_photo_606497684_box2.jpg,obs_334025380_photo_606497684,#N/A,2,2,Cystiscus carinifer,Cryptomarasmius corbariensis,FALSE,,,Animalia,Fungi,Mollusca,Basidiomycota,Gastropoda,Agaricomycetes,Neogastropoda,Agaricales,Cystiscidae,Physalacriaceae,Cystiscus,Cryptomarasmius,0.005720696,4,"[{""species"": ""Plesiocystiscus genecoani"", ""common_name"": """", ""score"": 0.018386222422122955}, {""species"": ""Cystiscus aurantius"", ""common_name"": """", ""score"": 0.017277266830205917}, {""species"": ""Angustassiminea succinea"", ""common_name"": """", ""score"": 0.007439311593770981}, {""species"": ""Cystiscus carinifer"", ""common_name"": """", ""score"": 0.005720696412026882}, {""species"": ""Halocynthia pyriformis"", ""common_name"": ""Sea peach"", ""score"": 0.005512421950697899}]"
obs_334025380_photo_606497684_box2.jpg,/rs1/researchers/a/amallav/results/outputs_crop/obs_334025380_photo_606497684_box2.jpg,obs_334025380_photo_606497684,#N/A,2,2,Halocynthia pyriformis,Cryptomarasmius corbariensis,FALSE,,Sea peach,Animalia,Fungi,Chordata,Basidiomycota,Ascidiacea,Agaricomycetes,Stolidobranchia,Agaricales,Pyuridae,Physalacriaceae,Halocynthia,Cryptomarasmius,0.005512422,5,"[{""species"": ""Plesiocystiscus genecoani"", ""common_name"": """", ""score"": 0.018386222422122955}, {""species"": ""Cystiscus aurantius"", ""common_name"": """", ""score"": 0.017277266830205917}, {""species"": ""Angustassiminea succinea"", ""common_name"": """", ""score"": 0.007439311593770981}, {""species"": ""Cystiscus carinifer"", ""common_name"": """", ""score"": 0.005720696412026882}, {""species"": ""Halocynthia pyriformis"", ""common_name"": ""Sea peach"", ""score"": 0.005512421950697899}]"
obs_334025380_photo_606497684_box3.jpg,/rs1/researchers/a/amallav/results/outputs_crop/obs_334025380_photo_606497684_box3.jpg,obs_334025380_photo_606497684,#N/A,3,3,Hypomyces tubariicola,Cryptomarasmius corbariensis,FALSE,,fnughat-snylteskorpe,Fungi,Fungi,Ascomycota,Basidiomycota,Sordariomycetes,Agaricomycetes,Hypocreales,Agaricales,Hypocreaceae,Physalacriaceae,Hypomyces,Cryptomarasmius,0.013146585,1,"[{""species"": ""Hypomyces tubariicola"", ""common_name"": ""fnughat-snylteskorpe"", ""score"": 0.01314658485352993}, {""species"": ""Rhizomarasmius epidryas"", ""common_name"": """", ""score"": 0.01253537368029356}, {""species"": ""Flammulaster carpophilus"", ""common_name"": ""bøge-grynskælhat"", ""score"": 0.011559763923287392}, {""species"": ""Marasmius curreyi"", ""common_name"": ""Grass parachute"", ""score"": 0.010863784700632095}, {""species"": ""Laccaria montana"", ""common_name"": ""nordlig ametysthat"", ""score"": 0.00886480137705803}]"
obs_334025380_photo_606497684_box3.jpg,/rs1/researchers/a/amallav/results/outputs_crop/obs_334025380_photo_606497684_box3.jpg,obs_334025380_photo_606497684,#N/A,3,3,Rhizomarasmius epidryas,Cryptomarasmius corbariensis,FALSE,,,Fungi,Fungi,Basidiomycota,Basidiomycota,Agaricomycetes,Agaricomycetes,Agaricales,Agaricales,Physalacriaceae,Physalacriaceae,Rhizomarasmius,Cryptomarasmius,0.012535374,2,"[{""species"": ""Hypomyces tubariicola"", ""common_name"": ""fnughat-snylteskorpe"", ""score"": 0.01314658485352993}, {""species"": ""Rhizomarasmius epidryas"", ""common_name"": """", ""score"": 0.01253537368029356}, {""species"": ""Flammulaster carpophilus"", ""common_name"": ""bøge-grynskælhat"", ""score"": 0.011559763923287392}, {""species"": ""Marasmius curreyi"", ""common_name"": ""Grass parachute"", ""score"": 0.010863784700632095}, {""species"": ""Laccaria montana"", ""common_name"": ""nordlig ametysthat"", ""score"": 0.00886480137705803}]"
obs_334025380_photo_606497684_box3.jpg,/rs1/researchers/a/amallav/results/outputs_crop/obs_334025380_photo_606497684_box3.jpg,obs_334025380_photo_606497684,#N/A,3,3,Flammulaster carpophilus,Cryptomarasmius corbariensis,FALSE,,bøge-grynskælhat,Fungi,Fungi,Basidiomycota,Basidiomycota,Agaricomycetes,Agaricomycetes,Agaricales,Agaricales,Tubariaceae,Physalacriaceae,Flammulaster,Cryptomarasmius,0.011559764,3,"[{""species"": ""Hypomyces tubariicola"", ""common_name"": ""fnughat-snylteskorpe"", ""score"": 0.01314658485352993}, {""species"": ""Rhizomarasmius epidryas"", ""common_name"": """", ""score"": 0.01253537368029356}, {""species"": ""Flammulaster carpophilus"", ""common_name"": ""bøge-grynskælhat"", ""score"": 0.011559763923287392}, {""species"": ""Marasmius curreyi"", ""common_name"": ""Grass parachute"", ""score"": 0.010863784700632095}, {""species"": ""Laccaria montana"", ""common_name"": ""nordlig ametysthat"", ""score"": 0.00886480137705803}]"
obs_334025380_photo_606497684_box3.jpg,/rs1/researchers/a/amallav/results/outputs_crop/obs_334025380_photo_606497684_box3.jpg,obs_334025380_photo_606497684,#N/A,3,3,Marasmius curreyi,Cryptomarasmius corbariensis,FALSE,,Grass parachute,Fungi,Fungi,Basidiomycota,Basidiomycota,Agaricomycetes,Agaricomycetes,Agaricales,Agaricales,Marasmiaceae,Physalacriaceae,Marasmius,Cryptomarasmius,0.010863785,4,"[{""species"": ""Hypomyces tubariicola"", ""common_name"": ""fnughat-snylteskorpe"", ""score"": 0.01314658485352993}, {""species"": ""Rhizomarasmius epidryas"", ""common_name"": """", ""score"": 0.01253537368029356}, {""species"": ""Flammulaster carpophilus"", ""common_name"": ""bøge-grynskælhat"", ""score"": 0.011559763923287392}, {""species"": ""Marasmius curreyi"", ""common_name"": ""Grass parachute"", ""score"": 0.010863784700632095}, {""species"": ""Laccaria montana"", ""common_name"": ""nordlig ametysthat"", ""score"": 0.00886480137705803}]"
obs_334025380_photo_606497684_box3.jpg,/rs1/researchers/a/amallav/results/outputs_crop/obs_334025380_photo_606497684_box3.jpg,obs_334025380_photo_606497684,#N/A,3,3,Laccaria montana,Cryptomarasmius corbariensis,FALSE,,nordlig ametysthat,Fungi,Fungi,Basidiomycota,Basidiomycota,Agaricomycetes,Agaricomycetes,Agaricales,Agaricales,Hydnangiaceae,Physalacriaceae,Laccaria,Cryptomarasmius,0.008864801,5,"[{""species"": ""Hypomyces tubariicola"", ""common_name"": ""fnughat-snylteskorpe"", ""score"": 0.01314658485352993}, {""species"": ""Rhizomarasmius epidryas"", ""common_name"": """", ""score"": 0.01253537368029356}, {""species"": ""Flammulaster carpophilus"", ""common_name"": ""bøge-grynskælhat"", ""score"": 0.011559763923287392}, {""species"": ""Marasmius curreyi"", ""common_name"": ""Grass parachute"", ""score"": 0.010863784700632095}, {""species"": ""Laccaria montana"", ""common_name"": ""nordlig ametysthat"", ""score"": 0.00886480137705803}]"
obs_334025380_photo_606497684_box4.jpg,/rs1/researchers/a/amallav/results/outputs_crop/obs_334025380_photo_606497684_box4.jpg,obs_334025380_photo_606497684,#N/A,4,4,Cystiscus aurantius,Cryptomarasmius corbariensis,FALSE,,,Animalia,Fungi,Mollusca,Basidiomycota,Gastropoda,Agaricomycetes,Neogastropoda,Agaricales,Cystiscidae,Physalacriaceae,Cystiscus,Cryptomarasmius,0.018295076,1,"[{""species"": ""Cystiscus aurantius"", ""common_name"": """", ""score"": 0.018295075744390488}, {""species"": ""Conus consors"", ""common_name"": ""Singed cone"", ""score"": 0.018011711537837982}, {""species"": ""Plesiocystiscus genecoani"", ""common_name"": """", ""score"": 0.01629956252872944}, {""species"": ""Conus daucus"", ""common_name"": ""Carrot cone"", ""score"": 0.0155076514929533}, {""species"": ""Conus coccineus"", ""common_name"": ""Berry cone"", ""score"": 0.01538215670734644}]"
obs_334025380_photo_606497684_box4.jpg,/rs1/researchers/a/amallav/results/outputs_crop/obs_334025380_photo_606497684_box4.jpg,obs_334025380_photo_606497684,#N/A,4,4,Conus consors,Cryptomarasmius corbariensis,FALSE,,Singed cone,Animalia,Fungi,Mollusca,Basidiomycota,Gastropoda,Agaricomycetes,Neogastropoda,Agaricales,Conidae,Physalacriaceae,Conus,Cryptomarasmius,0.018011712,2,"[{""species"": ""Cystiscus aurantius"", ""common_name"": """", ""score"": 0.018295075744390488}, {""species"": ""Conus consors"", ""common_name"": ""Singed cone"", ""score"": 0.018011711537837982}, {""species"": ""Plesiocystiscus genecoani"", ""common_name"": """", ""score"": 0.01629956252872944}, {""species"": ""Conus daucus"", ""common_name"": ""Carrot cone"", ""score"": 0.0155076514929533}, {""species"": ""Conus coccineus"", ""common_name"": ""Berry cone"", ""score"": 0.01538215670734644}]"
obs_334025380_photo_606497684_box4.jpg,/rs1/researchers/a/amallav/results/outputs_crop/obs_334025380_photo_606497684_box4.jpg,obs_334025380_photo_606497684,#N/A,4,4,Plesiocystiscus genecoani,Cryptomarasmius corbariensis,FALSE,,,Animalia,Fungi,Mollusca,Basidiomycota,Gastropoda,Agaricomycetes,Neogastropoda,Agaricales,Cystiscidae,Physalacriaceae,Plesiocystiscus,Cryptomarasmius,0.016299563,3,"[{""species"": ""Cystiscus aurantius"", ""common_name"": """", ""score"": 0.018295075744390488}, {""species"": ""Conus consors"", ""common_name"": ""Singed cone"", ""score"": 0.018011711537837982}, {""species"": ""Plesiocystiscus genecoani"", ""common_name"": """", ""score"": 0.01629956252872944}, {""species"": ""Conus daucus"", ""common_name"": ""Carrot cone"", ""score"": 0.0155076514929533}, {""species"": ""Conus coccineus"", ""common_name"": ""Berry cone"", ""score"": 0.01538215670734644}]"
obs_334025380_photo_606497684_box4.jpg,/rs1/researchers/a/amallav/results/outputs_crop/obs_334025380_photo_606497684_box4.jpg,obs_334025380_photo_606497684,#N/A,4,4,Conus daucus,Cryptomarasmius corbariensis,FALSE,,Carrot cone,Animalia,Fungi,Mollusca,Basidiomycota,Gastropoda,Agaricomycetes,Neogastropoda,Agaricales,Conidae,Physalacriaceae,Conus,Cryptomarasmius,0.015507651,4,"[{""species"": ""Cystiscus aurantius"", ""common_name"": """", ""score"": 0.018295075744390488}, {""species"": ""Conus consors"", ""common_name"": ""Singed cone"", ""score"": 0.018011711537837982}, {""species"": ""Plesiocystiscus genecoani"", ""common_name"": """", ""score"": 0.01629956252872944}, {""species"": ""Conus daucus"", ""common_name"": ""Carrot cone"", ""score"": 0.0155076514929533}, {""species"": ""Conus coccineus"", ""common_name"": ""Berry cone"", ""score"": 0.01538215670734644}]"
obs_334025380_photo_606497684_box4.jpg,/rs1/researchers/a/amallav/results/outputs_crop/obs_334025380_photo_606497684_box4.jpg,obs_334025380_photo_606497684,#N/A,4,4,Conus coccineus,Cryptomarasmius corbariensis,FALSE,,Berry cone,Animalia,Fungi,Mollusca,Basidiomycota,Gastropoda,Agaricomycetes,Neogastropoda,Agaricales,Conidae,Physalacriaceae,Conus,Cryptomarasmius,0.015382157,5,"[{""species"": ""Cystiscus aurantius"", ""common_name"": """", ""score"": 0.018295075744390488}, {""species"": ""Conus consors"", ""common_name"": ""Singed cone"", ""score"": 0.018011711537837982}, {""species"": ""Plesiocystiscus genecoani"", ""common_name"": """", ""score"": 0.01629956252872944}, {""species"": ""Conus daucus"", ""common_name"": ""Carrot cone"", ""score"": 0.0155076514929533}, {""species"": ""Conus coccineus"", ""common_name"": ""Berry cone"", ""score"": 0.01538215670734644}]"
obs_334025380_photo_606497684_box5.jpg,/rs1/researchers/a/amallav/results/outputs_crop/obs_334025380_photo_606497684_box5.jpg,obs_334025380_photo_606497684,#N/A,5,5,Homo naledi,Cryptomarasmius corbariensis,FALSE,,,Animalia,Fungi,Chordata,Basidiomycota,Mammalia,Agaricomycetes,Primates,Agaricales,Hominidae,Physalacriaceae,Homo,Cryptomarasmius,0.006418631,1,"[{""species"": ""Homo naledi"", ""common_name"": """", ""score"": 0.006418631412088871}, {""species"": ""Gasterophilus intestinalis"", ""common_name"": ""Horse botfly"", ""score"": 0.003587610786780715}, {""species"": ""Bathynomus giganteus"", ""common_name"": ""Giant isopod"", ""score"": 0.0035332569386810064}, {""species"": ""Phalium fimbria"", ""common_name"": ""Fringed bonnet"", ""score"": 0.0028891998808830976}, {""species"": ""Chrysolophus pictus"", ""common_name"": ""Golden pheasant"", ""score"": 0.002770916558802128}]"
obs_334025380_photo_606497684_box5.jpg,/rs1/researchers/a/amallav/results/outputs_crop/obs_334025380_photo_606497684_box5.jpg,obs_334025380_photo_606497684,#N/A,5,5,Gasterophilus intestinalis,Cryptomarasmius corbariensis,FALSE,,Horse botfly,Animalia,Fungi,Arthropoda,Basidiomycota,Insecta,Agaricomycetes,Diptera,Agaricales,Oestridae,Physalacriaceae,Gasterophilus,Cryptomarasmius,0.003587611,2,"[{""species"": ""Homo naledi"", ""common_name"": """", ""score"": 0.006418631412088871}, {""species"": ""Gasterophilus intestinalis"", ""common_name"": ""Horse botfly"", ""score"": 0.003587610786780715}, {""species"": ""Bathynomus giganteus"", ""common_name"": ""Giant isopod"", ""score"": 0.0035332569386810064}, {""species"": ""Phalium fimbria"", ""common_name"": ""Fringed bonnet"", ""score"": 0.0028891998808830976}, {""species"": ""Chrysolophus pictus"", ""common_name"": ""Golden pheasant"", ""score"": 0.002770916558802128}]"
obs_334025380_photo_606497684_box5.jpg,/rs1/researchers/a/amallav/results/outputs_crop/obs_334025380_photo_606497684_box5.jpg,obs_334025380_photo_606497684,#N/A,5,5,Bathynomus giganteus,Cryptomarasmius corbariensis,FALSE,,Giant isopod,Animalia,Fungi,Arthropoda,Basidiomycota,Malacostraca,Agaricomycetes,Isopoda,Agaricales,Cirolanidae,Physalacriaceae,Bathynomus,Cryptomarasmius,0.003533257,3,"[{""species"": ""Homo naledi"", ""common_name"": """", ""score"": 0.006418631412088871}, {""species"": ""Gasterophilus intestinalis"", ""common_name"": ""Horse botfly"", ""score"": 0.003587610786780715}, {""species"": ""Bathynomus giganteus"", ""common_name"": ""Giant isopod"", ""score"": 0.0035332569386810064}, {""species"": ""Phalium fimbria"", ""common_name"": ""Fringed bonnet"", ""score"": 0.0028891998808830976}, {""species"": ""Chrysolophus pictus"", ""common_name"": ""Golden pheasant"", ""score"": 0.002770916558802128}]"
obs_334025380_photo_606497684_box5.jpg,/rs1/researchers/a/amallav/results/outputs_crop/obs_334025380_photo_606497684_box5.jpg,obs_334025380_photo_606497684,#N/A,5,5,Phalium fimbria,Cryptomarasmius corbariensis,FALSE,,Fringed bonnet,Animalia,Fungi,Mollusca,Basidiomycota,Gastropoda,Agaricomycetes,Littorinimorpha,Agaricales,Cassidae,Physalacriaceae,Phalium,Cryptomarasmius,0.0028892,4,"[{""species"": ""Homo naledi"", ""common_name"": """", ""score"": 0.006418631412088871}, {""species"": ""Gasterophilus intestinalis"", ""common_name"": ""Horse botfly"", ""score"": 0.003587610786780715}, {""species"": ""Bathynomus giganteus"", ""common_name"": ""Giant isopod"", ""score"": 0.0035332569386810064}, {""species"": ""Phalium fimbria"", ""common_name"": ""Fringed bonnet"", ""score"": 0.0028891998808830976}, {""species"": ""Chrysolophus pictus"", ""common_name"": ""Golden pheasant"", ""score"": 0.002770916558802128}]"
obs_334025380_photo_606497684_box5.jpg,/rs1/researchers/a/amallav/results/outputs_crop/obs_334025380_photo_606497684_box5.jpg,obs_334025380_photo_606497684,#N/A,5,5,Chrysolophus pictus,Cryptomarasmius corbariensis,FALSE,,Golden pheasant,Animalia,Fungi,Chordata,Basidiomycota,Aves,Agaricomycetes,Galliformes,Agaricales,Phasianidae,Physalacriaceae,Chrysolophus,Cryptomarasmius,0.002770917,5,"[{""species"": ""Homo naledi"", ""common_name"": """", ""score"": 0.006418631412088871}, {""species"": ""Gasterophilus intestinalis"", ""common_name"": ""Horse botfly"", ""score"": 0.003587610786780715}, {""species"": ""Bathynomus giganteus"", ""common_name"": ""Giant isopod"", ""score"": 0.0035332569386810064}, {""species"": ""Phalium fimbria"", ""common_name"": ""Fringed bonnet"", ""score"": 0.0028891998808830976}, {""species"": ""Chrysolophus pictus"", ""common_name"": ""Golden pheasant"", ""score"": 0.002770916558802128}]"
obs_33435868_photo_52515163_box1.jpg,/rs1/researchers/a/amallav/results/outputs_crop/obs_33435868_photo_52515163_box1.jpg,obs_33435868_photo_52515163,#N/A,1,1,Ichthyomyzon castaneus,Paranemertes peregrina,FALSE,,Chestnut lamprey,Animalia,Animalia,Chordata,Nemertea,Petromyzonti,Hoplonemertea,Petromyzontiformes,Monostilifera,Petromyzontidae,Neesiidae,Ichthyomyzon,Paranemertes,0.198658243,1,"[{""species"": ""Ichthyomyzon castaneus"", ""common_name"": ""Chestnut lamprey"", ""score"": 0.19865824282169342}, {""species"": ""Petromyzon marinus"", ""common_name"": ""Sea lamprey"", ""score"": 0.13478858768939972}, {""species"": ""Entosphenus macrostomus"", ""common_name"": ""Lake lamprey"", ""score"": 0.08112338930368423}, {""species"": ""Ichthyomyzon bdellium"", ""common_name"": ""Ohio lamprey"", ""score"": 0.04274902120232582}, {""species"": ""Lampetra ayresii"", ""common_name"": ""River lamprey"", ""score"": 0.03797248378396034}]"
obs_33435868_photo_52515163_box1.jpg,/rs1/researchers/a/amallav/results/outputs_crop/obs_33435868_photo_52515163_box1.jpg,obs_33435868_photo_52515163,#N/A,1,1,Petromyzon marinus,Paranemertes peregrina,FALSE,,Sea lamprey,Animalia,Animalia,Chordata,Nemertea,Petromyzonti,Hoplonemertea,Petromyzontiformes,Monostilifera,Petromyzontidae,Neesiidae,Petromyzon,Paranemertes,0.134788588,2,"[{""species"": ""Ichthyomyzon castaneus"", ""common_name"": ""Chestnut lamprey"", ""score"": 0.19865824282169342}, {""species"": ""Petromyzon marinus"", ""common_name"": ""Sea lamprey"", ""score"": 0.13478858768939972}, {""species"": ""Entosphenus macrostomus"", ""common_name"": ""Lake lamprey"", ""score"": 0.08112338930368423}, {""species"": ""Ichthyomyzon bdellium"", ""common_name"": ""Ohio lamprey"", ""score"": 0.04274902120232582}, {""species"": ""Lampetra ayresii"", ""common_name"": ""River lamprey"", ""score"": 0.03797248378396034}]"
obs_33435868_photo_52515163_box1.jpg,/rs1/researchers/a/amallav/results/outputs_crop/obs_33435868_photo_52515163_box1.jpg,obs_33435868_photo_52515163,#N/A,1,1,Entosphenus macrostomus,Paranemertes peregrina,FALSE,,Lake lamprey,Animalia,Animalia,Chordata,Nemertea,Petromyzonti,Hoplonemertea,Petromyzontiformes,Monostilifera,Petromyzontidae,Neesiidae,Entosphenus,Paranemertes,0.081123389,3,"[{""species"": ""Ichthyomyzon castaneus"", ""common_name"": ""Chestnut lamprey"", ""score"": 0.19865824282169342}, {""species"": ""Petromyzon marinus"", ""common_name"": ""Sea lamprey"", ""score"": 0.13478858768939972}, {""species"": ""Entosphenus macrostomus"", ""common_name"": ""Lake lamprey"", ""score"": 0.08112338930368423}, {""species"": ""Ichthyomyzon bdellium"", ""common_name"": ""Ohio lamprey"", ""score"": 0.04274902120232582}, {""species"": ""Lampetra ayresii"", ""common_name"": ""River lamprey"", ""score"": 0.03797248378396034}]"
obs_33435868_photo_52515163_box1.jpg,/rs1/researchers/a/amallav/results/outputs_crop/obs_33435868_photo_52515163_box1.jpg,obs_33435868_photo_52515163,#N/A,1,1,Ichthyomyzon bdellium,Paranemertes peregrina,FALSE,,Ohio lamprey,Animalia,Animalia,Chordata,Nemertea,Petromyzonti,Hoplonemertea,Petromyzontiformes,Monostilifera,Petromyzontidae,Neesiidae,Ichthyomyzon,Paranemertes,0.042749021,4,"[{""species"": ""Ichthyomyzon castaneus"", ""common_name"": ""Chestnut lamprey"", ""score"": 0.19865824282169342}, {""species"": ""Petromyzon marinus"", ""common_name"": ""Sea lamprey"", ""score"": 0.13478858768939972}, {""species"": ""Entosphenus macrostomus"", ""common_name"": ""Lake lamprey"", ""score"": 0.08112338930368423}, {""species"": ""Ichthyomyzon bdellium"", ""common_name"": ""Ohio lamprey"", ""score"": 0.04274902120232582}, {""species"": ""Lampetra ayresii"", ""common_name"": ""River lamprey"", ""score"": 0.03797248378396034}]"
obs_33435868_photo_52515163_box1.jpg,/rs1/researchers/a/amallav/results/outputs_crop/obs_33435868_photo_52515163_box1.jpg,obs_33435868_photo_52515163,#N/A,1,1,Lampetra ayresii,Paranemertes peregrina,FALSE,,River lamprey,Animalia,Animalia,Chordata,Nemertea,Petromyzonti,Hoplonemertea,Petromyzontiformes,Monostilifera,Petromyzontidae,Neesiidae,Lampetra,Paranemertes,0.037972484,5,"[{""species"": ""Ichthyomyzon castaneus"", ""common_name"": ""Chestnut lamprey"", ""score"": 0.19865824282169342}, {""species"": ""Petromyzon marinus"", ""common_name"": ""Sea lamprey"", ""score"": 0.13478858768939972}, {""species"": ""Entosphenus macrostomus"", ""common_name"": ""Lake lamprey"", ""score"": 0.08112338930368423}, {""species"": ""Ichthyomyzon bdellium"", ""common_name"": ""Ohio lamprey"", ""score"": 0.04274902120232582}, {""species"": ""Lampetra ayresii"", ""common_name"": ""River lamprey"", ""score"": 0.03797248378396034}]"
obs_33435868_photo_52515163_box2.jpg,/rs1/researchers/a/amallav/results/outputs_crop/obs_33435868_photo_52515163_box2.jpg,obs_33435868_photo_52515163,#N/A,2,2,Ichthyomyzon castaneus,Paranemertes peregrina,FALSE,,Chestnut lamprey,Animalia,Animalia,Chordata,Nemertea,Petromyzonti,Hoplonemertea,Petromyzontiformes,Monostilifera,Petromyzontidae,Neesiidae,Ichthyomyzon,Paranemertes,0.178233683,1,"[{""species"": ""Ichthyomyzon castaneus"", ""common_name"": ""Chestnut lamprey"", ""score"": 0.17823368310928345}, {""species"": ""Petromyzon marinus"", ""common_name"": ""Sea lamprey"", ""score"": 0.12267766892910004}, {""species"": ""Entosphenus macrostomus"", ""common_name"": ""Lake lamprey"", ""score"": 0.08152914047241211}, {""species"": ""Ichthyomyzon greeleyi"", ""common_name"": ""Mountain brook lamprey"", ""score"": 0.036416493356227875}, {""species"": ""Ichthyomyzon bdellium"", ""common_name"": ""Ohio lamprey"", ""score"": 0.028948822990059853}]"
obs_33435868_photo_52515163_box2.jpg,/rs1/researchers/a/amallav/results/outputs_crop/obs_33435868_photo_52515163_box2.jpg,obs_33435868_photo_52515163,#N/A,2,2,Petromyzon marinus,Paranemertes peregrina,FALSE,,Sea lamprey,Animalia,Animalia,Chordata,Nemertea,Petromyzonti,Hoplonemertea,Petromyzontiformes,Monostilifera,Petromyzontidae,Neesiidae,Petromyzon,Paranemertes,0.122677669,2,"[{""species"": ""Ichthyomyzon castaneus"", ""common_name"": ""Chestnut lamprey"", ""score"": 0.17823368310928345}, {""species"": ""Petromyzon marinus"", ""common_name"": ""Sea lamprey"", ""score"": 0.12267766892910004}, {""species"": ""Entosphenus macrostomus"", ""common_name"": ""Lake lamprey"", ""score"": 0.08152914047241211}, {""species"": ""Ichthyomyzon greeleyi"", ""common_name"": ""Mountain brook lamprey"", ""score"": 0.036416493356227875}, {""species"": ""Ichthyomyzon bdellium"", ""common_name"": ""Ohio lamprey"", ""score"": 0.028948822990059853}]"
obs_33435868_photo_52515163_box2.jpg,/rs1/researchers/a/amallav/results/outputs_crop/obs_33435868_photo_52515163_box2.jpg,obs_33435868_photo_52515163,#N/A,2,2,Entosphenus macrostomus,Paranemertes peregrina,FALSE,,Lake lamprey,Animalia,Animalia,Chordata,Nemertea,Petromyzonti,Hoplonemertea,Petromyzontiformes,Monostilifera,Petromyzontidae,Neesiidae,Entosphenus,Paranemertes,0.08152914,3,"[{""species"": ""Ichthyomyzon castaneus"", ""common_name"": ""Chestnut lamprey"", ""score"": 0.17823368310928345}, {""species"": ""Petromyzon marinus"", ""common_name"": ""Sea lamprey"", ""score"": 0.12267766892910004}, {""species"": ""Entosphenus macrostomus"", ""common_name"": ""Lake lamprey"", ""score"": 0.08152914047241211}, {""species"": ""Ichthyomyzon greeleyi"", ""common_name"": ""Mountain brook lamprey"", ""score"": 0.036416493356227875}, {""species"": ""Ichthyomyzon bdellium"", ""common_name"": ""Ohio lamprey"", ""score"": 0.028948822990059853}]"
obs_33435868_photo_52515163_box2.jpg,/rs1/researchers/a/amallav/results/outputs_crop/obs_33435868_photo_52515163_box2.jpg,obs_33435868_photo_52515163,#N/A,2,2,Ichthyomyzon greeleyi,Paranemertes peregrina,FALSE,,Mountain brook lamprey,Animalia,Animalia,Chordata,Nemertea,Petromyzonti,Hoplonemertea,Petromyzontiformes,Monostilifera,Petromyzontidae,Neesiidae,Ichthyomyzon,Paranemertes,0.036416493,4,"[{""species"": ""Ichthyomyzon castaneus"", ""common_name"": ""Chestnut lamprey"", ""score"": 0.17823368310928345}, {""species"": ""Petromyzon marinus"", ""common_name"": ""Sea lamprey"", ""score"": 0.12267766892910004}, {""species"": ""Entosphenus macrostomus"", ""common_name"": ""Lake lamprey"", ""score"": 0.08152914047241211}, {""species"": ""Ichthyomyzon greeleyi"", ""common_name"": ""Mountain brook lamprey"", ""score"": 0.036416493356227875}, {""species"": ""Ichthyomyzon bdellium"", ""common_name"": ""Ohio lamprey"", ""score"": 0.028948822990059853}]"
obs_33435868_photo_52515163_box2.jpg,/rs1/researchers/a/amallav/results/outputs_crop/obs_33435868_photo_52515163_box2.jpg,obs_33435868_photo_52515163,#N/A,2,2,Ichthyomyzon bdellium,Paranemertes peregrina,FALSE,,Ohio lamprey,Animalia,Animalia,Chordata,Nemertea,Petromyzonti,Hoplonemertea,Petromyzontiformes,Monostilifera,Petromyzontidae,Neesiidae,Ichthyomyzon,Paranemertes,0.028948823,5,"[{""species"": ""Ichthyomyzon castaneus"", ""common_name"": ""Chestnut lamprey"", ""score"": 0.17823368310928345}, {""species"": ""Petromyzon marinus"", ""common_name"": ""Sea lamprey"", ""score"": 0.12267766892910004}, {""species"": ""Entosphenus macrostomus"", ""common_name"": ""Lake lamprey"", ""score"": 0.08152914047241211}, {""species"": ""Ichthyomyzon greeleyi"", ""common_name"": ""Mountain brook lamprey"", ""score"": 0.036416493356227875}, {""species"": ""Ichthyomyzon bdellium"", ""common_name"": ""Ohio lamprey"", ""score"": 0.028948822990059853}]"
obs_33435868_photo_52515163_box3.jpg,/rs1/researchers/a/amallav/results/outputs_crop/obs_33435868_photo_52515163_box3.jpg,obs_33435868_photo_52515163,#N/A,3,3,Paranemertes peregrina,Paranemertes peregrina,TRUE,,,Animalia,Animalia,Nemertea,Nemertea,Hoplonemertea,Hoplonemertea,Monostilifera,Monostilifera,Neesiidae,Neesiidae,Paranemertes,Paranemertes,0.070334867,1,"[{""species"": ""Paranemertes peregrina"", ""common_name"": """", ""score"": 0.07033486664295197}, {""species"": ""Erpobdella octoculata"", ""common_name"": ""Leeches"", ""score"": 0.06388495117425919}, {""species"": ""Tetrastemma vermiculus"", ""common_name"": ""fartrand"", ""score"": 0.03459718078374863}, {""species"": ""Emplectonema derjugini"", ""common_name"": """", ""score"": 0.026578031480312347}, {""species"": ""Tetrastemma signifer"", ""common_name"": """", ""score"": 0.02445029653608799}]"
obs_33435868_photo_52515163_box3.jpg,/rs1/researchers/a/amallav/results/outputs_crop/obs_33435868_photo_52515163_box3.jpg,obs_33435868_photo_52515163,#N/A,3,3,Erpobdella octoculata,Paranemertes peregrina,FALSE,,Leeches,Animalia,Animalia,Annelida,Nemertea,Clitellata,Hoplonemertea,Arhynchobdellida,Monostilifera,Erpobdellidae,Neesiidae,Erpobdella,Paranemertes,0.063884951,2,"[{""species"": ""Paranemertes peregrina"", ""common_name"": """", ""score"": 0.07033486664295197}, {""species"": ""Erpobdella octoculata"", ""common_name"": ""Leeches"", ""score"": 0.06388495117425919}, {""species"": ""Tetrastemma vermiculus"", ""common_name"": ""fartrand"", ""score"": 0.03459718078374863}, {""species"": ""Emplectonema derjugini"", ""common_name"": """", ""score"": 0.026578031480312347}, {""species"": ""Tetrastemma signifer"", ""common_name"": """", ""score"": 0.02445029653608799}]"
obs_33435868_photo_52515163_box3.jpg,/rs1/researchers/a/amallav/results/outputs_crop/obs_33435868_photo_52515163_box3.jpg,obs_33435868_photo_52515163,#N/A,3,3,Tetrastemma vermiculus,Paranemertes peregrina,FALSE,,fartrand,Animalia,Animalia,Nemertea,Nemertea,Hoplonemertea,Hoplonemertea,Monostilifera,Monostilifera,Tetrastemmatidae,Neesiidae,Tetrastemma,Paranemertes,0.034597181,3,"[{""species"": ""Paranemertes peregrina"", ""common_name"": """", ""score"": 0.07033486664295197}, {""species"": ""Erpobdella octoculata"", ""common_name"": ""Leeches"", ""score"": 0.06388495117425919}, {""species"": ""Tetrastemma vermiculus"", ""common_name"": ""fartrand"", ""score"": 0.03459718078374863}, {""species"": ""Emplectonema derjugini"", ""common_name"": """", ""score"": 0.026578031480312347}, {""species"": ""Tetrastemma signifer"", ""common_name"": """", ""score"": 0.02445029653608799}]"
obs_33435868_photo_52515163_box3.jpg,/rs1/researchers/a/amallav/results/outputs_crop/obs_33435868_photo_52515163_box3.jpg,obs_33435868_photo_52515163,#N/A,3,3,Emplectonema derjugini,Paranemertes peregrina,FALSE,,,Animalia,Animalia,Nemertea,Nemertea,Hoplonemertea,Hoplonemertea,Monostilifera,Monostilifera,Emplectonematidae,Neesiidae,Emplectonema,Paranemertes,0.026578031,4,"[{""species"": ""Paranemertes peregrina"", ""common_name"": """", ""score"": 0.07033486664295197}, {""species"": ""Erpobdella octoculata"", ""common_name"": ""Leeches"", ""score"": 0.06388495117425919}, {""species"": ""Tetrastemma vermiculus"", ""common_name"": ""fartrand"", ""score"": 0.03459718078374863}, {""species"": ""Emplectonema derjugini"", ""common_name"": """", ""score"": 0.026578031480312347}, {""species"": ""Tetrastemma signifer"", ""common_name"": """", ""score"": 0.02445029653608799}]"
obs_33435868_photo_52515163_box3.jpg,/rs1/researchers/a/amallav/results/outputs_crop/obs_33435868_photo_52515163_box3.jpg,obs_33435868_photo_52515163,#N/A,3,3,Tetrastemma signifer,Paranemertes peregrina,FALSE,,,Animalia,Animalia,Nemertea,Nemertea,Hoplonemertea,Hoplonemertea,Monostilifera,Monostilifera,Tetrastemmatidae,Neesiidae,Tetrastemma,Paranemertes,0.024450297,5,"[{""species"": ""Paranemertes peregrina"", ""common_name"": """", ""score"": 0.07033486664295197}, {""species"": ""Erpobdella octoculata"", ""common_name"": ""Leeches"", ""score"": 0.06388495117425919}, {""species"": ""Tetrastemma vermiculus"", ""common_name"": ""fartrand"", ""score"": 0.03459718078374863}, {""species"": ""Emplectonema derjugini"", ""common_name"": """", ""score"": 0.026578031480312347}, {""species"": ""Tetrastemma signifer"", ""common_name"": """", ""score"": 0.02445029653608799}]"
obs_334758419_photo_607987821_box1.jpg,/rs1/researchers/a/amallav/results/outputs_crop/obs_334758419_photo_607987821_box1.jpg,obs_334758419_photo_607987821,#N/A,1,1,Illosporiopsis christiansenii,Illosporiopsis christiansenii,TRUE,,,Fungi,Fungi,Ascomycota,Ascomycota,Sordariomycetes,Sordariomycetes,Hypocreales,Hypocreales,,0,Illosporiopsis,Illosporiopsis,0.867868781,1,"[{""species"": ""Illosporiopsis christiansenii"", ""common_name"": """", ""score"": 0.8678687810897827}, {""species"": ""Marchandiomyces corallinus"", ""common_name"": """", ""score"": 0.02813613973557949}, {""species"": ""Hyperphyscia syncolla"", ""common_name"": """", ""score"": 0.0026503431145101786}, {""species"": ""Physcia crispa"", ""common_name"": """", ""score"": 0.0020555404480546713}, {""species"": ""Ovicuculispora parmeliae"", ""common_name"": """", ""score"": 0.0018880985444411635}]"
obs_334758419_photo_607987821_box1.jpg,/rs1/researchers/a/amallav/results/outputs_crop/obs_334758419_photo_607987821_box1.jpg,obs_334758419_photo_607987821,#N/A,1,1,Marchandiomyces corallinus,Illosporiopsis christiansenii,FALSE,,,Fungi,Fungi,Basidiomycota,Ascomycota,Agaricomycetes,Sordariomycetes,Corticiales,Hypocreales,Corticiaceae,0,Marchandiomyces,Illosporiopsis,0.02813614,2,"[{""species"": ""Illosporiopsis christiansenii"", ""common_name"": """", ""score"": 0.8678687810897827}, {""species"": ""Marchandiomyces corallinus"", ""common_name"": """", ""score"": 0.02813613973557949}, {""species"": ""Hyperphyscia syncolla"", ""common_name"": """", ""score"": 0.0026503431145101786}, {""species"": ""Physcia crispa"", ""common_name"": """", ""score"": 0.0020555404480546713}, {""species"": ""Ovicuculispora parmeliae"", ""common_name"": """", ""score"": 0.0018880985444411635}]"
obs_334758419_photo_607987821_box1.jpg,/rs1/researchers/a/amallav/results/outputs_crop/obs_334758419_photo_607987821_box1.jpg,obs_334758419_photo_607987821,#N/A,1,1,Hyperphyscia syncolla,Illosporiopsis christiansenii,FALSE,,,Fungi,Fungi,Ascomycota,Ascomycota,Lecanoromycetes,Sordariomycetes,Caliciales,Hypocreales,Physciaceae,0,Hyperphyscia,Illosporiopsis,0.002650343,3,"[{""species"": ""Illosporiopsis christiansenii"", ""common_name"": """", ""score"": 0.8678687810897827}, {""species"": ""Marchandiomyces corallinus"", ""common_name"": """", ""score"": 0.02813613973557949}, {""species"": ""Hyperphyscia syncolla"", ""common_name"": """", ""score"": 0.0026503431145101786}, {""species"": ""Physcia crispa"", ""common_name"": """", ""score"": 0.0020555404480546713}, {""species"": ""Ovicuculispora parmeliae"", ""common_name"": """", ""score"": 0.0018880985444411635}]"
obs_334758419_photo_607987821_box1.jpg,/rs1/researchers/a/amallav/results/outputs_crop/obs_334758419_photo_607987821_box1.jpg,obs_334758419_photo_607987821,#N/A,1,1,Physcia crispa,Illosporiopsis christiansenii,FALSE,,,Fungi,Fungi,Ascomycota,Ascomycota,Lecanoromycetes,Sordariomycetes,Caliciales,Hypocreales,Physciaceae,0,Physcia,Illosporiopsis,0.00205554,4,"[{""species"": ""Illosporiopsis christiansenii"", ""common_name"": """", ""score"": 0.8678687810897827}, {""species"": ""Marchandiomyces corallinus"", ""common_name"": """", ""score"": 0.02813613973557949}, {""species"": ""Hyperphyscia syncolla"", ""common_name"": """", ""score"": 0.0026503431145101786}, {""species"": ""Physcia crispa"", ""common_name"": """", ""score"": 0.0020555404480546713}, {""species"": ""Ovicuculispora parmeliae"", ""common_name"": """", ""score"": 0.0018880985444411635}]"
obs_334758419_photo_607987821_box1.jpg,/rs1/researchers/a/amallav/results/outputs_crop/obs_334758419_photo_607987821_box1.jpg,obs_334758419_photo_607987821,#N/A,1,1,Ovicuculispora parmeliae,Illosporiopsis christiansenii,FALSE,,,Fungi,Fungi,Ascomycota,Ascomycota,Sordariomycetes,Sordariomycetes,Hypocreales,Hypocreales,Bionectriaceae,0,Ovicuculispora,Illosporiopsis,0.001888099,5,"[{""species"": ""Illosporiopsis christiansenii"", ""common_name"": """", ""score"": 0.8678687810897827}, {""species"": ""Marchandiomyces corallinus"", ""common_name"": """", ""score"": 0.02813613973557949}, {""species"": ""Hyperphyscia syncolla"", ""common_name"": """", ""score"": 0.0026503431145101786}, {""species"": ""Physcia crispa"", ""common_name"": """", ""score"": 0.0020555404480546713}, {""species"": ""Ovicuculispora parmeliae"", ""common_name"": """", ""score"": 0.0018880985444411635}]"
obs_334758419_photo_607987821_box2.jpg,/rs1/researchers/a/amallav/results/outputs_crop/obs_334758419_photo_607987821_box2.jpg,obs_334758419_photo_607987821,#N/A,2,2,Xanthoparmelia protomatrae,Illosporiopsis christiansenii,FALSE,,,Fungi,Fungi,Ascomycota,Ascomycota,Lecanoromycetes,Sordariomycetes,Lecanorales,Hypocreales,Parmeliaceae,0,Xanthoparmelia,Illosporiopsis,0.095378518,1,"[{""species"": ""Xanthoparmelia protomatrae"", ""common_name"": """", ""score"": 0.09537851810455322}, {""species"": ""Physcia crispa"", ""common_name"": """", ""score"": 0.0357784777879715}, {""species"": ""Xanthoparmelia angustiphylla"", ""common_name"": """", ""score"": 0.03214486315846443}, {""species"": ""Xanthoparmelia dierythra"", ""common_name"": """", ""score"": 0.02808820642530918}, {""species"": ""Xanthoparmelia aggregata"", ""common_name"": """", ""score"": 0.026700923219323158}]"
obs_334758419_photo_607987821_box2.jpg,/rs1/researchers/a/amallav/results/outputs_crop/obs_334758419_photo_607987821_box2.jpg,obs_334758419_photo_607987821,#N/A,2,2,Physcia crispa,Illosporiopsis christiansenii,FALSE,,,Fungi,Fungi,Ascomycota,Ascomycota,Lecanoromycetes,Sordariomycetes,Caliciales,Hypocreales,Physciaceae,0,Physcia,Illosporiopsis,0.035778478,2,"[{""species"": ""Xanthoparmelia protomatrae"", ""common_name"": """", ""score"": 0.09537851810455322}, {""species"": ""Physcia crispa"", ""common_name"": """", ""score"": 0.0357784777879715}, {""species"": ""Xanthoparmelia angustiphylla"", ""common_name"": """", ""score"": 0.03214486315846443}, {""species"": ""Xanthoparmelia dierythra"", ""common_name"": """", ""score"": 0.02808820642530918}, {""species"": ""Xanthoparmelia aggregata"", ""common_name"": """", ""score"": 0.026700923219323158}]"
obs_334758419_photo_607987821_box2.jpg,/rs1/researchers/a/amallav/results/outputs_crop/obs_334758419_photo_607987821_box2.jpg,obs_334758419_photo_607987821,#N/A,2,2,Xanthoparmelia angustiphylla,Illosporiopsis christiansenii,FALSE,,,Fungi,Fungi,Ascomycota,Ascomycota,Lecanoromycetes,Sordariomycetes,Lecanorales,Hypocreales,Parmeliaceae,0,Xanthoparmelia,Illosporiopsis,0.032144863,3,"[{""species"": ""Xanthoparmelia protomatrae"", ""common_name"": """", ""score"": 0.09537851810455322}, {""species"": ""Physcia crispa"", ""common_name"": """", ""score"": 0.0357784777879715}, {""species"": ""Xanthoparmelia angustiphylla"", ""common_name"": """", ""score"": 0.03214486315846443}, {""species"": ""Xanthoparmelia dierythra"", ""common_name"": """", ""score"": 0.02808820642530918}, {""species"": ""Xanthoparmelia aggregata"", ""common_name"": """", ""score"": 0.026700923219323158}]"
obs_334758419_photo_607987821_box2.jpg,/rs1/researchers/a/amallav/results/outputs_crop/obs_334758419_photo_607987821_box2.jpg,obs_334758419_photo_607987821,#N/A,2,2,Xanthoparmelia dierythra,Illosporiopsis christiansenii,FALSE,,,Fungi,Fungi,Ascomycota,Ascomycota,Lecanoromycetes,Sordariomycetes,Lecanorales,Hypocreales,Parmeliaceae,0,Xanthoparmelia,Illosporiopsis,0.028088206,4,"[{""species"": ""Xanthoparmelia protomatrae"", ""common_name"": """", ""score"": 0.09537851810455322}, {""species"": ""Physcia crispa"", ""common_name"": """", ""score"": 0.0357784777879715}, {""species"": ""Xanthoparmelia angustiphylla"", ""common_name"": """", ""score"": 0.03214486315846443}, {""species"": ""Xanthoparmelia dierythra"", ""common_name"": """", ""score"": 0.02808820642530918}, {""species"": ""Xanthoparmelia aggregata"", ""common_name"": """", ""score"": 0.026700923219323158}]"
obs_334758419_photo_607987821_box2.jpg,/rs1/researchers/a/amallav/results/outputs_crop/obs_334758419_photo_607987821_box2.jpg,obs_334758419_photo_607987821,#N/A,2,2,Xanthoparmelia aggregata,Illosporiopsis christiansenii,FALSE,,,Fungi,Fungi,Ascomycota,Ascomycota,Lecanoromycetes,Sordariomycetes,Lecanorales,Hypocreales,Parmeliaceae,0,Xanthoparmelia,Illosporiopsis,0.026700923,5,"[{""species"": ""Xanthoparmelia protomatrae"", ""common_name"": """", ""score"": 0.09537851810455322}, {""species"": ""Physcia crispa"", ""common_name"": """", ""score"": 0.0357784777879715}, {""species"": ""Xanthoparmelia angustiphylla"", ""common_name"": """", ""score"": 0.03214486315846443}, {""species"": ""Xanthoparmelia dierythra"", ""common_name"": """", ""score"": 0.02808820642530918}, {""species"": ""Xanthoparmelia aggregata"", ""common_name"": """", ""score"": 0.026700923219323158}]"
obs_334758419_photo_607987821_box3.jpg,/rs1/researchers/a/amallav/results/outputs_crop/obs_334758419_photo_607987821_box3.jpg,obs_334758419_photo_607987821,#N/A,3,3,Umbilicaria umbilicarioides,Illosporiopsis christiansenii,FALSE,,,Fungi,Fungi,Ascomycota,Ascomycota,Lecanoromycetes,Sordariomycetes,Umbilicariales,Hypocreales,Umbilicariaceae,0,Umbilicaria,Illosporiopsis,0.02938062,1,"[{""species"": ""Umbilicaria umbilicarioides"", ""common_name"": """", ""score"": 0.029380619525909424}, {""species"": ""Neoalbatrellus caeruleoporus"", ""common_name"": ""Blue polypore"", ""score"": 0.019855063408613205}, {""species"": ""Dermatocarpon reticulatum"", ""common_name"": """", ""score"": 0.01814262755215168}, {""species"": ""Leptogium menziesii"", ""common_name"": """", ""score"": 0.016372626647353172}, {""species"": ""Umbilicaria polyphylla"", ""common_name"": ""Petalled rocktripe lichen"", ""score"": 0.014659654349088669}]"
obs_334758419_photo_607987821_box3.jpg,/rs1/researchers/a/amallav/results/outputs_crop/obs_334758419_photo_607987821_box3.jpg,obs_334758419_photo_607987821,#N/A,3,3,Neoalbatrellus caeruleoporus,Illosporiopsis christiansenii,FALSE,,Blue polypore,Fungi,Fungi,Basidiomycota,Ascomycota,Agaricomycetes,Sordariomycetes,Russulales,Hypocreales,Albatrellaceae,0,Neoalbatrellus,Illosporiopsis,0.019855063,2,"[{""species"": ""Umbilicaria umbilicarioides"", ""common_name"": """", ""score"": 0.029380619525909424}, {""species"": ""Neoalbatrellus caeruleoporus"", ""common_name"": ""Blue polypore"", ""score"": 0.019855063408613205}, {""species"": ""Dermatocarpon reticulatum"", ""common_name"": """", ""score"": 0.01814262755215168}, {""species"": ""Leptogium menziesii"", ""common_name"": """", ""score"": 0.016372626647353172}, {""species"": ""Umbilicaria polyphylla"", ""common_name"": ""Petalled rocktripe lichen"", ""score"": 0.014659654349088669}]"
obs_334758419_photo_607987821_box3.jpg,/rs1/researchers/a/amallav/results/outputs_crop/obs_334758419_photo_607987821_box3.jpg,obs_334758419_photo_607987821,#N/A,3,3,Dermatocarpon reticulatum,Illosporiopsis christiansenii,FALSE,,,Fungi,Fungi,Ascomycota,Ascomycota,Eurotiomycetes,Sordariomycetes,Verrucariales,Hypocreales,Verrucariaceae,0,Dermatocarpon,Illosporiopsis,0.018142628,3,"[{""species"": ""Umbilicaria umbilicarioides"", ""common_name"": """", ""score"": 0.029380619525909424}, {""species"": ""Neoalbatrellus caeruleoporus"", ""common_name"": ""Blue polypore"", ""score"": 0.019855063408613205}, {""species"": ""Dermatocarpon reticulatum"", ""common_name"": """", ""score"": 0.01814262755215168}, {""species"": ""Leptogium menziesii"", ""common_name"": """", ""score"": 0.016372626647353172}, {""species"": ""Umbilicaria polyphylla"", ""common_name"": ""Petalled rocktripe lichen"", ""score"": 0.014659654349088669}]"
obs_334758419_photo_607987821_box3.jpg,/rs1/researchers/a/amallav/results/outputs_crop/obs_334758419_photo_607987821_box3.jpg,obs_334758419_photo_607987821,#N/A,3,3,Leptogium menziesii,Illosporiopsis christiansenii,FALSE,,,Fungi,Fungi,Ascomycota,Ascomycota,Lecanoromycetes,Sordariomycetes,Peltigerales,Hypocreales,Collemataceae,0,Leptogium,Illosporiopsis,0.016372627,4,"[{""species"": ""Umbilicaria umbilicarioides"", ""common_name"": """", ""score"": 0.029380619525909424}, {""species"": ""Neoalbatrellus caeruleoporus"", ""common_name"": ""Blue polypore"", ""score"": 0.019855063408613205}, {""species"": ""Dermatocarpon reticulatum"", ""common_name"": """", ""score"": 0.01814262755215168}, {""species"": ""Leptogium menziesii"", ""common_name"": """", ""score"": 0.016372626647353172}, {""species"": ""Umbilicaria polyphylla"", ""common_name"": ""Petalled rocktripe lichen"", ""score"": 0.014659654349088669}]"
obs_334758419_photo_607987821_box3.jpg,/rs1/researchers/a/amallav/results/outputs_crop/obs_334758419_photo_607987821_box3.jpg,obs_334758419_photo_607987821,#N/A,3,3,Umbilicaria polyphylla,Illosporiopsis christiansenii,FALSE,,Petalled rocktripe lichen,Fungi,Fungi,Ascomycota,Ascomycota,Lecanoromycetes,Sordariomycetes,Umbilicariales,Hypocreales,Umbilicariaceae,0,Umbilicaria,Illosporiopsis,0.014659654,5,"[{""species"": ""Umbilicaria umbilicarioides"", ""common_name"": """", ""score"": 0.029380619525909424}, {""species"": ""Neoalbatrellus caeruleoporus"", ""common_name"": ""Blue polypore"", ""score"": 0.019855063408613205}, {""species"": ""Dermatocarpon reticulatum"", ""common_name"": """", ""score"": 0.01814262755215168}, {""species"": ""Leptogium menziesii"", ""common_name"": """", ""score"": 0.016372626647353172}, {""species"": ""Umbilicaria polyphylla"", ""common_name"": ""Petalled rocktripe lichen"", ""score"": 0.014659654349088669}]"
obs_334758419_photo_607987821_box4.jpg,/rs1/researchers/a/amallav/results/outputs_crop/obs_334758419_photo_607987821_box4.jpg,obs_334758419_photo_607987821,#N/A,4,4,Trididemnum cyanophorum,Illosporiopsis christiansenii,FALSE,,,Animalia,Fungi,Chordata,Ascomycota,Ascidiacea,Sordariomycetes,Aplousobranchia,Hypocreales,Didemnidae,0,Trididemnum,Illosporiopsis,0.083406739,1,"[{""species"": ""Trididemnum cyanophorum"", ""common_name"": """", ""score"": 0.08340673893690109}, {""species"": ""Pseudobiceros uniarborensis"", ""common_name"": ""Flatworm"", ""score"": 0.02268916182219982}, {""species"": ""Heliopora coerulea"", ""common_name"": ""Blue coral"", ""score"": 0.022669434547424316}, {""species"": ""Pseudoceros bicolor"", ""common_name"": ""Bicolored flatworm"", ""score"": 0.017359659075737}, {""species"": ""Tridacna crocea"", ""common_name"": ""Boring clam"", ""score"": 0.012016154825687408}]"
obs_334758419_photo_607987821_box4.jpg,/rs1/researchers/a/amallav/results/outputs_crop/obs_334758419_photo_607987821_box4.jpg,obs_334758419_photo_607987821,#N/A,4,4,Pseudobiceros uniarborensis,Illosporiopsis christiansenii,FALSE,,Flatworm,Animalia,Fungi,Platyhelminthes,Ascomycota,Turbellaria,Sordariomycetes,,Hypocreales,Pseudocerotidae,0,Pseudobiceros,Illosporiopsis,0.022689162,2,"[{""species"": ""Trididemnum cyanophorum"", ""common_name"": """", ""score"": 0.08340673893690109}, {""species"": ""Pseudobiceros uniarborensis"", ""common_name"": ""Flatworm"", ""score"": 0.02268916182219982}, {""species"": ""Heliopora coerulea"", ""common_name"": ""Blue coral"", ""score"": 0.022669434547424316}, {""species"": ""Pseudoceros bicolor"", ""common_name"": ""Bicolored flatworm"", ""score"": 0.017359659075737}, {""species"": ""Tridacna crocea"", ""common_name"": ""Boring clam"", ""score"": 0.012016154825687408}]"
obs_334758419_photo_607987821_box4.jpg,/rs1/researchers/a/amallav/results/outputs_crop/obs_334758419_photo_607987821_box4.jpg,obs_334758419_photo_607987821,#N/A,4,4,Heliopora coerulea,Illosporiopsis christiansenii,FALSE,,Blue coral,Animalia,Fungi,Cnidaria,Ascomycota,Anthozoa,Sordariomycetes,Scleralcyonacea,Hypocreales,Helioporidae,0,Heliopora,Illosporiopsis,0.022669435,3,"[{""species"": ""Trididemnum cyanophorum"", ""common_name"": """", ""score"": 0.08340673893690109}, {""species"": ""Pseudobiceros uniarborensis"", ""common_name"": ""Flatworm"", ""score"": 0.02268916182219982}, {""species"": ""Heliopora coerulea"", ""common_name"": ""Blue coral"", ""score"": 0.022669434547424316}, {""species"": ""Pseudoceros bicolor"", ""common_name"": ""Bicolored flatworm"", ""score"": 0.017359659075737}, {""species"": ""Tridacna crocea"", ""common_name"": ""Boring clam"", ""score"": 0.012016154825687408}]"
obs_334758419_photo_607987821_box4.jpg,/rs1/researchers/a/amallav/results/outputs_crop/obs_334758419_photo_607987821_box4.jpg,obs_334758419_photo_607987821,#N/A,4,4,Pseudoceros bicolor,Illosporiopsis christiansenii,FALSE,,Bicolored flatworm,Animalia,Fungi,Platyhelminthes,Ascomycota,Turbellaria,Sordariomycetes,,Hypocreales,Pseudocerotidae,0,Pseudoceros,Illosporiopsis,0.017359659,4,"[{""species"": ""Trididemnum cyanophorum"", ""common_name"": """", ""score"": 0.08340673893690109}, {""species"": ""Pseudobiceros uniarborensis"", ""common_name"": ""Flatworm"", ""score"": 0.02268916182219982}, {""species"": ""Heliopora coerulea"", ""common_name"": ""Blue coral"", ""score"": 0.022669434547424316}, {""species"": ""Pseudoceros bicolor"", ""common_name"": ""Bicolored flatworm"", ""score"": 0.017359659075737}, {""species"": ""Tridacna crocea"", ""common_name"": ""Boring clam"", ""score"": 0.012016154825687408}]"
obs_334758419_photo_607987821_box4.jpg,/rs1/researchers/a/amallav/results/outputs_crop/obs_334758419_photo_607987821_box4.jpg,obs_334758419_photo_607987821,#N/A,4,4,Tridacna crocea,Illosporiopsis christiansenii,FALSE,,Boring clam,Animalia,Fungi,Mollusca,Ascomycota,Bivalvia,Sordariomycetes,Cardiida,Hypocreales,Cardiidae,0,Tridacna,Illosporiopsis,0.012016155,5,"[{""species"": ""Trididemnum cyanophorum"", ""common_name"": """", ""score"": 0.08340673893690109}, {""species"": ""Pseudobiceros uniarborensis"", ""common_name"": ""Flatworm"", ""score"": 0.02268916182219982}, {""species"": ""Heliopora coerulea"", ""common_name"": ""Blue coral"", ""score"": 0.022669434547424316}, {""species"": ""Pseudoceros bicolor"", ""common_name"": ""Bicolored flatworm"", ""score"": 0.017359659075737}, {""species"": ""Tridacna crocea"", ""common_name"": ""Boring clam"", ""score"": 0.012016154825687408}]"
obs_334758419_photo_607987821_box5.jpg,/rs1/researchers/a/amallav/results/outputs_crop/obs_334758419_photo_607987821_box5.jpg,obs_334758419_photo_607987821,#N/A,5,5,Illosporiopsis christiansenii,Illosporiopsis christiansenii,TRUE,,,Fungi,Fungi,Ascomycota,Ascomycota,Sordariomycetes,Sordariomycetes,Hypocreales,Hypocreales,,0,Illosporiopsis,Illosporiopsis,0.879636645,1,"[{""species"": ""Illosporiopsis christiansenii"", ""common_name"": """", ""score"": 0.8796366453170776}, {""species"": ""Marchandiomyces corallinus"", ""common_name"": """", ""score"": 0.02847634255886078}, {""species"": ""Hyperphyscia syncolla"", ""common_name"": """", ""score"": 0.004024194087833166}, {""species"": ""Hyperphyscia confusa"", ""common_name"": """", ""score"": 0.0026793419383466244}, {""species"": ""Physcia crispa"", ""common_name"": """", ""score"": 0.0023087153676897287}]"
obs_334758419_photo_607987821_box5.jpg,/rs1/researchers/a/amallav/results/outputs_crop/obs_334758419_photo_607987821_box5.jpg,obs_334758419_photo_607987821,#N/A,5,5,Marchandiomyces corallinus,Illosporiopsis christiansenii,FALSE,,,Fungi,Fungi,Basidiomycota,Ascomycota,Agaricomycetes,Sordariomycetes,Corticiales,Hypocreales,Corticiaceae,0,Marchandiomyces,Illosporiopsis,0.028476343,2,"[{""species"": ""Illosporiopsis christiansenii"", ""common_name"": """", ""score"": 0.8796366453170776}, {""species"": ""Marchandiomyces corallinus"", ""common_name"": """", ""score"": 0.02847634255886078}, {""species"": ""Hyperphyscia syncolla"", ""common_name"": """", ""score"": 0.004024194087833166}, {""species"": ""Hyperphyscia confusa"", ""common_name"": """", ""score"": 0.0026793419383466244}, {""species"": ""Physcia crispa"", ""common_name"": """", ""score"": 0.0023087153676897287}]"
obs_334758419_photo_607987821_box5.jpg,/rs1/researchers/a/amallav/results/outputs_crop/obs_334758419_photo_607987821_box5.jpg,obs_334758419_photo_607987821,#N/A,5,5,Hyperphyscia syncolla,Illosporiopsis christiansenii,FALSE,,,Fungi,Fungi,Ascomycota,Ascomycota,Lecanoromycetes,Sordariomycetes,Caliciales,Hypocreales,Physciaceae,0,Hyperphyscia,Illosporiopsis,0.004024194,3,"[{""species"": ""Illosporiopsis christiansenii"", ""common_name"": """", ""score"": 0.8796366453170776}, {""species"": ""Marchandiomyces corallinus"", ""common_name"": """", ""score"": 0.02847634255886078}, {""species"": ""Hyperphyscia syncolla"", ""common_name"": """", ""score"": 0.004024194087833166}, {""species"": ""Hyperphyscia confusa"", ""common_name"": """", ""score"": 0.0026793419383466244}, {""species"": ""Physcia crispa"", ""common_name"": """", ""score"": 0.0023087153676897287}]"
obs_334758419_photo_607987821_box5.jpg,/rs1/researchers/a/amallav/results/outputs_crop/obs_334758419_photo_607987821_box5.jpg,obs_334758419_photo_607987821,#N/A,5,5,Hyperphyscia confusa,Illosporiopsis christiansenii,FALSE,,,Fungi,Fungi,Ascomycota,Ascomycota,Lecanoromycetes,Sordariomycetes,Caliciales,Hypocreales,Physciaceae,0,Hyperphyscia,Illosporiopsis,0.002679342,4,"[{""species"": ""Illosporiopsis christiansenii"", ""common_name"": """", ""score"": 0.8796366453170776}, {""species"": ""Marchandiomyces corallinus"", ""common_name"": """", ""score"": 0.02847634255886078}, {""species"": ""Hyperphyscia syncolla"", ""common_name"": """", ""score"": 0.004024194087833166}, {""species"": ""Hyperphyscia confusa"", ""common_name"": """", ""score"": 0.0026793419383466244}, {""species"": ""Physcia crispa"", ""common_name"": """", ""score"": 0.0023087153676897287}]"
obs_334758419_photo_607987821_box5.jpg,/rs1/researchers/a/amallav/results/outputs_crop/obs_334758419_photo_607987821_box5.jpg,obs_334758419_photo_607987821,#N/A,5,5,Physcia crispa,Illosporiopsis christiansenii,FALSE,,,Fungi,Fungi,Ascomycota,Ascomycota,Lecanoromycetes,Sordariomycetes,Caliciales,Hypocreales,Physciaceae,0,Physcia,Illosporiopsis,0.002308715,5,"[{""species"": ""Illosporiopsis christiansenii"", ""common_name"": """", ""score"": 0.8796366453170776}, {""species"": ""Marchandiomyces corallinus"", ""common_name"": """", ""score"": 0.02847634255886078}, {""species"": ""Hyperphyscia syncolla"", ""common_name"": """", ""score"": 0.004024194087833166}, {""species"": ""Hyperphyscia confusa"", ""common_name"": """", ""score"": 0.0026793419383466244}, {""species"": ""Physcia crispa"", ""common_name"": """", ""score"": 0.0023087153676897287}]"
obs_336269939_photo_611037472_box1.jpg,/rs1/researchers/a/amallav/results/outputs_crop/obs_336269939_photo_611037472_box1.jpg,obs_336269939_photo_611037472,#N/A,1,1,Occiperipatoides gilesii,Peripatoides novaezealandiae,FALSE,,,Animalia,Animalia,Onychophora,Onychophora,,0,,0,Peripatopsidae,Peripatopsidae,Occiperipatoides,Peripatoides,0.217070952,1,"[{""species"": ""Occiperipatoides gilesii"", ""common_name"": """", ""score"": 0.21707095205783844}, {""species"": ""Euperipatoides rowelli"", ""common_name"": """", ""score"": 0.13112588226795197}, {""species"": ""Peripatoides sympatrica"", ""common_name"": """", ""score"": 0.08918503671884537}, {""species"": ""Peripatoides suteri"", ""common_name"": """", ""score"": 0.07421956956386566}, {""species"": ""Austroperipatus aequabilis"", ""common_name"": """", ""score"": 0.06967496871948242}]"
obs_336269939_photo_611037472_box1.jpg,/rs1/researchers/a/amallav/results/outputs_crop/obs_336269939_photo_611037472_box1.jpg,obs_336269939_photo_611037472,#N/A,1,1,Euperipatoides rowelli,Peripatoides novaezealandiae,FALSE,,,Animalia,Animalia,Onychophora,Onychophora,,0,,0,Peripatopsidae,Peripatopsidae,Euperipatoides,Peripatoides,0.131125882,2,"[{""species"": ""Occiperipatoides gilesii"", ""common_name"": """", ""score"": 0.21707095205783844}, {""species"": ""Euperipatoides rowelli"", ""common_name"": """", ""score"": 0.13112588226795197}, {""species"": ""Peripatoides sympatrica"", ""common_name"": """", ""score"": 0.08918503671884537}, {""species"": ""Peripatoides suteri"", ""common_name"": """", ""score"": 0.07421956956386566}, {""species"": ""Austroperipatus aequabilis"", ""common_name"": """", ""score"": 0.06967496871948242}]"
obs_336269939_photo_611037472_box1.jpg,/rs1/researchers/a/amallav/results/outputs_crop/obs_336269939_photo_611037472_box1.jpg,obs_336269939_photo_611037472,#N/A,1,1,Peripatoides sympatrica,Peripatoides novaezealandiae,FALSE,,,Animalia,Animalia,Onychophora,Onychophora,,0,,0,Peripatopsidae,Peripatopsidae,Peripatoides,Peripatoides,0.089185037,3,"[{""species"": ""Occiperipatoides gilesii"", ""common_name"": """", ""score"": 0.21707095205783844}, {""species"": ""Euperipatoides rowelli"", ""common_name"": """", ""score"": 0.13112588226795197}, {""species"": ""Peripatoides sympatrica"", ""common_name"": """", ""score"": 0.08918503671884537}, {""species"": ""Peripatoides suteri"", ""common_name"": """", ""score"": 0.07421956956386566}, {""species"": ""Austroperipatus aequabilis"", ""common_name"": """", ""score"": 0.06967496871948242}]"
obs_336269939_photo_611037472_box1.jpg,/rs1/researchers/a/amallav/results/outputs_crop/obs_336269939_photo_611037472_box1.jpg,obs_336269939_photo_611037472,#N/A,1,1,Peripatoides suteri,Peripatoides novaezealandiae,FALSE,,,Animalia,Animalia,Onychophora,Onychophora,,0,,0,Peripatopsidae,Peripatopsidae,Peripatoides,Peripatoides,0.07421957,4,"[{""species"": ""Occiperipatoides gilesii"", ""common_name"": """", ""score"": 0.21707095205783844}, {""species"": ""Euperipatoides rowelli"", ""common_name"": """", ""score"": 0.13112588226795197}, {""species"": ""Peripatoides sympatrica"", ""common_name"": """", ""score"": 0.08918503671884537}, {""species"": ""Peripatoides suteri"", ""common_name"": """", ""score"": 0.07421956956386566}, {""species"": ""Austroperipatus aequabilis"", ""common_name"": """", ""score"": 0.06967496871948242}]"
obs_336269939_photo_611037472_box1.jpg,/rs1/researchers/a/amallav/results/outputs_crop/obs_336269939_photo_611037472_box1.jpg,obs_336269939_photo_611037472,#N/A,1,1,Austroperipatus aequabilis,Peripatoides novaezealandiae,FALSE,,,Animalia,Animalia,Onychophora,Onychophora,,0,,0,Peripatopsidae,Peripatopsidae,Austroperipatus,Peripatoides,0.069674969,5,"[{""species"": ""Occiperipatoides gilesii"", ""common_name"": """", ""score"": 0.21707095205783844}, {""species"": ""Euperipatoides rowelli"", ""common_name"": """", ""score"": 0.13112588226795197}, {""species"": ""Peripatoides sympatrica"", ""common_name"": """", ""score"": 0.08918503671884537}, {""species"": ""Peripatoides suteri"", ""common_name"": """", ""score"": 0.07421956956386566}, {""species"": ""Austroperipatus aequabilis"", ""common_name"": """", ""score"": 0.06967496871948242}]"
obs_336269939_photo_611037472_box2.jpg,/rs1/researchers/a/amallav/results/outputs_crop/obs_336269939_photo_611037472_box2.jpg,obs_336269939_photo_611037472,#N/A,2,2,Occiperipatoides gilesii,Peripatoides novaezealandiae,FALSE,,,Animalia,Animalia,Onychophora,Onychophora,,0,,0,Peripatopsidae,Peripatopsidae,Occiperipatoides,Peripatoides,0.149694964,1,"[{""species"": ""Occiperipatoides gilesii"", ""common_name"": """", ""score"": 0.14969496428966522}, {""species"": ""Euperipatoides rowelli"", ""common_name"": """", ""score"": 0.13257281482219696}, {""species"": ""Peripatoides suteri"", ""common_name"": """", ""score"": 0.07444268465042114}, {""species"": ""Peripatoides sympatrica"", ""common_name"": """", ""score"": 0.07386167347431183}, {""species"": ""Opisthopatus highveldi"", ""common_name"": """", ""score"": 0.06577015668153763}]"
obs_336269939_photo_611037472_box2.jpg,/rs1/researchers/a/amallav/results/outputs_crop/obs_336269939_photo_611037472_box2.jpg,obs_336269939_photo_611037472,#N/A,2,2,Euperipatoides rowelli,Peripatoides novaezealandiae,FALSE,,,Animalia,Animalia,Onychophora,Onychophora,,0,,0,Peripatopsidae,Peripatopsidae,Euperipatoides,Peripatoides,0.132572815,2,"[{""species"": ""Occiperipatoides gilesii"", ""common_name"": """", ""score"": 0.14969496428966522}, {""species"": ""Euperipatoides rowelli"", ""common_name"": """", ""score"": 0.13257281482219696}, {""species"": ""Peripatoides suteri"", ""common_name"": """", ""score"": 0.07444268465042114}, {""species"": ""Peripatoides sympatrica"", ""common_name"": """", ""score"": 0.07386167347431183}, {""species"": ""Opisthopatus highveldi"", ""common_name"": """", ""score"": 0.06577015668153763}]"
obs_336269939_photo_611037472_box2.jpg,/rs1/researchers/a/amallav/results/outputs_crop/obs_336269939_photo_611037472_box2.jpg,obs_336269939_photo_611037472,#N/A,2,2,Peripatoides suteri,Peripatoides novaezealandiae,FALSE,,,Animalia,Animalia,Onychophora,Onychophora,,0,,0,Peripatopsidae,Peripatopsidae,Peripatoides,Peripatoides,0.074442685,3,"[{""species"": ""Occiperipatoides gilesii"", ""common_name"": """", ""score"": 0.14969496428966522}, {""species"": ""Euperipatoides rowelli"", ""common_name"": """", ""score"": 0.13257281482219696}, {""species"": ""Peripatoides suteri"", ""common_name"": """", ""score"": 0.07444268465042114}, {""species"": ""Peripatoides sympatrica"", ""common_name"": """", ""score"": 0.07386167347431183}, {""species"": ""Opisthopatus highveldi"", ""common_name"": """", ""score"": 0.06577015668153763}]"
obs_336269939_photo_611037472_box2.jpg,/rs1/researchers/a/amallav/results/outputs_crop/obs_336269939_photo_611037472_box2.jpg,obs_336269939_photo_611037472,#N/A,2,2,Peripatoides sympatrica,Peripatoides novaezealandiae,FALSE,,,Animalia,Animalia,Onychophora,Onychophora,,0,,0,Peripatopsidae,Peripatopsidae,Peripatoides,Peripatoides,0.073861673,4,"[{""species"": ""Occiperipatoides gilesii"", ""common_name"": """", ""score"": 0.14969496428966522}, {""species"": ""Euperipatoides rowelli"", ""common_name"": """", ""score"": 0.13257281482219696}, {""species"": ""Peripatoides suteri"", ""common_name"": """", ""score"": 0.07444268465042114}, {""species"": ""Peripatoides sympatrica"", ""common_name"": """", ""score"": 0.07386167347431183}, {""species"": ""Opisthopatus highveldi"", ""common_name"": """", ""score"": 0.06577015668153763}]"
obs_336269939_photo_611037472_box2.jpg,/rs1/researchers/a/amallav/results/outputs_crop/obs_336269939_photo_611037472_box2.jpg,obs_336269939_photo_611037472,#N/A,2,2,Opisthopatus highveldi,Peripatoides novaezealandiae,FALSE,,,Animalia,Animalia,Onychophora,Onychophora,,0,,0,Peripatopsidae,Peripatopsidae,Opisthopatus,Peripatoides,0.065770157,5,"[{""species"": ""Occiperipatoides gilesii"", ""common_name"": """", ""score"": 0.14969496428966522}, {""species"": ""Euperipatoides rowelli"", ""common_name"": """", ""score"": 0.13257281482219696}, {""species"": ""Peripatoides suteri"", ""common_name"": """", ""score"": 0.07444268465042114}, {""species"": ""Peripatoides sympatrica"", ""common_name"": """", ""score"": 0.07386167347431183}, {""species"": ""Opisthopatus highveldi"", ""common_name"": """", ""score"": 0.06577015668153763}]"
obs_336269939_photo_611037472_box3.jpg,/rs1/researchers/a/amallav/results/outputs_crop/obs_336269939_photo_611037472_box3.jpg,obs_336269939_photo_611037472,#N/A,3,3,Euperipatoides rowelli,Peripatoides novaezealandiae,FALSE,,,Animalia,Animalia,Onychophora,Onychophora,,0,,0,Peripatopsidae,Peripatopsidae,Euperipatoides,Peripatoides,0.180686191,1,"[{""species"": ""Euperipatoides rowelli"", ""common_name"": """", ""score"": 0.18068619072437286}, {""species"": ""Occiperipatoides gilesii"", ""common_name"": """", ""score"": 0.12130604684352875}, {""species"": ""Peripatoides novaezealandiae"", ""common_name"": """", ""score"": 0.11054904758930206}, {""species"": ""Peripatoides sympatrica"", ""common_name"": """", ""score"": 0.0936879962682724}, {""species"": ""Euperipatoides kanangrensis"", ""common_name"": """", ""score"": 0.08054626733064651}]"
obs_336269939_photo_611037472_box3.jpg,/rs1/researchers/a/amallav/results/outputs_crop/obs_336269939_photo_611037472_box3.jpg,obs_336269939_photo_611037472,#N/A,3,3,Occiperipatoides gilesii,Peripatoides novaezealandiae,FALSE,,,Animalia,Animalia,Onychophora,Onychophora,,0,,0,Peripatopsidae,Peripatopsidae,Occiperipatoides,Peripatoides,0.121306047,2,"[{""species"": ""Euperipatoides rowelli"", ""common_name"": """", ""score"": 0.18068619072437286}, {""species"": ""Occiperipatoides gilesii"", ""common_name"": """", ""score"": 0.12130604684352875}, {""species"": ""Peripatoides novaezealandiae"", ""common_name"": """", ""score"": 0.11054904758930206}, {""species"": ""Peripatoides sympatrica"", ""common_name"": """", ""score"": 0.0936879962682724}, {""species"": ""Euperipatoides kanangrensis"", ""common_name"": """", ""score"": 0.08054626733064651}]"
obs_336269939_photo_611037472_box3.jpg,/rs1/researchers/a/amallav/results/outputs_crop/obs_336269939_photo_611037472_box3.jpg,obs_336269939_photo_611037472,#N/A,3,3,Peripatoides novaezealandiae,Peripatoides novaezealandiae,TRUE,,,Animalia,Animalia,Onychophora,Onychophora,,0,,0,Peripatopsidae,Peripatopsidae,Peripatoides,Peripatoides,0.110549048,3,"[{""species"": ""Euperipatoides rowelli"", ""common_name"": """", ""score"": 0.18068619072437286}, {""species"": ""Occiperipatoides gilesii"", ""common_name"": """", ""score"": 0.12130604684352875}, {""species"": ""Peripatoides novaezealandiae"", ""common_name"": """", ""score"": 0.11054904758930206}, {""species"": ""Peripatoides sympatrica"", ""common_name"": """", ""score"": 0.0936879962682724}, {""species"": ""Euperipatoides kanangrensis"", ""common_name"": """", ""score"": 0.08054626733064651}]"
obs_336269939_photo_611037472_box3.jpg,/rs1/researchers/a/amallav/results/outputs_crop/obs_336269939_photo_611037472_box3.jpg,obs_336269939_photo_611037472,#N/A,3,3,Peripatoides sympatrica,Peripatoides novaezealandiae,FALSE,,,Animalia,Animalia,Onychophora,Onychophora,,0,,0,Peripatopsidae,Peripatopsidae,Peripatoides,Peripatoides,0.093687996,4,"[{""species"": ""Euperipatoides rowelli"", ""common_name"": """", ""score"": 0.18068619072437286}, {""species"": ""Occiperipatoides gilesii"", ""common_name"": """", ""score"": 0.12130604684352875}, {""species"": ""Peripatoides novaezealandiae"", ""common_name"": """", ""score"": 0.11054904758930206}, {""species"": ""Peripatoides sympatrica"", ""common_name"": """", ""score"": 0.0936879962682724}, {""species"": ""Euperipatoides kanangrensis"", ""common_name"": """", ""score"": 0.08054626733064651}]"
obs_336269939_photo_611037472_box3.jpg,/rs1/researchers/a/amallav/results/outputs_crop/obs_336269939_photo_611037472_box3.jpg,obs_336269939_photo_611037472,#N/A,3,3,Euperipatoides kanangrensis,Peripatoides novaezealandiae,FALSE,,,Animalia,Animalia,Onychophora,Onychophora,,0,,0,Peripatopsidae,Peripatopsidae,Euperipatoides,Peripatoides,0.080546267,5,"[{""species"": ""Euperipatoides rowelli"", ""common_name"": """", ""score"": 0.18068619072437286}, {""species"": ""Occiperipatoides gilesii"", ""common_name"": """", ""score"": 0.12130604684352875}, {""species"": ""Peripatoides novaezealandiae"", ""common_name"": """", ""score"": 0.11054904758930206}, {""species"": ""Peripatoides sympatrica"", ""common_name"": """", ""score"": 0.0936879962682724}, {""species"": ""Euperipatoides kanangrensis"", ""common_name"": """", ""score"": 0.08054626733064651}]"
obs_336269939_photo_611037472_box4.jpg,/rs1/researchers/a/amallav/results/outputs_crop/obs_336269939_photo_611037472_box4.jpg,obs_336269939_photo_611037472,#N/A,4,4,Euperipatoides rowelli,Peripatoides novaezealandiae,FALSE,,,Animalia,Animalia,Onychophora,Onychophora,,0,,0,Peripatopsidae,Peripatopsidae,Euperipatoides,Peripatoides,0.149928302,1,"[{""species"": ""Euperipatoides rowelli"", ""common_name"": """", ""score"": 0.14992830157279968}, {""species"": ""Occiperipatoides gilesii"", ""common_name"": """", ""score"": 0.1130949929356575}, {""species"": ""Pseudogeoplana reticulata"", ""common_name"": """", ""score"": 0.09472611546516418}, {""species"": ""Peripatoides sympatrica"", ""common_name"": """", ""score"": 0.08228062838315964}, {""species"": ""Peripatoides novaezealandiae"", ""common_name"": """", ""score"": 0.07215239852666855}]"
obs_336269939_photo_611037472_box4.jpg,/rs1/researchers/a/amallav/results/outputs_crop/obs_336269939_photo_611037472_box4.jpg,obs_336269939_photo_611037472,#N/A,4,4,Occiperipatoides gilesii,Peripatoides novaezealandiae,FALSE,,,Animalia,Animalia,Onychophora,Onychophora,,0,,0,Peripatopsidae,Peripatopsidae,Occiperipatoides,Peripatoides,0.113094993,2,"[{""species"": ""Euperipatoides rowelli"", ""common_name"": """", ""score"": 0.14992830157279968}, {""species"": ""Occiperipatoides gilesii"", ""common_name"": """", ""score"": 0.1130949929356575}, {""species"": ""Pseudogeoplana reticulata"", ""common_name"": """", ""score"": 0.09472611546516418}, {""species"": ""Peripatoides sympatrica"", ""common_name"": """", ""score"": 0.08228062838315964}, {""species"": ""Peripatoides novaezealandiae"", ""common_name"": """", ""score"": 0.07215239852666855}]"
obs_336269939_photo_611037472_box4.jpg,/rs1/researchers/a/amallav/results/outputs_crop/obs_336269939_photo_611037472_box4.jpg,obs_336269939_photo_611037472,#N/A,4,4,Pseudogeoplana reticulata,Peripatoides novaezealandiae,FALSE,,,Animalia,Animalia,Platyhelminthes,Onychophora,,0,Tricladida,0,Geoplanidae,Peripatopsidae,Pseudogeoplana,Peripatoides,0.094726115,3,"[{""species"": ""Euperipatoides rowelli"", ""common_name"": """", ""score"": 0.14992830157279968}, {""species"": ""Occiperipatoides gilesii"", ""common_name"": """", ""score"": 0.1130949929356575}, {""species"": ""Pseudogeoplana reticulata"", ""common_name"": """", ""score"": 0.09472611546516418}, {""species"": ""Peripatoides sympatrica"", ""common_name"": """", ""score"": 0.08228062838315964}, {""species"": ""Peripatoides novaezealandiae"", ""common_name"": """", ""score"": 0.07215239852666855}]"
obs_336269939_photo_611037472_box4.jpg,/rs1/researchers/a/amallav/results/outputs_crop/obs_336269939_photo_611037472_box4.jpg,obs_336269939_photo_611037472,#N/A,4,4,Peripatoides sympatrica,Peripatoides novaezealandiae,FALSE,,,Animalia,Animalia,Onychophora,Onychophora,,0,,0,Peripatopsidae,Peripatopsidae,Peripatoides,Peripatoides,0.082280628,4,"[{""species"": ""Euperipatoides rowelli"", ""common_name"": """", ""score"": 0.14992830157279968}, {""species"": ""Occiperipatoides gilesii"", ""common_name"": """", ""score"": 0.1130949929356575}, {""species"": ""Pseudogeoplana reticulata"", ""common_name"": """", ""score"": 0.09472611546516418}, {""species"": ""Peripatoides sympatrica"", ""common_name"": """", ""score"": 0.08228062838315964}, {""species"": ""Peripatoides novaezealandiae"", ""common_name"": """", ""score"": 0.07215239852666855}]"
obs_336269939_photo_611037472_box4.jpg,/rs1/researchers/a/amallav/results/outputs_crop/obs_336269939_photo_611037472_box4.jpg,obs_336269939_photo_611037472,#N/A,4,4,Peripatoides novaezealandiae,Peripatoides novaezealandiae,TRUE,,,Animalia,Animalia,Onychophora,Onychophora,,0,,0,Peripatopsidae,Peripatopsidae,Peripatoides,Peripatoides,0.072152399,5,"[{""species"": ""Euperipatoides rowelli"", ""common_name"": """", ""score"": 0.14992830157279968}, {""species"": ""Occiperipatoides gilesii"", ""common_name"": """", ""score"": 0.1130949929356575}, {""species"": ""Pseudogeoplana reticulata"", ""common_name"": """", ""score"": 0.09472611546516418}, {""species"": ""Peripatoides sympatrica"", ""common_name"": """", ""score"": 0.08228062838315964}, {""species"": ""Peripatoides novaezealandiae"", ""common_name"": """", ""score"": 0.07215239852666855}]"
obs_336269939_photo_611037472_box5.jpg,/rs1/researchers/a/amallav/results/outputs_crop/obs_336269939_photo_611037472_box5.jpg,obs_336269939_photo_611037472,#N/A,5,5,Occiperipatoides gilesii,Peripatoides novaezealandiae,FALSE,,,Animalia,Animalia,Onychophora,Onychophora,,0,,0,Peripatopsidae,Peripatopsidae,Occiperipatoides,Peripatoides,0.358507752,1,"[{""species"": ""Occiperipatoides gilesii"", ""common_name"": """", ""score"": 0.35850775241851807}, {""species"": ""Peripatoides sympatrica"", ""common_name"": """", ""score"": 0.08458197861909866}, {""species"": ""Euperipatoides kanangrensis"", ""common_name"": """", ""score"": 0.08061329275369644}, {""species"": ""Euperipatoides rowelli"", ""common_name"": """", ""score"": 0.07846283167600632}, {""species"": ""Peripatoides suteri"", ""common_name"": """", ""score"": 0.07609520852565765}]"
obs_336269939_photo_611037472_box5.jpg,/rs1/researchers/a/amallav/results/outputs_crop/obs_336269939_photo_611037472_box5.jpg,obs_336269939_photo_611037472,#N/A,5,5,Peripatoides sympatrica,Peripatoides novaezealandiae,FALSE,,,Animalia,Animalia,Onychophora,Onychophora,,0,,0,Peripatopsidae,Peripatopsidae,Peripatoides,Peripatoides,0.084581979,2,"[{""species"": ""Occiperipatoides gilesii"", ""common_name"": """", ""score"": 0.35850775241851807}, {""species"": ""Peripatoides sympatrica"", ""common_name"": """", ""score"": 0.08458197861909866}, {""species"": ""Euperipatoides kanangrensis"", ""common_name"": """", ""score"": 0.08061329275369644}, {""species"": ""Euperipatoides rowelli"", ""common_name"": """", ""score"": 0.07846283167600632}, {""species"": ""Peripatoides suteri"", ""common_name"": """", ""score"": 0.07609520852565765}]"
obs_336269939_photo_611037472_box5.jpg,/rs1/researchers/a/amallav/results/outputs_crop/obs_336269939_photo_611037472_box5.jpg,obs_336269939_photo_611037472,#N/A,5,5,Euperipatoides kanangrensis,Peripatoides novaezealandiae,FALSE,,,Animalia,Animalia,Onychophora,Onychophora,,0,,0,Peripatopsidae,Peripatopsidae,Euperipatoides,Peripatoides,0.080613293,3,"[{""species"": ""Occiperipatoides gilesii"", ""common_name"": """", ""score"": 0.35850775241851807}, {""species"": ""Peripatoides sympatrica"", ""common_name"": """", ""score"": 0.08458197861909866}, {""species"": ""Euperipatoides kanangrensis"", ""common_name"": """", ""score"": 0.08061329275369644}, {""species"": ""Euperipatoides rowelli"", ""common_name"": """", ""score"": 0.07846283167600632}, {""species"": ""Peripatoides suteri"", ""common_name"": """", ""score"": 0.07609520852565765}]"
obs_336269939_photo_611037472_box5.jpg,/rs1/researchers/a/amallav/results/outputs_crop/obs_336269939_photo_611037472_box5.jpg,obs_336269939_photo_611037472,#N/A,5,5,Euperipatoides rowelli,Peripatoides novaezealandiae,FALSE,,,Animalia,Animalia,Onychophora,Onychophora,,0,,0,Peripatopsidae,Peripatopsidae,Euperipatoides,Peripatoides,0.078462832,4,"[{""species"": ""Occiperipatoides gilesii"", ""common_name"": """", ""score"": 0.35850775241851807}, {""species"": ""Peripatoides sympatrica"", ""common_name"": """", ""score"": 0.08458197861909866}, {""species"": ""Euperipatoides kanangrensis"", ""common_name"": """", ""score"": 0.08061329275369644}, {""species"": ""Euperipatoides rowelli"", ""common_name"": """", ""score"": 0.07846283167600632}, {""species"": ""Peripatoides suteri"", ""common_name"": """", ""score"": 0.07609520852565765}]"
obs_336269939_photo_611037472_box5.jpg,/rs1/researchers/a/amallav/results/outputs_crop/obs_336269939_photo_611037472_box5.jpg,obs_336269939_photo_611037472,#N/A,5,5,Peripatoides suteri,Peripatoides novaezealandiae,FALSE,,,Animalia,Animalia,Onychophora,Onychophora,,0,,0,Peripatopsidae,Peripatopsidae,Peripatoides,Peripatoides,0.076095209,5,"[{""species"": ""Occiperipatoides gilesii"", ""common_name"": """", ""score"": 0.35850775241851807}, {""species"": ""Peripatoides sympatrica"", ""common_name"": """", ""score"": 0.08458197861909866}, {""species"": ""Euperipatoides kanangrensis"", ""common_name"": """", ""score"": 0.08061329275369644}, {""species"": ""Euperipatoides rowelli"", ""common_name"": """", ""score"": 0.07846283167600632}, {""species"": ""Peripatoides suteri"", ""common_name"": """", ""score"": 0.07609520852565765}]"
obs_337063055_photo_612648507_box1.jpg,/rs1/researchers/a/amallav/results/outputs_crop/obs_337063055_photo_612648507_box1.jpg,obs_337063055_photo_612648507,#N/A,1,1,Charonia tritonis,Charonia tritonis,TRUE,,Pacific triton,Animalia,Animalia,Mollusca,Mollusca,Gastropoda,Gastropoda,Littorinimorpha,Littorinimorpha,Charoniidae,Charoniidae,Charonia,Charonia,0.683491409,1,"[{""species"": ""Charonia tritonis"", ""common_name"": ""Pacific triton"", ""score"": 0.6834914088249207}, {""species"": ""Ranella olearium"", ""common_name"": ""Giant frogsnail"", ""score"": 0.13421417772769928}, {""species"": ""Triplofusus princeps"", ""common_name"": """", ""score"": 0.03977425768971443}, {""species"": ""Titanostrombus goliath"", ""common_name"": """", ""score"": 0.01883064955472946}, {""species"": ""Charonia variegata"", ""common_name"": ""Atlantic triton"", ""score"": 0.006779802963137627}]"
obs_337063055_photo_612648507_box1.jpg,/rs1/researchers/a/amallav/results/outputs_crop/obs_337063055_photo_612648507_box1.jpg,obs_337063055_photo_612648507,#N/A,1,1,Ranella olearium,Charonia tritonis,FALSE,,Giant frogsnail,Animalia,Animalia,Mollusca,Mollusca,Gastropoda,Gastropoda,Littorinimorpha,Littorinimorpha,Ranellidae,Charoniidae,Ranella,Charonia,0.134214178,2,"[{""species"": ""Charonia tritonis"", ""common_name"": ""Pacific triton"", ""score"": 0.6834914088249207}, {""species"": ""Ranella olearium"", ""common_name"": ""Giant frogsnail"", ""score"": 0.13421417772769928}, {""species"": ""Triplofusus princeps"", ""common_name"": """", ""score"": 0.03977425768971443}, {""species"": ""Titanostrombus goliath"", ""common_name"": """", ""score"": 0.01883064955472946}, {""species"": ""Charonia variegata"", ""common_name"": ""Atlantic triton"", ""score"": 0.006779802963137627}]"
obs_337063055_photo_612648507_box1.jpg,/rs1/researchers/a/amallav/results/outputs_crop/obs_337063055_photo_612648507_box1.jpg,obs_337063055_photo_612648507,#N/A,1,1,Triplofusus princeps,Charonia tritonis,FALSE,,,Animalia,Animalia,Mollusca,Mollusca,Gastropoda,Gastropoda,Neogastropoda,Littorinimorpha,Fasciolariidae,Charoniidae,Triplofusus,Charonia,0.039774258,3,"[{""species"": ""Charonia tritonis"", ""common_name"": ""Pacific triton"", ""score"": 0.6834914088249207}, {""species"": ""Ranella olearium"", ""common_name"": ""Giant frogsnail"", ""score"": 0.13421417772769928}, {""species"": ""Triplofusus princeps"", ""common_name"": """", ""score"": 0.03977425768971443}, {""species"": ""Titanostrombus goliath"", ""common_name"": """", ""score"": 0.01883064955472946}, {""species"": ""Charonia variegata"", ""common_name"": ""Atlantic triton"", ""score"": 0.006779802963137627}]"
obs_337063055_photo_612648507_box1.jpg,/rs1/researchers/a/amallav/results/outputs_crop/obs_337063055_photo_612648507_box1.jpg,obs_337063055_photo_612648507,#N/A,1,1,Titanostrombus goliath,Charonia tritonis,FALSE,,,Animalia,Animalia,Mollusca,Mollusca,Gastropoda,Gastropoda,Littorinimorpha,Littorinimorpha,Strombidae,Charoniidae,Titanostrombus,Charonia,0.01883065,4,"[{""species"": ""Charonia tritonis"", ""common_name"": ""Pacific triton"", ""score"": 0.6834914088249207}, {""species"": ""Ranella olearium"", ""common_name"": ""Giant frogsnail"", ""score"": 0.13421417772769928}, {""species"": ""Triplofusus princeps"", ""common_name"": """", ""score"": 0.03977425768971443}, {""species"": ""Titanostrombus goliath"", ""common_name"": """", ""score"": 0.01883064955472946}, {""species"": ""Charonia variegata"", ""common_name"": ""Atlantic triton"", ""score"": 0.006779802963137627}]"
obs_337063055_photo_612648507_box1.jpg,/rs1/researchers/a/amallav/results/outputs_crop/obs_337063055_photo_612648507_box1.jpg,obs_337063055_photo_612648507,#N/A,1,1,Charonia variegata,Charonia tritonis,FALSE,,Atlantic triton,Animalia,Animalia,Mollusca,Mollusca,Gastropoda,Gastropoda,Littorinimorpha,Littorinimorpha,Charoniidae,Charoniidae,Charonia,Charonia,0.006779803,5,"[{""species"": ""Charonia tritonis"", ""common_name"": ""Pacific triton"", ""score"": 0.6834914088249207}, {""species"": ""Ranella olearium"", ""common_name"": ""Giant frogsnail"", ""score"": 0.13421417772769928}, {""species"": ""Triplofusus princeps"", ""common_name"": """", ""score"": 0.03977425768971443}, {""species"": ""Titanostrombus goliath"", ""common_name"": """", ""score"": 0.01883064955472946}, {""species"": ""Charonia variegata"", ""common_name"": ""Atlantic triton"", ""score"": 0.006779802963137627}]"
obs_337063055_photo_612648507_box2.jpg,/rs1/researchers/a/amallav/results/outputs_crop/obs_337063055_photo_612648507_box2.jpg,obs_337063055_photo_612648507,#N/A,2,2,Charonia tritonis,Charonia tritonis,TRUE,,Pacific triton,Animalia,Animalia,Mollusca,Mollusca,Gastropoda,Gastropoda,Littorinimorpha,Littorinimorpha,Charoniidae,Charoniidae,Charonia,Charonia,0.766554356,1,"[{""species"": ""Charonia tritonis"", ""common_name"": ""Pacific triton"", ""score"": 0.7665543556213379}, {""species"": ""Ranella olearium"", ""common_name"": ""Giant frogsnail"", ""score"": 0.07469965517520905}, {""species"": ""Triplofusus princeps"", ""common_name"": """", ""score"": 0.06002148240804672}, {""species"": ""Titanostrombus goliath"", ""common_name"": """", ""score"": 0.013687624596059322}, {""species"": ""Charonia variegata"", ""common_name"": ""Atlantic triton"", ""score"": 0.0059753479436039925}]"
obs_337063055_photo_612648507_box2.jpg,/rs1/researchers/a/amallav/results/outputs_crop/obs_337063055_photo_612648507_box2.jpg,obs_337063055_photo_612648507,#N/A,2,2,Ranella olearium,Charonia tritonis,FALSE,,Giant frogsnail,Animalia,Animalia,Mollusca,Mollusca,Gastropoda,Gastropoda,Littorinimorpha,Littorinimorpha,Ranellidae,Charoniidae,Ranella,Charonia,0.074699655,2,"[{""species"": ""Charonia tritonis"", ""common_name"": ""Pacific triton"", ""score"": 0.7665543556213379}, {""species"": ""Ranella olearium"", ""common_name"": ""Giant frogsnail"", ""score"": 0.07469965517520905}, {""species"": ""Triplofusus princeps"", ""common_name"": """", ""score"": 0.06002148240804672}, {""species"": ""Titanostrombus goliath"", ""common_name"": """", ""score"": 0.013687624596059322}, {""species"": ""Charonia variegata"", ""common_name"": ""Atlantic triton"", ""score"": 0.0059753479436039925}]"
obs_337063055_photo_612648507_box2.jpg,/rs1/researchers/a/amallav/results/outputs_crop/obs_337063055_photo_612648507_box2.jpg,obs_337063055_photo_612648507,#N/A,2,2,Triplofusus princeps,Charonia tritonis,FALSE,,,Animalia,Animalia,Mollusca,Mollusca,Gastropoda,Gastropoda,Neogastropoda,Littorinimorpha,Fasciolariidae,Charoniidae,Triplofusus,Charonia,0.060021482,3,"[{""species"": ""Charonia tritonis"", ""common_name"": ""Pacific triton"", ""score"": 0.7665543556213379}, {""species"": ""Ranella olearium"", ""common_name"": ""Giant frogsnail"", ""score"": 0.07469965517520905}, {""species"": ""Triplofusus princeps"", ""common_name"": """", ""score"": 0.06002148240804672}, {""species"": ""Titanostrombus goliath"", ""common_name"": """", ""score"": 0.013687624596059322}, {""species"": ""Charonia variegata"", ""common_name"": ""Atlantic triton"", ""score"": 0.0059753479436039925}]"
obs_337063055_photo_612648507_box2.jpg,/rs1/researchers/a/amallav/results/outputs_crop/obs_337063055_photo_612648507_box2.jpg,obs_337063055_photo_612648507,#N/A,2,2,Titanostrombus goliath,Charonia tritonis,FALSE,,,Animalia,Animalia,Mollusca,Mollusca,Gastropoda,Gastropoda,Littorinimorpha,Littorinimorpha,Strombidae,Charoniidae,Titanostrombus,Charonia,0.013687625,4,"[{""species"": ""Charonia tritonis"", ""common_name"": ""Pacific triton"", ""score"": 0.7665543556213379}, {""species"": ""Ranella olearium"", ""common_name"": ""Giant frogsnail"", ""score"": 0.07469965517520905}, {""species"": ""Triplofusus princeps"", ""common_name"": """", ""score"": 0.06002148240804672}, {""species"": ""Titanostrombus goliath"", ""common_name"": """", ""score"": 0.013687624596059322}, {""species"": ""Charonia variegata"", ""common_name"": ""Atlantic triton"", ""score"": 0.0059753479436039925}]"
obs_337063055_photo_612648507_box2.jpg,/rs1/researchers/a/amallav/results/outputs_crop/obs_337063055_photo_612648507_box2.jpg,obs_337063055_photo_612648507,#N/A,2,2,Charonia variegata,Charonia tritonis,FALSE,,Atlantic triton,Animalia,Animalia,Mollusca,Mollusca,Gastropoda,Gastropoda,Littorinimorpha,Littorinimorpha,Charoniidae,Charoniidae,Charonia,Charonia,0.005975348,5,"[{""species"": ""Charonia tritonis"", ""common_name"": ""Pacific triton"", ""score"": 0.7665543556213379}, {""species"": ""Ranella olearium"", ""common_name"": ""Giant frogsnail"", ""score"": 0.07469965517520905}, {""species"": ""Triplofusus princeps"", ""common_name"": """", ""score"": 0.06002148240804672}, {""species"": ""Titanostrombus goliath"", ""common_name"": """", ""score"": 0.013687624596059322}, {""species"": ""Charonia variegata"", ""common_name"": ""Atlantic triton"", ""score"": 0.0059753479436039925}]"
obs_337063055_photo_612648507_box3.jpg,/rs1/researchers/a/amallav/results/outputs_crop/obs_337063055_photo_612648507_box3.jpg,obs_337063055_photo_612648507,#N/A,3,3,Dendropoma platypus,Charonia tritonis,FALSE,,,Animalia,Animalia,Mollusca,Mollusca,Gastropoda,Gastropoda,Littorinimorpha,Littorinimorpha,Vermetidae,Charoniidae,Dendropoma,Charonia,0.030479712,1,"[{""species"": ""Dendropoma platypus"", ""common_name"": """", ""score"": 0.030479712411761284}, {""species"": ""Malleus candeanus"", ""common_name"": ""Caribbean hammer oyster"", ""score"": 0.023739978671073914}, {""species"": ""Petaloconchus mcgintyi"", ""common_name"": """", ""score"": 0.023360691964626312}, {""species"": ""Codakia orbicularis"", ""common_name"": ""Tiger lucine"", ""score"": 0.013582061044871807}, {""species"": ""Dendropoma nebulosum"", ""common_name"": """", ""score"": 0.01228095218539238}]"
obs_337063055_photo_612648507_box3.jpg,/rs1/researchers/a/amallav/results/outputs_crop/obs_337063055_photo_612648507_box3.jpg,obs_337063055_photo_612648507,#N/A,3,3,Malleus candeanus,Charonia tritonis,FALSE,,Caribbean hammer oyster,Animalia,Animalia,Mollusca,Mollusca,Bivalvia,Gastropoda,Ostreida,Littorinimorpha,Malleidae,Charoniidae,Malleus,Charonia,0.023739979,2,"[{""species"": ""Dendropoma platypus"", ""common_name"": """", ""score"": 0.030479712411761284}, {""species"": ""Malleus candeanus"", ""common_name"": ""Caribbean hammer oyster"", ""score"": 0.023739978671073914}, {""species"": ""Petaloconchus mcgintyi"", ""common_name"": """", ""score"": 0.023360691964626312}, {""species"": ""Codakia orbicularis"", ""common_name"": ""Tiger lucine"", ""score"": 0.013582061044871807}, {""species"": ""Dendropoma nebulosum"", ""common_name"": """", ""score"": 0.01228095218539238}]"
obs_337063055_photo_612648507_box3.jpg,/rs1/researchers/a/amallav/results/outputs_crop/obs_337063055_photo_612648507_box3.jpg,obs_337063055_photo_612648507,#N/A,3,3,Petaloconchus mcgintyi,Charonia tritonis,FALSE,,,Animalia,Animalia,Mollusca,Mollusca,Gastropoda,Gastropoda,Littorinimorpha,Littorinimorpha,Vermetidae,Charoniidae,Petaloconchus,Charonia,0.023360692,3,"[{""species"": ""Dendropoma platypus"", ""common_name"": """", ""score"": 0.030479712411761284}, {""species"": ""Malleus candeanus"", ""common_name"": ""Caribbean hammer oyster"", ""score"": 0.023739978671073914}, {""species"": ""Petaloconchus mcgintyi"", ""common_name"": """", ""score"": 0.023360691964626312}, {""species"": ""Codakia orbicularis"", ""common_name"": ""Tiger lucine"", ""score"": 0.013582061044871807}, {""species"": ""Dendropoma nebulosum"", ""common_name"": """", ""score"": 0.01228095218539238}]"
obs_337063055_photo_612648507_box3.jpg,/rs1/researchers/a/amallav/results/outputs_crop/obs_337063055_photo_612648507_box3.jpg,obs_337063055_photo_612648507,#N/A,3,3,Codakia orbicularis,Charonia tritonis,FALSE,,Tiger lucine,Animalia,Animalia,Mollusca,Mollusca,Bivalvia,Gastropoda,Lucinida,Littorinimorpha,Lucinidae,Charoniidae,Codakia,Charonia,0.013582061,4,"[{""species"": ""Dendropoma platypus"", ""common_name"": """", ""score"": 0.030479712411761284}, {""species"": ""Malleus candeanus"", ""common_name"": ""Caribbean hammer oyster"", ""score"": 0.023739978671073914}, {""species"": ""Petaloconchus mcgintyi"", ""common_name"": """", ""score"": 0.023360691964626312}, {""species"": ""Codakia orbicularis"", ""common_name"": ""Tiger lucine"", ""score"": 0.013582061044871807}, {""species"": ""Dendropoma nebulosum"", ""common_name"": """", ""score"": 0.01228095218539238}]"
obs_337063055_photo_612648507_box3.jpg,/rs1/researchers/a/amallav/results/outputs_crop/obs_337063055_photo_612648507_box3.jpg,obs_337063055_photo_612648507,#N/A,3,3,Dendropoma nebulosum,Charonia tritonis,FALSE,,,Animalia,Animalia,Mollusca,Mollusca,Gastropoda,Gastropoda,Littorinimorpha,Littorinimorpha,Vermetidae,Charoniidae,Dendropoma,Charonia,0.012280952,5,"[{""species"": ""Dendropoma platypus"", ""common_name"": """", ""score"": 0.030479712411761284}, {""species"": ""Malleus candeanus"", ""common_name"": ""Caribbean hammer oyster"", ""score"": 0.023739978671073914}, {""species"": ""Petaloconchus mcgintyi"", ""common_name"": """", ""score"": 0.023360691964626312}, {""species"": ""Codakia orbicularis"", ""common_name"": ""Tiger lucine"", ""score"": 0.013582061044871807}, {""species"": ""Dendropoma nebulosum"", ""common_name"": """", ""score"": 0.01228095218539238}]"
obs_337063055_photo_612648507_box4.jpg,/rs1/researchers/a/amallav/results/outputs_crop/obs_337063055_photo_612648507_box4.jpg,obs_337063055_photo_612648507,#N/A,4,4,Charonia tritonis,Charonia tritonis,TRUE,,Pacific triton,Animalia,Animalia,Mollusca,Mollusca,Gastropoda,Gastropoda,Littorinimorpha,Littorinimorpha,Charoniidae,Charoniidae,Charonia,Charonia,0.756793618,1,"[{""species"": ""Charonia tritonis"", ""common_name"": ""Pacific triton"", ""score"": 0.7567936182022095}, {""species"": ""Ranella olearium"", ""common_name"": ""Giant frogsnail"", ""score"": 0.0810234397649765}, {""species"": ""Triplofusus princeps"", ""common_name"": """", ""score"": 0.04007066786289215}, {""species"": ""Titanostrombus goliath"", ""common_name"": """", ""score"": 0.014140910468995571}, {""species"": ""Charonia variegata"", ""common_name"": ""Atlantic triton"", ""score"": 0.006794051267206669}]"
obs_337063055_photo_612648507_box4.jpg,/rs1/researchers/a/amallav/results/outputs_crop/obs_337063055_photo_612648507_box4.jpg,obs_337063055_photo_612648507,#N/A,4,4,Ranella olearium,Charonia tritonis,FALSE,,Giant frogsnail,Animalia,Animalia,Mollusca,Mollusca,Gastropoda,Gastropoda,Littorinimorpha,Littorinimorpha,Ranellidae,Charoniidae,Ranella,Charonia,0.08102344,2,"[{""species"": ""Charonia tritonis"", ""common_name"": ""Pacific triton"", ""score"": 0.7567936182022095}, {""species"": ""Ranella olearium"", ""common_name"": ""Giant frogsnail"", ""score"": 0.0810234397649765}, {""species"": ""Triplofusus princeps"", ""common_name"": """", ""score"": 0.04007066786289215}, {""species"": ""Titanostrombus goliath"", ""common_name"": """", ""score"": 0.014140910468995571}, {""species"": ""Charonia variegata"", ""common_name"": ""Atlantic triton"", ""score"": 0.006794051267206669}]"
obs_337063055_photo_612648507_box4.jpg,/rs1/researchers/a/amallav/results/outputs_crop/obs_337063055_photo_612648507_box4.jpg,obs_337063055_photo_612648507,#N/A,4,4,Triplofusus princeps,Charonia tritonis,FALSE,,,Animalia,Animalia,Mollusca,Mollusca,Gastropoda,Gastropoda,Neogastropoda,Littorinimorpha,Fasciolariidae,Charoniidae,Triplofusus,Charonia,0.040070668,3,"[{""species"": ""Charonia tritonis"", ""common_name"": ""Pacific triton"", ""score"": 0.7567936182022095}, {""species"": ""Ranella olearium"", ""common_name"": ""Giant frogsnail"", ""score"": 0.0810234397649765}, {""species"": ""Triplofusus princeps"", ""common_name"": """", ""score"": 0.04007066786289215}, {""species"": ""Titanostrombus goliath"", ""common_name"": """", ""score"": 0.014140910468995571}, {""species"": ""Charonia variegata"", ""common_name"": ""Atlantic triton"", ""score"": 0.006794051267206669}]"
obs_337063055_photo_612648507_box4.jpg,/rs1/researchers/a/amallav/results/outputs_crop/obs_337063055_photo_612648507_box4.jpg,obs_337063055_photo_612648507,#N/A,4,4,Titanostrombus goliath,Charonia tritonis,FALSE,,,Animalia,Animalia,Mollusca,Mollusca,Gastropoda,Gastropoda,Littorinimorpha,Littorinimorpha,Strombidae,Charoniidae,Titanostrombus,Charonia,0.01414091,4,"[{""species"": ""Charonia tritonis"", ""common_name"": ""Pacific triton"", ""score"": 0.7567936182022095}, {""species"": ""Ranella olearium"", ""common_name"": ""Giant frogsnail"", ""score"": 0.0810234397649765}, {""species"": ""Triplofusus princeps"", ""common_name"": """", ""score"": 0.04007066786289215}, {""species"": ""Titanostrombus goliath"", ""common_name"": """", ""score"": 0.014140910468995571}, {""species"": ""Charonia variegata"", ""common_name"": ""Atlantic triton"", ""score"": 0.006794051267206669}]"
obs_337063055_photo_612648507_box4.jpg,/rs1/researchers/a/amallav/results/outputs_crop/obs_337063055_photo_612648507_box4.jpg,obs_337063055_photo_612648507,#N/A,4,4,Charonia variegata,Charonia tritonis,FALSE,,Atlantic triton,Animalia,Animalia,Mollusca,Mollusca,Gastropoda,Gastropoda,Littorinimorpha,Littorinimorpha,Charoniidae,Charoniidae,Charonia,Charonia,0.006794051,5,"[{""species"": ""Charonia tritonis"", ""common_name"": ""Pacific triton"", ""score"": 0.7567936182022095}, {""species"": ""Ranella olearium"", ""common_name"": ""Giant frogsnail"", ""score"": 0.0810234397649765}, {""species"": ""Triplofusus princeps"", ""common_name"": """", ""score"": 0.04007066786289215}, {""species"": ""Titanostrombus goliath"", ""common_name"": """", ""score"": 0.014140910468995571}, {""species"": ""Charonia variegata"", ""common_name"": ""Atlantic triton"", ""score"": 0.006794051267206669}]"
obs_337063055_photo_612648507_box5.jpg,/rs1/researchers/a/amallav/results/outputs_crop/obs_337063055_photo_612648507_box5.jpg,obs_337063055_photo_612648507,#N/A,5,5,Charonia tritonis,Charonia tritonis,TRUE,,Pacific triton,Animalia,Animalia,Mollusca,Mollusca,Gastropoda,Gastropoda,Littorinimorpha,Littorinimorpha,Charoniidae,Charoniidae,Charonia,Charonia,0.28063485,1,"[{""species"": ""Charonia tritonis"", ""common_name"": ""Pacific triton"", ""score"": 0.2806348502635956}, {""species"": ""Titanostrombus goliath"", ""common_name"": """", ""score"": 0.1666363924741745}, {""species"": ""Ranella olearium"", ""common_name"": ""Giant frogsnail"", ""score"": 0.09695373475551605}, {""species"": ""Malea ringens"", ""common_name"": ""Great grinning tun"", ""score"": 0.058330874890089035}, {""species"": ""Triplofusus princeps"", ""common_name"": """", ""score"": 0.04529799893498421}]"
obs_337063055_photo_612648507_box5.jpg,/rs1/researchers/a/amallav/results/outputs_crop/obs_337063055_photo_612648507_box5.jpg,obs_337063055_photo_612648507,#N/A,5,5,Titanostrombus goliath,Charonia tritonis,FALSE,,,Animalia,Animalia,Mollusca,Mollusca,Gastropoda,Gastropoda,Littorinimorpha,Littorinimorpha,Strombidae,Charoniidae,Titanostrombus,Charonia,0.166636392,2,"[{""species"": ""Charonia tritonis"", ""common_name"": ""Pacific triton"", ""score"": 0.2806348502635956}, {""species"": ""Titanostrombus goliath"", ""common_name"": """", ""score"": 0.1666363924741745}, {""species"": ""Ranella olearium"", ""common_name"": ""Giant frogsnail"", ""score"": 0.09695373475551605}, {""species"": ""Malea ringens"", ""common_name"": ""Great grinning tun"", ""score"": 0.058330874890089035}, {""species"": ""Triplofusus princeps"", ""common_name"": """", ""score"": 0.04529799893498421}]"
obs_337063055_photo_612648507_box5.jpg,/rs1/researchers/a/amallav/results/outputs_crop/obs_337063055_photo_612648507_box5.jpg,obs_337063055_photo_612648507,#N/A,5,5,Ranella olearium,Charonia tritonis,FALSE,,Giant frogsnail,Animalia,Animalia,Mollusca,Mollusca,Gastropoda,Gastropoda,Littorinimorpha,Littorinimorpha,Ranellidae,Charoniidae,Ranella,Charonia,0.096953735,3,"[{""species"": ""Charonia tritonis"", ""common_name"": ""Pacific triton"", ""score"": 0.2806348502635956}, {""species"": ""Titanostrombus goliath"", ""common_name"": """", ""score"": 0.1666363924741745}, {""species"": ""Ranella olearium"", ""common_name"": ""Giant frogsnail"", ""score"": 0.09695373475551605}, {""species"": ""Malea ringens"", ""common_name"": ""Great grinning tun"", ""score"": 0.058330874890089035}, {""species"": ""Triplofusus princeps"", ""common_name"": """", ""score"": 0.04529799893498421}]"
obs_337063055_photo_612648507_box5.jpg,/rs1/researchers/a/amallav/results/outputs_crop/obs_337063055_photo_612648507_box5.jpg,obs_337063055_photo_612648507,#N/A,5,5,Malea ringens,Charonia tritonis,FALSE,,Great grinning tun,Animalia,Animalia,Mollusca,Mollusca,Gastropoda,Gastropoda,Littorinimorpha,Littorinimorpha,Tonnidae,Charoniidae,Malea,Charonia,0.058330875,4,"[{""species"": ""Charonia tritonis"", ""common_name"": ""Pacific triton"", ""score"": 0.2806348502635956}, {""species"": ""Titanostrombus goliath"", ""common_name"": """", ""score"": 0.1666363924741745}, {""species"": ""Ranella olearium"", ""common_name"": ""Giant frogsnail"", ""score"": 0.09695373475551605}, {""species"": ""Malea ringens"", ""common_name"": ""Great grinning tun"", ""score"": 0.058330874890089035}, {""species"": ""Triplofusus princeps"", ""common_name"": """", ""score"": 0.04529799893498421}]"
obs_337063055_photo_612648507_box5.jpg,/rs1/researchers/a/amallav/results/outputs_crop/obs_337063055_photo_612648507_box5.jpg,obs_337063055_photo_612648507,#N/A,5,5,Triplofusus princeps,Charonia tritonis,FALSE,,,Animalia,Animalia,Mollusca,Mollusca,Gastropoda,Gastropoda,Neogastropoda,Littorinimorpha,Fasciolariidae,Charoniidae,Triplofusus,Charonia,0.045297999,5,"[{""species"": ""Charonia tritonis"", ""common_name"": ""Pacific triton"", ""score"": 0.2806348502635956}, {""species"": ""Titanostrombus goliath"", ""common_name"": """", ""score"": 0.1666363924741745}, {""species"": ""Ranella olearium"", ""common_name"": ""Giant frogsnail"", ""score"": 0.09695373475551605}, {""species"": ""Malea ringens"", ""common_name"": ""Great grinning tun"", ""score"": 0.058330874890089035}, {""species"": ""Triplofusus princeps"", ""common_name"": """", ""score"": 0.04529799893498421}]"
obs_337600645_photo_614526508_box1.jpg,/rs1/researchers/a/amallav/results/outputs_crop/obs_337600645_photo_614526508_box1.jpg,obs_337600645_photo_614526508,obs_337600645_photo_614526508,1,1,Haematopus bachmani,Strongylocentrotus purpuratus,FALSE,Species not in the box,Black oystercatcher,Animalia,Animalia,Chordata,Echinodermata,Aves,Echinoidea,Charadriiformes,Camarodonta,Haematopodidae,Strongylocentrotidae,Haematopus,Strongylocentrotus,0.86283654,1,"[{""species"": ""Haematopus bachmani"", ""common_name"": ""Black oystercatcher"", ""score"": 0.8628365397453308}, {""species"": ""Haematopus fuliginosus"", ""common_name"": ""Sooty Oystercatcher"", ""score"": 0.04447416588664055}, {""species"": ""Haematopus ater"", ""common_name"": ""Blackish Oystercatcher"", ""score"": 0.028220798820257187}, {""species"": ""Haematopus unicolor"", ""common_name"": ""Variable Oystercatcher"", ""score"": 0.012540877796709538}, {""species"": ""Fratercula cirrhata"", ""common_name"": ""Tufted Puffin"", ""score"": 0.010718927718698978}]"
obs_337600645_photo_614526508_box1.jpg,/rs1/researchers/a/amallav/results/outputs_crop/obs_337600645_photo_614526508_box1.jpg,obs_337600645_photo_614526508,obs_337600645_photo_614526508,1,1,Haematopus fuliginosus,Strongylocentrotus purpuratus,FALSE,Species not in the box,Sooty Oystercatcher,Animalia,Animalia,Chordata,Echinodermata,Aves,Echinoidea,Charadriiformes,Camarodonta,Haematopodidae,Strongylocentrotidae,Haematopus,Strongylocentrotus,0.044474166,2,"[{""species"": ""Haematopus bachmani"", ""common_name"": ""Black oystercatcher"", ""score"": 0.8628365397453308}, {""species"": ""Haematopus fuliginosus"", ""common_name"": ""Sooty Oystercatcher"", ""score"": 0.04447416588664055}, {""species"": ""Haematopus ater"", ""common_name"": ""Blackish Oystercatcher"", ""score"": 0.028220798820257187}, {""species"": ""Haematopus unicolor"", ""common_name"": ""Variable Oystercatcher"", ""score"": 0.012540877796709538}, {""species"": ""Fratercula cirrhata"", ""common_name"": ""Tufted Puffin"", ""score"": 0.010718927718698978}]"
obs_337600645_photo_614526508_box1.jpg,/rs1/researchers/a/amallav/results/outputs_crop/obs_337600645_photo_614526508_box1.jpg,obs_337600645_photo_614526508,obs_337600645_photo_614526508,1,1,Haematopus ater,Strongylocentrotus purpuratus,FALSE,Species not in the box,Blackish Oystercatcher,Animalia,Animalia,Chordata,Echinodermata,Aves,Echinoidea,Charadriiformes,Camarodonta,Haematopodidae,Strongylocentrotidae,Haematopus,Strongylocentrotus,0.028220799,3,"[{""species"": ""Haematopus bachmani"", ""common_name"": ""Black oystercatcher"", ""score"": 0.8628365397453308}, {""species"": ""Haematopus fuliginosus"", ""common_name"": ""Sooty Oystercatcher"", ""score"": 0.04447416588664055}, {""species"": ""Haematopus ater"", ""common_name"": ""Blackish Oystercatcher"", ""score"": 0.028220798820257187}, {""species"": ""Haematopus unicolor"", ""common_name"": ""Variable Oystercatcher"", ""score"": 0.012540877796709538}, {""species"": ""Fratercula cirrhata"", ""common_name"": ""Tufted Puffin"", ""score"": 0.010718927718698978}]"
obs_337600645_photo_614526508_box1.jpg,/rs1/researchers/a/amallav/results/outputs_crop/obs_337600645_photo_614526508_box1.jpg,obs_337600645_photo_614526508,obs_337600645_photo_614526508,1,1,Haematopus unicolor,Strongylocentrotus purpuratus,FALSE,Species not in the box,Variable Oystercatcher,Animalia,Animalia,Chordata,Echinodermata,Aves,Echinoidea,Charadriiformes,Camarodonta,Haematopodidae,Strongylocentrotidae,Haematopus,Strongylocentrotus,0.012540878,4,"[{""species"": ""Haematopus bachmani"", ""common_name"": ""Black oystercatcher"", ""score"": 0.8628365397453308}, {""species"": ""Haematopus fuliginosus"", ""common_name"": ""Sooty Oystercatcher"", ""score"": 0.04447416588664055}, {""species"": ""Haematopus ater"", ""common_name"": ""Blackish Oystercatcher"", ""score"": 0.028220798820257187}, {""species"": ""Haematopus unicolor"", ""common_name"": ""Variable Oystercatcher"", ""score"": 0.012540877796709538}, {""species"": ""Fratercula cirrhata"", ""common_name"": ""Tufted Puffin"", ""score"": 0.010718927718698978}]"
obs_337600645_photo_614526508_box1.jpg,/rs1/researchers/a/amallav/results/outputs_crop/obs_337600645_photo_614526508_box1.jpg,obs_337600645_photo_614526508,obs_337600645_photo_614526508,1,1,Fratercula cirrhata,Strongylocentrotus purpuratus,FALSE,Species not in the box,Tufted Puffin,Animalia,Animalia,Chordata,Echinodermata,Aves,Echinoidea,Charadriiformes,Camarodonta,Alcidae,Strongylocentrotidae,Fratercula,Strongylocentrotus,0.010718928,5,"[{""species"": ""Haematopus bachmani"", ""common_name"": ""Black oystercatcher"", ""score"": 0.8628365397453308}, {""species"": ""Haematopus fuliginosus"", ""common_name"": ""Sooty Oystercatcher"", ""score"": 0.04447416588664055}, {""species"": ""Haematopus ater"", ""common_name"": ""Blackish Oystercatcher"", ""score"": 0.028220798820257187}, {""species"": ""Haematopus unicolor"", ""common_name"": ""Variable Oystercatcher"", ""score"": 0.012540877796709538}, {""species"": ""Fratercula cirrhata"", ""common_name"": ""Tufted Puffin"", ""score"": 0.010718927718698978}]"
obs_337600645_photo_614526508_box2.jpg,/rs1/researchers/a/amallav/results/outputs_crop/obs_337600645_photo_614526508_box2.jpg,obs_337600645_photo_614526508,obs_337600645_photo_614526508,2,2,Eukerria saltensis,Strongylocentrotus purpuratus,FALSE,Species not in the box,Earthworm,Animalia,Animalia,Annelida,Echinodermata,Clitellata,Echinoidea,Crassiclitellata,Camarodonta,Ocnerodrilidae,Strongylocentrotidae,Eukerria,Strongylocentrotus,0.033013113,1,"[{""species"": ""Eukerria saltensis"", ""common_name"": ""Earthworm"", ""score"": 0.03301311284303665}, {""species"": ""Pomphorhynchus tereticollis"", ""common_name"": """", ""score"": 0.021138345822691917}, {""species"": ""Dipylidium caninum"", ""common_name"": """", ""score"": 0.01289954874664545}, {""species"": ""Eisenia lucens"", ""common_name"": """", ""score"": 0.009099539369344711}, {""species"": ""Fustiaria stenoschiza"", ""common_name"": ""Narrow-slit tuskshell"", ""score"": 0.0075921108946204185}]"
obs_337600645_photo_614526508_box2.jpg,/rs1/researchers/a/amallav/results/outputs_crop/obs_337600645_photo_614526508_box2.jpg,obs_337600645_photo_614526508,obs_337600645_photo_614526508,2,2,Pomphorhynchus tereticollis,Strongylocentrotus purpuratus,FALSE,Species not in the box,,Animalia,Animalia,Acanthocephala,Echinodermata,Palaeacanthocephala,Echinoidea,Echinorhynchida,Camarodonta,Pomphorhynchidae,Strongylocentrotidae,Pomphorhynchus,Strongylocentrotus,0.021138346,2,"[{""species"": ""Eukerria saltensis"", ""common_name"": ""Earthworm"", ""score"": 0.03301311284303665}, {""species"": ""Pomphorhynchus tereticollis"", ""common_name"": """", ""score"": 0.021138345822691917}, {""species"": ""Dipylidium caninum"", ""common_name"": """", ""score"": 0.01289954874664545}, {""species"": ""Eisenia lucens"", ""common_name"": """", ""score"": 0.009099539369344711}, {""species"": ""Fustiaria stenoschiza"", ""common_name"": ""Narrow-slit tuskshell"", ""score"": 0.0075921108946204185}]"
obs_337600645_photo_614526508_box2.jpg,/rs1/researchers/a/amallav/results/outputs_crop/obs_337600645_photo_614526508_box2.jpg,obs_337600645_photo_614526508,obs_337600645_photo_614526508,2,2,Dipylidium caninum,Strongylocentrotus purpuratus,FALSE,Species not in the box,,Animalia,Animalia,Platyhelminthes,Echinodermata,Cestoda,Echinoidea,Cyclophyllidea,Camarodonta,Dipylidiidae,Strongylocentrotidae,Dipylidium,Strongylocentrotus,0.012899549,3,"[{""species"": ""Eukerria saltensis"", ""common_name"": ""Earthworm"", ""score"": 0.03301311284303665}, {""species"": ""Pomphorhynchus tereticollis"", ""common_name"": """", ""score"": 0.021138345822691917}, {""species"": ""Dipylidium caninum"", ""common_name"": """", ""score"": 0.01289954874664545}, {""species"": ""Eisenia lucens"", ""common_name"": """", ""score"": 0.009099539369344711}, {""species"": ""Fustiaria stenoschiza"", ""common_name"": ""Narrow-slit tuskshell"", ""score"": 0.0075921108946204185}]"
obs_337600645_photo_614526508_box2.jpg,/rs1/researchers/a/amallav/results/outputs_crop/obs_337600645_photo_614526508_box2.jpg,obs_337600645_photo_614526508,obs_337600645_photo_614526508,2,2,Eisenia lucens,Strongylocentrotus purpuratus,FALSE,Species not in the box,,Animalia,Animalia,Annelida,Echinodermata,Clitellata,Echinoidea,Crassiclitellata,Camarodonta,Lumbricidae,Strongylocentrotidae,Eisenia,Strongylocentrotus,0.009099539,4,"[{""species"": ""Eukerria saltensis"", ""common_name"": ""Earthworm"", ""score"": 0.03301311284303665}, {""species"": ""Pomphorhynchus tereticollis"", ""common_name"": """", ""score"": 0.021138345822691917}, {""species"": ""Dipylidium caninum"", ""common_name"": """", ""score"": 0.01289954874664545}, {""species"": ""Eisenia lucens"", ""common_name"": """", ""score"": 0.009099539369344711}, {""species"": ""Fustiaria stenoschiza"", ""common_name"": ""Narrow-slit tuskshell"", ""score"": 0.0075921108946204185}]"
obs_337600645_photo_614526508_box2.jpg,/rs1/researchers/a/amallav/results/outputs_crop/obs_337600645_photo_614526508_box2.jpg,obs_337600645_photo_614526508,obs_337600645_photo_614526508,2,2,Fustiaria stenoschiza,Strongylocentrotus purpuratus,FALSE,Species not in the box,Narrow-slit tuskshell,Animalia,Animalia,Mollusca,Echinodermata,Scaphopoda,Echinoidea,Dentaliida,Camarodonta,Fustiariidae,Strongylocentrotidae,Fustiaria,Strongylocentrotus,0.007592111,5,"[{""species"": ""Eukerria saltensis"", ""common_name"": ""Earthworm"", ""score"": 0.03301311284303665}, {""species"": ""Pomphorhynchus tereticollis"", ""common_name"": """", ""score"": 0.021138345822691917}, {""species"": ""Dipylidium caninum"", ""common_name"": """", ""score"": 0.01289954874664545}, {""species"": ""Eisenia lucens"", ""common_name"": """", ""score"": 0.009099539369344711}, {""species"": ""Fustiaria stenoschiza"", ""common_name"": ""Narrow-slit tuskshell"", ""score"": 0.0075921108946204185}]"
obs_337606242_photo_613762919_box1.jpg,/rs1/researchers/a/amallav/results/outputs_crop/obs_337606242_photo_613762919_box1.jpg,obs_337606242_photo_613762919,obs_337606242_photo_613762919,1,1,Persicaria virginiana,Puccinia polygoni-amphibii,FALSE,Species is small part of the box. Fungus,Jumpseed,Plantae,Fungi,Tracheophyta,Basidiomycota,Magnoliopsida,Pucciniomycetes,Caryophyllales,Pucciniales,Polygonaceae,Pucciniaceae,Persicaria,Puccinia,0.401622236,1,"[{""species"": ""Persicaria virginiana"", ""common_name"": ""Jumpseed"", ""score"": 0.4016222357749939}, {""species"": ""Persicaria filiformis"", ""common_name"": ""Jumpseed"", ""score"": 0.07154636085033417}, {""species"": ""Coleosporium elephantopodis"", ""common_name"": """", ""score"": 0.027283651754260063}, {""species"": ""Pucciniastrum circaeae"", ""common_name"": """", ""score"": 0.01019593421369791}, {""species"": ""Erysiphe carpophila"", ""common_name"": """", ""score"": 0.008947223424911499}]"
obs_337606242_photo_613762919_box1.jpg,/rs1/researchers/a/amallav/results/outputs_crop/obs_337606242_photo_613762919_box1.jpg,obs_337606242_photo_613762919,obs_337606242_photo_613762919,1,1,Persicaria filiformis,Puccinia polygoni-amphibii,FALSE,Species is small part of the box. Fungus,Jumpseed,Plantae,Fungi,Tracheophyta,Basidiomycota,Magnoliopsida,Pucciniomycetes,Caryophyllales,Pucciniales,Polygonaceae,Pucciniaceae,Persicaria,Puccinia,0.071546361,2,"[{""species"": ""Persicaria virginiana"", ""common_name"": ""Jumpseed"", ""score"": 0.4016222357749939}, {""species"": ""Persicaria filiformis"", ""common_name"": ""Jumpseed"", ""score"": 0.07154636085033417}, {""species"": ""Coleosporium elephantopodis"", ""common_name"": """", ""score"": 0.027283651754260063}, {""species"": ""Pucciniastrum circaeae"", ""common_name"": """", ""score"": 0.01019593421369791}, {""species"": ""Erysiphe carpophila"", ""common_name"": """", ""score"": 0.008947223424911499}]"
obs_337606242_photo_613762919_box1.jpg,/rs1/researchers/a/amallav/results/outputs_crop/obs_337606242_photo_613762919_box1.jpg,obs_337606242_photo_613762919,obs_337606242_photo_613762919,1,1,Coleosporium elephantopodis,Puccinia polygoni-amphibii,FALSE,Species is small part of the box. Fungus,,Fungi,Fungi,Basidiomycota,Basidiomycota,Pucciniomycetes,Pucciniomycetes,Pucciniales,Pucciniales,Coleosporiaceae,Pucciniaceae,Coleosporium,Puccinia,0.027283652,3,"[{""species"": ""Persicaria virginiana"", ""common_name"": ""Jumpseed"", ""score"": 0.4016222357749939}, {""species"": ""Persicaria filiformis"", ""common_name"": ""Jumpseed"", ""score"": 0.07154636085033417}, {""species"": ""Coleosporium elephantopodis"", ""common_name"": """", ""score"": 0.027283651754260063}, {""species"": ""Pucciniastrum circaeae"", ""common_name"": """", ""score"": 0.01019593421369791}, {""species"": ""Erysiphe carpophila"", ""common_name"": """", ""score"": 0.008947223424911499}]"
obs_337606242_photo_613762919_box1.jpg,/rs1/researchers/a/amallav/results/outputs_crop/obs_337606242_photo_613762919_box1.jpg,obs_337606242_photo_613762919,obs_337606242_photo_613762919,1,1,Pucciniastrum circaeae,Puccinia polygoni-amphibii,FALSE,Species is small part of the box. Fungus,,Fungi,Fungi,Basidiomycota,Basidiomycota,Pucciniomycetes,Pucciniomycetes,Pucciniales,Pucciniales,Pucciniastraceae,Pucciniaceae,Pucciniastrum,Puccinia,0.010195934,4,"[{""species"": ""Persicaria virginiana"", ""common_name"": ""Jumpseed"", ""score"": 0.4016222357749939}, {""species"": ""Persicaria filiformis"", ""common_name"": ""Jumpseed"", ""score"": 0.07154636085033417}, {""species"": ""Coleosporium elephantopodis"", ""common_name"": """", ""score"": 0.027283651754260063}, {""species"": ""Pucciniastrum circaeae"", ""common_name"": """", ""score"": 0.01019593421369791}, {""species"": ""Erysiphe carpophila"", ""common_name"": """", ""score"": 0.008947223424911499}]"
obs_337606242_photo_613762919_box1.jpg,/rs1/researchers/a/amallav/results/outputs_crop/obs_337606242_photo_613762919_box1.jpg,obs_337606242_photo_613762919,obs_337606242_photo_613762919,1,1,Erysiphe carpophila,Puccinia polygoni-amphibii,FALSE,Species is small part of the box. Fungus,,Fungi,Fungi,Ascomycota,Basidiomycota,Leotiomycetes,Pucciniomycetes,Helotiales,Pucciniales,Erysiphaceae,Pucciniaceae,Erysiphe,Puccinia,0.008947223,5,"[{""species"": ""Persicaria virginiana"", ""common_name"": ""Jumpseed"", ""score"": 0.4016222357749939}, {""species"": ""Persicaria filiformis"", ""common_name"": ""Jumpseed"", ""score"": 0.07154636085033417}, {""species"": ""Coleosporium elephantopodis"", ""common_name"": """", ""score"": 0.027283651754260063}, {""species"": ""Pucciniastrum circaeae"", ""common_name"": """", ""score"": 0.01019593421369791}, {""species"": ""Erysiphe carpophila"", ""common_name"": """", ""score"": 0.008947223424911499}]"
obs_337610708_photo_613769550_box1.jpg,/rs1/researchers/a/amallav/results/outputs_crop/obs_337610708_photo_613769550_box1.jpg,obs_337610708_photo_613769550,#N/A,1,1,Neoerysiphe nevoi,Golovinomyces bolayi,FALSE,,,Fungi,Fungi,Ascomycota,Ascomycota,Leotiomycetes,Leotiomycetes,Helotiales,Helotiales,Erysiphaceae,Erysiphaceae,Neoerysiphe,Golovinomyces,0.234029293,1,"[{""species"": ""Neoerysiphe nevoi"", ""common_name"": """", ""score"": 0.23402929306030273}, {""species"": ""Golovinomyces eurybiarum"", ""common_name"": """", ""score"": 0.14207270741462708}, {""species"": ""Golovinomyces sonchicola"", ""common_name"": """", ""score"": 0.12114723771810532}, {""species"": ""Lactuca floridana"", ""common_name"": ""Woodland lettuce"", ""score"": 0.09424956887960434}, {""species"": ""Golovinomyces bolayi"", ""common_name"": """", ""score"": 0.054684970527887344}]"
obs_337610708_photo_613769550_box1.jpg,/rs1/researchers/a/amallav/results/outputs_crop/obs_337610708_photo_613769550_box1.jpg,obs_337610708_photo_613769550,#N/A,1,1,Golovinomyces eurybiarum,Golovinomyces bolayi,FALSE,,,Fungi,Fungi,Ascomycota,Ascomycota,Leotiomycetes,Leotiomycetes,Helotiales,Helotiales,Erysiphaceae,Erysiphaceae,Golovinomyces,Golovinomyces,0.142072707,2,"[{""species"": ""Neoerysiphe nevoi"", ""common_name"": """", ""score"": 0.23402929306030273}, {""species"": ""Golovinomyces eurybiarum"", ""common_name"": """", ""score"": 0.14207270741462708}, {""species"": ""Golovinomyces sonchicola"", ""common_name"": """", ""score"": 0.12114723771810532}, {""species"": ""Lactuca floridana"", ""common_name"": ""Woodland lettuce"", ""score"": 0.09424956887960434}, {""species"": ""Golovinomyces bolayi"", ""common_name"": """", ""score"": 0.054684970527887344}]"
obs_337610708_photo_613769550_box1.jpg,/rs1/researchers/a/amallav/results/outputs_crop/obs_337610708_photo_613769550_box1.jpg,obs_337610708_photo_613769550,#N/A,1,1,Golovinomyces sonchicola,Golovinomyces bolayi,FALSE,,,Fungi,Fungi,Ascomycota,Ascomycota,Leotiomycetes,Leotiomycetes,Helotiales,Helotiales,Erysiphaceae,Erysiphaceae,Golovinomyces,Golovinomyces,0.121147238,3,"[{""species"": ""Neoerysiphe nevoi"", ""common_name"": """", ""score"": 0.23402929306030273}, {""species"": ""Golovinomyces eurybiarum"", ""common_name"": """", ""score"": 0.14207270741462708}, {""species"": ""Golovinomyces sonchicola"", ""common_name"": """", ""score"": 0.12114723771810532}, {""species"": ""Lactuca floridana"", ""common_name"": ""Woodland lettuce"", ""score"": 0.09424956887960434}, {""species"": ""Golovinomyces bolayi"", ""common_name"": """", ""score"": 0.054684970527887344}]"
obs_337610708_photo_613769550_box1.jpg,/rs1/researchers/a/amallav/results/outputs_crop/obs_337610708_photo_613769550_box1.jpg,obs_337610708_photo_613769550,#N/A,1,1,Lactuca floridana,Golovinomyces bolayi,FALSE,,Woodland lettuce,Plantae,Fungi,Tracheophyta,Ascomycota,Magnoliopsida,Leotiomycetes,Asterales,Helotiales,Asteraceae,Erysiphaceae,Lactuca,Golovinomyces,0.094249569,4,"[{""species"": ""Neoerysiphe nevoi"", ""common_name"": """", ""score"": 0.23402929306030273}, {""species"": ""Golovinomyces eurybiarum"", ""common_name"": """", ""score"": 0.14207270741462708}, {""species"": ""Golovinomyces sonchicola"", ""common_name"": """", ""score"": 0.12114723771810532}, {""species"": ""Lactuca floridana"", ""common_name"": ""Woodland lettuce"", ""score"": 0.09424956887960434}, {""species"": ""Golovinomyces bolayi"", ""common_name"": """", ""score"": 0.054684970527887344}]"
obs_337610708_photo_613769550_box1.jpg,/rs1/researchers/a/amallav/results/outputs_crop/obs_337610708_photo_613769550_box1.jpg,obs_337610708_photo_613769550,#N/A,1,1,Golovinomyces bolayi,Golovinomyces bolayi,TRUE,,,Fungi,Fungi,Ascomycota,Ascomycota,Leotiomycetes,Leotiomycetes,Helotiales,Helotiales,Erysiphaceae,Erysiphaceae,Golovinomyces,Golovinomyces,0.054684971,5,"[{""species"": ""Neoerysiphe nevoi"", ""common_name"": """", ""score"": 0.23402929306030273}, {""species"": ""Golovinomyces eurybiarum"", ""common_name"": """", ""score"": 0.14207270741462708}, {""species"": ""Golovinomyces sonchicola"", ""common_name"": """", ""score"": 0.12114723771810532}, {""species"": ""Lactuca floridana"", ""common_name"": ""Woodland lettuce"", ""score"": 0.09424956887960434}, {""species"": ""Golovinomyces bolayi"", ""common_name"": """", ""score"": 0.054684970527887344}]"
obs_337610708_photo_613769550_box2.jpg,/rs1/researchers/a/amallav/results/outputs_crop/obs_337610708_photo_613769550_box2.jpg,obs_337610708_photo_613769550,#N/A,2,2,Lactuca floridana,Golovinomyces bolayi,FALSE,,Woodland lettuce,Plantae,Fungi,Tracheophyta,Ascomycota,Magnoliopsida,Leotiomycetes,Asterales,Helotiales,Asteraceae,Erysiphaceae,Lactuca,Golovinomyces,0.263293833,1,"[{""species"": ""Lactuca floridana"", ""common_name"": ""Woodland lettuce"", ""score"": 0.2632938325405121}, {""species"": ""Neoerysiphe nevoi"", ""common_name"": """", ""score"": 0.12558116018772125}, {""species"": ""Golovinomyces eurybiarum"", ""common_name"": """", ""score"": 0.11077934503555298}, {""species"": ""Golovinomyces sonchicola"", ""common_name"": """", ""score"": 0.044780418276786804}, {""species"": ""Golovinomyces bolayi"", ""common_name"": """", ""score"": 0.03849020600318909}]"
obs_337610708_photo_613769550_box2.jpg,/rs1/researchers/a/amallav/results/outputs_crop/obs_337610708_photo_613769550_box2.jpg,obs_337610708_photo_613769550,#N/A,2,2,Neoerysiphe nevoi,Golovinomyces bolayi,FALSE,,,Fungi,Fungi,Ascomycota,Ascomycota,Leotiomycetes,Leotiomycetes,Helotiales,Helotiales,Erysiphaceae,Erysiphaceae,Neoerysiphe,Golovinomyces,0.12558116,2,"[{""species"": ""Lactuca floridana"", ""common_name"": ""Woodland lettuce"", ""score"": 0.2632938325405121}, {""species"": ""Neoerysiphe nevoi"", ""common_name"": """", ""score"": 0.12558116018772125}, {""species"": ""Golovinomyces eurybiarum"", ""common_name"": """", ""score"": 0.11077934503555298}, {""species"": ""Golovinomyces sonchicola"", ""common_name"": """", ""score"": 0.044780418276786804}, {""species"": ""Golovinomyces bolayi"", ""common_name"": """", ""score"": 0.03849020600318909}]"
obs_337610708_photo_613769550_box2.jpg,/rs1/researchers/a/amallav/results/outputs_crop/obs_337610708_photo_613769550_box2.jpg,obs_337610708_photo_613769550,#N/A,2,2,Golovinomyces eurybiarum,Golovinomyces bolayi,FALSE,,,Fungi,Fungi,Ascomycota,Ascomycota,Leotiomycetes,Leotiomycetes,Helotiales,Helotiales,Erysiphaceae,Erysiphaceae,Golovinomyces,Golovinomyces,0.110779345,3,"[{""species"": ""Lactuca floridana"", ""common_name"": ""Woodland lettuce"", ""score"": 0.2632938325405121}, {""species"": ""Neoerysiphe nevoi"", ""common_name"": """", ""score"": 0.12558116018772125}, {""species"": ""Golovinomyces eurybiarum"", ""common_name"": """", ""score"": 0.11077934503555298}, {""species"": ""Golovinomyces sonchicola"", ""common_name"": """", ""score"": 0.044780418276786804}, {""species"": ""Golovinomyces bolayi"", ""common_name"": """", ""score"": 0.03849020600318909}]"
obs_337610708_photo_613769550_box2.jpg,/rs1/researchers/a/amallav/results/outputs_crop/obs_337610708_photo_613769550_box2.jpg,obs_337610708_photo_613769550,#N/A,2,2,Golovinomyces sonchicola,Golovinomyces bolayi,FALSE,,,Fungi,Fungi,Ascomycota,Ascomycota,Leotiomycetes,Leotiomycetes,Helotiales,Helotiales,Erysiphaceae,Erysiphaceae,Golovinomyces,Golovinomyces,0.044780418,4,"[{""species"": ""Lactuca floridana"", ""common_name"": ""Woodland lettuce"", ""score"": 0.2632938325405121}, {""species"": ""Neoerysiphe nevoi"", ""common_name"": """", ""score"": 0.12558116018772125}, {""species"": ""Golovinomyces eurybiarum"", ""common_name"": """", ""score"": 0.11077934503555298}, {""species"": ""Golovinomyces sonchicola"", ""common_name"": """", ""score"": 0.044780418276786804}, {""species"": ""Golovinomyces bolayi"", ""common_name"": """", ""score"": 0.03849020600318909}]"
obs_337610708_photo_613769550_box2.jpg,/rs1/researchers/a/amallav/results/outputs_crop/obs_337610708_photo_613769550_box2.jpg,obs_337610708_photo_613769550,#N/A,2,2,Golovinomyces bolayi,Golovinomyces bolayi,TRUE,,,Fungi,Fungi,Ascomycota,Ascomycota,Leotiomycetes,Leotiomycetes,Helotiales,Helotiales,Erysiphaceae,Erysiphaceae,Golovinomyces,Golovinomyces,0.038490206,5,"[{""species"": ""Lactuca floridana"", ""common_name"": ""Woodland lettuce"", ""score"": 0.2632938325405121}, {""species"": ""Neoerysiphe nevoi"", ""common_name"": """", ""score"": 0.12558116018772125}, {""species"": ""Golovinomyces eurybiarum"", ""common_name"": """", ""score"": 0.11077934503555298}, {""species"": ""Golovinomyces sonchicola"", ""common_name"": """", ""score"": 0.044780418276786804}, {""species"": ""Golovinomyces bolayi"", ""common_name"": """", ""score"": 0.03849020600318909}]"
obs_337610708_photo_613769550_box3.jpg,/rs1/researchers/a/amallav/results/outputs_crop/obs_337610708_photo_613769550_box3.jpg,obs_337610708_photo_613769550,#N/A,3,3,Golovinomyces bolayi,Golovinomyces bolayi,TRUE,,,Fungi,Fungi,Ascomycota,Ascomycota,Leotiomycetes,Leotiomycetes,Helotiales,Helotiales,Erysiphaceae,Erysiphaceae,Golovinomyces,Golovinomyces,0.296412289,1,"[{""species"": ""Golovinomyces bolayi"", ""common_name"": """", ""score"": 0.29641228914260864}, {""species"": ""Golovinomyces eurybiarum"", ""common_name"": """", ""score"": 0.11689076572656631}, {""species"": ""Golovinomyces sonchicola"", ""common_name"": """", ""score"": 0.11289922893047333}, {""species"": ""Golovinomyces malvacearum"", ""common_name"": """", ""score"": 0.05991322174668312}, {""species"": ""Golovinomyces hydrophyllacearum"", ""common_name"": """", ""score"": 0.030955249443650246}]"
obs_337610708_photo_613769550_box3.jpg,/rs1/researchers/a/amallav/results/outputs_crop/obs_337610708_photo_613769550_box3.jpg,obs_337610708_photo_613769550,#N/A,3,3,Golovinomyces eurybiarum,Golovinomyces bolayi,FALSE,,,Fungi,Fungi,Ascomycota,Ascomycota,Leotiomycetes,Leotiomycetes,Helotiales,Helotiales,Erysiphaceae,Erysiphaceae,Golovinomyces,Golovinomyces,0.116890766,2,"[{""species"": ""Golovinomyces bolayi"", ""common_name"": """", ""score"": 0.29641228914260864}, {""species"": ""Golovinomyces eurybiarum"", ""common_name"": """", ""score"": 0.11689076572656631}, {""species"": ""Golovinomyces sonchicola"", ""common_name"": """", ""score"": 0.11289922893047333}, {""species"": ""Golovinomyces malvacearum"", ""common_name"": """", ""score"": 0.05991322174668312}, {""species"": ""Golovinomyces hydrophyllacearum"", ""common_name"": """", ""score"": 0.030955249443650246}]"
obs_337610708_photo_613769550_box3.jpg,/rs1/researchers/a/amallav/results/outputs_crop/obs_337610708_photo_613769550_box3.jpg,obs_337610708_photo_613769550,#N/A,3,3,Golovinomyces sonchicola,Golovinomyces bolayi,FALSE,,,Fungi,Fungi,Ascomycota,Ascomycota,Leotiomycetes,Leotiomycetes,Helotiales,Helotiales,Erysiphaceae,Erysiphaceae,Golovinomyces,Golovinomyces,0.112899229,3,"[{""species"": ""Golovinomyces bolayi"", ""common_name"": """", ""score"": 0.29641228914260864}, {""species"": ""Golovinomyces eurybiarum"", ""common_name"": """", ""score"": 0.11689076572656631}, {""species"": ""Golovinomyces sonchicola"", ""common_name"": """", ""score"": 0.11289922893047333}, {""species"": ""Golovinomyces malvacearum"", ""common_name"": """", ""score"": 0.05991322174668312}, {""species"": ""Golovinomyces hydrophyllacearum"", ""common_name"": """", ""score"": 0.030955249443650246}]"
obs_337610708_photo_613769550_box3.jpg,/rs1/researchers/a/amallav/results/outputs_crop/obs_337610708_photo_613769550_box3.jpg,obs_337610708_photo_613769550,#N/A,3,3,Golovinomyces malvacearum,Golovinomyces bolayi,FALSE,,,Fungi,Fungi,Ascomycota,Ascomycota,Leotiomycetes,Leotiomycetes,Helotiales,Helotiales,Erysiphaceae,Erysiphaceae,Golovinomyces,Golovinomyces,0.059913222,4,"[{""species"": ""Golovinomyces bolayi"", ""common_name"": """", ""score"": 0.29641228914260864}, {""species"": ""Golovinomyces eurybiarum"", ""common_name"": """", ""score"": 0.11689076572656631}, {""species"": ""Golovinomyces sonchicola"", ""common_name"": """", ""score"": 0.11289922893047333}, {""species"": ""Golovinomyces malvacearum"", ""common_name"": """", ""score"": 0.05991322174668312}, {""species"": ""Golovinomyces hydrophyllacearum"", ""common_name"": """", ""score"": 0.030955249443650246}]"
obs_337610708_photo_613769550_box3.jpg,/rs1/researchers/a/amallav/results/outputs_crop/obs_337610708_photo_613769550_box3.jpg,obs_337610708_photo_613769550,#N/A,3,3,Golovinomyces hydrophyllacearum,Golovinomyces bolayi,FALSE,,,Fungi,Fungi,Ascomycota,Ascomycota,Leotiomycetes,Leotiomycetes,Helotiales,Helotiales,Erysiphaceae,Erysiphaceae,Golovinomyces,Golovinomyces,0.030955249,5,"[{""species"": ""Golovinomyces bolayi"", ""common_name"": """", ""score"": 0.29641228914260864}, {""species"": ""Golovinomyces eurybiarum"", ""common_name"": """", ""score"": 0.11689076572656631}, {""species"": ""Golovinomyces sonchicola"", ""common_name"": """", ""score"": 0.11289922893047333}, {""species"": ""Golovinomyces malvacearum"", ""common_name"": """", ""score"": 0.05991322174668312}, {""species"": ""Golovinomyces hydrophyllacearum"", ""common_name"": """", ""score"": 0.030955249443650246}]"
obs_337610708_photo_613769550_box4.jpg,/rs1/researchers/a/amallav/results/outputs_crop/obs_337610708_photo_613769550_box4.jpg,obs_337610708_photo_613769550,#N/A,4,4,Lactuca floridana,Golovinomyces bolayi,FALSE,,Woodland lettuce,Plantae,Fungi,Tracheophyta,Ascomycota,Magnoliopsida,Leotiomycetes,Asterales,Helotiales,Asteraceae,Erysiphaceae,Lactuca,Golovinomyces,0.564324319,1,"[{""species"": ""Lactuca floridana"", ""common_name"": ""Woodland lettuce"", ""score"": 0.5643243193626404}, {""species"": ""Neoerysiphe nevoi"", ""common_name"": """", ""score"": 0.060736283659935}, {""species"": ""Golovinomyces bolayi"", ""common_name"": """", ""score"": 0.03473716601729393}, {""species"": ""Golovinomyces sonchicola"", ""common_name"": """", ""score"": 0.03289852663874626}, {""species"": ""Golovinomyces eurybiarum"", ""common_name"": """", ""score"": 0.01719116047024727}]"
obs_337610708_photo_613769550_box4.jpg,/rs1/researchers/a/amallav/results/outputs_crop/obs_337610708_photo_613769550_box4.jpg,obs_337610708_photo_613769550,#N/A,4,4,Neoerysiphe nevoi,Golovinomyces bolayi,FALSE,,,Fungi,Fungi,Ascomycota,Ascomycota,Leotiomycetes,Leotiomycetes,Helotiales,Helotiales,Erysiphaceae,Erysiphaceae,Neoerysiphe,Golovinomyces,0.060736284,2,"[{""species"": ""Lactuca floridana"", ""common_name"": ""Woodland lettuce"", ""score"": 0.5643243193626404}, {""species"": ""Neoerysiphe nevoi"", ""common_name"": """", ""score"": 0.060736283659935}, {""species"": ""Golovinomyces bolayi"", ""common_name"": """", ""score"": 0.03473716601729393}, {""species"": ""Golovinomyces sonchicola"", ""common_name"": """", ""score"": 0.03289852663874626}, {""species"": ""Golovinomyces eurybiarum"", ""common_name"": """", ""score"": 0.01719116047024727}]"
obs_337610708_photo_613769550_box4.jpg,/rs1/researchers/a/amallav/results/outputs_crop/obs_337610708_photo_613769550_box4.jpg,obs_337610708_photo_613769550,#N/A,4,4,Golovinomyces bolayi,Golovinomyces bolayi,TRUE,,,Fungi,Fungi,Ascomycota,Ascomycota,Leotiomycetes,Leotiomycetes,Helotiales,Helotiales,Erysiphaceae,Erysiphaceae,Golovinomyces,Golovinomyces,0.034737166,3,"[{""species"": ""Lactuca floridana"", ""common_name"": ""Woodland lettuce"", ""score"": 0.5643243193626404}, {""species"": ""Neoerysiphe nevoi"", ""common_name"": """", ""score"": 0.060736283659935}, {""species"": ""Golovinomyces bolayi"", ""common_name"": """", ""score"": 0.03473716601729393}, {""species"": ""Golovinomyces sonchicola"", ""common_name"": """", ""score"": 0.03289852663874626}, {""species"": ""Golovinomyces eurybiarum"", ""common_name"": """", ""score"": 0.01719116047024727}]"
obs_337610708_photo_613769550_box4.jpg,/rs1/researchers/a/amallav/results/outputs_crop/obs_337610708_photo_613769550_box4.jpg,obs_337610708_photo_613769550,#N/A,4,4,Golovinomyces sonchicola,Golovinomyces bolayi,FALSE,,,Fungi,Fungi,Ascomycota,Ascomycota,Leotiomycetes,Leotiomycetes,Helotiales,Helotiales,Erysiphaceae,Erysiphaceae,Golovinomyces,Golovinomyces,0.032898527,4,"[{""species"": ""Lactuca floridana"", ""common_name"": ""Woodland lettuce"", ""score"": 0.5643243193626404}, {""species"": ""Neoerysiphe nevoi"", ""common_name"": """", ""score"": 0.060736283659935}, {""species"": ""Golovinomyces bolayi"", ""common_name"": """", ""score"": 0.03473716601729393}, {""species"": ""Golovinomyces sonchicola"", ""common_name"": """", ""score"": 0.03289852663874626}, {""species"": ""Golovinomyces eurybiarum"", ""common_name"": """", ""score"": 0.01719116047024727}]"
obs_337610708_photo_613769550_box4.jpg,/rs1/researchers/a/amallav/results/outputs_crop/obs_337610708_photo_613769550_box4.jpg,obs_337610708_photo_613769550,#N/A,4,4,Golovinomyces eurybiarum,Golovinomyces bolayi,FALSE,,,Fungi,Fungi,Ascomycota,Ascomycota,Leotiomycetes,Leotiomycetes,Helotiales,Helotiales,Erysiphaceae,Erysiphaceae,Golovinomyces,Golovinomyces,0.01719116,5,"[{""species"": ""Lactuca floridana"", ""common_name"": ""Woodland lettuce"", ""score"": 0.5643243193626404}, {""species"": ""Neoerysiphe nevoi"", ""common_name"": """", ""score"": 0.060736283659935}, {""species"": ""Golovinomyces bolayi"", ""common_name"": """", ""score"": 0.03473716601729393}, {""species"": ""Golovinomyces sonchicola"", ""common_name"": """", ""score"": 0.03289852663874626}, {""species"": ""Golovinomyces eurybiarum"", ""common_name"": """", ""score"": 0.01719116047024727}]"
obs_337610708_photo_613769550_box5.jpg,/rs1/researchers/a/amallav/results/outputs_crop/obs_337610708_photo_613769550_box5.jpg,obs_337610708_photo_613769550,#N/A,5,5,Erysiphe clintonii,Golovinomyces bolayi,FALSE,,,Fungi,Fungi,Ascomycota,Ascomycota,Leotiomycetes,Leotiomycetes,Helotiales,Helotiales,Erysiphaceae,Erysiphaceae,Erysiphe,Golovinomyces,0.127860218,1,"[{""species"": ""Erysiphe clintonii"", ""common_name"": """", ""score"": 0.12786021828651428}, {""species"": ""Erysiphe caryae"", ""common_name"": """", ""score"": 0.06568386405706406}, {""species"": ""Erysiphe corylacearum"", ""common_name"": """", ""score"": 0.0629606619477272}, {""species"": ""Erysiphe magnifica"", ""common_name"": """", ""score"": 0.05413157865405083}, {""species"": ""Erysiphe liriodendri"", ""common_name"": """", ""score"": 0.04666077718138695}]"
obs_337610708_photo_613769550_box5.jpg,/rs1/researchers/a/amallav/results/outputs_crop/obs_337610708_photo_613769550_box5.jpg,obs_337610708_photo_613769550,#N/A,5,5,Erysiphe caryae,Golovinomyces bolayi,FALSE,,,Fungi,Fungi,Ascomycota,Ascomycota,Leotiomycetes,Leotiomycetes,Helotiales,Helotiales,Erysiphaceae,Erysiphaceae,Erysiphe,Golovinomyces,0.065683864,2,"[{""species"": ""Erysiphe clintonii"", ""common_name"": """", ""score"": 0.12786021828651428}, {""species"": ""Erysiphe caryae"", ""common_name"": """", ""score"": 0.06568386405706406}, {""species"": ""Erysiphe corylacearum"", ""common_name"": """", ""score"": 0.0629606619477272}, {""species"": ""Erysiphe magnifica"", ""common_name"": """", ""score"": 0.05413157865405083}, {""species"": ""Erysiphe liriodendri"", ""common_name"": """", ""score"": 0.04666077718138695}]"
obs_337610708_photo_613769550_box5.jpg,/rs1/researchers/a/amallav/results/outputs_crop/obs_337610708_photo_613769550_box5.jpg,obs_337610708_photo_613769550,#N/A,5,5,Erysiphe corylacearum,Golovinomyces bolayi,FALSE,,,Fungi,Fungi,Ascomycota,Ascomycota,Leotiomycetes,Leotiomycetes,Helotiales,Helotiales,Erysiphaceae,Erysiphaceae,Erysiphe,Golovinomyces,0.062960662,3,"[{""species"": ""Erysiphe clintonii"", ""common_name"": """", ""score"": 0.12786021828651428}, {""species"": ""Erysiphe caryae"", ""common_name"": """", ""score"": 0.06568386405706406}, {""species"": ""Erysiphe corylacearum"", ""common_name"": """", ""score"": 0.0629606619477272}, {""species"": ""Erysiphe magnifica"", ""common_name"": """", ""score"": 0.05413157865405083}, {""species"": ""Erysiphe liriodendri"", ""common_name"": """", ""score"": 0.04666077718138695}]"
obs_337610708_photo_613769550_box5.jpg,/rs1/researchers/a/amallav/results/outputs_crop/obs_337610708_photo_613769550_box5.jpg,obs_337610708_photo_613769550,#N/A,5,5,Erysiphe magnifica,Golovinomyces bolayi,FALSE,,,Fungi,Fungi,Ascomycota,Ascomycota,Leotiomycetes,Leotiomycetes,Helotiales,Helotiales,Erysiphaceae,Erysiphaceae,Erysiphe,Golovinomyces,0.054131579,4,"[{""species"": ""Erysiphe clintonii"", ""common_name"": """", ""score"": 0.12786021828651428}, {""species"": ""Erysiphe caryae"", ""common_name"": """", ""score"": 0.06568386405706406}, {""species"": ""Erysiphe corylacearum"", ""common_name"": """", ""score"": 0.0629606619477272}, {""species"": ""Erysiphe magnifica"", ""common_name"": """", ""score"": 0.05413157865405083}, {""species"": ""Erysiphe liriodendri"", ""common_name"": """", ""score"": 0.04666077718138695}]"
obs_337610708_photo_613769550_box5.jpg,/rs1/researchers/a/amallav/results/outputs_crop/obs_337610708_photo_613769550_box5.jpg,obs_337610708_photo_613769550,#N/A,5,5,Erysiphe liriodendri,Golovinomyces bolayi,FALSE,,,Fungi,Fungi,Ascomycota,Ascomycota,Leotiomycetes,Leotiomycetes,Helotiales,Helotiales,Erysiphaceae,Erysiphaceae,Erysiphe,Golovinomyces,0.046660777,5,"[{""species"": ""Erysiphe clintonii"", ""common_name"": """", ""score"": 0.12786021828651428}, {""species"": ""Erysiphe caryae"", ""common_name"": """", ""score"": 0.06568386405706406}, {""species"": ""Erysiphe corylacearum"", ""common_name"": """", ""score"": 0.0629606619477272}, {""species"": ""Erysiphe magnifica"", ""common_name"": """", ""score"": 0.05413157865405083}, {""species"": ""Erysiphe liriodendri"", ""common_name"": """", ""score"": 0.04666077718138695}]"
obs_337610714_photo_613769638_box1.jpg,/rs1/researchers/a/amallav/results/outputs_crop/obs_337610714_photo_613769638_box1.jpg,obs_337610714_photo_613769638,obs_337610714_photo_613769638,1,1,Celtis occidentalis,Erysiphe parvula,FALSE,Species is small part of the box. Fungus,hackberry,Plantae,Fungi,Tracheophyta,Ascomycota,Magnoliopsida,Leotiomycetes,Rosales,Helotiales,Cannabaceae,Erysiphaceae,Celtis,Erysiphe,0.221811607,1,"[{""species"": ""Celtis occidentalis"", ""common_name"": ""hackberry"", ""score"": 0.22181160748004913}, {""species"": ""Celticecis acuminata"", ""common_name"": """", ""score"": 0.1379278600215912}, {""species"": ""Pachypsylla celtidisvesicula"", ""common_name"": ""Hackberry blister gall psyllid"", ""score"": 0.08524046093225479}, {""species"": ""Celticecis supina"", ""common_name"": """", ""score"": 0.08395927399396896}, {""species"": ""Celticecis pilosa"", ""common_name"": """", ""score"": 0.05440706014633179}]"
obs_337610714_photo_613769638_box1.jpg,/rs1/researchers/a/amallav/results/outputs_crop/obs_337610714_photo_613769638_box1.jpg,obs_337610714_photo_613769638,obs_337610714_photo_613769638,1,1,Celticecis acuminata,Erysiphe parvula,FALSE,Species is small part of the box. Fungus,,Animalia,Fungi,Arthropoda,Ascomycota,Insecta,Leotiomycetes,Diptera,Helotiales,Cecidomyiidae,Erysiphaceae,Celticecis,Erysiphe,0.13792786,2,"[{""species"": ""Celtis occidentalis"", ""common_name"": ""hackberry"", ""score"": 0.22181160748004913}, {""species"": ""Celticecis acuminata"", ""common_name"": """", ""score"": 0.1379278600215912}, {""species"": ""Pachypsylla celtidisvesicula"", ""common_name"": ""Hackberry blister gall psyllid"", ""score"": 0.08524046093225479}, {""species"": ""Celticecis supina"", ""common_name"": """", ""score"": 0.08395927399396896}, {""species"": ""Celticecis pilosa"", ""common_name"": """", ""score"": 0.05440706014633179}]"
obs_337610714_photo_613769638_box1.jpg,/rs1/researchers/a/amallav/results/outputs_crop/obs_337610714_photo_613769638_box1.jpg,obs_337610714_photo_613769638,obs_337610714_photo_613769638,1,1,Pachypsylla celtidisvesicula,Erysiphe parvula,FALSE,Species is small part of the box. Fungus,Hackberry blister gall psyllid,Animalia,Fungi,Arthropoda,Ascomycota,Insecta,Leotiomycetes,Hemiptera,Helotiales,Aphalaridae,Erysiphaceae,Pachypsylla,Erysiphe,0.085240461,3,"[{""species"": ""Celtis occidentalis"", ""common_name"": ""hackberry"", ""score"": 0.22181160748004913}, {""species"": ""Celticecis acuminata"", ""common_name"": """", ""score"": 0.1379278600215912}, {""species"": ""Pachypsylla celtidisvesicula"", ""common_name"": ""Hackberry blister gall psyllid"", ""score"": 0.08524046093225479}, {""species"": ""Celticecis supina"", ""common_name"": """", ""score"": 0.08395927399396896}, {""species"": ""Celticecis pilosa"", ""common_name"": """", ""score"": 0.05440706014633179}]"
obs_337610714_photo_613769638_box1.jpg,/rs1/researchers/a/amallav/results/outputs_crop/obs_337610714_photo_613769638_box1.jpg,obs_337610714_photo_613769638,obs_337610714_photo_613769638,1,1,Celticecis supina,Erysiphe parvula,FALSE,Species is small part of the box. Fungus,,Animalia,Fungi,Arthropoda,Ascomycota,Insecta,Leotiomycetes,Diptera,Helotiales,Cecidomyiidae,Erysiphaceae,Celticecis,Erysiphe,0.083959274,4,"[{""species"": ""Celtis occidentalis"", ""common_name"": ""hackberry"", ""score"": 0.22181160748004913}, {""species"": ""Celticecis acuminata"", ""common_name"": """", ""score"": 0.1379278600215912}, {""species"": ""Pachypsylla celtidisvesicula"", ""common_name"": ""Hackberry blister gall psyllid"", ""score"": 0.08524046093225479}, {""species"": ""Celticecis supina"", ""common_name"": """", ""score"": 0.08395927399396896}, {""species"": ""Celticecis pilosa"", ""common_name"": """", ""score"": 0.05440706014633179}]"
obs_337610714_photo_613769638_box1.jpg,/rs1/researchers/a/amallav/results/outputs_crop/obs_337610714_photo_613769638_box1.jpg,obs_337610714_photo_613769638,obs_337610714_photo_613769638,1,1,Celticecis pilosa,Erysiphe parvula,FALSE,Species is small part of the box. Fungus,,Animalia,Fungi,Arthropoda,Ascomycota,Insecta,Leotiomycetes,Diptera,Helotiales,Cecidomyiidae,Erysiphaceae,Celticecis,Erysiphe,0.05440706,5,"[{""species"": ""Celtis occidentalis"", ""common_name"": ""hackberry"", ""score"": 0.22181160748004913}, {""species"": ""Celticecis acuminata"", ""common_name"": """", ""score"": 0.1379278600215912}, {""species"": ""Pachypsylla celtidisvesicula"", ""common_name"": ""Hackberry blister gall psyllid"", ""score"": 0.08524046093225479}, {""species"": ""Celticecis supina"", ""common_name"": """", ""score"": 0.08395927399396896}, {""species"": ""Celticecis pilosa"", ""common_name"": """", ""score"": 0.05440706014633179}]"
obs_337610714_photo_613769638_box2.jpg,/rs1/researchers/a/amallav/results/outputs_crop/obs_337610714_photo_613769638_box2.jpg,obs_337610714_photo_613769638,obs_337610714_photo_613769638,2,2,Celtis occidentalis,Erysiphe parvula,FALSE,Species not in the box,hackberry,Plantae,Fungi,Tracheophyta,Ascomycota,Magnoliopsida,Leotiomycetes,Rosales,Helotiales,Cannabaceae,Erysiphaceae,Celtis,Erysiphe,0.555906117,1,"[{""species"": ""Celtis occidentalis"", ""common_name"": ""hackberry"", ""score"": 0.5559061169624329}, {""species"": ""Celtis tenuifolia"", ""common_name"": ""hackberry"", ""score"": 0.10984253883361816}, {""species"": ""Pachypsylla celtidisvesicula"", ""common_name"": ""Hackberry blister gall psyllid"", ""score"": 0.09824161231517792}, {""species"": ""Celticecis celtiphyllia"", ""common_name"": """", ""score"": 0.038872040808200836}, {""species"": ""Celticecis acuminata"", ""common_name"": """", ""score"": 0.02824435569345951}]"
obs_337610714_photo_613769638_box2.jpg,/rs1/researchers/a/amallav/results/outputs_crop/obs_337610714_photo_613769638_box2.jpg,obs_337610714_photo_613769638,obs_337610714_photo_613769638,2,2,Celtis tenuifolia,Erysiphe parvula,FALSE,Species not in the box,hackberry,Plantae,Fungi,Tracheophyta,Ascomycota,Magnoliopsida,Leotiomycetes,Rosales,Helotiales,Cannabaceae,Erysiphaceae,Celtis,Erysiphe,0.109842539,2,"[{""species"": ""Celtis occidentalis"", ""common_name"": ""hackberry"", ""score"": 0.5559061169624329}, {""species"": ""Celtis tenuifolia"", ""common_name"": ""hackberry"", ""score"": 0.10984253883361816}, {""species"": ""Pachypsylla celtidisvesicula"", ""common_name"": ""Hackberry blister gall psyllid"", ""score"": 0.09824161231517792}, {""species"": ""Celticecis celtiphyllia"", ""common_name"": """", ""score"": 0.038872040808200836}, {""species"": ""Celticecis acuminata"", ""common_name"": """", ""score"": 0.02824435569345951}]"
obs_337610714_photo_613769638_box2.jpg,/rs1/researchers/a/amallav/results/outputs_crop/obs_337610714_photo_613769638_box2.jpg,obs_337610714_photo_613769638,obs_337610714_photo_613769638,2,2,Pachypsylla celtidisvesicula,Erysiphe parvula,FALSE,Species not in the box,Hackberry blister gall psyllid,Animalia,Fungi,Arthropoda,Ascomycota,Insecta,Leotiomycetes,Hemiptera,Helotiales,Aphalaridae,Erysiphaceae,Pachypsylla,Erysiphe,0.098241612,3,"[{""species"": ""Celtis occidentalis"", ""common_name"": ""hackberry"", ""score"": 0.5559061169624329}, {""species"": ""Celtis tenuifolia"", ""common_name"": ""hackberry"", ""score"": 0.10984253883361816}, {""species"": ""Pachypsylla celtidisvesicula"", ""common_name"": ""Hackberry blister gall psyllid"", ""score"": 0.09824161231517792}, {""species"": ""Celticecis celtiphyllia"", ""common_name"": """", ""score"": 0.038872040808200836}, {""species"": ""Celticecis acuminata"", ""common_name"": """", ""score"": 0.02824435569345951}]"
obs_337610714_photo_613769638_box2.jpg,/rs1/researchers/a/amallav/results/outputs_crop/obs_337610714_photo_613769638_box2.jpg,obs_337610714_photo_613769638,obs_337610714_photo_613769638,2,2,Celticecis celtiphyllia,Erysiphe parvula,FALSE,Species not in the box,,Animalia,Fungi,Arthropoda,Ascomycota,Insecta,Leotiomycetes,Diptera,Helotiales,Cecidomyiidae,Erysiphaceae,Celticecis,Erysiphe,0.038872041,4,"[{""species"": ""Celtis occidentalis"", ""common_name"": ""hackberry"", ""score"": 0.5559061169624329}, {""species"": ""Celtis tenuifolia"", ""common_name"": ""hackberry"", ""score"": 0.10984253883361816}, {""species"": ""Pachypsylla celtidisvesicula"", ""common_name"": ""Hackberry blister gall psyllid"", ""score"": 0.09824161231517792}, {""species"": ""Celticecis celtiphyllia"", ""common_name"": """", ""score"": 0.038872040808200836}, {""species"": ""Celticecis acuminata"", ""common_name"": """", ""score"": 0.02824435569345951}]"
obs_337610714_photo_613769638_box2.jpg,/rs1/researchers/a/amallav/results/outputs_crop/obs_337610714_photo_613769638_box2.jpg,obs_337610714_photo_613769638,obs_337610714_photo_613769638,2,2,Celticecis acuminata,Erysiphe parvula,FALSE,Species not in the box,,Animalia,Fungi,Arthropoda,Ascomycota,Insecta,Leotiomycetes,Diptera,Helotiales,Cecidomyiidae,Erysiphaceae,Celticecis,Erysiphe,0.028244356,5,"[{""species"": ""Celtis occidentalis"", ""common_name"": ""hackberry"", ""score"": 0.5559061169624329}, {""species"": ""Celtis tenuifolia"", ""common_name"": ""hackberry"", ""score"": 0.10984253883361816}, {""species"": ""Pachypsylla celtidisvesicula"", ""common_name"": ""Hackberry blister gall psyllid"", ""score"": 0.09824161231517792}, {""species"": ""Celticecis celtiphyllia"", ""common_name"": """", ""score"": 0.038872040808200836}, {""species"": ""Celticecis acuminata"", ""common_name"": """", ""score"": 0.02824435569345951}]"
obs_337610714_photo_613769638_box3.jpg,/rs1/researchers/a/amallav/results/outputs_crop/obs_337610714_photo_613769638_box3.jpg,obs_337610714_photo_613769638,obs_337610714_photo_613769638,3,3,Celticecis acuminata,Erysiphe parvula,FALSE,Species is small part of the box. Fungus,,Animalia,Fungi,Arthropoda,Ascomycota,Insecta,Leotiomycetes,Diptera,Helotiales,Cecidomyiidae,Erysiphaceae,Celticecis,Erysiphe,0.247807875,1,"[{""species"": ""Celticecis acuminata"", ""common_name"": """", ""score"": 0.24780787527561188}, {""species"": ""Celticecis supina"", ""common_name"": """", ""score"": 0.17214855551719666}, {""species"": ""Pachypsylla celtidisvesicula"", ""common_name"": ""Hackberry blister gall psyllid"", ""score"": 0.08158443123102188}, {""species"": ""Celtis occidentalis"", ""common_name"": ""hackberry"", ""score"": 0.06718585640192032}, {""species"": ""Celticecis pilosa"", ""common_name"": """", ""score"": 0.04672256484627724}]"
obs_337610714_photo_613769638_box3.jpg,/rs1/researchers/a/amallav/results/outputs_crop/obs_337610714_photo_613769638_box3.jpg,obs_337610714_photo_613769638,obs_337610714_photo_613769638,3,3,Celticecis supina,Erysiphe parvula,FALSE,Species is small part of the box. Fungus,,Animalia,Fungi,Arthropoda,Ascomycota,Insecta,Leotiomycetes,Diptera,Helotiales,Cecidomyiidae,Erysiphaceae,Celticecis,Erysiphe,0.172148556,2,"[{""species"": ""Celticecis acuminata"", ""common_name"": """", ""score"": 0.24780787527561188}, {""species"": ""Celticecis supina"", ""common_name"": """", ""score"": 0.17214855551719666}, {""species"": ""Pachypsylla celtidisvesicula"", ""common_name"": ""Hackberry blister gall psyllid"", ""score"": 0.08158443123102188}, {""species"": ""Celtis occidentalis"", ""common_name"": ""hackberry"", ""score"": 0.06718585640192032}, {""species"": ""Celticecis pilosa"", ""common_name"": """", ""score"": 0.04672256484627724}]"
obs_337610714_photo_613769638_box3.jpg,/rs1/researchers/a/amallav/results/outputs_crop/obs_337610714_photo_613769638_box3.jpg,obs_337610714_photo_613769638,obs_337610714_photo_613769638,3,3,Pachypsylla celtidisvesicula,Erysiphe parvula,FALSE,Species is small part of the box. Fungus,Hackberry blister gall psyllid,Animalia,Fungi,Arthropoda,Ascomycota,Insecta,Leotiomycetes,Hemiptera,Helotiales,Aphalaridae,Erysiphaceae,Pachypsylla,Erysiphe,0.081584431,3,"[{""species"": ""Celticecis acuminata"", ""common_name"": """", ""score"": 0.24780787527561188}, {""species"": ""Celticecis supina"", ""common_name"": """", ""score"": 0.17214855551719666}, {""species"": ""Pachypsylla celtidisvesicula"", ""common_name"": ""Hackberry blister gall psyllid"", ""score"": 0.08158443123102188}, {""species"": ""Celtis occidentalis"", ""common_name"": ""hackberry"", ""score"": 0.06718585640192032}, {""species"": ""Celticecis pilosa"", ""common_name"": """", ""score"": 0.04672256484627724}]"
obs_337610714_photo_613769638_box3.jpg,/rs1/researchers/a/amallav/results/outputs_crop/obs_337610714_photo_613769638_box3.jpg,obs_337610714_photo_613769638,obs_337610714_photo_613769638,3,3,Celtis occidentalis,Erysiphe parvula,FALSE,Species is small part of the box. Fungus,hackberry,Plantae,Fungi,Tracheophyta,Ascomycota,Magnoliopsida,Leotiomycetes,Rosales,Helotiales,Cannabaceae,Erysiphaceae,Celtis,Erysiphe,0.067185856,4,"[{""species"": ""Celticecis acuminata"", ""common_name"": """", ""score"": 0.24780787527561188}, {""species"": ""Celticecis supina"", ""common_name"": """", ""score"": 0.17214855551719666}, {""species"": ""Pachypsylla celtidisvesicula"", ""common_name"": ""Hackberry blister gall psyllid"", ""score"": 0.08158443123102188}, {""species"": ""Celtis occidentalis"", ""common_name"": ""hackberry"", ""score"": 0.06718585640192032}, {""species"": ""Celticecis pilosa"", ""common_name"": """", ""score"": 0.04672256484627724}]"
obs_337610714_photo_613769638_box3.jpg,/rs1/researchers/a/amallav/results/outputs_crop/obs_337610714_photo_613769638_box3.jpg,obs_337610714_photo_613769638,obs_337610714_photo_613769638,3,3,Celticecis pilosa,Erysiphe parvula,FALSE,Species is small part of the box. Fungus,,Animalia,Fungi,Arthropoda,Ascomycota,Insecta,Leotiomycetes,Diptera,Helotiales,Cecidomyiidae,Erysiphaceae,Celticecis,Erysiphe,0.046722565,5,"[{""species"": ""Celticecis acuminata"", ""common_name"": """", ""score"": 0.24780787527561188}, {""species"": ""Celticecis supina"", ""common_name"": """", ""score"": 0.17214855551719666}, {""species"": ""Pachypsylla celtidisvesicula"", ""common_name"": ""Hackberry blister gall psyllid"", ""score"": 0.08158443123102188}, {""species"": ""Celtis occidentalis"", ""common_name"": ""hackberry"", ""score"": 0.06718585640192032}, {""species"": ""Celticecis pilosa"", ""common_name"": """", ""score"": 0.04672256484627724}]"
obs_337610714_photo_613769638_box4.jpg,/rs1/researchers/a/amallav/results/outputs_crop/obs_337610714_photo_613769638_box4.jpg,obs_337610714_photo_613769638,obs_337610714_photo_613769638,4,4,Celtis occidentalis,Erysiphe parvula,FALSE,Species is small part of the box. Fungus,hackberry,Plantae,Fungi,Tracheophyta,Ascomycota,Magnoliopsida,Leotiomycetes,Rosales,Helotiales,Cannabaceae,Erysiphaceae,Celtis,Erysiphe,0.592059851,1,"[{""species"": ""Celtis occidentalis"", ""common_name"": ""hackberry"", ""score"": 0.592059850692749}, {""species"": ""Celtis tenuifolia"", ""common_name"": ""hackberry"", ""score"": 0.18972665071487427}, {""species"": ""Pachypsylla celtidisvesicula"", ""common_name"": ""Hackberry blister gall psyllid"", ""score"": 0.056668471544981}, {""species"": ""Celtis lindheimeri"", ""common_name"": ""Lindheimer hackberry"", ""score"": 0.01924755610525608}, {""species"": ""Celticecis celtiphyllia"", ""common_name"": """", ""score"": 0.014336672611534595}]"
obs_337610714_photo_613769638_box4.jpg,/rs1/researchers/a/amallav/results/outputs_crop/obs_337610714_photo_613769638_box4.jpg,obs_337610714_photo_613769638,obs_337610714_photo_613769638,4,4,Celtis tenuifolia,Erysiphe parvula,FALSE,Species is small part of the box. Fungus,hackberry,Plantae,Fungi,Tracheophyta,Ascomycota,Magnoliopsida,Leotiomycetes,Rosales,Helotiales,Cannabaceae,Erysiphaceae,Celtis,Erysiphe,0.189726651,2,"[{""species"": ""Celtis occidentalis"", ""common_name"": ""hackberry"", ""score"": 0.592059850692749}, {""species"": ""Celtis tenuifolia"", ""common_name"": ""hackberry"", ""score"": 0.18972665071487427}, {""species"": ""Pachypsylla celtidisvesicula"", ""common_name"": ""Hackberry blister gall psyllid"", ""score"": 0.056668471544981}, {""species"": ""Celtis lindheimeri"", ""common_name"": ""Lindheimer hackberry"", ""score"": 0.01924755610525608}, {""species"": ""Celticecis celtiphyllia"", ""common_name"": """", ""score"": 0.014336672611534595}]"
obs_337610714_photo_613769638_box4.jpg,/rs1/researchers/a/amallav/results/outputs_crop/obs_337610714_photo_613769638_box4.jpg,obs_337610714_photo_613769638,obs_337610714_photo_613769638,4,4,Pachypsylla celtidisvesicula,Erysiphe parvula,FALSE,Species is small part of the box. Fungus,Hackberry blister gall psyllid,Animalia,Fungi,Arthropoda,Ascomycota,Insecta,Leotiomycetes,Hemiptera,Helotiales,Aphalaridae,Erysiphaceae,Pachypsylla,Erysiphe,0.056668472,3,"[{""species"": ""Celtis occidentalis"", ""common_name"": ""hackberry"", ""score"": 0.592059850692749}, {""species"": ""Celtis tenuifolia"", ""common_name"": ""hackberry"", ""score"": 0.18972665071487427}, {""species"": ""Pachypsylla celtidisvesicula"", ""common_name"": ""Hackberry blister gall psyllid"", ""score"": 0.056668471544981}, {""species"": ""Celtis lindheimeri"", ""common_name"": ""Lindheimer hackberry"", ""score"": 0.01924755610525608}, {""species"": ""Celticecis celtiphyllia"", ""common_name"": """", ""score"": 0.014336672611534595}]"
obs_337610714_photo_613769638_box4.jpg,/rs1/researchers/a/amallav/results/outputs_crop/obs_337610714_photo_613769638_box4.jpg,obs_337610714_photo_613769638,obs_337610714_photo_613769638,4,4,Celtis lindheimeri,Erysiphe parvula,FALSE,Species is small part of the box. Fungus,Lindheimer hackberry,Plantae,Fungi,Tracheophyta,Ascomycota,Magnoliopsida,Leotiomycetes,Rosales,Helotiales,Cannabaceae,Erysiphaceae,Celtis,Erysiphe,0.019247556,4,"[{""species"": ""Celtis occidentalis"", ""common_name"": ""hackberry"", ""score"": 0.592059850692749}, {""species"": ""Celtis tenuifolia"", ""common_name"": ""hackberry"", ""score"": 0.18972665071487427}, {""species"": ""Pachypsylla celtidisvesicula"", ""common_name"": ""Hackberry blister gall psyllid"", ""score"": 0.056668471544981}, {""species"": ""Celtis lindheimeri"", ""common_name"": ""Lindheimer hackberry"", ""score"": 0.01924755610525608}, {""species"": ""Celticecis celtiphyllia"", ""common_name"": """", ""score"": 0.014336672611534595}]"
obs_337610714_photo_613769638_box4.jpg,/rs1/researchers/a/amallav/results/outputs_crop/obs_337610714_photo_613769638_box4.jpg,obs_337610714_photo_613769638,obs_337610714_photo_613769638,4,4,Celticecis celtiphyllia,Erysiphe parvula,FALSE,Species is small part of the box. Fungus,,Animalia,Fungi,Arthropoda,Ascomycota,Insecta,Leotiomycetes,Diptera,Helotiales,Cecidomyiidae,Erysiphaceae,Celticecis,Erysiphe,0.014336673,5,"[{""species"": ""Celtis occidentalis"", ""common_name"": ""hackberry"", ""score"": 0.592059850692749}, {""species"": ""Celtis tenuifolia"", ""common_name"": ""hackberry"", ""score"": 0.18972665071487427}, {""species"": ""Pachypsylla celtidisvesicula"", ""common_name"": ""Hackberry blister gall psyllid"", ""score"": 0.056668471544981}, {""species"": ""Celtis lindheimeri"", ""common_name"": ""Lindheimer hackberry"", ""score"": 0.01924755610525608}, {""species"": ""Celticecis celtiphyllia"", ""common_name"": """", ""score"": 0.014336672611534595}]"
obs_337610714_photo_613769638_box5.jpg,/rs1/researchers/a/amallav/results/outputs_crop/obs_337610714_photo_613769638_box5.jpg,obs_337610714_photo_613769638,obs_337610714_photo_613769638,5,5,Celticecis acuminata,Erysiphe parvula,FALSE,Species is small part of the box. Fungus,,Animalia,Fungi,Arthropoda,Ascomycota,Insecta,Leotiomycetes,Diptera,Helotiales,Cecidomyiidae,Erysiphaceae,Celticecis,Erysiphe,0.215697125,1,"[{""species"": ""Celticecis acuminata"", ""common_name"": """", ""score"": 0.21569712460041046}, {""species"": ""Celticecis supina"", ""common_name"": """", ""score"": 0.1600310057401657}, {""species"": ""Celtis occidentalis"", ""common_name"": ""hackberry"", ""score"": 0.10414766520261765}, {""species"": ""Pachypsylla celtidisvesicula"", ""common_name"": ""Hackberry blister gall psyllid"", ""score"": 0.07401476800441742}, {""species"": ""Celticecis pilosa"", ""common_name"": """", ""score"": 0.05409255623817444}]"
obs_337610714_photo_613769638_box5.jpg,/rs1/researchers/a/amallav/results/outputs_crop/obs_337610714_photo_613769638_box5.jpg,obs_337610714_photo_613769638,obs_337610714_photo_613769638,5,5,Celticecis supina,Erysiphe parvula,FALSE,Species is small part of the box. Fungus,,Animalia,Fungi,Arthropoda,Ascomycota,Insecta,Leotiomycetes,Diptera,Helotiales,Cecidomyiidae,Erysiphaceae,Celticecis,Erysiphe,0.160031006,2,"[{""species"": ""Celticecis acuminata"", ""common_name"": """", ""score"": 0.21569712460041046}, {""species"": ""Celticecis supina"", ""common_name"": """", ""score"": 0.1600310057401657}, {""species"": ""Celtis occidentalis"", ""common_name"": ""hackberry"", ""score"": 0.10414766520261765}, {""species"": ""Pachypsylla celtidisvesicula"", ""common_name"": ""Hackberry blister gall psyllid"", ""score"": 0.07401476800441742}, {""species"": ""Celticecis pilosa"", ""common_name"": """", ""score"": 0.05409255623817444}]"
obs_337610714_photo_613769638_box5.jpg,/rs1/researchers/a/amallav/results/outputs_crop/obs_337610714_photo_613769638_box5.jpg,obs_337610714_photo_613769638,obs_337610714_photo_613769638,5,5,Celtis occidentalis,Erysiphe parvula,FALSE,Species is small part of the box. Fungus,hackberry,Plantae,Fungi,Tracheophyta,Ascomycota,Magnoliopsida,Leotiomycetes,Rosales,Helotiales,Cannabaceae,Erysiphaceae,Celtis,Erysiphe,0.104147665,3,"[{""species"": ""Celticecis acuminata"", ""common_name"": """", ""score"": 0.21569712460041046}, {""species"": ""Celticecis supina"", ""common_name"": """", ""score"": 0.1600310057401657}, {""species"": ""Celtis occidentalis"", ""common_name"": ""hackberry"", ""score"": 0.10414766520261765}, {""species"": ""Pachypsylla celtidisvesicula"", ""common_name"": ""Hackberry blister gall psyllid"", ""score"": 0.07401476800441742}, {""species"": ""Celticecis pilosa"", ""common_name"": """", ""score"": 0.05409255623817444}]"
obs_337610714_photo_613769638_box5.jpg,/rs1/researchers/a/amallav/results/outputs_crop/obs_337610714_photo_613769638_box5.jpg,obs_337610714_photo_613769638,obs_337610714_photo_613769638,5,5,Pachypsylla celtidisvesicula,Erysiphe parvula,FALSE,Species is small part of the box. Fungus,Hackberry blister gall psyllid,Animalia,Fungi,Arthropoda,Ascomycota,Insecta,Leotiomycetes,Hemiptera,Helotiales,Aphalaridae,Erysiphaceae,Pachypsylla,Erysiphe,0.074014768,4,"[{""species"": ""Celticecis acuminata"", ""common_name"": """", ""score"": 0.21569712460041046}, {""species"": ""Celticecis supina"", ""common_name"": """", ""score"": 0.1600310057401657}, {""species"": ""Celtis occidentalis"", ""common_name"": ""hackberry"", ""score"": 0.10414766520261765}, {""species"": ""Pachypsylla celtidisvesicula"", ""common_name"": ""Hackberry blister gall psyllid"", ""score"": 0.07401476800441742}, {""species"": ""Celticecis pilosa"", ""common_name"": """", ""score"": 0.05409255623817444}]"
obs_337610714_photo_613769638_box5.jpg,/rs1/researchers/a/amallav/results/outputs_crop/obs_337610714_photo_613769638_box5.jpg,obs_337610714_photo_613769638,obs_337610714_photo_613769638,5,5,Celticecis pilosa,Erysiphe parvula,FALSE,Species is small part of the box. Fungus,,Animalia,Fungi,Arthropoda,Ascomycota,Insecta,Leotiomycetes,Diptera,Helotiales,Cecidomyiidae,Erysiphaceae,Celticecis,Erysiphe,0.054092556,5,"[{""species"": ""Celticecis acuminata"", ""common_name"": """", ""score"": 0.21569712460041046}, {""species"": ""Celticecis supina"", ""common_name"": """", ""score"": 0.1600310057401657}, {""species"": ""Celtis occidentalis"", ""common_name"": ""hackberry"", ""score"": 0.10414766520261765}, {""species"": ""Pachypsylla celtidisvesicula"", ""common_name"": ""Hackberry blister gall psyllid"", ""score"": 0.07401476800441742}, {""species"": ""Celticecis pilosa"", ""common_name"": """", ""score"": 0.05409255623817444}]"
obs_338007030_photo_614585734_box1.jpg,/rs1/researchers/a/amallav/results/outputs_crop/obs_338007030_photo_614585734_box1.jpg,obs_338007030_photo_614585734,#N/A,1,1,Eobania vermiculata,Eobania vermiculata,TRUE,,Chocolateband snail,Animalia,Animalia,Mollusca,Mollusca,Gastropoda,Gastropoda,Stylommatophora,Stylommatophora,Helicidae,Helicidae,Eobania,Eobania,0.111939833,1,"[{""species"": ""Eobania vermiculata"", ""common_name"": ""Chocolateband snail"", ""score"": 0.11193983256816864}, {""species"": ""Xanthomelon interpositum"", ""common_name"": """", ""score"": 0.08522822707891464}, {""species"": ""Xanthomelon distractum"", ""common_name"": """", ""score"": 0.06094519793987274}, {""species"": ""Xanthomelon genetivum"", ""common_name"": """", ""score"": 0.039451081305742264}, {""species"": ""Xanthomelon pachystylum"", ""common_name"": """", ""score"": 0.03610167279839516}]"
obs_338007030_photo_614585734_box1.jpg,/rs1/researchers/a/amallav/results/outputs_crop/obs_338007030_photo_614585734_box1.jpg,obs_338007030_photo_614585734,#N/A,1,1,Xanthomelon interpositum,Eobania vermiculata,FALSE,,,Animalia,Animalia,Mollusca,Mollusca,Gastropoda,Gastropoda,Stylommatophora,Stylommatophora,Camaenidae,Helicidae,Xanthomelon,Eobania,0.085228227,2,"[{""species"": ""Eobania vermiculata"", ""common_name"": ""Chocolateband snail"", ""score"": 0.11193983256816864}, {""species"": ""Xanthomelon interpositum"", ""common_name"": """", ""score"": 0.08522822707891464}, {""species"": ""Xanthomelon distractum"", ""common_name"": """", ""score"": 0.06094519793987274}, {""species"": ""Xanthomelon genetivum"", ""common_name"": """", ""score"": 0.039451081305742264}, {""species"": ""Xanthomelon pachystylum"", ""common_name"": """", ""score"": 0.03610167279839516}]"
obs_338007030_photo_614585734_box1.jpg,/rs1/researchers/a/amallav/results/outputs_crop/obs_338007030_photo_614585734_box1.jpg,obs_338007030_photo_614585734,#N/A,1,1,Xanthomelon distractum,Eobania vermiculata,FALSE,,,Animalia,Animalia,Mollusca,Mollusca,Gastropoda,Gastropoda,Stylommatophora,Stylommatophora,Camaenidae,Helicidae,Xanthomelon,Eobania,0.060945198,3,"[{""species"": ""Eobania vermiculata"", ""common_name"": ""Chocolateband snail"", ""score"": 0.11193983256816864}, {""species"": ""Xanthomelon interpositum"", ""common_name"": """", ""score"": 0.08522822707891464}, {""species"": ""Xanthomelon distractum"", ""common_name"": """", ""score"": 0.06094519793987274}, {""species"": ""Xanthomelon genetivum"", ""common_name"": """", ""score"": 0.039451081305742264}, {""species"": ""Xanthomelon pachystylum"", ""common_name"": """", ""score"": 0.03610167279839516}]"
obs_338007030_photo_614585734_box1.jpg,/rs1/researchers/a/amallav/results/outputs_crop/obs_338007030_photo_614585734_box1.jpg,obs_338007030_photo_614585734,#N/A,1,1,Xanthomelon genetivum,Eobania vermiculata,FALSE,,,Animalia,Animalia,Mollusca,Mollusca,Gastropoda,Gastropoda,Stylommatophora,Stylommatophora,Camaenidae,Helicidae,Xanthomelon,Eobania,0.039451081,4,"[{""species"": ""Eobania vermiculata"", ""common_name"": ""Chocolateband snail"", ""score"": 0.11193983256816864}, {""species"": ""Xanthomelon interpositum"", ""common_name"": """", ""score"": 0.08522822707891464}, {""species"": ""Xanthomelon distractum"", ""common_name"": """", ""score"": 0.06094519793987274}, {""species"": ""Xanthomelon genetivum"", ""common_name"": """", ""score"": 0.039451081305742264}, {""species"": ""Xanthomelon pachystylum"", ""common_name"": """", ""score"": 0.03610167279839516}]"
obs_338007030_photo_614585734_box1.jpg,/rs1/researchers/a/amallav/results/outputs_crop/obs_338007030_photo_614585734_box1.jpg,obs_338007030_photo_614585734,#N/A,1,1,Xanthomelon pachystylum,Eobania vermiculata,FALSE,,,Animalia,Animalia,Mollusca,Mollusca,Gastropoda,Gastropoda,Stylommatophora,Stylommatophora,Camaenidae,Helicidae,Xanthomelon,Eobania,0.036101673,5,"[{""species"": ""Eobania vermiculata"", ""common_name"": ""Chocolateband snail"", ""score"": 0.11193983256816864}, {""species"": ""Xanthomelon interpositum"", ""common_name"": """", ""score"": 0.08522822707891464}, {""species"": ""Xanthomelon distractum"", ""common_name"": """", ""score"": 0.06094519793987274}, {""species"": ""Xanthomelon genetivum"", ""common_name"": """", ""score"": 0.039451081305742264}, {""species"": ""Xanthomelon pachystylum"", ""common_name"": """", ""score"": 0.03610167279839516}]"
obs_338007030_photo_614585734_box2.jpg,/rs1/researchers/a/amallav/results/outputs_crop/obs_338007030_photo_614585734_box2.jpg,obs_338007030_photo_614585734,#N/A,2,2,Thamnobryum subserratum,Eobania vermiculata,FALSE,,grov rävsvansmossa,Plantae,Animalia,Bryophyta,Mollusca,Bryopsida,Gastropoda,Hypnales,Stylommatophora,Neckeraceae,Helicidae,Thamnobryum,Eobania,0.035230558,1,"[{""species"": ""Thamnobryum subserratum"", ""common_name"": ""grov rävsvansmossa"", ""score"": 0.03523055836558342}, {""species"": ""Thamnobryum neckeroides"", ""common_name"": ""trubbig rävsvansmossa"", ""score"": 0.02307763323187828}, {""species"": ""Fontinalis dichelymoides"", ""common_name"": ""klonäckmossa"", ""score"": 0.0076558529399335384}, {""species"": ""Alleniella besseri"", ""common_name"": ""rundfjädermossa"", ""score"": 0.0066335792653262615}, {""species"": ""Phaeoceros oreganus"", ""common_name"": """", ""score"": 0.006382177583873272}]"
obs_338007030_photo_614585734_box2.jpg,/rs1/researchers/a/amallav/results/outputs_crop/obs_338007030_photo_614585734_box2.jpg,obs_338007030_photo_614585734,#N/A,2,2,Thamnobryum neckeroides,Eobania vermiculata,FALSE,,trubbig rävsvansmossa,Plantae,Animalia,Bryophyta,Mollusca,Bryopsida,Gastropoda,Hypnales,Stylommatophora,Neckeraceae,Helicidae,Thamnobryum,Eobania,0.023077633,2,"[{""species"": ""Thamnobryum subserratum"", ""common_name"": ""grov rävsvansmossa"", ""score"": 0.03523055836558342}, {""species"": ""Thamnobryum neckeroides"", ""common_name"": ""trubbig rävsvansmossa"", ""score"": 0.02307763323187828}, {""species"": ""Fontinalis dichelymoides"", ""common_name"": ""klonäckmossa"", ""score"": 0.0076558529399335384}, {""species"": ""Alleniella besseri"", ""common_name"": ""rundfjädermossa"", ""score"": 0.0066335792653262615}, {""species"": ""Phaeoceros oreganus"", ""common_name"": """", ""score"": 0.006382177583873272}]"
obs_338007030_photo_614585734_box2.jpg,/rs1/researchers/a/amallav/results/outputs_crop/obs_338007030_photo_614585734_box2.jpg,obs_338007030_photo_614585734,#N/A,2,2,Fontinalis dichelymoides,Eobania vermiculata,FALSE,,klonäckmossa,Plantae,Animalia,Bryophyta,Mollusca,Bryopsida,Gastropoda,Hypnales,Stylommatophora,Fontinalaceae,Helicidae,Fontinalis,Eobania,0.007655853,3,"[{""species"": ""Thamnobryum subserratum"", ""common_name"": ""grov rävsvansmossa"", ""score"": 0.03523055836558342}, {""species"": ""Thamnobryum neckeroides"", ""common_name"": ""trubbig rävsvansmossa"", ""score"": 0.02307763323187828}, {""species"": ""Fontinalis dichelymoides"", ""common_name"": ""klonäckmossa"", ""score"": 0.0076558529399335384}, {""species"": ""Alleniella besseri"", ""common_name"": ""rundfjädermossa"", ""score"": 0.0066335792653262615}, {""species"": ""Phaeoceros oreganus"", ""common_name"": """", ""score"": 0.006382177583873272}]"
obs_338007030_photo_614585734_box2.jpg,/rs1/researchers/a/amallav/results/outputs_crop/obs_338007030_photo_614585734_box2.jpg,obs_338007030_photo_614585734,#N/A,2,2,Alleniella besseri,Eobania vermiculata,FALSE,,rundfjädermossa,Plantae,Animalia,Bryophyta,Mollusca,Bryopsida,Gastropoda,Hypnales,Stylommatophora,Neckeraceae,Helicidae,Alleniella,Eobania,0.006633579,4,"[{""species"": ""Thamnobryum subserratum"", ""common_name"": ""grov rävsvansmossa"", ""score"": 0.03523055836558342}, {""species"": ""Thamnobryum neckeroides"", ""common_name"": ""trubbig rävsvansmossa"", ""score"": 0.02307763323187828}, {""species"": ""Fontinalis dichelymoides"", ""common_name"": ""klonäckmossa"", ""score"": 0.0076558529399335384}, {""species"": ""Alleniella besseri"", ""common_name"": ""rundfjädermossa"", ""score"": 0.0066335792653262615}, {""species"": ""Phaeoceros oreganus"", ""common_name"": """", ""score"": 0.006382177583873272}]"
obs_338007030_photo_614585734_box2.jpg,/rs1/researchers/a/amallav/results/outputs_crop/obs_338007030_photo_614585734_box2.jpg,obs_338007030_photo_614585734,#N/A,2,2,Phaeoceros oreganus,Eobania vermiculata,FALSE,,,Plantae,Animalia,Anthocerotophyta,Mollusca,Anthocerotopsida,Gastropoda,Notothyladales,Stylommatophora,Notothyladaceae,Helicidae,Phaeoceros,Eobania,0.006382178,5,"[{""species"": ""Thamnobryum subserratum"", ""common_name"": ""grov rävsvansmossa"", ""score"": 0.03523055836558342}, {""species"": ""Thamnobryum neckeroides"", ""common_name"": ""trubbig rävsvansmossa"", ""score"": 0.02307763323187828}, {""species"": ""Fontinalis dichelymoides"", ""common_name"": ""klonäckmossa"", ""score"": 0.0076558529399335384}, {""species"": ""Alleniella besseri"", ""common_name"": ""rundfjädermossa"", ""score"": 0.0066335792653262615}, {""species"": ""Phaeoceros oreganus"", ""common_name"": """", ""score"": 0.006382177583873272}]"
obs_338486970_photo_615576074_box1.jpg,/rs1/researchers/a/amallav/results/outputs_crop/obs_338486970_photo_615576074_box1.jpg,obs_338486970_photo_615576074,#N/A,1,1,Spisula solidissima,Spisula solidissima,TRUE,,Atlantic surf clam,Animalia,Animalia,Mollusca,Mollusca,Bivalvia,Bivalvia,Venerida,Venerida,Mactridae,Mactridae,Spisula,Spisula,0.826622665,1,"[{""species"": ""Spisula solidissima"", ""common_name"": ""Atlantic surf clam"", ""score"": 0.8266226649284363}, {""species"": ""Paphies subtriangulata"", ""common_name"": ""Surf Clam"", ""score"": 0.056170038878917694}, {""species"": ""Mactromeris polynyma"", ""common_name"": ""Arctic surf clam"", ""score"": 0.026140430942177773}, {""species"": ""Spisula sachalinensis"", ""common_name"": ""Sakhalin surf clam"", ""score"": 0.019028255715966225}, {""species"": ""Mactromeris Spisula brevirostrata"", ""common_name"": """", ""score"": 0.012549112550914288}]"
obs_338486970_photo_615576074_box1.jpg,/rs1/researchers/a/amallav/results/outputs_crop/obs_338486970_photo_615576074_box1.jpg,obs_338486970_photo_615576074,#N/A,1,1,Paphies subtriangulata,Spisula solidissima,FALSE,,Surf Clam,Animalia,Animalia,Mollusca,Mollusca,Bivalvia,Bivalvia,Venerida,Venerida,Mesodesmatidae,Mactridae,Paphies,Spisula,0.056170039,2,"[{""species"": ""Spisula solidissima"", ""common_name"": ""Atlantic surf clam"", ""score"": 0.8266226649284363}, {""species"": ""Paphies subtriangulata"", ""common_name"": ""Surf Clam"", ""score"": 0.056170038878917694}, {""species"": ""Mactromeris polynyma"", ""common_name"": ""Arctic surf clam"", ""score"": 0.026140430942177773}, {""species"": ""Spisula sachalinensis"", ""common_name"": ""Sakhalin surf clam"", ""score"": 0.019028255715966225}, {""species"": ""Mactromeris Spisula brevirostrata"", ""common_name"": """", ""score"": 0.012549112550914288}]"
obs_338486970_photo_615576074_box1.jpg,/rs1/researchers/a/amallav/results/outputs_crop/obs_338486970_photo_615576074_box1.jpg,obs_338486970_photo_615576074,#N/A,1,1,Mactromeris polynyma,Spisula solidissima,FALSE,,Arctic surf clam,Animalia,Animalia,Mollusca,Mollusca,Bivalvia,Bivalvia,Venerida,Venerida,Mactridae,Mactridae,Mactromeris,Spisula,0.026140431,3,"[{""species"": ""Spisula solidissima"", ""common_name"": ""Atlantic surf clam"", ""score"": 0.8266226649284363}, {""species"": ""Paphies subtriangulata"", ""common_name"": ""Surf Clam"", ""score"": 0.056170038878917694}, {""species"": ""Mactromeris polynyma"", ""common_name"": ""Arctic surf clam"", ""score"": 0.026140430942177773}, {""species"": ""Spisula sachalinensis"", ""common_name"": ""Sakhalin surf clam"", ""score"": 0.019028255715966225}, {""species"": ""Mactromeris Spisula brevirostrata"", ""common_name"": """", ""score"": 0.012549112550914288}]"
obs_338486970_photo_615576074_box1.jpg,/rs1/researchers/a/amallav/results/outputs_crop/obs_338486970_photo_615576074_box1.jpg,obs_338486970_photo_615576074,#N/A,1,1,Spisula sachalinensis,Spisula solidissima,FALSE,,Sakhalin surf clam,Animalia,Animalia,Mollusca,Mollusca,Bivalvia,Bivalvia,Venerida,Venerida,Mactridae,Mactridae,Spisula,Spisula,0.019028256,4,"[{""species"": ""Spisula solidissima"", ""common_name"": ""Atlantic surf clam"", ""score"": 0.8266226649284363}, {""species"": ""Paphies subtriangulata"", ""common_name"": ""Surf Clam"", ""score"": 0.056170038878917694}, {""species"": ""Mactromeris polynyma"", ""common_name"": ""Arctic surf clam"", ""score"": 0.026140430942177773}, {""species"": ""Spisula sachalinensis"", ""common_name"": ""Sakhalin surf clam"", ""score"": 0.019028255715966225}, {""species"": ""Mactromeris Spisula brevirostrata"", ""common_name"": """", ""score"": 0.012549112550914288}]"
obs_338486970_photo_615576074_box1.jpg,/rs1/researchers/a/amallav/results/outputs_crop/obs_338486970_photo_615576074_box1.jpg,obs_338486970_photo_615576074,#N/A,1,1,Mactromeris Spisula brevirostrata,Spisula solidissima,FALSE,,,Animalia,Animalia,Mollusca,Mollusca,Bivalvia,Bivalvia,Venerida,Venerida,Mactridae,Mactridae,Mactromeris,Spisula,0.012549113,5,"[{""species"": ""Spisula solidissima"", ""common_name"": ""Atlantic surf clam"", ""score"": 0.8266226649284363}, {""species"": ""Paphies subtriangulata"", ""common_name"": ""Surf Clam"", ""score"": 0.056170038878917694}, {""species"": ""Mactromeris polynyma"", ""common_name"": ""Arctic surf clam"", ""score"": 0.026140430942177773}, {""species"": ""Spisula sachalinensis"", ""common_name"": ""Sakhalin surf clam"", ""score"": 0.019028255715966225}, {""species"": ""Mactromeris Spisula brevirostrata"", ""common_name"": """", ""score"": 0.012549112550914288}]"
obs_338486970_photo_615576074_box2.jpg,/rs1/researchers/a/amallav/results/outputs_crop/obs_338486970_photo_615576074_box2.jpg,obs_338486970_photo_615576074,#N/A,2,2,Spisula solidissima,Spisula solidissima,TRUE,,Atlantic surf clam,Animalia,Animalia,Mollusca,Mollusca,Bivalvia,Bivalvia,Venerida,Venerida,Mactridae,Mactridae,Spisula,Spisula,0.889551818,1,"[{""species"": ""Spisula solidissima"", ""common_name"": ""Atlantic surf clam"", ""score"": 0.8895518183708191}, {""species"": ""Paphies subtriangulata"", ""common_name"": ""Surf Clam"", ""score"": 0.03967665508389473}, {""species"": ""Mactromeris polynyma"", ""common_name"": ""Arctic surf clam"", ""score"": 0.015998806804418564}, {""species"": ""Spisula sachalinensis"", ""common_name"": ""Sakhalin surf clam"", ""score"": 0.011814792640507221}, {""species"": ""Mactromeris Spisula brevirostrata"", ""common_name"": """", ""score"": 0.007304249797016382}]"
obs_338486970_photo_615576074_box2.jpg,/rs1/researchers/a/amallav/results/outputs_crop/obs_338486970_photo_615576074_box2.jpg,obs_338486970_photo_615576074,#N/A,2,2,Paphies subtriangulata,Spisula solidissima,FALSE,,Surf Clam,Animalia,Animalia,Mollusca,Mollusca,Bivalvia,Bivalvia,Venerida,Venerida,Mesodesmatidae,Mactridae,Paphies,Spisula,0.039676655,2,"[{""species"": ""Spisula solidissima"", ""common_name"": ""Atlantic surf clam"", ""score"": 0.8895518183708191}, {""species"": ""Paphies subtriangulata"", ""common_name"": ""Surf Clam"", ""score"": 0.03967665508389473}, {""species"": ""Mactromeris polynyma"", ""common_name"": ""Arctic surf clam"", ""score"": 0.015998806804418564}, {""species"": ""Spisula sachalinensis"", ""common_name"": ""Sakhalin surf clam"", ""score"": 0.011814792640507221}, {""species"": ""Mactromeris Spisula brevirostrata"", ""common_name"": """", ""score"": 0.007304249797016382}]"
obs_338486970_photo_615576074_box2.jpg,/rs1/researchers/a/amallav/results/outputs_crop/obs_338486970_photo_615576074_box2.jpg,obs_338486970_photo_615576074,#N/A,2,2,Mactromeris polynyma,Spisula solidissima,FALSE,,Arctic surf clam,Animalia,Animalia,Mollusca,Mollusca,Bivalvia,Bivalvia,Venerida,Venerida,Mactridae,Mactridae,Mactromeris,Spisula,0.015998807,3,"[{""species"": ""Spisula solidissima"", ""common_name"": ""Atlantic surf clam"", ""score"": 0.8895518183708191}, {""species"": ""Paphies subtriangulata"", ""common_name"": ""Surf Clam"", ""score"": 0.03967665508389473}, {""species"": ""Mactromeris polynyma"", ""common_name"": ""Arctic surf clam"", ""score"": 0.015998806804418564}, {""species"": ""Spisula sachalinensis"", ""common_name"": ""Sakhalin surf clam"", ""score"": 0.011814792640507221}, {""species"": ""Mactromeris Spisula brevirostrata"", ""common_name"": """", ""score"": 0.007304249797016382}]"
obs_338486970_photo_615576074_box2.jpg,/rs1/researchers/a/amallav/results/outputs_crop/obs_338486970_photo_615576074_box2.jpg,obs_338486970_photo_615576074,#N/A,2,2,Spisula sachalinensis,Spisula solidissima,FALSE,,Sakhalin surf clam,Animalia,Animalia,Mollusca,Mollusca,Bivalvia,Bivalvia,Venerida,Venerida,Mactridae,Mactridae,Spisula,Spisula,0.011814793,4,"[{""species"": ""Spisula solidissima"", ""common_name"": ""Atlantic surf clam"", ""score"": 0.8895518183708191}, {""species"": ""Paphies subtriangulata"", ""common_name"": ""Surf Clam"", ""score"": 0.03967665508389473}, {""species"": ""Mactromeris polynyma"", ""common_name"": ""Arctic surf clam"", ""score"": 0.015998806804418564}, {""species"": ""Spisula sachalinensis"", ""common_name"": ""Sakhalin surf clam"", ""score"": 0.011814792640507221}, {""species"": ""Mactromeris Spisula brevirostrata"", ""common_name"": """", ""score"": 0.007304249797016382}]"
obs_338486970_photo_615576074_box2.jpg,/rs1/researchers/a/amallav/results/outputs_crop/obs_338486970_photo_615576074_box2.jpg,obs_338486970_photo_615576074,#N/A,2,2,Mactromeris Spisula brevirostrata,Spisula solidissima,FALSE,,,Animalia,Animalia,Mollusca,Mollusca,Bivalvia,Bivalvia,Venerida,Venerida,Mactridae,Mactridae,Mactromeris,Spisula,0.00730425,5,"[{""species"": ""Spisula solidissima"", ""common_name"": ""Atlantic surf clam"", ""score"": 0.8895518183708191}, {""species"": ""Paphies subtriangulata"", ""common_name"": ""Surf Clam"", ""score"": 0.03967665508389473}, {""species"": ""Mactromeris polynyma"", ""common_name"": ""Arctic surf clam"", ""score"": 0.015998806804418564}, {""species"": ""Spisula sachalinensis"", ""common_name"": ""Sakhalin surf clam"", ""score"": 0.011814792640507221}, {""species"": ""Mactromeris Spisula brevirostrata"", ""common_name"": """", ""score"": 0.007304249797016382}]"
obs_339993526_photo_618618071_box1.jpg,/rs1/researchers/a/amallav/results/outputs_crop/obs_339993526_photo_618618071_box1.jpg,obs_339993526_photo_618618071,#N/A,1,1,Evasterias echinosoma,Evasterias troschelii,FALSE,,Giant star,Animalia,Animalia,Echinodermata,Echinodermata,Asteroidea,Asteroidea,Forcipulatida,Forcipulatida,Asteriidae,Asteriidae,Evasterias,Evasterias,0.3526752,1,"[{""species"": ""Evasterias echinosoma"", ""common_name"": ""Giant star"", ""score"": 0.352675199508667}, {""species"": ""Evasterias troschelii"", ""common_name"": """", ""score"": 0.17771680653095245}, {""species"": ""Meyenaster gelatinosus"", ""common_name"": """", ""score"": 0.09017182141542435}, {""species"": ""Astrostole scabra"", ""common_name"": """", ""score"": 0.04571114853024483}, {""species"": ""Astrostole insularis"", ""common_name"": """", ""score"": 0.0406954400241375}]"
obs_339993526_photo_618618071_box1.jpg,/rs1/researchers/a/amallav/results/outputs_crop/obs_339993526_photo_618618071_box1.jpg,obs_339993526_photo_618618071,#N/A,1,1,Evasterias troschelii,Evasterias troschelii,TRUE,,,Animalia,Animalia,Echinodermata,Echinodermata,Asteroidea,Asteroidea,Forcipulatida,Forcipulatida,Asteriidae,Asteriidae,Evasterias,Evasterias,0.177716807,2,"[{""species"": ""Evasterias echinosoma"", ""common_name"": ""Giant star"", ""score"": 0.352675199508667}, {""species"": ""Evasterias troschelii"", ""common_name"": """", ""score"": 0.17771680653095245}, {""species"": ""Meyenaster gelatinosus"", ""common_name"": """", ""score"": 0.09017182141542435}, {""species"": ""Astrostole scabra"", ""common_name"": """", ""score"": 0.04571114853024483}, {""species"": ""Astrostole insularis"", ""common_name"": """", ""score"": 0.0406954400241375}]"
obs_339993526_photo_618618071_box1.jpg,/rs1/researchers/a/amallav/results/outputs_crop/obs_339993526_photo_618618071_box1.jpg,obs_339993526_photo_618618071,#N/A,1,1,Meyenaster gelatinosus,Evasterias troschelii,FALSE,,,Animalia,Animalia,Echinodermata,Echinodermata,Asteroidea,Asteroidea,Forcipulatida,Forcipulatida,Asteriidae,Asteriidae,Meyenaster,Evasterias,0.090171821,3,"[{""species"": ""Evasterias echinosoma"", ""common_name"": ""Giant star"", ""score"": 0.352675199508667}, {""species"": ""Evasterias troschelii"", ""common_name"": """", ""score"": 0.17771680653095245}, {""species"": ""Meyenaster gelatinosus"", ""common_name"": """", ""score"": 0.09017182141542435}, {""species"": ""Astrostole scabra"", ""common_name"": """", ""score"": 0.04571114853024483}, {""species"": ""Astrostole insularis"", ""common_name"": """", ""score"": 0.0406954400241375}]"
obs_339993526_photo_618618071_box1.jpg,/rs1/researchers/a/amallav/results/outputs_crop/obs_339993526_photo_618618071_box1.jpg,obs_339993526_photo_618618071,#N/A,1,1,Astrostole scabra,Evasterias troschelii,FALSE,,,Animalia,Animalia,Echinodermata,Echinodermata,Asteroidea,Asteroidea,Forcipulatida,Forcipulatida,Asteriidae,Asteriidae,Astrostole,Evasterias,0.045711149,4,"[{""species"": ""Evasterias echinosoma"", ""common_name"": ""Giant star"", ""score"": 0.352675199508667}, {""species"": ""Evasterias troschelii"", ""common_name"": """", ""score"": 0.17771680653095245}, {""species"": ""Meyenaster gelatinosus"", ""common_name"": """", ""score"": 0.09017182141542435}, {""species"": ""Astrostole scabra"", ""common_name"": """", ""score"": 0.04571114853024483}, {""species"": ""Astrostole insularis"", ""common_name"": """", ""score"": 0.0406954400241375}]"
obs_339993526_photo_618618071_box1.jpg,/rs1/researchers/a/amallav/results/outputs_crop/obs_339993526_photo_618618071_box1.jpg,obs_339993526_photo_618618071,#N/A,1,1,Astrostole insularis,Evasterias troschelii,FALSE,,,Animalia,Animalia,Echinodermata,Echinodermata,Asteroidea,Asteroidea,Forcipulatida,Forcipulatida,Asteriidae,Asteriidae,Astrostole,Evasterias,0.04069544,5,"[{""species"": ""Evasterias echinosoma"", ""common_name"": ""Giant star"", ""score"": 0.352675199508667}, {""species"": ""Evasterias troschelii"", ""common_name"": """", ""score"": 0.17771680653095245}, {""species"": ""Meyenaster gelatinosus"", ""common_name"": """", ""score"": 0.09017182141542435}, {""species"": ""Astrostole scabra"", ""common_name"": """", ""score"": 0.04571114853024483}, {""species"": ""Astrostole insularis"", ""common_name"": """", ""score"": 0.0406954400241375}]"
obs_339993526_photo_618618071_box2.jpg,/rs1/researchers/a/amallav/results/outputs_crop/obs_339993526_photo_618618071_box2.jpg,obs_339993526_photo_618618071,#N/A,2,2,Evasterias echinosoma,Evasterias troschelii,FALSE,,Giant star,Animalia,Animalia,Echinodermata,Echinodermata,Asteroidea,Asteroidea,Forcipulatida,Forcipulatida,Asteriidae,Asteriidae,Evasterias,Evasterias,0.561951756,1,"[{""species"": ""Evasterias echinosoma"", ""common_name"": ""Giant star"", ""score"": 0.561951756477356}, {""species"": ""Evasterias troschelii"", ""common_name"": """", ""score"": 0.06428885459899902}, {""species"": ""Luidia magellanica"", ""common_name"": """", ""score"": 0.0517297200858593}, {""species"": ""Distolasterias elegans"", ""common_name"": """", ""score"": 0.04202933982014656}, {""species"": ""Asterias rathbuni"", ""common_name"": """", ""score"": 0.03886514902114868}]"
obs_339993526_photo_618618071_box2.jpg,/rs1/researchers/a/amallav/results/outputs_crop/obs_339993526_photo_618618071_box2.jpg,obs_339993526_photo_618618071,#N/A,2,2,Evasterias troschelii,Evasterias troschelii,TRUE,,,Animalia,Animalia,Echinodermata,Echinodermata,Asteroidea,Asteroidea,Forcipulatida,Forcipulatida,Asteriidae,Asteriidae,Evasterias,Evasterias,0.064288855,2,"[{""species"": ""Evasterias echinosoma"", ""common_name"": ""Giant star"", ""score"": 0.561951756477356}, {""species"": ""Evasterias troschelii"", ""common_name"": """", ""score"": 0.06428885459899902}, {""species"": ""Luidia magellanica"", ""common_name"": """", ""score"": 0.0517297200858593}, {""species"": ""Distolasterias elegans"", ""common_name"": """", ""score"": 0.04202933982014656}, {""species"": ""Asterias rathbuni"", ""common_name"": """", ""score"": 0.03886514902114868}]"
obs_339993526_photo_618618071_box2.jpg,/rs1/researchers/a/amallav/results/outputs_crop/obs_339993526_photo_618618071_box2.jpg,obs_339993526_photo_618618071,#N/A,2,2,Luidia magellanica,Evasterias troschelii,FALSE,,,Animalia,Animalia,Echinodermata,Echinodermata,Asteroidea,Asteroidea,Paxillosida,Forcipulatida,Luidiidae,Asteriidae,Luidia,Evasterias,0.05172972,3,"[{""species"": ""Evasterias echinosoma"", ""common_name"": ""Giant star"", ""score"": 0.561951756477356}, {""species"": ""Evasterias troschelii"", ""common_name"": """", ""score"": 0.06428885459899902}, {""species"": ""Luidia magellanica"", ""common_name"": """", ""score"": 0.0517297200858593}, {""species"": ""Distolasterias elegans"", ""common_name"": """", ""score"": 0.04202933982014656}, {""species"": ""Asterias rathbuni"", ""common_name"": """", ""score"": 0.03886514902114868}]"
obs_339993526_photo_618618071_box2.jpg,/rs1/researchers/a/amallav/results/outputs_crop/obs_339993526_photo_618618071_box2.jpg,obs_339993526_photo_618618071,#N/A,2,2,Distolasterias elegans,Evasterias troschelii,FALSE,,,Animalia,Animalia,Echinodermata,Echinodermata,Asteroidea,Asteroidea,Forcipulatida,Forcipulatida,Asteriidae,Asteriidae,Distolasterias,Evasterias,0.04202934,4,"[{""species"": ""Evasterias echinosoma"", ""common_name"": ""Giant star"", ""score"": 0.561951756477356}, {""species"": ""Evasterias troschelii"", ""common_name"": """", ""score"": 0.06428885459899902}, {""species"": ""Luidia magellanica"", ""common_name"": """", ""score"": 0.0517297200858593}, {""species"": ""Distolasterias elegans"", ""common_name"": """", ""score"": 0.04202933982014656}, {""species"": ""Asterias rathbuni"", ""common_name"": """", ""score"": 0.03886514902114868}]"
obs_339993526_photo_618618071_box2.jpg,/rs1/researchers/a/amallav/results/outputs_crop/obs_339993526_photo_618618071_box2.jpg,obs_339993526_photo_618618071,#N/A,2,2,Asterias rathbuni,Evasterias troschelii,FALSE,,,Animalia,Animalia,Echinodermata,Echinodermata,Asteroidea,Asteroidea,Forcipulatida,Forcipulatida,Asteriidae,Asteriidae,Asterias,Evasterias,0.038865149,5,"[{""species"": ""Evasterias echinosoma"", ""common_name"": ""Giant star"", ""score"": 0.561951756477356}, {""species"": ""Evasterias troschelii"", ""common_name"": """", ""score"": 0.06428885459899902}, {""species"": ""Luidia magellanica"", ""common_name"": """", ""score"": 0.0517297200858593}, {""species"": ""Distolasterias elegans"", ""common_name"": """", ""score"": 0.04202933982014656}, {""species"": ""Asterias rathbuni"", ""common_name"": """", ""score"": 0.03886514902114868}]"
obs_339993526_photo_618618071_box3.jpg,/rs1/researchers/a/amallav/results/outputs_crop/obs_339993526_photo_618618071_box3.jpg,obs_339993526_photo_618618071,#N/A,3,3,Evasterias echinosoma,Evasterias troschelii,FALSE,,Giant star,Animalia,Animalia,Echinodermata,Echinodermata,Asteroidea,Asteroidea,Forcipulatida,Forcipulatida,Asteriidae,Asteriidae,Evasterias,Evasterias,0.500584066,1,"[{""species"": ""Evasterias echinosoma"", ""common_name"": ""Giant star"", ""score"": 0.500584065914154}, {""species"": ""Evasterias troschelii"", ""common_name"": """", ""score"": 0.09559427946805954}, {""species"": ""Luidia magellanica"", ""common_name"": """", ""score"": 0.045577459037303925}, {""species"": ""Meyenaster gelatinosus"", ""common_name"": """", ""score"": 0.0354059636592865}, {""species"": ""Distolasterias elegans"", ""common_name"": """", ""score"": 0.032606303691864014}]"
obs_339993526_photo_618618071_box3.jpg,/rs1/researchers/a/amallav/results/outputs_crop/obs_339993526_photo_618618071_box3.jpg,obs_339993526_photo_618618071,#N/A,3,3,Evasterias troschelii,Evasterias troschelii,TRUE,,,Animalia,Animalia,Echinodermata,Echinodermata,Asteroidea,Asteroidea,Forcipulatida,Forcipulatida,Asteriidae,Asteriidae,Evasterias,Evasterias,0.095594279,2,"[{""species"": ""Evasterias echinosoma"", ""common_name"": ""Giant star"", ""score"": 0.500584065914154}, {""species"": ""Evasterias troschelii"", ""common_name"": """", ""score"": 0.09559427946805954}, {""species"": ""Luidia magellanica"", ""common_name"": """", ""score"": 0.045577459037303925}, {""species"": ""Meyenaster gelatinosus"", ""common_name"": """", ""score"": 0.0354059636592865}, {""species"": ""Distolasterias elegans"", ""common_name"": """", ""score"": 0.032606303691864014}]"
obs_339993526_photo_618618071_box3.jpg,/rs1/researchers/a/amallav/results/outputs_crop/obs_339993526_photo_618618071_box3.jpg,obs_339993526_photo_618618071,#N/A,3,3,Luidia magellanica,Evasterias troschelii,FALSE,,,Animalia,Animalia,Echinodermata,Echinodermata,Asteroidea,Asteroidea,Paxillosida,Forcipulatida,Luidiidae,Asteriidae,Luidia,Evasterias,0.045577459,3,"[{""species"": ""Evasterias echinosoma"", ""common_name"": ""Giant star"", ""score"": 0.500584065914154}, {""species"": ""Evasterias troschelii"", ""common_name"": """", ""score"": 0.09559427946805954}, {""species"": ""Luidia magellanica"", ""common_name"": """", ""score"": 0.045577459037303925}, {""species"": ""Meyenaster gelatinosus"", ""common_name"": """", ""score"": 0.0354059636592865}, {""species"": ""Distolasterias elegans"", ""common_name"": """", ""score"": 0.032606303691864014}]"
obs_339993526_photo_618618071_box3.jpg,/rs1/researchers/a/amallav/results/outputs_crop/obs_339993526_photo_618618071_box3.jpg,obs_339993526_photo_618618071,#N/A,3,3,Meyenaster gelatinosus,Evasterias troschelii,FALSE,,,Animalia,Animalia,Echinodermata,Echinodermata,Asteroidea,Asteroidea,Forcipulatida,Forcipulatida,Asteriidae,Asteriidae,Meyenaster,Evasterias,0.035405964,4,"[{""species"": ""Evasterias echinosoma"", ""common_name"": ""Giant star"", ""score"": 0.500584065914154}, {""species"": ""Evasterias troschelii"", ""common_name"": """", ""score"": 0.09559427946805954}, {""species"": ""Luidia magellanica"", ""common_name"": """", ""score"": 0.045577459037303925}, {""species"": ""Meyenaster gelatinosus"", ""common_name"": """", ""score"": 0.0354059636592865}, {""species"": ""Distolasterias elegans"", ""common_name"": """", ""score"": 0.032606303691864014}]"
obs_339993526_photo_618618071_box3.jpg,/rs1/researchers/a/amallav/results/outputs_crop/obs_339993526_photo_618618071_box3.jpg,obs_339993526_photo_618618071,#N/A,3,3,Distolasterias elegans,Evasterias troschelii,FALSE,,,Animalia,Animalia,Echinodermata,Echinodermata,Asteroidea,Asteroidea,Forcipulatida,Forcipulatida,Asteriidae,Asteriidae,Distolasterias,Evasterias,0.032606304,5,"[{""species"": ""Evasterias echinosoma"", ""common_name"": ""Giant star"", ""score"": 0.500584065914154}, {""species"": ""Evasterias troschelii"", ""common_name"": """", ""score"": 0.09559427946805954}, {""species"": ""Luidia magellanica"", ""common_name"": """", ""score"": 0.045577459037303925}, {""species"": ""Meyenaster gelatinosus"", ""common_name"": """", ""score"": 0.0354059636592865}, {""species"": ""Distolasterias elegans"", ""common_name"": """", ""score"": 0.032606303691864014}]"
obs_339993526_photo_618618071_box4.jpg,/rs1/researchers/a/amallav/results/outputs_crop/obs_339993526_photo_618618071_box4.jpg,obs_339993526_photo_618618071,#N/A,4,4,Chloephaga hybrida,Evasterias troschelii,FALSE,,Kelp goose,Animalia,Animalia,Chordata,Echinodermata,Aves,Asteroidea,Anseriformes,Forcipulatida,Anatidae,Asteriidae,Chloephaga,Evasterias,0.114659794,1,"[{""species"": ""Chloephaga hybrida"", ""common_name"": ""Kelp goose"", ""score"": 0.11465979367494583}, {""species"": ""Evasterias echinosoma"", ""common_name"": ""Giant star"", ""score"": 0.10904663801193237}, {""species"": ""Evasterias troschelii"", ""common_name"": """", ""score"": 0.10492115467786789}, {""species"": ""Laricola Larus elegans"", ""common_name"": """", ""score"": 0.06728940457105637}, {""species"": ""Astrostole insularis"", ""common_name"": """", ""score"": 0.05809345468878746}]"
obs_339993526_photo_618618071_box4.jpg,/rs1/researchers/a/amallav/results/outputs_crop/obs_339993526_photo_618618071_box4.jpg,obs_339993526_photo_618618071,#N/A,4,4,Evasterias echinosoma,Evasterias troschelii,FALSE,,Giant star,Animalia,Animalia,Echinodermata,Echinodermata,Asteroidea,Asteroidea,Forcipulatida,Forcipulatida,Asteriidae,Asteriidae,Evasterias,Evasterias,0.109046638,2,"[{""species"": ""Chloephaga hybrida"", ""common_name"": ""Kelp goose"", ""score"": 0.11465979367494583}, {""species"": ""Evasterias echinosoma"", ""common_name"": ""Giant star"", ""score"": 0.10904663801193237}, {""species"": ""Evasterias troschelii"", ""common_name"": """", ""score"": 0.10492115467786789}, {""species"": ""Laricola Larus elegans"", ""common_name"": """", ""score"": 0.06728940457105637}, {""species"": ""Astrostole insularis"", ""common_name"": """", ""score"": 0.05809345468878746}]"
obs_339993526_photo_618618071_box4.jpg,/rs1/researchers/a/amallav/results/outputs_crop/obs_339993526_photo_618618071_box4.jpg,obs_339993526_photo_618618071,#N/A,4,4,Evasterias troschelii,Evasterias troschelii,TRUE,,,Animalia,Animalia,Echinodermata,Echinodermata,Asteroidea,Asteroidea,Forcipulatida,Forcipulatida,Asteriidae,Asteriidae,Evasterias,Evasterias,0.104921155,3,"[{""species"": ""Chloephaga hybrida"", ""common_name"": ""Kelp goose"", ""score"": 0.11465979367494583}, {""species"": ""Evasterias echinosoma"", ""common_name"": ""Giant star"", ""score"": 0.10904663801193237}, {""species"": ""Evasterias troschelii"", ""common_name"": """", ""score"": 0.10492115467786789}, {""species"": ""Laricola Larus elegans"", ""common_name"": """", ""score"": 0.06728940457105637}, {""species"": ""Astrostole insularis"", ""common_name"": """", ""score"": 0.05809345468878746}]"
obs_339993526_photo_618618071_box4.jpg,/rs1/researchers/a/amallav/results/outputs_crop/obs_339993526_photo_618618071_box4.jpg,obs_339993526_photo_618618071,#N/A,4,4,Laricola Larus elegans,Evasterias troschelii,FALSE,,,Animalia,Animalia,Chordata,Echinodermata,Aves,Asteroidea,Charadriiformes,Forcipulatida,,Asteriidae,Laricola,Evasterias,0.067289405,4,"[{""species"": ""Chloephaga hybrida"", ""common_name"": ""Kelp goose"", ""score"": 0.11465979367494583}, {""species"": ""Evasterias echinosoma"", ""common_name"": ""Giant star"", ""score"": 0.10904663801193237}, {""species"": ""Evasterias troschelii"", ""common_name"": """", ""score"": 0.10492115467786789}, {""species"": ""Laricola Larus elegans"", ""common_name"": """", ""score"": 0.06728940457105637}, {""species"": ""Astrostole insularis"", ""common_name"": """", ""score"": 0.05809345468878746}]"
obs_339993526_photo_618618071_box4.jpg,/rs1/researchers/a/amallav/results/outputs_crop/obs_339993526_photo_618618071_box4.jpg,obs_339993526_photo_618618071,#N/A,4,4,Astrostole insularis,Evasterias troschelii,FALSE,,,Animalia,Animalia,Echinodermata,Echinodermata,Asteroidea,Asteroidea,Forcipulatida,Forcipulatida,Asteriidae,Asteriidae,Astrostole,Evasterias,0.058093455,5,"[{""species"": ""Chloephaga hybrida"", ""common_name"": ""Kelp goose"", ""score"": 0.11465979367494583}, {""species"": ""Evasterias echinosoma"", ""common_name"": ""Giant star"", ""score"": 0.10904663801193237}, {""species"": ""Evasterias troschelii"", ""common_name"": """", ""score"": 0.10492115467786789}, {""species"": ""Laricola Larus elegans"", ""common_name"": """", ""score"": 0.06728940457105637}, {""species"": ""Astrostole insularis"", ""common_name"": """", ""score"": 0.05809345468878746}]"
obs_340263466_photo_619175705_box1.jpg,/rs1/researchers/a/amallav/results/outputs_crop/obs_340263466_photo_619175705_box1.jpg,obs_340263466_photo_619175705,obs_340263466_photo_619175705,1,1,Ferocactus gracilis,Cirsium ehrenbergii,FALSE,Species features not very clear,Fire barrel cactus,Plantae,Plantae,Tracheophyta,Tracheophyta,Magnoliopsida,Magnoliopsida,Caryophyllales,Asterales,Cactaceae,Asteraceae,Ferocactus,Cirsium,0.092018269,1,"[{""species"": ""Ferocactus gracilis"", ""common_name"": ""Fire barrel cactus"", ""score"": 0.09201826900243759}, {""species"": ""Tristerix aphyllus"", ""common_name"": """", ""score"": 0.07980670034885406}, {""species"": ""Melocactus pachyacanthus"", ""common_name"": """", ""score"": 0.04688802361488342}, {""species"": ""Melocactus intortus"", ""common_name"": ""Barrel cactus"", ""score"": 0.037628188729286194}, {""species"": ""Eriosyce engleri"", ""common_name"": """", ""score"": 0.03302409499883652}]"
obs_340263466_photo_619175705_box1.jpg,/rs1/researchers/a/amallav/results/outputs_crop/obs_340263466_photo_619175705_box1.jpg,obs_340263466_photo_619175705,obs_340263466_photo_619175705,1,1,Tristerix aphyllus,Cirsium ehrenbergii,FALSE,Species features not very clear,,Plantae,Plantae,Tracheophyta,Tracheophyta,Magnoliopsida,Magnoliopsida,Santalales,Asterales,Loranthaceae,Asteraceae,Tristerix,Cirsium,0.0798067,2,"[{""species"": ""Ferocactus gracilis"", ""common_name"": ""Fire barrel cactus"", ""score"": 0.09201826900243759}, {""species"": ""Tristerix aphyllus"", ""common_name"": """", ""score"": 0.07980670034885406}, {""species"": ""Melocactus pachyacanthus"", ""common_name"": """", ""score"": 0.04688802361488342}, {""species"": ""Melocactus intortus"", ""common_name"": ""Barrel cactus"", ""score"": 0.037628188729286194}, {""species"": ""Eriosyce engleri"", ""common_name"": """", ""score"": 0.03302409499883652}]"
obs_340263466_photo_619175705_box1.jpg,/rs1/researchers/a/amallav/results/outputs_crop/obs_340263466_photo_619175705_box1.jpg,obs_340263466_photo_619175705,obs_340263466_photo_619175705,1,1,Melocactus pachyacanthus,Cirsium ehrenbergii,FALSE,Species features not very clear,,Plantae,Plantae,Tracheophyta,Tracheophyta,Magnoliopsida,Magnoliopsida,Caryophyllales,Asterales,Cactaceae,Asteraceae,Melocactus,Cirsium,0.046888024,3,"[{""species"": ""Ferocactus gracilis"", ""common_name"": ""Fire barrel cactus"", ""score"": 0.09201826900243759}, {""species"": ""Tristerix aphyllus"", ""common_name"": """", ""score"": 0.07980670034885406}, {""species"": ""Melocactus pachyacanthus"", ""common_name"": """", ""score"": 0.04688802361488342}, {""species"": ""Melocactus intortus"", ""common_name"": ""Barrel cactus"", ""score"": 0.037628188729286194}, {""species"": ""Eriosyce engleri"", ""common_name"": """", ""score"": 0.03302409499883652}]"
obs_340263466_photo_619175705_box1.jpg,/rs1/researchers/a/amallav/results/outputs_crop/obs_340263466_photo_619175705_box1.jpg,obs_340263466_photo_619175705,obs_340263466_photo_619175705,1,1,Melocactus intortus,Cirsium ehrenbergii,FALSE,Species features not very clear,Barrel cactus,Plantae,Plantae,Tracheophyta,Tracheophyta,Magnoliopsida,Magnoliopsida,Caryophyllales,Asterales,Cactaceae,Asteraceae,Melocactus,Cirsium,0.037628189,4,"[{""species"": ""Ferocactus gracilis"", ""common_name"": ""Fire barrel cactus"", ""score"": 0.09201826900243759}, {""species"": ""Tristerix aphyllus"", ""common_name"": """", ""score"": 0.07980670034885406}, {""species"": ""Melocactus pachyacanthus"", ""common_name"": """", ""score"": 0.04688802361488342}, {""species"": ""Melocactus intortus"", ""common_name"": ""Barrel cactus"", ""score"": 0.037628188729286194}, {""species"": ""Eriosyce engleri"", ""common_name"": """", ""score"": 0.03302409499883652}]"
obs_340263466_photo_619175705_box1.jpg,/rs1/researchers/a/amallav/results/outputs_crop/obs_340263466_photo_619175705_box1.jpg,obs_340263466_photo_619175705,obs_340263466_photo_619175705,1,1,Eriosyce engleri,Cirsium ehrenbergii,FALSE,Species features not very clear,,Plantae,Plantae,Tracheophyta,Tracheophyta,Magnoliopsida,Magnoliopsida,Caryophyllales,Asterales,Cactaceae,Asteraceae,Eriosyce,Cirsium,0.033024095,5,"[{""species"": ""Ferocactus gracilis"", ""common_name"": ""Fire barrel cactus"", ""score"": 0.09201826900243759}, {""species"": ""Tristerix aphyllus"", ""common_name"": """", ""score"": 0.07980670034885406}, {""species"": ""Melocactus pachyacanthus"", ""common_name"": """", ""score"": 0.04688802361488342}, {""species"": ""Melocactus intortus"", ""common_name"": ""Barrel cactus"", ""score"": 0.037628188729286194}, {""species"": ""Eriosyce engleri"", ""common_name"": """", ""score"": 0.03302409499883652}]"
obs_340263466_photo_619175705_box2.jpg,/rs1/researchers/a/amallav/results/outputs_crop/obs_340263466_photo_619175705_box2.jpg,obs_340263466_photo_619175705,obs_340263466_photo_619175705,2,2,Tristerix aphyllus,Cirsium ehrenbergii,FALSE,Species features not very clear,,Plantae,Plantae,Tracheophyta,Tracheophyta,Magnoliopsida,Magnoliopsida,Santalales,Asterales,Loranthaceae,Asteraceae,Tristerix,Cirsium,0.110224485,1,"[{""species"": ""Tristerix aphyllus"", ""common_name"": """", ""score"": 0.11022448539733887}, {""species"": ""Mammillaria halei"", ""common_name"": """", ""score"": 0.10415641218423843}, {""species"": ""Tristerix grandiflorus"", ""common_name"": """", ""score"": 0.0840638279914856}, {""species"": ""Eriosyce subgibbosa"", ""common_name"": """", ""score"": 0.04125518351793289}, {""species"": ""Chiranthodendron pentadactylon"", ""common_name"": ""Mexican-hat-plant"", ""score"": 0.03346763551235199}]"
obs_340263466_photo_619175705_box2.jpg,/rs1/researchers/a/amallav/results/outputs_crop/obs_340263466_photo_619175705_box2.jpg,obs_340263466_photo_619175705,obs_340263466_photo_619175705,2,2,Mammillaria halei,Cirsium ehrenbergii,FALSE,Species features not very clear,,Plantae,Plantae,Tracheophyta,Tracheophyta,Magnoliopsida,Magnoliopsida,Caryophyllales,Asterales,Cactaceae,Asteraceae,Mammillaria,Cirsium,0.104156412,2,"[{""species"": ""Tristerix aphyllus"", ""common_name"": """", ""score"": 0.11022448539733887}, {""species"": ""Mammillaria halei"", ""common_name"": """", ""score"": 0.10415641218423843}, {""species"": ""Tristerix grandiflorus"", ""common_name"": """", ""score"": 0.0840638279914856}, {""species"": ""Eriosyce subgibbosa"", ""common_name"": """", ""score"": 0.04125518351793289}, {""species"": ""Chiranthodendron pentadactylon"", ""common_name"": ""Mexican-hat-plant"", ""score"": 0.03346763551235199}]"
obs_340263466_photo_619175705_box2.jpg,/rs1/researchers/a/amallav/results/outputs_crop/obs_340263466_photo_619175705_box2.jpg,obs_340263466_photo_619175705,obs_340263466_photo_619175705,2,2,Tristerix grandiflorus,Cirsium ehrenbergii,FALSE,Species features not very clear,,Plantae,Plantae,Tracheophyta,Tracheophyta,Magnoliopsida,Magnoliopsida,Santalales,Asterales,Loranthaceae,Asteraceae,Tristerix,Cirsium,0.084063828,3,"[{""species"": ""Tristerix aphyllus"", ""common_name"": """", ""score"": 0.11022448539733887}, {""species"": ""Mammillaria halei"", ""common_name"": """", ""score"": 0.10415641218423843}, {""species"": ""Tristerix grandiflorus"", ""common_name"": """", ""score"": 0.0840638279914856}, {""species"": ""Eriosyce subgibbosa"", ""common_name"": """", ""score"": 0.04125518351793289}, {""species"": ""Chiranthodendron pentadactylon"", ""common_name"": ""Mexican-hat-plant"", ""score"": 0.03346763551235199}]"
obs_340263466_photo_619175705_box2.jpg,/rs1/researchers/a/amallav/results/outputs_crop/obs_340263466_photo_619175705_box2.jpg,obs_340263466_photo_619175705,obs_340263466_photo_619175705,2,2,Eriosyce subgibbosa,Cirsium ehrenbergii,FALSE,Species features not very clear,,Plantae,Plantae,Tracheophyta,Tracheophyta,Magnoliopsida,Magnoliopsida,Caryophyllales,Asterales,Cactaceae,Asteraceae,Eriosyce,Cirsium,0.041255184,4,"[{""species"": ""Tristerix aphyllus"", ""common_name"": """", ""score"": 0.11022448539733887}, {""species"": ""Mammillaria halei"", ""common_name"": """", ""score"": 0.10415641218423843}, {""species"": ""Tristerix grandiflorus"", ""common_name"": """", ""score"": 0.0840638279914856}, {""species"": ""Eriosyce subgibbosa"", ""common_name"": """", ""score"": 0.04125518351793289}, {""species"": ""Chiranthodendron pentadactylon"", ""common_name"": ""Mexican-hat-plant"", ""score"": 0.03346763551235199}]"
obs_340263466_photo_619175705_box2.jpg,/rs1/researchers/a/amallav/results/outputs_crop/obs_340263466_photo_619175705_box2.jpg,obs_340263466_photo_619175705,obs_340263466_photo_619175705,2,2,Chiranthodendron pentadactylon,Cirsium ehrenbergii,FALSE,Species features not very clear,Mexican-hat-plant,Plantae,Plantae,Tracheophyta,Tracheophyta,Magnoliopsida,Magnoliopsida,Malvales,Asterales,Malvaceae,Asteraceae,Chiranthodendron,Cirsium,0.033467636,5,"[{""species"": ""Tristerix aphyllus"", ""common_name"": """", ""score"": 0.11022448539733887}, {""species"": ""Mammillaria halei"", ""common_name"": """", ""score"": 0.10415641218423843}, {""species"": ""Tristerix grandiflorus"", ""common_name"": """", ""score"": 0.0840638279914856}, {""species"": ""Eriosyce subgibbosa"", ""common_name"": """", ""score"": 0.04125518351793289}, {""species"": ""Chiranthodendron pentadactylon"", ""common_name"": ""Mexican-hat-plant"", ""score"": 0.03346763551235199}]"
obs_340263466_photo_619175705_box3.jpg,/rs1/researchers/a/amallav/results/outputs_crop/obs_340263466_photo_619175705_box3.jpg,obs_340263466_photo_619175705,obs_340263466_photo_619175705,3,3,Tristerix aphyllus,Cirsium ehrenbergii,FALSE,Species features not very clear,,Plantae,Plantae,Tracheophyta,Tracheophyta,Magnoliopsida,Magnoliopsida,Santalales,Asterales,Loranthaceae,Asteraceae,Tristerix,Cirsium,0.370742559,1,"[{""species"": ""Tristerix aphyllus"", ""common_name"": """", ""score"": 0.3707425594329834}, {""species"": ""Ferocactus gracilis"", ""common_name"": ""Fire barrel cactus"", ""score"": 0.03720216825604439}, {""species"": ""Mammillaria halei"", ""common_name"": """", ""score"": 0.03109234943985939}, {""species"": ""Melocactus intortus"", ""common_name"": ""Barrel cactus"", ""score"": 0.028915219008922577}, {""species"": ""Tristerix grandiflorus"", ""common_name"": """", ""score"": 0.027713455259799957}]"
obs_340263466_photo_619175705_box3.jpg,/rs1/researchers/a/amallav/results/outputs_crop/obs_340263466_photo_619175705_box3.jpg,obs_340263466_photo_619175705,obs_340263466_photo_619175705,3,3,Ferocactus gracilis,Cirsium ehrenbergii,FALSE,Species features not very clear,Fire barrel cactus,Plantae,Plantae,Tracheophyta,Tracheophyta,Magnoliopsida,Magnoliopsida,Caryophyllales,Asterales,Cactaceae,Asteraceae,Ferocactus,Cirsium,0.037202168,2,"[{""species"": ""Tristerix aphyllus"", ""common_name"": """", ""score"": 0.3707425594329834}, {""species"": ""Ferocactus gracilis"", ""common_name"": ""Fire barrel cactus"", ""score"": 0.03720216825604439}, {""species"": ""Mammillaria halei"", ""common_name"": """", ""score"": 0.03109234943985939}, {""species"": ""Melocactus intortus"", ""common_name"": ""Barrel cactus"", ""score"": 0.028915219008922577}, {""species"": ""Tristerix grandiflorus"", ""common_name"": """", ""score"": 0.027713455259799957}]"
obs_340263466_photo_619175705_box3.jpg,/rs1/researchers/a/amallav/results/outputs_crop/obs_340263466_photo_619175705_box3.jpg,obs_340263466_photo_619175705,obs_340263466_photo_619175705,3,3,Mammillaria halei,Cirsium ehrenbergii,FALSE,Species features not very clear,,Plantae,Plantae,Tracheophyta,Tracheophyta,Magnoliopsida,Magnoliopsida,Caryophyllales,Asterales,Cactaceae,Asteraceae,Mammillaria,Cirsium,0.031092349,3,"[{""species"": ""Tristerix aphyllus"", ""common_name"": """", ""score"": 0.3707425594329834}, {""species"": ""Ferocactus gracilis"", ""common_name"": ""Fire barrel cactus"", ""score"": 0.03720216825604439}, {""species"": ""Mammillaria halei"", ""common_name"": """", ""score"": 0.03109234943985939}, {""species"": ""Melocactus intortus"", ""common_name"": ""Barrel cactus"", ""score"": 0.028915219008922577}, {""species"": ""Tristerix grandiflorus"", ""common_name"": """", ""score"": 0.027713455259799957}]"
obs_340263466_photo_619175705_box3.jpg,/rs1/researchers/a/amallav/results/outputs_crop/obs_340263466_photo_619175705_box3.jpg,obs_340263466_photo_619175705,obs_340263466_photo_619175705,3,3,Melocactus intortus,Cirsium ehrenbergii,FALSE,Species features not very clear,Barrel cactus,Plantae,Plantae,Tracheophyta,Tracheophyta,Magnoliopsida,Magnoliopsida,Caryophyllales,Asterales,Cactaceae,Asteraceae,Melocactus,Cirsium,0.028915219,4,"[{""species"": ""Tristerix aphyllus"", ""common_name"": """", ""score"": 0.3707425594329834}, {""species"": ""Ferocactus gracilis"", ""common_name"": ""Fire barrel cactus"", ""score"": 0.03720216825604439}, {""species"": ""Mammillaria halei"", ""common_name"": """", ""score"": 0.03109234943985939}, {""species"": ""Melocactus intortus"", ""common_name"": ""Barrel cactus"", ""score"": 0.028915219008922577}, {""species"": ""Tristerix grandiflorus"", ""common_name"": """", ""score"": 0.027713455259799957}]"
obs_340263466_photo_619175705_box3.jpg,/rs1/researchers/a/amallav/results/outputs_crop/obs_340263466_photo_619175705_box3.jpg,obs_340263466_photo_619175705,obs_340263466_photo_619175705,3,3,Tristerix grandiflorus,Cirsium ehrenbergii,FALSE,Species features not very clear,,Plantae,Plantae,Tracheophyta,Tracheophyta,Magnoliopsida,Magnoliopsida,Santalales,Asterales,Loranthaceae,Asteraceae,Tristerix,Cirsium,0.027713455,5,"[{""species"": ""Tristerix aphyllus"", ""common_name"": """", ""score"": 0.3707425594329834}, {""species"": ""Ferocactus gracilis"", ""common_name"": ""Fire barrel cactus"", ""score"": 0.03720216825604439}, {""species"": ""Mammillaria halei"", ""common_name"": """", ""score"": 0.03109234943985939}, {""species"": ""Melocactus intortus"", ""common_name"": ""Barrel cactus"", ""score"": 0.028915219008922577}, {""species"": ""Tristerix grandiflorus"", ""common_name"": """", ""score"": 0.027713455259799957}]"
obs_340263466_photo_619175705_box4.jpg,/rs1/researchers/a/amallav/results/outputs_crop/obs_340263466_photo_619175705_box4.jpg,obs_340263466_photo_619175705,obs_340263466_photo_619175705,4,4,Tristerix aphyllus,Cirsium ehrenbergii,FALSE,Species features not very clear,,Plantae,Plantae,Tracheophyta,Tracheophyta,Magnoliopsida,Magnoliopsida,Santalales,Asterales,Loranthaceae,Asteraceae,Tristerix,Cirsium,0.156251192,1,"[{""species"": ""Tristerix aphyllus"", ""common_name"": """", ""score"": 0.1562511920928955}, {""species"": ""Mammillaria halei"", ""common_name"": """", ""score"": 0.1285630613565445}, {""species"": ""Tristerix grandiflorus"", ""common_name"": """", ""score"": 0.05843270570039749}, {""species"": ""Borzicactus sulcifer"", ""common_name"": """", ""score"": 0.05223347619175911}, {""species"": ""Melocactus intortus"", ""common_name"": ""Barrel cactus"", ""score"": 0.03999048098921776}]"
obs_340263466_photo_619175705_box4.jpg,/rs1/researchers/a/amallav/results/outputs_crop/obs_340263466_photo_619175705_box4.jpg,obs_340263466_photo_619175705,obs_340263466_photo_619175705,4,4,Mammillaria halei,Cirsium ehrenbergii,FALSE,Species features not very clear,,Plantae,Plantae,Tracheophyta,Tracheophyta,Magnoliopsida,Magnoliopsida,Caryophyllales,Asterales,Cactaceae,Asteraceae,Mammillaria,Cirsium,0.128563061,2,"[{""species"": ""Tristerix aphyllus"", ""common_name"": """", ""score"": 0.1562511920928955}, {""species"": ""Mammillaria halei"", ""common_name"": """", ""score"": 0.1285630613565445}, {""species"": ""Tristerix grandiflorus"", ""common_name"": """", ""score"": 0.05843270570039749}, {""species"": ""Borzicactus sulcifer"", ""common_name"": """", ""score"": 0.05223347619175911}, {""species"": ""Melocactus intortus"", ""common_name"": ""Barrel cactus"", ""score"": 0.03999048098921776}]"
obs_340263466_photo_619175705_box4.jpg,/rs1/researchers/a/amallav/results/outputs_crop/obs_340263466_photo_619175705_box4.jpg,obs_340263466_photo_619175705,obs_340263466_photo_619175705,4,4,Tristerix grandiflorus,Cirsium ehrenbergii,FALSE,Species features not very clear,,Plantae,Plantae,Tracheophyta,Tracheophyta,Magnoliopsida,Magnoliopsida,Santalales,Asterales,Loranthaceae,Asteraceae,Tristerix,Cirsium,0.058432706,3,"[{""species"": ""Tristerix aphyllus"", ""common_name"": """", ""score"": 0.1562511920928955}, {""species"": ""Mammillaria halei"", ""common_name"": """", ""score"": 0.1285630613565445}, {""species"": ""Tristerix grandiflorus"", ""common_name"": """", ""score"": 0.05843270570039749}, {""species"": ""Borzicactus sulcifer"", ""common_name"": """", ""score"": 0.05223347619175911}, {""species"": ""Melocactus intortus"", ""common_name"": ""Barrel cactus"", ""score"": 0.03999048098921776}]"
obs_340263466_photo_619175705_box4.jpg,/rs1/researchers/a/amallav/results/outputs_crop/obs_340263466_photo_619175705_box4.jpg,obs_340263466_photo_619175705,obs_340263466_photo_619175705,4,4,Borzicactus sulcifer,Cirsium ehrenbergii,FALSE,Species features not very clear,,Plantae,Plantae,Tracheophyta,Tracheophyta,Magnoliopsida,Magnoliopsida,Caryophyllales,Asterales,Cactaceae,Asteraceae,Borzicactus,Cirsium,0.052233476,4,"[{""species"": ""Tristerix aphyllus"", ""common_name"": """", ""score"": 0.1562511920928955}, {""species"": ""Mammillaria halei"", ""common_name"": """", ""score"": 0.1285630613565445}, {""species"": ""Tristerix grandiflorus"", ""common_name"": """", ""score"": 0.05843270570039749}, {""species"": ""Borzicactus sulcifer"", ""common_name"": """", ""score"": 0.05223347619175911}, {""species"": ""Melocactus intortus"", ""common_name"": ""Barrel cactus"", ""score"": 0.03999048098921776}]"
obs_340263466_photo_619175705_box4.jpg,/rs1/researchers/a/amallav/results/outputs_crop/obs_340263466_photo_619175705_box4.jpg,obs_340263466_photo_619175705,obs_340263466_photo_619175705,4,4,Melocactus intortus,Cirsium ehrenbergii,FALSE,Species features not very clear,Barrel cactus,Plantae,Plantae,Tracheophyta,Tracheophyta,Magnoliopsida,Magnoliopsida,Caryophyllales,Asterales,Cactaceae,Asteraceae,Melocactus,Cirsium,0.039990481,5,"[{""species"": ""Tristerix aphyllus"", ""common_name"": """", ""score"": 0.1562511920928955}, {""species"": ""Mammillaria halei"", ""common_name"": """", ""score"": 0.1285630613565445}, {""species"": ""Tristerix grandiflorus"", ""common_name"": """", ""score"": 0.05843270570039749}, {""species"": ""Borzicactus sulcifer"", ""common_name"": """", ""score"": 0.05223347619175911}, {""species"": ""Melocactus intortus"", ""common_name"": ""Barrel cactus"", ""score"": 0.03999048098921776}]"
obs_340263466_photo_619175705_box5.jpg,/rs1/researchers/a/amallav/results/outputs_crop/obs_340263466_photo_619175705_box5.jpg,obs_340263466_photo_619175705,obs_340263466_photo_619175705,5,5,Tristerix aphyllus,Cirsium ehrenbergii,FALSE,Species features not very clear,,Plantae,Plantae,Tracheophyta,Tracheophyta,Magnoliopsida,Magnoliopsida,Santalales,Asterales,Loranthaceae,Asteraceae,Tristerix,Cirsium,0.263536394,1,"[{""species"": ""Tristerix aphyllus"", ""common_name"": """", ""score"": 0.26353639364242554}, {""species"": ""Ferocactus gracilis"", ""common_name"": ""Fire barrel cactus"", ""score"": 0.08719131350517273}, {""species"": ""Mammillaria halei"", ""common_name"": """", ""score"": 0.0557933934032917}, {""species"": ""Melocactus intortus"", ""common_name"": ""Barrel cactus"", ""score"": 0.052661556750535965}, {""species"": ""Ferocactus fordii"", ""common_name"": """", ""score"": 0.045603301376104355}]"
obs_340263466_photo_619175705_box5.jpg,/rs1/researchers/a/amallav/results/outputs_crop/obs_340263466_photo_619175705_box5.jpg,obs_340263466_photo_619175705,obs_340263466_photo_619175705,5,5,Ferocactus gracilis,Cirsium ehrenbergii,FALSE,Species features not very clear,Fire barrel cactus,Plantae,Plantae,Tracheophyta,Tracheophyta,Magnoliopsida,Magnoliopsida,Caryophyllales,Asterales,Cactaceae,Asteraceae,Ferocactus,Cirsium,0.087191314,2,"[{""species"": ""Tristerix aphyllus"", ""common_name"": """", ""score"": 0.26353639364242554}, {""species"": ""Ferocactus gracilis"", ""common_name"": ""Fire barrel cactus"", ""score"": 0.08719131350517273}, {""species"": ""Mammillaria halei"", ""common_name"": """", ""score"": 0.0557933934032917}, {""species"": ""Melocactus intortus"", ""common_name"": ""Barrel cactus"", ""score"": 0.052661556750535965}, {""species"": ""Ferocactus fordii"", ""common_name"": """", ""score"": 0.045603301376104355}]"
obs_340263466_photo_619175705_box5.jpg,/rs1/researchers/a/amallav/results/outputs_crop/obs_340263466_photo_619175705_box5.jpg,obs_340263466_photo_619175705,obs_340263466_photo_619175705,5,5,Mammillaria halei,Cirsium ehrenbergii,FALSE,Species features not very clear,,Plantae,Plantae,Tracheophyta,Tracheophyta,Magnoliopsida,Magnoliopsida,Caryophyllales,Asterales,Cactaceae,Asteraceae,Mammillaria,Cirsium,0.055793393,3,"[{""species"": ""Tristerix aphyllus"", ""common_name"": """", ""score"": 0.26353639364242554}, {""species"": ""Ferocactus gracilis"", ""common_name"": ""Fire barrel cactus"", ""score"": 0.08719131350517273}, {""species"": ""Mammillaria halei"", ""common_name"": """", ""score"": 0.0557933934032917}, {""species"": ""Melocactus intortus"", ""common_name"": ""Barrel cactus"", ""score"": 0.052661556750535965}, {""species"": ""Ferocactus fordii"", ""common_name"": """", ""score"": 0.045603301376104355}]"
obs_340263466_photo_619175705_box5.jpg,/rs1/researchers/a/amallav/results/outputs_crop/obs_340263466_photo_619175705_box5.jpg,obs_340263466_photo_619175705,obs_340263466_photo_619175705,5,5,Melocactus intortus,Cirsium ehrenbergii,FALSE,Species features not very clear,Barrel cactus,Plantae,Plantae,Tracheophyta,Tracheophyta,Magnoliopsida,Magnoliopsida,Caryophyllales,Asterales,Cactaceae,Asteraceae,Melocactus,Cirsium,0.052661557,4,"[{""species"": ""Tristerix aphyllus"", ""common_name"": """", ""score"": 0.26353639364242554}, {""species"": ""Ferocactus gracilis"", ""common_name"": ""Fire barrel cactus"", ""score"": 0.08719131350517273}, {""species"": ""Mammillaria halei"", ""common_name"": """", ""score"": 0.0557933934032917}, {""species"": ""Melocactus intortus"", ""common_name"": ""Barrel cactus"", ""score"": 0.052661556750535965}, {""species"": ""Ferocactus fordii"", ""common_name"": """", ""score"": 0.045603301376104355}]"
obs_340263466_photo_619175705_box5.jpg,/rs1/researchers/a/amallav/results/outputs_crop/obs_340263466_photo_619175705_box5.jpg,obs_340263466_photo_619175705,obs_340263466_photo_619175705,5,5,Ferocactus fordii,Cirsium ehrenbergii,FALSE,Species features not very clear,,Plantae,Plantae,Tracheophyta,Tracheophyta,Magnoliopsida,Magnoliopsida,Caryophyllales,Asterales,Cactaceae,Asteraceae,Ferocactus,Cirsium,0.045603301,5,"[{""species"": ""Tristerix aphyllus"", ""common_name"": """", ""score"": 0.26353639364242554}, {""species"": ""Ferocactus gracilis"", ""common_name"": ""Fire barrel cactus"", ""score"": 0.08719131350517273}, {""species"": ""Mammillaria halei"", ""common_name"": """", ""score"": 0.0557933934032917}, {""species"": ""Melocactus intortus"", ""common_name"": ""Barrel cactus"", ""score"": 0.052661556750535965}, {""species"": ""Ferocactus fordii"", ""common_name"": """", ""score"": 0.045603301376104355}]"
obs_340271186_photo_619190124_box1.jpg,/rs1/researchers/a/amallav/results/outputs_crop/obs_340271186_photo_619190124_box1.jpg,obs_340271186_photo_619190124,#N/A,1,1,Rhopalomyia californica,Baccharis pilularis,FALSE,,,Animalia,Plantae,Arthropoda,Tracheophyta,Insecta,Magnoliopsida,Diptera,Asterales,Cecidomyiidae,Asteraceae,Rhopalomyia,Baccharis,0.336686462,1,"[{""species"": ""Rhopalomyia californica"", ""common_name"": """", ""score"": 0.33668646216392517}, {""species"": ""Baccharis pilularis"", ""common_name"": ""Coyotebrush"", ""score"": 0.2367801070213318}, {""species"": ""Baccharis heterophylla"", ""common_name"": """", ""score"": 0.050975359976291656}, {""species"": ""Rhopalomyia baccharis"", ""common_name"": """", ""score"": 0.02886880934238434}, {""species"": ""Aceria clianthi"", ""common_name"": """", ""score"": 0.022188590839505196}]"
obs_340271186_photo_619190124_box1.jpg,/rs1/researchers/a/amallav/results/outputs_crop/obs_340271186_photo_619190124_box1.jpg,obs_340271186_photo_619190124,#N/A,1,1,Baccharis pilularis,Baccharis pilularis,TRUE,,Coyotebrush,Plantae,Plantae,Tracheophyta,Tracheophyta,Magnoliopsida,Magnoliopsida,Asterales,Asterales,Asteraceae,Asteraceae,Baccharis,Baccharis,0.236780107,2,"[{""species"": ""Rhopalomyia californica"", ""common_name"": """", ""score"": 0.33668646216392517}, {""species"": ""Baccharis pilularis"", ""common_name"": ""Coyotebrush"", ""score"": 0.2367801070213318}, {""species"": ""Baccharis heterophylla"", ""common_name"": """", ""score"": 0.050975359976291656}, {""species"": ""Rhopalomyia baccharis"", ""common_name"": """", ""score"": 0.02886880934238434}, {""species"": ""Aceria clianthi"", ""common_name"": """", ""score"": 0.022188590839505196}]"
obs_340271186_photo_619190124_box1.jpg,/rs1/researchers/a/amallav/results/outputs_crop/obs_340271186_photo_619190124_box1.jpg,obs_340271186_photo_619190124,#N/A,1,1,Baccharis heterophylla,Baccharis pilularis,FALSE,,,Plantae,Plantae,Tracheophyta,Tracheophyta,Magnoliopsida,Magnoliopsida,Asterales,Asterales,Asteraceae,Asteraceae,Baccharis,Baccharis,0.05097536,3,"[{""species"": ""Rhopalomyia californica"", ""common_name"": """", ""score"": 0.33668646216392517}, {""species"": ""Baccharis pilularis"", ""common_name"": ""Coyotebrush"", ""score"": 0.2367801070213318}, {""species"": ""Baccharis heterophylla"", ""common_name"": """", ""score"": 0.050975359976291656}, {""species"": ""Rhopalomyia baccharis"", ""common_name"": """", ""score"": 0.02886880934238434}, {""species"": ""Aceria clianthi"", ""common_name"": """", ""score"": 0.022188590839505196}]"
obs_340271186_photo_619190124_box1.jpg,/rs1/researchers/a/amallav/results/outputs_crop/obs_340271186_photo_619190124_box1.jpg,obs_340271186_photo_619190124,#N/A,1,1,Rhopalomyia baccharis,Baccharis pilularis,FALSE,,,Animalia,Plantae,Arthropoda,Tracheophyta,Insecta,Magnoliopsida,Diptera,Asterales,Cecidomyiidae,Asteraceae,Rhopalomyia,Baccharis,0.028868809,4,"[{""species"": ""Rhopalomyia californica"", ""common_name"": """", ""score"": 0.33668646216392517}, {""species"": ""Baccharis pilularis"", ""common_name"": ""Coyotebrush"", ""score"": 0.2367801070213318}, {""species"": ""Baccharis heterophylla"", ""common_name"": """", ""score"": 0.050975359976291656}, {""species"": ""Rhopalomyia baccharis"", ""common_name"": """", ""score"": 0.02886880934238434}, {""species"": ""Aceria clianthi"", ""common_name"": """", ""score"": 0.022188590839505196}]"
obs_340271186_photo_619190124_box1.jpg,/rs1/researchers/a/amallav/results/outputs_crop/obs_340271186_photo_619190124_box1.jpg,obs_340271186_photo_619190124,#N/A,1,1,Aceria clianthi,Baccharis pilularis,FALSE,,,Animalia,Plantae,Arthropoda,Tracheophyta,Arachnida,Magnoliopsida,Trombidiformes,Asterales,Eriophyidae,Asteraceae,Aceria,Baccharis,0.022188591,5,"[{""species"": ""Rhopalomyia californica"", ""common_name"": """", ""score"": 0.33668646216392517}, {""species"": ""Baccharis pilularis"", ""common_name"": ""Coyotebrush"", ""score"": 0.2367801070213318}, {""species"": ""Baccharis heterophylla"", ""common_name"": """", ""score"": 0.050975359976291656}, {""species"": ""Rhopalomyia baccharis"", ""common_name"": """", ""score"": 0.02886880934238434}, {""species"": ""Aceria clianthi"", ""common_name"": """", ""score"": 0.022188590839505196}]"
obs_340271186_photo_619190124_box2.jpg,/rs1/researchers/a/amallav/results/outputs_crop/obs_340271186_photo_619190124_box2.jpg,obs_340271186_photo_619190124,#N/A,2,2,Rhopalomyia californica,Baccharis pilularis,FALSE,,,Animalia,Plantae,Arthropoda,Tracheophyta,Insecta,Magnoliopsida,Diptera,Asterales,Cecidomyiidae,Asteraceae,Rhopalomyia,Baccharis,0.47451511,1,"[{""species"": ""Rhopalomyia californica"", ""common_name"": """", ""score"": 0.4745151102542877}, {""species"": ""Baccharis pilularis"", ""common_name"": ""Coyotebrush"", ""score"": 0.22662118077278137}, {""species"": ""Aceria clianthi"", ""common_name"": """", ""score"": 0.0677337646484375}, {""species"": ""Asphondylia borrichiae"", ""common_name"": """", ""score"": 0.01636710949242115}, {""species"": ""Baccharis heterophylla"", ""common_name"": """", ""score"": 0.014511080458760262}]"
obs_340271186_photo_619190124_box2.jpg,/rs1/researchers/a/amallav/results/outputs_crop/obs_340271186_photo_619190124_box2.jpg,obs_340271186_photo_619190124,#N/A,2,2,Baccharis pilularis,Baccharis pilularis,TRUE,,Coyotebrush,Plantae,Plantae,Tracheophyta,Tracheophyta,Magnoliopsida,Magnoliopsida,Asterales,Asterales,Asteraceae,Asteraceae,Baccharis,Baccharis,0.226621181,2,"[{""species"": ""Rhopalomyia californica"", ""common_name"": """", ""score"": 0.4745151102542877}, {""species"": ""Baccharis pilularis"", ""common_name"": ""Coyotebrush"", ""score"": 0.22662118077278137}, {""species"": ""Aceria clianthi"", ""common_name"": """", ""score"": 0.0677337646484375}, {""species"": ""Asphondylia borrichiae"", ""common_name"": """", ""score"": 0.01636710949242115}, {""species"": ""Baccharis heterophylla"", ""common_name"": """", ""score"": 0.014511080458760262}]"
obs_340271186_photo_619190124_box2.jpg,/rs1/researchers/a/amallav/results/outputs_crop/obs_340271186_photo_619190124_box2.jpg,obs_340271186_photo_619190124,#N/A,2,2,Aceria clianthi,Baccharis pilularis,FALSE,,,Animalia,Plantae,Arthropoda,Tracheophyta,Arachnida,Magnoliopsida,Trombidiformes,Asterales,Eriophyidae,Asteraceae,Aceria,Baccharis,0.067733765,3,"[{""species"": ""Rhopalomyia californica"", ""common_name"": """", ""score"": 0.4745151102542877}, {""species"": ""Baccharis pilularis"", ""common_name"": ""Coyotebrush"", ""score"": 0.22662118077278137}, {""species"": ""Aceria clianthi"", ""common_name"": """", ""score"": 0.0677337646484375}, {""species"": ""Asphondylia borrichiae"", ""common_name"": """", ""score"": 0.01636710949242115}, {""species"": ""Baccharis heterophylla"", ""common_name"": """", ""score"": 0.014511080458760262}]"
obs_340271186_photo_619190124_box2.jpg,/rs1/researchers/a/amallav/results/outputs_crop/obs_340271186_photo_619190124_box2.jpg,obs_340271186_photo_619190124,#N/A,2,2,Asphondylia borrichiae,Baccharis pilularis,FALSE,,,Animalia,Plantae,Arthropoda,Tracheophyta,Insecta,Magnoliopsida,Diptera,Asterales,Cecidomyiidae,Asteraceae,Asphondylia,Baccharis,0.016367109,4,"[{""species"": ""Rhopalomyia californica"", ""common_name"": """", ""score"": 0.4745151102542877}, {""species"": ""Baccharis pilularis"", ""common_name"": ""Coyotebrush"", ""score"": 0.22662118077278137}, {""species"": ""Aceria clianthi"", ""common_name"": """", ""score"": 0.0677337646484375}, {""species"": ""Asphondylia borrichiae"", ""common_name"": """", ""score"": 0.01636710949242115}, {""species"": ""Baccharis heterophylla"", ""common_name"": """", ""score"": 0.014511080458760262}]"
obs_340271186_photo_619190124_box2.jpg,/rs1/researchers/a/amallav/results/outputs_crop/obs_340271186_photo_619190124_box2.jpg,obs_340271186_photo_619190124,#N/A,2,2,Baccharis heterophylla,Baccharis pilularis,FALSE,,,Plantae,Plantae,Tracheophyta,Tracheophyta,Magnoliopsida,Magnoliopsida,Asterales,Asterales,Asteraceae,Asteraceae,Baccharis,Baccharis,0.01451108,5,"[{""species"": ""Rhopalomyia californica"", ""common_name"": """", ""score"": 0.4745151102542877}, {""species"": ""Baccharis pilularis"", ""common_name"": ""Coyotebrush"", ""score"": 0.22662118077278137}, {""species"": ""Aceria clianthi"", ""common_name"": """", ""score"": 0.0677337646484375}, {""species"": ""Asphondylia borrichiae"", ""common_name"": """", ""score"": 0.01636710949242115}, {""species"": ""Baccharis heterophylla"", ""common_name"": """", ""score"": 0.014511080458760262}]"
obs_340304697_photo_619256274_box1.jpg,/rs1/researchers/a/amallav/results/outputs_crop/obs_340304697_photo_619256274_box1.jpg,obs_340304697_photo_619256274,obs_340304697_photo_619256274,1,1,Paracrostoma tigrina,Haemopis grandis,FALSE,Misidentified as different species,,Animalia,Animalia,Mollusca,Annelida,Gastropoda,Clitellata,,Arhynchobdellida,Pachychilidae,Haemopidae,Paracrostoma,Haemopis,0.160119072,1,"[{""species"": ""Paracrostoma tigrina"", ""common_name"": """", ""score"": 0.16011907160282135}, {""species"": ""Paracrostoma huegelii"", ""common_name"": """", ""score"": 0.04101357236504555}, {""species"": ""Haemopis marmorata"", ""common_name"": """", ""score"": 0.0235452838242054}, {""species"": ""Helicophanta magnifica"", ""common_name"": """", ""score"": 0.021003851667046547}, {""species"": ""Helicophanta gloriosa"", ""common_name"": """", ""score"": 0.01818716712296009}]"
obs_340304697_photo_619256274_box1.jpg,/rs1/researchers/a/amallav/results/outputs_crop/obs_340304697_photo_619256274_box1.jpg,obs_340304697_photo_619256274,obs_340304697_photo_619256274,1,1,Paracrostoma huegelii,Haemopis grandis,FALSE,Misidentified as different species,,Animalia,Animalia,Mollusca,Annelida,Gastropoda,Clitellata,,Arhynchobdellida,Pachychilidae,Haemopidae,Paracrostoma,Haemopis,0.041013572,2,"[{""species"": ""Paracrostoma tigrina"", ""common_name"": """", ""score"": 0.16011907160282135}, {""species"": ""Paracrostoma huegelii"", ""common_name"": """", ""score"": 0.04101357236504555}, {""species"": ""Haemopis marmorata"", ""common_name"": """", ""score"": 0.0235452838242054}, {""species"": ""Helicophanta magnifica"", ""common_name"": """", ""score"": 0.021003851667046547}, {""species"": ""Helicophanta gloriosa"", ""common_name"": """", ""score"": 0.01818716712296009}]"
obs_340304697_photo_619256274_box1.jpg,/rs1/researchers/a/amallav/results/outputs_crop/obs_340304697_photo_619256274_box1.jpg,obs_340304697_photo_619256274,obs_340304697_photo_619256274,1,1,Haemopis marmorata,Haemopis grandis,FALSE,Same genus but diff species,,Animalia,Animalia,Annelida,Annelida,Clitellata,Clitellata,Arhynchobdellida,Arhynchobdellida,Haemopidae,Haemopidae,Haemopis,Haemopis,0.023545284,3,"[{""species"": ""Paracrostoma tigrina"", ""common_name"": """", ""score"": 0.16011907160282135}, {""species"": ""Paracrostoma huegelii"", ""common_name"": """", ""score"": 0.04101357236504555}, {""species"": ""Haemopis marmorata"", ""common_name"": """", ""score"": 0.0235452838242054}, {""species"": ""Helicophanta magnifica"", ""common_name"": """", ""score"": 0.021003851667046547}, {""species"": ""Helicophanta gloriosa"", ""common_name"": """", ""score"": 0.01818716712296009}]"
obs_340304697_photo_619256274_box1.jpg,/rs1/researchers/a/amallav/results/outputs_crop/obs_340304697_photo_619256274_box1.jpg,obs_340304697_photo_619256274,obs_340304697_photo_619256274,1,1,Helicophanta magnifica,Haemopis grandis,FALSE,Misidentified as different species,,Animalia,Animalia,Mollusca,Annelida,Gastropoda,Clitellata,Stylommatophora,Arhynchobdellida,Acavidae,Haemopidae,Helicophanta,Haemopis,0.021003852,4,"[{""species"": ""Paracrostoma tigrina"", ""common_name"": """", ""score"": 0.16011907160282135}, {""species"": ""Paracrostoma huegelii"", ""common_name"": """", ""score"": 0.04101357236504555}, {""species"": ""Haemopis marmorata"", ""common_name"": """", ""score"": 0.0235452838242054}, {""species"": ""Helicophanta magnifica"", ""common_name"": """", ""score"": 0.021003851667046547}, {""species"": ""Helicophanta gloriosa"", ""common_name"": """", ""score"": 0.01818716712296009}]"
obs_340304697_photo_619256274_box1.jpg,/rs1/researchers/a/amallav/results/outputs_crop/obs_340304697_photo_619256274_box1.jpg,obs_340304697_photo_619256274,obs_340304697_photo_619256274,1,1,Helicophanta gloriosa,Haemopis grandis,FALSE,Misidentified as different species,,Animalia,Animalia,Mollusca,Annelida,Gastropoda,Clitellata,Stylommatophora,Arhynchobdellida,Acavidae,Haemopidae,Helicophanta,Haemopis,0.018187167,5,"[{""species"": ""Paracrostoma tigrina"", ""common_name"": """", ""score"": 0.16011907160282135}, {""species"": ""Paracrostoma huegelii"", ""common_name"": """", ""score"": 0.04101357236504555}, {""species"": ""Haemopis marmorata"", ""common_name"": """", ""score"": 0.0235452838242054}, {""species"": ""Helicophanta magnifica"", ""common_name"": """", ""score"": 0.021003851667046547}, {""species"": ""Helicophanta gloriosa"", ""common_name"": """", ""score"": 0.01818716712296009}]"
obs_340304697_photo_619256274_box2.jpg,/rs1/researchers/a/amallav/results/outputs_crop/obs_340304697_photo_619256274_box2.jpg,obs_340304697_photo_619256274,obs_340304697_photo_619256274,2,2,Paracrostoma tigrina,Haemopis grandis,FALSE,Misidentified as different species,,Animalia,Animalia,Mollusca,Annelida,Gastropoda,Clitellata,,Arhynchobdellida,Pachychilidae,Haemopidae,Paracrostoma,Haemopis,0.164322242,1,"[{""species"": ""Paracrostoma tigrina"", ""common_name"": """", ""score"": 0.16432224214076996}, {""species"": ""Haemopis marmorata"", ""common_name"": """", ""score"": 0.10439620167016983}, {""species"": ""Haemopis lateromaculata"", ""common_name"": """", ""score"": 0.05525732785463333}, {""species"": ""Paracrostoma huegelii"", ""common_name"": """", ""score"": 0.038725633174180984}, {""species"": ""Haemopis elegans"", ""common_name"": """", ""score"": 0.036457158625125885}]"
obs_340304697_photo_619256274_box2.jpg,/rs1/researchers/a/amallav/results/outputs_crop/obs_340304697_photo_619256274_box2.jpg,obs_340304697_photo_619256274,obs_340304697_photo_619256274,2,2,Haemopis marmorata,Haemopis grandis,FALSE,Same genus but diff species,,Animalia,Animalia,Annelida,Annelida,Clitellata,Clitellata,Arhynchobdellida,Arhynchobdellida,Haemopidae,Haemopidae,Haemopis,Haemopis,0.104396202,2,"[{""species"": ""Paracrostoma tigrina"", ""common_name"": """", ""score"": 0.16432224214076996}, {""species"": ""Haemopis marmorata"", ""common_name"": """", ""score"": 0.10439620167016983}, {""species"": ""Haemopis lateromaculata"", ""common_name"": """", ""score"": 0.05525732785463333}, {""species"": ""Paracrostoma huegelii"", ""common_name"": """", ""score"": 0.038725633174180984}, {""species"": ""Haemopis elegans"", ""common_name"": """", ""score"": 0.036457158625125885}]"
obs_340304697_photo_619256274_box2.jpg,/rs1/researchers/a/amallav/results/outputs_crop/obs_340304697_photo_619256274_box2.jpg,obs_340304697_photo_619256274,obs_340304697_photo_619256274,2,2,Haemopis lateromaculata,Haemopis grandis,FALSE,Same genus but diff species,,Animalia,Animalia,Annelida,Annelida,Clitellata,Clitellata,Arhynchobdellida,Arhynchobdellida,Haemopidae,Haemopidae,Haemopis,Haemopis,0.055257328,3,"[{""species"": ""Paracrostoma tigrina"", ""common_name"": """", ""score"": 0.16432224214076996}, {""species"": ""Haemopis marmorata"", ""common_name"": """", ""score"": 0.10439620167016983}, {""species"": ""Haemopis lateromaculata"", ""common_name"": """", ""score"": 0.05525732785463333}, {""species"": ""Paracrostoma huegelii"", ""common_name"": """", ""score"": 0.038725633174180984}, {""species"": ""Haemopis elegans"", ""common_name"": """", ""score"": 0.036457158625125885}]"
obs_340304697_photo_619256274_box2.jpg,/rs1/researchers/a/amallav/results/outputs_crop/obs_340304697_photo_619256274_box2.jpg,obs_340304697_photo_619256274,obs_340304697_photo_619256274,2,2,Paracrostoma huegelii,Haemopis grandis,FALSE,Misidentified as different species,,Animalia,Animalia,Mollusca,Annelida,Gastropoda,Clitellata,,Arhynchobdellida,Pachychilidae,Haemopidae,Paracrostoma,Haemopis,0.038725633,4,"[{""species"": ""Paracrostoma tigrina"", ""common_name"": """", ""score"": 0.16432224214076996}, {""species"": ""Haemopis marmorata"", ""common_name"": """", ""score"": 0.10439620167016983}, {""species"": ""Haemopis lateromaculata"", ""common_name"": """", ""score"": 0.05525732785463333}, {""species"": ""Paracrostoma huegelii"", ""common_name"": """", ""score"": 0.038725633174180984}, {""species"": ""Haemopis elegans"", ""common_name"": """", ""score"": 0.036457158625125885}]"
obs_340304697_photo_619256274_box2.jpg,/rs1/researchers/a/amallav/results/outputs_crop/obs_340304697_photo_619256274_box2.jpg,obs_340304697_photo_619256274,obs_340304697_photo_619256274,2,2,Haemopis elegans,Haemopis grandis,FALSE,Same genus but diff species,,Animalia,Animalia,Annelida,Annelida,Clitellata,Clitellata,Arhynchobdellida,Arhynchobdellida,Haemopidae,Haemopidae,Haemopis,Haemopis,0.036457159,5,"[{""species"": ""Paracrostoma tigrina"", ""common_name"": """", ""score"": 0.16432224214076996}, {""species"": ""Haemopis marmorata"", ""common_name"": """", ""score"": 0.10439620167016983}, {""species"": ""Haemopis lateromaculata"", ""common_name"": """", ""score"": 0.05525732785463333}, {""species"": ""Paracrostoma huegelii"", ""common_name"": """", ""score"": 0.038725633174180984}, {""species"": ""Haemopis elegans"", ""common_name"": """", ""score"": 0.036457158625125885}]"
obs_340326193_photo_619295159_box1.jpg,/rs1/researchers/a/amallav/results/outputs_crop/obs_340326193_photo_619295159_box1.jpg,obs_340326193_photo_619295159,obs_340326193_photo_619295159,1,1,Lindera glauca,Diospyros virginiana,FALSE,Species is small part of the box. Fungus,,Plantae,Plantae,Tracheophyta,Tracheophyta,Magnoliopsida,Magnoliopsida,Laurales,Ericales,Lauraceae,Ebenaceae,Lindera,Diospyros,0.133835837,1,"[{""species"": ""Lindera glauca"", ""common_name"": """", ""score"": 0.1338358372449875}, {""species"": ""Vaccinium arctostaphylos"", ""common_name"": ""Caucasian whortleberry"", ""score"": 0.10921862721443176}, {""species"": ""Vaccinium ovalifolium"", ""common_name"": ""Early blueberry"", ""score"": 0.08902746438980103}, {""species"": ""Vaccinium smallii"", ""common_name"": """", ""score"": 0.0741778090596199}, {""species"": ""Spiraea media"", ""common_name"": ""Russian spiraea"", ""score"": 0.07398338615894318}]"
obs_340326193_photo_619295159_box1.jpg,/rs1/researchers/a/amallav/results/outputs_crop/obs_340326193_photo_619295159_box1.jpg,obs_340326193_photo_619295159,obs_340326193_photo_619295159,1,1,Vaccinium arctostaphylos,Diospyros virginiana,FALSE,Species is small part of the box. Fungus,Caucasian whortleberry,Plantae,Plantae,Tracheophyta,Tracheophyta,Magnoliopsida,Magnoliopsida,Ericales,Ericales,Ericaceae,Ebenaceae,Vaccinium,Diospyros,0.109218627,2,"[{""species"": ""Lindera glauca"", ""common_name"": """", ""score"": 0.1338358372449875}, {""species"": ""Vaccinium arctostaphylos"", ""common_name"": ""Caucasian whortleberry"", ""score"": 0.10921862721443176}, {""species"": ""Vaccinium ovalifolium"", ""common_name"": ""Early blueberry"", ""score"": 0.08902746438980103}, {""species"": ""Vaccinium smallii"", ""common_name"": """", ""score"": 0.0741778090596199}, {""species"": ""Spiraea media"", ""common_name"": ""Russian spiraea"", ""score"": 0.07398338615894318}]"
obs_340326193_photo_619295159_box1.jpg,/rs1/researchers/a/amallav/results/outputs_crop/obs_340326193_photo_619295159_box1.jpg,obs_340326193_photo_619295159,obs_340326193_photo_619295159,1,1,Vaccinium ovalifolium,Diospyros virginiana,FALSE,Species is small part of the box. Fungus,Early blueberry,Plantae,Plantae,Tracheophyta,Tracheophyta,Magnoliopsida,Magnoliopsida,Ericales,Ericales,Ericaceae,Ebenaceae,Vaccinium,Diospyros,0.089027464,3,"[{""species"": ""Lindera glauca"", ""common_name"": """", ""score"": 0.1338358372449875}, {""species"": ""Vaccinium arctostaphylos"", ""common_name"": ""Caucasian whortleberry"", ""score"": 0.10921862721443176}, {""species"": ""Vaccinium ovalifolium"", ""common_name"": ""Early blueberry"", ""score"": 0.08902746438980103}, {""species"": ""Vaccinium smallii"", ""common_name"": """", ""score"": 0.0741778090596199}, {""species"": ""Spiraea media"", ""common_name"": ""Russian spiraea"", ""score"": 0.07398338615894318}]"
obs_340326193_photo_619295159_box1.jpg,/rs1/researchers/a/amallav/results/outputs_crop/obs_340326193_photo_619295159_box1.jpg,obs_340326193_photo_619295159,obs_340326193_photo_619295159,1,1,Vaccinium smallii,Diospyros virginiana,FALSE,Species is small part of the box. Fungus,,Plantae,Plantae,Tracheophyta,Tracheophyta,Magnoliopsida,Magnoliopsida,Ericales,Ericales,Ericaceae,Ebenaceae,Vaccinium,Diospyros,0.074177809,4,"[{""species"": ""Lindera glauca"", ""common_name"": """", ""score"": 0.1338358372449875}, {""species"": ""Vaccinium arctostaphylos"", ""common_name"": ""Caucasian whortleberry"", ""score"": 0.10921862721443176}, {""species"": ""Vaccinium ovalifolium"", ""common_name"": ""Early blueberry"", ""score"": 0.08902746438980103}, {""species"": ""Vaccinium smallii"", ""common_name"": """", ""score"": 0.0741778090596199}, {""species"": ""Spiraea media"", ""common_name"": ""Russian spiraea"", ""score"": 0.07398338615894318}]"
obs_340326193_photo_619295159_box1.jpg,/rs1/researchers/a/amallav/results/outputs_crop/obs_340326193_photo_619295159_box1.jpg,obs_340326193_photo_619295159,obs_340326193_photo_619295159,1,1,Spiraea media,Diospyros virginiana,FALSE,Species is small part of the box. Fungus,Russian spiraea,Plantae,Plantae,Tracheophyta,Tracheophyta,Magnoliopsida,Magnoliopsida,Rosales,Ericales,Rosaceae,Ebenaceae,Spiraea,Diospyros,0.073983386,5,"[{""species"": ""Lindera glauca"", ""common_name"": """", ""score"": 0.1338358372449875}, {""species"": ""Vaccinium arctostaphylos"", ""common_name"": ""Caucasian whortleberry"", ""score"": 0.10921862721443176}, {""species"": ""Vaccinium ovalifolium"", ""common_name"": ""Early blueberry"", ""score"": 0.08902746438980103}, {""species"": ""Vaccinium smallii"", ""common_name"": """", ""score"": 0.0741778090596199}, {""species"": ""Spiraea media"", ""common_name"": ""Russian spiraea"", ""score"": 0.07398338615894318}]"
obs_340326193_photo_619295159_box2.jpg,/rs1/researchers/a/amallav/results/outputs_crop/obs_340326193_photo_619295159_box2.jpg,obs_340326193_photo_619295159,obs_340326193_photo_619295159,2,2,Gaylussacia tomentosa,Diospyros virginiana,FALSE,Species is small part of the box. Fungus,,Plantae,Plantae,Tracheophyta,Tracheophyta,Magnoliopsida,Magnoliopsida,Ericales,Ericales,Ericaceae,Ebenaceae,Gaylussacia,Diospyros,0.213283777,1,"[{""species"": ""Gaylussacia tomentosa"", ""common_name"": """", ""score"": 0.21328377723693848}, {""species"": ""Lindera glauca"", ""common_name"": """", ""score"": 0.07166439294815063}, {""species"": ""Gaylussacia frondosa"", ""common_name"": ""Dangleberry"", ""score"": 0.05123733729124069}, {""species"": ""Dirca decipiens"", ""common_name"": """", ""score"": 0.036387357860803604}, {""species"": ""Spiraea virginiana"", ""common_name"": ""Virginia spiraea"", ""score"": 0.027603166177868843}]"
obs_340326193_photo_619295159_box2.jpg,/rs1/researchers/a/amallav/results/outputs_crop/obs_340326193_photo_619295159_box2.jpg,obs_340326193_photo_619295159,obs_340326193_photo_619295159,2,2,Lindera glauca,Diospyros virginiana,FALSE,Species is small part of the box. Fungus,,Plantae,Plantae,Tracheophyta,Tracheophyta,Magnoliopsida,Magnoliopsida,Laurales,Ericales,Lauraceae,Ebenaceae,Lindera,Diospyros,0.071664393,2,"[{""species"": ""Gaylussacia tomentosa"", ""common_name"": """", ""score"": 0.21328377723693848}, {""species"": ""Lindera glauca"", ""common_name"": """", ""score"": 0.07166439294815063}, {""species"": ""Gaylussacia frondosa"", ""common_name"": ""Dangleberry"", ""score"": 0.05123733729124069}, {""species"": ""Dirca decipiens"", ""common_name"": """", ""score"": 0.036387357860803604}, {""species"": ""Spiraea virginiana"", ""common_name"": ""Virginia spiraea"", ""score"": 0.027603166177868843}]"
obs_340326193_photo_619295159_box2.jpg,/rs1/researchers/a/amallav/results/outputs_crop/obs_340326193_photo_619295159_box2.jpg,obs_340326193_photo_619295159,obs_340326193_photo_619295159,2,2,Gaylussacia frondosa,Diospyros virginiana,FALSE,Species is small part of the box. Fungus,Dangleberry,Plantae,Plantae,Tracheophyta,Tracheophyta,Magnoliopsida,Magnoliopsida,Ericales,Ericales,Ericaceae,Ebenaceae,Gaylussacia,Diospyros,0.051237337,3,"[{""species"": ""Gaylussacia tomentosa"", ""common_name"": """", ""score"": 0.21328377723693848}, {""species"": ""Lindera glauca"", ""common_name"": """", ""score"": 0.07166439294815063}, {""species"": ""Gaylussacia frondosa"", ""common_name"": ""Dangleberry"", ""score"": 0.05123733729124069}, {""species"": ""Dirca decipiens"", ""common_name"": """", ""score"": 0.036387357860803604}, {""species"": ""Spiraea virginiana"", ""common_name"": ""Virginia spiraea"", ""score"": 0.027603166177868843}]"
obs_340326193_photo_619295159_box2.jpg,/rs1/researchers/a/amallav/results/outputs_crop/obs_340326193_photo_619295159_box2.jpg,obs_340326193_photo_619295159,obs_340326193_photo_619295159,2,2,Dirca decipiens,Diospyros virginiana,FALSE,Species is small part of the box. Fungus,,Plantae,Plantae,Tracheophyta,Tracheophyta,Magnoliopsida,Magnoliopsida,Malvales,Ericales,Thymelaeaceae,Ebenaceae,Dirca,Diospyros,0.036387358,4,"[{""species"": ""Gaylussacia tomentosa"", ""common_name"": """", ""score"": 0.21328377723693848}, {""species"": ""Lindera glauca"", ""common_name"": """", ""score"": 0.07166439294815063}, {""species"": ""Gaylussacia frondosa"", ""common_name"": ""Dangleberry"", ""score"": 0.05123733729124069}, {""species"": ""Dirca decipiens"", ""common_name"": """", ""score"": 0.036387357860803604}, {""species"": ""Spiraea virginiana"", ""common_name"": ""Virginia spiraea"", ""score"": 0.027603166177868843}]"
obs_340326193_photo_619295159_box2.jpg,/rs1/researchers/a/amallav/results/outputs_crop/obs_340326193_photo_619295159_box2.jpg,obs_340326193_photo_619295159,obs_340326193_photo_619295159,2,2,Spiraea virginiana,Diospyros virginiana,FALSE,Species is small part of the box. Fungus,Virginia spiraea,Plantae,Plantae,Tracheophyta,Tracheophyta,Magnoliopsida,Magnoliopsida,Rosales,Ericales,Rosaceae,Ebenaceae,Spiraea,Diospyros,0.027603166,5,"[{""species"": ""Gaylussacia tomentosa"", ""common_name"": """", ""score"": 0.21328377723693848}, {""species"": ""Lindera glauca"", ""common_name"": """", ""score"": 0.07166439294815063}, {""species"": ""Gaylussacia frondosa"", ""common_name"": ""Dangleberry"", ""score"": 0.05123733729124069}, {""species"": ""Dirca decipiens"", ""common_name"": """", ""score"": 0.036387357860803604}, {""species"": ""Spiraea virginiana"", ""common_name"": ""Virginia spiraea"", ""score"": 0.027603166177868843}]"
obs_340326194_photo_619295158_box1.jpg,/rs1/researchers/a/amallav/results/outputs_crop/obs_340326194_photo_619295158_box1.jpg,obs_340326194_photo_619295158,obs_340326194_photo_619295158,1,1,Rhytisma prini,Pseudocercospora fuliginosa,FALSE,Species is small part of the box. Fungus,,Fungi,Fungi,Ascomycota,Ascomycota,Leotiomycetes,Dothideomycetes,Rhytismatales,Mycosphaerellales,Rhytismataceae,Mycosphaerellaceae,Rhytisma,Pseudocercospora,0.126386628,1,"[{""species"": ""Rhytisma prini"", ""common_name"": """", ""score"": 0.1263866275548935}, {""species"": ""Rhytisma salicinum"", ""common_name"": ""Willow tarspot"", ""score"": 0.05249720811843872}, {""species"": ""Mycosphaerella fraxinicola"", ""common_name"": """", ""score"": 0.04674829915165901}, {""species"": ""Lasiobotrys lonicerae"", ""common_name"": ""Honeysuckle rash"", ""score"": 0.04306786507368088}, {""species"": ""Diplocarpon rosae"", ""common_name"": ""Rose black-spot"", ""score"": 0.0328526645898819}]"
obs_340326194_photo_619295158_box1.jpg,/rs1/researchers/a/amallav/results/outputs_crop/obs_340326194_photo_619295158_box1.jpg,obs_340326194_photo_619295158,obs_340326194_photo_619295158,1,1,Rhytisma salicinum,Pseudocercospora fuliginosa,FALSE,Species is small part of the box. Fungus,Willow tarspot,Fungi,Fungi,Ascomycota,Ascomycota,Leotiomycetes,Dothideomycetes,Rhytismatales,Mycosphaerellales,Rhytismataceae,Mycosphaerellaceae,Rhytisma,Pseudocercospora,0.052497208,2,"[{""species"": ""Rhytisma prini"", ""common_name"": """", ""score"": 0.1263866275548935}, {""species"": ""Rhytisma salicinum"", ""common_name"": ""Willow tarspot"", ""score"": 0.05249720811843872}, {""species"": ""Mycosphaerella fraxinicola"", ""common_name"": """", ""score"": 0.04674829915165901}, {""species"": ""Lasiobotrys lonicerae"", ""common_name"": ""Honeysuckle rash"", ""score"": 0.04306786507368088}, {""species"": ""Diplocarpon rosae"", ""common_name"": ""Rose black-spot"", ""score"": 0.0328526645898819}]"
obs_340326194_photo_619295158_box1.jpg,/rs1/researchers/a/amallav/results/outputs_crop/obs_340326194_photo_619295158_box1.jpg,obs_340326194_photo_619295158,obs_340326194_photo_619295158,1,1,Mycosphaerella fraxinicola,Pseudocercospora fuliginosa,FALSE,Species is small part of the box. Fungus,,Fungi,Fungi,Ascomycota,Ascomycota,Dothideomycetes,Dothideomycetes,Mycosphaerellales,Mycosphaerellales,Mycosphaerellaceae,Mycosphaerellaceae,Mycosphaerella,Pseudocercospora,0.046748299,3,"[{""species"": ""Rhytisma prini"", ""common_name"": """", ""score"": 0.1263866275548935}, {""species"": ""Rhytisma salicinum"", ""common_name"": ""Willow tarspot"", ""score"": 0.05249720811843872}, {""species"": ""Mycosphaerella fraxinicola"", ""common_name"": """", ""score"": 0.04674829915165901}, {""species"": ""Lasiobotrys lonicerae"", ""common_name"": ""Honeysuckle rash"", ""score"": 0.04306786507368088}, {""species"": ""Diplocarpon rosae"", ""common_name"": ""Rose black-spot"", ""score"": 0.0328526645898819}]"
obs_340326194_photo_619295158_box1.jpg,/rs1/researchers/a/amallav/results/outputs_crop/obs_340326194_photo_619295158_box1.jpg,obs_340326194_photo_619295158,obs_340326194_photo_619295158,1,1,Lasiobotrys lonicerae,Pseudocercospora fuliginosa,FALSE,Species is small part of the box. Fungus,Honeysuckle rash,Fungi,Fungi,Ascomycota,Ascomycota,Dothideomycetes,Dothideomycetes,Venturiales,Mycosphaerellales,Venturiaceae,Mycosphaerellaceae,Lasiobotrys,Pseudocercospora,0.043067865,4,"[{""species"": ""Rhytisma prini"", ""common_name"": """", ""score"": 0.1263866275548935}, {""species"": ""Rhytisma salicinum"", ""common_name"": ""Willow tarspot"", ""score"": 0.05249720811843872}, {""species"": ""Mycosphaerella fraxinicola"", ""common_name"": """", ""score"": 0.04674829915165901}, {""species"": ""Lasiobotrys lonicerae"", ""common_name"": ""Honeysuckle rash"", ""score"": 0.04306786507368088}, {""species"": ""Diplocarpon rosae"", ""common_name"": ""Rose black-spot"", ""score"": 0.0328526645898819}]"
obs_340326194_photo_619295158_box1.jpg,/rs1/researchers/a/amallav/results/outputs_crop/obs_340326194_photo_619295158_box1.jpg,obs_340326194_photo_619295158,obs_340326194_photo_619295158,1,1,Diplocarpon rosae,Pseudocercospora fuliginosa,FALSE,Species is small part of the box. Fungus,Rose black-spot,Fungi,Fungi,Ascomycota,Ascomycota,Leotiomycetes,Dothideomycetes,Helotiales,Mycosphaerellales,Drepanopezizaceae,Mycosphaerellaceae,Diplocarpon,Pseudocercospora,0.032852665,5,"[{""species"": ""Rhytisma prini"", ""common_name"": """", ""score"": 0.1263866275548935}, {""species"": ""Rhytisma salicinum"", ""common_name"": ""Willow tarspot"", ""score"": 0.05249720811843872}, {""species"": ""Mycosphaerella fraxinicola"", ""common_name"": """", ""score"": 0.04674829915165901}, {""species"": ""Lasiobotrys lonicerae"", ""common_name"": ""Honeysuckle rash"", ""score"": 0.04306786507368088}, {""species"": ""Diplocarpon rosae"", ""common_name"": ""Rose black-spot"", ""score"": 0.0328526645898819}]"
obs_340326194_photo_619295158_box2.jpg,/rs1/researchers/a/amallav/results/outputs_crop/obs_340326194_photo_619295158_box2.jpg,obs_340326194_photo_619295158,obs_340326194_photo_619295158,2,2,Pseudocercospora nandinae,Pseudocercospora fuliginosa,FALSE,Same genus but diff species,,Fungi,Fungi,Ascomycota,Ascomycota,Dothideomycetes,Dothideomycetes,Mycosphaerellales,Mycosphaerellales,Mycosphaerellaceae,Mycosphaerellaceae,Pseudocercospora,Pseudocercospora,0.022624662,1,"[{""species"": ""Pseudocercospora nandinae"", ""common_name"": """", ""score"": 0.022624662145972252}, {""species"": ""Diplocarpon mespili"", ""common_name"": ""Quince leaf blight"", ""score"": 0.01906510815024376}, {""species"": ""Passalora chionea"", ""common_name"": """", ""score"": 0.017150981351733208}, {""species"": ""Pseudocercospora pittospori"", ""common_name"": """", ""score"": 0.015727940946817398}, {""species"": ""Pseudocercospora torta"", ""common_name"": """", ""score"": 0.013882189989089966}]"
obs_340326194_photo_619295158_box2.jpg,/rs1/researchers/a/amallav/results/outputs_crop/obs_340326194_photo_619295158_box2.jpg,obs_340326194_photo_619295158,obs_340326194_photo_619295158,2,2,Diplocarpon mespili,Pseudocercospora fuliginosa,FALSE,Species features not very clear,Quince leaf blight,Fungi,Fungi,Ascomycota,Ascomycota,Leotiomycetes,Dothideomycetes,Helotiales,Mycosphaerellales,Drepanopezizaceae,Mycosphaerellaceae,Diplocarpon,Pseudocercospora,0.019065108,2,"[{""species"": ""Pseudocercospora nandinae"", ""common_name"": """", ""score"": 0.022624662145972252}, {""species"": ""Diplocarpon mespili"", ""common_name"": ""Quince leaf blight"", ""score"": 0.01906510815024376}, {""species"": ""Passalora chionea"", ""common_name"": """", ""score"": 0.017150981351733208}, {""species"": ""Pseudocercospora pittospori"", ""common_name"": """", ""score"": 0.015727940946817398}, {""species"": ""Pseudocercospora torta"", ""common_name"": """", ""score"": 0.013882189989089966}]"
obs_340326194_photo_619295158_box2.jpg,/rs1/researchers/a/amallav/results/outputs_crop/obs_340326194_photo_619295158_box2.jpg,obs_340326194_photo_619295158,obs_340326194_photo_619295158,2,2,Passalora chionea,Pseudocercospora fuliginosa,FALSE,Species features not very clear,,Fungi,Fungi,Ascomycota,Ascomycota,Dothideomycetes,Dothideomycetes,Mycosphaerellales,Mycosphaerellales,Mycosphaerellaceae,Mycosphaerellaceae,Passalora,Pseudocercospora,0.017150981,3,"[{""species"": ""Pseudocercospora nandinae"", ""common_name"": """", ""score"": 0.022624662145972252}, {""species"": ""Diplocarpon mespili"", ""common_name"": ""Quince leaf blight"", ""score"": 0.01906510815024376}, {""species"": ""Passalora chionea"", ""common_name"": """", ""score"": 0.017150981351733208}, {""species"": ""Pseudocercospora pittospori"", ""common_name"": """", ""score"": 0.015727940946817398}, {""species"": ""Pseudocercospora torta"", ""common_name"": """", ""score"": 0.013882189989089966}]"
obs_340326194_photo_619295158_box2.jpg,/rs1/researchers/a/amallav/results/outputs_crop/obs_340326194_photo_619295158_box2.jpg,obs_340326194_photo_619295158,obs_340326194_photo_619295158,2,2,Pseudocercospora pittospori,Pseudocercospora fuliginosa,FALSE,Same genus but diff species,,Fungi,Fungi,Ascomycota,Ascomycota,Dothideomycetes,Dothideomycetes,Mycosphaerellales,Mycosphaerellales,Mycosphaerellaceae,Mycosphaerellaceae,Pseudocercospora,Pseudocercospora,0.015727941,4,"[{""species"": ""Pseudocercospora nandinae"", ""common_name"": """", ""score"": 0.022624662145972252}, {""species"": ""Diplocarpon mespili"", ""common_name"": ""Quince leaf blight"", ""score"": 0.01906510815024376}, {""species"": ""Passalora chionea"", ""common_name"": """", ""score"": 0.017150981351733208}, {""species"": ""Pseudocercospora pittospori"", ""common_name"": """", ""score"": 0.015727940946817398}, {""species"": ""Pseudocercospora torta"", ""common_name"": """", ""score"": 0.013882189989089966}]"
obs_340326194_photo_619295158_box2.jpg,/rs1/researchers/a/amallav/results/outputs_crop/obs_340326194_photo_619295158_box2.jpg,obs_340326194_photo_619295158,obs_340326194_photo_619295158,2,2,Pseudocercospora torta,Pseudocercospora fuliginosa,FALSE,Same genus but diff species,,Fungi,Fungi,Ascomycota,Ascomycota,Dothideomycetes,Dothideomycetes,Mycosphaerellales,Mycosphaerellales,Mycosphaerellaceae,Mycosphaerellaceae,Pseudocercospora,Pseudocercospora,0.01388219,5,"[{""species"": ""Pseudocercospora nandinae"", ""common_name"": """", ""score"": 0.022624662145972252}, {""species"": ""Diplocarpon mespili"", ""common_name"": ""Quince leaf blight"", ""score"": 0.01906510815024376}, {""species"": ""Passalora chionea"", ""common_name"": """", ""score"": 0.017150981351733208}, {""species"": ""Pseudocercospora pittospori"", ""common_name"": """", ""score"": 0.015727940946817398}, {""species"": ""Pseudocercospora torta"", ""common_name"": """", ""score"": 0.013882189989089966}]"
obs_340326194_photo_619295158_box3.jpg,/rs1/researchers/a/amallav/results/outputs_crop/obs_340326194_photo_619295158_box3.jpg,obs_340326194_photo_619295158,obs_340326194_photo_619295158,3,3,Rhytisma prini,Pseudocercospora fuliginosa,FALSE,Species is small part of the box. Fungus,,Fungi,Fungi,Ascomycota,Ascomycota,Leotiomycetes,Dothideomycetes,Rhytismatales,Mycosphaerellales,Rhytismataceae,Mycosphaerellaceae,Rhytisma,Pseudocercospora,0.104727454,1,"[{""species"": ""Rhytisma prini"", ""common_name"": """", ""score"": 0.10472745448350906}, {""species"": ""Rhytisma salicinum"", ""common_name"": ""Willow tarspot"", ""score"": 0.09441795200109482}, {""species"": ""Lasiobotrys lonicerae"", ""common_name"": ""Honeysuckle rash"", ""score"": 0.08166955411434174}, {""species"": ""Ophiodothella floridana"", ""common_name"": """", ""score"": 0.04195145145058632}, {""species"": ""Mycosphaerella fraxinicola"", ""common_name"": """", ""score"": 0.03904998302459717}]"
obs_340326194_photo_619295158_box3.jpg,/rs1/researchers/a/amallav/results/outputs_crop/obs_340326194_photo_619295158_box3.jpg,obs_340326194_photo_619295158,obs_340326194_photo_619295158,3,3,Rhytisma salicinum,Pseudocercospora fuliginosa,FALSE,Species is small part of the box. Fungus,Willow tarspot,Fungi,Fungi,Ascomycota,Ascomycota,Leotiomycetes,Dothideomycetes,Rhytismatales,Mycosphaerellales,Rhytismataceae,Mycosphaerellaceae,Rhytisma,Pseudocercospora,0.094417952,2,"[{""species"": ""Rhytisma prini"", ""common_name"": """", ""score"": 0.10472745448350906}, {""species"": ""Rhytisma salicinum"", ""common_name"": ""Willow tarspot"", ""score"": 0.09441795200109482}, {""species"": ""Lasiobotrys lonicerae"", ""common_name"": ""Honeysuckle rash"", ""score"": 0.08166955411434174}, {""species"": ""Ophiodothella floridana"", ""common_name"": """", ""score"": 0.04195145145058632}, {""species"": ""Mycosphaerella fraxinicola"", ""common_name"": """", ""score"": 0.03904998302459717}]"
obs_340326194_photo_619295158_box3.jpg,/rs1/researchers/a/amallav/results/outputs_crop/obs_340326194_photo_619295158_box3.jpg,obs_340326194_photo_619295158,obs_340326194_photo_619295158,3,3,Lasiobotrys lonicerae,Pseudocercospora fuliginosa,FALSE,Species is small part of the box. Fungus,Honeysuckle rash,Fungi,Fungi,Ascomycota,Ascomycota,Dothideomycetes,Dothideomycetes,Venturiales,Mycosphaerellales,Venturiaceae,Mycosphaerellaceae,Lasiobotrys,Pseudocercospora,0.081669554,3,"[{""species"": ""Rhytisma prini"", ""common_name"": """", ""score"": 0.10472745448350906}, {""species"": ""Rhytisma salicinum"", ""common_name"": ""Willow tarspot"", ""score"": 0.09441795200109482}, {""species"": ""Lasiobotrys lonicerae"", ""common_name"": ""Honeysuckle rash"", ""score"": 0.08166955411434174}, {""species"": ""Ophiodothella floridana"", ""common_name"": """", ""score"": 0.04195145145058632}, {""species"": ""Mycosphaerella fraxinicola"", ""common_name"": """", ""score"": 0.03904998302459717}]"
obs_340326194_photo_619295158_box3.jpg,/rs1/researchers/a/amallav/results/outputs_crop/obs_340326194_photo_619295158_box3.jpg,obs_340326194_photo_619295158,obs_340326194_photo_619295158,3,3,Ophiodothella floridana,Pseudocercospora fuliginosa,FALSE,Species is small part of the box. Fungus,,Fungi,Fungi,Ascomycota,Ascomycota,Sordariomycetes,Dothideomycetes,Phyllachorales,Mycosphaerellales,Phyllachoraceae,Mycosphaerellaceae,Ophiodothella,Pseudocercospora,0.041951451,4,"[{""species"": ""Rhytisma prini"", ""common_name"": """", ""score"": 0.10472745448350906}, {""species"": ""Rhytisma salicinum"", ""common_name"": ""Willow tarspot"", ""score"": 0.09441795200109482}, {""species"": ""Lasiobotrys lonicerae"", ""common_name"": ""Honeysuckle rash"", ""score"": 0.08166955411434174}, {""species"": ""Ophiodothella floridana"", ""common_name"": """", ""score"": 0.04195145145058632}, {""species"": ""Mycosphaerella fraxinicola"", ""common_name"": """", ""score"": 0.03904998302459717}]"
obs_340326194_photo_619295158_box3.jpg,/rs1/researchers/a/amallav/results/outputs_crop/obs_340326194_photo_619295158_box3.jpg,obs_340326194_photo_619295158,obs_340326194_photo_619295158,3,3,Mycosphaerella fraxinicola,Pseudocercospora fuliginosa,FALSE,Species is small part of the box. Fungus,,Fungi,Fungi,Ascomycota,Ascomycota,Dothideomycetes,Dothideomycetes,Mycosphaerellales,Mycosphaerellales,Mycosphaerellaceae,Mycosphaerellaceae,Mycosphaerella,Pseudocercospora,0.039049983,5,"[{""species"": ""Rhytisma prini"", ""common_name"": """", ""score"": 0.10472745448350906}, {""species"": ""Rhytisma salicinum"", ""common_name"": ""Willow tarspot"", ""score"": 0.09441795200109482}, {""species"": ""Lasiobotrys lonicerae"", ""common_name"": ""Honeysuckle rash"", ""score"": 0.08166955411434174}, {""species"": ""Ophiodothella floridana"", ""common_name"": """", ""score"": 0.04195145145058632}, {""species"": ""Mycosphaerella fraxinicola"", ""common_name"": """", ""score"": 0.03904998302459717}]"
obs_340326194_photo_619295158_box4.jpg,/rs1/researchers/a/amallav/results/outputs_crop/obs_340326194_photo_619295158_box4.jpg,obs_340326194_photo_619295158,obs_340326194_photo_619295158,4,4,Rhytisma prini,Pseudocercospora fuliginosa,FALSE,Species is small part of the box. Fungus,,Fungi,Fungi,Ascomycota,Ascomycota,Leotiomycetes,Dothideomycetes,Rhytismatales,Mycosphaerellales,Rhytismataceae,Mycosphaerellaceae,Rhytisma,Pseudocercospora,0.146281749,1,"[{""species"": ""Rhytisma prini"", ""common_name"": """", ""score"": 0.14628174901008606}, {""species"": ""Ophiodothella floridana"", ""common_name"": """", ""score"": 0.07783441245555878}, {""species"": ""Lasiobotrys lonicerae"", ""common_name"": ""Honeysuckle rash"", ""score"": 0.039356183260679245}, {""species"": ""Diplocarpon rosae"", ""common_name"": ""Rose black-spot"", ""score"": 0.027973368763923645}, {""species"": ""Rhytisma salicinum"", ""common_name"": ""Willow tarspot"", ""score"": 0.026448512449860573}]"
obs_340326194_photo_619295158_box4.jpg,/rs1/researchers/a/amallav/results/outputs_crop/obs_340326194_photo_619295158_box4.jpg,obs_340326194_photo_619295158,obs_340326194_photo_619295158,4,4,Ophiodothella floridana,Pseudocercospora fuliginosa,FALSE,Species is small part of the box. Fungus,,Fungi,Fungi,Ascomycota,Ascomycota,Sordariomycetes,Dothideomycetes,Phyllachorales,Mycosphaerellales,Phyllachoraceae,Mycosphaerellaceae,Ophiodothella,Pseudocercospora,0.077834412,2,"[{""species"": ""Rhytisma prini"", ""common_name"": """", ""score"": 0.14628174901008606}, {""species"": ""Ophiodothella floridana"", ""common_name"": """", ""score"": 0.07783441245555878}, {""species"": ""Lasiobotrys lonicerae"", ""common_name"": ""Honeysuckle rash"", ""score"": 0.039356183260679245}, {""species"": ""Diplocarpon rosae"", ""common_name"": ""Rose black-spot"", ""score"": 0.027973368763923645}, {""species"": ""Rhytisma salicinum"", ""common_name"": ""Willow tarspot"", ""score"": 0.026448512449860573}]"
obs_340326194_photo_619295158_box4.jpg,/rs1/researchers/a/amallav/results/outputs_crop/obs_340326194_photo_619295158_box4.jpg,obs_340326194_photo_619295158,obs_340326194_photo_619295158,4,4,Lasiobotrys lonicerae,Pseudocercospora fuliginosa,FALSE,Species is small part of the box. Fungus,Honeysuckle rash,Fungi,Fungi,Ascomycota,Ascomycota,Dothideomycetes,Dothideomycetes,Venturiales,Mycosphaerellales,Venturiaceae,Mycosphaerellaceae,Lasiobotrys,Pseudocercospora,0.039356183,3,"[{""species"": ""Rhytisma prini"", ""common_name"": """", ""score"": 0.14628174901008606}, {""species"": ""Ophiodothella floridana"", ""common_name"": """", ""score"": 0.07783441245555878}, {""species"": ""Lasiobotrys lonicerae"", ""common_name"": ""Honeysuckle rash"", ""score"": 0.039356183260679245}, {""species"": ""Diplocarpon rosae"", ""common_name"": ""Rose black-spot"", ""score"": 0.027973368763923645}, {""species"": ""Rhytisma salicinum"", ""common_name"": ""Willow tarspot"", ""score"": 0.026448512449860573}]"
obs_340326194_photo_619295158_box4.jpg,/rs1/researchers/a/amallav/results/outputs_crop/obs_340326194_photo_619295158_box4.jpg,obs_340326194_photo_619295158,obs_340326194_photo_619295158,4,4,Diplocarpon rosae,Pseudocercospora fuliginosa,FALSE,Species is small part of the box. Fungus,Rose black-spot,Fungi,Fungi,Ascomycota,Ascomycota,Leotiomycetes,Dothideomycetes,Helotiales,Mycosphaerellales,Drepanopezizaceae,Mycosphaerellaceae,Diplocarpon,Pseudocercospora,0.027973369,4,"[{""species"": ""Rhytisma prini"", ""common_name"": """", ""score"": 0.14628174901008606}, {""species"": ""Ophiodothella floridana"", ""common_name"": """", ""score"": 0.07783441245555878}, {""species"": ""Lasiobotrys lonicerae"", ""common_name"": ""Honeysuckle rash"", ""score"": 0.039356183260679245}, {""species"": ""Diplocarpon rosae"", ""common_name"": ""Rose black-spot"", ""score"": 0.027973368763923645}, {""species"": ""Rhytisma salicinum"", ""common_name"": ""Willow tarspot"", ""score"": 0.026448512449860573}]"
obs_340326194_photo_619295158_box4.jpg,/rs1/researchers/a/amallav/results/outputs_crop/obs_340326194_photo_619295158_box4.jpg,obs_340326194_photo_619295158,obs_340326194_photo_619295158,4,4,Rhytisma salicinum,Pseudocercospora fuliginosa,FALSE,Species is small part of the box. Fungus,Willow tarspot,Fungi,Fungi,Ascomycota,Ascomycota,Leotiomycetes,Dothideomycetes,Rhytismatales,Mycosphaerellales,Rhytismataceae,Mycosphaerellaceae,Rhytisma,Pseudocercospora,0.026448512,5,"[{""species"": ""Rhytisma prini"", ""common_name"": """", ""score"": 0.14628174901008606}, {""species"": ""Ophiodothella floridana"", ""common_name"": """", ""score"": 0.07783441245555878}, {""species"": ""Lasiobotrys lonicerae"", ""common_name"": ""Honeysuckle rash"", ""score"": 0.039356183260679245}, {""species"": ""Diplocarpon rosae"", ""common_name"": ""Rose black-spot"", ""score"": 0.027973368763923645}, {""species"": ""Rhytisma salicinum"", ""common_name"": ""Willow tarspot"", ""score"": 0.026448512449860573}]"
obs_340337296_photo_536341964_box1.jpg,/rs1/researchers/a/amallav/results/outputs_crop/obs_340337296_photo_536341964_box1.jpg,obs_340337296_photo_536341964,#N/A,1,1,Thymelicus lineola,Lotus corniculatus,FALSE,,European Skipper,Animalia,Plantae,Arthropoda,Tracheophyta,Insecta,Magnoliopsida,Lepidoptera,Fabales,Hesperiidae,Fabaceae,Thymelicus,Lotus,0.810897946,1,"[{""species"": ""Thymelicus lineola"", ""common_name"": ""European Skipper"", ""score"": 0.810897946357727}, {""species"": ""Thymelicus sylvestris"", ""common_name"": ""Small Skipper"", ""score"": 0.15704630315303802}, {""species"": ""Thymelicus sylvatica"", ""common_name"": """", ""score"": 0.007252327632158995}, {""species"": ""Ancyloxypha numitor"", ""common_name"": ""Least Skipper"", ""score"": 0.004153270274400711}, {""species"": ""Ancyloxypha nitedula"", ""common_name"": """", ""score"": 0.003727116622030735}]"
obs_340337296_photo_536341964_box1.jpg,/rs1/researchers/a/amallav/results/outputs_crop/obs_340337296_photo_536341964_box1.jpg,obs_340337296_photo_536341964,#N/A,1,1,Thymelicus sylvestris,Lotus corniculatus,FALSE,,Small Skipper,Animalia,Plantae,Arthropoda,Tracheophyta,Insecta,Magnoliopsida,Lepidoptera,Fabales,Hesperiidae,Fabaceae,Thymelicus,Lotus,0.157046303,2,"[{""species"": ""Thymelicus lineola"", ""common_name"": ""European Skipper"", ""score"": 0.810897946357727}, {""species"": ""Thymelicus sylvestris"", ""common_name"": ""Small Skipper"", ""score"": 0.15704630315303802}, {""species"": ""Thymelicus sylvatica"", ""common_name"": """", ""score"": 0.007252327632158995}, {""species"": ""Ancyloxypha numitor"", ""common_name"": ""Least Skipper"", ""score"": 0.004153270274400711}, {""species"": ""Ancyloxypha nitedula"", ""common_name"": """", ""score"": 0.003727116622030735}]"
obs_340337296_photo_536341964_box1.jpg,/rs1/researchers/a/amallav/results/outputs_crop/obs_340337296_photo_536341964_box1.jpg,obs_340337296_photo_536341964,#N/A,1,1,Thymelicus sylvatica,Lotus corniculatus,FALSE,,,Animalia,Plantae,Arthropoda,Tracheophyta,Insecta,Magnoliopsida,Lepidoptera,Fabales,Hesperiidae,Fabaceae,Thymelicus,Lotus,0.007252328,3,"[{""species"": ""Thymelicus lineola"", ""common_name"": ""European Skipper"", ""score"": 0.810897946357727}, {""species"": ""Thymelicus sylvestris"", ""common_name"": ""Small Skipper"", ""score"": 0.15704630315303802}, {""species"": ""Thymelicus sylvatica"", ""common_name"": """", ""score"": 0.007252327632158995}, {""species"": ""Ancyloxypha numitor"", ""common_name"": ""Least Skipper"", ""score"": 0.004153270274400711}, {""species"": ""Ancyloxypha nitedula"", ""common_name"": """", ""score"": 0.003727116622030735}]"
obs_340337296_photo_536341964_box1.jpg,/rs1/researchers/a/amallav/results/outputs_crop/obs_340337296_photo_536341964_box1.jpg,obs_340337296_photo_536341964,#N/A,1,1,Ancyloxypha numitor,Lotus corniculatus,FALSE,,Least Skipper,Animalia,Plantae,Arthropoda,Tracheophyta,Insecta,Magnoliopsida,Lepidoptera,Fabales,Hesperiidae,Fabaceae,Ancyloxypha,Lotus,0.00415327,4,"[{""species"": ""Thymelicus lineola"", ""common_name"": ""European Skipper"", ""score"": 0.810897946357727}, {""species"": ""Thymelicus sylvestris"", ""common_name"": ""Small Skipper"", ""score"": 0.15704630315303802}, {""species"": ""Thymelicus sylvatica"", ""common_name"": """", ""score"": 0.007252327632158995}, {""species"": ""Ancyloxypha numitor"", ""common_name"": ""Least Skipper"", ""score"": 0.004153270274400711}, {""species"": ""Ancyloxypha nitedula"", ""common_name"": """", ""score"": 0.003727116622030735}]"
obs_340337296_photo_536341964_box1.jpg,/rs1/researchers/a/amallav/results/outputs_crop/obs_340337296_photo_536341964_box1.jpg,obs_340337296_photo_536341964,#N/A,1,1,Ancyloxypha nitedula,Lotus corniculatus,FALSE,,,Animalia,Plantae,Arthropoda,Tracheophyta,Insecta,Magnoliopsida,Lepidoptera,Fabales,Hesperiidae,Fabaceae,Ancyloxypha,Lotus,0.003727117,5,"[{""species"": ""Thymelicus lineola"", ""common_name"": ""European Skipper"", ""score"": 0.810897946357727}, {""species"": ""Thymelicus sylvestris"", ""common_name"": ""Small Skipper"", ""score"": 0.15704630315303802}, {""species"": ""Thymelicus sylvatica"", ""common_name"": """", ""score"": 0.007252327632158995}, {""species"": ""Ancyloxypha numitor"", ""common_name"": ""Least Skipper"", ""score"": 0.004153270274400711}, {""species"": ""Ancyloxypha nitedula"", ""common_name"": """", ""score"": 0.003727116622030735}]"
obs_340337296_photo_536341964_box2.jpg,/rs1/researchers/a/amallav/results/outputs_crop/obs_340337296_photo_536341964_box2.jpg,obs_340337296_photo_536341964,#N/A,2,2,Lotus corniculatus,Lotus corniculatus,TRUE,,Bird's-foot trefoil,Plantae,Plantae,Tracheophyta,Tracheophyta,Magnoliopsida,Magnoliopsida,Fabales,Fabales,Fabaceae,Fabaceae,Lotus,Lotus,0.199163675,1,"[{""species"": ""Lotus corniculatus"", ""common_name"": ""Bird's-foot trefoil"", ""score"": 0.19916367530822754}, {""species"": ""Lotus japonicus"", ""common_name"": """", ""score"": 0.16171275079250336}, {""species"": ""Lotus tenuis"", ""common_name"": ""Narrow-leaved bird's-foot-trefoil"", ""score"": 0.07691283524036407}, {""species"": ""Ancyloxypha numitor"", ""common_name"": ""Least Skipper"", ""score"": 0.06919927150011063}, {""species"": ""Lotus stepposus"", ""common_name"": """", ""score"": 0.05654088407754898}]"
obs_340337296_photo_536341964_box2.jpg,/rs1/researchers/a/amallav/results/outputs_crop/obs_340337296_photo_536341964_box2.jpg,obs_340337296_photo_536341964,#N/A,2,2,Lotus japonicus,Lotus corniculatus,FALSE,,,Plantae,Plantae,Tracheophyta,Tracheophyta,Magnoliopsida,Magnoliopsida,Fabales,Fabales,Fabaceae,Fabaceae,Lotus,Lotus,0.161712751,2,"[{""species"": ""Lotus corniculatus"", ""common_name"": ""Bird's-foot trefoil"", ""score"": 0.19916367530822754}, {""species"": ""Lotus japonicus"", ""common_name"": """", ""score"": 0.16171275079250336}, {""species"": ""Lotus tenuis"", ""common_name"": ""Narrow-leaved bird's-foot-trefoil"", ""score"": 0.07691283524036407}, {""species"": ""Ancyloxypha numitor"", ""common_name"": ""Least Skipper"", ""score"": 0.06919927150011063}, {""species"": ""Lotus stepposus"", ""common_name"": """", ""score"": 0.05654088407754898}]"
obs_340337296_photo_536341964_box2.jpg,/rs1/researchers/a/amallav/results/outputs_crop/obs_340337296_photo_536341964_box2.jpg,obs_340337296_photo_536341964,#N/A,2,2,Lotus tenuis,Lotus corniculatus,FALSE,,Narrow-leaved bird's-foot-trefoil,Plantae,Plantae,Tracheophyta,Tracheophyta,Magnoliopsida,Magnoliopsida,Fabales,Fabales,Fabaceae,Fabaceae,Lotus,Lotus,0.076912835,3,"[{""species"": ""Lotus corniculatus"", ""common_name"": ""Bird's-foot trefoil"", ""score"": 0.19916367530822754}, {""species"": ""Lotus japonicus"", ""common_name"": """", ""score"": 0.16171275079250336}, {""species"": ""Lotus tenuis"", ""common_name"": ""Narrow-leaved bird's-foot-trefoil"", ""score"": 0.07691283524036407}, {""species"": ""Ancyloxypha numitor"", ""common_name"": ""Least Skipper"", ""score"": 0.06919927150011063}, {""species"": ""Lotus stepposus"", ""common_name"": """", ""score"": 0.05654088407754898}]"
obs_340337296_photo_536341964_box2.jpg,/rs1/researchers/a/amallav/results/outputs_crop/obs_340337296_photo_536341964_box2.jpg,obs_340337296_photo_536341964,#N/A,2,2,Ancyloxypha numitor,Lotus corniculatus,FALSE,,Least Skipper,Animalia,Plantae,Arthropoda,Tracheophyta,Insecta,Magnoliopsida,Lepidoptera,Fabales,Hesperiidae,Fabaceae,Ancyloxypha,Lotus,0.069199272,4,"[{""species"": ""Lotus corniculatus"", ""common_name"": ""Bird's-foot trefoil"", ""score"": 0.19916367530822754}, {""species"": ""Lotus japonicus"", ""common_name"": """", ""score"": 0.16171275079250336}, {""species"": ""Lotus tenuis"", ""common_name"": ""Narrow-leaved bird's-foot-trefoil"", ""score"": 0.07691283524036407}, {""species"": ""Ancyloxypha numitor"", ""common_name"": ""Least Skipper"", ""score"": 0.06919927150011063}, {""species"": ""Lotus stepposus"", ""common_name"": """", ""score"": 0.05654088407754898}]"
obs_340337296_photo_536341964_box2.jpg,/rs1/researchers/a/amallav/results/outputs_crop/obs_340337296_photo_536341964_box2.jpg,obs_340337296_photo_536341964,#N/A,2,2,Lotus stepposus,Lotus corniculatus,FALSE,,,Plantae,Plantae,Tracheophyta,Tracheophyta,Magnoliopsida,Magnoliopsida,Fabales,Fabales,Fabaceae,Fabaceae,Lotus,Lotus,0.056540884,5,"[{""species"": ""Lotus corniculatus"", ""common_name"": ""Bird's-foot trefoil"", ""score"": 0.19916367530822754}, {""species"": ""Lotus japonicus"", ""common_name"": """", ""score"": 0.16171275079250336}, {""species"": ""Lotus tenuis"", ""common_name"": ""Narrow-leaved bird's-foot-trefoil"", ""score"": 0.07691283524036407}, {""species"": ""Ancyloxypha numitor"", ""common_name"": ""Least Skipper"", ""score"": 0.06919927150011063}, {""species"": ""Lotus stepposus"", ""common_name"": """", ""score"": 0.05654088407754898}]"
obs_340337296_photo_536341964_box3.jpg,/rs1/researchers/a/amallav/results/outputs_crop/obs_340337296_photo_536341964_box3.jpg,obs_340337296_photo_536341964,#N/A,3,3,Ancyloxypha numitor,Lotus corniculatus,FALSE,,Least Skipper,Animalia,Plantae,Arthropoda,Tracheophyta,Insecta,Magnoliopsida,Lepidoptera,Fabales,Hesperiidae,Fabaceae,Ancyloxypha,Lotus,0.16124016,1,"[{""species"": ""Ancyloxypha numitor"", ""common_name"": ""Least Skipper"", ""score"": 0.16124016046524048}, {""species"": ""Thymelicus lineola"", ""common_name"": ""European Skipper"", ""score"": 0.15562134981155396}, {""species"": ""Lotus japonicus"", ""common_name"": """", ""score"": 0.13300341367721558}, {""species"": ""Lotus corniculatus"", ""common_name"": ""Bird's-foot trefoil"", ""score"": 0.13158029317855835}, {""species"": ""Ancyloxypha nitedula"", ""common_name"": """", ""score"": 0.04163164272904396}]"
obs_340337296_photo_536341964_box3.jpg,/rs1/researchers/a/amallav/results/outputs_crop/obs_340337296_photo_536341964_box3.jpg,obs_340337296_photo_536341964,#N/A,3,3,Thymelicus lineola,Lotus corniculatus,FALSE,,European Skipper,Animalia,Plantae,Arthropoda,Tracheophyta,Insecta,Magnoliopsida,Lepidoptera,Fabales,Hesperiidae,Fabaceae,Thymelicus,Lotus,0.15562135,2,"[{""species"": ""Ancyloxypha numitor"", ""common_name"": ""Least Skipper"", ""score"": 0.16124016046524048}, {""species"": ""Thymelicus lineola"", ""common_name"": ""European Skipper"", ""score"": 0.15562134981155396}, {""species"": ""Lotus japonicus"", ""common_name"": """", ""score"": 0.13300341367721558}, {""species"": ""Lotus corniculatus"", ""common_name"": ""Bird's-foot trefoil"", ""score"": 0.13158029317855835}, {""species"": ""Ancyloxypha nitedula"", ""common_name"": """", ""score"": 0.04163164272904396}]"
obs_340337296_photo_536341964_box3.jpg,/rs1/researchers/a/amallav/results/outputs_crop/obs_340337296_photo_536341964_box3.jpg,obs_340337296_photo_536341964,#N/A,3,3,Lotus japonicus,Lotus corniculatus,FALSE,,,Plantae,Plantae,Tracheophyta,Tracheophyta,Magnoliopsida,Magnoliopsida,Fabales,Fabales,Fabaceae,Fabaceae,Lotus,Lotus,0.133003414,3,"[{""species"": ""Ancyloxypha numitor"", ""common_name"": ""Least Skipper"", ""score"": 0.16124016046524048}, {""species"": ""Thymelicus lineola"", ""common_name"": ""European Skipper"", ""score"": 0.15562134981155396}, {""species"": ""Lotus japonicus"", ""common_name"": """", ""score"": 0.13300341367721558}, {""species"": ""Lotus corniculatus"", ""common_name"": ""Bird's-foot trefoil"", ""score"": 0.13158029317855835}, {""species"": ""Ancyloxypha nitedula"", ""common_name"": """", ""score"": 0.04163164272904396}]"
obs_340337296_photo_536341964_box3.jpg,/rs1/researchers/a/amallav/results/outputs_crop/obs_340337296_photo_536341964_box3.jpg,obs_340337296_photo_536341964,#N/A,3,3,Lotus corniculatus,Lotus corniculatus,TRUE,,Bird's-foot trefoil,Plantae,Plantae,Tracheophyta,Tracheophyta,Magnoliopsida,Magnoliopsida,Fabales,Fabales,Fabaceae,Fabaceae,Lotus,Lotus,0.131580293,4,"[{""species"": ""Ancyloxypha numitor"", ""common_name"": ""Least Skipper"", ""score"": 0.16124016046524048}, {""species"": ""Thymelicus lineola"", ""common_name"": ""European Skipper"", ""score"": 0.15562134981155396}, {""species"": ""Lotus japonicus"", ""common_name"": """", ""score"": 0.13300341367721558}, {""species"": ""Lotus corniculatus"", ""common_name"": ""Bird's-foot trefoil"", ""score"": 0.13158029317855835}, {""species"": ""Ancyloxypha nitedula"", ""common_name"": """", ""score"": 0.04163164272904396}]"
obs_340337296_photo_536341964_box3.jpg,/rs1/researchers/a/amallav/results/outputs_crop/obs_340337296_photo_536341964_box3.jpg,obs_340337296_photo_536341964,#N/A,3,3,Ancyloxypha nitedula,Lotus corniculatus,FALSE,,,Animalia,Plantae,Arthropoda,Tracheophyta,Insecta,Magnoliopsida,Lepidoptera,Fabales,Hesperiidae,Fabaceae,Ancyloxypha,Lotus,0.041631643,5,"[{""species"": ""Ancyloxypha numitor"", ""common_name"": ""Least Skipper"", ""score"": 0.16124016046524048}, {""species"": ""Thymelicus lineola"", ""common_name"": ""European Skipper"", ""score"": 0.15562134981155396}, {""species"": ""Lotus japonicus"", ""common_name"": """", ""score"": 0.13300341367721558}, {""species"": ""Lotus corniculatus"", ""common_name"": ""Bird's-foot trefoil"", ""score"": 0.13158029317855835}, {""species"": ""Ancyloxypha nitedula"", ""common_name"": """", ""score"": 0.04163164272904396}]"
obs_340337296_photo_536341964_box4.jpg,/rs1/researchers/a/amallav/results/outputs_crop/obs_340337296_photo_536341964_box4.jpg,obs_340337296_photo_536341964,#N/A,4,4,Thymelicus lineola,Lotus corniculatus,FALSE,,European Skipper,Animalia,Plantae,Arthropoda,Tracheophyta,Insecta,Magnoliopsida,Lepidoptera,Fabales,Hesperiidae,Fabaceae,Thymelicus,Lotus,0.857751131,1,"[{""species"": ""Thymelicus lineola"", ""common_name"": ""European Skipper"", ""score"": 0.8577511310577393}, {""species"": ""Thymelicus sylvestris"", ""common_name"": ""Small Skipper"", ""score"": 0.07430381327867508}, {""species"": ""Ancyloxypha numitor"", ""common_name"": ""Least Skipper"", ""score"": 0.016144778579473495}, {""species"": ""Ancyloxypha nitedula"", ""common_name"": """", ""score"": 0.009229527786374092}, {""species"": ""Thymelicus novus"", ""common_name"": """", ""score"": 0.008615871891379356}]"
obs_340337296_photo_536341964_box4.jpg,/rs1/researchers/a/amallav/results/outputs_crop/obs_340337296_photo_536341964_box4.jpg,obs_340337296_photo_536341964,#N/A,4,4,Thymelicus sylvestris,Lotus corniculatus,FALSE,,Small Skipper,Animalia,Plantae,Arthropoda,Tracheophyta,Insecta,Magnoliopsida,Lepidoptera,Fabales,Hesperiidae,Fabaceae,Thymelicus,Lotus,0.074303813,2,"[{""species"": ""Thymelicus lineola"", ""common_name"": ""European Skipper"", ""score"": 0.8577511310577393}, {""species"": ""Thymelicus sylvestris"", ""common_name"": ""Small Skipper"", ""score"": 0.07430381327867508}, {""species"": ""Ancyloxypha numitor"", ""common_name"": ""Least Skipper"", ""score"": 0.016144778579473495}, {""species"": ""Ancyloxypha nitedula"", ""common_name"": """", ""score"": 0.009229527786374092}, {""species"": ""Thymelicus novus"", ""common_name"": """", ""score"": 0.008615871891379356}]"
obs_340337296_photo_536341964_box4.jpg,/rs1/researchers/a/amallav/results/outputs_crop/obs_340337296_photo_536341964_box4.jpg,obs_340337296_photo_536341964,#N/A,4,4,Ancyloxypha numitor,Lotus corniculatus,FALSE,,Least Skipper,Animalia,Plantae,Arthropoda,Tracheophyta,Insecta,Magnoliopsida,Lepidoptera,Fabales,Hesperiidae,Fabaceae,Ancyloxypha,Lotus,0.016144779,3,"[{""species"": ""Thymelicus lineola"", ""common_name"": ""European Skipper"", ""score"": 0.8577511310577393}, {""species"": ""Thymelicus sylvestris"", ""common_name"": ""Small Skipper"", ""score"": 0.07430381327867508}, {""species"": ""Ancyloxypha numitor"", ""common_name"": ""Least Skipper"", ""score"": 0.016144778579473495}, {""species"": ""Ancyloxypha nitedula"", ""common_name"": """", ""score"": 0.009229527786374092}, {""species"": ""Thymelicus novus"", ""common_name"": """", ""score"": 0.008615871891379356}]"
obs_340337296_photo_536341964_box4.jpg,/rs1/researchers/a/amallav/results/outputs_crop/obs_340337296_photo_536341964_box4.jpg,obs_340337296_photo_536341964,#N/A,4,4,Ancyloxypha nitedula,Lotus corniculatus,FALSE,,,Animalia,Plantae,Arthropoda,Tracheophyta,Insecta,Magnoliopsida,Lepidoptera,Fabales,Hesperiidae,Fabaceae,Ancyloxypha,Lotus,0.009229528,4,"[{""species"": ""Thymelicus lineola"", ""common_name"": ""European Skipper"", ""score"": 0.8577511310577393}, {""species"": ""Thymelicus sylvestris"", ""common_name"": ""Small Skipper"", ""score"": 0.07430381327867508}, {""species"": ""Ancyloxypha numitor"", ""common_name"": ""Least Skipper"", ""score"": 0.016144778579473495}, {""species"": ""Ancyloxypha nitedula"", ""common_name"": """", ""score"": 0.009229527786374092}, {""species"": ""Thymelicus novus"", ""common_name"": """", ""score"": 0.008615871891379356}]"
obs_340337296_photo_536341964_box4.jpg,/rs1/researchers/a/amallav/results/outputs_crop/obs_340337296_photo_536341964_box4.jpg,obs_340337296_photo_536341964,#N/A,4,4,Thymelicus novus,Lotus corniculatus,FALSE,,,Animalia,Plantae,Arthropoda,Tracheophyta,Insecta,Magnoliopsida,Lepidoptera,Fabales,Hesperiidae,Fabaceae,Thymelicus,Lotus,0.008615872,5,"[{""species"": ""Thymelicus lineola"", ""common_name"": ""European Skipper"", ""score"": 0.8577511310577393}, {""species"": ""Thymelicus sylvestris"", ""common_name"": ""Small Skipper"", ""score"": 0.07430381327867508}, {""species"": ""Ancyloxypha numitor"", ""common_name"": ""Least Skipper"", ""score"": 0.016144778579473495}, {""species"": ""Ancyloxypha nitedula"", ""common_name"": """", ""score"": 0.009229527786374092}, {""species"": ""Thymelicus novus"", ""common_name"": """", ""score"": 0.008615871891379356}]"
obs_340337865_photo_533753896_box1.jpg,/rs1/researchers/a/amallav/results/outputs_crop/obs_340337865_photo_533753896_box1.jpg,obs_340337865_photo_533753896,#N/A,1,1,Vicia cracca,Vicia cracca,TRUE,,Tufted Vetch,Plantae,Plantae,Tracheophyta,Tracheophyta,Magnoliopsida,Magnoliopsida,Fabales,Fabales,Fabaceae,Fabaceae,Vicia,Vicia,0.267692864,1,"[{""species"": ""Vicia cracca"", ""common_name"": ""Tufted Vetch"", ""score"": 0.2676928639411926}, {""species"": ""Vicia villosa"", ""common_name"": ""Winter vetch"", ""score"": 0.20160168409347534}, {""species"": ""Vicia incana"", ""common_name"": """", ""score"": 0.19335846602916718}, {""species"": ""Vicia tenuifolia"", ""common_name"": ""Fine-leaved vetch"", ""score"": 0.059038978070020676}, {""species"": ""Vicia amoena"", ""common_name"": ""Cheder ebs"", ""score"": 0.04485216364264488}]"
obs_340337865_photo_533753896_box1.jpg,/rs1/researchers/a/amallav/results/outputs_crop/obs_340337865_photo_533753896_box1.jpg,obs_340337865_photo_533753896,#N/A,1,1,Vicia villosa,Vicia cracca,FALSE,,Winter vetch,Plantae,Plantae,Tracheophyta,Tracheophyta,Magnoliopsida,Magnoliopsida,Fabales,Fabales,Fabaceae,Fabaceae,Vicia,Vicia,0.201601684,2,"[{""species"": ""Vicia cracca"", ""common_name"": ""Tufted Vetch"", ""score"": 0.2676928639411926}, {""species"": ""Vicia villosa"", ""common_name"": ""Winter vetch"", ""score"": 0.20160168409347534}, {""species"": ""Vicia incana"", ""common_name"": """", ""score"": 0.19335846602916718}, {""species"": ""Vicia tenuifolia"", ""common_name"": ""Fine-leaved vetch"", ""score"": 0.059038978070020676}, {""species"": ""Vicia amoena"", ""common_name"": ""Cheder ebs"", ""score"": 0.04485216364264488}]"
obs_340337865_photo_533753896_box1.jpg,/rs1/researchers/a/amallav/results/outputs_crop/obs_340337865_photo_533753896_box1.jpg,obs_340337865_photo_533753896,#N/A,1,1,Vicia incana,Vicia cracca,FALSE,,,Plantae,Plantae,Tracheophyta,Tracheophyta,Magnoliopsida,Magnoliopsida,Fabales,Fabales,Fabaceae,Fabaceae,Vicia,Vicia,0.193358466,3,"[{""species"": ""Vicia cracca"", ""common_name"": ""Tufted Vetch"", ""score"": 0.2676928639411926}, {""species"": ""Vicia villosa"", ""common_name"": ""Winter vetch"", ""score"": 0.20160168409347534}, {""species"": ""Vicia incana"", ""common_name"": """", ""score"": 0.19335846602916718}, {""species"": ""Vicia tenuifolia"", ""common_name"": ""Fine-leaved vetch"", ""score"": 0.059038978070020676}, {""species"": ""Vicia amoena"", ""common_name"": ""Cheder ebs"", ""score"": 0.04485216364264488}]"
obs_340337865_photo_533753896_box1.jpg,/rs1/researchers/a/amallav/results/outputs_crop/obs_340337865_photo_533753896_box1.jpg,obs_340337865_photo_533753896,#N/A,1,1,Vicia tenuifolia,Vicia cracca,FALSE,,Fine-leaved vetch,Plantae,Plantae,Tracheophyta,Tracheophyta,Magnoliopsida,Magnoliopsida,Fabales,Fabales,Fabaceae,Fabaceae,Vicia,Vicia,0.059038978,4,"[{""species"": ""Vicia cracca"", ""common_name"": ""Tufted Vetch"", ""score"": 0.2676928639411926}, {""species"": ""Vicia villosa"", ""common_name"": ""Winter vetch"", ""score"": 0.20160168409347534}, {""species"": ""Vicia incana"", ""common_name"": """", ""score"": 0.19335846602916718}, {""species"": ""Vicia tenuifolia"", ""common_name"": ""Fine-leaved vetch"", ""score"": 0.059038978070020676}, {""species"": ""Vicia amoena"", ""common_name"": ""Cheder ebs"", ""score"": 0.04485216364264488}]"
obs_340337865_photo_533753896_box1.jpg,/rs1/researchers/a/amallav/results/outputs_crop/obs_340337865_photo_533753896_box1.jpg,obs_340337865_photo_533753896,#N/A,1,1,Vicia amoena,Vicia cracca,FALSE,,Cheder ebs,Plantae,Plantae,Tracheophyta,Tracheophyta,Magnoliopsida,Magnoliopsida,Fabales,Fabales,Fabaceae,Fabaceae,Vicia,Vicia,0.044852164,5,"[{""species"": ""Vicia cracca"", ""common_name"": ""Tufted Vetch"", ""score"": 0.2676928639411926}, {""species"": ""Vicia villosa"", ""common_name"": ""Winter vetch"", ""score"": 0.20160168409347534}, {""species"": ""Vicia incana"", ""common_name"": """", ""score"": 0.19335846602916718}, {""species"": ""Vicia tenuifolia"", ""common_name"": ""Fine-leaved vetch"", ""score"": 0.059038978070020676}, {""species"": ""Vicia amoena"", ""common_name"": ""Cheder ebs"", ""score"": 0.04485216364264488}]"
obs_340337865_photo_533753896_box2.jpg,/rs1/researchers/a/amallav/results/outputs_crop/obs_340337865_photo_533753896_box2.jpg,obs_340337865_photo_533753896,#N/A,2,2,Vicia incana,Vicia cracca,FALSE,,,Plantae,Plantae,Tracheophyta,Tracheophyta,Magnoliopsida,Magnoliopsida,Fabales,Fabales,Fabaceae,Fabaceae,Vicia,Vicia,0.349082381,1,"[{""species"": ""Vicia incana"", ""common_name"": """", ""score"": 0.3490823805332184}, {""species"": ""Vicia cracca"", ""common_name"": ""Tufted Vetch"", ""score"": 0.17507223784923553}, {""species"": ""Vicia amurensis"", ""common_name"": """", ""score"": 0.039371781051158905}, {""species"": ""Vicia villosa"", ""common_name"": ""Winter vetch"", ""score"": 0.03924701735377312}, {""species"": ""Contarinia craccae"", ""common_name"": ""Vikkeblomstgalmyg"", ""score"": 0.030539968982338905}]"
obs_340337865_photo_533753896_box2.jpg,/rs1/researchers/a/amallav/results/outputs_crop/obs_340337865_photo_533753896_box2.jpg,obs_340337865_photo_533753896,#N/A,2,2,Vicia cracca,Vicia cracca,TRUE,,Tufted Vetch,Plantae,Plantae,Tracheophyta,Tracheophyta,Magnoliopsida,Magnoliopsida,Fabales,Fabales,Fabaceae,Fabaceae,Vicia,Vicia,0.175072238,2,"[{""species"": ""Vicia incana"", ""common_name"": """", ""score"": 0.3490823805332184}, {""species"": ""Vicia cracca"", ""common_name"": ""Tufted Vetch"", ""score"": 0.17507223784923553}, {""species"": ""Vicia amurensis"", ""common_name"": """", ""score"": 0.039371781051158905}, {""species"": ""Vicia villosa"", ""common_name"": ""Winter vetch"", ""score"": 0.03924701735377312}, {""species"": ""Contarinia craccae"", ""common_name"": ""Vikkeblomstgalmyg"", ""score"": 0.030539968982338905}]"
obs_340337865_photo_533753896_box2.jpg,/rs1/researchers/a/amallav/results/outputs_crop/obs_340337865_photo_533753896_box2.jpg,obs_340337865_photo_533753896,#N/A,2,2,Vicia amurensis,Vicia cracca,FALSE,,,Plantae,Plantae,Tracheophyta,Tracheophyta,Magnoliopsida,Magnoliopsida,Fabales,Fabales,Fabaceae,Fabaceae,Vicia,Vicia,0.039371781,3,"[{""species"": ""Vicia incana"", ""common_name"": """", ""score"": 0.3490823805332184}, {""species"": ""Vicia cracca"", ""common_name"": ""Tufted Vetch"", ""score"": 0.17507223784923553}, {""species"": ""Vicia amurensis"", ""common_name"": """", ""score"": 0.039371781051158905}, {""species"": ""Vicia villosa"", ""common_name"": ""Winter vetch"", ""score"": 0.03924701735377312}, {""species"": ""Contarinia craccae"", ""common_name"": ""Vikkeblomstgalmyg"", ""score"": 0.030539968982338905}]"
obs_340337865_photo_533753896_box2.jpg,/rs1/researchers/a/amallav/results/outputs_crop/obs_340337865_photo_533753896_box2.jpg,obs_340337865_photo_533753896,#N/A,2,2,Vicia villosa,Vicia cracca,FALSE,,Winter vetch,Plantae,Plantae,Tracheophyta,Tracheophyta,Magnoliopsida,Magnoliopsida,Fabales,Fabales,Fabaceae,Fabaceae,Vicia,Vicia,0.039247017,4,"[{""species"": ""Vicia incana"", ""common_name"": """", ""score"": 0.3490823805332184}, {""species"": ""Vicia cracca"", ""common_name"": ""Tufted Vetch"", ""score"": 0.17507223784923553}, {""species"": ""Vicia amurensis"", ""common_name"": """", ""score"": 0.039371781051158905}, {""species"": ""Vicia villosa"", ""common_name"": ""Winter vetch"", ""score"": 0.03924701735377312}, {""species"": ""Contarinia craccae"", ""common_name"": ""Vikkeblomstgalmyg"", ""score"": 0.030539968982338905}]"
obs_340337865_photo_533753896_box2.jpg,/rs1/researchers/a/amallav/results/outputs_crop/obs_340337865_photo_533753896_box2.jpg,obs_340337865_photo_533753896,#N/A,2,2,Contarinia craccae,Vicia cracca,FALSE,,Vikkeblomstgalmyg,Animalia,Plantae,Arthropoda,Tracheophyta,Insecta,Magnoliopsida,Diptera,Fabales,Cecidomyiidae,Fabaceae,Contarinia,Vicia,0.030539969,5,"[{""species"": ""Vicia incana"", ""common_name"": """", ""score"": 0.3490823805332184}, {""species"": ""Vicia cracca"", ""common_name"": ""Tufted Vetch"", ""score"": 0.17507223784923553}, {""species"": ""Vicia amurensis"", ""common_name"": """", ""score"": 0.039371781051158905}, {""species"": ""Vicia villosa"", ""common_name"": ""Winter vetch"", ""score"": 0.03924701735377312}, {""species"": ""Contarinia craccae"", ""common_name"": ""Vikkeblomstgalmyg"", ""score"": 0.030539968982338905}]"
obs_340337865_photo_533753896_box3.jpg,/rs1/researchers/a/amallav/results/outputs_crop/obs_340337865_photo_533753896_box3.jpg,obs_340337865_photo_533753896,#N/A,3,3,Vicia incana,Vicia cracca,FALSE,,,Plantae,Plantae,Tracheophyta,Tracheophyta,Magnoliopsida,Magnoliopsida,Fabales,Fabales,Fabaceae,Fabaceae,Vicia,Vicia,0.450481802,1,"[{""species"": ""Vicia incana"", ""common_name"": """", ""score"": 0.4504818022251129}, {""species"": ""Contarinia craccae"", ""common_name"": ""Vikkeblomstgalmyg"", ""score"": 0.21297769248485565}, {""species"": ""Dasineura viciae"", ""common_name"": ""Gærdevikkegalmyg"", ""score"": 0.0707731693983078}, {""species"": ""Vicia cracca"", ""common_name"": ""Tufted Vetch"", ""score"": 0.030582787469029427}, {""species"": ""Asphondylia miki"", ""common_name"": """", ""score"": 0.009954489767551422}]"
obs_340337865_photo_533753896_box3.jpg,/rs1/researchers/a/amallav/results/outputs_crop/obs_340337865_photo_533753896_box3.jpg,obs_340337865_photo_533753896,#N/A,3,3,Contarinia craccae,Vicia cracca,FALSE,,Vikkeblomstgalmyg,Animalia,Plantae,Arthropoda,Tracheophyta,Insecta,Magnoliopsida,Diptera,Fabales,Cecidomyiidae,Fabaceae,Contarinia,Vicia,0.212977692,2,"[{""species"": ""Vicia incana"", ""common_name"": """", ""score"": 0.4504818022251129}, {""species"": ""Contarinia craccae"", ""common_name"": ""Vikkeblomstgalmyg"", ""score"": 0.21297769248485565}, {""species"": ""Dasineura viciae"", ""common_name"": ""Gærdevikkegalmyg"", ""score"": 0.0707731693983078}, {""species"": ""Vicia cracca"", ""common_name"": ""Tufted Vetch"", ""score"": 0.030582787469029427}, {""species"": ""Asphondylia miki"", ""common_name"": """", ""score"": 0.009954489767551422}]"
obs_340337865_photo_533753896_box3.jpg,/rs1/researchers/a/amallav/results/outputs_crop/obs_340337865_photo_533753896_box3.jpg,obs_340337865_photo_533753896,#N/A,3,3,Dasineura viciae,Vicia cracca,FALSE,,Gærdevikkegalmyg,Animalia,Plantae,Arthropoda,Tracheophyta,Insecta,Magnoliopsida,Diptera,Fabales,Cecidomyiidae,Fabaceae,Dasineura,Vicia,0.070773169,3,"[{""species"": ""Vicia incana"", ""common_name"": """", ""score"": 0.4504818022251129}, {""species"": ""Contarinia craccae"", ""common_name"": ""Vikkeblomstgalmyg"", ""score"": 0.21297769248485565}, {""species"": ""Dasineura viciae"", ""common_name"": ""Gærdevikkegalmyg"", ""score"": 0.0707731693983078}, {""species"": ""Vicia cracca"", ""common_name"": ""Tufted Vetch"", ""score"": 0.030582787469029427}, {""species"": ""Asphondylia miki"", ""common_name"": """", ""score"": 0.009954489767551422}]"
obs_340337865_photo_533753896_box3.jpg,/rs1/researchers/a/amallav/results/outputs_crop/obs_340337865_photo_533753896_box3.jpg,obs_340337865_photo_533753896,#N/A,3,3,Vicia cracca,Vicia cracca,TRUE,,Tufted Vetch,Plantae,Plantae,Tracheophyta,Tracheophyta,Magnoliopsida,Magnoliopsida,Fabales,Fabales,Fabaceae,Fabaceae,Vicia,Vicia,0.030582787,4,"[{""species"": ""Vicia incana"", ""common_name"": """", ""score"": 0.4504818022251129}, {""species"": ""Contarinia craccae"", ""common_name"": ""Vikkeblomstgalmyg"", ""score"": 0.21297769248485565}, {""species"": ""Dasineura viciae"", ""common_name"": ""Gærdevikkegalmyg"", ""score"": 0.0707731693983078}, {""species"": ""Vicia cracca"", ""common_name"": ""Tufted Vetch"", ""score"": 0.030582787469029427}, {""species"": ""Asphondylia miki"", ""common_name"": """", ""score"": 0.009954489767551422}]"
obs_340337865_photo_533753896_box3.jpg,/rs1/researchers/a/amallav/results/outputs_crop/obs_340337865_photo_533753896_box3.jpg,obs_340337865_photo_533753896,#N/A,3,3,Asphondylia miki,Vicia cracca,FALSE,,,Animalia,Plantae,Arthropoda,Tracheophyta,Insecta,Magnoliopsida,Diptera,Fabales,Cecidomyiidae,Fabaceae,Asphondylia,Vicia,0.00995449,5,"[{""species"": ""Vicia incana"", ""common_name"": """", ""score"": 0.4504818022251129}, {""species"": ""Contarinia craccae"", ""common_name"": ""Vikkeblomstgalmyg"", ""score"": 0.21297769248485565}, {""species"": ""Dasineura viciae"", ""common_name"": ""Gærdevikkegalmyg"", ""score"": 0.0707731693983078}, {""species"": ""Vicia cracca"", ""common_name"": ""Tufted Vetch"", ""score"": 0.030582787469029427}, {""species"": ""Asphondylia miki"", ""common_name"": """", ""score"": 0.009954489767551422}]"
obs_340337865_photo_533753896_box4.jpg,/rs1/researchers/a/amallav/results/outputs_crop/obs_340337865_photo_533753896_box4.jpg,obs_340337865_photo_533753896,#N/A,4,4,Vicia incana,Vicia cracca,FALSE,,,Plantae,Plantae,Tracheophyta,Tracheophyta,Magnoliopsida,Magnoliopsida,Fabales,Fabales,Fabaceae,Fabaceae,Vicia,Vicia,0.319544584,1,"[{""species"": ""Vicia incana"", ""common_name"": """", ""score"": 0.31954458355903625}, {""species"": ""Vicia cracca"", ""common_name"": ""Tufted Vetch"", ""score"": 0.19739659130573273}, {""species"": ""Contarinia craccae"", ""common_name"": ""Vikkeblomstgalmyg"", ""score"": 0.06090988591313362}, {""species"": ""Vicia villosa"", ""common_name"": ""Winter vetch"", ""score"": 0.05143116042017937}, {""species"": ""Vicia amurensis"", ""common_name"": """", ""score"": 0.02482403814792633}]"
obs_340337865_photo_533753896_box4.jpg,/rs1/researchers/a/amallav/results/outputs_crop/obs_340337865_photo_533753896_box4.jpg,obs_340337865_photo_533753896,#N/A,4,4,Vicia cracca,Vicia cracca,TRUE,,Tufted Vetch,Plantae,Plantae,Tracheophyta,Tracheophyta,Magnoliopsida,Magnoliopsida,Fabales,Fabales,Fabaceae,Fabaceae,Vicia,Vicia,0.197396591,2,"[{""species"": ""Vicia incana"", ""common_name"": """", ""score"": 0.31954458355903625}, {""species"": ""Vicia cracca"", ""common_name"": ""Tufted Vetch"", ""score"": 0.19739659130573273}, {""species"": ""Contarinia craccae"", ""common_name"": ""Vikkeblomstgalmyg"", ""score"": 0.06090988591313362}, {""species"": ""Vicia villosa"", ""common_name"": ""Winter vetch"", ""score"": 0.05143116042017937}, {""species"": ""Vicia amurensis"", ""common_name"": """", ""score"": 0.02482403814792633}]"
obs_340337865_photo_533753896_box4.jpg,/rs1/researchers/a/amallav/results/outputs_crop/obs_340337865_photo_533753896_box4.jpg,obs_340337865_photo_533753896,#N/A,4,4,Contarinia craccae,Vicia cracca,FALSE,,Vikkeblomstgalmyg,Animalia,Plantae,Arthropoda,Tracheophyta,Insecta,Magnoliopsida,Diptera,Fabales,Cecidomyiidae,Fabaceae,Contarinia,Vicia,0.060909886,3,"[{""species"": ""Vicia incana"", ""common_name"": """", ""score"": 0.31954458355903625}, {""species"": ""Vicia cracca"", ""common_name"": ""Tufted Vetch"", ""score"": 0.19739659130573273}, {""species"": ""Contarinia craccae"", ""common_name"": ""Vikkeblomstgalmyg"", ""score"": 0.06090988591313362}, {""species"": ""Vicia villosa"", ""common_name"": ""Winter vetch"", ""score"": 0.05143116042017937}, {""species"": ""Vicia amurensis"", ""common_name"": """", ""score"": 0.02482403814792633}]"
obs_340337865_photo_533753896_box4.jpg,/rs1/researchers/a/amallav/results/outputs_crop/obs_340337865_photo_533753896_box4.jpg,obs_340337865_photo_533753896,#N/A,4,4,Vicia villosa,Vicia cracca,FALSE,,Winter vetch,Plantae,Plantae,Tracheophyta,Tracheophyta,Magnoliopsida,Magnoliopsida,Fabales,Fabales,Fabaceae,Fabaceae,Vicia,Vicia,0.05143116,4,"[{""species"": ""Vicia incana"", ""common_name"": """", ""score"": 0.31954458355903625}, {""species"": ""Vicia cracca"", ""common_name"": ""Tufted Vetch"", ""score"": 0.19739659130573273}, {""species"": ""Contarinia craccae"", ""common_name"": ""Vikkeblomstgalmyg"", ""score"": 0.06090988591313362}, {""species"": ""Vicia villosa"", ""common_name"": ""Winter vetch"", ""score"": 0.05143116042017937}, {""species"": ""Vicia amurensis"", ""common_name"": """", ""score"": 0.02482403814792633}]"
obs_340337865_photo_533753896_box4.jpg,/rs1/researchers/a/amallav/results/outputs_crop/obs_340337865_photo_533753896_box4.jpg,obs_340337865_photo_533753896,#N/A,4,4,Vicia amurensis,Vicia cracca,FALSE,,,Plantae,Plantae,Tracheophyta,Tracheophyta,Magnoliopsida,Magnoliopsida,Fabales,Fabales,Fabaceae,Fabaceae,Vicia,Vicia,0.024824038,5,"[{""species"": ""Vicia incana"", ""common_name"": """", ""score"": 0.31954458355903625}, {""species"": ""Vicia cracca"", ""common_name"": ""Tufted Vetch"", ""score"": 0.19739659130573273}, {""species"": ""Contarinia craccae"", ""common_name"": ""Vikkeblomstgalmyg"", ""score"": 0.06090988591313362}, {""species"": ""Vicia villosa"", ""common_name"": ""Winter vetch"", ""score"": 0.05143116042017937}, {""species"": ""Vicia amurensis"", ""common_name"": """", ""score"": 0.02482403814792633}]"
obs_340364592_photo_619375042_box1.jpg,/rs1/researchers/a/amallav/results/outputs_crop/obs_340364592_photo_619375042_box1.jpg,obs_340364592_photo_619375042,#N/A,1,1,Aquarius najas,Aquarius najas,TRUE,,River skater,Animalia,Animalia,Arthropoda,Arthropoda,Insecta,Insecta,Hemiptera,Hemiptera,Gerridae,Gerridae,Aquarius,Aquarius,0.32609126,1,"[{""species"": ""Aquarius najas"", ""common_name"": ""River skater"", ""score"": 0.3260912597179413}, {""species"": ""Aquarius conformis"", ""common_name"": """", ""score"": 0.18300436437129974}, {""species"": ""Ptilomera tigrina"", ""common_name"": """", ""score"": 0.050120770931243896}, {""species"": ""Aquarius cinereus"", ""common_name"": """", ""score"": 0.042365290224552155}, {""species"": ""Aquarius fabricii"", ""common_name"": """", ""score"": 0.038969822227954865}]"
obs_340364592_photo_619375042_box1.jpg,/rs1/researchers/a/amallav/results/outputs_crop/obs_340364592_photo_619375042_box1.jpg,obs_340364592_photo_619375042,#N/A,1,1,Aquarius conformis,Aquarius najas,FALSE,,,Animalia,Animalia,Arthropoda,Arthropoda,Insecta,Insecta,Hemiptera,Hemiptera,Gerridae,Gerridae,Aquarius,Aquarius,0.183004364,2,"[{""species"": ""Aquarius najas"", ""common_name"": ""River skater"", ""score"": 0.3260912597179413}, {""species"": ""Aquarius conformis"", ""common_name"": """", ""score"": 0.18300436437129974}, {""species"": ""Ptilomera tigrina"", ""common_name"": """", ""score"": 0.050120770931243896}, {""species"": ""Aquarius cinereus"", ""common_name"": """", ""score"": 0.042365290224552155}, {""species"": ""Aquarius fabricii"", ""common_name"": """", ""score"": 0.038969822227954865}]"
obs_340364592_photo_619375042_box1.jpg,/rs1/researchers/a/amallav/results/outputs_crop/obs_340364592_photo_619375042_box1.jpg,obs_340364592_photo_619375042,#N/A,1,1,Ptilomera tigrina,Aquarius najas,FALSE,,,Animalia,Animalia,Arthropoda,Arthropoda,Insecta,Insecta,Hemiptera,Hemiptera,Gerridae,Gerridae,Ptilomera,Aquarius,0.050120771,3,"[{""species"": ""Aquarius najas"", ""common_name"": ""River skater"", ""score"": 0.3260912597179413}, {""species"": ""Aquarius conformis"", ""common_name"": """", ""score"": 0.18300436437129974}, {""species"": ""Ptilomera tigrina"", ""common_name"": """", ""score"": 0.050120770931243896}, {""species"": ""Aquarius cinereus"", ""common_name"": """", ""score"": 0.042365290224552155}, {""species"": ""Aquarius fabricii"", ""common_name"": """", ""score"": 0.038969822227954865}]"
obs_340364592_photo_619375042_box1.jpg,/rs1/researchers/a/amallav/results/outputs_crop/obs_340364592_photo_619375042_box1.jpg,obs_340364592_photo_619375042,#N/A,1,1,Aquarius cinereus,Aquarius najas,FALSE,,,Animalia,Animalia,Arthropoda,Arthropoda,Insecta,Insecta,Hemiptera,Hemiptera,Gerridae,Gerridae,Aquarius,Aquarius,0.04236529,4,"[{""species"": ""Aquarius najas"", ""common_name"": ""River skater"", ""score"": 0.3260912597179413}, {""species"": ""Aquarius conformis"", ""common_name"": """", ""score"": 0.18300436437129974}, {""species"": ""Ptilomera tigrina"", ""common_name"": """", ""score"": 0.050120770931243896}, {""species"": ""Aquarius cinereus"", ""common_name"": """", ""score"": 0.042365290224552155}, {""species"": ""Aquarius fabricii"", ""common_name"": """", ""score"": 0.038969822227954865}]"
obs_340364592_photo_619375042_box1.jpg,/rs1/researchers/a/amallav/results/outputs_crop/obs_340364592_photo_619375042_box1.jpg,obs_340364592_photo_619375042,#N/A,1,1,Aquarius fabricii,Aquarius najas,FALSE,,,Animalia,Animalia,Arthropoda,Arthropoda,Insecta,Insecta,Hemiptera,Hemiptera,Gerridae,Gerridae,Aquarius,Aquarius,0.038969822,5,"[{""species"": ""Aquarius najas"", ""common_name"": ""River skater"", ""score"": 0.3260912597179413}, {""species"": ""Aquarius conformis"", ""common_name"": """", ""score"": 0.18300436437129974}, {""species"": ""Ptilomera tigrina"", ""common_name"": """", ""score"": 0.050120770931243896}, {""species"": ""Aquarius cinereus"", ""common_name"": """", ""score"": 0.042365290224552155}, {""species"": ""Aquarius fabricii"", ""common_name"": """", ""score"": 0.038969822227954865}]"
obs_340364592_photo_619375042_box2.jpg,/rs1/researchers/a/amallav/results/outputs_crop/obs_340364592_photo_619375042_box2.jpg,obs_340364592_photo_619375042,#N/A,2,2,Aquarius conformis,Aquarius najas,FALSE,,,Animalia,Animalia,Arthropoda,Arthropoda,Insecta,Insecta,Hemiptera,Hemiptera,Gerridae,Gerridae,Aquarius,Aquarius,0.370108634,1,"[{""species"": ""Aquarius conformis"", ""common_name"": """", ""score"": 0.37010863423347473}, {""species"": ""Aquarius najas"", ""common_name"": ""River skater"", ""score"": 0.1438109278678894}, {""species"": ""Aquarius amplus"", ""common_name"": """", ""score"": 0.04562477394938469}, {""species"": ""Aquarius ventralis"", ""common_name"": """", ""score"": 0.045089107006788254}, {""species"": ""Aquarius paludum"", ""common_name"": ""sjöskräddare"", ""score"": 0.04268820211291313}]"
obs_340364592_photo_619375042_box2.jpg,/rs1/researchers/a/amallav/results/outputs_crop/obs_340364592_photo_619375042_box2.jpg,obs_340364592_photo_619375042,#N/A,2,2,Aquarius najas,Aquarius najas,TRUE,,River skater,Animalia,Animalia,Arthropoda,Arthropoda,Insecta,Insecta,Hemiptera,Hemiptera,Gerridae,Gerridae,Aquarius,Aquarius,0.143810928,2,"[{""species"": ""Aquarius conformis"", ""common_name"": """", ""score"": 0.37010863423347473}, {""species"": ""Aquarius najas"", ""common_name"": ""River skater"", ""score"": 0.1438109278678894}, {""species"": ""Aquarius amplus"", ""common_name"": """", ""score"": 0.04562477394938469}, {""species"": ""Aquarius ventralis"", ""common_name"": """", ""score"": 0.045089107006788254}, {""species"": ""Aquarius paludum"", ""common_name"": ""sjöskräddare"", ""score"": 0.04268820211291313}]"
obs_340364592_photo_619375042_box2.jpg,/rs1/researchers/a/amallav/results/outputs_crop/obs_340364592_photo_619375042_box2.jpg,obs_340364592_photo_619375042,#N/A,2,2,Aquarius amplus,Aquarius najas,FALSE,,,Animalia,Animalia,Arthropoda,Arthropoda,Insecta,Insecta,Hemiptera,Hemiptera,Gerridae,Gerridae,Aquarius,Aquarius,0.045624774,3,"[{""species"": ""Aquarius conformis"", ""common_name"": """", ""score"": 0.37010863423347473}, {""species"": ""Aquarius najas"", ""common_name"": ""River skater"", ""score"": 0.1438109278678894}, {""species"": ""Aquarius amplus"", ""common_name"": """", ""score"": 0.04562477394938469}, {""species"": ""Aquarius ventralis"", ""common_name"": """", ""score"": 0.045089107006788254}, {""species"": ""Aquarius paludum"", ""common_name"": ""sjöskräddare"", ""score"": 0.04268820211291313}]"
obs_340364592_photo_619375042_box2.jpg,/rs1/researchers/a/amallav/results/outputs_crop/obs_340364592_photo_619375042_box2.jpg,obs_340364592_photo_619375042,#N/A,2,2,Aquarius ventralis,Aquarius najas,FALSE,,,Animalia,Animalia,Arthropoda,Arthropoda,Insecta,Insecta,Hemiptera,Hemiptera,Gerridae,Gerridae,Aquarius,Aquarius,0.045089107,4,"[{""species"": ""Aquarius conformis"", ""common_name"": """", ""score"": 0.37010863423347473}, {""species"": ""Aquarius najas"", ""common_name"": ""River skater"", ""score"": 0.1438109278678894}, {""species"": ""Aquarius amplus"", ""common_name"": """", ""score"": 0.04562477394938469}, {""species"": ""Aquarius ventralis"", ""common_name"": """", ""score"": 0.045089107006788254}, {""species"": ""Aquarius paludum"", ""common_name"": ""sjöskräddare"", ""score"": 0.04268820211291313}]"
obs_340364592_photo_619375042_box2.jpg,/rs1/researchers/a/amallav/results/outputs_crop/obs_340364592_photo_619375042_box2.jpg,obs_340364592_photo_619375042,#N/A,2,2,Aquarius paludum,Aquarius najas,FALSE,,sjöskräddare,Animalia,Animalia,Arthropoda,Arthropoda,Insecta,Insecta,Hemiptera,Hemiptera,Gerridae,Gerridae,Aquarius,Aquarius,0.042688202,5,"[{""species"": ""Aquarius conformis"", ""common_name"": """", ""score"": 0.37010863423347473}, {""species"": ""Aquarius najas"", ""common_name"": ""River skater"", ""score"": 0.1438109278678894}, {""species"": ""Aquarius amplus"", ""common_name"": """", ""score"": 0.04562477394938469}, {""species"": ""Aquarius ventralis"", ""common_name"": """", ""score"": 0.045089107006788254}, {""species"": ""Aquarius paludum"", ""common_name"": ""sjöskräddare"", ""score"": 0.04268820211291313}]"
obs_340364592_photo_619375042_box3.jpg,/rs1/researchers/a/amallav/results/outputs_crop/obs_340364592_photo_619375042_box3.jpg,obs_340364592_photo_619375042,#N/A,3,3,Tenagogerris euphrosyne,Aquarius najas,FALSE,,,Animalia,Animalia,Arthropoda,Arthropoda,Insecta,Insecta,Hemiptera,Hemiptera,Gerridae,Gerridae,Tenagogerris,Aquarius,0.069999218,1,"[{""species"": ""Tenagogerris euphrosyne"", ""common_name"": """", ""score"": 0.06999921798706055}, {""species"": ""Aquarius paludum"", ""common_name"": ""sjöskräddare"", ""score"": 0.05028333142399788}, {""species"": ""Tenagogerris pallidus"", ""common_name"": """", ""score"": 0.04722312092781067}, {""species"": ""Metrobates hesperius"", ""common_name"": """", ""score"": 0.046987369656562805}, {""species"": ""Halobates princeps"", ""common_name"": """", ""score"": 0.044282216578722}]"
obs_340364592_photo_619375042_box3.jpg,/rs1/researchers/a/amallav/results/outputs_crop/obs_340364592_photo_619375042_box3.jpg,obs_340364592_photo_619375042,#N/A,3,3,Aquarius paludum,Aquarius najas,FALSE,,sjöskräddare,Animalia,Animalia,Arthropoda,Arthropoda,Insecta,Insecta,Hemiptera,Hemiptera,Gerridae,Gerridae,Aquarius,Aquarius,0.050283331,2,"[{""species"": ""Tenagogerris euphrosyne"", ""common_name"": """", ""score"": 0.06999921798706055}, {""species"": ""Aquarius paludum"", ""common_name"": ""sjöskräddare"", ""score"": 0.05028333142399788}, {""species"": ""Tenagogerris pallidus"", ""common_name"": """", ""score"": 0.04722312092781067}, {""species"": ""Metrobates hesperius"", ""common_name"": """", ""score"": 0.046987369656562805}, {""species"": ""Halobates princeps"", ""common_name"": """", ""score"": 0.044282216578722}]"
obs_340364592_photo_619375042_box3.jpg,/rs1/researchers/a/amallav/results/outputs_crop/obs_340364592_photo_619375042_box3.jpg,obs_340364592_photo_619375042,#N/A,3,3,Tenagogerris pallidus,Aquarius najas,FALSE,,,Animalia,Animalia,Arthropoda,Arthropoda,Insecta,Insecta,Hemiptera,Hemiptera,Gerridae,Gerridae,Tenagogerris,Aquarius,0.047223121,3,"[{""species"": ""Tenagogerris euphrosyne"", ""common_name"": """", ""score"": 0.06999921798706055}, {""species"": ""Aquarius paludum"", ""common_name"": ""sjöskräddare"", ""score"": 0.05028333142399788}, {""species"": ""Tenagogerris pallidus"", ""common_name"": """", ""score"": 0.04722312092781067}, {""species"": ""Metrobates hesperius"", ""common_name"": """", ""score"": 0.046987369656562805}, {""species"": ""Halobates princeps"", ""common_name"": """", ""score"": 0.044282216578722}]"
obs_340364592_photo_619375042_box3.jpg,/rs1/researchers/a/amallav/results/outputs_crop/obs_340364592_photo_619375042_box3.jpg,obs_340364592_photo_619375042,#N/A,3,3,Metrobates hesperius,Aquarius najas,FALSE,,,Animalia,Animalia,Arthropoda,Arthropoda,Insecta,Insecta,Hemiptera,Hemiptera,Gerridae,Gerridae,Metrobates,Aquarius,0.04698737,4,"[{""species"": ""Tenagogerris euphrosyne"", ""common_name"": """", ""score"": 0.06999921798706055}, {""species"": ""Aquarius paludum"", ""common_name"": ""sjöskräddare"", ""score"": 0.05028333142399788}, {""species"": ""Tenagogerris pallidus"", ""common_name"": """", ""score"": 0.04722312092781067}, {""species"": ""Metrobates hesperius"", ""common_name"": """", ""score"": 0.046987369656562805}, {""species"": ""Halobates princeps"", ""common_name"": """", ""score"": 0.044282216578722}]"
obs_340364592_photo_619375042_box3.jpg,/rs1/researchers/a/amallav/results/outputs_crop/obs_340364592_photo_619375042_box3.jpg,obs_340364592_photo_619375042,#N/A,3,3,Halobates princeps,Aquarius najas,FALSE,,,Animalia,Animalia,Arthropoda,Arthropoda,Insecta,Insecta,Hemiptera,Hemiptera,Gerridae,Gerridae,Halobates,Aquarius,0.044282217,5,"[{""species"": ""Tenagogerris euphrosyne"", ""common_name"": """", ""score"": 0.06999921798706055}, {""species"": ""Aquarius paludum"", ""common_name"": ""sjöskräddare"", ""score"": 0.05028333142399788}, {""species"": ""Tenagogerris pallidus"", ""common_name"": """", ""score"": 0.04722312092781067}, {""species"": ""Metrobates hesperius"", ""common_name"": """", ""score"": 0.046987369656562805}, {""species"": ""Halobates princeps"", ""common_name"": """", ""score"": 0.044282216578722}]"
obs_340364592_photo_619375042_box4.jpg,/rs1/researchers/a/amallav/results/outputs_crop/obs_340364592_photo_619375042_box4.jpg,obs_340364592_photo_619375042,#N/A,4,4,Aquarius conformis,Aquarius najas,FALSE,,,Animalia,Animalia,Arthropoda,Arthropoda,Insecta,Insecta,Hemiptera,Hemiptera,Gerridae,Gerridae,Aquarius,Aquarius,0.255586714,1,"[{""species"": ""Aquarius conformis"", ""common_name"": """", ""score"": 0.255586713552475}, {""species"": ""Aquarius najas"", ""common_name"": ""River skater"", ""score"": 0.22898763418197632}, {""species"": ""Aquarius paludum"", ""common_name"": ""sjöskräddare"", ""score"": 0.052769459784030914}, {""species"": ""Aquarius cinereus"", ""common_name"": """", ""score"": 0.045756399631500244}, {""species"": ""Aquarius chilensis"", ""common_name"": """", ""score"": 0.04549567401409149}]"
obs_340364592_photo_619375042_box4.jpg,/rs1/researchers/a/amallav/results/outputs_crop/obs_340364592_photo_619375042_box4.jpg,obs_340364592_photo_619375042,#N/A,4,4,Aquarius najas,Aquarius najas,TRUE,,River skater,Animalia,Animalia,Arthropoda,Arthropoda,Insecta,Insecta,Hemiptera,Hemiptera,Gerridae,Gerridae,Aquarius,Aquarius,0.228987634,2,"[{""species"": ""Aquarius conformis"", ""common_name"": """", ""score"": 0.255586713552475}, {""species"": ""Aquarius najas"", ""common_name"": ""River skater"", ""score"": 0.22898763418197632}, {""species"": ""Aquarius paludum"", ""common_name"": ""sjöskräddare"", ""score"": 0.052769459784030914}, {""species"": ""Aquarius cinereus"", ""common_name"": """", ""score"": 0.045756399631500244}, {""species"": ""Aquarius chilensis"", ""common_name"": """", ""score"": 0.04549567401409149}]"
obs_340364592_photo_619375042_box4.jpg,/rs1/researchers/a/amallav/results/outputs_crop/obs_340364592_photo_619375042_box4.jpg,obs_340364592_photo_619375042,#N/A,4,4,Aquarius paludum,Aquarius najas,FALSE,,sjöskräddare,Animalia,Animalia,Arthropoda,Arthropoda,Insecta,Insecta,Hemiptera,Hemiptera,Gerridae,Gerridae,Aquarius,Aquarius,0.05276946,3,"[{""species"": ""Aquarius conformis"", ""common_name"": """", ""score"": 0.255586713552475}, {""species"": ""Aquarius najas"", ""common_name"": ""River skater"", ""score"": 0.22898763418197632}, {""species"": ""Aquarius paludum"", ""common_name"": ""sjöskräddare"", ""score"": 0.052769459784030914}, {""species"": ""Aquarius cinereus"", ""common_name"": """", ""score"": 0.045756399631500244}, {""species"": ""Aquarius chilensis"", ""common_name"": """", ""score"": 0.04549567401409149}]"
obs_340364592_photo_619375042_box4.jpg,/rs1/researchers/a/amallav/results/outputs_crop/obs_340364592_photo_619375042_box4.jpg,obs_340364592_photo_619375042,#N/A,4,4,Aquarius cinereus,Aquarius najas,FALSE,,,Animalia,Animalia,Arthropoda,Arthropoda,Insecta,Insecta,Hemiptera,Hemiptera,Gerridae,Gerridae,Aquarius,Aquarius,0.0457564,4,"[{""species"": ""Aquarius conformis"", ""common_name"": """", ""score"": 0.255586713552475}, {""species"": ""Aquarius najas"", ""common_name"": ""River skater"", ""score"": 0.22898763418197632}, {""species"": ""Aquarius paludum"", ""common_name"": ""sjöskräddare"", ""score"": 0.052769459784030914}, {""species"": ""Aquarius cinereus"", ""common_name"": """", ""score"": 0.045756399631500244}, {""species"": ""Aquarius chilensis"", ""common_name"": """", ""score"": 0.04549567401409149}]"
obs_340364592_photo_619375042_box4.jpg,/rs1/researchers/a/amallav/results/outputs_crop/obs_340364592_photo_619375042_box4.jpg,obs_340364592_photo_619375042,#N/A,4,4,Aquarius chilensis,Aquarius najas,FALSE,,,Animalia,Animalia,Arthropoda,Arthropoda,Insecta,Insecta,Hemiptera,Hemiptera,Gerridae,Gerridae,Aquarius,Aquarius,0.045495674,5,"[{""species"": ""Aquarius conformis"", ""common_name"": """", ""score"": 0.255586713552475}, {""species"": ""Aquarius najas"", ""common_name"": ""River skater"", ""score"": 0.22898763418197632}, {""species"": ""Aquarius paludum"", ""common_name"": ""sjöskräddare"", ""score"": 0.052769459784030914}, {""species"": ""Aquarius cinereus"", ""common_name"": """", ""score"": 0.045756399631500244}, {""species"": ""Aquarius chilensis"", ""common_name"": """", ""score"": 0.04549567401409149}]"
obs_340368188_photo_619383348_box1.jpg,/rs1/researchers/a/amallav/results/outputs_crop/obs_340368188_photo_619383348_box1.jpg,obs_340368188_photo_619383348,#N/A,1,1,Diplolepis rosae,Diplolepis rosae,TRUE,,Bedeguar gall,Animalia,Animalia,Arthropoda,Arthropoda,Insecta,Insecta,Hymenoptera,Hymenoptera,Cynipidae,Diplolepididae,Diplolepis,Diplolepis,0.73009032,1,"[{""species"": ""Diplolepis rosae"", ""common_name"": ""Bedeguar gall"", ""score"": 0.730090320110321}, {""species"": ""Diplolepis bassetti"", ""common_name"": """", ""score"": 0.033667948096990585}, {""species"": ""Asphondylia ceanothi"", ""common_name"": """", ""score"": 0.03012201562523842}, {""species"": ""Andricus caputmedusae"", ""common_name"": """", ""score"": 0.026196429505944252}, {""species"": ""Andricus seckendorffi"", ""common_name"": """", ""score"": 0.01901453733444214}]"
obs_340368188_photo_619383348_box1.jpg,/rs1/researchers/a/amallav/results/outputs_crop/obs_340368188_photo_619383348_box1.jpg,obs_340368188_photo_619383348,#N/A,1,1,Diplolepis bassetti,Diplolepis rosae,FALSE,,,Animalia,Animalia,Arthropoda,Arthropoda,Insecta,Insecta,Hymenoptera,Hymenoptera,Cynipidae,Diplolepididae,Diplolepis,Diplolepis,0.033667948,2,"[{""species"": ""Diplolepis rosae"", ""common_name"": ""Bedeguar gall"", ""score"": 0.730090320110321}, {""species"": ""Diplolepis bassetti"", ""common_name"": """", ""score"": 0.033667948096990585}, {""species"": ""Asphondylia ceanothi"", ""common_name"": """", ""score"": 0.03012201562523842}, {""species"": ""Andricus caputmedusae"", ""common_name"": """", ""score"": 0.026196429505944252}, {""species"": ""Andricus seckendorffi"", ""common_name"": """", ""score"": 0.01901453733444214}]"
obs_340368188_photo_619383348_box1.jpg,/rs1/researchers/a/amallav/results/outputs_crop/obs_340368188_photo_619383348_box1.jpg,obs_340368188_photo_619383348,#N/A,1,1,Asphondylia ceanothi,Diplolepis rosae,FALSE,,,Animalia,Animalia,Arthropoda,Arthropoda,Insecta,Insecta,Diptera,Hymenoptera,Cecidomyiidae,Diplolepididae,Asphondylia,Diplolepis,0.030122016,3,"[{""species"": ""Diplolepis rosae"", ""common_name"": ""Bedeguar gall"", ""score"": 0.730090320110321}, {""species"": ""Diplolepis bassetti"", ""common_name"": """", ""score"": 0.033667948096990585}, {""species"": ""Asphondylia ceanothi"", ""common_name"": """", ""score"": 0.03012201562523842}, {""species"": ""Andricus caputmedusae"", ""common_name"": """", ""score"": 0.026196429505944252}, {""species"": ""Andricus seckendorffi"", ""common_name"": """", ""score"": 0.01901453733444214}]"
obs_340368188_photo_619383348_box1.jpg,/rs1/researchers/a/amallav/results/outputs_crop/obs_340368188_photo_619383348_box1.jpg,obs_340368188_photo_619383348,#N/A,1,1,Andricus caputmedusae,Diplolepis rosae,FALSE,,,Animalia,Animalia,Arthropoda,Arthropoda,Insecta,Insecta,Hymenoptera,Hymenoptera,Cynipidae,Diplolepididae,Andricus,Diplolepis,0.02619643,4,"[{""species"": ""Diplolepis rosae"", ""common_name"": ""Bedeguar gall"", ""score"": 0.730090320110321}, {""species"": ""Diplolepis bassetti"", ""common_name"": """", ""score"": 0.033667948096990585}, {""species"": ""Asphondylia ceanothi"", ""common_name"": """", ""score"": 0.03012201562523842}, {""species"": ""Andricus caputmedusae"", ""common_name"": """", ""score"": 0.026196429505944252}, {""species"": ""Andricus seckendorffi"", ""common_name"": """", ""score"": 0.01901453733444214}]"
obs_340368188_photo_619383348_box1.jpg,/rs1/researchers/a/amallav/results/outputs_crop/obs_340368188_photo_619383348_box1.jpg,obs_340368188_photo_619383348,#N/A,1,1,Andricus seckendorffi,Diplolepis rosae,FALSE,,,Animalia,Animalia,Arthropoda,Arthropoda,Insecta,Insecta,Hymenoptera,Hymenoptera,Cynipidae,Diplolepididae,Andricus,Diplolepis,0.019014537,5,"[{""species"": ""Diplolepis rosae"", ""common_name"": ""Bedeguar gall"", ""score"": 0.730090320110321}, {""species"": ""Diplolepis bassetti"", ""common_name"": """", ""score"": 0.033667948096990585}, {""species"": ""Asphondylia ceanothi"", ""common_name"": """", ""score"": 0.03012201562523842}, {""species"": ""Andricus caputmedusae"", ""common_name"": """", ""score"": 0.026196429505944252}, {""species"": ""Andricus seckendorffi"", ""common_name"": """", ""score"": 0.01901453733444214}]"
obs_340368188_photo_619383348_box2.jpg,/rs1/researchers/a/amallav/results/outputs_crop/obs_340368188_photo_619383348_box2.jpg,obs_340368188_photo_619383348,#N/A,2,2,Diplolepis rosae,Diplolepis rosae,TRUE,,Bedeguar gall,Animalia,Animalia,Arthropoda,Arthropoda,Insecta,Insecta,Hymenoptera,Hymenoptera,Cynipidae,Diplolepididae,Diplolepis,Diplolepis,0.671262085,1,"[{""species"": ""Diplolepis rosae"", ""common_name"": ""Bedeguar gall"", ""score"": 0.6712620854377747}, {""species"": ""Asphondylia ceanothi"", ""common_name"": """", ""score"": 0.0502941720187664}, {""species"": ""Diplolepis bassetti"", ""common_name"": """", ""score"": 0.03585324063897133}, {""species"": ""Andricus seckendorffi"", ""common_name"": """", ""score"": 0.020422017201781273}, {""species"": ""Andricus lucidus"", ""common_name"": """", ""score"": 0.015246915630996227}]"
obs_340368188_photo_619383348_box2.jpg,/rs1/researchers/a/amallav/results/outputs_crop/obs_340368188_photo_619383348_box2.jpg,obs_340368188_photo_619383348,#N/A,2,2,Asphondylia ceanothi,Diplolepis rosae,FALSE,,,Animalia,Animalia,Arthropoda,Arthropoda,Insecta,Insecta,Diptera,Hymenoptera,Cecidomyiidae,Diplolepididae,Asphondylia,Diplolepis,0.050294172,2,"[{""species"": ""Diplolepis rosae"", ""common_name"": ""Bedeguar gall"", ""score"": 0.6712620854377747}, {""species"": ""Asphondylia ceanothi"", ""common_name"": """", ""score"": 0.0502941720187664}, {""species"": ""Diplolepis bassetti"", ""common_name"": """", ""score"": 0.03585324063897133}, {""species"": ""Andricus seckendorffi"", ""common_name"": """", ""score"": 0.020422017201781273}, {""species"": ""Andricus lucidus"", ""common_name"": """", ""score"": 0.015246915630996227}]"
obs_340368188_photo_619383348_box2.jpg,/rs1/researchers/a/amallav/results/outputs_crop/obs_340368188_photo_619383348_box2.jpg,obs_340368188_photo_619383348,#N/A,2,2,Diplolepis bassetti,Diplolepis rosae,FALSE,,,Animalia,Animalia,Arthropoda,Arthropoda,Insecta,Insecta,Hymenoptera,Hymenoptera,Cynipidae,Diplolepididae,Diplolepis,Diplolepis,0.035853241,3,"[{""species"": ""Diplolepis rosae"", ""common_name"": ""Bedeguar gall"", ""score"": 0.6712620854377747}, {""species"": ""Asphondylia ceanothi"", ""common_name"": """", ""score"": 0.0502941720187664}, {""species"": ""Diplolepis bassetti"", ""common_name"": """", ""score"": 0.03585324063897133}, {""species"": ""Andricus seckendorffi"", ""common_name"": """", ""score"": 0.020422017201781273}, {""species"": ""Andricus lucidus"", ""common_name"": """", ""score"": 0.015246915630996227}]"
obs_340368188_photo_619383348_box2.jpg,/rs1/researchers/a/amallav/results/outputs_crop/obs_340368188_photo_619383348_box2.jpg,obs_340368188_photo_619383348,#N/A,2,2,Andricus seckendorffi,Diplolepis rosae,FALSE,,,Animalia,Animalia,Arthropoda,Arthropoda,Insecta,Insecta,Hymenoptera,Hymenoptera,Cynipidae,Diplolepididae,Andricus,Diplolepis,0.020422017,4,"[{""species"": ""Diplolepis rosae"", ""common_name"": ""Bedeguar gall"", ""score"": 0.6712620854377747}, {""species"": ""Asphondylia ceanothi"", ""common_name"": """", ""score"": 0.0502941720187664}, {""species"": ""Diplolepis bassetti"", ""common_name"": """", ""score"": 0.03585324063897133}, {""species"": ""Andricus seckendorffi"", ""common_name"": """", ""score"": 0.020422017201781273}, {""species"": ""Andricus lucidus"", ""common_name"": """", ""score"": 0.015246915630996227}]"
obs_340368188_photo_619383348_box2.jpg,/rs1/researchers/a/amallav/results/outputs_crop/obs_340368188_photo_619383348_box2.jpg,obs_340368188_photo_619383348,#N/A,2,2,Andricus lucidus,Diplolepis rosae,FALSE,,,Animalia,Animalia,Arthropoda,Arthropoda,Insecta,Insecta,Hymenoptera,Hymenoptera,Cynipidae,Diplolepididae,Andricus,Diplolepis,0.015246916,5,"[{""species"": ""Diplolepis rosae"", ""common_name"": ""Bedeguar gall"", ""score"": 0.6712620854377747}, {""species"": ""Asphondylia ceanothi"", ""common_name"": """", ""score"": 0.0502941720187664}, {""species"": ""Diplolepis bassetti"", ""common_name"": """", ""score"": 0.03585324063897133}, {""species"": ""Andricus seckendorffi"", ""common_name"": """", ""score"": 0.020422017201781273}, {""species"": ""Andricus lucidus"", ""common_name"": """", ""score"": 0.015246915630996227}]"
obs_340368188_photo_619383348_box3.jpg,/rs1/researchers/a/amallav/results/outputs_crop/obs_340368188_photo_619383348_box3.jpg,obs_340368188_photo_619383348,#N/A,3,3,Diplolepis rosae,Diplolepis rosae,TRUE,,Bedeguar gall,Animalia,Animalia,Arthropoda,Arthropoda,Insecta,Insecta,Hymenoptera,Hymenoptera,Cynipidae,Diplolepididae,Diplolepis,Diplolepis,0.94329381,1,"[{""species"": ""Diplolepis rosae"", ""common_name"": ""Bedeguar gall"", ""score"": 0.9432938098907471}, {""species"": ""Diplolepis mayri"", ""common_name"": ""Gall wasp"", ""score"": 0.00377680198289454}, {""species"": ""Diplolepis bassetti"", ""common_name"": """", ""score"": 0.0025513432919979095}, {""species"": ""Stenacis triradiatus"", ""common_name"": """", ""score"": 0.0024370173923671246}, {""species"": ""Asphondylia ceanothi"", ""common_name"": """", ""score"": 0.0016912437276914716}]"
obs_340368188_photo_619383348_box3.jpg,/rs1/researchers/a/amallav/results/outputs_crop/obs_340368188_photo_619383348_box3.jpg,obs_340368188_photo_619383348,#N/A,3,3,Diplolepis mayri,Diplolepis rosae,FALSE,,Gall wasp,Animalia,Animalia,Arthropoda,Arthropoda,Insecta,Insecta,Hymenoptera,Hymenoptera,Cynipidae,Diplolepididae,Diplolepis,Diplolepis,0.003776802,2,"[{""species"": ""Diplolepis rosae"", ""common_name"": ""Bedeguar gall"", ""score"": 0.9432938098907471}, {""species"": ""Diplolepis mayri"", ""common_name"": ""Gall wasp"", ""score"": 0.00377680198289454}, {""species"": ""Diplolepis bassetti"", ""common_name"": """", ""score"": 0.0025513432919979095}, {""species"": ""Stenacis triradiatus"", ""common_name"": """", ""score"": 0.0024370173923671246}, {""species"": ""Asphondylia ceanothi"", ""common_name"": """", ""score"": 0.0016912437276914716}]"
obs_340368188_photo_619383348_box3.jpg,/rs1/researchers/a/amallav/results/outputs_crop/obs_340368188_photo_619383348_box3.jpg,obs_340368188_photo_619383348,#N/A,3,3,Diplolepis bassetti,Diplolepis rosae,FALSE,,,Animalia,Animalia,Arthropoda,Arthropoda,Insecta,Insecta,Hymenoptera,Hymenoptera,Cynipidae,Diplolepididae,Diplolepis,Diplolepis,0.002551343,3,"[{""species"": ""Diplolepis rosae"", ""common_name"": ""Bedeguar gall"", ""score"": 0.9432938098907471}, {""species"": ""Diplolepis mayri"", ""common_name"": ""Gall wasp"", ""score"": 0.00377680198289454}, {""species"": ""Diplolepis bassetti"", ""common_name"": """", ""score"": 0.0025513432919979095}, {""species"": ""Stenacis triradiatus"", ""common_name"": """", ""score"": 0.0024370173923671246}, {""species"": ""Asphondylia ceanothi"", ""common_name"": """", ""score"": 0.0016912437276914716}]"
obs_340368188_photo_619383348_box3.jpg,/rs1/researchers/a/amallav/results/outputs_crop/obs_340368188_photo_619383348_box3.jpg,obs_340368188_photo_619383348,#N/A,3,3,Stenacis triradiatus,Diplolepis rosae,FALSE,,,Animalia,Animalia,Arthropoda,Arthropoda,Arachnida,Insecta,Trombidiformes,Hymenoptera,Eriophyidae,Diplolepididae,Stenacis,Diplolepis,0.002437017,4,"[{""species"": ""Diplolepis rosae"", ""common_name"": ""Bedeguar gall"", ""score"": 0.9432938098907471}, {""species"": ""Diplolepis mayri"", ""common_name"": ""Gall wasp"", ""score"": 0.00377680198289454}, {""species"": ""Diplolepis bassetti"", ""common_name"": """", ""score"": 0.0025513432919979095}, {""species"": ""Stenacis triradiatus"", ""common_name"": """", ""score"": 0.0024370173923671246}, {""species"": ""Asphondylia ceanothi"", ""common_name"": """", ""score"": 0.0016912437276914716}]"
obs_340368188_photo_619383348_box3.jpg,/rs1/researchers/a/amallav/results/outputs_crop/obs_340368188_photo_619383348_box3.jpg,obs_340368188_photo_619383348,#N/A,3,3,Asphondylia ceanothi,Diplolepis rosae,FALSE,,,Animalia,Animalia,Arthropoda,Arthropoda,Insecta,Insecta,Diptera,Hymenoptera,Cecidomyiidae,Diplolepididae,Asphondylia,Diplolepis,0.001691244,5,"[{""species"": ""Diplolepis rosae"", ""common_name"": ""Bedeguar gall"", ""score"": 0.9432938098907471}, {""species"": ""Diplolepis mayri"", ""common_name"": ""Gall wasp"", ""score"": 0.00377680198289454}, {""species"": ""Diplolepis bassetti"", ""common_name"": """", ""score"": 0.0025513432919979095}, {""species"": ""Stenacis triradiatus"", ""common_name"": """", ""score"": 0.0024370173923671246}, {""species"": ""Asphondylia ceanothi"", ""common_name"": """", ""score"": 0.0016912437276914716}]"
obs_340368188_photo_619383348_box4.jpg,/rs1/researchers/a/amallav/results/outputs_crop/obs_340368188_photo_619383348_box4.jpg,obs_340368188_photo_619383348,#N/A,4,4,Diplolepis rosae,Diplolepis rosae,TRUE,,Bedeguar gall,Animalia,Animalia,Arthropoda,Arthropoda,Insecta,Insecta,Hymenoptera,Hymenoptera,Cynipidae,Diplolepididae,Diplolepis,Diplolepis,0.751471341,1,"[{""species"": ""Diplolepis rosae"", ""common_name"": ""Bedeguar gall"", ""score"": 0.7514713406562805}, {""species"": ""Diplolepis bassetti"", ""common_name"": """", ""score"": 0.05451453849673271}, {""species"": ""Diplolepis mayri"", ""common_name"": ""Gall wasp"", ""score"": 0.015238489955663681}, {""species"": ""Glycyrrhiza echinata"", ""common_name"": ""German liquorice"", ""score"": 0.012709331698715687}, {""species"": ""Diplolepis fructuum"", ""common_name"": """", ""score"": 0.012525567784905434}]"
obs_340368188_photo_619383348_box4.jpg,/rs1/researchers/a/amallav/results/outputs_crop/obs_340368188_photo_619383348_box4.jpg,obs_340368188_photo_619383348,#N/A,4,4,Diplolepis bassetti,Diplolepis rosae,FALSE,,,Animalia,Animalia,Arthropoda,Arthropoda,Insecta,Insecta,Hymenoptera,Hymenoptera,Cynipidae,Diplolepididae,Diplolepis,Diplolepis,0.054514538,2,"[{""species"": ""Diplolepis rosae"", ""common_name"": ""Bedeguar gall"", ""score"": 0.7514713406562805}, {""species"": ""Diplolepis bassetti"", ""common_name"": """", ""score"": 0.05451453849673271}, {""species"": ""Diplolepis mayri"", ""common_name"": ""Gall wasp"", ""score"": 0.015238489955663681}, {""species"": ""Glycyrrhiza echinata"", ""common_name"": ""German liquorice"", ""score"": 0.012709331698715687}, {""species"": ""Diplolepis fructuum"", ""common_name"": """", ""score"": 0.012525567784905434}]"
obs_340368188_photo_619383348_box4.jpg,/rs1/researchers/a/amallav/results/outputs_crop/obs_340368188_photo_619383348_box4.jpg,obs_340368188_photo_619383348,#N/A,4,4,Diplolepis mayri,Diplolepis rosae,FALSE,,Gall wasp,Animalia,Animalia,Arthropoda,Arthropoda,Insecta,Insecta,Hymenoptera,Hymenoptera,Cynipidae,Diplolepididae,Diplolepis,Diplolepis,0.01523849,3,"[{""species"": ""Diplolepis rosae"", ""common_name"": ""Bedeguar gall"", ""score"": 0.7514713406562805}, {""species"": ""Diplolepis bassetti"", ""common_name"": """", ""score"": 0.05451453849673271}, {""species"": ""Diplolepis mayri"", ""common_name"": ""Gall wasp"", ""score"": 0.015238489955663681}, {""species"": ""Glycyrrhiza echinata"", ""common_name"": ""German liquorice"", ""score"": 0.012709331698715687}, {""species"": ""Diplolepis fructuum"", ""common_name"": """", ""score"": 0.012525567784905434}]"
obs_340368188_photo_619383348_box4.jpg,/rs1/researchers/a/amallav/results/outputs_crop/obs_340368188_photo_619383348_box4.jpg,obs_340368188_photo_619383348,#N/A,4,4,Glycyrrhiza echinata,Diplolepis rosae,FALSE,,German liquorice,Plantae,Animalia,Tracheophyta,Arthropoda,Magnoliopsida,Insecta,Fabales,Hymenoptera,Fabaceae,Diplolepididae,Glycyrrhiza,Diplolepis,0.012709332,4,"[{""species"": ""Diplolepis rosae"", ""common_name"": ""Bedeguar gall"", ""score"": 0.7514713406562805}, {""species"": ""Diplolepis bassetti"", ""common_name"": """", ""score"": 0.05451453849673271}, {""species"": ""Diplolepis mayri"", ""common_name"": ""Gall wasp"", ""score"": 0.015238489955663681}, {""species"": ""Glycyrrhiza echinata"", ""common_name"": ""German liquorice"", ""score"": 0.012709331698715687}, {""species"": ""Diplolepis fructuum"", ""common_name"": """", ""score"": 0.012525567784905434}]"
obs_340368188_photo_619383348_box4.jpg,/rs1/researchers/a/amallav/results/outputs_crop/obs_340368188_photo_619383348_box4.jpg,obs_340368188_photo_619383348,#N/A,4,4,Diplolepis fructuum,Diplolepis rosae,FALSE,,,Animalia,Animalia,Arthropoda,Arthropoda,Insecta,Insecta,Hymenoptera,Hymenoptera,Cynipidae,Diplolepididae,Diplolepis,Diplolepis,0.012525568,5,"[{""species"": ""Diplolepis rosae"", ""common_name"": ""Bedeguar gall"", ""score"": 0.7514713406562805}, {""species"": ""Diplolepis bassetti"", ""common_name"": """", ""score"": 0.05451453849673271}, {""species"": ""Diplolepis mayri"", ""common_name"": ""Gall wasp"", ""score"": 0.015238489955663681}, {""species"": ""Glycyrrhiza echinata"", ""common_name"": ""German liquorice"", ""score"": 0.012709331698715687}, {""species"": ""Diplolepis fructuum"", ""common_name"": """", ""score"": 0.012525567784905434}]"
obs_340433312_photo_619519266_box1.jpg,/rs1/researchers/a/amallav/results/outputs_crop/obs_340433312_photo_619519266_box1.jpg,obs_340433312_photo_619519266,#N/A,1,1,Limnodynastes peronii,Limnodynastes peronii,TRUE,,Brown frog,Animalia,Animalia,Chordata,Chordata,Amphibia,Amphibia,Anura,Anura,Limnodynastidae,Limnodynastidae,Limnodynastes,Limnodynastes,0.977591813,1,"[{""species"": ""Limnodynastes peronii"", ""common_name"": ""Brown frog"", ""score"": 0.9775918126106262}, {""species"": ""Litoria latopalmata"", ""common_name"": ""Broad-palmed rocket frog"", ""score"": 0.004762471187859774}, {""species"": ""Leptodactylus paranaru"", ""common_name"": """", ""score"": 0.0013769152574241161}, {""species"": ""Litoria olongburensis"", ""common_name"": ""Olongburra frog"", ""score"": 0.001322147436439991}, {""species"": ""Litoria freycineti"", ""common_name"": ""Wallum Rocketfrog"", ""score"": 0.0011436821660026908}]"
obs_340433312_photo_619519266_box1.jpg,/rs1/researchers/a/amallav/results/outputs_crop/obs_340433312_photo_619519266_box1.jpg,obs_340433312_photo_619519266,#N/A,1,1,Litoria latopalmata,Limnodynastes peronii,FALSE,,Broad-palmed rocket frog,Animalia,Animalia,Chordata,Chordata,Amphibia,Amphibia,Anura,Anura,Pelodryadidae,Limnodynastidae,Litoria,Limnodynastes,0.004762471,2,"[{""species"": ""Limnodynastes peronii"", ""common_name"": ""Brown frog"", ""score"": 0.9775918126106262}, {""species"": ""Litoria latopalmata"", ""common_name"": ""Broad-palmed rocket frog"", ""score"": 0.004762471187859774}, {""species"": ""Leptodactylus paranaru"", ""common_name"": """", ""score"": 0.0013769152574241161}, {""species"": ""Litoria olongburensis"", ""common_name"": ""Olongburra frog"", ""score"": 0.001322147436439991}, {""species"": ""Litoria freycineti"", ""common_name"": ""Wallum Rocketfrog"", ""score"": 0.0011436821660026908}]"
obs_340433312_photo_619519266_box1.jpg,/rs1/researchers/a/amallav/results/outputs_crop/obs_340433312_photo_619519266_box1.jpg,obs_340433312_photo_619519266,#N/A,1,1,Leptodactylus paranaru,Limnodynastes peronii,FALSE,,,Animalia,Animalia,Chordata,Chordata,Amphibia,Amphibia,Anura,Anura,Leptodactylidae,Limnodynastidae,Leptodactylus,Limnodynastes,0.001376915,3,"[{""species"": ""Limnodynastes peronii"", ""common_name"": ""Brown frog"", ""score"": 0.9775918126106262}, {""species"": ""Litoria latopalmata"", ""common_name"": ""Broad-palmed rocket frog"", ""score"": 0.004762471187859774}, {""species"": ""Leptodactylus paranaru"", ""common_name"": """", ""score"": 0.0013769152574241161}, {""species"": ""Litoria olongburensis"", ""common_name"": ""Olongburra frog"", ""score"": 0.001322147436439991}, {""species"": ""Litoria freycineti"", ""common_name"": ""Wallum Rocketfrog"", ""score"": 0.0011436821660026908}]"
obs_340433312_photo_619519266_box1.jpg,/rs1/researchers/a/amallav/results/outputs_crop/obs_340433312_photo_619519266_box1.jpg,obs_340433312_photo_619519266,#N/A,1,1,Litoria olongburensis,Limnodynastes peronii,FALSE,,Olongburra frog,Animalia,Animalia,Chordata,Chordata,Amphibia,Amphibia,Anura,Anura,Pelodryadidae,Limnodynastidae,Litoria,Limnodynastes,0.001322147,4,"[{""species"": ""Limnodynastes peronii"", ""common_name"": ""Brown frog"", ""score"": 0.9775918126106262}, {""species"": ""Litoria latopalmata"", ""common_name"": ""Broad-palmed rocket frog"", ""score"": 0.004762471187859774}, {""species"": ""Leptodactylus paranaru"", ""common_name"": """", ""score"": 0.0013769152574241161}, {""species"": ""Litoria olongburensis"", ""common_name"": ""Olongburra frog"", ""score"": 0.001322147436439991}, {""species"": ""Litoria freycineti"", ""common_name"": ""Wallum Rocketfrog"", ""score"": 0.0011436821660026908}]"
obs_340433312_photo_619519266_box1.jpg,/rs1/researchers/a/amallav/results/outputs_crop/obs_340433312_photo_619519266_box1.jpg,obs_340433312_photo_619519266,#N/A,1,1,Litoria freycineti,Limnodynastes peronii,FALSE,,Wallum Rocketfrog,Animalia,Animalia,Chordata,Chordata,Amphibia,Amphibia,Anura,Anura,Pelodryadidae,Limnodynastidae,Litoria,Limnodynastes,0.001143682,5,"[{""species"": ""Limnodynastes peronii"", ""common_name"": ""Brown frog"", ""score"": 0.9775918126106262}, {""species"": ""Litoria latopalmata"", ""common_name"": ""Broad-palmed rocket frog"", ""score"": 0.004762471187859774}, {""species"": ""Leptodactylus paranaru"", ""common_name"": """", ""score"": 0.0013769152574241161}, {""species"": ""Litoria olongburensis"", ""common_name"": ""Olongburra frog"", ""score"": 0.001322147436439991}, {""species"": ""Litoria freycineti"", ""common_name"": ""Wallum Rocketfrog"", ""score"": 0.0011436821660026908}]"
obs_340433312_photo_619519266_box2.jpg,/rs1/researchers/a/amallav/results/outputs_crop/obs_340433312_photo_619519266_box2.jpg,obs_340433312_photo_619519266,#N/A,2,2,Limnodynastes peronii,Limnodynastes peronii,TRUE,,Brown frog,Animalia,Animalia,Chordata,Chordata,Amphibia,Amphibia,Anura,Anura,Limnodynastidae,Limnodynastidae,Limnodynastes,Limnodynastes,0.982296169,1,"[{""species"": ""Limnodynastes peronii"", ""common_name"": ""Brown frog"", ""score"": 0.9822961688041687}, {""species"": ""Litoria latopalmata"", ""common_name"": ""Broad-palmed rocket frog"", ""score"": 0.0018380896653980017}, {""species"": ""Leptodactylus paranaru"", ""common_name"": """", ""score"": 0.001806930173188448}, {""species"": ""Litoria olongburensis"", ""common_name"": ""Olongburra frog"", ""score"": 0.001244586892426014}, {""species"": ""Limnodynastes tasmaniensis"", ""common_name"": ""Spotted Grass Frog"", ""score"": 0.0010229182662442327}]"
obs_340433312_photo_619519266_box2.jpg,/rs1/researchers/a/amallav/results/outputs_crop/obs_340433312_photo_619519266_box2.jpg,obs_340433312_photo_619519266,#N/A,2,2,Litoria latopalmata,Limnodynastes peronii,FALSE,,Broad-palmed rocket frog,Animalia,Animalia,Chordata,Chordata,Amphibia,Amphibia,Anura,Anura,Pelodryadidae,Limnodynastidae,Litoria,Limnodynastes,0.00183809,2,"[{""species"": ""Limnodynastes peronii"", ""common_name"": ""Brown frog"", ""score"": 0.9822961688041687}, {""species"": ""Litoria latopalmata"", ""common_name"": ""Broad-palmed rocket frog"", ""score"": 0.0018380896653980017}, {""species"": ""Leptodactylus paranaru"", ""common_name"": """", ""score"": 0.001806930173188448}, {""species"": ""Litoria olongburensis"", ""common_name"": ""Olongburra frog"", ""score"": 0.001244586892426014}, {""species"": ""Limnodynastes tasmaniensis"", ""common_name"": ""Spotted Grass Frog"", ""score"": 0.0010229182662442327}]"
obs_340433312_photo_619519266_box2.jpg,/rs1/researchers/a/amallav/results/outputs_crop/obs_340433312_photo_619519266_box2.jpg,obs_340433312_photo_619519266,#N/A,2,2,Leptodactylus paranaru,Limnodynastes peronii,FALSE,,,Animalia,Animalia,Chordata,Chordata,Amphibia,Amphibia,Anura,Anura,Leptodactylidae,Limnodynastidae,Leptodactylus,Limnodynastes,0.00180693,3,"[{""species"": ""Limnodynastes peronii"", ""common_name"": ""Brown frog"", ""score"": 0.9822961688041687}, {""species"": ""Litoria latopalmata"", ""common_name"": ""Broad-palmed rocket frog"", ""score"": 0.0018380896653980017}, {""species"": ""Leptodactylus paranaru"", ""common_name"": """", ""score"": 0.001806930173188448}, {""species"": ""Litoria olongburensis"", ""common_name"": ""Olongburra frog"", ""score"": 0.001244586892426014}, {""species"": ""Limnodynastes tasmaniensis"", ""common_name"": ""Spotted Grass Frog"", ""score"": 0.0010229182662442327}]"
obs_340433312_photo_619519266_box2.jpg,/rs1/researchers/a/amallav/results/outputs_crop/obs_340433312_photo_619519266_box2.jpg,obs_340433312_photo_619519266,#N/A,2,2,Litoria olongburensis,Limnodynastes peronii,FALSE,,Olongburra frog,Animalia,Animalia,Chordata,Chordata,Amphibia,Amphibia,Anura,Anura,Pelodryadidae,Limnodynastidae,Litoria,Limnodynastes,0.001244587,4,"[{""species"": ""Limnodynastes peronii"", ""common_name"": ""Brown frog"", ""score"": 0.9822961688041687}, {""species"": ""Litoria latopalmata"", ""common_name"": ""Broad-palmed rocket frog"", ""score"": 0.0018380896653980017}, {""species"": ""Leptodactylus paranaru"", ""common_name"": """", ""score"": 0.001806930173188448}, {""species"": ""Litoria olongburensis"", ""common_name"": ""Olongburra frog"", ""score"": 0.001244586892426014}, {""species"": ""Limnodynastes tasmaniensis"", ""common_name"": ""Spotted Grass Frog"", ""score"": 0.0010229182662442327}]"
obs_340433312_photo_619519266_box2.jpg,/rs1/researchers/a/amallav/results/outputs_crop/obs_340433312_photo_619519266_box2.jpg,obs_340433312_photo_619519266,#N/A,2,2,Limnodynastes tasmaniensis,Limnodynastes peronii,FALSE,,Spotted Grass Frog,Animalia,Animalia,Chordata,Chordata,Amphibia,Amphibia,Anura,Anura,Limnodynastidae,Limnodynastidae,Limnodynastes,Limnodynastes,0.001022918,5,"[{""species"": ""Limnodynastes peronii"", ""common_name"": ""Brown frog"", ""score"": 0.9822961688041687}, {""species"": ""Litoria latopalmata"", ""common_name"": ""Broad-palmed rocket frog"", ""score"": 0.0018380896653980017}, {""species"": ""Leptodactylus paranaru"", ""common_name"": """", ""score"": 0.001806930173188448}, {""species"": ""Litoria olongburensis"", ""common_name"": ""Olongburra frog"", ""score"": 0.001244586892426014}, {""species"": ""Limnodynastes tasmaniensis"", ""common_name"": ""Spotted Grass Frog"", ""score"": 0.0010229182662442327}]"
obs_340433312_photo_619519266_box3.jpg,/rs1/researchers/a/amallav/results/outputs_crop/obs_340433312_photo_619519266_box3.jpg,obs_340433312_photo_619519266,#N/A,3,3,Limnodynastes peronii,Limnodynastes peronii,TRUE,,Brown frog,Animalia,Animalia,Chordata,Chordata,Amphibia,Amphibia,Anura,Anura,Limnodynastidae,Limnodynastidae,Limnodynastes,Limnodynastes,0.960687041,1,"[{""species"": ""Limnodynastes peronii"", ""common_name"": ""Brown frog"", ""score"": 0.9606870412826538}, {""species"": ""Litoria latopalmata"", ""common_name"": ""Broad-palmed rocket frog"", ""score"": 0.010275330394506454}, {""species"": ""Leptodactylus paranaru"", ""common_name"": """", ""score"": 0.004487316124141216}, {""species"": ""Litoria olongburensis"", ""common_name"": ""Olongburra frog"", ""score"": 0.0037819291464984417}, {""species"": ""Litoria freycineti"", ""common_name"": ""Wallum Rocketfrog"", ""score"": 0.0026486250571906567}]"
obs_340433312_photo_619519266_box3.jpg,/rs1/researchers/a/amallav/results/outputs_crop/obs_340433312_photo_619519266_box3.jpg,obs_340433312_photo_619519266,#N/A,3,3,Litoria latopalmata,Limnodynastes peronii,FALSE,,Broad-palmed rocket frog,Animalia,Animalia,Chordata,Chordata,Amphibia,Amphibia,Anura,Anura,Pelodryadidae,Limnodynastidae,Litoria,Limnodynastes,0.01027533,2,"[{""species"": ""Limnodynastes peronii"", ""common_name"": ""Brown frog"", ""score"": 0.9606870412826538}, {""species"": ""Litoria latopalmata"", ""common_name"": ""Broad-palmed rocket frog"", ""score"": 0.010275330394506454}, {""species"": ""Leptodactylus paranaru"", ""common_name"": """", ""score"": 0.004487316124141216}, {""species"": ""Litoria olongburensis"", ""common_name"": ""Olongburra frog"", ""score"": 0.0037819291464984417}, {""species"": ""Litoria freycineti"", ""common_name"": ""Wallum Rocketfrog"", ""score"": 0.0026486250571906567}]"
obs_340433312_photo_619519266_box3.jpg,/rs1/researchers/a/amallav/results/outputs_crop/obs_340433312_photo_619519266_box3.jpg,obs_340433312_photo_619519266,#N/A,3,3,Leptodactylus paranaru,Limnodynastes peronii,FALSE,,,Animalia,Animalia,Chordata,Chordata,Amphibia,Amphibia,Anura,Anura,Leptodactylidae,Limnodynastidae,Leptodactylus,Limnodynastes,0.004487316,3,"[{""species"": ""Limnodynastes peronii"", ""common_name"": ""Brown frog"", ""score"": 0.9606870412826538}, {""species"": ""Litoria latopalmata"", ""common_name"": ""Broad-palmed rocket frog"", ""score"": 0.010275330394506454}, {""species"": ""Leptodactylus paranaru"", ""common_name"": """", ""score"": 0.004487316124141216}, {""species"": ""Litoria olongburensis"", ""common_name"": ""Olongburra frog"", ""score"": 0.0037819291464984417}, {""species"": ""Litoria freycineti"", ""common_name"": ""Wallum Rocketfrog"", ""score"": 0.0026486250571906567}]"
obs_340433312_photo_619519266_box3.jpg,/rs1/researchers/a/amallav/results/outputs_crop/obs_340433312_photo_619519266_box3.jpg,obs_340433312_photo_619519266,#N/A,3,3,Litoria olongburensis,Limnodynastes peronii,FALSE,,Olongburra frog,Animalia,Animalia,Chordata,Chordata,Amphibia,Amphibia,Anura,Anura,Pelodryadidae,Limnodynastidae,Litoria,Limnodynastes,0.003781929,4,"[{""species"": ""Limnodynastes peronii"", ""common_name"": ""Brown frog"", ""score"": 0.9606870412826538}, {""species"": ""Litoria latopalmata"", ""common_name"": ""Broad-palmed rocket frog"", ""score"": 0.010275330394506454}, {""species"": ""Leptodactylus paranaru"", ""common_name"": """", ""score"": 0.004487316124141216}, {""species"": ""Litoria olongburensis"", ""common_name"": ""Olongburra frog"", ""score"": 0.0037819291464984417}, {""species"": ""Litoria freycineti"", ""common_name"": ""Wallum Rocketfrog"", ""score"": 0.0026486250571906567}]"
obs_340433312_photo_619519266_box3.jpg,/rs1/researchers/a/amallav/results/outputs_crop/obs_340433312_photo_619519266_box3.jpg,obs_340433312_photo_619519266,#N/A,3,3,Litoria freycineti,Limnodynastes peronii,FALSE,,Wallum Rocketfrog,Animalia,Animalia,Chordata,Chordata,Amphibia,Amphibia,Anura,Anura,Pelodryadidae,Limnodynastidae,Litoria,Limnodynastes,0.002648625,5,"[{""species"": ""Limnodynastes peronii"", ""common_name"": ""Brown frog"", ""score"": 0.9606870412826538}, {""species"": ""Litoria latopalmata"", ""common_name"": ""Broad-palmed rocket frog"", ""score"": 0.010275330394506454}, {""species"": ""Leptodactylus paranaru"", ""common_name"": """", ""score"": 0.004487316124141216}, {""species"": ""Litoria olongburensis"", ""common_name"": ""Olongburra frog"", ""score"": 0.0037819291464984417}, {""species"": ""Litoria freycineti"", ""common_name"": ""Wallum Rocketfrog"", ""score"": 0.0026486250571906567}]"
obs_340433312_photo_619519266_box4.jpg,/rs1/researchers/a/amallav/results/outputs_crop/obs_340433312_photo_619519266_box4.jpg,obs_340433312_photo_619519266,#N/A,4,4,Limnodynastes peronii,Limnodynastes peronii,TRUE,,Brown frog,Animalia,Animalia,Chordata,Chordata,Amphibia,Amphibia,Anura,Anura,Limnodynastidae,Limnodynastidae,Limnodynastes,Limnodynastes,0.935576916,1,"[{""species"": ""Limnodynastes peronii"", ""common_name"": ""Brown frog"", ""score"": 0.9355769157409668}, {""species"": ""Leptodactylus paranaru"", ""common_name"": """", ""score"": 0.015104319900274277}, {""species"": ""Leptodactylus insularum"", ""common_name"": ""San miguel island frog"", ""score"": 0.005916380789130926}, {""species"": ""Litoria latopalmata"", ""common_name"": ""Broad-palmed rocket frog"", ""score"": 0.003813991090282798}, {""species"": ""Leptodactylus latrans"", ""common_name"": """", ""score"": 0.0037416487466543913}]"
obs_340433312_photo_619519266_box4.jpg,/rs1/researchers/a/amallav/results/outputs_crop/obs_340433312_photo_619519266_box4.jpg,obs_340433312_photo_619519266,#N/A,4,4,Leptodactylus paranaru,Limnodynastes peronii,FALSE,,,Animalia,Animalia,Chordata,Chordata,Amphibia,Amphibia,Anura,Anura,Leptodactylidae,Limnodynastidae,Leptodactylus,Limnodynastes,0.01510432,2,"[{""species"": ""Limnodynastes peronii"", ""common_name"": ""Brown frog"", ""score"": 0.9355769157409668}, {""species"": ""Leptodactylus paranaru"", ""common_name"": """", ""score"": 0.015104319900274277}, {""species"": ""Leptodactylus insularum"", ""common_name"": ""San miguel island frog"", ""score"": 0.005916380789130926}, {""species"": ""Litoria latopalmata"", ""common_name"": ""Broad-palmed rocket frog"", ""score"": 0.003813991090282798}, {""species"": ""Leptodactylus latrans"", ""common_name"": """", ""score"": 0.0037416487466543913}]"
obs_340433312_photo_619519266_box4.jpg,/rs1/researchers/a/amallav/results/outputs_crop/obs_340433312_photo_619519266_box4.jpg,obs_340433312_photo_619519266,#N/A,4,4,Leptodactylus insularum,Limnodynastes peronii,FALSE,,San miguel island frog,Animalia,Animalia,Chordata,Chordata,Amphibia,Amphibia,Anura,Anura,Leptodactylidae,Limnodynastidae,Leptodactylus,Limnodynastes,0.005916381,3,"[{""species"": ""Limnodynastes peronii"", ""common_name"": ""Brown frog"", ""score"": 0.9355769157409668}, {""species"": ""Leptodactylus paranaru"", ""common_name"": """", ""score"": 0.015104319900274277}, {""species"": ""Leptodactylus insularum"", ""common_name"": ""San miguel island frog"", ""score"": 0.005916380789130926}, {""species"": ""Litoria latopalmata"", ""common_name"": ""Broad-palmed rocket frog"", ""score"": 0.003813991090282798}, {""species"": ""Leptodactylus latrans"", ""common_name"": """", ""score"": 0.0037416487466543913}]"
obs_340433312_photo_619519266_box4.jpg,/rs1/researchers/a/amallav/results/outputs_crop/obs_340433312_photo_619519266_box4.jpg,obs_340433312_photo_619519266,#N/A,4,4,Litoria latopalmata,Limnodynastes peronii,FALSE,,Broad-palmed rocket frog,Animalia,Animalia,Chordata,Chordata,Amphibia,Amphibia,Anura,Anura,Pelodryadidae,Limnodynastidae,Litoria,Limnodynastes,0.003813991,4,"[{""species"": ""Limnodynastes peronii"", ""common_name"": ""Brown frog"", ""score"": 0.9355769157409668}, {""species"": ""Leptodactylus paranaru"", ""common_name"": """", ""score"": 0.015104319900274277}, {""species"": ""Leptodactylus insularum"", ""common_name"": ""San miguel island frog"", ""score"": 0.005916380789130926}, {""species"": ""Litoria latopalmata"", ""common_name"": ""Broad-palmed rocket frog"", ""score"": 0.003813991090282798}, {""species"": ""Leptodactylus latrans"", ""common_name"": """", ""score"": 0.0037416487466543913}]"
obs_340433312_photo_619519266_box4.jpg,/rs1/researchers/a/amallav/results/outputs_crop/obs_340433312_photo_619519266_box4.jpg,obs_340433312_photo_619519266,#N/A,4,4,Leptodactylus latrans,Limnodynastes peronii,FALSE,,,Animalia,Animalia,Chordata,Chordata,Amphibia,Amphibia,Anura,Anura,Leptodactylidae,Limnodynastidae,Leptodactylus,Limnodynastes,0.003741649,5,"[{""species"": ""Limnodynastes peronii"", ""common_name"": ""Brown frog"", ""score"": 0.9355769157409668}, {""species"": ""Leptodactylus paranaru"", ""common_name"": """", ""score"": 0.015104319900274277}, {""species"": ""Leptodactylus insularum"", ""common_name"": ""San miguel island frog"", ""score"": 0.005916380789130926}, {""species"": ""Litoria latopalmata"", ""common_name"": ""Broad-palmed rocket frog"", ""score"": 0.003813991090282798}, {""species"": ""Leptodactylus latrans"", ""common_name"": """", ""score"": 0.0037416487466543913}]"
obs_340433312_photo_619519266_box5.jpg,/rs1/researchers/a/amallav/results/outputs_crop/obs_340433312_photo_619519266_box5.jpg,obs_340433312_photo_619519266,#N/A,5,5,Limnodynastes peronii,Limnodynastes peronii,TRUE,,Brown frog,Animalia,Animalia,Chordata,Chordata,Amphibia,Amphibia,Anura,Anura,Limnodynastidae,Limnodynastidae,Limnodynastes,Limnodynastes,0.935183048,1,"[{""species"": ""Limnodynastes peronii"", ""common_name"": ""Brown frog"", ""score"": 0.935183048248291}, {""species"": ""Litoria latopalmata"", ""common_name"": ""Broad-palmed rocket frog"", ""score"": 0.02396649681031704}, {""species"": ""Limnodynastes dorsalis"", ""common_name"": ""Banjo frog"", ""score"": 0.004350925330072641}, {""species"": ""Litoria freycineti"", ""common_name"": ""Wallum Rocketfrog"", ""score"": 0.0026265366468578577}, {""species"": ""Ptychadena bunoderma"", ""common_name"": ""Rough ridged frog"", ""score"": 0.002586131449788809}]"
obs_340433312_photo_619519266_box5.jpg,/rs1/researchers/a/amallav/results/outputs_crop/obs_340433312_photo_619519266_box5.jpg,obs_340433312_photo_619519266,#N/A,5,5,Litoria latopalmata,Limnodynastes peronii,FALSE,,Broad-palmed rocket frog,Animalia,Animalia,Chordata,Chordata,Amphibia,Amphibia,Anura,Anura,Pelodryadidae,Limnodynastidae,Litoria,Limnodynastes,0.023966497,2,"[{""species"": ""Limnodynastes peronii"", ""common_name"": ""Brown frog"", ""score"": 0.935183048248291}, {""species"": ""Litoria latopalmata"", ""common_name"": ""Broad-palmed rocket frog"", ""score"": 0.02396649681031704}, {""species"": ""Limnodynastes dorsalis"", ""common_name"": ""Banjo frog"", ""score"": 0.004350925330072641}, {""species"": ""Litoria freycineti"", ""common_name"": ""Wallum Rocketfrog"", ""score"": 0.0026265366468578577}, {""species"": ""Ptychadena bunoderma"", ""common_name"": ""Rough ridged frog"", ""score"": 0.002586131449788809}]"
obs_340433312_photo_619519266_box5.jpg,/rs1/researchers/a/amallav/results/outputs_crop/obs_340433312_photo_619519266_box5.jpg,obs_340433312_photo_619519266,#N/A,5,5,Limnodynastes dorsalis,Limnodynastes peronii,FALSE,,Banjo frog,Animalia,Animalia,Chordata,Chordata,Amphibia,Amphibia,Anura,Anura,Limnodynastidae,Limnodynastidae,Limnodynastes,Limnodynastes,0.004350925,3,"[{""species"": ""Limnodynastes peronii"", ""common_name"": ""Brown frog"", ""score"": 0.935183048248291}, {""species"": ""Litoria latopalmata"", ""common_name"": ""Broad-palmed rocket frog"", ""score"": 0.02396649681031704}, {""species"": ""Limnodynastes dorsalis"", ""common_name"": ""Banjo frog"", ""score"": 0.004350925330072641}, {""species"": ""Litoria freycineti"", ""common_name"": ""Wallum Rocketfrog"", ""score"": 0.0026265366468578577}, {""species"": ""Ptychadena bunoderma"", ""common_name"": ""Rough ridged frog"", ""score"": 0.002586131449788809}]"
obs_340433312_photo_619519266_box5.jpg,/rs1/researchers/a/amallav/results/outputs_crop/obs_340433312_photo_619519266_box5.jpg,obs_340433312_photo_619519266,#N/A,5,5,Litoria freycineti,Limnodynastes peronii,FALSE,,Wallum Rocketfrog,Animalia,Animalia,Chordata,Chordata,Amphibia,Amphibia,Anura,Anura,Pelodryadidae,Limnodynastidae,Litoria,Limnodynastes,0.002626537,4,"[{""species"": ""Limnodynastes peronii"", ""common_name"": ""Brown frog"", ""score"": 0.935183048248291}, {""species"": ""Litoria latopalmata"", ""common_name"": ""Broad-palmed rocket frog"", ""score"": 0.02396649681031704}, {""species"": ""Limnodynastes dorsalis"", ""common_name"": ""Banjo frog"", ""score"": 0.004350925330072641}, {""species"": ""Litoria freycineti"", ""common_name"": ""Wallum Rocketfrog"", ""score"": 0.0026265366468578577}, {""species"": ""Ptychadena bunoderma"", ""common_name"": ""Rough ridged frog"", ""score"": 0.002586131449788809}]"
obs_340433312_photo_619519266_box5.jpg,/rs1/researchers/a/amallav/results/outputs_crop/obs_340433312_photo_619519266_box5.jpg,obs_340433312_photo_619519266,#N/A,5,5,Ptychadena bunoderma,Limnodynastes peronii,FALSE,,Rough ridged frog,Animalia,Animalia,Chordata,Chordata,Amphibia,Amphibia,Anura,Anura,Ptychadenidae,Limnodynastidae,Ptychadena,Limnodynastes,0.002586131,5,"[{""species"": ""Limnodynastes peronii"", ""common_name"": ""Brown frog"", ""score"": 0.935183048248291}, {""species"": ""Litoria latopalmata"", ""common_name"": ""Broad-palmed rocket frog"", ""score"": 0.02396649681031704}, {""species"": ""Limnodynastes dorsalis"", ""common_name"": ""Banjo frog"", ""score"": 0.004350925330072641}, {""species"": ""Litoria freycineti"", ""common_name"": ""Wallum Rocketfrog"", ""score"": 0.0026265366468578577}, {""species"": ""Ptychadena bunoderma"", ""common_name"": ""Rough ridged frog"", ""score"": 0.002586131449788809}]"
obs_340514309_photo_619678757_box1.jpg,/rs1/researchers/a/amallav/results/outputs_crop/obs_340514309_photo_619678757_box1.jpg,obs_340514309_photo_619678757,#N/A,1,1,Buteo jamaicensis,Buteo jamaicensis,TRUE,,Red-tailed Hawk,Animalia,Animalia,Chordata,Chordata,Aves,Aves,Accipitriformes,Accipitriformes,Accipitridae,Accipitridae,Buteo,Buteo,0.948296189,1,"[{""species"": ""Buteo jamaicensis"", ""common_name"": ""Red-tailed Hawk"", ""score"": 0.9482961893081665}, {""species"": ""Buteo ventralis"", ""common_name"": ""Rufous-tailed Hawk"", ""score"": 0.006939358077943325}, {""species"": ""Buteo platypterus"", ""common_name"": ""Broad-winged hawk"", ""score"": 0.004847188480198383}, {""species"": ""Buteo regalis"", ""common_name"": ""Ferruginous Hawk"", ""score"": 0.0035582580603659153}, {""species"": ""Buteo lineatus"", ""common_name"": ""Red-shouldered hawk"", ""score"": 0.0016462188214063644}]"
obs_340514309_photo_619678757_box1.jpg,/rs1/researchers/a/amallav/results/outputs_crop/obs_340514309_photo_619678757_box1.jpg,obs_340514309_photo_619678757,#N/A,1,1,Buteo ventralis,Buteo jamaicensis,FALSE,,Rufous-tailed Hawk,Animalia,Animalia,Chordata,Chordata,Aves,Aves,Accipitriformes,Accipitriformes,Accipitridae,Accipitridae,Buteo,Buteo,0.006939358,2,"[{""species"": ""Buteo jamaicensis"", ""common_name"": ""Red-tailed Hawk"", ""score"": 0.9482961893081665}, {""species"": ""Buteo ventralis"", ""common_name"": ""Rufous-tailed Hawk"", ""score"": 0.006939358077943325}, {""species"": ""Buteo platypterus"", ""common_name"": ""Broad-winged hawk"", ""score"": 0.004847188480198383}, {""species"": ""Buteo regalis"", ""common_name"": ""Ferruginous Hawk"", ""score"": 0.0035582580603659153}, {""species"": ""Buteo lineatus"", ""common_name"": ""Red-shouldered hawk"", ""score"": 0.0016462188214063644}]"
obs_340514309_photo_619678757_box1.jpg,/rs1/researchers/a/amallav/results/outputs_crop/obs_340514309_photo_619678757_box1.jpg,obs_340514309_photo_619678757,#N/A,1,1,Buteo platypterus,Buteo jamaicensis,FALSE,,Broad-winged hawk,Animalia,Animalia,Chordata,Chordata,Aves,Aves,Accipitriformes,Accipitriformes,Accipitridae,Accipitridae,Buteo,Buteo,0.004847188,3,"[{""species"": ""Buteo jamaicensis"", ""common_name"": ""Red-tailed Hawk"", ""score"": 0.9482961893081665}, {""species"": ""Buteo ventralis"", ""common_name"": ""Rufous-tailed Hawk"", ""score"": 0.006939358077943325}, {""species"": ""Buteo platypterus"", ""common_name"": ""Broad-winged hawk"", ""score"": 0.004847188480198383}, {""species"": ""Buteo regalis"", ""common_name"": ""Ferruginous Hawk"", ""score"": 0.0035582580603659153}, {""species"": ""Buteo lineatus"", ""common_name"": ""Red-shouldered hawk"", ""score"": 0.0016462188214063644}]"
obs_340514309_photo_619678757_box1.jpg,/rs1/researchers/a/amallav/results/outputs_crop/obs_340514309_photo_619678757_box1.jpg,obs_340514309_photo_619678757,#N/A,1,1,Buteo regalis,Buteo jamaicensis,FALSE,,Ferruginous Hawk,Animalia,Animalia,Chordata,Chordata,Aves,Aves,Accipitriformes,Accipitriformes,Accipitridae,Accipitridae,Buteo,Buteo,0.003558258,4,"[{""species"": ""Buteo jamaicensis"", ""common_name"": ""Red-tailed Hawk"", ""score"": 0.9482961893081665}, {""species"": ""Buteo ventralis"", ""common_name"": ""Rufous-tailed Hawk"", ""score"": 0.006939358077943325}, {""species"": ""Buteo platypterus"", ""common_name"": ""Broad-winged hawk"", ""score"": 0.004847188480198383}, {""species"": ""Buteo regalis"", ""common_name"": ""Ferruginous Hawk"", ""score"": 0.0035582580603659153}, {""species"": ""Buteo lineatus"", ""common_name"": ""Red-shouldered hawk"", ""score"": 0.0016462188214063644}]"
obs_340514309_photo_619678757_box1.jpg,/rs1/researchers/a/amallav/results/outputs_crop/obs_340514309_photo_619678757_box1.jpg,obs_340514309_photo_619678757,#N/A,1,1,Buteo lineatus,Buteo jamaicensis,FALSE,,Red-shouldered hawk,Animalia,Animalia,Chordata,Chordata,Aves,Aves,Accipitriformes,Accipitriformes,Accipitridae,Accipitridae,Buteo,Buteo,0.001646219,5,"[{""species"": ""Buteo jamaicensis"", ""common_name"": ""Red-tailed Hawk"", ""score"": 0.9482961893081665}, {""species"": ""Buteo ventralis"", ""common_name"": ""Rufous-tailed Hawk"", ""score"": 0.006939358077943325}, {""species"": ""Buteo platypterus"", ""common_name"": ""Broad-winged hawk"", ""score"": 0.004847188480198383}, {""species"": ""Buteo regalis"", ""common_name"": ""Ferruginous Hawk"", ""score"": 0.0035582580603659153}, {""species"": ""Buteo lineatus"", ""common_name"": ""Red-shouldered hawk"", ""score"": 0.0016462188214063644}]"
obs_340514309_photo_619678757_box2.jpg,/rs1/researchers/a/amallav/results/outputs_crop/obs_340514309_photo_619678757_box2.jpg,obs_340514309_photo_619678757,#N/A,2,2,Buteo jamaicensis,Buteo jamaicensis,TRUE,,Red-tailed Hawk,Animalia,Animalia,Chordata,Chordata,Aves,Aves,Accipitriformes,Accipitriformes,Accipitridae,Accipitridae,Buteo,Buteo,0.942254245,1,"[{""species"": ""Buteo jamaicensis"", ""common_name"": ""Red-tailed Hawk"", ""score"": 0.9422542452812195}, {""species"": ""Buteo platypterus"", ""common_name"": ""Broad-winged hawk"", ""score"": 0.0063661267049610615}, {""species"": ""Buteo ventralis"", ""common_name"": ""Rufous-tailed Hawk"", ""score"": 0.0060392036102712154}, {""species"": ""Buteo regalis"", ""common_name"": ""Ferruginous Hawk"", ""score"": 0.0024792596232146025}, {""species"": ""Buteo lineatus"", ""common_name"": ""Red-shouldered hawk"", ""score"": 0.0017595611279830337}]"
obs_340514309_photo_619678757_box2.jpg,/rs1/researchers/a/amallav/results/outputs_crop/obs_340514309_photo_619678757_box2.jpg,obs_340514309_photo_619678757,#N/A,2,2,Buteo platypterus,Buteo jamaicensis,FALSE,,Broad-winged hawk,Animalia,Animalia,Chordata,Chordata,Aves,Aves,Accipitriformes,Accipitriformes,Accipitridae,Accipitridae,Buteo,Buteo,0.006366127,2,"[{""species"": ""Buteo jamaicensis"", ""common_name"": ""Red-tailed Hawk"", ""score"": 0.9422542452812195}, {""species"": ""Buteo platypterus"", ""common_name"": ""Broad-winged hawk"", ""score"": 0.0063661267049610615}, {""species"": ""Buteo ventralis"", ""common_name"": ""Rufous-tailed Hawk"", ""score"": 0.0060392036102712154}, {""species"": ""Buteo regalis"", ""common_name"": ""Ferruginous Hawk"", ""score"": 0.0024792596232146025}, {""species"": ""Buteo lineatus"", ""common_name"": ""Red-shouldered hawk"", ""score"": 0.0017595611279830337}]"
obs_340514309_photo_619678757_box2.jpg,/rs1/researchers/a/amallav/results/outputs_crop/obs_340514309_photo_619678757_box2.jpg,obs_340514309_photo_619678757,#N/A,2,2,Buteo ventralis,Buteo jamaicensis,FALSE,,Rufous-tailed Hawk,Animalia,Animalia,Chordata,Chordata,Aves,Aves,Accipitriformes,Accipitriformes,Accipitridae,Accipitridae,Buteo,Buteo,0.006039204,3,"[{""species"": ""Buteo jamaicensis"", ""common_name"": ""Red-tailed Hawk"", ""score"": 0.9422542452812195}, {""species"": ""Buteo platypterus"", ""common_name"": ""Broad-winged hawk"", ""score"": 0.0063661267049610615}, {""species"": ""Buteo ventralis"", ""common_name"": ""Rufous-tailed Hawk"", ""score"": 0.0060392036102712154}, {""species"": ""Buteo regalis"", ""common_name"": ""Ferruginous Hawk"", ""score"": 0.0024792596232146025}, {""species"": ""Buteo lineatus"", ""common_name"": ""Red-shouldered hawk"", ""score"": 0.0017595611279830337}]"
obs_340514309_photo_619678757_box2.jpg,/rs1/researchers/a/amallav/results/outputs_crop/obs_340514309_photo_619678757_box2.jpg,obs_340514309_photo_619678757,#N/A,2,2,Buteo regalis,Buteo jamaicensis,FALSE,,Ferruginous Hawk,Animalia,Animalia,Chordata,Chordata,Aves,Aves,Accipitriformes,Accipitriformes,Accipitridae,Accipitridae,Buteo,Buteo,0.00247926,4,"[{""species"": ""Buteo jamaicensis"", ""common_name"": ""Red-tailed Hawk"", ""score"": 0.9422542452812195}, {""species"": ""Buteo platypterus"", ""common_name"": ""Broad-winged hawk"", ""score"": 0.0063661267049610615}, {""species"": ""Buteo ventralis"", ""common_name"": ""Rufous-tailed Hawk"", ""score"": 0.0060392036102712154}, {""species"": ""Buteo regalis"", ""common_name"": ""Ferruginous Hawk"", ""score"": 0.0024792596232146025}, {""species"": ""Buteo lineatus"", ""common_name"": ""Red-shouldered hawk"", ""score"": 0.0017595611279830337}]"
obs_340514309_photo_619678757_box2.jpg,/rs1/researchers/a/amallav/results/outputs_crop/obs_340514309_photo_619678757_box2.jpg,obs_340514309_photo_619678757,#N/A,2,2,Buteo lineatus,Buteo jamaicensis,FALSE,,Red-shouldered hawk,Animalia,Animalia,Chordata,Chordata,Aves,Aves,Accipitriformes,Accipitriformes,Accipitridae,Accipitridae,Buteo,Buteo,0.001759561,5,"[{""species"": ""Buteo jamaicensis"", ""common_name"": ""Red-tailed Hawk"", ""score"": 0.9422542452812195}, {""species"": ""Buteo platypterus"", ""common_name"": ""Broad-winged hawk"", ""score"": 0.0063661267049610615}, {""species"": ""Buteo ventralis"", ""common_name"": ""Rufous-tailed Hawk"", ""score"": 0.0060392036102712154}, {""species"": ""Buteo regalis"", ""common_name"": ""Ferruginous Hawk"", ""score"": 0.0024792596232146025}, {""species"": ""Buteo lineatus"", ""common_name"": ""Red-shouldered hawk"", ""score"": 0.0017595611279830337}]"
obs_340514310_photo_619679014_box1.jpg,/rs1/researchers/a/amallav/results/outputs_crop/obs_340514310_photo_619679014_box1.jpg,obs_340514310_photo_619679014,#N/A,1,1,Buteo jamaicensis,Sciurus carolinensis,FALSE,,Red-tailed Hawk,Animalia,Animalia,Chordata,Chordata,Aves,Mammalia,Accipitriformes,Rodentia,Accipitridae,Sciuridae,Buteo,Sciurus,0.15388447,1,"[{""species"": ""Buteo jamaicensis"", ""common_name"": ""Red-tailed Hawk"", ""score"": 0.15388447046279907}, {""species"": ""Neotoma magister"", ""common_name"": ""Allegheny woodrat"", ""score"": 0.07248330861330032}, {""species"": ""Buteo lineatus"", ""common_name"": ""Red-shouldered hawk"", ""score"": 0.05541441962122917}, {""species"": ""Accipiter cooperii"", ""common_name"": ""Cooper's Hawk"", ""score"": 0.053792744874954224}, {""species"": ""Buteo trizonatus"", ""common_name"": ""Forest Buzzard"", ""score"": 0.04987594857811928}]"
obs_340514310_photo_619679014_box1.jpg,/rs1/researchers/a/amallav/results/outputs_crop/obs_340514310_photo_619679014_box1.jpg,obs_340514310_photo_619679014,#N/A,1,1,Neotoma magister,Sciurus carolinensis,FALSE,,Allegheny woodrat,Animalia,Animalia,Chordata,Chordata,Mammalia,Mammalia,Rodentia,Rodentia,Cricetidae,Sciuridae,Neotoma,Sciurus,0.072483309,2,"[{""species"": ""Buteo jamaicensis"", ""common_name"": ""Red-tailed Hawk"", ""score"": 0.15388447046279907}, {""species"": ""Neotoma magister"", ""common_name"": ""Allegheny woodrat"", ""score"": 0.07248330861330032}, {""species"": ""Buteo lineatus"", ""common_name"": ""Red-shouldered hawk"", ""score"": 0.05541441962122917}, {""species"": ""Accipiter cooperii"", ""common_name"": ""Cooper's Hawk"", ""score"": 0.053792744874954224}, {""species"": ""Buteo trizonatus"", ""common_name"": ""Forest Buzzard"", ""score"": 0.04987594857811928}]"
obs_340514310_photo_619679014_box1.jpg,/rs1/researchers/a/amallav/results/outputs_crop/obs_340514310_photo_619679014_box1.jpg,obs_340514310_photo_619679014,#N/A,1,1,Buteo lineatus,Sciurus carolinensis,FALSE,,Red-shouldered hawk,Animalia,Animalia,Chordata,Chordata,Aves,Mammalia,Accipitriformes,Rodentia,Accipitridae,Sciuridae,Buteo,Sciurus,0.05541442,3,"[{""species"": ""Buteo jamaicensis"", ""common_name"": ""Red-tailed Hawk"", ""score"": 0.15388447046279907}, {""species"": ""Neotoma magister"", ""common_name"": ""Allegheny woodrat"", ""score"": 0.07248330861330032}, {""species"": ""Buteo lineatus"", ""common_name"": ""Red-shouldered hawk"", ""score"": 0.05541441962122917}, {""species"": ""Accipiter cooperii"", ""common_name"": ""Cooper's Hawk"", ""score"": 0.053792744874954224}, {""species"": ""Buteo trizonatus"", ""common_name"": ""Forest Buzzard"", ""score"": 0.04987594857811928}]"
obs_340514310_photo_619679014_box1.jpg,/rs1/researchers/a/amallav/results/outputs_crop/obs_340514310_photo_619679014_box1.jpg,obs_340514310_photo_619679014,#N/A,1,1,Accipiter cooperii,Sciurus carolinensis,FALSE,,Cooper's Hawk,Animalia,Animalia,Chordata,Chordata,Aves,Mammalia,Accipitriformes,Rodentia,Accipitridae,Sciuridae,Accipiter,Sciurus,0.053792745,4,"[{""species"": ""Buteo jamaicensis"", ""common_name"": ""Red-tailed Hawk"", ""score"": 0.15388447046279907}, {""species"": ""Neotoma magister"", ""common_name"": ""Allegheny woodrat"", ""score"": 0.07248330861330032}, {""species"": ""Buteo lineatus"", ""common_name"": ""Red-shouldered hawk"", ""score"": 0.05541441962122917}, {""species"": ""Accipiter cooperii"", ""common_name"": ""Cooper's Hawk"", ""score"": 0.053792744874954224}, {""species"": ""Buteo trizonatus"", ""common_name"": ""Forest Buzzard"", ""score"": 0.04987594857811928}]"
obs_340514310_photo_619679014_box1.jpg,/rs1/researchers/a/amallav/results/outputs_crop/obs_340514310_photo_619679014_box1.jpg,obs_340514310_photo_619679014,#N/A,1,1,Buteo trizonatus,Sciurus carolinensis,FALSE,,Forest Buzzard,Animalia,Animalia,Chordata,Chordata,Aves,Mammalia,Accipitriformes,Rodentia,Accipitridae,Sciuridae,Buteo,Sciurus,0.049875949,5,"[{""species"": ""Buteo jamaicensis"", ""common_name"": ""Red-tailed Hawk"", ""score"": 0.15388447046279907}, {""species"": ""Neotoma magister"", ""common_name"": ""Allegheny woodrat"", ""score"": 0.07248330861330032}, {""species"": ""Buteo lineatus"", ""common_name"": ""Red-shouldered hawk"", ""score"": 0.05541441962122917}, {""species"": ""Accipiter cooperii"", ""common_name"": ""Cooper's Hawk"", ""score"": 0.053792744874954224}, {""species"": ""Buteo trizonatus"", ""common_name"": ""Forest Buzzard"", ""score"": 0.04987594857811928}]"
obs_340514310_photo_619679014_box2.jpg,/rs1/researchers/a/amallav/results/outputs_crop/obs_340514310_photo_619679014_box2.jpg,obs_340514310_photo_619679014,#N/A,2,2,Neotoma magister,Sciurus carolinensis,FALSE,,Allegheny woodrat,Animalia,Animalia,Chordata,Chordata,Mammalia,Mammalia,Rodentia,Rodentia,Cricetidae,Sciuridae,Neotoma,Sciurus,0.114420108,1,"[{""species"": ""Neotoma magister"", ""common_name"": ""Allegheny woodrat"", ""score"": 0.11442010849714279}, {""species"": ""Neotoma floridana"", ""common_name"": ""Eastern woodrat"", ""score"": 0.09626909345388412}, {""species"": ""Sciurus carolinensis"", ""common_name"": ""Eastern gray squirrel"", ""score"": 0.05763949453830719}, {""species"": ""Mycoplasma hominis"", ""common_name"": """", ""score"": 0.011679657734930515}, {""species"": ""Mycoplasma gallisepticum"", ""common_name"": """", ""score"": 0.006762916687875986}]"
obs_340514310_photo_619679014_box2.jpg,/rs1/researchers/a/amallav/results/outputs_crop/obs_340514310_photo_619679014_box2.jpg,obs_340514310_photo_619679014,#N/A,2,2,Neotoma floridana,Sciurus carolinensis,FALSE,,Eastern woodrat,Animalia,Animalia,Chordata,Chordata,Mammalia,Mammalia,Rodentia,Rodentia,Cricetidae,Sciuridae,Neotoma,Sciurus,0.096269093,2,"[{""species"": ""Neotoma magister"", ""common_name"": ""Allegheny woodrat"", ""score"": 0.11442010849714279}, {""species"": ""Neotoma floridana"", ""common_name"": ""Eastern woodrat"", ""score"": 0.09626909345388412}, {""species"": ""Sciurus carolinensis"", ""common_name"": ""Eastern gray squirrel"", ""score"": 0.05763949453830719}, {""species"": ""Mycoplasma hominis"", ""common_name"": """", ""score"": 0.011679657734930515}, {""species"": ""Mycoplasma gallisepticum"", ""common_name"": """", ""score"": 0.006762916687875986}]"
obs_340514310_photo_619679014_box2.jpg,/rs1/researchers/a/amallav/results/outputs_crop/obs_340514310_photo_619679014_box2.jpg,obs_340514310_photo_619679014,#N/A,2,2,Sciurus carolinensis,Sciurus carolinensis,TRUE,,Eastern gray squirrel,Animalia,Animalia,Chordata,Chordata,Mammalia,Mammalia,Rodentia,Rodentia,Sciuridae,Sciuridae,Sciurus,Sciurus,0.057639495,3,"[{""species"": ""Neotoma magister"", ""common_name"": ""Allegheny woodrat"", ""score"": 0.11442010849714279}, {""species"": ""Neotoma floridana"", ""common_name"": ""Eastern woodrat"", ""score"": 0.09626909345388412}, {""species"": ""Sciurus carolinensis"", ""common_name"": ""Eastern gray squirrel"", ""score"": 0.05763949453830719}, {""species"": ""Mycoplasma hominis"", ""common_name"": """", ""score"": 0.011679657734930515}, {""species"": ""Mycoplasma gallisepticum"", ""common_name"": """", ""score"": 0.006762916687875986}]"
obs_340514310_photo_619679014_box2.jpg,/rs1/researchers/a/amallav/results/outputs_crop/obs_340514310_photo_619679014_box2.jpg,obs_340514310_photo_619679014,#N/A,2,2,Mycoplasma hominis,Sciurus carolinensis,FALSE,,,Bacteria,Animalia,Firmicutes,Chordata,Bacilli,Mammalia,Mycoplasmatales,Rodentia,Mycoplasmataceae,Sciuridae,Mycoplasma,Sciurus,0.011679658,4,"[{""species"": ""Neotoma magister"", ""common_name"": ""Allegheny woodrat"", ""score"": 0.11442010849714279}, {""species"": ""Neotoma floridana"", ""common_name"": ""Eastern woodrat"", ""score"": 0.09626909345388412}, {""species"": ""Sciurus carolinensis"", ""common_name"": ""Eastern gray squirrel"", ""score"": 0.05763949453830719}, {""species"": ""Mycoplasma hominis"", ""common_name"": """", ""score"": 0.011679657734930515}, {""species"": ""Mycoplasma gallisepticum"", ""common_name"": """", ""score"": 0.006762916687875986}]"
obs_340514310_photo_619679014_box2.jpg,/rs1/researchers/a/amallav/results/outputs_crop/obs_340514310_photo_619679014_box2.jpg,obs_340514310_photo_619679014,#N/A,2,2,Mycoplasma gallisepticum,Sciurus carolinensis,FALSE,,,Bacteria,Animalia,Firmicutes,Chordata,Bacilli,Mammalia,Mycoplasmatales,Rodentia,Mycoplasmataceae,Sciuridae,Mycoplasma,Sciurus,0.006762917,5,"[{""species"": ""Neotoma magister"", ""common_name"": ""Allegheny woodrat"", ""score"": 0.11442010849714279}, {""species"": ""Neotoma floridana"", ""common_name"": ""Eastern woodrat"", ""score"": 0.09626909345388412}, {""species"": ""Sciurus carolinensis"", ""common_name"": ""Eastern gray squirrel"", ""score"": 0.05763949453830719}, {""species"": ""Mycoplasma hominis"", ""common_name"": """", ""score"": 0.011679657734930515}, {""species"": ""Mycoplasma gallisepticum"", ""common_name"": """", ""score"": 0.006762916687875986}]"
obs_340542613_photo_619737737_box1.jpg,/rs1/researchers/a/amallav/results/outputs_crop/obs_340542613_photo_619737737_box1.jpg,obs_340542613_photo_619737737,obs_340542613_photo_619737737,1,1,Accipiter cooperii,Astur cooperii,TRUE,SAME SPECIES DIFF NAME,Cooper's Hawk,Animalia,Animalia,Chordata,Chordata,Aves,Aves,Accipitriformes,Accipitriformes,Accipitridae,Accipitridae,Accipiter,Astur,0.981614769,1,"[{""species"": ""Accipiter cooperii"", ""common_name"": ""Cooper's Hawk"", ""score"": 0.9816147685050964}, {""species"": ""Accipiter striatus"", ""common_name"": ""Sharp-shinned hawk"", ""score"": 0.003225112333893776}, {""species"": ""Accipiter gentilis"", ""common_name"": ""Northern Goshawk"", ""score"": 0.001762301311828196}, {""species"": ""Accipiter chilensis"", ""common_name"": ""Chilean hawk"", ""score"": 0.001566000864841044}, {""species"": ""Buteo platypterus"", ""common_name"": ""Broad-winged hawk"", ""score"": 0.000997836235910654}]"
obs_340542613_photo_619737737_box1.jpg,/rs1/researchers/a/amallav/results/outputs_crop/obs_340542613_photo_619737737_box1.jpg,obs_340542613_photo_619737737,obs_340542613_photo_619737737,1,1,Accipiter striatus,Astur cooperii,TRUE,SAME SPECIES DIFF NAME,Sharp-shinned hawk,Animalia,Animalia,Chordata,Chordata,Aves,Aves,Accipitriformes,Accipitriformes,Accipitridae,Accipitridae,Accipiter,Astur,0.003225112,2,"[{""species"": ""Accipiter cooperii"", ""common_name"": ""Cooper's Hawk"", ""score"": 0.9816147685050964}, {""species"": ""Accipiter striatus"", ""common_name"": ""Sharp-shinned hawk"", ""score"": 0.003225112333893776}, {""species"": ""Accipiter gentilis"", ""common_name"": ""Northern Goshawk"", ""score"": 0.001762301311828196}, {""species"": ""Accipiter chilensis"", ""common_name"": ""Chilean hawk"", ""score"": 0.001566000864841044}, {""species"": ""Buteo platypterus"", ""common_name"": ""Broad-winged hawk"", ""score"": 0.000997836235910654}]"
obs_340542613_photo_619737737_box1.jpg,/rs1/researchers/a/amallav/results/outputs_crop/obs_340542613_photo_619737737_box1.jpg,obs_340542613_photo_619737737,obs_340542613_photo_619737737,1,1,Accipiter gentilis,Astur cooperii,TRUE,SAME SPECIES DIFF NAME,Northern Goshawk,Animalia,Animalia,Chordata,Chordata,Aves,Aves,Accipitriformes,Accipitriformes,Accipitridae,Accipitridae,Accipiter,Astur,0.001762301,3,"[{""species"": ""Accipiter cooperii"", ""common_name"": ""Cooper's Hawk"", ""score"": 0.9816147685050964}, {""species"": ""Accipiter striatus"", ""common_name"": ""Sharp-shinned hawk"", ""score"": 0.003225112333893776}, {""species"": ""Accipiter gentilis"", ""common_name"": ""Northern Goshawk"", ""score"": 0.001762301311828196}, {""species"": ""Accipiter chilensis"", ""common_name"": ""Chilean hawk"", ""score"": 0.001566000864841044}, {""species"": ""Buteo platypterus"", ""common_name"": ""Broad-winged hawk"", ""score"": 0.000997836235910654}]"
obs_340542613_photo_619737737_box1.jpg,/rs1/researchers/a/amallav/results/outputs_crop/obs_340542613_photo_619737737_box1.jpg,obs_340542613_photo_619737737,obs_340542613_photo_619737737,1,1,Accipiter chilensis,Astur cooperii,TRUE,SAME SPECIES DIFF NAME,Chilean hawk,Animalia,Animalia,Chordata,Chordata,Aves,Aves,Accipitriformes,Accipitriformes,Accipitridae,Accipitridae,Accipiter,Astur,0.001566001,4,"[{""species"": ""Accipiter cooperii"", ""common_name"": ""Cooper's Hawk"", ""score"": 0.9816147685050964}, {""species"": ""Accipiter striatus"", ""common_name"": ""Sharp-shinned hawk"", ""score"": 0.003225112333893776}, {""species"": ""Accipiter gentilis"", ""common_name"": ""Northern Goshawk"", ""score"": 0.001762301311828196}, {""species"": ""Accipiter chilensis"", ""common_name"": ""Chilean hawk"", ""score"": 0.001566000864841044}, {""species"": ""Buteo platypterus"", ""common_name"": ""Broad-winged hawk"", ""score"": 0.000997836235910654}]"
obs_340542613_photo_619737737_box1.jpg,/rs1/researchers/a/amallav/results/outputs_crop/obs_340542613_photo_619737737_box1.jpg,obs_340542613_photo_619737737,obs_340542613_photo_619737737,1,1,Buteo platypterus,Astur cooperii,TRUE,SAME SPECIES DIFF NAME,Broad-winged hawk,Animalia,Animalia,Chordata,Chordata,Aves,Aves,Accipitriformes,Accipitriformes,Accipitridae,Accipitridae,Buteo,Astur,0.000997836,5,"[{""species"": ""Accipiter cooperii"", ""common_name"": ""Cooper's Hawk"", ""score"": 0.9816147685050964}, {""species"": ""Accipiter striatus"", ""common_name"": ""Sharp-shinned hawk"", ""score"": 0.003225112333893776}, {""species"": ""Accipiter gentilis"", ""common_name"": ""Northern Goshawk"", ""score"": 0.001762301311828196}, {""species"": ""Accipiter chilensis"", ""common_name"": ""Chilean hawk"", ""score"": 0.001566000864841044}, {""species"": ""Buteo platypterus"", ""common_name"": ""Broad-winged hawk"", ""score"": 0.000997836235910654}]"
obs_340542613_photo_619737737_box2.jpg,/rs1/researchers/a/amallav/results/outputs_crop/obs_340542613_photo_619737737_box2.jpg,obs_340542613_photo_619737737,obs_340542613_photo_619737737,2,2,Accipiter cooperii,Astur cooperii,TRUE,SAME SPECIES DIFF NAME,Cooper's Hawk,Animalia,Animalia,Chordata,Chordata,Aves,Aves,Accipitriformes,Accipitriformes,Accipitridae,Accipitridae,Accipiter,Astur,0.972037971,1,"[{""species"": ""Accipiter cooperii"", ""common_name"": ""Cooper's Hawk"", ""score"": 0.9720379710197449}, {""species"": ""Accipiter striatus"", ""common_name"": ""Sharp-shinned hawk"", ""score"": 0.00491541950032115}, {""species"": ""Accipiter chilensis"", ""common_name"": ""Chilean hawk"", ""score"": 0.0024984553456306458}, {""species"": ""Accipiter gentilis"", ""common_name"": ""Northern Goshawk"", ""score"": 0.0016553641762584448}, {""species"": ""Buteo platypterus"", ""common_name"": ""Broad-winged hawk"", ""score"": 0.0012307536089792848}]"
obs_340542613_photo_619737737_box2.jpg,/rs1/researchers/a/amallav/results/outputs_crop/obs_340542613_photo_619737737_box2.jpg,obs_340542613_photo_619737737,obs_340542613_photo_619737737,2,2,Accipiter striatus,Astur cooperii,TRUE,SAME SPECIES DIFF NAME,Sharp-shinned hawk,Animalia,Animalia,Chordata,Chordata,Aves,Aves,Accipitriformes,Accipitriformes,Accipitridae,Accipitridae,Accipiter,Astur,0.00491542,2,"[{""species"": ""Accipiter cooperii"", ""common_name"": ""Cooper's Hawk"", ""score"": 0.9720379710197449}, {""species"": ""Accipiter striatus"", ""common_name"": ""Sharp-shinned hawk"", ""score"": 0.00491541950032115}, {""species"": ""Accipiter chilensis"", ""common_name"": ""Chilean hawk"", ""score"": 0.0024984553456306458}, {""species"": ""Accipiter gentilis"", ""common_name"": ""Northern Goshawk"", ""score"": 0.0016553641762584448}, {""species"": ""Buteo platypterus"", ""common_name"": ""Broad-winged hawk"", ""score"": 0.0012307536089792848}]"
obs_340542613_photo_619737737_box2.jpg,/rs1/researchers/a/amallav/results/outputs_crop/obs_340542613_photo_619737737_box2.jpg,obs_340542613_photo_619737737,obs_340542613_photo_619737737,2,2,Accipiter chilensis,Astur cooperii,TRUE,SAME SPECIES DIFF NAME,Chilean hawk,Animalia,Animalia,Chordata,Chordata,Aves,Aves,Accipitriformes,Accipitriformes,Accipitridae,Accipitridae,Accipiter,Astur,0.002498455,3,"[{""species"": ""Accipiter cooperii"", ""common_name"": ""Cooper's Hawk"", ""score"": 0.9720379710197449}, {""species"": ""Accipiter striatus"", ""common_name"": ""Sharp-shinned hawk"", ""score"": 0.00491541950032115}, {""species"": ""Accipiter chilensis"", ""common_name"": ""Chilean hawk"", ""score"": 0.0024984553456306458}, {""species"": ""Accipiter gentilis"", ""common_name"": ""Northern Goshawk"", ""score"": 0.0016553641762584448}, {""species"": ""Buteo platypterus"", ""common_name"": ""Broad-winged hawk"", ""score"": 0.0012307536089792848}]"
obs_340542613_photo_619737737_box2.jpg,/rs1/researchers/a/amallav/results/outputs_crop/obs_340542613_photo_619737737_box2.jpg,obs_340542613_photo_619737737,obs_340542613_photo_619737737,2,2,Accipiter gentilis,Astur cooperii,TRUE,SAME SPECIES DIFF NAME,Northern Goshawk,Animalia,Animalia,Chordata,Chordata,Aves,Aves,Accipitriformes,Accipitriformes,Accipitridae,Accipitridae,Accipiter,Astur,0.001655364,4,"[{""species"": ""Accipiter cooperii"", ""common_name"": ""Cooper's Hawk"", ""score"": 0.9720379710197449}, {""species"": ""Accipiter striatus"", ""common_name"": ""Sharp-shinned hawk"", ""score"": 0.00491541950032115}, {""species"": ""Accipiter chilensis"", ""common_name"": ""Chilean hawk"", ""score"": 0.0024984553456306458}, {""species"": ""Accipiter gentilis"", ""common_name"": ""Northern Goshawk"", ""score"": 0.0016553641762584448}, {""species"": ""Buteo platypterus"", ""common_name"": ""Broad-winged hawk"", ""score"": 0.0012307536089792848}]"
obs_340542613_photo_619737737_box2.jpg,/rs1/researchers/a/amallav/results/outputs_crop/obs_340542613_photo_619737737_box2.jpg,obs_340542613_photo_619737737,obs_340542613_photo_619737737,2,2,Buteo platypterus,Astur cooperii,TRUE,SAME SPECIES DIFF NAME,Broad-winged hawk,Animalia,Animalia,Chordata,Chordata,Aves,Aves,Accipitriformes,Accipitriformes,Accipitridae,Accipitridae,Buteo,Astur,0.001230754,5,"[{""species"": ""Accipiter cooperii"", ""common_name"": ""Cooper's Hawk"", ""score"": 0.9720379710197449}, {""species"": ""Accipiter striatus"", ""common_name"": ""Sharp-shinned hawk"", ""score"": 0.00491541950032115}, {""species"": ""Accipiter chilensis"", ""common_name"": ""Chilean hawk"", ""score"": 0.0024984553456306458}, {""species"": ""Accipiter gentilis"", ""common_name"": ""Northern Goshawk"", ""score"": 0.0016553641762584448}, {""species"": ""Buteo platypterus"", ""common_name"": ""Broad-winged hawk"", ""score"": 0.0012307536089792848}]"
obs_340542613_photo_619737737_box3.jpg,/rs1/researchers/a/amallav/results/outputs_crop/obs_340542613_photo_619737737_box3.jpg,obs_340542613_photo_619737737,obs_340542613_photo_619737737,3,3,Accipiter cooperii,Astur cooperii,TRUE,SAME SPECIES DIFF NAME,Cooper's Hawk,Animalia,Animalia,Chordata,Chordata,Aves,Aves,Accipitriformes,Accipitriformes,Accipitridae,Accipitridae,Accipiter,Astur,0.37937966,1,"[{""species"": ""Accipiter cooperii"", ""common_name"": ""Cooper's Hawk"", ""score"": 0.37937965989112854}, {""species"": ""Accipiter tachiro"", ""common_name"": ""African goshawk"", ""score"": 0.12137087434530258}, {""species"": ""Aquila spilogaster"", ""common_name"": ""African Hawk-Eagle"", ""score"": 0.07823628187179565}, {""species"": ""Micronisus gabar"", ""common_name"": ""Gabar goshawk"", ""score"": 0.05612964183092117}, {""species"": ""Accipiter minullus"", ""common_name"": ""Little sparrowhawk"", ""score"": 0.05397193506360054}]"
obs_340542613_photo_619737737_box3.jpg,/rs1/researchers/a/amallav/results/outputs_crop/obs_340542613_photo_619737737_box3.jpg,obs_340542613_photo_619737737,obs_340542613_photo_619737737,3,3,Accipiter tachiro,Astur cooperii,TRUE,SAME SPECIES DIFF NAME,African goshawk,Animalia,Animalia,Chordata,Chordata,Aves,Aves,Accipitriformes,Accipitriformes,Accipitridae,Accipitridae,Accipiter,Astur,0.121370874,2,"[{""species"": ""Accipiter cooperii"", ""common_name"": ""Cooper's Hawk"", ""score"": 0.37937965989112854}, {""species"": ""Accipiter tachiro"", ""common_name"": ""African goshawk"", ""score"": 0.12137087434530258}, {""species"": ""Aquila spilogaster"", ""common_name"": ""African Hawk-Eagle"", ""score"": 0.07823628187179565}, {""species"": ""Micronisus gabar"", ""common_name"": ""Gabar goshawk"", ""score"": 0.05612964183092117}, {""species"": ""Accipiter minullus"", ""common_name"": ""Little sparrowhawk"", ""score"": 0.05397193506360054}]"
obs_340542613_photo_619737737_box3.jpg,/rs1/researchers/a/amallav/results/outputs_crop/obs_340542613_photo_619737737_box3.jpg,obs_340542613_photo_619737737,obs_340542613_photo_619737737,3,3,Aquila spilogaster,Astur cooperii,TRUE,SAME SPECIES DIFF NAME,African Hawk-Eagle,Animalia,Animalia,Chordata,Chordata,Aves,Aves,Accipitriformes,Accipitriformes,Accipitridae,Accipitridae,Aquila,Astur,0.078236282,3,"[{""species"": ""Accipiter cooperii"", ""common_name"": ""Cooper's Hawk"", ""score"": 0.37937965989112854}, {""species"": ""Accipiter tachiro"", ""common_name"": ""African goshawk"", ""score"": 0.12137087434530258}, {""species"": ""Aquila spilogaster"", ""common_name"": ""African Hawk-Eagle"", ""score"": 0.07823628187179565}, {""species"": ""Micronisus gabar"", ""common_name"": ""Gabar goshawk"", ""score"": 0.05612964183092117}, {""species"": ""Accipiter minullus"", ""common_name"": ""Little sparrowhawk"", ""score"": 0.05397193506360054}]"
obs_340542613_photo_619737737_box3.jpg,/rs1/researchers/a/amallav/results/outputs_crop/obs_340542613_photo_619737737_box3.jpg,obs_340542613_photo_619737737,obs_340542613_photo_619737737,3,3,Micronisus gabar,Astur cooperii,TRUE,SAME SPECIES DIFF NAME,Gabar goshawk,Animalia,Animalia,Chordata,Chordata,Aves,Aves,Accipitriformes,Accipitriformes,Accipitridae,Accipitridae,Micronisus,Astur,0.056129642,4,"[{""species"": ""Accipiter cooperii"", ""common_name"": ""Cooper's Hawk"", ""score"": 0.37937965989112854}, {""species"": ""Accipiter tachiro"", ""common_name"": ""African goshawk"", ""score"": 0.12137087434530258}, {""species"": ""Aquila spilogaster"", ""common_name"": ""African Hawk-Eagle"", ""score"": 0.07823628187179565}, {""species"": ""Micronisus gabar"", ""common_name"": ""Gabar goshawk"", ""score"": 0.05612964183092117}, {""species"": ""Accipiter minullus"", ""common_name"": ""Little sparrowhawk"", ""score"": 0.05397193506360054}]"
obs_340542613_photo_619737737_box3.jpg,/rs1/researchers/a/amallav/results/outputs_crop/obs_340542613_photo_619737737_box3.jpg,obs_340542613_photo_619737737,obs_340542613_photo_619737737,3,3,Accipiter minullus,Astur cooperii,TRUE,SAME SPECIES DIFF NAME,Little sparrowhawk,Animalia,Animalia,Chordata,Chordata,Aves,Aves,Accipitriformes,Accipitriformes,Accipitridae,Accipitridae,Accipiter,Astur,0.053971935,5,"[{""species"": ""Accipiter cooperii"", ""common_name"": ""Cooper's Hawk"", ""score"": 0.37937965989112854}, {""species"": ""Accipiter tachiro"", ""common_name"": ""African goshawk"", ""score"": 0.12137087434530258}, {""species"": ""Aquila spilogaster"", ""common_name"": ""African Hawk-Eagle"", ""score"": 0.07823628187179565}, {""species"": ""Micronisus gabar"", ""common_name"": ""Gabar goshawk"", ""score"": 0.05612964183092117}, {""species"": ""Accipiter minullus"", ""common_name"": ""Little sparrowhawk"", ""score"": 0.05397193506360054}]"
obs_340825934_photo_620308797_box1.jpg,/rs1/researchers/a/amallav/results/outputs_crop/obs_340825934_photo_620308797_box1.jpg,obs_340825934_photo_620308797,#N/A,1,1,Guira guira,Guira guira,TRUE,,Guira cuckoo,Animalia,Animalia,Chordata,Chordata,Aves,Aves,Cuculiformes,Cuculiformes,Cuculidae,Cuculidae,Guira,Guira,0.981845379,1,"[{""species"": ""Guira guira"", ""common_name"": ""Guira cuckoo"", ""score"": 0.9818453788757324}, {""species"": ""Opisthocomus hoazin"", ""common_name"": ""Hoatzin"", ""score"": 0.0009565892978571355}, {""species"": ""Fregilupus varius"", ""common_name"": ""Hoopoe starling"", ""score"": 0.000695724505931139}, {""species"": ""Coryphistera alaudina"", ""common_name"": ""Lark-like Brushrunner"", ""score"": 0.0006485705962404609}, {""species"": ""Upupa marginata"", ""common_name"": ""Madagascar Hoopoe"", ""score"": 0.0006044696783646941}]"
obs_340825934_photo_620308797_box1.jpg,/rs1/researchers/a/amallav/results/outputs_crop/obs_340825934_photo_620308797_box1.jpg,obs_340825934_photo_620308797,#N/A,1,1,Opisthocomus hoazin,Guira guira,FALSE,,Hoatzin,Animalia,Animalia,Chordata,Chordata,Aves,Aves,Opisthocomiformes,Cuculiformes,Opisthocomidae,Cuculidae,Opisthocomus,Guira,0.000956589,2,"[{""species"": ""Guira guira"", ""common_name"": ""Guira cuckoo"", ""score"": 0.9818453788757324}, {""species"": ""Opisthocomus hoazin"", ""common_name"": ""Hoatzin"", ""score"": 0.0009565892978571355}, {""species"": ""Fregilupus varius"", ""common_name"": ""Hoopoe starling"", ""score"": 0.000695724505931139}, {""species"": ""Coryphistera alaudina"", ""common_name"": ""Lark-like Brushrunner"", ""score"": 0.0006485705962404609}, {""species"": ""Upupa marginata"", ""common_name"": ""Madagascar Hoopoe"", ""score"": 0.0006044696783646941}]"
obs_340825934_photo_620308797_box1.jpg,/rs1/researchers/a/amallav/results/outputs_crop/obs_340825934_photo_620308797_box1.jpg,obs_340825934_photo_620308797,#N/A,1,1,Fregilupus varius,Guira guira,FALSE,,Hoopoe starling,Animalia,Animalia,Chordata,Chordata,Aves,Aves,Passeriformes,Cuculiformes,Sturnidae,Cuculidae,Fregilupus,Guira,0.000695725,3,"[{""species"": ""Guira guira"", ""common_name"": ""Guira cuckoo"", ""score"": 0.9818453788757324}, {""species"": ""Opisthocomus hoazin"", ""common_name"": ""Hoatzin"", ""score"": 0.0009565892978571355}, {""species"": ""Fregilupus varius"", ""common_name"": ""Hoopoe starling"", ""score"": 0.000695724505931139}, {""species"": ""Coryphistera alaudina"", ""common_name"": ""Lark-like Brushrunner"", ""score"": 0.0006485705962404609}, {""species"": ""Upupa marginata"", ""common_name"": ""Madagascar Hoopoe"", ""score"": 0.0006044696783646941}]"
obs_340825934_photo_620308797_box1.jpg,/rs1/researchers/a/amallav/results/outputs_crop/obs_340825934_photo_620308797_box1.jpg,obs_340825934_photo_620308797,#N/A,1,1,Coryphistera alaudina,Guira guira,FALSE,,Lark-like Brushrunner,Animalia,Animalia,Chordata,Chordata,Aves,Aves,Passeriformes,Cuculiformes,Furnariidae,Cuculidae,Coryphistera,Guira,0.000648571,4,"[{""species"": ""Guira guira"", ""common_name"": ""Guira cuckoo"", ""score"": 0.9818453788757324}, {""species"": ""Opisthocomus hoazin"", ""common_name"": ""Hoatzin"", ""score"": 0.0009565892978571355}, {""species"": ""Fregilupus varius"", ""common_name"": ""Hoopoe starling"", ""score"": 0.000695724505931139}, {""species"": ""Coryphistera alaudina"", ""common_name"": ""Lark-like Brushrunner"", ""score"": 0.0006485705962404609}, {""species"": ""Upupa marginata"", ""common_name"": ""Madagascar Hoopoe"", ""score"": 0.0006044696783646941}]"
obs_340825934_photo_620308797_box1.jpg,/rs1/researchers/a/amallav/results/outputs_crop/obs_340825934_photo_620308797_box1.jpg,obs_340825934_photo_620308797,#N/A,1,1,Upupa marginata,Guira guira,FALSE,,Madagascar Hoopoe,Animalia,Animalia,Chordata,Chordata,Aves,Aves,Bucerotiformes,Cuculiformes,Upupidae,Cuculidae,Upupa,Guira,0.00060447,5,"[{""species"": ""Guira guira"", ""common_name"": ""Guira cuckoo"", ""score"": 0.9818453788757324}, {""species"": ""Opisthocomus hoazin"", ""common_name"": ""Hoatzin"", ""score"": 0.0009565892978571355}, {""species"": ""Fregilupus varius"", ""common_name"": ""Hoopoe starling"", ""score"": 0.000695724505931139}, {""species"": ""Coryphistera alaudina"", ""common_name"": ""Lark-like Brushrunner"", ""score"": 0.0006485705962404609}, {""species"": ""Upupa marginata"", ""common_name"": ""Madagascar Hoopoe"", ""score"": 0.0006044696783646941}]"
obs_340848497_photo_620354560_box1.jpg,/rs1/researchers/a/amallav/results/outputs_crop/obs_340848497_photo_620354560_box1.jpg,obs_340848497_photo_620354560,#N/A,1,1,Bucculatrix polymniae,Aleuroplatus coronata,FALSE,,,Animalia,Animalia,Arthropoda,Arthropoda,Insecta,Insecta,Lepidoptera,Hemiptera,Bucculatricidae,Aleyrodidae,Bucculatrix,Aleuroplatus,0.02228629,1,"[{""species"": ""Bucculatrix polymniae"", ""common_name"": """", ""score"": 0.022286290302872658}, {""species"": ""Strigula macrocarpa"", ""common_name"": """", ""score"": 0.018958481028676033}, {""species"": ""Chionaspis furfura"", ""common_name"": ""Harris's bark-louse"", ""score"": 0.014103911817073822}, {""species"": ""Microstroma album"", ""common_name"": """", ""score"": 0.012533372268080711}, {""species"": ""Strigula antillarum"", ""common_name"": """", ""score"": 0.012119249440729618}]"
obs_340848497_photo_620354560_box1.jpg,/rs1/researchers/a/amallav/results/outputs_crop/obs_340848497_photo_620354560_box1.jpg,obs_340848497_photo_620354560,#N/A,1,1,Strigula macrocarpa,Aleuroplatus coronata,FALSE,,,Fungi,Animalia,Ascomycota,Arthropoda,Dothideomycetes,Insecta,Strigulales,Hemiptera,Strigulaceae,Aleyrodidae,Strigula,Aleuroplatus,0.018958481,2,"[{""species"": ""Bucculatrix polymniae"", ""common_name"": """", ""score"": 0.022286290302872658}, {""species"": ""Strigula macrocarpa"", ""common_name"": """", ""score"": 0.018958481028676033}, {""species"": ""Chionaspis furfura"", ""common_name"": ""Harris's bark-louse"", ""score"": 0.014103911817073822}, {""species"": ""Microstroma album"", ""common_name"": """", ""score"": 0.012533372268080711}, {""species"": ""Strigula antillarum"", ""common_name"": """", ""score"": 0.012119249440729618}]"
obs_340848497_photo_620354560_box1.jpg,/rs1/researchers/a/amallav/results/outputs_crop/obs_340848497_photo_620354560_box1.jpg,obs_340848497_photo_620354560,#N/A,1,1,Chionaspis furfura,Aleuroplatus coronata,FALSE,,Harris's bark-louse,Animalia,Animalia,Arthropoda,Arthropoda,Insecta,Insecta,Hemiptera,Hemiptera,Diaspididae,Aleyrodidae,Chionaspis,Aleuroplatus,0.014103912,3,"[{""species"": ""Bucculatrix polymniae"", ""common_name"": """", ""score"": 0.022286290302872658}, {""species"": ""Strigula macrocarpa"", ""common_name"": """", ""score"": 0.018958481028676033}, {""species"": ""Chionaspis furfura"", ""common_name"": ""Harris's bark-louse"", ""score"": 0.014103911817073822}, {""species"": ""Microstroma album"", ""common_name"": """", ""score"": 0.012533372268080711}, {""species"": ""Strigula antillarum"", ""common_name"": """", ""score"": 0.012119249440729618}]"
obs_340848497_photo_620354560_box1.jpg,/rs1/researchers/a/amallav/results/outputs_crop/obs_340848497_photo_620354560_box1.jpg,obs_340848497_photo_620354560,#N/A,1,1,Microstroma album,Aleuroplatus coronata,FALSE,,,Fungi,Animalia,Basidiomycota,Arthropoda,Exobasidiomycetes,Insecta,Microstromatales,Hemiptera,Microstromataceae,Aleyrodidae,Microstroma,Aleuroplatus,0.012533372,4,"[{""species"": ""Bucculatrix polymniae"", ""common_name"": """", ""score"": 0.022286290302872658}, {""species"": ""Strigula macrocarpa"", ""common_name"": """", ""score"": 0.018958481028676033}, {""species"": ""Chionaspis furfura"", ""common_name"": ""Harris's bark-louse"", ""score"": 0.014103911817073822}, {""species"": ""Microstroma album"", ""common_name"": """", ""score"": 0.012533372268080711}, {""species"": ""Strigula antillarum"", ""common_name"": """", ""score"": 0.012119249440729618}]"
obs_340848497_photo_620354560_box1.jpg,/rs1/researchers/a/amallav/results/outputs_crop/obs_340848497_photo_620354560_box1.jpg,obs_340848497_photo_620354560,#N/A,1,1,Strigula antillarum,Aleuroplatus coronata,FALSE,,,Fungi,Animalia,Ascomycota,Arthropoda,Dothideomycetes,Insecta,Strigulales,Hemiptera,Strigulaceae,Aleyrodidae,Strigula,Aleuroplatus,0.012119249,5,"[{""species"": ""Bucculatrix polymniae"", ""common_name"": """", ""score"": 0.022286290302872658}, {""species"": ""Strigula macrocarpa"", ""common_name"": """", ""score"": 0.018958481028676033}, {""species"": ""Chionaspis furfura"", ""common_name"": ""Harris's bark-louse"", ""score"": 0.014103911817073822}, {""species"": ""Microstroma album"", ""common_name"": """", ""score"": 0.012533372268080711}, {""species"": ""Strigula antillarum"", ""common_name"": """", ""score"": 0.012119249440729618}]"
obs_340848497_photo_620354560_box2.jpg,/rs1/researchers/a/amallav/results/outputs_crop/obs_340848497_photo_620354560_box2.jpg,obs_340848497_photo_620354560,#N/A,2,2,Aleuroplatus coronata,Aleuroplatus coronata,TRUE,,,Animalia,Animalia,Arthropoda,Arthropoda,Insecta,Insecta,Hemiptera,Hemiptera,Aleyrodidae,Aleyrodidae,Aleuroplatus,Aleuroplatus,0.595375478,1,"[{""species"": ""Aleuroplatus coronata"", ""common_name"": """", ""score"": 0.5953754782676697}, {""species"": ""Strigula smaragdula"", ""common_name"": """", ""score"": 0.03105364926159382}, {""species"": ""Shivaphis celti"", ""common_name"": ""Asian wooly hackberry aphid"", ""score"": 0.022410491481423378}, {""species"": ""Septobasidium canescens"", ""common_name"": """", ""score"": 0.01603696495294571}, {""species"": ""Strigula antillarum"", ""common_name"": """", ""score"": 0.014922457747161388}]"
obs_340848497_photo_620354560_box2.jpg,/rs1/researchers/a/amallav/results/outputs_crop/obs_340848497_photo_620354560_box2.jpg,obs_340848497_photo_620354560,#N/A,2,2,Strigula smaragdula,Aleuroplatus coronata,FALSE,,,Fungi,Animalia,Ascomycota,Arthropoda,Dothideomycetes,Insecta,Strigulales,Hemiptera,Strigulaceae,Aleyrodidae,Strigula,Aleuroplatus,0.031053649,2,"[{""species"": ""Aleuroplatus coronata"", ""common_name"": """", ""score"": 0.5953754782676697}, {""species"": ""Strigula smaragdula"", ""common_name"": """", ""score"": 0.03105364926159382}, {""species"": ""Shivaphis celti"", ""common_name"": ""Asian wooly hackberry aphid"", ""score"": 0.022410491481423378}, {""species"": ""Septobasidium canescens"", ""common_name"": """", ""score"": 0.01603696495294571}, {""species"": ""Strigula antillarum"", ""common_name"": """", ""score"": 0.014922457747161388}]"
obs_340848497_photo_620354560_box2.jpg,/rs1/researchers/a/amallav/results/outputs_crop/obs_340848497_photo_620354560_box2.jpg,obs_340848497_photo_620354560,#N/A,2,2,Shivaphis celti,Aleuroplatus coronata,FALSE,,Asian wooly hackberry aphid,Animalia,Animalia,Arthropoda,Arthropoda,Insecta,Insecta,Hemiptera,Hemiptera,Aphididae,Aleyrodidae,Shivaphis,Aleuroplatus,0.022410491,3,"[{""species"": ""Aleuroplatus coronata"", ""common_name"": """", ""score"": 0.5953754782676697}, {""species"": ""Strigula smaragdula"", ""common_name"": """", ""score"": 0.03105364926159382}, {""species"": ""Shivaphis celti"", ""common_name"": ""Asian wooly hackberry aphid"", ""score"": 0.022410491481423378}, {""species"": ""Septobasidium canescens"", ""common_name"": """", ""score"": 0.01603696495294571}, {""species"": ""Strigula antillarum"", ""common_name"": """", ""score"": 0.014922457747161388}]"
obs_340848497_photo_620354560_box2.jpg,/rs1/researchers/a/amallav/results/outputs_crop/obs_340848497_photo_620354560_box2.jpg,obs_340848497_photo_620354560,#N/A,2,2,Septobasidium canescens,Aleuroplatus coronata,FALSE,,,Fungi,Animalia,Basidiomycota,Arthropoda,Pucciniomycetes,Insecta,Septobasidiales,Hemiptera,Septobasidiaceae,Aleyrodidae,Septobasidium,Aleuroplatus,0.016036965,4,"[{""species"": ""Aleuroplatus coronata"", ""common_name"": """", ""score"": 0.5953754782676697}, {""species"": ""Strigula smaragdula"", ""common_name"": """", ""score"": 0.03105364926159382}, {""species"": ""Shivaphis celti"", ""common_name"": ""Asian wooly hackberry aphid"", ""score"": 0.022410491481423378}, {""species"": ""Septobasidium canescens"", ""common_name"": """", ""score"": 0.01603696495294571}, {""species"": ""Strigula antillarum"", ""common_name"": """", ""score"": 0.014922457747161388}]"
obs_340848497_photo_620354560_box2.jpg,/rs1/researchers/a/amallav/results/outputs_crop/obs_340848497_photo_620354560_box2.jpg,obs_340848497_photo_620354560,#N/A,2,2,Strigula antillarum,Aleuroplatus coronata,FALSE,,,Fungi,Animalia,Ascomycota,Arthropoda,Dothideomycetes,Insecta,Strigulales,Hemiptera,Strigulaceae,Aleyrodidae,Strigula,Aleuroplatus,0.014922458,5,"[{""species"": ""Aleuroplatus coronata"", ""common_name"": """", ""score"": 0.5953754782676697}, {""species"": ""Strigula smaragdula"", ""common_name"": """", ""score"": 0.03105364926159382}, {""species"": ""Shivaphis celti"", ""common_name"": ""Asian wooly hackberry aphid"", ""score"": 0.022410491481423378}, {""species"": ""Septobasidium canescens"", ""common_name"": """", ""score"": 0.01603696495294571}, {""species"": ""Strigula antillarum"", ""common_name"": """", ""score"": 0.014922457747161388}]"
obs_340848497_photo_620354560_box3.jpg,/rs1/researchers/a/amallav/results/outputs_crop/obs_340848497_photo_620354560_box3.jpg,obs_340848497_photo_620354560,#N/A,3,3,Gibellula arachnophila,Aleuroplatus coronata,FALSE,,,Fungi,Animalia,Ascomycota,Arthropoda,Sordariomycetes,Insecta,Hypocreales,Hemiptera,Cordycipitaceae,Aleyrodidae,Gibellula,Aleuroplatus,0.083872393,1,"[{""species"": ""Gibellula arachnophila"", ""common_name"": """", ""score"": 0.08387239277362823}, {""species"": ""Allocyclosa bifurca"", ""common_name"": ""Orb weavers"", ""score"": 0.04680362343788147}, {""species"": ""Micrathena horrida"", ""common_name"": ""Orb weavers"", ""score"": 0.03458621725440025}, {""species"": ""Dahlica triquetrella"", ""common_name"": ""Narrow lichen case-bearer"", ""score"": 0.030812351033091545}, {""species"": ""Paramysidia tessellata"", ""common_name"": """", ""score"": 0.025954917073249817}]"
obs_340848497_photo_620354560_box3.jpg,/rs1/researchers/a/amallav/results/outputs_crop/obs_340848497_photo_620354560_box3.jpg,obs_340848497_photo_620354560,#N/A,3,3,Allocyclosa bifurca,Aleuroplatus coronata,FALSE,,Orb weavers,Animalia,Animalia,Arthropoda,Arthropoda,Arachnida,Insecta,Araneae,Hemiptera,Araneidae,Aleyrodidae,Allocyclosa,Aleuroplatus,0.046803623,2,"[{""species"": ""Gibellula arachnophila"", ""common_name"": """", ""score"": 0.08387239277362823}, {""species"": ""Allocyclosa bifurca"", ""common_name"": ""Orb weavers"", ""score"": 0.04680362343788147}, {""species"": ""Micrathena horrida"", ""common_name"": ""Orb weavers"", ""score"": 0.03458621725440025}, {""species"": ""Dahlica triquetrella"", ""common_name"": ""Narrow lichen case-bearer"", ""score"": 0.030812351033091545}, {""species"": ""Paramysidia tessellata"", ""common_name"": """", ""score"": 0.025954917073249817}]"
obs_340848497_photo_620354560_box3.jpg,/rs1/researchers/a/amallav/results/outputs_crop/obs_340848497_photo_620354560_box3.jpg,obs_340848497_photo_620354560,#N/A,3,3,Micrathena horrida,Aleuroplatus coronata,FALSE,,Orb weavers,Animalia,Animalia,Arthropoda,Arthropoda,Arachnida,Insecta,Araneae,Hemiptera,Araneidae,Aleyrodidae,Micrathena,Aleuroplatus,0.034586217,3,"[{""species"": ""Gibellula arachnophila"", ""common_name"": """", ""score"": 0.08387239277362823}, {""species"": ""Allocyclosa bifurca"", ""common_name"": ""Orb weavers"", ""score"": 0.04680362343788147}, {""species"": ""Micrathena horrida"", ""common_name"": ""Orb weavers"", ""score"": 0.03458621725440025}, {""species"": ""Dahlica triquetrella"", ""common_name"": ""Narrow lichen case-bearer"", ""score"": 0.030812351033091545}, {""species"": ""Paramysidia tessellata"", ""common_name"": """", ""score"": 0.025954917073249817}]"
obs_340848497_photo_620354560_box3.jpg,/rs1/researchers/a/amallav/results/outputs_crop/obs_340848497_photo_620354560_box3.jpg,obs_340848497_photo_620354560,#N/A,3,3,Dahlica triquetrella,Aleuroplatus coronata,FALSE,,Narrow lichen case-bearer,Animalia,Animalia,Arthropoda,Arthropoda,Insecta,Insecta,Lepidoptera,Hemiptera,Psychidae,Aleyrodidae,Dahlica,Aleuroplatus,0.030812351,4,"[{""species"": ""Gibellula arachnophila"", ""common_name"": """", ""score"": 0.08387239277362823}, {""species"": ""Allocyclosa bifurca"", ""common_name"": ""Orb weavers"", ""score"": 0.04680362343788147}, {""species"": ""Micrathena horrida"", ""common_name"": ""Orb weavers"", ""score"": 0.03458621725440025}, {""species"": ""Dahlica triquetrella"", ""common_name"": ""Narrow lichen case-bearer"", ""score"": 0.030812351033091545}, {""species"": ""Paramysidia tessellata"", ""common_name"": """", ""score"": 0.025954917073249817}]"
obs_340848497_photo_620354560_box3.jpg,/rs1/researchers/a/amallav/results/outputs_crop/obs_340848497_photo_620354560_box3.jpg,obs_340848497_photo_620354560,#N/A,3,3,Paramysidia tessellata,Aleuroplatus coronata,FALSE,,,Animalia,Animalia,Arthropoda,Arthropoda,Insecta,Insecta,Hemiptera,Hemiptera,Derbidae,Aleyrodidae,Paramysidia,Aleuroplatus,0.025954917,5,"[{""species"": ""Gibellula arachnophila"", ""common_name"": """", ""score"": 0.08387239277362823}, {""species"": ""Allocyclosa bifurca"", ""common_name"": ""Orb weavers"", ""score"": 0.04680362343788147}, {""species"": ""Micrathena horrida"", ""common_name"": ""Orb weavers"", ""score"": 0.03458621725440025}, {""species"": ""Dahlica triquetrella"", ""common_name"": ""Narrow lichen case-bearer"", ""score"": 0.030812351033091545}, {""species"": ""Paramysidia tessellata"", ""common_name"": """", ""score"": 0.025954917073249817}]"
obs_340848497_photo_620354560_box4.jpg,/rs1/researchers/a/amallav/results/outputs_crop/obs_340848497_photo_620354560_box4.jpg,obs_340848497_photo_620354560,#N/A,4,4,Shivaphis celti,Aleuroplatus coronata,FALSE,,Asian wooly hackberry aphid,Animalia,Animalia,Arthropoda,Arthropoda,Insecta,Insecta,Hemiptera,Hemiptera,Aphididae,Aleyrodidae,Shivaphis,Aleuroplatus,0.499357522,1,"[{""species"": ""Shivaphis celti"", ""common_name"": ""Asian wooly hackberry aphid"", ""score"": 0.49935752153396606}, {""species"": ""Eriosoma ulmi"", ""common_name"": ""Woolly aphids"", ""score"": 0.034436874091625214}, {""species"": ""Eriosoma mimicum"", ""common_name"": """", ""score"": 0.028356626629829407}, {""species"": ""Eriosoma rileyi"", ""common_name"": """", ""score"": 0.019065789878368378}, {""species"": ""Eriosoma lanigerum"", ""common_name"": ""Woolly apple aphid"", ""score"": 0.01773037202656269}]"
obs_340848497_photo_620354560_box4.jpg,/rs1/researchers/a/amallav/results/outputs_crop/obs_340848497_photo_620354560_box4.jpg,obs_340848497_photo_620354560,#N/A,4,4,Eriosoma ulmi,Aleuroplatus coronata,FALSE,,Woolly aphids,Animalia,Animalia,Arthropoda,Arthropoda,Insecta,Insecta,Hemiptera,Hemiptera,Aphididae,Aleyrodidae,Eriosoma,Aleuroplatus,0.034436874,2,"[{""species"": ""Shivaphis celti"", ""common_name"": ""Asian wooly hackberry aphid"", ""score"": 0.49935752153396606}, {""species"": ""Eriosoma ulmi"", ""common_name"": ""Woolly aphids"", ""score"": 0.034436874091625214}, {""species"": ""Eriosoma mimicum"", ""common_name"": """", ""score"": 0.028356626629829407}, {""species"": ""Eriosoma rileyi"", ""common_name"": """", ""score"": 0.019065789878368378}, {""species"": ""Eriosoma lanigerum"", ""common_name"": ""Woolly apple aphid"", ""score"": 0.01773037202656269}]"
obs_340848497_photo_620354560_box4.jpg,/rs1/researchers/a/amallav/results/outputs_crop/obs_340848497_photo_620354560_box4.jpg,obs_340848497_photo_620354560,#N/A,4,4,Eriosoma mimicum,Aleuroplatus coronata,FALSE,,,Animalia,Animalia,Arthropoda,Arthropoda,Insecta,Insecta,Hemiptera,Hemiptera,Aphididae,Aleyrodidae,Eriosoma,Aleuroplatus,0.028356627,3,"[{""species"": ""Shivaphis celti"", ""common_name"": ""Asian wooly hackberry aphid"", ""score"": 0.49935752153396606}, {""species"": ""Eriosoma ulmi"", ""common_name"": ""Woolly aphids"", ""score"": 0.034436874091625214}, {""species"": ""Eriosoma mimicum"", ""common_name"": """", ""score"": 0.028356626629829407}, {""species"": ""Eriosoma rileyi"", ""common_name"": """", ""score"": 0.019065789878368378}, {""species"": ""Eriosoma lanigerum"", ""common_name"": ""Woolly apple aphid"", ""score"": 0.01773037202656269}]"
obs_340848497_photo_620354560_box4.jpg,/rs1/researchers/a/amallav/results/outputs_crop/obs_340848497_photo_620354560_box4.jpg,obs_340848497_photo_620354560,#N/A,4,4,Eriosoma rileyi,Aleuroplatus coronata,FALSE,,,Animalia,Animalia,Arthropoda,Arthropoda,Insecta,Insecta,Hemiptera,Hemiptera,Aphididae,Aleyrodidae,Eriosoma,Aleuroplatus,0.01906579,4,"[{""species"": ""Shivaphis celti"", ""common_name"": ""Asian wooly hackberry aphid"", ""score"": 0.49935752153396606}, {""species"": ""Eriosoma ulmi"", ""common_name"": ""Woolly aphids"", ""score"": 0.034436874091625214}, {""species"": ""Eriosoma mimicum"", ""common_name"": """", ""score"": 0.028356626629829407}, {""species"": ""Eriosoma rileyi"", ""common_name"": """", ""score"": 0.019065789878368378}, {""species"": ""Eriosoma lanigerum"", ""common_name"": ""Woolly apple aphid"", ""score"": 0.01773037202656269}]"
obs_340848497_photo_620354560_box4.jpg,/rs1/researchers/a/amallav/results/outputs_crop/obs_340848497_photo_620354560_box4.jpg,obs_340848497_photo_620354560,#N/A,4,4,Eriosoma lanigerum,Aleuroplatus coronata,FALSE,,Woolly apple aphid,Animalia,Animalia,Arthropoda,Arthropoda,Insecta,Insecta,Hemiptera,Hemiptera,Aphididae,Aleyrodidae,Eriosoma,Aleuroplatus,0.017730372,5,"[{""species"": ""Shivaphis celti"", ""common_name"": ""Asian wooly hackberry aphid"", ""score"": 0.49935752153396606}, {""species"": ""Eriosoma ulmi"", ""common_name"": ""Woolly aphids"", ""score"": 0.034436874091625214}, {""species"": ""Eriosoma mimicum"", ""common_name"": """", ""score"": 0.028356626629829407}, {""species"": ""Eriosoma rileyi"", ""common_name"": """", ""score"": 0.019065789878368378}, {""species"": ""Eriosoma lanigerum"", ""common_name"": ""Woolly apple aphid"", ""score"": 0.01773037202656269}]"
obs_340848497_photo_620354560_box5.jpg,/rs1/researchers/a/amallav/results/outputs_crop/obs_340848497_photo_620354560_box5.jpg,obs_340848497_photo_620354560,#N/A,5,5,Polystepha americana,Aleuroplatus coronata,FALSE,,,Animalia,Animalia,Arthropoda,Arthropoda,Insecta,Insecta,Diptera,Hemiptera,Cecidomyiidae,Aleyrodidae,Polystepha,Aleuroplatus,0.04301678,1,"[{""species"": ""Polystepha americana"", ""common_name"": """", ""score"": 0.04301678016781807}, {""species"": ""Kokkocynips rileyi"", ""common_name"": """", ""score"": 0.03742784634232521}, {""species"": ""Allokermes cueroensis"", ""common_name"": ""Live oak kermes"", ""score"": 0.02686484530568123}, {""species"": ""Polystepha sobrina"", ""common_name"": """", ""score"": 0.01712447591125965}, {""species"": ""Eriococcus pohutukawa"", ""common_name"": """", ""score"": 0.01289018802344799}]"
obs_340848497_photo_620354560_box5.jpg,/rs1/researchers/a/amallav/results/outputs_crop/obs_340848497_photo_620354560_box5.jpg,obs_340848497_photo_620354560,#N/A,5,5,Kokkocynips rileyi,Aleuroplatus coronata,FALSE,,,Animalia,Animalia,Arthropoda,Arthropoda,Insecta,Insecta,Hymenoptera,Hemiptera,Cynipidae,Aleyrodidae,Kokkocynips,Aleuroplatus,0.037427846,2,"[{""species"": ""Polystepha americana"", ""common_name"": """", ""score"": 0.04301678016781807}, {""species"": ""Kokkocynips rileyi"", ""common_name"": """", ""score"": 0.03742784634232521}, {""species"": ""Allokermes cueroensis"", ""common_name"": ""Live oak kermes"", ""score"": 0.02686484530568123}, {""species"": ""Polystepha sobrina"", ""common_name"": """", ""score"": 0.01712447591125965}, {""species"": ""Eriococcus pohutukawa"", ""common_name"": """", ""score"": 0.01289018802344799}]"
obs_340848497_photo_620354560_box5.jpg,/rs1/researchers/a/amallav/results/outputs_crop/obs_340848497_photo_620354560_box5.jpg,obs_340848497_photo_620354560,#N/A,5,5,Allokermes cueroensis,Aleuroplatus coronata,FALSE,,Live oak kermes,Animalia,Animalia,Arthropoda,Arthropoda,Insecta,Insecta,Hemiptera,Hemiptera,Kermesidae,Aleyrodidae,Allokermes,Aleuroplatus,0.026864845,3,"[{""species"": ""Polystepha americana"", ""common_name"": """", ""score"": 0.04301678016781807}, {""species"": ""Kokkocynips rileyi"", ""common_name"": """", ""score"": 0.03742784634232521}, {""species"": ""Allokermes cueroensis"", ""common_name"": ""Live oak kermes"", ""score"": 0.02686484530568123}, {""species"": ""Polystepha sobrina"", ""common_name"": """", ""score"": 0.01712447591125965}, {""species"": ""Eriococcus pohutukawa"", ""common_name"": """", ""score"": 0.01289018802344799}]"
obs_340848497_photo_620354560_box5.jpg,/rs1/researchers/a/amallav/results/outputs_crop/obs_340848497_photo_620354560_box5.jpg,obs_340848497_photo_620354560,#N/A,5,5,Polystepha sobrina,Aleuroplatus coronata,FALSE,,,Animalia,Animalia,Arthropoda,Arthropoda,Insecta,Insecta,Diptera,Hemiptera,Cecidomyiidae,Aleyrodidae,Polystepha,Aleuroplatus,0.017124476,4,"[{""species"": ""Polystepha americana"", ""common_name"": """", ""score"": 0.04301678016781807}, {""species"": ""Kokkocynips rileyi"", ""common_name"": """", ""score"": 0.03742784634232521}, {""species"": ""Allokermes cueroensis"", ""common_name"": ""Live oak kermes"", ""score"": 0.02686484530568123}, {""species"": ""Polystepha sobrina"", ""common_name"": """", ""score"": 0.01712447591125965}, {""species"": ""Eriococcus pohutukawa"", ""common_name"": """", ""score"": 0.01289018802344799}]"
obs_340848497_photo_620354560_box5.jpg,/rs1/researchers/a/amallav/results/outputs_crop/obs_340848497_photo_620354560_box5.jpg,obs_340848497_photo_620354560,#N/A,5,5,Eriococcus pohutukawa,Aleuroplatus coronata,FALSE,,,Animalia,Animalia,Arthropoda,Arthropoda,Insecta,Insecta,Hemiptera,Hemiptera,Eriococcidae,Aleyrodidae,Eriococcus,Aleuroplatus,0.012890188,5,"[{""species"": ""Polystepha americana"", ""common_name"": """", ""score"": 0.04301678016781807}, {""species"": ""Kokkocynips rileyi"", ""common_name"": """", ""score"": 0.03742784634232521}, {""species"": ""Allokermes cueroensis"", ""common_name"": ""Live oak kermes"", ""score"": 0.02686484530568123}, {""species"": ""Polystepha sobrina"", ""common_name"": """", ""score"": 0.01712447591125965}, {""species"": ""Eriococcus pohutukawa"", ""common_name"": """", ""score"": 0.01289018802344799}]"
obs_340848514_photo_620354575_box1.jpg,/rs1/researchers/a/amallav/results/outputs_crop/obs_340848514_photo_620354575_box1.jpg,obs_340848514_photo_620354575,obs_340848514_photo_620354575,1,1,Neoconis marginata,Paraleyrodes minei,FALSE,Misidentified as different species,,Animalia,Animalia,Arthropoda,Arthropoda,Insecta,Insecta,Neuroptera,Hemiptera,Coniopterygidae,Aleyrodidae,Neoconis,Paraleyrodes,0.082822584,1,"[{""species"": ""Neoconis marginata"", ""common_name"": """", ""score"": 0.08282258361577988}, {""species"": ""Cryptoscenea australiensis"", ""common_name"": """", ""score"": 0.055145226418972015}, {""species"": ""Paraleyrodes perseae"", ""common_name"": ""Whitefly"", ""score"": 0.02546553686261177}, {""species"": ""Anotia burnetii"", ""common_name"": """", ""score"": 0.02420409582555294}, {""species"": ""Nisia carolinensis"", ""common_name"": """", ""score"": 0.018494604155421257}]"
obs_340848514_photo_620354575_box1.jpg,/rs1/researchers/a/amallav/results/outputs_crop/obs_340848514_photo_620354575_box1.jpg,obs_340848514_photo_620354575,obs_340848514_photo_620354575,1,1,Cryptoscenea australiensis,Paraleyrodes minei,FALSE,Misidentified as different species,,Animalia,Animalia,Arthropoda,Arthropoda,Insecta,Insecta,Neuroptera,Hemiptera,Coniopterygidae,Aleyrodidae,Cryptoscenea,Paraleyrodes,0.055145226,2,"[{""species"": ""Neoconis marginata"", ""common_name"": """", ""score"": 0.08282258361577988}, {""species"": ""Cryptoscenea australiensis"", ""common_name"": """", ""score"": 0.055145226418972015}, {""species"": ""Paraleyrodes perseae"", ""common_name"": ""Whitefly"", ""score"": 0.02546553686261177}, {""species"": ""Anotia burnetii"", ""common_name"": """", ""score"": 0.02420409582555294}, {""species"": ""Nisia carolinensis"", ""common_name"": """", ""score"": 0.018494604155421257}]"
obs_340848514_photo_620354575_box1.jpg,/rs1/researchers/a/amallav/results/outputs_crop/obs_340848514_photo_620354575_box1.jpg,obs_340848514_photo_620354575,obs_340848514_photo_620354575,1,1,Paraleyrodes perseae,Paraleyrodes minei,FALSE,Same genus but diff species,Whitefly,Animalia,Animalia,Arthropoda,Arthropoda,Insecta,Insecta,Hemiptera,Hemiptera,Aleyrodidae,Aleyrodidae,Paraleyrodes,Paraleyrodes,0.025465537,3,"[{""species"": ""Neoconis marginata"", ""common_name"": """", ""score"": 0.08282258361577988}, {""species"": ""Cryptoscenea australiensis"", ""common_name"": """", ""score"": 0.055145226418972015}, {""species"": ""Paraleyrodes perseae"", ""common_name"": ""Whitefly"", ""score"": 0.02546553686261177}, {""species"": ""Anotia burnetii"", ""common_name"": """", ""score"": 0.02420409582555294}, {""species"": ""Nisia carolinensis"", ""common_name"": """", ""score"": 0.018494604155421257}]"
obs_340848514_photo_620354575_box1.jpg,/rs1/researchers/a/amallav/results/outputs_crop/obs_340848514_photo_620354575_box1.jpg,obs_340848514_photo_620354575,obs_340848514_photo_620354575,1,1,Anotia burnetii,Paraleyrodes minei,FALSE,Misidentified as different species,,Animalia,Animalia,Arthropoda,Arthropoda,Insecta,Insecta,Hemiptera,Hemiptera,Derbidae,Aleyrodidae,Anotia,Paraleyrodes,0.024204096,4,"[{""species"": ""Neoconis marginata"", ""common_name"": """", ""score"": 0.08282258361577988}, {""species"": ""Cryptoscenea australiensis"", ""common_name"": """", ""score"": 0.055145226418972015}, {""species"": ""Paraleyrodes perseae"", ""common_name"": ""Whitefly"", ""score"": 0.02546553686261177}, {""species"": ""Anotia burnetii"", ""common_name"": """", ""score"": 0.02420409582555294}, {""species"": ""Nisia carolinensis"", ""common_name"": """", ""score"": 0.018494604155421257}]"
obs_340848514_photo_620354575_box1.jpg,/rs1/researchers/a/amallav/results/outputs_crop/obs_340848514_photo_620354575_box1.jpg,obs_340848514_photo_620354575,obs_340848514_photo_620354575,1,1,Nisia carolinensis,Paraleyrodes minei,FALSE,Misidentified as different species,,Animalia,Animalia,Arthropoda,Arthropoda,Insecta,Insecta,Hemiptera,Hemiptera,Meenoplidae,Aleyrodidae,Nisia,Paraleyrodes,0.018494604,5,"[{""species"": ""Neoconis marginata"", ""common_name"": """", ""score"": 0.08282258361577988}, {""species"": ""Cryptoscenea australiensis"", ""common_name"": """", ""score"": 0.055145226418972015}, {""species"": ""Paraleyrodes perseae"", ""common_name"": ""Whitefly"", ""score"": 0.02546553686261177}, {""species"": ""Anotia burnetii"", ""common_name"": """", ""score"": 0.02420409582555294}, {""species"": ""Nisia carolinensis"", ""common_name"": """", ""score"": 0.018494604155421257}]"
obs_340848514_photo_620354575_box2.jpg,/rs1/researchers/a/amallav/results/outputs_crop/obs_340848514_photo_620354575_box2.jpg,obs_340848514_photo_620354575,obs_340848514_photo_620354575,2,2,Neoconis marginata,Paraleyrodes minei,FALSE,Misidentified as different species,,Animalia,Animalia,Arthropoda,Arthropoda,Insecta,Insecta,Neuroptera,Hemiptera,Coniopterygidae,Aleyrodidae,Neoconis,Paraleyrodes,0.151320994,1,"[{""species"": ""Neoconis marginata"", ""common_name"": """", ""score"": 0.15132099390029907}, {""species"": ""Cryptoscenea australiensis"", ""common_name"": """", ""score"": 0.04309104010462761}, {""species"": ""Anotia burnetii"", ""common_name"": """", ""score"": 0.032457660883665085}, {""species"": ""Feuerborniella obscura"", ""common_name"": """", ""score"": 0.030162829905748367}, {""species"": ""Paraleyrodes perseae"", ""common_name"": ""Whitefly"", ""score"": 0.02054213173687458}]"
obs_340848514_photo_620354575_box2.jpg,/rs1/researchers/a/amallav/results/outputs_crop/obs_340848514_photo_620354575_box2.jpg,obs_340848514_photo_620354575,obs_340848514_photo_620354575,2,2,Cryptoscenea australiensis,Paraleyrodes minei,FALSE,Misidentified as different species,,Animalia,Animalia,Arthropoda,Arthropoda,Insecta,Insecta,Neuroptera,Hemiptera,Coniopterygidae,Aleyrodidae,Cryptoscenea,Paraleyrodes,0.04309104,2,"[{""species"": ""Neoconis marginata"", ""common_name"": """", ""score"": 0.15132099390029907}, {""species"": ""Cryptoscenea australiensis"", ""common_name"": """", ""score"": 0.04309104010462761}, {""species"": ""Anotia burnetii"", ""common_name"": """", ""score"": 0.032457660883665085}, {""species"": ""Feuerborniella obscura"", ""common_name"": """", ""score"": 0.030162829905748367}, {""species"": ""Paraleyrodes perseae"", ""common_name"": ""Whitefly"", ""score"": 0.02054213173687458}]"
obs_340848514_photo_620354575_box2.jpg,/rs1/researchers/a/amallav/results/outputs_crop/obs_340848514_photo_620354575_box2.jpg,obs_340848514_photo_620354575,obs_340848514_photo_620354575,2,2,Anotia burnetii,Paraleyrodes minei,FALSE,Misidentified as different species,,Animalia,Animalia,Arthropoda,Arthropoda,Insecta,Insecta,Hemiptera,Hemiptera,Derbidae,Aleyrodidae,Anotia,Paraleyrodes,0.032457661,3,"[{""species"": ""Neoconis marginata"", ""common_name"": """", ""score"": 0.15132099390029907}, {""species"": ""Cryptoscenea australiensis"", ""common_name"": """", ""score"": 0.04309104010462761}, {""species"": ""Anotia burnetii"", ""common_name"": """", ""score"": 0.032457660883665085}, {""species"": ""Feuerborniella obscura"", ""common_name"": """", ""score"": 0.030162829905748367}, {""species"": ""Paraleyrodes perseae"", ""common_name"": ""Whitefly"", ""score"": 0.02054213173687458}]"
obs_340848514_photo_620354575_box2.jpg,/rs1/researchers/a/amallav/results/outputs_crop/obs_340848514_photo_620354575_box2.jpg,obs_340848514_photo_620354575,obs_340848514_photo_620354575,2,2,Feuerborniella obscura,Paraleyrodes minei,FALSE,Misidentified as different species,,Animalia,Animalia,Arthropoda,Arthropoda,Insecta,Insecta,Diptera,Hemiptera,Psychodidae,Aleyrodidae,Feuerborniella,Paraleyrodes,0.03016283,4,"[{""species"": ""Neoconis marginata"", ""common_name"": """", ""score"": 0.15132099390029907}, {""species"": ""Cryptoscenea australiensis"", ""common_name"": """", ""score"": 0.04309104010462761}, {""species"": ""Anotia burnetii"", ""common_name"": """", ""score"": 0.032457660883665085}, {""species"": ""Feuerborniella obscura"", ""common_name"": """", ""score"": 0.030162829905748367}, {""species"": ""Paraleyrodes perseae"", ""common_name"": ""Whitefly"", ""score"": 0.02054213173687458}]"
obs_340848514_photo_620354575_box2.jpg,/rs1/researchers/a/amallav/results/outputs_crop/obs_340848514_photo_620354575_box2.jpg,obs_340848514_photo_620354575,obs_340848514_photo_620354575,2,2,Paraleyrodes perseae,Paraleyrodes minei,FALSE,Same genus but diff species,Whitefly,Animalia,Animalia,Arthropoda,Arthropoda,Insecta,Insecta,Hemiptera,Hemiptera,Aleyrodidae,Aleyrodidae,Paraleyrodes,Paraleyrodes,0.020542132,5,"[{""species"": ""Neoconis marginata"", ""common_name"": """", ""score"": 0.15132099390029907}, {""species"": ""Cryptoscenea australiensis"", ""common_name"": """", ""score"": 0.04309104010462761}, {""species"": ""Anotia burnetii"", ""common_name"": """", ""score"": 0.032457660883665085}, {""species"": ""Feuerborniella obscura"", ""common_name"": """", ""score"": 0.030162829905748367}, {""species"": ""Paraleyrodes perseae"", ""common_name"": ""Whitefly"", ""score"": 0.02054213173687458}]"
obs_340848514_photo_620354575_box3.jpg,/rs1/researchers/a/amallav/results/outputs_crop/obs_340848514_photo_620354575_box3.jpg,obs_340848514_photo_620354575,obs_340848514_photo_620354575,3,3,Alilepus vagus,Paraleyrodes minei,FALSE,Species features not very clear,,Animalia,Animalia,Chordata,Arthropoda,Mammalia,Insecta,Lagomorpha,Hemiptera,Leporidae,Aleyrodidae,Alilepus,Paraleyrodes,0.00263933,1,"[{""species"": ""Alilepus vagus"", ""common_name"": """", ""score"": 0.002639329992234707}, {""species"": ""Porpidia flavicunda"", ""common_name"": ""gul blocklav"", ""score"": 0.002414457965642214}, {""species"": ""Solenopsis punctaticeps"", ""common_name"": """", ""score"": 0.0017186637269333005}, {""species"": ""Myotis anjouanensis"", ""common_name"": ""Anjouan myotis"", ""score"": 0.001630342099815607}, {""species"": ""Coprinellus bipellis"", ""common_name"": """", ""score"": 0.0015993573470041156}]"
obs_340848514_photo_620354575_box3.jpg,/rs1/researchers/a/amallav/results/outputs_crop/obs_340848514_photo_620354575_box3.jpg,obs_340848514_photo_620354575,obs_340848514_photo_620354575,3,3,Porpidia flavicunda,Paraleyrodes minei,FALSE,Species features not very clear,gul blocklav,Fungi,Animalia,Ascomycota,Arthropoda,Lecanoromycetes,Insecta,Lecideales,Hemiptera,Lecideaceae,Aleyrodidae,Porpidia,Paraleyrodes,0.002414458,2,"[{""species"": ""Alilepus vagus"", ""common_name"": """", ""score"": 0.002639329992234707}, {""species"": ""Porpidia flavicunda"", ""common_name"": ""gul blocklav"", ""score"": 0.002414457965642214}, {""species"": ""Solenopsis punctaticeps"", ""common_name"": """", ""score"": 0.0017186637269333005}, {""species"": ""Myotis anjouanensis"", ""common_name"": ""Anjouan myotis"", ""score"": 0.001630342099815607}, {""species"": ""Coprinellus bipellis"", ""common_name"": """", ""score"": 0.0015993573470041156}]"
obs_340848514_photo_620354575_box3.jpg,/rs1/researchers/a/amallav/results/outputs_crop/obs_340848514_photo_620354575_box3.jpg,obs_340848514_photo_620354575,obs_340848514_photo_620354575,3,3,Solenopsis punctaticeps,Paraleyrodes minei,FALSE,Species features not very clear,,Animalia,Animalia,Arthropoda,Arthropoda,Insecta,Insecta,Hymenoptera,Hemiptera,Formicidae,Aleyrodidae,Solenopsis,Paraleyrodes,0.001718664,3,"[{""species"": ""Alilepus vagus"", ""common_name"": """", ""score"": 0.002639329992234707}, {""species"": ""Porpidia flavicunda"", ""common_name"": ""gul blocklav"", ""score"": 0.002414457965642214}, {""species"": ""Solenopsis punctaticeps"", ""common_name"": """", ""score"": 0.0017186637269333005}, {""species"": ""Myotis anjouanensis"", ""common_name"": ""Anjouan myotis"", ""score"": 0.001630342099815607}, {""species"": ""Coprinellus bipellis"", ""common_name"": """", ""score"": 0.0015993573470041156}]"
obs_340848514_photo_620354575_box3.jpg,/rs1/researchers/a/amallav/results/outputs_crop/obs_340848514_photo_620354575_box3.jpg,obs_340848514_photo_620354575,obs_340848514_photo_620354575,3,3,Myotis anjouanensis,Paraleyrodes minei,FALSE,Species features not very clear,Anjouan myotis,Animalia,Animalia,Chordata,Arthropoda,Mammalia,Insecta,Chiroptera,Hemiptera,Vespertilionidae,Aleyrodidae,Myotis,Paraleyrodes,0.001630342,4,"[{""species"": ""Alilepus vagus"", ""common_name"": """", ""score"": 0.002639329992234707}, {""species"": ""Porpidia flavicunda"", ""common_name"": ""gul blocklav"", ""score"": 0.002414457965642214}, {""species"": ""Solenopsis punctaticeps"", ""common_name"": """", ""score"": 0.0017186637269333005}, {""species"": ""Myotis anjouanensis"", ""common_name"": ""Anjouan myotis"", ""score"": 0.001630342099815607}, {""species"": ""Coprinellus bipellis"", ""common_name"": """", ""score"": 0.0015993573470041156}]"
obs_340848514_photo_620354575_box3.jpg,/rs1/researchers/a/amallav/results/outputs_crop/obs_340848514_photo_620354575_box3.jpg,obs_340848514_photo_620354575,obs_340848514_photo_620354575,3,3,Coprinellus bipellis,Paraleyrodes minei,FALSE,Species features not very clear,,Fungi,Animalia,Basidiomycota,Arthropoda,Agaricomycetes,Insecta,Agaricales,Hemiptera,Psathyrellaceae,Aleyrodidae,Coprinellus,Paraleyrodes,0.001599357,5,"[{""species"": ""Alilepus vagus"", ""common_name"": """", ""score"": 0.002639329992234707}, {""species"": ""Porpidia flavicunda"", ""common_name"": ""gul blocklav"", ""score"": 0.002414457965642214}, {""species"": ""Solenopsis punctaticeps"", ""common_name"": """", ""score"": 0.0017186637269333005}, {""species"": ""Myotis anjouanensis"", ""common_name"": ""Anjouan myotis"", ""score"": 0.001630342099815607}, {""species"": ""Coprinellus bipellis"", ""common_name"": """", ""score"": 0.0015993573470041156}]"
obs_340848514_photo_620354575_box4.jpg,/rs1/researchers/a/amallav/results/outputs_crop/obs_340848514_photo_620354575_box4.jpg,obs_340848514_photo_620354575,obs_340848514_photo_620354575,4,4,Cryptoscenea australiensis,Paraleyrodes minei,FALSE,Misidentified as different species,,Animalia,Animalia,Arthropoda,Arthropoda,Insecta,Insecta,Neuroptera,Hemiptera,Coniopterygidae,Aleyrodidae,Cryptoscenea,Paraleyrodes,0.108713649,1,"[{""species"": ""Cryptoscenea australiensis"", ""common_name"": """", ""score"": 0.10871364921331406}, {""species"": ""Neoconis marginata"", ""common_name"": """", ""score"": 0.10540024191141129}, {""species"": ""Anotia burnetii"", ""common_name"": """", ""score"": 0.027988435700535774}, {""species"": ""Paraleyrodes perseae"", ""common_name"": ""Whitefly"", ""score"": 0.02098621241748333}, {""species"": ""Dysimia fennahi"", ""common_name"": """", ""score"": 0.01851419359445572}]"
obs_340848514_photo_620354575_box4.jpg,/rs1/researchers/a/amallav/results/outputs_crop/obs_340848514_photo_620354575_box4.jpg,obs_340848514_photo_620354575,obs_340848514_photo_620354575,4,4,Neoconis marginata,Paraleyrodes minei,FALSE,Misidentified as different species,,Animalia,Animalia,Arthropoda,Arthropoda,Insecta,Insecta,Neuroptera,Hemiptera,Coniopterygidae,Aleyrodidae,Neoconis,Paraleyrodes,0.105400242,2,"[{""species"": ""Cryptoscenea australiensis"", ""common_name"": """", ""score"": 0.10871364921331406}, {""species"": ""Neoconis marginata"", ""common_name"": """", ""score"": 0.10540024191141129}, {""species"": ""Anotia burnetii"", ""common_name"": """", ""score"": 0.027988435700535774}, {""species"": ""Paraleyrodes perseae"", ""common_name"": ""Whitefly"", ""score"": 0.02098621241748333}, {""species"": ""Dysimia fennahi"", ""common_name"": """", ""score"": 0.01851419359445572}]"
obs_340848514_photo_620354575_box4.jpg,/rs1/researchers/a/amallav/results/outputs_crop/obs_340848514_photo_620354575_box4.jpg,obs_340848514_photo_620354575,obs_340848514_photo_620354575,4,4,Anotia burnetii,Paraleyrodes minei,FALSE,Misidentified as different species,,Animalia,Animalia,Arthropoda,Arthropoda,Insecta,Insecta,Hemiptera,Hemiptera,Derbidae,Aleyrodidae,Anotia,Paraleyrodes,0.027988436,3,"[{""species"": ""Cryptoscenea australiensis"", ""common_name"": """", ""score"": 0.10871364921331406}, {""species"": ""Neoconis marginata"", ""common_name"": """", ""score"": 0.10540024191141129}, {""species"": ""Anotia burnetii"", ""common_name"": """", ""score"": 0.027988435700535774}, {""species"": ""Paraleyrodes perseae"", ""common_name"": ""Whitefly"", ""score"": 0.02098621241748333}, {""species"": ""Dysimia fennahi"", ""common_name"": """", ""score"": 0.01851419359445572}]"
obs_340848514_photo_620354575_box4.jpg,/rs1/researchers/a/amallav/results/outputs_crop/obs_340848514_photo_620354575_box4.jpg,obs_340848514_photo_620354575,obs_340848514_photo_620354575,4,4,Paraleyrodes perseae,Paraleyrodes minei,FALSE,Same genus but diff species,Whitefly,Animalia,Animalia,Arthropoda,Arthropoda,Insecta,Insecta,Hemiptera,Hemiptera,Aleyrodidae,Aleyrodidae,Paraleyrodes,Paraleyrodes,0.020986212,4,"[{""species"": ""Cryptoscenea australiensis"", ""common_name"": """", ""score"": 0.10871364921331406}, {""species"": ""Neoconis marginata"", ""common_name"": """", ""score"": 0.10540024191141129}, {""species"": ""Anotia burnetii"", ""common_name"": """", ""score"": 0.027988435700535774}, {""species"": ""Paraleyrodes perseae"", ""common_name"": ""Whitefly"", ""score"": 0.02098621241748333}, {""species"": ""Dysimia fennahi"", ""common_name"": """", ""score"": 0.01851419359445572}]"
obs_340848514_photo_620354575_box4.jpg,/rs1/researchers/a/amallav/results/outputs_crop/obs_340848514_photo_620354575_box4.jpg,obs_340848514_photo_620354575,obs_340848514_photo_620354575,4,4,Dysimia fennahi,Paraleyrodes minei,FALSE,Misidentified as different species,,Animalia,Animalia,Arthropoda,Arthropoda,Insecta,Insecta,Hemiptera,Hemiptera,Derbidae,Aleyrodidae,Dysimia,Paraleyrodes,0.018514194,5,"[{""species"": ""Cryptoscenea australiensis"", ""common_name"": """", ""score"": 0.10871364921331406}, {""species"": ""Neoconis marginata"", ""common_name"": """", ""score"": 0.10540024191141129}, {""species"": ""Anotia burnetii"", ""common_name"": """", ""score"": 0.027988435700535774}, {""species"": ""Paraleyrodes perseae"", ""common_name"": ""Whitefly"", ""score"": 0.02098621241748333}, {""species"": ""Dysimia fennahi"", ""common_name"": """", ""score"": 0.01851419359445572}]"
obs_340848746_photo_620355031_box1.jpg,/rs1/researchers/a/amallav/results/outputs_crop/obs_340848746_photo_620355031_box1.jpg,obs_340848746_photo_620355031,#N/A,1,1,Tetraleurodes perileuca,Tetraleurodes perileuca,TRUE,,,Animalia,Animalia,Arthropoda,Arthropoda,Insecta,Insecta,Hemiptera,Hemiptera,Aleyrodidae,Aleyrodidae,Tetraleurodes,Tetraleurodes,0.120571531,1,"[{""species"": ""Tetraleurodes perileuca"", ""common_name"": """", ""score"": 0.12057153135538101}, {""species"": ""Aleuroplatus gelatinosus"", ""common_name"": """", ""score"": 0.10791730135679245}, {""species"": ""Pseudozaphanera splendida"", ""common_name"": """", ""score"": 0.08093184232711792}, {""species"": ""Aleuroparadoxus arctostaphyli"", ""common_name"": """", ""score"": 0.06203460693359375}, {""species"": ""Puto arctostaphyli"", ""common_name"": ""Manzanita mealybug"", ""score"": 0.02583620883524418}]"
obs_340848746_photo_620355031_box1.jpg,/rs1/researchers/a/amallav/results/outputs_crop/obs_340848746_photo_620355031_box1.jpg,obs_340848746_photo_620355031,#N/A,1,1,Aleuroplatus gelatinosus,Tetraleurodes perileuca,FALSE,,,Animalia,Animalia,Arthropoda,Arthropoda,Insecta,Insecta,Hemiptera,Hemiptera,Aleyrodidae,Aleyrodidae,Aleuroplatus,Tetraleurodes,0.107917301,2,"[{""species"": ""Tetraleurodes perileuca"", ""common_name"": """", ""score"": 0.12057153135538101}, {""species"": ""Aleuroplatus gelatinosus"", ""common_name"": """", ""score"": 0.10791730135679245}, {""species"": ""Pseudozaphanera splendida"", ""common_name"": """", ""score"": 0.08093184232711792}, {""species"": ""Aleuroparadoxus arctostaphyli"", ""common_name"": """", ""score"": 0.06203460693359375}, {""species"": ""Puto arctostaphyli"", ""common_name"": ""Manzanita mealybug"", ""score"": 0.02583620883524418}]"
obs_340848746_photo_620355031_box1.jpg,/rs1/researchers/a/amallav/results/outputs_crop/obs_340848746_photo_620355031_box1.jpg,obs_340848746_photo_620355031,#N/A,1,1,Pseudozaphanera splendida,Tetraleurodes perileuca,FALSE,,,Animalia,Animalia,Arthropoda,Arthropoda,Insecta,Insecta,Hemiptera,Hemiptera,Aleyrodidae,Aleyrodidae,Pseudozaphanera,Tetraleurodes,0.080931842,3,"[{""species"": ""Tetraleurodes perileuca"", ""common_name"": """", ""score"": 0.12057153135538101}, {""species"": ""Aleuroplatus gelatinosus"", ""common_name"": """", ""score"": 0.10791730135679245}, {""species"": ""Pseudozaphanera splendida"", ""common_name"": """", ""score"": 0.08093184232711792}, {""species"": ""Aleuroparadoxus arctostaphyli"", ""common_name"": """", ""score"": 0.06203460693359375}, {""species"": ""Puto arctostaphyli"", ""common_name"": ""Manzanita mealybug"", ""score"": 0.02583620883524418}]"
obs_340848746_photo_620355031_box1.jpg,/rs1/researchers/a/amallav/results/outputs_crop/obs_340848746_photo_620355031_box1.jpg,obs_340848746_photo_620355031,#N/A,1,1,Aleuroparadoxus arctostaphyli,Tetraleurodes perileuca,FALSE,,,Animalia,Animalia,Arthropoda,Arthropoda,Insecta,Insecta,Hemiptera,Hemiptera,Aleyrodidae,Aleyrodidae,Aleuroparadoxus,Tetraleurodes,0.062034607,4,"[{""species"": ""Tetraleurodes perileuca"", ""common_name"": """", ""score"": 0.12057153135538101}, {""species"": ""Aleuroplatus gelatinosus"", ""common_name"": """", ""score"": 0.10791730135679245}, {""species"": ""Pseudozaphanera splendida"", ""common_name"": """", ""score"": 0.08093184232711792}, {""species"": ""Aleuroparadoxus arctostaphyli"", ""common_name"": """", ""score"": 0.06203460693359375}, {""species"": ""Puto arctostaphyli"", ""common_name"": ""Manzanita mealybug"", ""score"": 0.02583620883524418}]"
obs_340848746_photo_620355031_box1.jpg,/rs1/researchers/a/amallav/results/outputs_crop/obs_340848746_photo_620355031_box1.jpg,obs_340848746_photo_620355031,#N/A,1,1,Puto arctostaphyli,Tetraleurodes perileuca,FALSE,,Manzanita mealybug,Animalia,Animalia,Arthropoda,Arthropoda,Insecta,Insecta,Hemiptera,Hemiptera,Pseudococcidae,Aleyrodidae,Puto,Tetraleurodes,0.025836209,5,"[{""species"": ""Tetraleurodes perileuca"", ""common_name"": """", ""score"": 0.12057153135538101}, {""species"": ""Aleuroplatus gelatinosus"", ""common_name"": """", ""score"": 0.10791730135679245}, {""species"": ""Pseudozaphanera splendida"", ""common_name"": """", ""score"": 0.08093184232711792}, {""species"": ""Aleuroparadoxus arctostaphyli"", ""common_name"": """", ""score"": 0.06203460693359375}, {""species"": ""Puto arctostaphyli"", ""common_name"": ""Manzanita mealybug"", ""score"": 0.02583620883524418}]"
obs_341060278_photo_547585371_box1.jpg,/rs1/researchers/a/amallav/results/outputs_crop/obs_341060278_photo_547585371_box1.jpg,obs_341060278_photo_547585371,#N/A,1,1,Chamaenerion angustifolium,Chamaenerion angustifolium,TRUE,,Rosebay Willowherb,Plantae,Plantae,Tracheophyta,Tracheophyta,Magnoliopsida,Magnoliopsida,Myrtales,Myrtales,Onagraceae,Onagraceae,Chamaenerion,Chamaenerion,0.368428618,1,"[{""species"": ""Chamaenerion angustifolium"", ""common_name"": ""Rosebay Willowherb"", ""score"": 0.36842861771583557}, {""species"": ""Epilobium latifolium L."", ""common_name"": """", ""score"": 0.1996581256389618}, {""species"": ""Epilobium angustifolium L."", ""common_name"": """", ""score"": 0.1319015473127365}, {""species"": ""Chamaenerion speciosum"", ""common_name"": """", ""score"": 0.06519395858049393}, {""species"": ""Chamaenerion latifolium"", ""common_name"": ""river beauty"", ""score"": 0.059347547590732574}]"
obs_341060278_photo_547585371_box1.jpg,/rs1/researchers/a/amallav/results/outputs_crop/obs_341060278_photo_547585371_box1.jpg,obs_341060278_photo_547585371,#N/A,1,1,Epilobium latifolium L.,Chamaenerion angustifolium,FALSE,,,Archaeplastida,Plantae,Tracheophyta,Tracheophyta,,Magnoliopsida,Myrtales,Myrtales,Onagraceae,Onagraceae,Epilobium,Chamaenerion,0.199658126,2,"[{""species"": ""Chamaenerion angustifolium"", ""common_name"": ""Rosebay Willowherb"", ""score"": 0.36842861771583557}, {""species"": ""Epilobium latifolium L."", ""common_name"": """", ""score"": 0.1996581256389618}, {""species"": ""Epilobium angustifolium L."", ""common_name"": """", ""score"": 0.1319015473127365}, {""species"": ""Chamaenerion speciosum"", ""common_name"": """", ""score"": 0.06519395858049393}, {""species"": ""Chamaenerion latifolium"", ""common_name"": ""river beauty"", ""score"": 0.059347547590732574}]"
obs_341060278_photo_547585371_box1.jpg,/rs1/researchers/a/amallav/results/outputs_crop/obs_341060278_photo_547585371_box1.jpg,obs_341060278_photo_547585371,#N/A,1,1,Epilobium angustifolium L.,Chamaenerion angustifolium,FALSE,,,Archaeplastida,Plantae,Tracheophyta,Tracheophyta,,Magnoliopsida,Myrtales,Myrtales,Onagraceae,Onagraceae,Epilobium,Chamaenerion,0.131901547,3,"[{""species"": ""Chamaenerion angustifolium"", ""common_name"": ""Rosebay Willowherb"", ""score"": 0.36842861771583557}, {""species"": ""Epilobium latifolium L."", ""common_name"": """", ""score"": 0.1996581256389618}, {""species"": ""Epilobium angustifolium L."", ""common_name"": """", ""score"": 0.1319015473127365}, {""species"": ""Chamaenerion speciosum"", ""common_name"": """", ""score"": 0.06519395858049393}, {""species"": ""Chamaenerion latifolium"", ""common_name"": ""river beauty"", ""score"": 0.059347547590732574}]"
obs_341060278_photo_547585371_box1.jpg,/rs1/researchers/a/amallav/results/outputs_crop/obs_341060278_photo_547585371_box1.jpg,obs_341060278_photo_547585371,#N/A,1,1,Chamaenerion speciosum,Chamaenerion angustifolium,FALSE,,,Plantae,Plantae,Tracheophyta,Tracheophyta,Magnoliopsida,Magnoliopsida,Myrtales,Myrtales,Onagraceae,Onagraceae,Chamaenerion,Chamaenerion,0.065193959,4,"[{""species"": ""Chamaenerion angustifolium"", ""common_name"": ""Rosebay Willowherb"", ""score"": 0.36842861771583557}, {""species"": ""Epilobium latifolium L."", ""common_name"": """", ""score"": 0.1996581256389618}, {""species"": ""Epilobium angustifolium L."", ""common_name"": """", ""score"": 0.1319015473127365}, {""species"": ""Chamaenerion speciosum"", ""common_name"": """", ""score"": 0.06519395858049393}, {""species"": ""Chamaenerion latifolium"", ""common_name"": ""river beauty"", ""score"": 0.059347547590732574}]"
obs_341060278_photo_547585371_box1.jpg,/rs1/researchers/a/amallav/results/outputs_crop/obs_341060278_photo_547585371_box1.jpg,obs_341060278_photo_547585371,#N/A,1,1,Chamaenerion latifolium,Chamaenerion angustifolium,FALSE,,river beauty,Plantae,Plantae,Tracheophyta,Tracheophyta,Magnoliopsida,Magnoliopsida,Myrtales,Myrtales,Onagraceae,Onagraceae,Chamaenerion,Chamaenerion,0.059347548,5,"[{""species"": ""Chamaenerion angustifolium"", ""common_name"": ""Rosebay Willowherb"", ""score"": 0.36842861771583557}, {""species"": ""Epilobium latifolium L."", ""common_name"": """", ""score"": 0.1996581256389618}, {""species"": ""Epilobium angustifolium L."", ""common_name"": """", ""score"": 0.1319015473127365}, {""species"": ""Chamaenerion speciosum"", ""common_name"": """", ""score"": 0.06519395858049393}, {""species"": ""Chamaenerion latifolium"", ""common_name"": ""river beauty"", ""score"": 0.059347547590732574}]"
obs_341060278_photo_547585371_box2.jpg,/rs1/researchers/a/amallav/results/outputs_crop/obs_341060278_photo_547585371_box2.jpg,obs_341060278_photo_547585371,#N/A,2,2,Dasineura kiefferiana,Chamaenerion angustifolium,FALSE,,mjölkegallmygga,Animalia,Plantae,Arthropoda,Tracheophyta,Insecta,Magnoliopsida,Diptera,Myrtales,Cecidomyiidae,Onagraceae,Dasineura,Chamaenerion,0.077492371,1,"[{""species"": ""Dasineura kiefferiana"", ""common_name"": ""mjölkegallmygga"", ""score"": 0.0774923712015152}, {""species"": ""Podosphaera dipsacacearum"", ""common_name"": """", ""score"": 0.046424511820077896}, {""species"": ""Dasineura epilobii"", ""common_name"": ""Gederamsblomstgalmyg"", ""score"": 0.028486326336860657}, {""species"": ""Golovinomyces magnicellulatus"", ""common_name"": """", ""score"": 0.01405299361795187}, {""species"": ""Golovinomyces pseudosepultus"", ""common_name"": """", ""score"": 0.013869469985365868}]"
obs_341060278_photo_547585371_box2.jpg,/rs1/researchers/a/amallav/results/outputs_crop/obs_341060278_photo_547585371_box2.jpg,obs_341060278_photo_547585371,#N/A,2,2,Podosphaera dipsacacearum,Chamaenerion angustifolium,FALSE,,,Fungi,Plantae,Ascomycota,Tracheophyta,Leotiomycetes,Magnoliopsida,Helotiales,Myrtales,Erysiphaceae,Onagraceae,Podosphaera,Chamaenerion,0.046424512,2,"[{""species"": ""Dasineura kiefferiana"", ""common_name"": ""mjölkegallmygga"", ""score"": 0.0774923712015152}, {""species"": ""Podosphaera dipsacacearum"", ""common_name"": """", ""score"": 0.046424511820077896}, {""species"": ""Dasineura epilobii"", ""common_name"": ""Gederamsblomstgalmyg"", ""score"": 0.028486326336860657}, {""species"": ""Golovinomyces magnicellulatus"", ""common_name"": """", ""score"": 0.01405299361795187}, {""species"": ""Golovinomyces pseudosepultus"", ""common_name"": """", ""score"": 0.013869469985365868}]"
obs_341060278_photo_547585371_box2.jpg,/rs1/researchers/a/amallav/results/outputs_crop/obs_341060278_photo_547585371_box2.jpg,obs_341060278_photo_547585371,#N/A,2,2,Dasineura epilobii,Chamaenerion angustifolium,FALSE,,Gederamsblomstgalmyg,Animalia,Plantae,Arthropoda,Tracheophyta,Insecta,Magnoliopsida,Diptera,Myrtales,Cecidomyiidae,Onagraceae,Dasineura,Chamaenerion,0.028486326,3,"[{""species"": ""Dasineura kiefferiana"", ""common_name"": ""mjölkegallmygga"", ""score"": 0.0774923712015152}, {""species"": ""Podosphaera dipsacacearum"", ""common_name"": """", ""score"": 0.046424511820077896}, {""species"": ""Dasineura epilobii"", ""common_name"": ""Gederamsblomstgalmyg"", ""score"": 0.028486326336860657}, {""species"": ""Golovinomyces magnicellulatus"", ""common_name"": """", ""score"": 0.01405299361795187}, {""species"": ""Golovinomyces pseudosepultus"", ""common_name"": """", ""score"": 0.013869469985365868}]"
obs_341060278_photo_547585371_box2.jpg,/rs1/researchers/a/amallav/results/outputs_crop/obs_341060278_photo_547585371_box2.jpg,obs_341060278_photo_547585371,#N/A,2,2,Golovinomyces magnicellulatus,Chamaenerion angustifolium,FALSE,,,Fungi,Plantae,Ascomycota,Tracheophyta,Leotiomycetes,Magnoliopsida,Helotiales,Myrtales,Erysiphaceae,Onagraceae,Golovinomyces,Chamaenerion,0.014052994,4,"[{""species"": ""Dasineura kiefferiana"", ""common_name"": ""mjölkegallmygga"", ""score"": 0.0774923712015152}, {""species"": ""Podosphaera dipsacacearum"", ""common_name"": """", ""score"": 0.046424511820077896}, {""species"": ""Dasineura epilobii"", ""common_name"": ""Gederamsblomstgalmyg"", ""score"": 0.028486326336860657}, {""species"": ""Golovinomyces magnicellulatus"", ""common_name"": """", ""score"": 0.01405299361795187}, {""species"": ""Golovinomyces pseudosepultus"", ""common_name"": """", ""score"": 0.013869469985365868}]"
obs_341060278_photo_547585371_box2.jpg,/rs1/researchers/a/amallav/results/outputs_crop/obs_341060278_photo_547585371_box2.jpg,obs_341060278_photo_547585371,#N/A,2,2,Golovinomyces pseudosepultus,Chamaenerion angustifolium,FALSE,,,Fungi,Plantae,Ascomycota,Tracheophyta,Leotiomycetes,Magnoliopsida,Helotiales,Myrtales,Erysiphaceae,Onagraceae,Golovinomyces,Chamaenerion,0.01386947,5,"[{""species"": ""Dasineura kiefferiana"", ""common_name"": ""mjölkegallmygga"", ""score"": 0.0774923712015152}, {""species"": ""Podosphaera dipsacacearum"", ""common_name"": """", ""score"": 0.046424511820077896}, {""species"": ""Dasineura epilobii"", ""common_name"": ""Gederamsblomstgalmyg"", ""score"": 0.028486326336860657}, {""species"": ""Golovinomyces magnicellulatus"", ""common_name"": """", ""score"": 0.01405299361795187}, {""species"": ""Golovinomyces pseudosepultus"", ""common_name"": """", ""score"": 0.013869469985365868}]"
obs_341060278_photo_547585371_box3.jpg,/rs1/researchers/a/amallav/results/outputs_crop/obs_341060278_photo_547585371_box3.jpg,obs_341060278_photo_547585371,#N/A,3,3,Erysiphe mayorii,Chamaenerion angustifolium,FALSE,,,Fungi,Plantae,Ascomycota,Tracheophyta,Leotiomycetes,Magnoliopsida,Helotiales,Myrtales,Erysiphaceae,Onagraceae,Erysiphe,Chamaenerion,0.355631292,1,"[{""species"": ""Erysiphe mayorii"", ""common_name"": """", ""score"": 0.3556312918663025}, {""species"": ""Golovinomyces magnicellulatus"", ""common_name"": """", ""score"": 0.15318165719509125}, {""species"": ""Podosphaera dipsacacearum"", ""common_name"": """", ""score"": 0.018292848020792007}, {""species"": ""Golovinomyces montagnei"", ""common_name"": """", ""score"": 0.01674029231071472}, {""species"": ""Golovinomyces inulae"", ""common_name"": """", ""score"": 0.011416757479310036}]"
obs_341060278_photo_547585371_box3.jpg,/rs1/researchers/a/amallav/results/outputs_crop/obs_341060278_photo_547585371_box3.jpg,obs_341060278_photo_547585371,#N/A,3,3,Golovinomyces magnicellulatus,Chamaenerion angustifolium,FALSE,,,Fungi,Plantae,Ascomycota,Tracheophyta,Leotiomycetes,Magnoliopsida,Helotiales,Myrtales,Erysiphaceae,Onagraceae,Golovinomyces,Chamaenerion,0.153181657,2,"[{""species"": ""Erysiphe mayorii"", ""common_name"": """", ""score"": 0.3556312918663025}, {""species"": ""Golovinomyces magnicellulatus"", ""common_name"": """", ""score"": 0.15318165719509125}, {""species"": ""Podosphaera dipsacacearum"", ""common_name"": """", ""score"": 0.018292848020792007}, {""species"": ""Golovinomyces montagnei"", ""common_name"": """", ""score"": 0.01674029231071472}, {""species"": ""Golovinomyces inulae"", ""common_name"": """", ""score"": 0.011416757479310036}]"
obs_341060278_photo_547585371_box3.jpg,/rs1/researchers/a/amallav/results/outputs_crop/obs_341060278_photo_547585371_box3.jpg,obs_341060278_photo_547585371,#N/A,3,3,Podosphaera dipsacacearum,Chamaenerion angustifolium,FALSE,,,Fungi,Plantae,Ascomycota,Tracheophyta,Leotiomycetes,Magnoliopsida,Helotiales,Myrtales,Erysiphaceae,Onagraceae,Podosphaera,Chamaenerion,0.018292848,3,"[{""species"": ""Erysiphe mayorii"", ""common_name"": """", ""score"": 0.3556312918663025}, {""species"": ""Golovinomyces magnicellulatus"", ""common_name"": """", ""score"": 0.15318165719509125}, {""species"": ""Podosphaera dipsacacearum"", ""common_name"": """", ""score"": 0.018292848020792007}, {""species"": ""Golovinomyces montagnei"", ""common_name"": """", ""score"": 0.01674029231071472}, {""species"": ""Golovinomyces inulae"", ""common_name"": """", ""score"": 0.011416757479310036}]"
obs_341060278_photo_547585371_box3.jpg,/rs1/researchers/a/amallav/results/outputs_crop/obs_341060278_photo_547585371_box3.jpg,obs_341060278_photo_547585371,#N/A,3,3,Golovinomyces montagnei,Chamaenerion angustifolium,FALSE,,,Fungi,Plantae,Ascomycota,Tracheophyta,Leotiomycetes,Magnoliopsida,Helotiales,Myrtales,Erysiphaceae,Onagraceae,Golovinomyces,Chamaenerion,0.016740292,4,"[{""species"": ""Erysiphe mayorii"", ""common_name"": """", ""score"": 0.3556312918663025}, {""species"": ""Golovinomyces magnicellulatus"", ""common_name"": """", ""score"": 0.15318165719509125}, {""species"": ""Podosphaera dipsacacearum"", ""common_name"": """", ""score"": 0.018292848020792007}, {""species"": ""Golovinomyces montagnei"", ""common_name"": """", ""score"": 0.01674029231071472}, {""species"": ""Golovinomyces inulae"", ""common_name"": """", ""score"": 0.011416757479310036}]"
obs_341060278_photo_547585371_box3.jpg,/rs1/researchers/a/amallav/results/outputs_crop/obs_341060278_photo_547585371_box3.jpg,obs_341060278_photo_547585371,#N/A,3,3,Golovinomyces inulae,Chamaenerion angustifolium,FALSE,,,Fungi,Plantae,Ascomycota,Tracheophyta,Leotiomycetes,Magnoliopsida,Helotiales,Myrtales,Erysiphaceae,Onagraceae,Golovinomyces,Chamaenerion,0.011416757,5,"[{""species"": ""Erysiphe mayorii"", ""common_name"": """", ""score"": 0.3556312918663025}, {""species"": ""Golovinomyces magnicellulatus"", ""common_name"": """", ""score"": 0.15318165719509125}, {""species"": ""Podosphaera dipsacacearum"", ""common_name"": """", ""score"": 0.018292848020792007}, {""species"": ""Golovinomyces montagnei"", ""common_name"": """", ""score"": 0.01674029231071472}, {""species"": ""Golovinomyces inulae"", ""common_name"": """", ""score"": 0.011416757479310036}]"
obs_341060278_photo_547585371_box4.jpg,/rs1/researchers/a/amallav/results/outputs_crop/obs_341060278_photo_547585371_box4.jpg,obs_341060278_photo_547585371,#N/A,4,4,Artemisia longifolia,Chamaenerion angustifolium,FALSE,,Long-leaved mugwort,Plantae,Plantae,Tracheophyta,Tracheophyta,Magnoliopsida,Magnoliopsida,Asterales,Myrtales,Asteraceae,Onagraceae,Artemisia,Chamaenerion,0.144722819,1,"[{""species"": ""Artemisia longifolia"", ""common_name"": ""Long-leaved mugwort"", ""score"": 0.1447228193283081}, {""species"": ""Artemisia douglasiana"", ""common_name"": ""Northwest mugwort"", ""score"": 0.06886528432369232}, {""species"": ""Artemisia tilesii"", ""common_name"": ""Aleutian mugwort"", ""score"": 0.06432972103357315}, {""species"": ""Artemisia ludoviciana"", ""common_name"": ""Western mugwort"", ""score"": 0.04068010672926903}, {""species"": ""Helianthus glaucophyllus"", ""common_name"": ""White-leaf sunflower"", ""score"": 0.040162019431591034}]"
obs_341060278_photo_547585371_box4.jpg,/rs1/researchers/a/amallav/results/outputs_crop/obs_341060278_photo_547585371_box4.jpg,obs_341060278_photo_547585371,#N/A,4,4,Artemisia douglasiana,Chamaenerion angustifolium,FALSE,,Northwest mugwort,Plantae,Plantae,Tracheophyta,Tracheophyta,Magnoliopsida,Magnoliopsida,Asterales,Myrtales,Asteraceae,Onagraceae,Artemisia,Chamaenerion,0.068865284,2,"[{""species"": ""Artemisia longifolia"", ""common_name"": ""Long-leaved mugwort"", ""score"": 0.1447228193283081}, {""species"": ""Artemisia douglasiana"", ""common_name"": ""Northwest mugwort"", ""score"": 0.06886528432369232}, {""species"": ""Artemisia tilesii"", ""common_name"": ""Aleutian mugwort"", ""score"": 0.06432972103357315}, {""species"": ""Artemisia ludoviciana"", ""common_name"": ""Western mugwort"", ""score"": 0.04068010672926903}, {""species"": ""Helianthus glaucophyllus"", ""common_name"": ""White-leaf sunflower"", ""score"": 0.040162019431591034}]"
obs_341060278_photo_547585371_box4.jpg,/rs1/researchers/a/amallav/results/outputs_crop/obs_341060278_photo_547585371_box4.jpg,obs_341060278_photo_547585371,#N/A,4,4,Artemisia tilesii,Chamaenerion angustifolium,FALSE,,Aleutian mugwort,Plantae,Plantae,Tracheophyta,Tracheophyta,Magnoliopsida,Magnoliopsida,Asterales,Myrtales,Asteraceae,Onagraceae,Artemisia,Chamaenerion,0.064329721,3,"[{""species"": ""Artemisia longifolia"", ""common_name"": ""Long-leaved mugwort"", ""score"": 0.1447228193283081}, {""species"": ""Artemisia douglasiana"", ""common_name"": ""Northwest mugwort"", ""score"": 0.06886528432369232}, {""species"": ""Artemisia tilesii"", ""common_name"": ""Aleutian mugwort"", ""score"": 0.06432972103357315}, {""species"": ""Artemisia ludoviciana"", ""common_name"": ""Western mugwort"", ""score"": 0.04068010672926903}, {""species"": ""Helianthus glaucophyllus"", ""common_name"": ""White-leaf sunflower"", ""score"": 0.040162019431591034}]"
obs_341060278_photo_547585371_box4.jpg,/rs1/researchers/a/amallav/results/outputs_crop/obs_341060278_photo_547585371_box4.jpg,obs_341060278_photo_547585371,#N/A,4,4,Artemisia ludoviciana,Chamaenerion angustifolium,FALSE,,Western mugwort,Plantae,Plantae,Tracheophyta,Tracheophyta,Magnoliopsida,Magnoliopsida,Asterales,Myrtales,Asteraceae,Onagraceae,Artemisia,Chamaenerion,0.040680107,4,"[{""species"": ""Artemisia longifolia"", ""common_name"": ""Long-leaved mugwort"", ""score"": 0.1447228193283081}, {""species"": ""Artemisia douglasiana"", ""common_name"": ""Northwest mugwort"", ""score"": 0.06886528432369232}, {""species"": ""Artemisia tilesii"", ""common_name"": ""Aleutian mugwort"", ""score"": 0.06432972103357315}, {""species"": ""Artemisia ludoviciana"", ""common_name"": ""Western mugwort"", ""score"": 0.04068010672926903}, {""species"": ""Helianthus glaucophyllus"", ""common_name"": ""White-leaf sunflower"", ""score"": 0.040162019431591034}]"
obs_341060278_photo_547585371_box4.jpg,/rs1/researchers/a/amallav/results/outputs_crop/obs_341060278_photo_547585371_box4.jpg,obs_341060278_photo_547585371,#N/A,4,4,Helianthus glaucophyllus,Chamaenerion angustifolium,FALSE,,White-leaf sunflower,Plantae,Plantae,Tracheophyta,Tracheophyta,Magnoliopsida,Magnoliopsida,Asterales,Myrtales,Asteraceae,Onagraceae,Helianthus,Chamaenerion,0.040162019,5,"[{""species"": ""Artemisia longifolia"", ""common_name"": ""Long-leaved mugwort"", ""score"": 0.1447228193283081}, {""species"": ""Artemisia douglasiana"", ""common_name"": ""Northwest mugwort"", ""score"": 0.06886528432369232}, {""species"": ""Artemisia tilesii"", ""common_name"": ""Aleutian mugwort"", ""score"": 0.06432972103357315}, {""species"": ""Artemisia ludoviciana"", ""common_name"": ""Western mugwort"", ""score"": 0.04068010672926903}, {""species"": ""Helianthus glaucophyllus"", ""common_name"": ""White-leaf sunflower"", ""score"": 0.040162019431591034}]"
obs_341060278_photo_547585371_box5.jpg,/rs1/researchers/a/amallav/results/outputs_crop/obs_341060278_photo_547585371_box5.jpg,obs_341060278_photo_547585371,#N/A,5,5,Apis mellifera,Chamaenerion angustifolium,FALSE,,Honey bee,Animalia,Plantae,Arthropoda,Tracheophyta,Insecta,Magnoliopsida,Hymenoptera,Myrtales,Apidae,Onagraceae,Apis,Chamaenerion,0.472366095,1,"[{""species"": ""Apis mellifera"", ""common_name"": ""Honey bee"", ""score"": 0.4723660945892334}, {""species"": ""Apis bombylans"", ""common_name"": """", ""score"": 0.05637349188327789}, {""species"": ""Varroa destructor"", ""common_name"": ""Honey bee mite"", ""score"": 0.05413821339607239}, {""species"": ""Braula coeca"", ""common_name"": ""Bee lice"", ""score"": 0.021490707993507385}, {""species"": ""Apis cerana"", ""common_name"": ""Honey bee"", ""score"": 0.014637957327067852}]"
obs_341060278_photo_547585371_box5.jpg,/rs1/researchers/a/amallav/results/outputs_crop/obs_341060278_photo_547585371_box5.jpg,obs_341060278_photo_547585371,#N/A,5,5,Apis bombylans,Chamaenerion angustifolium,FALSE,,,Animalia,Plantae,,Tracheophyta,,Magnoliopsida,,Myrtales,,Onagraceae,Apis,Chamaenerion,0.056373492,2,"[{""species"": ""Apis mellifera"", ""common_name"": ""Honey bee"", ""score"": 0.4723660945892334}, {""species"": ""Apis bombylans"", ""common_name"": """", ""score"": 0.05637349188327789}, {""species"": ""Varroa destructor"", ""common_name"": ""Honey bee mite"", ""score"": 0.05413821339607239}, {""species"": ""Braula coeca"", ""common_name"": ""Bee lice"", ""score"": 0.021490707993507385}, {""species"": ""Apis cerana"", ""common_name"": ""Honey bee"", ""score"": 0.014637957327067852}]"
obs_341060278_photo_547585371_box5.jpg,/rs1/researchers/a/amallav/results/outputs_crop/obs_341060278_photo_547585371_box5.jpg,obs_341060278_photo_547585371,#N/A,5,5,Varroa destructor,Chamaenerion angustifolium,FALSE,,Honey bee mite,Animalia,Plantae,Arthropoda,Tracheophyta,Arachnida,Magnoliopsida,Mesostigmata,Myrtales,Varroidae,Onagraceae,Varroa,Chamaenerion,0.054138213,3,"[{""species"": ""Apis mellifera"", ""common_name"": ""Honey bee"", ""score"": 0.4723660945892334}, {""species"": ""Apis bombylans"", ""common_name"": """", ""score"": 0.05637349188327789}, {""species"": ""Varroa destructor"", ""common_name"": ""Honey bee mite"", ""score"": 0.05413821339607239}, {""species"": ""Braula coeca"", ""common_name"": ""Bee lice"", ""score"": 0.021490707993507385}, {""species"": ""Apis cerana"", ""common_name"": ""Honey bee"", ""score"": 0.014637957327067852}]"
obs_341060278_photo_547585371_box5.jpg,/rs1/researchers/a/amallav/results/outputs_crop/obs_341060278_photo_547585371_box5.jpg,obs_341060278_photo_547585371,#N/A,5,5,Braula coeca,Chamaenerion angustifolium,FALSE,,Bee lice,Animalia,Plantae,Arthropoda,Tracheophyta,Insecta,Magnoliopsida,Diptera,Myrtales,Drosophilidae,Onagraceae,Braula,Chamaenerion,0.021490708,4,"[{""species"": ""Apis mellifera"", ""common_name"": ""Honey bee"", ""score"": 0.4723660945892334}, {""species"": ""Apis bombylans"", ""common_name"": """", ""score"": 0.05637349188327789}, {""species"": ""Varroa destructor"", ""common_name"": ""Honey bee mite"", ""score"": 0.05413821339607239}, {""species"": ""Braula coeca"", ""common_name"": ""Bee lice"", ""score"": 0.021490707993507385}, {""species"": ""Apis cerana"", ""common_name"": ""Honey bee"", ""score"": 0.014637957327067852}]"
obs_341060278_photo_547585371_box5.jpg,/rs1/researchers/a/amallav/results/outputs_crop/obs_341060278_photo_547585371_box5.jpg,obs_341060278_photo_547585371,#N/A,5,5,Apis cerana,Chamaenerion angustifolium,FALSE,,Honey bee,Animalia,Plantae,Arthropoda,Tracheophyta,Insecta,Magnoliopsida,Hymenoptera,Myrtales,Apidae,Onagraceae,Apis,Chamaenerion,0.014637957,5,"[{""species"": ""Apis mellifera"", ""common_name"": ""Honey bee"", ""score"": 0.4723660945892334}, {""species"": ""Apis bombylans"", ""common_name"": """", ""score"": 0.05637349188327789}, {""species"": ""Varroa destructor"", ""common_name"": ""Honey bee mite"", ""score"": 0.05413821339607239}, {""species"": ""Braula coeca"", ""common_name"": ""Bee lice"", ""score"": 0.021490707993507385}, {""species"": ""Apis cerana"", ""common_name"": ""Honey bee"", ""score"": 0.014637957327067852}]"
obs_341067936_photo_620805844_box1.jpg,/rs1/researchers/a/amallav/results/outputs_crop/obs_341067936_photo_620805844_box1.jpg,obs_341067936_photo_620805844,#N/A,1,1,Apis mellifera,Apis mellifera,TRUE,,Honey bee,Animalia,Animalia,Arthropoda,Arthropoda,Insecta,Insecta,Hymenoptera,Hymenoptera,Apidae,Apidae,Apis,Apis,0.303833991,1,"[{""species"": ""Apis mellifera"", ""common_name"": ""Honey bee"", ""score"": 0.3038339912891388}, {""species"": ""Hesperapis cockerelli"", ""common_name"": """", ""score"": 0.019575349986553192}, {""species"": ""Andrena balsamorhizae"", ""common_name"": """", ""score"": 0.017149774357676506}, {""species"": ""Varroa destructor"", ""common_name"": ""Honey bee mite"", ""score"": 0.009883061051368713}, {""species"": ""Lasioglossum actinosum"", ""common_name"": """", ""score"": 0.006917778868228197}]"
obs_341067936_photo_620805844_box1.jpg,/rs1/researchers/a/amallav/results/outputs_crop/obs_341067936_photo_620805844_box1.jpg,obs_341067936_photo_620805844,#N/A,1,1,Hesperapis cockerelli,Apis mellifera,FALSE,,,Animalia,Animalia,Arthropoda,Arthropoda,Insecta,Insecta,Hymenoptera,Hymenoptera,Melittidae,Apidae,Hesperapis,Apis,0.01957535,2,"[{""species"": ""Apis mellifera"", ""common_name"": ""Honey bee"", ""score"": 0.3038339912891388}, {""species"": ""Hesperapis cockerelli"", ""common_name"": """", ""score"": 0.019575349986553192}, {""species"": ""Andrena balsamorhizae"", ""common_name"": """", ""score"": 0.017149774357676506}, {""species"": ""Varroa destructor"", ""common_name"": ""Honey bee mite"", ""score"": 0.009883061051368713}, {""species"": ""Lasioglossum actinosum"", ""common_name"": """", ""score"": 0.006917778868228197}]"
obs_341067936_photo_620805844_box1.jpg,/rs1/researchers/a/amallav/results/outputs_crop/obs_341067936_photo_620805844_box1.jpg,obs_341067936_photo_620805844,#N/A,1,1,Andrena balsamorhizae,Apis mellifera,FALSE,,,Animalia,Animalia,Arthropoda,Arthropoda,Insecta,Insecta,Hymenoptera,Hymenoptera,Andrenidae,Apidae,Andrena,Apis,0.017149774,3,"[{""species"": ""Apis mellifera"", ""common_name"": ""Honey bee"", ""score"": 0.3038339912891388}, {""species"": ""Hesperapis cockerelli"", ""common_name"": """", ""score"": 0.019575349986553192}, {""species"": ""Andrena balsamorhizae"", ""common_name"": """", ""score"": 0.017149774357676506}, {""species"": ""Varroa destructor"", ""common_name"": ""Honey bee mite"", ""score"": 0.009883061051368713}, {""species"": ""Lasioglossum actinosum"", ""common_name"": """", ""score"": 0.006917778868228197}]"
obs_341067936_photo_620805844_box1.jpg,/rs1/researchers/a/amallav/results/outputs_crop/obs_341067936_photo_620805844_box1.jpg,obs_341067936_photo_620805844,#N/A,1,1,Varroa destructor,Apis mellifera,FALSE,,Honey bee mite,Animalia,Animalia,Arthropoda,Arthropoda,Arachnida,Insecta,Mesostigmata,Hymenoptera,Varroidae,Apidae,Varroa,Apis,0.009883061,4,"[{""species"": ""Apis mellifera"", ""common_name"": ""Honey bee"", ""score"": 0.3038339912891388}, {""species"": ""Hesperapis cockerelli"", ""common_name"": """", ""score"": 0.019575349986553192}, {""species"": ""Andrena balsamorhizae"", ""common_name"": """", ""score"": 0.017149774357676506}, {""species"": ""Varroa destructor"", ""common_name"": ""Honey bee mite"", ""score"": 0.009883061051368713}, {""species"": ""Lasioglossum actinosum"", ""common_name"": """", ""score"": 0.006917778868228197}]"
obs_341067936_photo_620805844_box1.jpg,/rs1/researchers/a/amallav/results/outputs_crop/obs_341067936_photo_620805844_box1.jpg,obs_341067936_photo_620805844,#N/A,1,1,Lasioglossum actinosum,Apis mellifera,FALSE,,,Animalia,Animalia,Arthropoda,Arthropoda,Insecta,Insecta,Hymenoptera,Hymenoptera,Halictidae,Apidae,Lasioglossum,Apis,0.006917779,5,"[{""species"": ""Apis mellifera"", ""common_name"": ""Honey bee"", ""score"": 0.3038339912891388}, {""species"": ""Hesperapis cockerelli"", ""common_name"": """", ""score"": 0.019575349986553192}, {""species"": ""Andrena balsamorhizae"", ""common_name"": """", ""score"": 0.017149774357676506}, {""species"": ""Varroa destructor"", ""common_name"": ""Honey bee mite"", ""score"": 0.009883061051368713}, {""species"": ""Lasioglossum actinosum"", ""common_name"": """", ""score"": 0.006917778868228197}]"
obs_341067936_photo_620805844_box2.jpg,/rs1/researchers/a/amallav/results/outputs_crop/obs_341067936_photo_620805844_box2.jpg,obs_341067936_photo_620805844,#N/A,2,2,Apis mellifera,Apis mellifera,TRUE,,Honey bee,Animalia,Animalia,Arthropoda,Arthropoda,Insecta,Insecta,Hymenoptera,Hymenoptera,Apidae,Apidae,Apis,Apis,0.24210763,1,"[{""species"": ""Apis mellifera"", ""common_name"": ""Honey bee"", ""score"": 0.24210762977600098}, {""species"": ""Andrena balsamorhizae"", ""common_name"": """", ""score"": 0.019694091752171516}, {""species"": ""Varroa destructor"", ""common_name"": ""Honey bee mite"", ""score"": 0.012165156193077564}, {""species"": ""Hesperapis cockerelli"", ""common_name"": """", ""score"": 0.01139493566006422}, {""species"": ""Melissoptila tandilensis"", ""common_name"": """", ""score"": 0.010660053230822086}]"
obs_341067936_photo_620805844_box2.jpg,/rs1/researchers/a/amallav/results/outputs_crop/obs_341067936_photo_620805844_box2.jpg,obs_341067936_photo_620805844,#N/A,2,2,Andrena balsamorhizae,Apis mellifera,FALSE,,,Animalia,Animalia,Arthropoda,Arthropoda,Insecta,Insecta,Hymenoptera,Hymenoptera,Andrenidae,Apidae,Andrena,Apis,0.019694092,2,"[{""species"": ""Apis mellifera"", ""common_name"": ""Honey bee"", ""score"": 0.24210762977600098}, {""species"": ""Andrena balsamorhizae"", ""common_name"": """", ""score"": 0.019694091752171516}, {""species"": ""Varroa destructor"", ""common_name"": ""Honey bee mite"", ""score"": 0.012165156193077564}, {""species"": ""Hesperapis cockerelli"", ""common_name"": """", ""score"": 0.01139493566006422}, {""species"": ""Melissoptila tandilensis"", ""common_name"": """", ""score"": 0.010660053230822086}]"
obs_341067936_photo_620805844_box2.jpg,/rs1/researchers/a/amallav/results/outputs_crop/obs_341067936_photo_620805844_box2.jpg,obs_341067936_photo_620805844,#N/A,2,2,Varroa destructor,Apis mellifera,FALSE,,Honey bee mite,Animalia,Animalia,Arthropoda,Arthropoda,Arachnida,Insecta,Mesostigmata,Hymenoptera,Varroidae,Apidae,Varroa,Apis,0.012165156,3,"[{""species"": ""Apis mellifera"", ""common_name"": ""Honey bee"", ""score"": 0.24210762977600098}, {""species"": ""Andrena balsamorhizae"", ""common_name"": """", ""score"": 0.019694091752171516}, {""species"": ""Varroa destructor"", ""common_name"": ""Honey bee mite"", ""score"": 0.012165156193077564}, {""species"": ""Hesperapis cockerelli"", ""common_name"": """", ""score"": 0.01139493566006422}, {""species"": ""Melissoptila tandilensis"", ""common_name"": """", ""score"": 0.010660053230822086}]"
obs_341067936_photo_620805844_box2.jpg,/rs1/researchers/a/amallav/results/outputs_crop/obs_341067936_photo_620805844_box2.jpg,obs_341067936_photo_620805844,#N/A,2,2,Hesperapis cockerelli,Apis mellifera,FALSE,,,Animalia,Animalia,Arthropoda,Arthropoda,Insecta,Insecta,Hymenoptera,Hymenoptera,Melittidae,Apidae,Hesperapis,Apis,0.011394936,4,"[{""species"": ""Apis mellifera"", ""common_name"": ""Honey bee"", ""score"": 0.24210762977600098}, {""species"": ""Andrena balsamorhizae"", ""common_name"": """", ""score"": 0.019694091752171516}, {""species"": ""Varroa destructor"", ""common_name"": ""Honey bee mite"", ""score"": 0.012165156193077564}, {""species"": ""Hesperapis cockerelli"", ""common_name"": """", ""score"": 0.01139493566006422}, {""species"": ""Melissoptila tandilensis"", ""common_name"": """", ""score"": 0.010660053230822086}]"
obs_341067936_photo_620805844_box2.jpg,/rs1/researchers/a/amallav/results/outputs_crop/obs_341067936_photo_620805844_box2.jpg,obs_341067936_photo_620805844,#N/A,2,2,Melissoptila tandilensis,Apis mellifera,FALSE,,,Animalia,Animalia,Arthropoda,Arthropoda,Insecta,Insecta,Hymenoptera,Hymenoptera,Apidae,Apidae,Melissoptila,Apis,0.010660053,5,"[{""species"": ""Apis mellifera"", ""common_name"": ""Honey bee"", ""score"": 0.24210762977600098}, {""species"": ""Andrena balsamorhizae"", ""common_name"": """", ""score"": 0.019694091752171516}, {""species"": ""Varroa destructor"", ""common_name"": ""Honey bee mite"", ""score"": 0.012165156193077564}, {""species"": ""Hesperapis cockerelli"", ""common_name"": """", ""score"": 0.01139493566006422}, {""species"": ""Melissoptila tandilensis"", ""common_name"": """", ""score"": 0.010660053230822086}]"
obs_341067936_photo_620805844_box3.jpg,/rs1/researchers/a/amallav/results/outputs_crop/obs_341067936_photo_620805844_box3.jpg,obs_341067936_photo_620805844,#N/A,3,3,Apis mellifera,Apis mellifera,TRUE,,Honey bee,Animalia,Animalia,Arthropoda,Arthropoda,Insecta,Insecta,Hymenoptera,Hymenoptera,Apidae,Apidae,Apis,Apis,0.336590558,1,"[{""species"": ""Apis mellifera"", ""common_name"": ""Honey bee"", ""score"": 0.33659055829048157}, {""species"": ""Clematis pauciflora"", ""common_name"": """", ""score"": 0.03857629373669624}, {""species"": ""Clematis drummondii"", ""common_name"": ""Texas virgin's bower"", ""score"": 0.019818780943751335}, {""species"": ""Hesperapis cockerelli"", ""common_name"": """", ""score"": 0.012655672617256641}, {""species"": ""Varroa destructor"", ""common_name"": ""Honey bee mite"", ""score"": 0.007162186782807112}]"
obs_341067936_photo_620805844_box3.jpg,/rs1/researchers/a/amallav/results/outputs_crop/obs_341067936_photo_620805844_box3.jpg,obs_341067936_photo_620805844,#N/A,3,3,Clematis pauciflora,Apis mellifera,FALSE,,,Plantae,Animalia,Tracheophyta,Arthropoda,Magnoliopsida,Insecta,Ranunculales,Hymenoptera,Ranunculaceae,Apidae,Clematis,Apis,0.038576294,2,"[{""species"": ""Apis mellifera"", ""common_name"": ""Honey bee"", ""score"": 0.33659055829048157}, {""species"": ""Clematis pauciflora"", ""common_name"": """", ""score"": 0.03857629373669624}, {""species"": ""Clematis drummondii"", ""common_name"": ""Texas virgin's bower"", ""score"": 0.019818780943751335}, {""species"": ""Hesperapis cockerelli"", ""common_name"": """", ""score"": 0.012655672617256641}, {""species"": ""Varroa destructor"", ""common_name"": ""Honey bee mite"", ""score"": 0.007162186782807112}]"
obs_341067936_photo_620805844_box3.jpg,/rs1/researchers/a/amallav/results/outputs_crop/obs_341067936_photo_620805844_box3.jpg,obs_341067936_photo_620805844,#N/A,3,3,Clematis drummondii,Apis mellifera,FALSE,,Texas virgin's bower,Plantae,Animalia,Tracheophyta,Arthropoda,Magnoliopsida,Insecta,Ranunculales,Hymenoptera,Ranunculaceae,Apidae,Clematis,Apis,0.019818781,3,"[{""species"": ""Apis mellifera"", ""common_name"": ""Honey bee"", ""score"": 0.33659055829048157}, {""species"": ""Clematis pauciflora"", ""common_name"": """", ""score"": 0.03857629373669624}, {""species"": ""Clematis drummondii"", ""common_name"": ""Texas virgin's bower"", ""score"": 0.019818780943751335}, {""species"": ""Hesperapis cockerelli"", ""common_name"": """", ""score"": 0.012655672617256641}, {""species"": ""Varroa destructor"", ""common_name"": ""Honey bee mite"", ""score"": 0.007162186782807112}]"
obs_341067936_photo_620805844_box3.jpg,/rs1/researchers/a/amallav/results/outputs_crop/obs_341067936_photo_620805844_box3.jpg,obs_341067936_photo_620805844,#N/A,3,3,Hesperapis cockerelli,Apis mellifera,FALSE,,,Animalia,Animalia,Arthropoda,Arthropoda,Insecta,Insecta,Hymenoptera,Hymenoptera,Melittidae,Apidae,Hesperapis,Apis,0.012655673,4,"[{""species"": ""Apis mellifera"", ""common_name"": ""Honey bee"", ""score"": 0.33659055829048157}, {""species"": ""Clematis pauciflora"", ""common_name"": """", ""score"": 0.03857629373669624}, {""species"": ""Clematis drummondii"", ""common_name"": ""Texas virgin's bower"", ""score"": 0.019818780943751335}, {""species"": ""Hesperapis cockerelli"", ""common_name"": """", ""score"": 0.012655672617256641}, {""species"": ""Varroa destructor"", ""common_name"": ""Honey bee mite"", ""score"": 0.007162186782807112}]"
obs_341067936_photo_620805844_box3.jpg,/rs1/researchers/a/amallav/results/outputs_crop/obs_341067936_photo_620805844_box3.jpg,obs_341067936_photo_620805844,#N/A,3,3,Varroa destructor,Apis mellifera,FALSE,,Honey bee mite,Animalia,Animalia,Arthropoda,Arthropoda,Arachnida,Insecta,Mesostigmata,Hymenoptera,Varroidae,Apidae,Varroa,Apis,0.007162187,5,"[{""species"": ""Apis mellifera"", ""common_name"": ""Honey bee"", ""score"": 0.33659055829048157}, {""species"": ""Clematis pauciflora"", ""common_name"": """", ""score"": 0.03857629373669624}, {""species"": ""Clematis drummondii"", ""common_name"": ""Texas virgin's bower"", ""score"": 0.019818780943751335}, {""species"": ""Hesperapis cockerelli"", ""common_name"": """", ""score"": 0.012655672617256641}, {""species"": ""Varroa destructor"", ""common_name"": ""Honey bee mite"", ""score"": 0.007162186782807112}]"
obs_341194952_photo_621071156_box1.jpg,/rs1/researchers/a/amallav/results/outputs_crop/obs_341194952_photo_621071156_box1.jpg,obs_341194952_photo_621071156,#N/A,1,1,Ardea alba,Ardea alba,TRUE,,Great Egret,Animalia,Animalia,Chordata,Chordata,Aves,Aves,Pelecaniformes,Pelecaniformes,Ardeidae,Ardeidae,Ardea,Ardea,0.670640886,1,"[{""species"": ""Ardea alba"", ""common_name"": ""Great Egret"", ""score"": 0.6706408858299255}, {""species"": ""Ardea modesta"", ""common_name"": ""Great Egret"", ""score"": 0.31550514698028564}, {""species"": ""Egretta thula"", ""common_name"": ""Snowy Egret"", ""score"": 0.0006827852339483798}, {""species"": ""Egretta intermedia"", ""common_name"": ""Plumed Egret"", ""score"": 0.0004964474937878549}, {""species"": ""Botaurus lentiginosus"", ""common_name"": ""American bittern"", ""score"": 0.00017895900236908346}]"
obs_341194952_photo_621071156_box1.jpg,/rs1/researchers/a/amallav/results/outputs_crop/obs_341194952_photo_621071156_box1.jpg,obs_341194952_photo_621071156,#N/A,1,1,Ardea modesta,Ardea alba,FALSE,,Great Egret,Animalia,Animalia,Chordata,Chordata,Aves,Aves,Pelecaniformes,Pelecaniformes,Ardeidae,Ardeidae,Ardea,Ardea,0.315505147,2,"[{""species"": ""Ardea alba"", ""common_name"": ""Great Egret"", ""score"": 0.6706408858299255}, {""species"": ""Ardea modesta"", ""common_name"": ""Great Egret"", ""score"": 0.31550514698028564}, {""species"": ""Egretta thula"", ""common_name"": ""Snowy Egret"", ""score"": 0.0006827852339483798}, {""species"": ""Egretta intermedia"", ""common_name"": ""Plumed Egret"", ""score"": 0.0004964474937878549}, {""species"": ""Botaurus lentiginosus"", ""common_name"": ""American bittern"", ""score"": 0.00017895900236908346}]"
obs_341194952_photo_621071156_box1.jpg,/rs1/researchers/a/amallav/results/outputs_crop/obs_341194952_photo_621071156_box1.jpg,obs_341194952_photo_621071156,#N/A,1,1,Egretta thula,Ardea alba,FALSE,,Snowy Egret,Animalia,Animalia,Chordata,Chordata,Aves,Aves,Pelecaniformes,Pelecaniformes,Ardeidae,Ardeidae,Egretta,Ardea,0.000682785,3,"[{""species"": ""Ardea alba"", ""common_name"": ""Great Egret"", ""score"": 0.6706408858299255}, {""species"": ""Ardea modesta"", ""common_name"": ""Great Egret"", ""score"": 0.31550514698028564}, {""species"": ""Egretta thula"", ""common_name"": ""Snowy Egret"", ""score"": 0.0006827852339483798}, {""species"": ""Egretta intermedia"", ""common_name"": ""Plumed Egret"", ""score"": 0.0004964474937878549}, {""species"": ""Botaurus lentiginosus"", ""common_name"": ""American bittern"", ""score"": 0.00017895900236908346}]"
obs_341194952_photo_621071156_box1.jpg,/rs1/researchers/a/amallav/results/outputs_crop/obs_341194952_photo_621071156_box1.jpg,obs_341194952_photo_621071156,#N/A,1,1,Egretta intermedia,Ardea alba,FALSE,,Plumed Egret,Animalia,Animalia,Chordata,Chordata,Aves,Aves,Pelecaniformes,Pelecaniformes,Ardeidae,Ardeidae,Egretta,Ardea,0.000496447,4,"[{""species"": ""Ardea alba"", ""common_name"": ""Great Egret"", ""score"": 0.6706408858299255}, {""species"": ""Ardea modesta"", ""common_name"": ""Great Egret"", ""score"": 0.31550514698028564}, {""species"": ""Egretta thula"", ""common_name"": ""Snowy Egret"", ""score"": 0.0006827852339483798}, {""species"": ""Egretta intermedia"", ""common_name"": ""Plumed Egret"", ""score"": 0.0004964474937878549}, {""species"": ""Botaurus lentiginosus"", ""common_name"": ""American bittern"", ""score"": 0.00017895900236908346}]"
obs_341194952_photo_621071156_box1.jpg,/rs1/researchers/a/amallav/results/outputs_crop/obs_341194952_photo_621071156_box1.jpg,obs_341194952_photo_621071156,#N/A,1,1,Botaurus lentiginosus,Ardea alba,FALSE,,American bittern,Animalia,Animalia,Chordata,Chordata,Aves,Aves,Pelecaniformes,Pelecaniformes,Ardeidae,Ardeidae,Botaurus,Ardea,0.000178959,5,"[{""species"": ""Ardea alba"", ""common_name"": ""Great Egret"", ""score"": 0.6706408858299255}, {""species"": ""Ardea modesta"", ""common_name"": ""Great Egret"", ""score"": 0.31550514698028564}, {""species"": ""Egretta thula"", ""common_name"": ""Snowy Egret"", ""score"": 0.0006827852339483798}, {""species"": ""Egretta intermedia"", ""common_name"": ""Plumed Egret"", ""score"": 0.0004964474937878549}, {""species"": ""Botaurus lentiginosus"", ""common_name"": ""American bittern"", ""score"": 0.00017895900236908346}]"
obs_341194952_photo_621071156_box2.jpg,/rs1/researchers/a/amallav/results/outputs_crop/obs_341194952_photo_621071156_box2.jpg,obs_341194952_photo_621071156,#N/A,2,2,Diapheromera femorata,Ardea alba,FALSE,,Common american walkingstick,Animalia,Animalia,Arthropoda,Chordata,Insecta,Aves,Phasmida,Pelecaniformes,Diapheromeridae,Ardeidae,Diapheromera,Ardea,0.014824265,1,"[{""species"": ""Diapheromera femorata"", ""common_name"": ""Common american walkingstick"", ""score"": 0.01482426468282938}, {""species"": ""Archaeopteryx siemensii"", ""common_name"": """", ""score"": 0.006607149727642536}, {""species"": ""Trichonephila clavata"", ""common_name"": ""Jorō spider"", ""score"": 0.0061879768036305904}, {""species"": ""Emesaya brevipennis"", ""common_name"": """", ""score"": 0.005515512079000473}, {""species"": ""Ramulus caii"", ""common_name"": """", ""score"": 0.004249427001923323}]"
obs_341194952_photo_621071156_box2.jpg,/rs1/researchers/a/amallav/results/outputs_crop/obs_341194952_photo_621071156_box2.jpg,obs_341194952_photo_621071156,#N/A,2,2,Archaeopteryx siemensii,Ardea alba,FALSE,,,Animalia,Animalia,Chordata,Chordata,Aves,Aves,,Pelecaniformes,Archaeopterygidae,Ardeidae,Archaeopteryx,Ardea,0.00660715,2,"[{""species"": ""Diapheromera femorata"", ""common_name"": ""Common american walkingstick"", ""score"": 0.01482426468282938}, {""species"": ""Archaeopteryx siemensii"", ""common_name"": """", ""score"": 0.006607149727642536}, {""species"": ""Trichonephila clavata"", ""common_name"": ""Jorō spider"", ""score"": 0.0061879768036305904}, {""species"": ""Emesaya brevipennis"", ""common_name"": """", ""score"": 0.005515512079000473}, {""species"": ""Ramulus caii"", ""common_name"": """", ""score"": 0.004249427001923323}]"
obs_341194952_photo_621071156_box2.jpg,/rs1/researchers/a/amallav/results/outputs_crop/obs_341194952_photo_621071156_box2.jpg,obs_341194952_photo_621071156,#N/A,2,2,Trichonephila clavata,Ardea alba,FALSE,,Jorō spider,Animalia,Animalia,Arthropoda,Chordata,Arachnida,Aves,Araneae,Pelecaniformes,Araneidae,Ardeidae,Trichonephila,Ardea,0.006187977,3,"[{""species"": ""Diapheromera femorata"", ""common_name"": ""Common american walkingstick"", ""score"": 0.01482426468282938}, {""species"": ""Archaeopteryx siemensii"", ""common_name"": """", ""score"": 0.006607149727642536}, {""species"": ""Trichonephila clavata"", ""common_name"": ""Jorō spider"", ""score"": 0.0061879768036305904}, {""species"": ""Emesaya brevipennis"", ""common_name"": """", ""score"": 0.005515512079000473}, {""species"": ""Ramulus caii"", ""common_name"": """", ""score"": 0.004249427001923323}]"
obs_341194952_photo_621071156_box2.jpg,/rs1/researchers/a/amallav/results/outputs_crop/obs_341194952_photo_621071156_box2.jpg,obs_341194952_photo_621071156,#N/A,2,2,Emesaya brevipennis,Ardea alba,FALSE,,,Animalia,Animalia,Arthropoda,Chordata,Insecta,Aves,Hemiptera,Pelecaniformes,Reduviidae,Ardeidae,Emesaya,Ardea,0.005515512,4,"[{""species"": ""Diapheromera femorata"", ""common_name"": ""Common american walkingstick"", ""score"": 0.01482426468282938}, {""species"": ""Archaeopteryx siemensii"", ""common_name"": """", ""score"": 0.006607149727642536}, {""species"": ""Trichonephila clavata"", ""common_name"": ""Jorō spider"", ""score"": 0.0061879768036305904}, {""species"": ""Emesaya brevipennis"", ""common_name"": """", ""score"": 0.005515512079000473}, {""species"": ""Ramulus caii"", ""common_name"": """", ""score"": 0.004249427001923323}]"
obs_341194952_photo_621071156_box2.jpg,/rs1/researchers/a/amallav/results/outputs_crop/obs_341194952_photo_621071156_box2.jpg,obs_341194952_photo_621071156,#N/A,2,2,Ramulus caii,Ardea alba,FALSE,,,Animalia,Animalia,Arthropoda,Chordata,Insecta,Aves,Phasmida,Pelecaniformes,Phasmatidae,Ardeidae,Ramulus,Ardea,0.004249427,5,"[{""species"": ""Diapheromera femorata"", ""common_name"": ""Common american walkingstick"", ""score"": 0.01482426468282938}, {""species"": ""Archaeopteryx siemensii"", ""common_name"": """", ""score"": 0.006607149727642536}, {""species"": ""Trichonephila clavata"", ""common_name"": ""Jorō spider"", ""score"": 0.0061879768036305904}, {""species"": ""Emesaya brevipennis"", ""common_name"": """", ""score"": 0.005515512079000473}, {""species"": ""Ramulus caii"", ""common_name"": """", ""score"": 0.004249427001923323}]"
obs_341194952_photo_621071156_box3.jpg,/rs1/researchers/a/amallav/results/outputs_crop/obs_341194952_photo_621071156_box3.jpg,obs_341194952_photo_621071156,#N/A,3,3,Centruroides yucatanensis,Ardea alba,FALSE,,,Animalia,Animalia,Arthropoda,Chordata,Arachnida,Aves,Scorpiones,Pelecaniformes,Buthidae,Ardeidae,Centruroides,Ardea,0.016745759,1,"[{""species"": ""Centruroides yucatanensis"", ""common_name"": """", ""score"": 0.016745759174227715}, {""species"": ""Ophiocordyceps formicarum"", ""common_name"": """", ""score"": 0.01210290752351284}, {""species"": ""Tirachoidea biceps"", ""common_name"": """", ""score"": 0.01156630925834179}, {""species"": ""Tityus dedoslargos"", ""common_name"": ""Scorpions"", ""score"": 0.011086102575063705}, {""species"": ""Bacteria maxwelli"", ""common_name"": """", ""score"": 0.00928103644400835}]"
obs_341194952_photo_621071156_box3.jpg,/rs1/researchers/a/amallav/results/outputs_crop/obs_341194952_photo_621071156_box3.jpg,obs_341194952_photo_621071156,#N/A,3,3,Ophiocordyceps formicarum,Ardea alba,FALSE,,,Fungi,Animalia,Ascomycota,Chordata,Sordariomycetes,Aves,Hypocreales,Pelecaniformes,Ophiocordycipitaceae,Ardeidae,Ophiocordyceps,Ardea,0.012102908,2,"[{""species"": ""Centruroides yucatanensis"", ""common_name"": """", ""score"": 0.016745759174227715}, {""species"": ""Ophiocordyceps formicarum"", ""common_name"": """", ""score"": 0.01210290752351284}, {""species"": ""Tirachoidea biceps"", ""common_name"": """", ""score"": 0.01156630925834179}, {""species"": ""Tityus dedoslargos"", ""common_name"": ""Scorpions"", ""score"": 0.011086102575063705}, {""species"": ""Bacteria maxwelli"", ""common_name"": """", ""score"": 0.00928103644400835}]"
obs_341194952_photo_621071156_box3.jpg,/rs1/researchers/a/amallav/results/outputs_crop/obs_341194952_photo_621071156_box3.jpg,obs_341194952_photo_621071156,#N/A,3,3,Tirachoidea biceps,Ardea alba,FALSE,,,Animalia,Animalia,Arthropoda,Chordata,Insecta,Aves,Phasmida,Pelecaniformes,Phasmatidae,Ardeidae,Tirachoidea,Ardea,0.011566309,3,"[{""species"": ""Centruroides yucatanensis"", ""common_name"": """", ""score"": 0.016745759174227715}, {""species"": ""Ophiocordyceps formicarum"", ""common_name"": """", ""score"": 0.01210290752351284}, {""species"": ""Tirachoidea biceps"", ""common_name"": """", ""score"": 0.01156630925834179}, {""species"": ""Tityus dedoslargos"", ""common_name"": ""Scorpions"", ""score"": 0.011086102575063705}, {""species"": ""Bacteria maxwelli"", ""common_name"": """", ""score"": 0.00928103644400835}]"
obs_341194952_photo_621071156_box3.jpg,/rs1/researchers/a/amallav/results/outputs_crop/obs_341194952_photo_621071156_box3.jpg,obs_341194952_photo_621071156,#N/A,3,3,Tityus dedoslargos,Ardea alba,FALSE,,Scorpions,Animalia,Animalia,Arthropoda,Chordata,Arachnida,Aves,Scorpiones,Pelecaniformes,Buthidae,Ardeidae,Tityus,Ardea,0.011086103,4,"[{""species"": ""Centruroides yucatanensis"", ""common_name"": """", ""score"": 0.016745759174227715}, {""species"": ""Ophiocordyceps formicarum"", ""common_name"": """", ""score"": 0.01210290752351284}, {""species"": ""Tirachoidea biceps"", ""common_name"": """", ""score"": 0.01156630925834179}, {""species"": ""Tityus dedoslargos"", ""common_name"": ""Scorpions"", ""score"": 0.011086102575063705}, {""species"": ""Bacteria maxwelli"", ""common_name"": """", ""score"": 0.00928103644400835}]"
obs_341194952_photo_621071156_box3.jpg,/rs1/researchers/a/amallav/results/outputs_crop/obs_341194952_photo_621071156_box3.jpg,obs_341194952_photo_621071156,#N/A,3,3,Bacteria maxwelli,Ardea alba,FALSE,,,Animalia,Animalia,Arthropoda,Chordata,Insecta,Aves,Phasmida,Pelecaniformes,Diapheromeridae,Ardeidae,Bacteria,Ardea,0.009281036,5,"[{""species"": ""Centruroides yucatanensis"", ""common_name"": """", ""score"": 0.016745759174227715}, {""species"": ""Ophiocordyceps formicarum"", ""common_name"": """", ""score"": 0.01210290752351284}, {""species"": ""Tirachoidea biceps"", ""common_name"": """", ""score"": 0.01156630925834179}, {""species"": ""Tityus dedoslargos"", ""common_name"": ""Scorpions"", ""score"": 0.011086102575063705}, {""species"": ""Bacteria maxwelli"", ""common_name"": """", ""score"": 0.00928103644400835}]"
obs_64497720_photo_103704678_box1.jpg,/rs1/researchers/a/amallav/results/outputs_crop/obs_64497720_photo_103704678_box1.jpg,obs_64497720_photo_103704678,obs_64497720_photo_103704678,1,1,Bucephala albeola,Alitta williami,FALSE,Species is small part of the box,Bufflehead,Animalia,Animalia,Chordata,Annelida,Aves,Polychaeta,Anseriformes,Phyllodocida,Anatidae,Nereididae,Bucephala,Alitta,0.158956707,1,"[{""species"": ""Bucephala albeola"", ""common_name"": ""Bufflehead"", ""score"": 0.15895670652389526}, {""species"": ""Platichthys stellatus"", ""common_name"": ""Starry flounder"", ""score"": 0.0557488389313221}, {""species"": ""Ameiurus nebulosus"", ""common_name"": ""Brown bullhead"", ""score"": 0.03155193850398064}, {""species"": ""Dorosoma cepedianum"", ""common_name"": ""Gizzard shad"", ""score"": 0.027163179591298103}, {""species"": ""Ameiurus catus"", ""common_name"": ""White catfish"", ""score"": 0.018202440813183784}]"
obs_64497720_photo_103704678_box1.jpg,/rs1/researchers/a/amallav/results/outputs_crop/obs_64497720_photo_103704678_box1.jpg,obs_64497720_photo_103704678,obs_64497720_photo_103704678,1,1,Platichthys stellatus,Alitta williami,FALSE,Species is small part of the box,Starry flounder,Animalia,Animalia,Chordata,Annelida,,Polychaeta,Pleuronectiformes,Phyllodocida,Pleuronectidae,Nereididae,Platichthys,Alitta,0.055748839,2,"[{""species"": ""Bucephala albeola"", ""common_name"": ""Bufflehead"", ""score"": 0.15895670652389526}, {""species"": ""Platichthys stellatus"", ""common_name"": ""Starry flounder"", ""score"": 0.0557488389313221}, {""species"": ""Ameiurus nebulosus"", ""common_name"": ""Brown bullhead"", ""score"": 0.03155193850398064}, {""species"": ""Dorosoma cepedianum"", ""common_name"": ""Gizzard shad"", ""score"": 0.027163179591298103}, {""species"": ""Ameiurus catus"", ""common_name"": ""White catfish"", ""score"": 0.018202440813183784}]"
obs_64497720_photo_103704678_box1.jpg,/rs1/researchers/a/amallav/results/outputs_crop/obs_64497720_photo_103704678_box1.jpg,obs_64497720_photo_103704678,obs_64497720_photo_103704678,1,1,Ameiurus nebulosus,Alitta williami,FALSE,Species is small part of the box,Brown bullhead,Animalia,Animalia,Chordata,Annelida,,Polychaeta,Siluriformes,Phyllodocida,Ictaluridae,Nereididae,Ameiurus,Alitta,0.031551939,3,"[{""species"": ""Bucephala albeola"", ""common_name"": ""Bufflehead"", ""score"": 0.15895670652389526}, {""species"": ""Platichthys stellatus"", ""common_name"": ""Starry flounder"", ""score"": 0.0557488389313221}, {""species"": ""Ameiurus nebulosus"", ""common_name"": ""Brown bullhead"", ""score"": 0.03155193850398064}, {""species"": ""Dorosoma cepedianum"", ""common_name"": ""Gizzard shad"", ""score"": 0.027163179591298103}, {""species"": ""Ameiurus catus"", ""common_name"": ""White catfish"", ""score"": 0.018202440813183784}]"
obs_64497720_photo_103704678_box1.jpg,/rs1/researchers/a/amallav/results/outputs_crop/obs_64497720_photo_103704678_box1.jpg,obs_64497720_photo_103704678,obs_64497720_photo_103704678,1,1,Dorosoma cepedianum,Alitta williami,FALSE,Species is small part of the box,Gizzard shad,Animalia,Animalia,Chordata,Annelida,,Polychaeta,Clupeiformes,Phyllodocida,Clupeidae,Nereididae,Dorosoma,Alitta,0.02716318,4,"[{""species"": ""Bucephala albeola"", ""common_name"": ""Bufflehead"", ""score"": 0.15895670652389526}, {""species"": ""Platichthys stellatus"", ""common_name"": ""Starry flounder"", ""score"": 0.0557488389313221}, {""species"": ""Ameiurus nebulosus"", ""common_name"": ""Brown bullhead"", ""score"": 0.03155193850398064}, {""species"": ""Dorosoma cepedianum"", ""common_name"": ""Gizzard shad"", ""score"": 0.027163179591298103}, {""species"": ""Ameiurus catus"", ""common_name"": ""White catfish"", ""score"": 0.018202440813183784}]"
obs_64497720_photo_103704678_box1.jpg,/rs1/researchers/a/amallav/results/outputs_crop/obs_64497720_photo_103704678_box1.jpg,obs_64497720_photo_103704678,obs_64497720_photo_103704678,1,1,Ameiurus catus,Alitta williami,FALSE,Species is small part of the box,White catfish,Animalia,Animalia,Chordata,Annelida,,Polychaeta,Siluriformes,Phyllodocida,Ictaluridae,Nereididae,Ameiurus,Alitta,0.018202441,5,"[{""species"": ""Bucephala albeola"", ""common_name"": ""Bufflehead"", ""score"": 0.15895670652389526}, {""species"": ""Platichthys stellatus"", ""common_name"": ""Starry flounder"", ""score"": 0.0557488389313221}, {""species"": ""Ameiurus nebulosus"", ""common_name"": ""Brown bullhead"", ""score"": 0.03155193850398064}, {""species"": ""Dorosoma cepedianum"", ""common_name"": ""Gizzard shad"", ""score"": 0.027163179591298103}, {""species"": ""Ameiurus catus"", ""common_name"": ""White catfish"", ""score"": 0.018202440813183784}]"
obs_64497720_photo_103704678_box2.jpg,/rs1/researchers/a/amallav/results/outputs_crop/obs_64497720_photo_103704678_box2.jpg,obs_64497720_photo_103704678,obs_64497720_photo_103704678,2,2,Bucephala albeola,Alitta williami,FALSE,Species is small part of the box,Bufflehead,Animalia,Animalia,Chordata,Annelida,Aves,Polychaeta,Anseriformes,Phyllodocida,Anatidae,Nereididae,Bucephala,Alitta,0.398026556,1,"[{""species"": ""Bucephala albeola"", ""common_name"": ""Bufflehead"", ""score"": 0.39802655577659607}, {""species"": ""Platichthys stellatus"", ""common_name"": ""Starry flounder"", ""score"": 0.028261898085474968}, {""species"": ""Dorosoma cepedianum"", ""common_name"": ""Gizzard shad"", ""score"": 0.02656499296426773}, {""species"": ""Lepomis cyanellus"", ""common_name"": ""Green sunfish"", ""score"": 0.02281535230576992}, {""species"": ""Ameiurus nebulosus"", ""common_name"": ""Brown bullhead"", ""score"": 0.019432101398706436}]"
obs_64497720_photo_103704678_box2.jpg,/rs1/researchers/a/amallav/results/outputs_crop/obs_64497720_photo_103704678_box2.jpg,obs_64497720_photo_103704678,obs_64497720_photo_103704678,2,2,Platichthys stellatus,Alitta williami,FALSE,Species is small part of the box,Starry flounder,Animalia,Animalia,Chordata,Annelida,,Polychaeta,Pleuronectiformes,Phyllodocida,Pleuronectidae,Nereididae,Platichthys,Alitta,0.028261898,2,"[{""species"": ""Bucephala albeola"", ""common_name"": ""Bufflehead"", ""score"": 0.39802655577659607}, {""species"": ""Platichthys stellatus"", ""common_name"": ""Starry flounder"", ""score"": 0.028261898085474968}, {""species"": ""Dorosoma cepedianum"", ""common_name"": ""Gizzard shad"", ""score"": 0.02656499296426773}, {""species"": ""Lepomis cyanellus"", ""common_name"": ""Green sunfish"", ""score"": 0.02281535230576992}, {""species"": ""Ameiurus nebulosus"", ""common_name"": ""Brown bullhead"", ""score"": 0.019432101398706436}]"
obs_64497720_photo_103704678_box2.jpg,/rs1/researchers/a/amallav/results/outputs_crop/obs_64497720_photo_103704678_box2.jpg,obs_64497720_photo_103704678,obs_64497720_photo_103704678,2,2,Dorosoma cepedianum,Alitta williami,FALSE,Species is small part of the box,Gizzard shad,Animalia,Animalia,Chordata,Annelida,,Polychaeta,Clupeiformes,Phyllodocida,Clupeidae,Nereididae,Dorosoma,Alitta,0.026564993,3,"[{""species"": ""Bucephala albeola"", ""common_name"": ""Bufflehead"", ""score"": 0.39802655577659607}, {""species"": ""Platichthys stellatus"", ""common_name"": ""Starry flounder"", ""score"": 0.028261898085474968}, {""species"": ""Dorosoma cepedianum"", ""common_name"": ""Gizzard shad"", ""score"": 0.02656499296426773}, {""species"": ""Lepomis cyanellus"", ""common_name"": ""Green sunfish"", ""score"": 0.02281535230576992}, {""species"": ""Ameiurus nebulosus"", ""common_name"": ""Brown bullhead"", ""score"": 0.019432101398706436}]"
obs_64497720_photo_103704678_box2.jpg,/rs1/researchers/a/amallav/results/outputs_crop/obs_64497720_photo_103704678_box2.jpg,obs_64497720_photo_103704678,obs_64497720_photo_103704678,2,2,Lepomis cyanellus,Alitta williami,FALSE,Species is small part of the box,Green sunfish,Animalia,Animalia,Chordata,Annelida,,Polychaeta,Perciformes,Phyllodocida,Centrarchidae,Nereididae,Lepomis,Alitta,0.022815352,4,"[{""species"": ""Bucephala albeola"", ""common_name"": ""Bufflehead"", ""score"": 0.39802655577659607}, {""species"": ""Platichthys stellatus"", ""common_name"": ""Starry flounder"", ""score"": 0.028261898085474968}, {""species"": ""Dorosoma cepedianum"", ""common_name"": ""Gizzard shad"", ""score"": 0.02656499296426773}, {""species"": ""Lepomis cyanellus"", ""common_name"": ""Green sunfish"", ""score"": 0.02281535230576992}, {""species"": ""Ameiurus nebulosus"", ""common_name"": ""Brown bullhead"", ""score"": 0.019432101398706436}]"
obs_64497720_photo_103704678_box2.jpg,/rs1/researchers/a/amallav/results/outputs_crop/obs_64497720_photo_103704678_box2.jpg,obs_64497720_photo_103704678,obs_64497720_photo_103704678,2,2,Ameiurus nebulosus,Alitta williami,FALSE,Species is small part of the box,Brown bullhead,Animalia,Animalia,Chordata,Annelida,,Polychaeta,Siluriformes,Phyllodocida,Ictaluridae,Nereididae,Ameiurus,Alitta,0.019432101,5,"[{""species"": ""Bucephala albeola"", ""common_name"": ""Bufflehead"", ""score"": 0.39802655577659607}, {""species"": ""Platichthys stellatus"", ""common_name"": ""Starry flounder"", ""score"": 0.028261898085474968}, {""species"": ""Dorosoma cepedianum"", ""common_name"": ""Gizzard shad"", ""score"": 0.02656499296426773}, {""species"": ""Lepomis cyanellus"", ""common_name"": ""Green sunfish"", ""score"": 0.02281535230576992}, {""species"": ""Ameiurus nebulosus"", ""common_name"": ""Brown bullhead"", ""score"": 0.019432101398706436}]"
