crop_file,Image_name,crop_file_path,box_num,species,User Classified,Same?,My remarks,common_name,score,top_no,topk_predictions_json
obs_102691691_photo_171703626_box1.jpg,obs_102691691_photo_171703626,/gpfs_common/share03/ftrscape/snair3/wew_notebooks/outputs_crop/obs_102691691_photo_171703626_box1.jpg,1,Egregia menziesii,Egregia menziesii,TRUE,,,0.902306795,1,"[{""species"": ""Egregia menziesii"", ""common_name"": """", ""score"": 0.9023067951202393}, {""species"": ""Analipus japonicus"", ""common_name"": """", ""score"": 0.008449262008070946}, {""species"": ""Hedophyllum sessile"", ""common_name"": """", ""score"": 0.007728790398687124}, {""species"": ""Laminaria sinclairii"", ""common_name"": """", ""score"": 0.00448541808873415}, {""species"": ""Alaria marginata"", ""common_name"": """", ""score"": 0.004215428605675697}]"
obs_102691691_photo_171703626_box1.jpg,obs_102691691_photo_171703626,/gpfs_common/share03/ftrscape/snair3/wew_notebooks/outputs_crop/obs_102691691_photo_171703626_box1.jpg,1,Analipus japonicus,Egregia menziesii,FALSE,,,0.008449262,2,"[{""species"": ""Egregia menziesii"", ""common_name"": """", ""score"": 0.9023067951202393}, {""species"": ""Analipus japonicus"", ""common_name"": """", ""score"": 0.008449262008070946}, {""species"": ""Hedophyllum sessile"", ""common_name"": """", ""score"": 0.007728790398687124}, {""species"": ""Laminaria sinclairii"", ""common_name"": """", ""score"": 0.00448541808873415}, {""species"": ""Alaria marginata"", ""common_name"": """", ""score"": 0.004215428605675697}]"
obs_102691691_photo_171703626_box1.jpg,obs_102691691_photo_171703626,/gpfs_common/share03/ftrscape/snair3/wew_notebooks/outputs_crop/obs_102691691_photo_171703626_box1.jpg,1,Hedophyllum sessile,Egregia menziesii,FALSE,,,0.00772879,3,"[{""species"": ""Egregia menziesii"", ""common_name"": """", ""score"": 0.9023067951202393}, {""species"": ""Analipus japonicus"", ""common_name"": """", ""score"": 0.008449262008070946}, {""species"": ""Hedophyllum sessile"", ""common_name"": """", ""score"": 0.007728790398687124}, {""species"": ""Laminaria sinclairii"", ""common_name"": """", ""score"": 0.00448541808873415}, {""species"": ""Alaria marginata"", ""common_name"": """", ""score"": 0.004215428605675697}]"
obs_102691691_photo_171703626_box1.jpg,obs_102691691_photo_171703626,/gpfs_common/share03/ftrscape/snair3/wew_notebooks/outputs_crop/obs_102691691_photo_171703626_box1.jpg,1,Laminaria sinclairii,Egregia menziesii,FALSE,,,0.004485418,4,"[{""species"": ""Egregia menziesii"", ""common_name"": """", ""score"": 0.9023067951202393}, {""species"": ""Analipus japonicus"", ""common_name"": """", ""score"": 0.008449262008070946}, {""species"": ""Hedophyllum sessile"", ""common_name"": """", ""score"": 0.007728790398687124}, {""species"": ""Laminaria sinclairii"", ""common_name"": """", ""score"": 0.00448541808873415}, {""species"": ""Alaria marginata"", ""common_name"": """", ""score"": 0.004215428605675697}]"
obs_102691691_photo_171703626_box1.jpg,obs_102691691_photo_171703626,/gpfs_common/share03/ftrscape/snair3/wew_notebooks/outputs_crop/obs_102691691_photo_171703626_box1.jpg,1,Alaria marginata,Egregia menziesii,FALSE,,,0.004215429,5,"[{""species"": ""Egregia menziesii"", ""common_name"": """", ""score"": 0.9023067951202393}, {""species"": ""Analipus japonicus"", ""common_name"": """", ""score"": 0.008449262008070946}, {""species"": ""Hedophyllum sessile"", ""common_name"": """", ""score"": 0.007728790398687124}, {""species"": ""Laminaria sinclairii"", ""common_name"": """", ""score"": 0.00448541808873415}, {""species"": ""Alaria marginata"", ""common_name"": """", ""score"": 0.004215428605675697}]"
obs_102691691_photo_171703626_box2.jpg,obs_102691691_photo_171703626,/gpfs_common/share03/ftrscape/snair3/wew_notebooks/outputs_crop/obs_102691691_photo_171703626_box2.jpg,2,Egregia menziesii,Egregia menziesii,TRUE,,,0.794073701,1,"[{""species"": ""Egregia menziesii"", ""common_name"": """", ""score"": 0.7940737009048462}, {""species"": ""Marginariella urvilliana"", ""common_name"": """", ""score"": 0.04526236653327942}, {""species"": ""Marginariella boryana"", ""common_name"": """", ""score"": 0.03756965324282646}, {""species"": ""Alaria marginata"", ""common_name"": """", ""score"": 0.023320233449339867}, {""species"": ""Alaria praelonga"", ""common_name"": """", ""score"": 0.01121489517390728}]"
obs_102691691_photo_171703626_box2.jpg,obs_102691691_photo_171703626,/gpfs_common/share03/ftrscape/snair3/wew_notebooks/outputs_crop/obs_102691691_photo_171703626_box2.jpg,2,Marginariella urvilliana,Egregia menziesii,FALSE,,,0.045262367,2,"[{""species"": ""Egregia menziesii"", ""common_name"": """", ""score"": 0.7940737009048462}, {""species"": ""Marginariella urvilliana"", ""common_name"": """", ""score"": 0.04526236653327942}, {""species"": ""Marginariella boryana"", ""common_name"": """", ""score"": 0.03756965324282646}, {""species"": ""Alaria marginata"", ""common_name"": """", ""score"": 0.023320233449339867}, {""species"": ""Alaria praelonga"", ""common_name"": """", ""score"": 0.01121489517390728}]"
obs_102691691_photo_171703626_box2.jpg,obs_102691691_photo_171703626,/gpfs_common/share03/ftrscape/snair3/wew_notebooks/outputs_crop/obs_102691691_photo_171703626_box2.jpg,2,Marginariella boryana,Egregia menziesii,FALSE,,,0.037569653,3,"[{""species"": ""Egregia menziesii"", ""common_name"": """", ""score"": 0.7940737009048462}, {""species"": ""Marginariella urvilliana"", ""common_name"": """", ""score"": 0.04526236653327942}, {""species"": ""Marginariella boryana"", ""common_name"": """", ""score"": 0.03756965324282646}, {""species"": ""Alaria marginata"", ""common_name"": """", ""score"": 0.023320233449339867}, {""species"": ""Alaria praelonga"", ""common_name"": """", ""score"": 0.01121489517390728}]"
obs_102691691_photo_171703626_box2.jpg,obs_102691691_photo_171703626,/gpfs_common/share03/ftrscape/snair3/wew_notebooks/outputs_crop/obs_102691691_photo_171703626_box2.jpg,2,Alaria marginata,Egregia menziesii,FALSE,,,0.023320233,4,"[{""species"": ""Egregia menziesii"", ""common_name"": """", ""score"": 0.7940737009048462}, {""species"": ""Marginariella urvilliana"", ""common_name"": """", ""score"": 0.04526236653327942}, {""species"": ""Marginariella boryana"", ""common_name"": """", ""score"": 0.03756965324282646}, {""species"": ""Alaria marginata"", ""common_name"": """", ""score"": 0.023320233449339867}, {""species"": ""Alaria praelonga"", ""common_name"": """", ""score"": 0.01121489517390728}]"
obs_102691691_photo_171703626_box2.jpg,obs_102691691_photo_171703626,/gpfs_common/share03/ftrscape/snair3/wew_notebooks/outputs_crop/obs_102691691_photo_171703626_box2.jpg,2,Alaria praelonga,Egregia menziesii,FALSE,,,0.011214895,5,"[{""species"": ""Egregia menziesii"", ""common_name"": """", ""score"": 0.7940737009048462}, {""species"": ""Marginariella urvilliana"", ""common_name"": """", ""score"": 0.04526236653327942}, {""species"": ""Marginariella boryana"", ""common_name"": """", ""score"": 0.03756965324282646}, {""species"": ""Alaria marginata"", ""common_name"": """", ""score"": 0.023320233449339867}, {""species"": ""Alaria praelonga"", ""common_name"": """", ""score"": 0.01121489517390728}]"
obs_102691691_photo_171703626_box3.jpg,obs_102691691_photo_171703626,/gpfs_common/share03/ftrscape/snair3/wew_notebooks/outputs_crop/obs_102691691_photo_171703626_box3.jpg,3,Egregia menziesii,Egregia menziesii,TRUE,,,0.76834321,1,"[{""species"": ""Egregia menziesii"", ""common_name"": """", ""score"": 0.7683432102203369}, {""species"": ""Alaria marginata"", ""common_name"": """", ""score"": 0.12378489226102829}, {""species"": ""Alaria nana"", ""common_name"": """", ""score"": 0.015401921235024929}, {""species"": ""Alaria praelonga"", ""common_name"": """", ""score"": 0.014970595017075539}, {""species"": ""Alaria crispa"", ""common_name"": """", ""score"": 0.011260981671512127}]"
obs_102691691_photo_171703626_box3.jpg,obs_102691691_photo_171703626,/gpfs_common/share03/ftrscape/snair3/wew_notebooks/outputs_crop/obs_102691691_photo_171703626_box3.jpg,3,Alaria marginata,Egregia menziesii,FALSE,,,0.123784892,2,"[{""species"": ""Egregia menziesii"", ""common_name"": """", ""score"": 0.7683432102203369}, {""species"": ""Alaria marginata"", ""common_name"": """", ""score"": 0.12378489226102829}, {""species"": ""Alaria nana"", ""common_name"": """", ""score"": 0.015401921235024929}, {""species"": ""Alaria praelonga"", ""common_name"": """", ""score"": 0.014970595017075539}, {""species"": ""Alaria crispa"", ""common_name"": """", ""score"": 0.011260981671512127}]"
obs_102691691_photo_171703626_box3.jpg,obs_102691691_photo_171703626,/gpfs_common/share03/ftrscape/snair3/wew_notebooks/outputs_crop/obs_102691691_photo_171703626_box3.jpg,3,Alaria nana,Egregia menziesii,FALSE,,,0.015401921,3,"[{""species"": ""Egregia menziesii"", ""common_name"": """", ""score"": 0.7683432102203369}, {""species"": ""Alaria marginata"", ""common_name"": """", ""score"": 0.12378489226102829}, {""species"": ""Alaria nana"", ""common_name"": """", ""score"": 0.015401921235024929}, {""species"": ""Alaria praelonga"", ""common_name"": """", ""score"": 0.014970595017075539}, {""species"": ""Alaria crispa"", ""common_name"": """", ""score"": 0.011260981671512127}]"
obs_102691691_photo_171703626_box3.jpg,obs_102691691_photo_171703626,/gpfs_common/share03/ftrscape/snair3/wew_notebooks/outputs_crop/obs_102691691_photo_171703626_box3.jpg,3,Alaria praelonga,Egregia menziesii,FALSE,,,0.014970595,4,"[{""species"": ""Egregia menziesii"", ""common_name"": """", ""score"": 0.7683432102203369}, {""species"": ""Alaria marginata"", ""common_name"": """", ""score"": 0.12378489226102829}, {""species"": ""Alaria nana"", ""common_name"": """", ""score"": 0.015401921235024929}, {""species"": ""Alaria praelonga"", ""common_name"": """", ""score"": 0.014970595017075539}, {""species"": ""Alaria crispa"", ""common_name"": """", ""score"": 0.011260981671512127}]"
obs_102691691_photo_171703626_box3.jpg,obs_102691691_photo_171703626,/gpfs_common/share03/ftrscape/snair3/wew_notebooks/outputs_crop/obs_102691691_photo_171703626_box3.jpg,3,Alaria crispa,Egregia menziesii,FALSE,,,0.011260982,5,"[{""species"": ""Egregia menziesii"", ""common_name"": """", ""score"": 0.7683432102203369}, {""species"": ""Alaria marginata"", ""common_name"": """", ""score"": 0.12378489226102829}, {""species"": ""Alaria nana"", ""common_name"": """", ""score"": 0.015401921235024929}, {""species"": ""Alaria praelonga"", ""common_name"": """", ""score"": 0.014970595017075539}, {""species"": ""Alaria crispa"", ""common_name"": """", ""score"": 0.011260981671512127}]"
obs_10317797_photo_14298032_box1.jpg,obs_10317797_photo_14298032,/gpfs_common/share03/ftrscape/snair3/wew_notebooks/outputs_crop/obs_10317797_photo_14298032_box1.jpg,1,Larus glaucescens,Dermasterias imbricata,FALSE,,Glaucous-winged gull,0.850022018,1,"[{""species"": ""Larus glaucescens"", ""common_name"": ""Glaucous-winged gull"", ""score"": 0.85002201795578}, {""species"": ""Larus occidentalis"", ""common_name"": ""Western gull"", ""score"": 0.08169932663440704}, {""species"": ""Larus californicus"", ""common_name"": ""California Gull"", ""score"": 0.024818798527121544}, {""species"": ""Evasterias troschelii"", ""common_name"": """", ""score"": 0.00503302039578557}, {""species"": ""Dermasterias imbricata"", ""common_name"": """", ""score"": 0.004086544271558523}]"
obs_10317797_photo_14298032_box1.jpg,obs_10317797_photo_14298032,/gpfs_common/share03/ftrscape/snair3/wew_notebooks/outputs_crop/obs_10317797_photo_14298032_box1.jpg,1,Larus occidentalis,Dermasterias imbricata,FALSE,,Western gull,0.081699327,2,"[{""species"": ""Larus glaucescens"", ""common_name"": ""Glaucous-winged gull"", ""score"": 0.85002201795578}, {""species"": ""Larus occidentalis"", ""common_name"": ""Western gull"", ""score"": 0.08169932663440704}, {""species"": ""Larus californicus"", ""common_name"": ""California Gull"", ""score"": 0.024818798527121544}, {""species"": ""Evasterias troschelii"", ""common_name"": """", ""score"": 0.00503302039578557}, {""species"": ""Dermasterias imbricata"", ""common_name"": """", ""score"": 0.004086544271558523}]"
obs_10317797_photo_14298032_box1.jpg,obs_10317797_photo_14298032,/gpfs_common/share03/ftrscape/snair3/wew_notebooks/outputs_crop/obs_10317797_photo_14298032_box1.jpg,1,Larus californicus,Dermasterias imbricata,FALSE,,California Gull,0.024818799,3,"[{""species"": ""Larus glaucescens"", ""common_name"": ""Glaucous-winged gull"", ""score"": 0.85002201795578}, {""species"": ""Larus occidentalis"", ""common_name"": ""Western gull"", ""score"": 0.08169932663440704}, {""species"": ""Larus californicus"", ""common_name"": ""California Gull"", ""score"": 0.024818798527121544}, {""species"": ""Evasterias troschelii"", ""common_name"": """", ""score"": 0.00503302039578557}, {""species"": ""Dermasterias imbricata"", ""common_name"": """", ""score"": 0.004086544271558523}]"
obs_10317797_photo_14298032_box1.jpg,obs_10317797_photo_14298032,/gpfs_common/share03/ftrscape/snair3/wew_notebooks/outputs_crop/obs_10317797_photo_14298032_box1.jpg,1,Evasterias troschelii,Dermasterias imbricata,FALSE,,,0.00503302,4,"[{""species"": ""Larus glaucescens"", ""common_name"": ""Glaucous-winged gull"", ""score"": 0.85002201795578}, {""species"": ""Larus occidentalis"", ""common_name"": ""Western gull"", ""score"": 0.08169932663440704}, {""species"": ""Larus californicus"", ""common_name"": ""California Gull"", ""score"": 0.024818798527121544}, {""species"": ""Evasterias troschelii"", ""common_name"": """", ""score"": 0.00503302039578557}, {""species"": ""Dermasterias imbricata"", ""common_name"": """", ""score"": 0.004086544271558523}]"
obs_10317797_photo_14298032_box1.jpg,obs_10317797_photo_14298032,/gpfs_common/share03/ftrscape/snair3/wew_notebooks/outputs_crop/obs_10317797_photo_14298032_box1.jpg,1,Dermasterias imbricata,Dermasterias imbricata,TRUE,,,0.004086544,5,"[{""species"": ""Larus glaucescens"", ""common_name"": ""Glaucous-winged gull"", ""score"": 0.85002201795578}, {""species"": ""Larus occidentalis"", ""common_name"": ""Western gull"", ""score"": 0.08169932663440704}, {""species"": ""Larus californicus"", ""common_name"": ""California Gull"", ""score"": 0.024818798527121544}, {""species"": ""Evasterias troschelii"", ""common_name"": """", ""score"": 0.00503302039578557}, {""species"": ""Dermasterias imbricata"", ""common_name"": """", ""score"": 0.004086544271558523}]"
obs_130480768_photo_70327211_box1.jpg,obs_130480768_photo_70327211,/gpfs_common/share03/ftrscape/snair3/wew_notebooks/outputs_crop/obs_130480768_photo_70327211_box1.jpg,1,Dina lineata,Hirudo michaelseni,FALSE,The leech features might not be clear enough for the classifer to guess,,0.081765406,1,"[{""species"": ""Dina lineata"", ""common_name"": """", ""score"": 0.08176540583372116}, {""species"": ""Anisorhynchodemus luteicollis"", ""common_name"": """", ""score"": 0.06744697690010071}, {""species"": ""Erpobdella nigricollis"", ""common_name"": """", ""score"": 0.05826948955655098}, {""species"": ""Myzobdella lugubris"", ""common_name"": ""Leech"", ""score"": 0.049763403832912445}, {""species"": ""Asiaticobdella fenestrata"", ""common_name"": """", ""score"": 0.032478656619787216}]"
obs_130480768_photo_70327211_box1.jpg,obs_130480768_photo_70327211,/gpfs_common/share03/ftrscape/snair3/wew_notebooks/outputs_crop/obs_130480768_photo_70327211_box1.jpg,1,Anisorhynchodemus luteicollis,Hirudo michaelseni,FALSE,The leech features might not be clear enough for the classifer to guess,,0.067446977,2,"[{""species"": ""Dina lineata"", ""common_name"": """", ""score"": 0.08176540583372116}, {""species"": ""Anisorhynchodemus luteicollis"", ""common_name"": """", ""score"": 0.06744697690010071}, {""species"": ""Erpobdella nigricollis"", ""common_name"": """", ""score"": 0.05826948955655098}, {""species"": ""Myzobdella lugubris"", ""common_name"": ""Leech"", ""score"": 0.049763403832912445}, {""species"": ""Asiaticobdella fenestrata"", ""common_name"": """", ""score"": 0.032478656619787216}]"
obs_130480768_photo_70327211_box1.jpg,obs_130480768_photo_70327211,/gpfs_common/share03/ftrscape/snair3/wew_notebooks/outputs_crop/obs_130480768_photo_70327211_box1.jpg,1,Erpobdella nigricollis,Hirudo michaelseni,FALSE,The leech features might not be clear enough for the classifer to guess,,0.05826949,3,"[{""species"": ""Dina lineata"", ""common_name"": """", ""score"": 0.08176540583372116}, {""species"": ""Anisorhynchodemus luteicollis"", ""common_name"": """", ""score"": 0.06744697690010071}, {""species"": ""Erpobdella nigricollis"", ""common_name"": """", ""score"": 0.05826948955655098}, {""species"": ""Myzobdella lugubris"", ""common_name"": ""Leech"", ""score"": 0.049763403832912445}, {""species"": ""Asiaticobdella fenestrata"", ""common_name"": """", ""score"": 0.032478656619787216}]"
obs_130480768_photo_70327211_box1.jpg,obs_130480768_photo_70327211,/gpfs_common/share03/ftrscape/snair3/wew_notebooks/outputs_crop/obs_130480768_photo_70327211_box1.jpg,1,Myzobdella lugubris,Hirudo michaelseni,FALSE,The leech features might not be clear enough for the classifer to guess,Leech,0.049763404,4,"[{""species"": ""Dina lineata"", ""common_name"": """", ""score"": 0.08176540583372116}, {""species"": ""Anisorhynchodemus luteicollis"", ""common_name"": """", ""score"": 0.06744697690010071}, {""species"": ""Erpobdella nigricollis"", ""common_name"": """", ""score"": 0.05826948955655098}, {""species"": ""Myzobdella lugubris"", ""common_name"": ""Leech"", ""score"": 0.049763403832912445}, {""species"": ""Asiaticobdella fenestrata"", ""common_name"": """", ""score"": 0.032478656619787216}]"
obs_130480768_photo_70327211_box1.jpg,obs_130480768_photo_70327211,/gpfs_common/share03/ftrscape/snair3/wew_notebooks/outputs_crop/obs_130480768_photo_70327211_box1.jpg,1,Asiaticobdella fenestrata,Hirudo michaelseni,FALSE,The leech features might not be clear enough for the classifer to guess,,0.032478657,5,"[{""species"": ""Dina lineata"", ""common_name"": """", ""score"": 0.08176540583372116}, {""species"": ""Anisorhynchodemus luteicollis"", ""common_name"": """", ""score"": 0.06744697690010071}, {""species"": ""Erpobdella nigricollis"", ""common_name"": """", ""score"": 0.05826948955655098}, {""species"": ""Myzobdella lugubris"", ""common_name"": ""Leech"", ""score"": 0.049763403832912445}, {""species"": ""Asiaticobdella fenestrata"", ""common_name"": """", ""score"": 0.032478656619787216}]"
obs_130480768_photo_70327211_box2.jpg,obs_130480768_photo_70327211,/gpfs_common/share03/ftrscape/snair3/wew_notebooks/outputs_crop/obs_130480768_photo_70327211_box2.jpg,2,Erpobdella nigricollis,Hirudo michaelseni,FALSE,Tiny part of the image,,0.142464325,1,"[{""species"": ""Erpobdella nigricollis"", ""common_name"": """", ""score"": 0.14246432483196259}, {""species"": ""Erpobdella testacea"", ""common_name"": """", ""score"": 0.12420652061700821}, {""species"": ""Gordius robustus"", ""common_name"": """", ""score"": 0.09540332108736038}, {""species"": ""Erpobdella punctata"", ""common_name"": """", ""score"": 0.0595862939953804}, {""species"": ""Erpobdella melanostoma"", ""common_name"": """", ""score"": 0.05859898030757904}]"
obs_130480768_photo_70327211_box2.jpg,obs_130480768_photo_70327211,/gpfs_common/share03/ftrscape/snair3/wew_notebooks/outputs_crop/obs_130480768_photo_70327211_box2.jpg,2,Erpobdella testacea,Hirudo michaelseni,FALSE,Tiny part of the image,,0.124206521,2,"[{""species"": ""Erpobdella nigricollis"", ""common_name"": """", ""score"": 0.14246432483196259}, {""species"": ""Erpobdella testacea"", ""common_name"": """", ""score"": 0.12420652061700821}, {""species"": ""Gordius robustus"", ""common_name"": """", ""score"": 0.09540332108736038}, {""species"": ""Erpobdella punctata"", ""common_name"": """", ""score"": 0.0595862939953804}, {""species"": ""Erpobdella melanostoma"", ""common_name"": """", ""score"": 0.05859898030757904}]"
obs_130480768_photo_70327211_box2.jpg,obs_130480768_photo_70327211,/gpfs_common/share03/ftrscape/snair3/wew_notebooks/outputs_crop/obs_130480768_photo_70327211_box2.jpg,2,Gordius robustus,Hirudo michaelseni,FALSE,Tiny part of the image,,0.095403321,3,"[{""species"": ""Erpobdella nigricollis"", ""common_name"": """", ""score"": 0.14246432483196259}, {""species"": ""Erpobdella testacea"", ""common_name"": """", ""score"": 0.12420652061700821}, {""species"": ""Gordius robustus"", ""common_name"": """", ""score"": 0.09540332108736038}, {""species"": ""Erpobdella punctata"", ""common_name"": """", ""score"": 0.0595862939953804}, {""species"": ""Erpobdella melanostoma"", ""common_name"": """", ""score"": 0.05859898030757904}]"
obs_130480768_photo_70327211_box2.jpg,obs_130480768_photo_70327211,/gpfs_common/share03/ftrscape/snair3/wew_notebooks/outputs_crop/obs_130480768_photo_70327211_box2.jpg,2,Erpobdella punctata,Hirudo michaelseni,FALSE,Tiny part of the image,,0.059586294,4,"[{""species"": ""Erpobdella nigricollis"", ""common_name"": """", ""score"": 0.14246432483196259}, {""species"": ""Erpobdella testacea"", ""common_name"": """", ""score"": 0.12420652061700821}, {""species"": ""Gordius robustus"", ""common_name"": """", ""score"": 0.09540332108736038}, {""species"": ""Erpobdella punctata"", ""common_name"": """", ""score"": 0.0595862939953804}, {""species"": ""Erpobdella melanostoma"", ""common_name"": """", ""score"": 0.05859898030757904}]"
obs_130480768_photo_70327211_box2.jpg,obs_130480768_photo_70327211,/gpfs_common/share03/ftrscape/snair3/wew_notebooks/outputs_crop/obs_130480768_photo_70327211_box2.jpg,2,Erpobdella melanostoma,Hirudo michaelseni,FALSE,Tiny part of the image,,0.05859898,5,"[{""species"": ""Erpobdella nigricollis"", ""common_name"": """", ""score"": 0.14246432483196259}, {""species"": ""Erpobdella testacea"", ""common_name"": """", ""score"": 0.12420652061700821}, {""species"": ""Gordius robustus"", ""common_name"": """", ""score"": 0.09540332108736038}, {""species"": ""Erpobdella punctata"", ""common_name"": """", ""score"": 0.0595862939953804}, {""species"": ""Erpobdella melanostoma"", ""common_name"": """", ""score"": 0.05859898030757904}]"
obs_188731534_photo_330410184_box1.jpg,obs_188731534_photo_330410184,/gpfs_common/share03/ftrscape/snair3/wew_notebooks/outputs_crop/obs_188731534_photo_330410184_box1.jpg,1,Toumeyella mirabilis,Lonsdalea quercina,FALSE,,,0.146177649,1,"[{""species"": ""Toumeyella mirabilis"", ""common_name"": """", ""score"": 0.14617764949798584}, {""species"": ""Toumeyella quadrifasciata"", ""common_name"": """", ""score"": 0.10722772032022476}, {""species"": ""Toumeyella erythrinae"", ""common_name"": """", ""score"": 0.06999140977859497}, {""species"": ""Papuexul bidwilli"", ""common_name"": ""Mottled treesnail"", ""score"": 0.030114874243736267}, {""species"": ""Toumeyella obunca"", ""common_name"": """", ""score"": 0.027807965874671936}]"
obs_188731534_photo_330410184_box1.jpg,obs_188731534_photo_330410184,/gpfs_common/share03/ftrscape/snair3/wew_notebooks/outputs_crop/obs_188731534_photo_330410184_box1.jpg,1,Toumeyella quadrifasciata,Lonsdalea quercina,FALSE,,,0.10722772,2,"[{""species"": ""Toumeyella mirabilis"", ""common_name"": """", ""score"": 0.14617764949798584}, {""species"": ""Toumeyella quadrifasciata"", ""common_name"": """", ""score"": 0.10722772032022476}, {""species"": ""Toumeyella erythrinae"", ""common_name"": """", ""score"": 0.06999140977859497}, {""species"": ""Papuexul bidwilli"", ""common_name"": ""Mottled treesnail"", ""score"": 0.030114874243736267}, {""species"": ""Toumeyella obunca"", ""common_name"": """", ""score"": 0.027807965874671936}]"
obs_188731534_photo_330410184_box1.jpg,obs_188731534_photo_330410184,/gpfs_common/share03/ftrscape/snair3/wew_notebooks/outputs_crop/obs_188731534_photo_330410184_box1.jpg,1,Toumeyella erythrinae,Lonsdalea quercina,FALSE,,,0.06999141,3,"[{""species"": ""Toumeyella mirabilis"", ""common_name"": """", ""score"": 0.14617764949798584}, {""species"": ""Toumeyella quadrifasciata"", ""common_name"": """", ""score"": 0.10722772032022476}, {""species"": ""Toumeyella erythrinae"", ""common_name"": """", ""score"": 0.06999140977859497}, {""species"": ""Papuexul bidwilli"", ""common_name"": ""Mottled treesnail"", ""score"": 0.030114874243736267}, {""species"": ""Toumeyella obunca"", ""common_name"": """", ""score"": 0.027807965874671936}]"
obs_188731534_photo_330410184_box1.jpg,obs_188731534_photo_330410184,/gpfs_common/share03/ftrscape/snair3/wew_notebooks/outputs_crop/obs_188731534_photo_330410184_box1.jpg,1,Papuexul bidwilli,Lonsdalea quercina,FALSE,,Mottled treesnail,0.030114874,4,"[{""species"": ""Toumeyella mirabilis"", ""common_name"": """", ""score"": 0.14617764949798584}, {""species"": ""Toumeyella quadrifasciata"", ""common_name"": """", ""score"": 0.10722772032022476}, {""species"": ""Toumeyella erythrinae"", ""common_name"": """", ""score"": 0.06999140977859497}, {""species"": ""Papuexul bidwilli"", ""common_name"": ""Mottled treesnail"", ""score"": 0.030114874243736267}, {""species"": ""Toumeyella obunca"", ""common_name"": """", ""score"": 0.027807965874671936}]"
obs_188731534_photo_330410184_box1.jpg,obs_188731534_photo_330410184,/gpfs_common/share03/ftrscape/snair3/wew_notebooks/outputs_crop/obs_188731534_photo_330410184_box1.jpg,1,Toumeyella obunca,Lonsdalea quercina,FALSE,,,0.027807966,5,"[{""species"": ""Toumeyella mirabilis"", ""common_name"": """", ""score"": 0.14617764949798584}, {""species"": ""Toumeyella quadrifasciata"", ""common_name"": """", ""score"": 0.10722772032022476}, {""species"": ""Toumeyella erythrinae"", ""common_name"": """", ""score"": 0.06999140977859497}, {""species"": ""Papuexul bidwilli"", ""common_name"": ""Mottled treesnail"", ""score"": 0.030114874243736267}, {""species"": ""Toumeyella obunca"", ""common_name"": """", ""score"": 0.027807965874671936}]"
obs_188731534_photo_330410184_box2.jpg,obs_188731534_photo_330410184,/gpfs_common/share03/ftrscape/snair3/wew_notebooks/outputs_crop/obs_188731534_photo_330410184_box2.jpg,2,Toumeyella mirabilis,Lonsdalea quercina,FALSE,,,0.171928957,1,"[{""species"": ""Toumeyella mirabilis"", ""common_name"": """", ""score"": 0.17192895710468292}, {""species"": ""Toumeyella quadrifasciata"", ""common_name"": """", ""score"": 0.16919630765914917}, {""species"": ""Toumeyella erythrinae"", ""common_name"": """", ""score"": 0.0839642658829689}, {""species"": ""Toumeyella obunca"", ""common_name"": """", ""score"": 0.04361129552125931}, {""species"": ""Andricus marmoreus"", ""common_name"": """", ""score"": 0.033485427498817444}]"
obs_188731534_photo_330410184_box2.jpg,obs_188731534_photo_330410184,/gpfs_common/share03/ftrscape/snair3/wew_notebooks/outputs_crop/obs_188731534_photo_330410184_box2.jpg,2,Toumeyella quadrifasciata,Lonsdalea quercina,FALSE,,,0.169196308,2,"[{""species"": ""Toumeyella mirabilis"", ""common_name"": """", ""score"": 0.17192895710468292}, {""species"": ""Toumeyella quadrifasciata"", ""common_name"": """", ""score"": 0.16919630765914917}, {""species"": ""Toumeyella erythrinae"", ""common_name"": """", ""score"": 0.0839642658829689}, {""species"": ""Toumeyella obunca"", ""common_name"": """", ""score"": 0.04361129552125931}, {""species"": ""Andricus marmoreus"", ""common_name"": """", ""score"": 0.033485427498817444}]"
obs_188731534_photo_330410184_box2.jpg,obs_188731534_photo_330410184,/gpfs_common/share03/ftrscape/snair3/wew_notebooks/outputs_crop/obs_188731534_photo_330410184_box2.jpg,2,Toumeyella erythrinae,Lonsdalea quercina,FALSE,,,0.083964266,3,"[{""species"": ""Toumeyella mirabilis"", ""common_name"": """", ""score"": 0.17192895710468292}, {""species"": ""Toumeyella quadrifasciata"", ""common_name"": """", ""score"": 0.16919630765914917}, {""species"": ""Toumeyella erythrinae"", ""common_name"": """", ""score"": 0.0839642658829689}, {""species"": ""Toumeyella obunca"", ""common_name"": """", ""score"": 0.04361129552125931}, {""species"": ""Andricus marmoreus"", ""common_name"": """", ""score"": 0.033485427498817444}]"
obs_188731534_photo_330410184_box2.jpg,obs_188731534_photo_330410184,/gpfs_common/share03/ftrscape/snair3/wew_notebooks/outputs_crop/obs_188731534_photo_330410184_box2.jpg,2,Toumeyella obunca,Lonsdalea quercina,FALSE,,,0.043611296,4,"[{""species"": ""Toumeyella mirabilis"", ""common_name"": """", ""score"": 0.17192895710468292}, {""species"": ""Toumeyella quadrifasciata"", ""common_name"": """", ""score"": 0.16919630765914917}, {""species"": ""Toumeyella erythrinae"", ""common_name"": """", ""score"": 0.0839642658829689}, {""species"": ""Toumeyella obunca"", ""common_name"": """", ""score"": 0.04361129552125931}, {""species"": ""Andricus marmoreus"", ""common_name"": """", ""score"": 0.033485427498817444}]"
obs_188731534_photo_330410184_box2.jpg,obs_188731534_photo_330410184,/gpfs_common/share03/ftrscape/snair3/wew_notebooks/outputs_crop/obs_188731534_photo_330410184_box2.jpg,2,Andricus marmoreus,Lonsdalea quercina,FALSE,,,0.033485427,5,"[{""species"": ""Toumeyella mirabilis"", ""common_name"": """", ""score"": 0.17192895710468292}, {""species"": ""Toumeyella quadrifasciata"", ""common_name"": """", ""score"": 0.16919630765914917}, {""species"": ""Toumeyella erythrinae"", ""common_name"": """", ""score"": 0.0839642658829689}, {""species"": ""Toumeyella obunca"", ""common_name"": """", ""score"": 0.04361129552125931}, {""species"": ""Andricus marmoreus"", ""common_name"": """", ""score"": 0.033485427498817444}]"
obs_188731534_photo_330410184_box3.jpg,obs_188731534_photo_330410184,/gpfs_common/share03/ftrscape/snair3/wew_notebooks/outputs_crop/obs_188731534_photo_330410184_box3.jpg,3,Lonsdalea quercina,Lonsdalea quercina,TRUE,,,0.1563804,1,"[{""species"": ""Lonsdalea quercina"", ""common_name"": """", ""score"": 0.15638040006160736}, {""species"": ""Quercus coccinea"", ""common_name"": ""scarlet oak"", ""score"": 0.10498803108930588}, {""species"": ""Quercus hawkinsiae"", ""common_name"": """", ""score"": 0.10045887529850006}, {""species"": ""Quercus velutina"", ""common_name"": ""black Oak"", ""score"": 0.04064173251390457}, {""species"": ""Quercus benderi"", ""common_name"": """", ""score"": 0.03240859881043434}]"
obs_188731534_photo_330410184_box3.jpg,obs_188731534_photo_330410184,/gpfs_common/share03/ftrscape/snair3/wew_notebooks/outputs_crop/obs_188731534_photo_330410184_box3.jpg,3,Quercus coccinea,Lonsdalea quercina,FALSE,,scarlet oak,0.104988031,2,"[{""species"": ""Lonsdalea quercina"", ""common_name"": """", ""score"": 0.15638040006160736}, {""species"": ""Quercus coccinea"", ""common_name"": ""scarlet oak"", ""score"": 0.10498803108930588}, {""species"": ""Quercus hawkinsiae"", ""common_name"": """", ""score"": 0.10045887529850006}, {""species"": ""Quercus velutina"", ""common_name"": ""black Oak"", ""score"": 0.04064173251390457}, {""species"": ""Quercus benderi"", ""common_name"": """", ""score"": 0.03240859881043434}]"
obs_188731534_photo_330410184_box3.jpg,obs_188731534_photo_330410184,/gpfs_common/share03/ftrscape/snair3/wew_notebooks/outputs_crop/obs_188731534_photo_330410184_box3.jpg,3,Quercus hawkinsiae,Lonsdalea quercina,FALSE,,,0.100458875,3,"[{""species"": ""Lonsdalea quercina"", ""common_name"": """", ""score"": 0.15638040006160736}, {""species"": ""Quercus coccinea"", ""common_name"": ""scarlet oak"", ""score"": 0.10498803108930588}, {""species"": ""Quercus hawkinsiae"", ""common_name"": """", ""score"": 0.10045887529850006}, {""species"": ""Quercus velutina"", ""common_name"": ""black Oak"", ""score"": 0.04064173251390457}, {""species"": ""Quercus benderi"", ""common_name"": """", ""score"": 0.03240859881043434}]"
obs_188731534_photo_330410184_box3.jpg,obs_188731534_photo_330410184,/gpfs_common/share03/ftrscape/snair3/wew_notebooks/outputs_crop/obs_188731534_photo_330410184_box3.jpg,3,Quercus velutina,Lonsdalea quercina,FALSE,,black Oak,0.040641733,4,"[{""species"": ""Lonsdalea quercina"", ""common_name"": """", ""score"": 0.15638040006160736}, {""species"": ""Quercus coccinea"", ""common_name"": ""scarlet oak"", ""score"": 0.10498803108930588}, {""species"": ""Quercus hawkinsiae"", ""common_name"": """", ""score"": 0.10045887529850006}, {""species"": ""Quercus velutina"", ""common_name"": ""black Oak"", ""score"": 0.04064173251390457}, {""species"": ""Quercus benderi"", ""common_name"": """", ""score"": 0.03240859881043434}]"
obs_188731534_photo_330410184_box3.jpg,obs_188731534_photo_330410184,/gpfs_common/share03/ftrscape/snair3/wew_notebooks/outputs_crop/obs_188731534_photo_330410184_box3.jpg,3,Quercus benderi,Lonsdalea quercina,FALSE,,,0.032408599,5,"[{""species"": ""Lonsdalea quercina"", ""common_name"": """", ""score"": 0.15638040006160736}, {""species"": ""Quercus coccinea"", ""common_name"": ""scarlet oak"", ""score"": 0.10498803108930588}, {""species"": ""Quercus hawkinsiae"", ""common_name"": """", ""score"": 0.10045887529850006}, {""species"": ""Quercus velutina"", ""common_name"": ""black Oak"", ""score"": 0.04064173251390457}, {""species"": ""Quercus benderi"", ""common_name"": """", ""score"": 0.03240859881043434}]"
obs_188731534_photo_330410184_box4.jpg,obs_188731534_photo_330410184,/gpfs_common/share03/ftrscape/snair3/wew_notebooks/outputs_crop/obs_188731534_photo_330410184_box4.jpg,4,Lonsdalea quercina,Lonsdalea quercina,TRUE,,,0.121354632,1,"[{""species"": ""Lonsdalea quercina"", ""common_name"": """", ""score"": 0.12135463207960129}, {""species"": ""Quercus hawkinsiae"", ""common_name"": """", ""score"": 0.054163530468940735}, {""species"": ""Quercus benderi"", ""common_name"": """", ""score"": 0.0364069826900959}, {""species"": ""Protodiaspis agrifoliae"", ""common_name"": ""Oak protodiaspis scale"", ""score"": 0.02717701718211174}, {""species"": ""Ceratocystis fagacearum"", ""common_name"": ""Oak wilt fungus"", ""score"": 0.024732306599617004}]"
obs_188731534_photo_330410184_box4.jpg,obs_188731534_photo_330410184,/gpfs_common/share03/ftrscape/snair3/wew_notebooks/outputs_crop/obs_188731534_photo_330410184_box4.jpg,4,Quercus hawkinsiae,Lonsdalea quercina,FALSE,,,0.05416353,2,"[{""species"": ""Lonsdalea quercina"", ""common_name"": """", ""score"": 0.12135463207960129}, {""species"": ""Quercus hawkinsiae"", ""common_name"": """", ""score"": 0.054163530468940735}, {""species"": ""Quercus benderi"", ""common_name"": """", ""score"": 0.0364069826900959}, {""species"": ""Protodiaspis agrifoliae"", ""common_name"": ""Oak protodiaspis scale"", ""score"": 0.02717701718211174}, {""species"": ""Ceratocystis fagacearum"", ""common_name"": ""Oak wilt fungus"", ""score"": 0.024732306599617004}]"
obs_188731534_photo_330410184_box4.jpg,obs_188731534_photo_330410184,/gpfs_common/share03/ftrscape/snair3/wew_notebooks/outputs_crop/obs_188731534_photo_330410184_box4.jpg,4,Quercus benderi,Lonsdalea quercina,FALSE,,,0.036406983,3,"[{""species"": ""Lonsdalea quercina"", ""common_name"": """", ""score"": 0.12135463207960129}, {""species"": ""Quercus hawkinsiae"", ""common_name"": """", ""score"": 0.054163530468940735}, {""species"": ""Quercus benderi"", ""common_name"": """", ""score"": 0.0364069826900959}, {""species"": ""Protodiaspis agrifoliae"", ""common_name"": ""Oak protodiaspis scale"", ""score"": 0.02717701718211174}, {""species"": ""Ceratocystis fagacearum"", ""common_name"": ""Oak wilt fungus"", ""score"": 0.024732306599617004}]"
obs_188731534_photo_330410184_box4.jpg,obs_188731534_photo_330410184,/gpfs_common/share03/ftrscape/snair3/wew_notebooks/outputs_crop/obs_188731534_photo_330410184_box4.jpg,4,Protodiaspis agrifoliae,Lonsdalea quercina,FALSE,,Oak protodiaspis scale,0.027177017,4,"[{""species"": ""Lonsdalea quercina"", ""common_name"": """", ""score"": 0.12135463207960129}, {""species"": ""Quercus hawkinsiae"", ""common_name"": """", ""score"": 0.054163530468940735}, {""species"": ""Quercus benderi"", ""common_name"": """", ""score"": 0.0364069826900959}, {""species"": ""Protodiaspis agrifoliae"", ""common_name"": ""Oak protodiaspis scale"", ""score"": 0.02717701718211174}, {""species"": ""Ceratocystis fagacearum"", ""common_name"": ""Oak wilt fungus"", ""score"": 0.024732306599617004}]"
obs_188731534_photo_330410184_box4.jpg,obs_188731534_photo_330410184,/gpfs_common/share03/ftrscape/snair3/wew_notebooks/outputs_crop/obs_188731534_photo_330410184_box4.jpg,4,Ceratocystis fagacearum,Lonsdalea quercina,FALSE,,Oak wilt fungus,0.024732307,5,"[{""species"": ""Lonsdalea quercina"", ""common_name"": """", ""score"": 0.12135463207960129}, {""species"": ""Quercus hawkinsiae"", ""common_name"": """", ""score"": 0.054163530468940735}, {""species"": ""Quercus benderi"", ""common_name"": """", ""score"": 0.0364069826900959}, {""species"": ""Protodiaspis agrifoliae"", ""common_name"": ""Oak protodiaspis scale"", ""score"": 0.02717701718211174}, {""species"": ""Ceratocystis fagacearum"", ""common_name"": ""Oak wilt fungus"", ""score"": 0.024732306599617004}]"
obs_188731534_photo_330410184_box5.jpg,obs_188731534_photo_330410184,/gpfs_common/share03/ftrscape/snair3/wew_notebooks/outputs_crop/obs_188731534_photo_330410184_box5.jpg,5,Papuexul bidwilli,Lonsdalea quercina,FALSE,,Mottled treesnail,0.048480239,1,"[{""species"": ""Papuexul bidwilli"", ""common_name"": ""Mottled treesnail"", ""score"": 0.048480238765478134}, {""species"": ""Toumeyella erythrinae"", ""common_name"": """", ""score"": 0.0337170846760273}, {""species"": ""Apiomorpha strombylosa"", ""common_name"": """", ""score"": 0.030867448076605797}, {""species"": ""Toumeyella mirabilis"", ""common_name"": """", ""score"": 0.028820838779211044}, {""species"": ""Cyclophorus punctatus"", ""common_name"": """", ""score"": 0.019303832203149796}]"
obs_188731534_photo_330410184_box5.jpg,obs_188731534_photo_330410184,/gpfs_common/share03/ftrscape/snair3/wew_notebooks/outputs_crop/obs_188731534_photo_330410184_box5.jpg,5,Toumeyella erythrinae,Lonsdalea quercina,FALSE,,,0.033717085,2,"[{""species"": ""Papuexul bidwilli"", ""common_name"": ""Mottled treesnail"", ""score"": 0.048480238765478134}, {""species"": ""Toumeyella erythrinae"", ""common_name"": """", ""score"": 0.0337170846760273}, {""species"": ""Apiomorpha strombylosa"", ""common_name"": """", ""score"": 0.030867448076605797}, {""species"": ""Toumeyella mirabilis"", ""common_name"": """", ""score"": 0.028820838779211044}, {""species"": ""Cyclophorus punctatus"", ""common_name"": """", ""score"": 0.019303832203149796}]"
obs_188731534_photo_330410184_box5.jpg,obs_188731534_photo_330410184,/gpfs_common/share03/ftrscape/snair3/wew_notebooks/outputs_crop/obs_188731534_photo_330410184_box5.jpg,5,Apiomorpha strombylosa,Lonsdalea quercina,FALSE,,,0.030867448,3,"[{""species"": ""Papuexul bidwilli"", ""common_name"": ""Mottled treesnail"", ""score"": 0.048480238765478134}, {""species"": ""Toumeyella erythrinae"", ""common_name"": """", ""score"": 0.0337170846760273}, {""species"": ""Apiomorpha strombylosa"", ""common_name"": """", ""score"": 0.030867448076605797}, {""species"": ""Toumeyella mirabilis"", ""common_name"": """", ""score"": 0.028820838779211044}, {""species"": ""Cyclophorus punctatus"", ""common_name"": """", ""score"": 0.019303832203149796}]"
obs_188731534_photo_330410184_box5.jpg,obs_188731534_photo_330410184,/gpfs_common/share03/ftrscape/snair3/wew_notebooks/outputs_crop/obs_188731534_photo_330410184_box5.jpg,5,Toumeyella mirabilis,Lonsdalea quercina,FALSE,,,0.028820839,4,"[{""species"": ""Papuexul bidwilli"", ""common_name"": ""Mottled treesnail"", ""score"": 0.048480238765478134}, {""species"": ""Toumeyella erythrinae"", ""common_name"": """", ""score"": 0.0337170846760273}, {""species"": ""Apiomorpha strombylosa"", ""common_name"": """", ""score"": 0.030867448076605797}, {""species"": ""Toumeyella mirabilis"", ""common_name"": """", ""score"": 0.028820838779211044}, {""species"": ""Cyclophorus punctatus"", ""common_name"": """", ""score"": 0.019303832203149796}]"
obs_188731534_photo_330410184_box5.jpg,obs_188731534_photo_330410184,/gpfs_common/share03/ftrscape/snair3/wew_notebooks/outputs_crop/obs_188731534_photo_330410184_box5.jpg,5,Cyclophorus punctatus,Lonsdalea quercina,FALSE,,,0.019303832,5,"[{""species"": ""Papuexul bidwilli"", ""common_name"": ""Mottled treesnail"", ""score"": 0.048480238765478134}, {""species"": ""Toumeyella erythrinae"", ""common_name"": """", ""score"": 0.0337170846760273}, {""species"": ""Apiomorpha strombylosa"", ""common_name"": """", ""score"": 0.030867448076605797}, {""species"": ""Toumeyella mirabilis"", ""common_name"": """", ""score"": 0.028820838779211044}, {""species"": ""Cyclophorus punctatus"", ""common_name"": """", ""score"": 0.019303832203149796}]"
obs_194599339_photo_342107100_box1.jpg,obs_194599339_photo_342107100,/gpfs_common/share03/ftrscape/snair3/wew_notebooks/outputs_crop/obs_194599339_photo_342107100_box1.jpg,1,Pilula cordemoyi,Obama nungara,FALSE,Pred and prey is bpth present in the picture which might be confusing the classifier,,0.134467125,1,"[{""species"": ""Pilula cordemoyi"", ""common_name"": """", ""score"": 0.13446712493896484}, {""species"": ""Otoconcha dimidiata"", ""common_name"": """", ""score"": 0.04775844141840935}, {""species"": ""Daudebardia brevipes"", ""common_name"": """", ""score"": 0.041080303490161896}, {""species"": ""Parakontikia ventrolineata"", ""common_name"": """", ""score"": 0.033391933888196945}, {""species"": ""Kontikia pelewensis"", ""common_name"": """", ""score"": 0.031812768429517746}]"
obs_194599339_photo_342107100_box1.jpg,obs_194599339_photo_342107100,/gpfs_common/share03/ftrscape/snair3/wew_notebooks/outputs_crop/obs_194599339_photo_342107100_box1.jpg,1,Otoconcha dimidiata,Obama nungara,FALSE,Pred and prey is bpth present in the picture which might be confusing the classifier,,0.047758441,2,"[{""species"": ""Pilula cordemoyi"", ""common_name"": """", ""score"": 0.13446712493896484}, {""species"": ""Otoconcha dimidiata"", ""common_name"": """", ""score"": 0.04775844141840935}, {""species"": ""Daudebardia brevipes"", ""common_name"": """", ""score"": 0.041080303490161896}, {""species"": ""Parakontikia ventrolineata"", ""common_name"": """", ""score"": 0.033391933888196945}, {""species"": ""Kontikia pelewensis"", ""common_name"": """", ""score"": 0.031812768429517746}]"
obs_194599339_photo_342107100_box1.jpg,obs_194599339_photo_342107100,/gpfs_common/share03/ftrscape/snair3/wew_notebooks/outputs_crop/obs_194599339_photo_342107100_box1.jpg,1,Daudebardia brevipes,Obama nungara,FALSE,Pred and prey is bpth present in the picture which might be confusing the classifier,,0.041080303,3,"[{""species"": ""Pilula cordemoyi"", ""common_name"": """", ""score"": 0.13446712493896484}, {""species"": ""Otoconcha dimidiata"", ""common_name"": """", ""score"": 0.04775844141840935}, {""species"": ""Daudebardia brevipes"", ""common_name"": """", ""score"": 0.041080303490161896}, {""species"": ""Parakontikia ventrolineata"", ""common_name"": """", ""score"": 0.033391933888196945}, {""species"": ""Kontikia pelewensis"", ""common_name"": """", ""score"": 0.031812768429517746}]"
obs_194599339_photo_342107100_box1.jpg,obs_194599339_photo_342107100,/gpfs_common/share03/ftrscape/snair3/wew_notebooks/outputs_crop/obs_194599339_photo_342107100_box1.jpg,1,Parakontikia ventrolineata,Obama nungara,FALSE,Pred and prey is bpth present in the picture which might be confusing the classifier,,0.033391934,4,"[{""species"": ""Pilula cordemoyi"", ""common_name"": """", ""score"": 0.13446712493896484}, {""species"": ""Otoconcha dimidiata"", ""common_name"": """", ""score"": 0.04775844141840935}, {""species"": ""Daudebardia brevipes"", ""common_name"": """", ""score"": 0.041080303490161896}, {""species"": ""Parakontikia ventrolineata"", ""common_name"": """", ""score"": 0.033391933888196945}, {""species"": ""Kontikia pelewensis"", ""common_name"": """", ""score"": 0.031812768429517746}]"
obs_194599339_photo_342107100_box1.jpg,obs_194599339_photo_342107100,/gpfs_common/share03/ftrscape/snair3/wew_notebooks/outputs_crop/obs_194599339_photo_342107100_box1.jpg,1,Kontikia pelewensis,Obama nungara,FALSE,Pred and prey is bpth present in the picture which might be confusing the classifier,,0.031812768,5,"[{""species"": ""Pilula cordemoyi"", ""common_name"": """", ""score"": 0.13446712493896484}, {""species"": ""Otoconcha dimidiata"", ""common_name"": """", ""score"": 0.04775844141840935}, {""species"": ""Daudebardia brevipes"", ""common_name"": """", ""score"": 0.041080303490161896}, {""species"": ""Parakontikia ventrolineata"", ""common_name"": """", ""score"": 0.033391933888196945}, {""species"": ""Kontikia pelewensis"", ""common_name"": """", ""score"": 0.031812768429517746}]"
obs_194599339_photo_342107100_box2.jpg,obs_194599339_photo_342107100,/gpfs_common/share03/ftrscape/snair3/wew_notebooks/outputs_crop/obs_194599339_photo_342107100_box2.jpg,2,Thalassohelix laingi,Obama nungara,FALSE,No Target Animal in the picture,,0.058956884,1,"[{""species"": ""Thalassohelix laingi"", ""common_name"": """", ""score"": 0.05895688384771347}, {""species"": ""Thalassohelix antipoda"", ""common_name"": """", ""score"": 0.0358143076300621}, {""species"": ""Thalassohelix zelandiae"", ""common_name"": """", ""score"": 0.022022008895874023}, {""species"": ""Thalassohelix obnubila"", ""common_name"": """", ""score"": 0.021183853968977928}, {""species"": ""Retinella circumsessa"", ""common_name"": """", ""score"": 0.019227435812354088}]"
obs_194599339_photo_342107100_box2.jpg,obs_194599339_photo_342107100,/gpfs_common/share03/ftrscape/snair3/wew_notebooks/outputs_crop/obs_194599339_photo_342107100_box2.jpg,2,Thalassohelix antipoda,Obama nungara,FALSE,No Target Animal in the picture,,0.035814308,2,"[{""species"": ""Thalassohelix laingi"", ""common_name"": """", ""score"": 0.05895688384771347}, {""species"": ""Thalassohelix antipoda"", ""common_name"": """", ""score"": 0.0358143076300621}, {""species"": ""Thalassohelix zelandiae"", ""common_name"": """", ""score"": 0.022022008895874023}, {""species"": ""Thalassohelix obnubila"", ""common_name"": """", ""score"": 0.021183853968977928}, {""species"": ""Retinella circumsessa"", ""common_name"": """", ""score"": 0.019227435812354088}]"
obs_194599339_photo_342107100_box2.jpg,obs_194599339_photo_342107100,/gpfs_common/share03/ftrscape/snair3/wew_notebooks/outputs_crop/obs_194599339_photo_342107100_box2.jpg,2,Thalassohelix zelandiae,Obama nungara,FALSE,No Target Animal in the picture,,0.022022009,3,"[{""species"": ""Thalassohelix laingi"", ""common_name"": """", ""score"": 0.05895688384771347}, {""species"": ""Thalassohelix antipoda"", ""common_name"": """", ""score"": 0.0358143076300621}, {""species"": ""Thalassohelix zelandiae"", ""common_name"": """", ""score"": 0.022022008895874023}, {""species"": ""Thalassohelix obnubila"", ""common_name"": """", ""score"": 0.021183853968977928}, {""species"": ""Retinella circumsessa"", ""common_name"": """", ""score"": 0.019227435812354088}]"
obs_194599339_photo_342107100_box2.jpg,obs_194599339_photo_342107100,/gpfs_common/share03/ftrscape/snair3/wew_notebooks/outputs_crop/obs_194599339_photo_342107100_box2.jpg,2,Thalassohelix obnubila,Obama nungara,FALSE,No Target Animal in the picture,,0.021183854,4,"[{""species"": ""Thalassohelix laingi"", ""common_name"": """", ""score"": 0.05895688384771347}, {""species"": ""Thalassohelix antipoda"", ""common_name"": """", ""score"": 0.0358143076300621}, {""species"": ""Thalassohelix zelandiae"", ""common_name"": """", ""score"": 0.022022008895874023}, {""species"": ""Thalassohelix obnubila"", ""common_name"": """", ""score"": 0.021183853968977928}, {""species"": ""Retinella circumsessa"", ""common_name"": """", ""score"": 0.019227435812354088}]"
obs_194599339_photo_342107100_box2.jpg,obs_194599339_photo_342107100,/gpfs_common/share03/ftrscape/snair3/wew_notebooks/outputs_crop/obs_194599339_photo_342107100_box2.jpg,2,Retinella circumsessa,Obama nungara,FALSE,No Target Animal in the picture,,0.019227436,5,"[{""species"": ""Thalassohelix laingi"", ""common_name"": """", ""score"": 0.05895688384771347}, {""species"": ""Thalassohelix antipoda"", ""common_name"": """", ""score"": 0.0358143076300621}, {""species"": ""Thalassohelix zelandiae"", ""common_name"": """", ""score"": 0.022022008895874023}, {""species"": ""Thalassohelix obnubila"", ""common_name"": """", ""score"": 0.021183853968977928}, {""species"": ""Retinella circumsessa"", ""common_name"": """", ""score"": 0.019227435812354088}]"
obs_194599339_photo_342107100_box3.jpg,obs_194599339_photo_342107100,/gpfs_common/share03/ftrscape/snair3/wew_notebooks/outputs_crop/obs_194599339_photo_342107100_box3.jpg,3,Leuconopsis obsoleta,Obama nungara,FALSE,No Target Animal in the picture,,0.042875357,1,"[{""species"": ""Leuconopsis obsoleta"", ""common_name"": """", ""score"": 0.04287535697221756}, {""species"": ""Novaculina chinensis"", ""common_name"": """", ""score"": 0.017014220356941223}, {""species"": ""Pyrgulopsis licina"", ""common_name"": """", ""score"": 0.007300382014364004}, {""species"": ""Microtralia insularis"", ""common_name"": """", ""score"": 0.006622422486543655}, {""species"": ""Austrolittorina antipodum"", ""common_name"": ""Blue Periwinkle"", ""score"": 0.006490717642009258}]"
obs_194599339_photo_342107100_box3.jpg,obs_194599339_photo_342107100,/gpfs_common/share03/ftrscape/snair3/wew_notebooks/outputs_crop/obs_194599339_photo_342107100_box3.jpg,3,Novaculina chinensis,Obama nungara,FALSE,No Target Animal in the picture,,0.01701422,2,"[{""species"": ""Leuconopsis obsoleta"", ""common_name"": """", ""score"": 0.04287535697221756}, {""species"": ""Novaculina chinensis"", ""common_name"": """", ""score"": 0.017014220356941223}, {""species"": ""Pyrgulopsis licina"", ""common_name"": """", ""score"": 0.007300382014364004}, {""species"": ""Microtralia insularis"", ""common_name"": """", ""score"": 0.006622422486543655}, {""species"": ""Austrolittorina antipodum"", ""common_name"": ""Blue Periwinkle"", ""score"": 0.006490717642009258}]"
obs_194599339_photo_342107100_box3.jpg,obs_194599339_photo_342107100,/gpfs_common/share03/ftrscape/snair3/wew_notebooks/outputs_crop/obs_194599339_photo_342107100_box3.jpg,3,Pyrgulopsis licina,Obama nungara,FALSE,No Target Animal in the picture,,0.007300382,3,"[{""species"": ""Leuconopsis obsoleta"", ""common_name"": """", ""score"": 0.04287535697221756}, {""species"": ""Novaculina chinensis"", ""common_name"": """", ""score"": 0.017014220356941223}, {""species"": ""Pyrgulopsis licina"", ""common_name"": """", ""score"": 0.007300382014364004}, {""species"": ""Microtralia insularis"", ""common_name"": """", ""score"": 0.006622422486543655}, {""species"": ""Austrolittorina antipodum"", ""common_name"": ""Blue Periwinkle"", ""score"": 0.006490717642009258}]"
obs_194599339_photo_342107100_box3.jpg,obs_194599339_photo_342107100,/gpfs_common/share03/ftrscape/snair3/wew_notebooks/outputs_crop/obs_194599339_photo_342107100_box3.jpg,3,Microtralia insularis,Obama nungara,FALSE,No Target Animal in the picture,,0.006622422,4,"[{""species"": ""Leuconopsis obsoleta"", ""common_name"": """", ""score"": 0.04287535697221756}, {""species"": ""Novaculina chinensis"", ""common_name"": """", ""score"": 0.017014220356941223}, {""species"": ""Pyrgulopsis licina"", ""common_name"": """", ""score"": 0.007300382014364004}, {""species"": ""Microtralia insularis"", ""common_name"": """", ""score"": 0.006622422486543655}, {""species"": ""Austrolittorina antipodum"", ""common_name"": ""Blue Periwinkle"", ""score"": 0.006490717642009258}]"
obs_194599339_photo_342107100_box3.jpg,obs_194599339_photo_342107100,/gpfs_common/share03/ftrscape/snair3/wew_notebooks/outputs_crop/obs_194599339_photo_342107100_box3.jpg,3,Austrolittorina antipodum,Obama nungara,FALSE,No Target Animal in the picture,Blue Periwinkle,0.006490718,5,"[{""species"": ""Leuconopsis obsoleta"", ""common_name"": """", ""score"": 0.04287535697221756}, {""species"": ""Novaculina chinensis"", ""common_name"": """", ""score"": 0.017014220356941223}, {""species"": ""Pyrgulopsis licina"", ""common_name"": """", ""score"": 0.007300382014364004}, {""species"": ""Microtralia insularis"", ""common_name"": """", ""score"": 0.006622422486543655}, {""species"": ""Austrolittorina antipodum"", ""common_name"": ""Blue Periwinkle"", ""score"": 0.006490717642009258}]"
obs_194599339_photo_342107100_box4.jpg,obs_194599339_photo_342107100,/gpfs_common/share03/ftrscape/snair3/wew_notebooks/outputs_crop/obs_194599339_photo_342107100_box4.jpg,4,Eptesicus fuscus,Obama nungara,FALSE,No Target Animal in the picture,Big Brown Bat,0.025763873,1,"[{""species"": ""Eptesicus fuscus"", ""common_name"": ""Big Brown Bat"", ""score"": 0.025763873010873795}, {""species"": ""Chactas ferruginosus"", ""common_name"": """", ""score"": 0.019558295607566833}, {""species"": ""Oryctes centaurus"", ""common_name"": """", ""score"": 0.018432285636663437}, {""species"": ""Forficula beelzebub"", ""common_name"": """", ""score"": 0.00870832335203886}, {""species"": ""Rhinolophus monoceros"", ""common_name"": ""Formosan lesser horseshoe bat"", ""score"": 0.008473883382976055}]"
obs_194599339_photo_342107100_box4.jpg,obs_194599339_photo_342107100,/gpfs_common/share03/ftrscape/snair3/wew_notebooks/outputs_crop/obs_194599339_photo_342107100_box4.jpg,4,Chactas ferruginosus,Obama nungara,FALSE,No Target Animal in the picture,,0.019558296,2,"[{""species"": ""Eptesicus fuscus"", ""common_name"": ""Big Brown Bat"", ""score"": 0.025763873010873795}, {""species"": ""Chactas ferruginosus"", ""common_name"": """", ""score"": 0.019558295607566833}, {""species"": ""Oryctes centaurus"", ""common_name"": """", ""score"": 0.018432285636663437}, {""species"": ""Forficula beelzebub"", ""common_name"": """", ""score"": 0.00870832335203886}, {""species"": ""Rhinolophus monoceros"", ""common_name"": ""Formosan lesser horseshoe bat"", ""score"": 0.008473883382976055}]"
obs_194599339_photo_342107100_box4.jpg,obs_194599339_photo_342107100,/gpfs_common/share03/ftrscape/snair3/wew_notebooks/outputs_crop/obs_194599339_photo_342107100_box4.jpg,4,Oryctes centaurus,Obama nungara,FALSE,No Target Animal in the picture,,0.018432286,3,"[{""species"": ""Eptesicus fuscus"", ""common_name"": ""Big Brown Bat"", ""score"": 0.025763873010873795}, {""species"": ""Chactas ferruginosus"", ""common_name"": """", ""score"": 0.019558295607566833}, {""species"": ""Oryctes centaurus"", ""common_name"": """", ""score"": 0.018432285636663437}, {""species"": ""Forficula beelzebub"", ""common_name"": """", ""score"": 0.00870832335203886}, {""species"": ""Rhinolophus monoceros"", ""common_name"": ""Formosan lesser horseshoe bat"", ""score"": 0.008473883382976055}]"
obs_194599339_photo_342107100_box4.jpg,obs_194599339_photo_342107100,/gpfs_common/share03/ftrscape/snair3/wew_notebooks/outputs_crop/obs_194599339_photo_342107100_box4.jpg,4,Forficula beelzebub,Obama nungara,FALSE,No Target Animal in the picture,,0.008708323,4,"[{""species"": ""Eptesicus fuscus"", ""common_name"": ""Big Brown Bat"", ""score"": 0.025763873010873795}, {""species"": ""Chactas ferruginosus"", ""common_name"": """", ""score"": 0.019558295607566833}, {""species"": ""Oryctes centaurus"", ""common_name"": """", ""score"": 0.018432285636663437}, {""species"": ""Forficula beelzebub"", ""common_name"": """", ""score"": 0.00870832335203886}, {""species"": ""Rhinolophus monoceros"", ""common_name"": ""Formosan lesser horseshoe bat"", ""score"": 0.008473883382976055}]"
obs_194599339_photo_342107100_box4.jpg,obs_194599339_photo_342107100,/gpfs_common/share03/ftrscape/snair3/wew_notebooks/outputs_crop/obs_194599339_photo_342107100_box4.jpg,4,Rhinolophus monoceros,Obama nungara,FALSE,No Target Animal in the picture,Formosan lesser horseshoe bat,0.008473883,5,"[{""species"": ""Eptesicus fuscus"", ""common_name"": ""Big Brown Bat"", ""score"": 0.025763873010873795}, {""species"": ""Chactas ferruginosus"", ""common_name"": """", ""score"": 0.019558295607566833}, {""species"": ""Oryctes centaurus"", ""common_name"": """", ""score"": 0.018432285636663437}, {""species"": ""Forficula beelzebub"", ""common_name"": """", ""score"": 0.00870832335203886}, {""species"": ""Rhinolophus monoceros"", ""common_name"": ""Formosan lesser horseshoe bat"", ""score"": 0.008473883382976055}]"
obs_194599339_photo_342107100_box5.jpg,obs_194599339_photo_342107100,/gpfs_common/share03/ftrscape/snair3/wew_notebooks/outputs_crop/obs_194599339_photo_342107100_box5.jpg,5,Thalassohelix laingi,Obama nungara,FALSE,No Target Animal in the picture,,0.057810806,1,"[{""species"": ""Thalassohelix laingi"", ""common_name"": """", ""score"": 0.05781080573797226}, {""species"": ""Thalassohelix antipoda"", ""common_name"": """", ""score"": 0.02995412051677704}, {""species"": ""Retinella circumsessa"", ""common_name"": """", ""score"": 0.02401561848819256}, {""species"": ""Thalassohelix zelandiae"", ""common_name"": """", ""score"": 0.019757872447371483}, {""species"": ""Thalassohelix igniflua"", ""common_name"": """", ""score"": 0.019670486450195312}]"
obs_194599339_photo_342107100_box5.jpg,obs_194599339_photo_342107100,/gpfs_common/share03/ftrscape/snair3/wew_notebooks/outputs_crop/obs_194599339_photo_342107100_box5.jpg,5,Thalassohelix antipoda,Obama nungara,FALSE,No Target Animal in the picture,,0.029954121,2,"[{""species"": ""Thalassohelix laingi"", ""common_name"": """", ""score"": 0.05781080573797226}, {""species"": ""Thalassohelix antipoda"", ""common_name"": """", ""score"": 0.02995412051677704}, {""species"": ""Retinella circumsessa"", ""common_name"": """", ""score"": 0.02401561848819256}, {""species"": ""Thalassohelix zelandiae"", ""common_name"": """", ""score"": 0.019757872447371483}, {""species"": ""Thalassohelix igniflua"", ""common_name"": """", ""score"": 0.019670486450195312}]"
obs_194599339_photo_342107100_box5.jpg,obs_194599339_photo_342107100,/gpfs_common/share03/ftrscape/snair3/wew_notebooks/outputs_crop/obs_194599339_photo_342107100_box5.jpg,5,Retinella circumsessa,Obama nungara,FALSE,No Target Animal in the picture,,0.024015618,3,"[{""species"": ""Thalassohelix laingi"", ""common_name"": """", ""score"": 0.05781080573797226}, {""species"": ""Thalassohelix antipoda"", ""common_name"": """", ""score"": 0.02995412051677704}, {""species"": ""Retinella circumsessa"", ""common_name"": """", ""score"": 0.02401561848819256}, {""species"": ""Thalassohelix zelandiae"", ""common_name"": """", ""score"": 0.019757872447371483}, {""species"": ""Thalassohelix igniflua"", ""common_name"": """", ""score"": 0.019670486450195312}]"
obs_194599339_photo_342107100_box5.jpg,obs_194599339_photo_342107100,/gpfs_common/share03/ftrscape/snair3/wew_notebooks/outputs_crop/obs_194599339_photo_342107100_box5.jpg,5,Thalassohelix zelandiae,Obama nungara,FALSE,No Target Animal in the picture,,0.019757872,4,"[{""species"": ""Thalassohelix laingi"", ""common_name"": """", ""score"": 0.05781080573797226}, {""species"": ""Thalassohelix antipoda"", ""common_name"": """", ""score"": 0.02995412051677704}, {""species"": ""Retinella circumsessa"", ""common_name"": """", ""score"": 0.02401561848819256}, {""species"": ""Thalassohelix zelandiae"", ""common_name"": """", ""score"": 0.019757872447371483}, {""species"": ""Thalassohelix igniflua"", ""common_name"": """", ""score"": 0.019670486450195312}]"
obs_194599339_photo_342107100_box5.jpg,obs_194599339_photo_342107100,/gpfs_common/share03/ftrscape/snair3/wew_notebooks/outputs_crop/obs_194599339_photo_342107100_box5.jpg,5,Thalassohelix igniflua,Obama nungara,FALSE,No Target Animal in the picture,,0.019670486,5,"[{""species"": ""Thalassohelix laingi"", ""common_name"": """", ""score"": 0.05781080573797226}, {""species"": ""Thalassohelix antipoda"", ""common_name"": """", ""score"": 0.02995412051677704}, {""species"": ""Retinella circumsessa"", ""common_name"": """", ""score"": 0.02401561848819256}, {""species"": ""Thalassohelix zelandiae"", ""common_name"": """", ""score"": 0.019757872447371483}, {""species"": ""Thalassohelix igniflua"", ""common_name"": """", ""score"": 0.019670486450195312}]"
obs_194795499_photo_341224314_box1.jpg,obs_194795499_photo_341224314,/gpfs_common/share03/ftrscape/snair3/wew_notebooks/outputs_crop/obs_194795499_photo_341224314_box1.jpg,1,Ranzania tenneyorum,Urticina columbiana,FALSE,,,0.143354356,1,"[{""species"": ""Ranzania tenneyorum"", ""common_name"": """", ""score"": 0.1433543562889099}, {""species"": ""Mola tecta"", ""common_name"": ""Hoodwinker Ocean Sunfish"", ""score"": 0.1404304951429367}, {""species"": ""Mola mola"", ""common_name"": ""Ocean sunfish"", ""score"": 0.11275387555360794}, {""species"": ""Rhopilema hispidum"", ""common_name"": """", ""score"": 0.0846157819032669}, {""species"": ""Rhopilema esculentum"", ""common_name"": ""Japanese edible jellyfish"", ""score"": 0.037776462733745575}]"
obs_194795499_photo_341224314_box1.jpg,obs_194795499_photo_341224314,/gpfs_common/share03/ftrscape/snair3/wew_notebooks/outputs_crop/obs_194795499_photo_341224314_box1.jpg,1,Mola tecta,Urticina columbiana,FALSE,,Hoodwinker Ocean Sunfish,0.140430495,2,"[{""species"": ""Ranzania tenneyorum"", ""common_name"": """", ""score"": 0.1433543562889099}, {""species"": ""Mola tecta"", ""common_name"": ""Hoodwinker Ocean Sunfish"", ""score"": 0.1404304951429367}, {""species"": ""Mola mola"", ""common_name"": ""Ocean sunfish"", ""score"": 0.11275387555360794}, {""species"": ""Rhopilema hispidum"", ""common_name"": """", ""score"": 0.0846157819032669}, {""species"": ""Rhopilema esculentum"", ""common_name"": ""Japanese edible jellyfish"", ""score"": 0.037776462733745575}]"
obs_194795499_photo_341224314_box1.jpg,obs_194795499_photo_341224314,/gpfs_common/share03/ftrscape/snair3/wew_notebooks/outputs_crop/obs_194795499_photo_341224314_box1.jpg,1,Mola mola,Urticina columbiana,FALSE,,Ocean sunfish,0.112753876,3,"[{""species"": ""Ranzania tenneyorum"", ""common_name"": """", ""score"": 0.1433543562889099}, {""species"": ""Mola tecta"", ""common_name"": ""Hoodwinker Ocean Sunfish"", ""score"": 0.1404304951429367}, {""species"": ""Mola mola"", ""common_name"": ""Ocean sunfish"", ""score"": 0.11275387555360794}, {""species"": ""Rhopilema hispidum"", ""common_name"": """", ""score"": 0.0846157819032669}, {""species"": ""Rhopilema esculentum"", ""common_name"": ""Japanese edible jellyfish"", ""score"": 0.037776462733745575}]"
obs_194795499_photo_341224314_box1.jpg,obs_194795499_photo_341224314,/gpfs_common/share03/ftrscape/snair3/wew_notebooks/outputs_crop/obs_194795499_photo_341224314_box1.jpg,1,Rhopilema hispidum,Urticina columbiana,FALSE,,,0.084615782,4,"[{""species"": ""Ranzania tenneyorum"", ""common_name"": """", ""score"": 0.1433543562889099}, {""species"": ""Mola tecta"", ""common_name"": ""Hoodwinker Ocean Sunfish"", ""score"": 0.1404304951429367}, {""species"": ""Mola mola"", ""common_name"": ""Ocean sunfish"", ""score"": 0.11275387555360794}, {""species"": ""Rhopilema hispidum"", ""common_name"": """", ""score"": 0.0846157819032669}, {""species"": ""Rhopilema esculentum"", ""common_name"": ""Japanese edible jellyfish"", ""score"": 0.037776462733745575}]"
obs_194795499_photo_341224314_box1.jpg,obs_194795499_photo_341224314,/gpfs_common/share03/ftrscape/snair3/wew_notebooks/outputs_crop/obs_194795499_photo_341224314_box1.jpg,1,Rhopilema esculentum,Urticina columbiana,FALSE,,Japanese edible jellyfish,0.037776463,5,"[{""species"": ""Ranzania tenneyorum"", ""common_name"": """", ""score"": 0.1433543562889099}, {""species"": ""Mola tecta"", ""common_name"": ""Hoodwinker Ocean Sunfish"", ""score"": 0.1404304951429367}, {""species"": ""Mola mola"", ""common_name"": ""Ocean sunfish"", ""score"": 0.11275387555360794}, {""species"": ""Rhopilema hispidum"", ""common_name"": """", ""score"": 0.0846157819032669}, {""species"": ""Rhopilema esculentum"", ""common_name"": ""Japanese edible jellyfish"", ""score"": 0.037776462733745575}]"
obs_194795499_photo_341224314_box2.jpg,obs_194795499_photo_341224314,/gpfs_common/share03/ftrscape/snair3/wew_notebooks/outputs_crop/obs_194795499_photo_341224314_box2.jpg,2,Amplexidiscus fenestrafer,Urticina columbiana,FALSE,,Elephant ear anemone,0.11004547,1,"[{""species"": ""Amplexidiscus fenestrafer"", ""common_name"": ""Elephant ear anemone"", ""score"": 0.11004547029733658}, {""species"": ""Stichodactyla mertensii"", ""common_name"": ""Merten's sea anemone"", ""score"": 0.07448150962591171}, {""species"": ""Urticina columbiana"", ""common_name"": ""Crusty red anemone"", ""score"": 0.05897459387779236}, {""species"": ""Liponema multicorne"", ""common_name"": ""Many-tentacled sea anemone"", ""score"": 0.05817379429936409}, {""species"": ""Heliofungia actiniformis"", ""common_name"": ""Plate coral"", ""score"": 0.04446103423833847}]"
obs_194795499_photo_341224314_box2.jpg,obs_194795499_photo_341224314,/gpfs_common/share03/ftrscape/snair3/wew_notebooks/outputs_crop/obs_194795499_photo_341224314_box2.jpg,2,Stichodactyla mertensii,Urticina columbiana,FALSE,,Merten's sea anemone,0.07448151,2,"[{""species"": ""Amplexidiscus fenestrafer"", ""common_name"": ""Elephant ear anemone"", ""score"": 0.11004547029733658}, {""species"": ""Stichodactyla mertensii"", ""common_name"": ""Merten's sea anemone"", ""score"": 0.07448150962591171}, {""species"": ""Urticina columbiana"", ""common_name"": ""Crusty red anemone"", ""score"": 0.05897459387779236}, {""species"": ""Liponema multicorne"", ""common_name"": ""Many-tentacled sea anemone"", ""score"": 0.05817379429936409}, {""species"": ""Heliofungia actiniformis"", ""common_name"": ""Plate coral"", ""score"": 0.04446103423833847}]"
obs_194795499_photo_341224314_box2.jpg,obs_194795499_photo_341224314,/gpfs_common/share03/ftrscape/snair3/wew_notebooks/outputs_crop/obs_194795499_photo_341224314_box2.jpg,2,Urticina columbiana,Urticina columbiana,TRUE,,Crusty red anemone,0.058974594,3,"[{""species"": ""Amplexidiscus fenestrafer"", ""common_name"": ""Elephant ear anemone"", ""score"": 0.11004547029733658}, {""species"": ""Stichodactyla mertensii"", ""common_name"": ""Merten's sea anemone"", ""score"": 0.07448150962591171}, {""species"": ""Urticina columbiana"", ""common_name"": ""Crusty red anemone"", ""score"": 0.05897459387779236}, {""species"": ""Liponema multicorne"", ""common_name"": ""Many-tentacled sea anemone"", ""score"": 0.05817379429936409}, {""species"": ""Heliofungia actiniformis"", ""common_name"": ""Plate coral"", ""score"": 0.04446103423833847}]"
obs_194795499_photo_341224314_box2.jpg,obs_194795499_photo_341224314,/gpfs_common/share03/ftrscape/snair3/wew_notebooks/outputs_crop/obs_194795499_photo_341224314_box2.jpg,2,Liponema multicorne,Urticina columbiana,FALSE,,Many-tentacled sea anemone,0.058173794,4,"[{""species"": ""Amplexidiscus fenestrafer"", ""common_name"": ""Elephant ear anemone"", ""score"": 0.11004547029733658}, {""species"": ""Stichodactyla mertensii"", ""common_name"": ""Merten's sea anemone"", ""score"": 0.07448150962591171}, {""species"": ""Urticina columbiana"", ""common_name"": ""Crusty red anemone"", ""score"": 0.05897459387779236}, {""species"": ""Liponema multicorne"", ""common_name"": ""Many-tentacled sea anemone"", ""score"": 0.05817379429936409}, {""species"": ""Heliofungia actiniformis"", ""common_name"": ""Plate coral"", ""score"": 0.04446103423833847}]"
obs_194795499_photo_341224314_box2.jpg,obs_194795499_photo_341224314,/gpfs_common/share03/ftrscape/snair3/wew_notebooks/outputs_crop/obs_194795499_photo_341224314_box2.jpg,2,Heliofungia actiniformis,Urticina columbiana,FALSE,,Plate coral,0.044461034,5,"[{""species"": ""Amplexidiscus fenestrafer"", ""common_name"": ""Elephant ear anemone"", ""score"": 0.11004547029733658}, {""species"": ""Stichodactyla mertensii"", ""common_name"": ""Merten's sea anemone"", ""score"": 0.07448150962591171}, {""species"": ""Urticina columbiana"", ""common_name"": ""Crusty red anemone"", ""score"": 0.05897459387779236}, {""species"": ""Liponema multicorne"", ""common_name"": ""Many-tentacled sea anemone"", ""score"": 0.05817379429936409}, {""species"": ""Heliofungia actiniformis"", ""common_name"": ""Plate coral"", ""score"": 0.04446103423833847}]"
obs_194795499_photo_341224314_box3.jpg,obs_194795499_photo_341224314,/gpfs_common/share03/ftrscape/snair3/wew_notebooks/outputs_crop/obs_194795499_photo_341224314_box3.jpg,3,Amplexidiscus fenestrafer,Urticina columbiana,FALSE,,Elephant ear anemone,0.32949692,1,"[{""species"": ""Amplexidiscus fenestrafer"", ""common_name"": ""Elephant ear anemone"", ""score"": 0.32949692010879517}, {""species"": ""Urticina columbiana"", ""common_name"": ""Crusty red anemone"", ""score"": 0.06755136698484421}, {""species"": ""Sicyonis erythrocephala"", ""common_name"": ""Sea Anemone"", ""score"": 0.0641958937048912}, {""species"": ""Heliofungia actiniformis"", ""common_name"": ""Plate coral"", ""score"": 0.06390416622161865}, {""species"": ""Radianthus magnifica"", ""common_name"": ""Sea Anemone"", ""score"": 0.05333489179611206}]"
obs_194795499_photo_341224314_box3.jpg,obs_194795499_photo_341224314,/gpfs_common/share03/ftrscape/snair3/wew_notebooks/outputs_crop/obs_194795499_photo_341224314_box3.jpg,3,Urticina columbiana,Urticina columbiana,TRUE,,Crusty red anemone,0.067551367,2,"[{""species"": ""Amplexidiscus fenestrafer"", ""common_name"": ""Elephant ear anemone"", ""score"": 0.32949692010879517}, {""species"": ""Urticina columbiana"", ""common_name"": ""Crusty red anemone"", ""score"": 0.06755136698484421}, {""species"": ""Sicyonis erythrocephala"", ""common_name"": ""Sea Anemone"", ""score"": 0.0641958937048912}, {""species"": ""Heliofungia actiniformis"", ""common_name"": ""Plate coral"", ""score"": 0.06390416622161865}, {""species"": ""Radianthus magnifica"", ""common_name"": ""Sea Anemone"", ""score"": 0.05333489179611206}]"
obs_194795499_photo_341224314_box3.jpg,obs_194795499_photo_341224314,/gpfs_common/share03/ftrscape/snair3/wew_notebooks/outputs_crop/obs_194795499_photo_341224314_box3.jpg,3,Sicyonis erythrocephala,Urticina columbiana,FALSE,,Sea Anemone,0.064195894,3,"[{""species"": ""Amplexidiscus fenestrafer"", ""common_name"": ""Elephant ear anemone"", ""score"": 0.32949692010879517}, {""species"": ""Urticina columbiana"", ""common_name"": ""Crusty red anemone"", ""score"": 0.06755136698484421}, {""species"": ""Sicyonis erythrocephala"", ""common_name"": ""Sea Anemone"", ""score"": 0.0641958937048912}, {""species"": ""Heliofungia actiniformis"", ""common_name"": ""Plate coral"", ""score"": 0.06390416622161865}, {""species"": ""Radianthus magnifica"", ""common_name"": ""Sea Anemone"", ""score"": 0.05333489179611206}]"
obs_194795499_photo_341224314_box3.jpg,obs_194795499_photo_341224314,/gpfs_common/share03/ftrscape/snair3/wew_notebooks/outputs_crop/obs_194795499_photo_341224314_box3.jpg,3,Heliofungia actiniformis,Urticina columbiana,FALSE,,Plate coral,0.063904166,4,"[{""species"": ""Amplexidiscus fenestrafer"", ""common_name"": ""Elephant ear anemone"", ""score"": 0.32949692010879517}, {""species"": ""Urticina columbiana"", ""common_name"": ""Crusty red anemone"", ""score"": 0.06755136698484421}, {""species"": ""Sicyonis erythrocephala"", ""common_name"": ""Sea Anemone"", ""score"": 0.0641958937048912}, {""species"": ""Heliofungia actiniformis"", ""common_name"": ""Plate coral"", ""score"": 0.06390416622161865}, {""species"": ""Radianthus magnifica"", ""common_name"": ""Sea Anemone"", ""score"": 0.05333489179611206}]"
obs_194795499_photo_341224314_box3.jpg,obs_194795499_photo_341224314,/gpfs_common/share03/ftrscape/snair3/wew_notebooks/outputs_crop/obs_194795499_photo_341224314_box3.jpg,3,Radianthus magnifica,Urticina columbiana,FALSE,,Sea Anemone,0.053334892,5,"[{""species"": ""Amplexidiscus fenestrafer"", ""common_name"": ""Elephant ear anemone"", ""score"": 0.32949692010879517}, {""species"": ""Urticina columbiana"", ""common_name"": ""Crusty red anemone"", ""score"": 0.06755136698484421}, {""species"": ""Sicyonis erythrocephala"", ""common_name"": ""Sea Anemone"", ""score"": 0.0641958937048912}, {""species"": ""Heliofungia actiniformis"", ""common_name"": ""Plate coral"", ""score"": 0.06390416622161865}, {""species"": ""Radianthus magnifica"", ""common_name"": ""Sea Anemone"", ""score"": 0.05333489179611206}]"
obs_194795499_photo_341224314_box4.jpg,obs_194795499_photo_341224314,/gpfs_common/share03/ftrscape/snair3/wew_notebooks/outputs_crop/obs_194795499_photo_341224314_box4.jpg,4,Phymanthea pluvia,Urticina columbiana,FALSE,,,0.26863879,1,"[{""species"": ""Phymanthea pluvia"", ""common_name"": """", ""score"": 0.2686387896537781}, {""species"": ""Preactis millardae"", ""common_name"": """", ""score"": 0.07975617051124573}, {""species"": ""Radianthus magnifica"", ""common_name"": ""Sea Anemone"", ""score"": 0.05869511142373085}, {""species"": ""Urticina columbiana"", ""common_name"": ""Crusty red anemone"", ""score"": 0.024076849222183228}, {""species"": ""Liponema multicorne"", ""common_name"": ""Many-tentacled sea anemone"", ""score"": 0.02382904663681984}]"
obs_194795499_photo_341224314_box4.jpg,obs_194795499_photo_341224314,/gpfs_common/share03/ftrscape/snair3/wew_notebooks/outputs_crop/obs_194795499_photo_341224314_box4.jpg,4,Preactis millardae,Urticina columbiana,FALSE,,,0.079756171,2,"[{""species"": ""Phymanthea pluvia"", ""common_name"": """", ""score"": 0.2686387896537781}, {""species"": ""Preactis millardae"", ""common_name"": """", ""score"": 0.07975617051124573}, {""species"": ""Radianthus magnifica"", ""common_name"": ""Sea Anemone"", ""score"": 0.05869511142373085}, {""species"": ""Urticina columbiana"", ""common_name"": ""Crusty red anemone"", ""score"": 0.024076849222183228}, {""species"": ""Liponema multicorne"", ""common_name"": ""Many-tentacled sea anemone"", ""score"": 0.02382904663681984}]"
obs_194795499_photo_341224314_box4.jpg,obs_194795499_photo_341224314,/gpfs_common/share03/ftrscape/snair3/wew_notebooks/outputs_crop/obs_194795499_photo_341224314_box4.jpg,4,Radianthus magnifica,Urticina columbiana,FALSE,,Sea Anemone,0.058695111,3,"[{""species"": ""Phymanthea pluvia"", ""common_name"": """", ""score"": 0.2686387896537781}, {""species"": ""Preactis millardae"", ""common_name"": """", ""score"": 0.07975617051124573}, {""species"": ""Radianthus magnifica"", ""common_name"": ""Sea Anemone"", ""score"": 0.05869511142373085}, {""species"": ""Urticina columbiana"", ""common_name"": ""Crusty red anemone"", ""score"": 0.024076849222183228}, {""species"": ""Liponema multicorne"", ""common_name"": ""Many-tentacled sea anemone"", ""score"": 0.02382904663681984}]"
obs_194795499_photo_341224314_box4.jpg,obs_194795499_photo_341224314,/gpfs_common/share03/ftrscape/snair3/wew_notebooks/outputs_crop/obs_194795499_photo_341224314_box4.jpg,4,Urticina columbiana,Urticina columbiana,TRUE,,Crusty red anemone,0.024076849,4,"[{""species"": ""Phymanthea pluvia"", ""common_name"": """", ""score"": 0.2686387896537781}, {""species"": ""Preactis millardae"", ""common_name"": """", ""score"": 0.07975617051124573}, {""species"": ""Radianthus magnifica"", ""common_name"": ""Sea Anemone"", ""score"": 0.05869511142373085}, {""species"": ""Urticina columbiana"", ""common_name"": ""Crusty red anemone"", ""score"": 0.024076849222183228}, {""species"": ""Liponema multicorne"", ""common_name"": ""Many-tentacled sea anemone"", ""score"": 0.02382904663681984}]"
obs_194795499_photo_341224314_box4.jpg,obs_194795499_photo_341224314,/gpfs_common/share03/ftrscape/snair3/wew_notebooks/outputs_crop/obs_194795499_photo_341224314_box4.jpg,4,Liponema multicorne,Urticina columbiana,FALSE,,Many-tentacled sea anemone,0.023829047,5,"[{""species"": ""Phymanthea pluvia"", ""common_name"": """", ""score"": 0.2686387896537781}, {""species"": ""Preactis millardae"", ""common_name"": """", ""score"": 0.07975617051124573}, {""species"": ""Radianthus magnifica"", ""common_name"": ""Sea Anemone"", ""score"": 0.05869511142373085}, {""species"": ""Urticina columbiana"", ""common_name"": ""Crusty red anemone"", ""score"": 0.024076849222183228}, {""species"": ""Liponema multicorne"", ""common_name"": ""Many-tentacled sea anemone"", ""score"": 0.02382904663681984}]"
obs_194795499_photo_341224314_box5.jpg,obs_194795499_photo_341224314,/gpfs_common/share03/ftrscape/snair3/wew_notebooks/outputs_crop/obs_194795499_photo_341224314_box5.jpg,5,Fibularia gregata,Urticina columbiana,FALSE,,,0.008881036,1,"[{""species"": ""Fibularia gregata"", ""common_name"": """", ""score"": 0.008881036192178726}, {""species"": ""Typhliasina pearsei"", ""common_name"": ""Dama ciega blanca"", ""score"": 0.008848708122968674}, {""species"": ""Pachymatisma johnstonia"", ""common_name"": ""Elephant ear sponge"", ""score"": 0.006637901533395052}, {""species"": ""Podospongia colini"", ""common_name"": """", ""score"": 0.0065349405631423}, {""species"": ""Tethocyathus minor"", ""common_name"": """", ""score"": 0.005229622591286898}]"
obs_194795499_photo_341224314_box5.jpg,obs_194795499_photo_341224314,/gpfs_common/share03/ftrscape/snair3/wew_notebooks/outputs_crop/obs_194795499_photo_341224314_box5.jpg,5,Typhliasina pearsei,Urticina columbiana,FALSE,,Dama ciega blanca,0.008848708,2,"[{""species"": ""Fibularia gregata"", ""common_name"": """", ""score"": 0.008881036192178726}, {""species"": ""Typhliasina pearsei"", ""common_name"": ""Dama ciega blanca"", ""score"": 0.008848708122968674}, {""species"": ""Pachymatisma johnstonia"", ""common_name"": ""Elephant ear sponge"", ""score"": 0.006637901533395052}, {""species"": ""Podospongia colini"", ""common_name"": """", ""score"": 0.0065349405631423}, {""species"": ""Tethocyathus minor"", ""common_name"": """", ""score"": 0.005229622591286898}]"
obs_194795499_photo_341224314_box5.jpg,obs_194795499_photo_341224314,/gpfs_common/share03/ftrscape/snair3/wew_notebooks/outputs_crop/obs_194795499_photo_341224314_box5.jpg,5,Pachymatisma johnstonia,Urticina columbiana,FALSE,,Elephant ear sponge,0.006637902,3,"[{""species"": ""Fibularia gregata"", ""common_name"": """", ""score"": 0.008881036192178726}, {""species"": ""Typhliasina pearsei"", ""common_name"": ""Dama ciega blanca"", ""score"": 0.008848708122968674}, {""species"": ""Pachymatisma johnstonia"", ""common_name"": ""Elephant ear sponge"", ""score"": 0.006637901533395052}, {""species"": ""Podospongia colini"", ""common_name"": """", ""score"": 0.0065349405631423}, {""species"": ""Tethocyathus minor"", ""common_name"": """", ""score"": 0.005229622591286898}]"
obs_194795499_photo_341224314_box5.jpg,obs_194795499_photo_341224314,/gpfs_common/share03/ftrscape/snair3/wew_notebooks/outputs_crop/obs_194795499_photo_341224314_box5.jpg,5,Podospongia colini,Urticina columbiana,FALSE,,,0.006534941,4,"[{""species"": ""Fibularia gregata"", ""common_name"": """", ""score"": 0.008881036192178726}, {""species"": ""Typhliasina pearsei"", ""common_name"": ""Dama ciega blanca"", ""score"": 0.008848708122968674}, {""species"": ""Pachymatisma johnstonia"", ""common_name"": ""Elephant ear sponge"", ""score"": 0.006637901533395052}, {""species"": ""Podospongia colini"", ""common_name"": """", ""score"": 0.0065349405631423}, {""species"": ""Tethocyathus minor"", ""common_name"": """", ""score"": 0.005229622591286898}]"
obs_194795499_photo_341224314_box5.jpg,obs_194795499_photo_341224314,/gpfs_common/share03/ftrscape/snair3/wew_notebooks/outputs_crop/obs_194795499_photo_341224314_box5.jpg,5,Tethocyathus minor,Urticina columbiana,FALSE,,,0.005229623,5,"[{""species"": ""Fibularia gregata"", ""common_name"": """", ""score"": 0.008881036192178726}, {""species"": ""Typhliasina pearsei"", ""common_name"": ""Dama ciega blanca"", ""score"": 0.008848708122968674}, {""species"": ""Pachymatisma johnstonia"", ""common_name"": ""Elephant ear sponge"", ""score"": 0.006637901533395052}, {""species"": ""Podospongia colini"", ""common_name"": """", ""score"": 0.0065349405631423}, {""species"": ""Tethocyathus minor"", ""common_name"": """", ""score"": 0.005229622591286898}]"
obs_195713651_photo_344383957_box1.jpg,obs_195713651_photo_344383957,/gpfs_common/share03/ftrscape/snair3/wew_notebooks/outputs_crop/obs_195713651_photo_344383957_box1.jpg,1,Geoplana multipunctata,Parakontikia ventrolineata,FALSE,,,0.087149382,1,"[{""species"": ""Geoplana multipunctata"", ""common_name"": """", ""score"": 0.08714938163757324}, {""species"": ""Kontikia ventrolineata"", ""common_name"": ""Flatworm"", ""score"": 0.07421199232339859}, {""species"": ""Australopacifica alfordensis"", ""common_name"": """", ""score"": 0.05502694845199585}, {""species"": ""Geoplana arkalabamensis"", ""common_name"": """", ""score"": 0.05215374380350113}, {""species"": ""Kontikia pelewensis"", ""common_name"": """", ""score"": 0.04628928005695343}]"
obs_195713651_photo_344383957_box1.jpg,obs_195713651_photo_344383957,/gpfs_common/share03/ftrscape/snair3/wew_notebooks/outputs_crop/obs_195713651_photo_344383957_box1.jpg,1,Kontikia ventrolineata,Parakontikia ventrolineata,FALSE,,Flatworm,0.074211992,2,"[{""species"": ""Geoplana multipunctata"", ""common_name"": """", ""score"": 0.08714938163757324}, {""species"": ""Kontikia ventrolineata"", ""common_name"": ""Flatworm"", ""score"": 0.07421199232339859}, {""species"": ""Australopacifica alfordensis"", ""common_name"": """", ""score"": 0.05502694845199585}, {""species"": ""Geoplana arkalabamensis"", ""common_name"": """", ""score"": 0.05215374380350113}, {""species"": ""Kontikia pelewensis"", ""common_name"": """", ""score"": 0.04628928005695343}]"
obs_195713651_photo_344383957_box1.jpg,obs_195713651_photo_344383957,/gpfs_common/share03/ftrscape/snair3/wew_notebooks/outputs_crop/obs_195713651_photo_344383957_box1.jpg,1,Australopacifica alfordensis,Parakontikia ventrolineata,FALSE,,,0.055026948,3,"[{""species"": ""Geoplana multipunctata"", ""common_name"": """", ""score"": 0.08714938163757324}, {""species"": ""Kontikia ventrolineata"", ""common_name"": ""Flatworm"", ""score"": 0.07421199232339859}, {""species"": ""Australopacifica alfordensis"", ""common_name"": """", ""score"": 0.05502694845199585}, {""species"": ""Geoplana arkalabamensis"", ""common_name"": """", ""score"": 0.05215374380350113}, {""species"": ""Kontikia pelewensis"", ""common_name"": """", ""score"": 0.04628928005695343}]"
obs_195713651_photo_344383957_box1.jpg,obs_195713651_photo_344383957,/gpfs_common/share03/ftrscape/snair3/wew_notebooks/outputs_crop/obs_195713651_photo_344383957_box1.jpg,1,Geoplana arkalabamensis,Parakontikia ventrolineata,FALSE,,,0.052153744,4,"[{""species"": ""Geoplana multipunctata"", ""common_name"": """", ""score"": 0.08714938163757324}, {""species"": ""Kontikia ventrolineata"", ""common_name"": ""Flatworm"", ""score"": 0.07421199232339859}, {""species"": ""Australopacifica alfordensis"", ""common_name"": """", ""score"": 0.05502694845199585}, {""species"": ""Geoplana arkalabamensis"", ""common_name"": """", ""score"": 0.05215374380350113}, {""species"": ""Kontikia pelewensis"", ""common_name"": """", ""score"": 0.04628928005695343}]"
obs_195713651_photo_344383957_box1.jpg,obs_195713651_photo_344383957,/gpfs_common/share03/ftrscape/snair3/wew_notebooks/outputs_crop/obs_195713651_photo_344383957_box1.jpg,1,Kontikia pelewensis,Parakontikia ventrolineata,FALSE,,,0.04628928,5,"[{""species"": ""Geoplana multipunctata"", ""common_name"": """", ""score"": 0.08714938163757324}, {""species"": ""Kontikia ventrolineata"", ""common_name"": ""Flatworm"", ""score"": 0.07421199232339859}, {""species"": ""Australopacifica alfordensis"", ""common_name"": """", ""score"": 0.05502694845199585}, {""species"": ""Geoplana arkalabamensis"", ""common_name"": """", ""score"": 0.05215374380350113}, {""species"": ""Kontikia pelewensis"", ""common_name"": """", ""score"": 0.04628928005695343}]"
obs_195713651_photo_344383957_box2.jpg,obs_195713651_photo_344383957,/gpfs_common/share03/ftrscape/snair3/wew_notebooks/outputs_crop/obs_195713651_photo_344383957_box2.jpg,2,Kontikia pelewensis,Parakontikia ventrolineata,FALSE,,,0.150151491,1,"[{""species"": ""Kontikia pelewensis"", ""common_name"": """", ""score"": 0.15015149116516113}, {""species"": ""Parakontikia ventrolineata"", ""common_name"": """", ""score"": 0.07080867141485214}, {""species"": ""Anisorhynchodemus luteicollis"", ""common_name"": """", ""score"": 0.06127278506755829}, {""species"": ""Geoplana arkalabamensis"", ""common_name"": """", ""score"": 0.05802961811423302}, {""species"": ""Kontikia ventrolineata"", ""common_name"": ""Flatworm"", ""score"": 0.055836353451013565}]"
obs_195713651_photo_344383957_box2.jpg,obs_195713651_photo_344383957,/gpfs_common/share03/ftrscape/snair3/wew_notebooks/outputs_crop/obs_195713651_photo_344383957_box2.jpg,2,Parakontikia ventrolineata,Parakontikia ventrolineata,TRUE,,,0.070808671,2,"[{""species"": ""Kontikia pelewensis"", ""common_name"": """", ""score"": 0.15015149116516113}, {""species"": ""Parakontikia ventrolineata"", ""common_name"": """", ""score"": 0.07080867141485214}, {""species"": ""Anisorhynchodemus luteicollis"", ""common_name"": """", ""score"": 0.06127278506755829}, {""species"": ""Geoplana arkalabamensis"", ""common_name"": """", ""score"": 0.05802961811423302}, {""species"": ""Kontikia ventrolineata"", ""common_name"": ""Flatworm"", ""score"": 0.055836353451013565}]"
obs_195713651_photo_344383957_box2.jpg,obs_195713651_photo_344383957,/gpfs_common/share03/ftrscape/snair3/wew_notebooks/outputs_crop/obs_195713651_photo_344383957_box2.jpg,2,Anisorhynchodemus luteicollis,Parakontikia ventrolineata,FALSE,,,0.061272785,3,"[{""species"": ""Kontikia pelewensis"", ""common_name"": """", ""score"": 0.15015149116516113}, {""species"": ""Parakontikia ventrolineata"", ""common_name"": """", ""score"": 0.07080867141485214}, {""species"": ""Anisorhynchodemus luteicollis"", ""common_name"": """", ""score"": 0.06127278506755829}, {""species"": ""Geoplana arkalabamensis"", ""common_name"": """", ""score"": 0.05802961811423302}, {""species"": ""Kontikia ventrolineata"", ""common_name"": ""Flatworm"", ""score"": 0.055836353451013565}]"
obs_195713651_photo_344383957_box2.jpg,obs_195713651_photo_344383957,/gpfs_common/share03/ftrscape/snair3/wew_notebooks/outputs_crop/obs_195713651_photo_344383957_box2.jpg,2,Geoplana arkalabamensis,Parakontikia ventrolineata,FALSE,,,0.058029618,4,"[{""species"": ""Kontikia pelewensis"", ""common_name"": """", ""score"": 0.15015149116516113}, {""species"": ""Parakontikia ventrolineata"", ""common_name"": """", ""score"": 0.07080867141485214}, {""species"": ""Anisorhynchodemus luteicollis"", ""common_name"": """", ""score"": 0.06127278506755829}, {""species"": ""Geoplana arkalabamensis"", ""common_name"": """", ""score"": 0.05802961811423302}, {""species"": ""Kontikia ventrolineata"", ""common_name"": ""Flatworm"", ""score"": 0.055836353451013565}]"
obs_195713651_photo_344383957_box2.jpg,obs_195713651_photo_344383957,/gpfs_common/share03/ftrscape/snair3/wew_notebooks/outputs_crop/obs_195713651_photo_344383957_box2.jpg,2,Kontikia ventrolineata,Parakontikia ventrolineata,FALSE,,Flatworm,0.055836353,5,"[{""species"": ""Kontikia pelewensis"", ""common_name"": """", ""score"": 0.15015149116516113}, {""species"": ""Parakontikia ventrolineata"", ""common_name"": """", ""score"": 0.07080867141485214}, {""species"": ""Anisorhynchodemus luteicollis"", ""common_name"": """", ""score"": 0.06127278506755829}, {""species"": ""Geoplana arkalabamensis"", ""common_name"": """", ""score"": 0.05802961811423302}, {""species"": ""Kontikia ventrolineata"", ""common_name"": ""Flatworm"", ""score"": 0.055836353451013565}]"
obs_195713651_photo_344383957_box3.jpg,obs_195713651_photo_344383957,/gpfs_common/share03/ftrscape/snair3/wew_notebooks/outputs_crop/obs_195713651_photo_344383957_box3.jpg,3,Platysuccinea portoricensis,Parakontikia ventrolineata,FALSE,,,0.064038686,1,"[{""species"": ""Platysuccinea portoricensis"", ""common_name"": """", ""score"": 0.06403868645429611}, {""species"": ""Omalonyx unguis"", ""common_name"": """", ""score"": 0.06229376792907715}, {""species"": ""Microparmarion sallehi"", ""common_name"": """", ""score"": 0.03264269605278969}, {""species"": ""Succinea magnaciana"", ""common_name"": """", ""score"": 0.028514070436358452}, {""species"": ""Obama burmeisteri"", ""common_name"": """", ""score"": 0.022364052012562752}]"
obs_195713651_photo_344383957_box3.jpg,obs_195713651_photo_344383957,/gpfs_common/share03/ftrscape/snair3/wew_notebooks/outputs_crop/obs_195713651_photo_344383957_box3.jpg,3,Omalonyx unguis,Parakontikia ventrolineata,FALSE,,,0.062293768,2,"[{""species"": ""Platysuccinea portoricensis"", ""common_name"": """", ""score"": 0.06403868645429611}, {""species"": ""Omalonyx unguis"", ""common_name"": """", ""score"": 0.06229376792907715}, {""species"": ""Microparmarion sallehi"", ""common_name"": """", ""score"": 0.03264269605278969}, {""species"": ""Succinea magnaciana"", ""common_name"": """", ""score"": 0.028514070436358452}, {""species"": ""Obama burmeisteri"", ""common_name"": """", ""score"": 0.022364052012562752}]"
obs_195713651_photo_344383957_box3.jpg,obs_195713651_photo_344383957,/gpfs_common/share03/ftrscape/snair3/wew_notebooks/outputs_crop/obs_195713651_photo_344383957_box3.jpg,3,Microparmarion sallehi,Parakontikia ventrolineata,FALSE,,,0.032642696,3,"[{""species"": ""Platysuccinea portoricensis"", ""common_name"": """", ""score"": 0.06403868645429611}, {""species"": ""Omalonyx unguis"", ""common_name"": """", ""score"": 0.06229376792907715}, {""species"": ""Microparmarion sallehi"", ""common_name"": """", ""score"": 0.03264269605278969}, {""species"": ""Succinea magnaciana"", ""common_name"": """", ""score"": 0.028514070436358452}, {""species"": ""Obama burmeisteri"", ""common_name"": """", ""score"": 0.022364052012562752}]"
obs_195713651_photo_344383957_box3.jpg,obs_195713651_photo_344383957,/gpfs_common/share03/ftrscape/snair3/wew_notebooks/outputs_crop/obs_195713651_photo_344383957_box3.jpg,3,Succinea magnaciana,Parakontikia ventrolineata,FALSE,,,0.02851407,4,"[{""species"": ""Platysuccinea portoricensis"", ""common_name"": """", ""score"": 0.06403868645429611}, {""species"": ""Omalonyx unguis"", ""common_name"": """", ""score"": 0.06229376792907715}, {""species"": ""Microparmarion sallehi"", ""common_name"": """", ""score"": 0.03264269605278969}, {""species"": ""Succinea magnaciana"", ""common_name"": """", ""score"": 0.028514070436358452}, {""species"": ""Obama burmeisteri"", ""common_name"": """", ""score"": 0.022364052012562752}]"
obs_195713651_photo_344383957_box3.jpg,obs_195713651_photo_344383957,/gpfs_common/share03/ftrscape/snair3/wew_notebooks/outputs_crop/obs_195713651_photo_344383957_box3.jpg,3,Obama burmeisteri,Parakontikia ventrolineata,FALSE,,,0.022364052,5,"[{""species"": ""Platysuccinea portoricensis"", ""common_name"": """", ""score"": 0.06403868645429611}, {""species"": ""Omalonyx unguis"", ""common_name"": """", ""score"": 0.06229376792907715}, {""species"": ""Microparmarion sallehi"", ""common_name"": """", ""score"": 0.03264269605278969}, {""species"": ""Succinea magnaciana"", ""common_name"": """", ""score"": 0.028514070436358452}, {""species"": ""Obama burmeisteri"", ""common_name"": """", ""score"": 0.022364052012562752}]"
obs_195713651_photo_344383957_box4.jpg,obs_195713651_photo_344383957,/gpfs_common/share03/ftrscape/snair3/wew_notebooks/outputs_crop/obs_195713651_photo_344383957_box4.jpg,4,Kontikia pelewensis,Parakontikia ventrolineata,FALSE,,,0.17866765,1,"[{""species"": ""Kontikia pelewensis"", ""common_name"": """", ""score"": 0.17866764962673187}, {""species"": ""Australopacifica alfordensis"", ""common_name"": """", ""score"": 0.09486940503120422}, {""species"": ""Kontikia ventrolineata"", ""common_name"": ""Flatworm"", ""score"": 0.04465784505009651}, {""species"": ""Australopacifica hamiltoni"", ""common_name"": """", ""score"": 0.044170916080474854}, {""species"": ""Australopacifica splendens"", ""common_name"": """", ""score"": 0.034848883748054504}]"
obs_195713651_photo_344383957_box4.jpg,obs_195713651_photo_344383957,/gpfs_common/share03/ftrscape/snair3/wew_notebooks/outputs_crop/obs_195713651_photo_344383957_box4.jpg,4,Australopacifica alfordensis,Parakontikia ventrolineata,FALSE,,,0.094869405,2,"[{""species"": ""Kontikia pelewensis"", ""common_name"": """", ""score"": 0.17866764962673187}, {""species"": ""Australopacifica alfordensis"", ""common_name"": """", ""score"": 0.09486940503120422}, {""species"": ""Kontikia ventrolineata"", ""common_name"": ""Flatworm"", ""score"": 0.04465784505009651}, {""species"": ""Australopacifica hamiltoni"", ""common_name"": """", ""score"": 0.044170916080474854}, {""species"": ""Australopacifica splendens"", ""common_name"": """", ""score"": 0.034848883748054504}]"
obs_195713651_photo_344383957_box4.jpg,obs_195713651_photo_344383957,/gpfs_common/share03/ftrscape/snair3/wew_notebooks/outputs_crop/obs_195713651_photo_344383957_box4.jpg,4,Kontikia ventrolineata,Parakontikia ventrolineata,FALSE,,Flatworm,0.044657845,3,"[{""species"": ""Kontikia pelewensis"", ""common_name"": """", ""score"": 0.17866764962673187}, {""species"": ""Australopacifica alfordensis"", ""common_name"": """", ""score"": 0.09486940503120422}, {""species"": ""Kontikia ventrolineata"", ""common_name"": ""Flatworm"", ""score"": 0.04465784505009651}, {""species"": ""Australopacifica hamiltoni"", ""common_name"": """", ""score"": 0.044170916080474854}, {""species"": ""Australopacifica splendens"", ""common_name"": """", ""score"": 0.034848883748054504}]"
obs_195713651_photo_344383957_box4.jpg,obs_195713651_photo_344383957,/gpfs_common/share03/ftrscape/snair3/wew_notebooks/outputs_crop/obs_195713651_photo_344383957_box4.jpg,4,Australopacifica hamiltoni,Parakontikia ventrolineata,FALSE,,,0.044170916,4,"[{""species"": ""Kontikia pelewensis"", ""common_name"": """", ""score"": 0.17866764962673187}, {""species"": ""Australopacifica alfordensis"", ""common_name"": """", ""score"": 0.09486940503120422}, {""species"": ""Kontikia ventrolineata"", ""common_name"": ""Flatworm"", ""score"": 0.04465784505009651}, {""species"": ""Australopacifica hamiltoni"", ""common_name"": """", ""score"": 0.044170916080474854}, {""species"": ""Australopacifica splendens"", ""common_name"": """", ""score"": 0.034848883748054504}]"
obs_195713651_photo_344383957_box4.jpg,obs_195713651_photo_344383957,/gpfs_common/share03/ftrscape/snair3/wew_notebooks/outputs_crop/obs_195713651_photo_344383957_box4.jpg,4,Australopacifica splendens,Parakontikia ventrolineata,FALSE,,,0.034848884,5,"[{""species"": ""Kontikia pelewensis"", ""common_name"": """", ""score"": 0.17866764962673187}, {""species"": ""Australopacifica alfordensis"", ""common_name"": """", ""score"": 0.09486940503120422}, {""species"": ""Kontikia ventrolineata"", ""common_name"": ""Flatworm"", ""score"": 0.04465784505009651}, {""species"": ""Australopacifica hamiltoni"", ""common_name"": """", ""score"": 0.044170916080474854}, {""species"": ""Australopacifica splendens"", ""common_name"": """", ""score"": 0.034848883748054504}]"
obs_195713651_photo_344383957_box5.jpg,obs_195713651_photo_344383957,/gpfs_common/share03/ftrscape/snair3/wew_notebooks/outputs_crop/obs_195713651_photo_344383957_box5.jpg,5,Geoplana arkalabamensis,Parakontikia ventrolineata,FALSE,,,0.139655888,1,"[{""species"": ""Geoplana arkalabamensis"", ""common_name"": """", ""score"": 0.13965588808059692}, {""species"": ""Kontikia pelewensis"", ""common_name"": """", ""score"": 0.09309122711420059}, {""species"": ""Geoplana multipunctata"", ""common_name"": """", ""score"": 0.05990049988031387}, {""species"": ""Australopacifica splendens"", ""common_name"": """", ""score"": 0.05001171678304672}, {""species"": ""Australopacifica hamiltoni"", ""common_name"": """", ""score"": 0.040046900510787964}]"
obs_195713651_photo_344383957_box5.jpg,obs_195713651_photo_344383957,/gpfs_common/share03/ftrscape/snair3/wew_notebooks/outputs_crop/obs_195713651_photo_344383957_box5.jpg,5,Kontikia pelewensis,Parakontikia ventrolineata,FALSE,,,0.093091227,2,"[{""species"": ""Geoplana arkalabamensis"", ""common_name"": """", ""score"": 0.13965588808059692}, {""species"": ""Kontikia pelewensis"", ""common_name"": """", ""score"": 0.09309122711420059}, {""species"": ""Geoplana multipunctata"", ""common_name"": """", ""score"": 0.05990049988031387}, {""species"": ""Australopacifica splendens"", ""common_name"": """", ""score"": 0.05001171678304672}, {""species"": ""Australopacifica hamiltoni"", ""common_name"": """", ""score"": 0.040046900510787964}]"
obs_195713651_photo_344383957_box5.jpg,obs_195713651_photo_344383957,/gpfs_common/share03/ftrscape/snair3/wew_notebooks/outputs_crop/obs_195713651_photo_344383957_box5.jpg,5,Geoplana multipunctata,Parakontikia ventrolineata,FALSE,,,0.0599005,3,"[{""species"": ""Geoplana arkalabamensis"", ""common_name"": """", ""score"": 0.13965588808059692}, {""species"": ""Kontikia pelewensis"", ""common_name"": """", ""score"": 0.09309122711420059}, {""species"": ""Geoplana multipunctata"", ""common_name"": """", ""score"": 0.05990049988031387}, {""species"": ""Australopacifica splendens"", ""common_name"": """", ""score"": 0.05001171678304672}, {""species"": ""Australopacifica hamiltoni"", ""common_name"": """", ""score"": 0.040046900510787964}]"
obs_195713651_photo_344383957_box5.jpg,obs_195713651_photo_344383957,/gpfs_common/share03/ftrscape/snair3/wew_notebooks/outputs_crop/obs_195713651_photo_344383957_box5.jpg,5,Australopacifica splendens,Parakontikia ventrolineata,FALSE,,,0.050011717,4,"[{""species"": ""Geoplana arkalabamensis"", ""common_name"": """", ""score"": 0.13965588808059692}, {""species"": ""Kontikia pelewensis"", ""common_name"": """", ""score"": 0.09309122711420059}, {""species"": ""Geoplana multipunctata"", ""common_name"": """", ""score"": 0.05990049988031387}, {""species"": ""Australopacifica splendens"", ""common_name"": """", ""score"": 0.05001171678304672}, {""species"": ""Australopacifica hamiltoni"", ""common_name"": """", ""score"": 0.040046900510787964}]"
obs_195713651_photo_344383957_box5.jpg,obs_195713651_photo_344383957,/gpfs_common/share03/ftrscape/snair3/wew_notebooks/outputs_crop/obs_195713651_photo_344383957_box5.jpg,5,Australopacifica hamiltoni,Parakontikia ventrolineata,FALSE,,,0.040046901,5,"[{""species"": ""Geoplana arkalabamensis"", ""common_name"": """", ""score"": 0.13965588808059692}, {""species"": ""Kontikia pelewensis"", ""common_name"": """", ""score"": 0.09309122711420059}, {""species"": ""Geoplana multipunctata"", ""common_name"": """", ""score"": 0.05990049988031387}, {""species"": ""Australopacifica splendens"", ""common_name"": """", ""score"": 0.05001171678304672}, {""species"": ""Australopacifica hamiltoni"", ""common_name"": """", ""score"": 0.040046900510787964}]"
obs_220102252_photo_389649357_box1.jpg,obs_220102252_photo_389649357,/gpfs_common/share03/ftrscape/snair3/wew_notebooks/outputs_crop/obs_220102252_photo_389649357_box1.jpg,1,Rhagio orestes,Furia ithacensis,FALSE,Tiny part of the image. Fungus,,0.190202415,1,"[{""species"": ""Rhagio orestes"", ""common_name"": """", ""score"": 0.19020241498947144}, {""species"": ""Chrysopilus griffithi"", ""common_name"": """", ""score"": 0.057026833295822144}, {""species"": ""Rhagio floridensis"", ""common_name"": """", ""score"": 0.056691933423280716}, {""species"": ""Rhagio albicornis"", ""common_name"": """", ""score"": 0.043533921241760254}, {""species"": ""Rhagio maculipennis"", ""common_name"": """", ""score"": 0.03339797630906105}]"
obs_220102252_photo_389649357_box1.jpg,obs_220102252_photo_389649357,/gpfs_common/share03/ftrscape/snair3/wew_notebooks/outputs_crop/obs_220102252_photo_389649357_box1.jpg,1,Chrysopilus griffithi,Furia ithacensis,FALSE,Tiny part of the image. Fungus,,0.057026833,2,"[{""species"": ""Rhagio orestes"", ""common_name"": """", ""score"": 0.19020241498947144}, {""species"": ""Chrysopilus griffithi"", ""common_name"": """", ""score"": 0.057026833295822144}, {""species"": ""Rhagio floridensis"", ""common_name"": """", ""score"": 0.056691933423280716}, {""species"": ""Rhagio albicornis"", ""common_name"": """", ""score"": 0.043533921241760254}, {""species"": ""Rhagio maculipennis"", ""common_name"": """", ""score"": 0.03339797630906105}]"
obs_220102252_photo_389649357_box1.jpg,obs_220102252_photo_389649357,/gpfs_common/share03/ftrscape/snair3/wew_notebooks/outputs_crop/obs_220102252_photo_389649357_box1.jpg,1,Rhagio floridensis,Furia ithacensis,FALSE,Tiny part of the image. Fungus,,0.056691933,3,"[{""species"": ""Rhagio orestes"", ""common_name"": """", ""score"": 0.19020241498947144}, {""species"": ""Chrysopilus griffithi"", ""common_name"": """", ""score"": 0.057026833295822144}, {""species"": ""Rhagio floridensis"", ""common_name"": """", ""score"": 0.056691933423280716}, {""species"": ""Rhagio albicornis"", ""common_name"": """", ""score"": 0.043533921241760254}, {""species"": ""Rhagio maculipennis"", ""common_name"": """", ""score"": 0.03339797630906105}]"
obs_220102252_photo_389649357_box1.jpg,obs_220102252_photo_389649357,/gpfs_common/share03/ftrscape/snair3/wew_notebooks/outputs_crop/obs_220102252_photo_389649357_box1.jpg,1,Rhagio albicornis,Furia ithacensis,FALSE,Tiny part of the image. Fungus,,0.043533921,4,"[{""species"": ""Rhagio orestes"", ""common_name"": """", ""score"": 0.19020241498947144}, {""species"": ""Chrysopilus griffithi"", ""common_name"": """", ""score"": 0.057026833295822144}, {""species"": ""Rhagio floridensis"", ""common_name"": """", ""score"": 0.056691933423280716}, {""species"": ""Rhagio albicornis"", ""common_name"": """", ""score"": 0.043533921241760254}, {""species"": ""Rhagio maculipennis"", ""common_name"": """", ""score"": 0.03339797630906105}]"
obs_220102252_photo_389649357_box1.jpg,obs_220102252_photo_389649357,/gpfs_common/share03/ftrscape/snair3/wew_notebooks/outputs_crop/obs_220102252_photo_389649357_box1.jpg,1,Rhagio maculipennis,Furia ithacensis,FALSE,Tiny part of the image. Fungus,,0.033397976,5,"[{""species"": ""Rhagio orestes"", ""common_name"": """", ""score"": 0.19020241498947144}, {""species"": ""Chrysopilus griffithi"", ""common_name"": """", ""score"": 0.057026833295822144}, {""species"": ""Rhagio floridensis"", ""common_name"": """", ""score"": 0.056691933423280716}, {""species"": ""Rhagio albicornis"", ""common_name"": """", ""score"": 0.043533921241760254}, {""species"": ""Rhagio maculipennis"", ""common_name"": """", ""score"": 0.03339797630906105}]"
obs_220102252_photo_389649357_box2.jpg,obs_220102252_photo_389649357,/gpfs_common/share03/ftrscape/snair3/wew_notebooks/outputs_crop/obs_220102252_photo_389649357_box2.jpg,2,Chrysopilus griffithi,Furia ithacensis,FALSE,Tiny part of the image. Fungus,,0.084571488,1,"[{""species"": ""Chrysopilus griffithi"", ""common_name"": """", ""score"": 0.0845714882016182}, {""species"": ""Rhagio orestes"", ""common_name"": """", ""score"": 0.08197449892759323}, {""species"": ""Chrysopilus balbii"", ""common_name"": """", ""score"": 0.08056395500898361}, {""species"": ""Rhagio maculipennis"", ""common_name"": """", ""score"": 0.07193221896886826}, {""species"": ""Atherix ibis"", ""common_name"": ""Yellow-legged water-snipefly"", ""score"": 0.04251808300614357}]"
obs_220102252_photo_389649357_box2.jpg,obs_220102252_photo_389649357,/gpfs_common/share03/ftrscape/snair3/wew_notebooks/outputs_crop/obs_220102252_photo_389649357_box2.jpg,2,Rhagio orestes,Furia ithacensis,FALSE,Tiny part of the image. Fungus,,0.081974499,2,"[{""species"": ""Chrysopilus griffithi"", ""common_name"": """", ""score"": 0.0845714882016182}, {""species"": ""Rhagio orestes"", ""common_name"": """", ""score"": 0.08197449892759323}, {""species"": ""Chrysopilus balbii"", ""common_name"": """", ""score"": 0.08056395500898361}, {""species"": ""Rhagio maculipennis"", ""common_name"": """", ""score"": 0.07193221896886826}, {""species"": ""Atherix ibis"", ""common_name"": ""Yellow-legged water-snipefly"", ""score"": 0.04251808300614357}]"
obs_220102252_photo_389649357_box2.jpg,obs_220102252_photo_389649357,/gpfs_common/share03/ftrscape/snair3/wew_notebooks/outputs_crop/obs_220102252_photo_389649357_box2.jpg,2,Chrysopilus balbii,Furia ithacensis,FALSE,Tiny part of the image. Fungus,,0.080563955,3,"[{""species"": ""Chrysopilus griffithi"", ""common_name"": """", ""score"": 0.0845714882016182}, {""species"": ""Rhagio orestes"", ""common_name"": """", ""score"": 0.08197449892759323}, {""species"": ""Chrysopilus balbii"", ""common_name"": """", ""score"": 0.08056395500898361}, {""species"": ""Rhagio maculipennis"", ""common_name"": """", ""score"": 0.07193221896886826}, {""species"": ""Atherix ibis"", ""common_name"": ""Yellow-legged water-snipefly"", ""score"": 0.04251808300614357}]"
obs_220102252_photo_389649357_box2.jpg,obs_220102252_photo_389649357,/gpfs_common/share03/ftrscape/snair3/wew_notebooks/outputs_crop/obs_220102252_photo_389649357_box2.jpg,2,Rhagio maculipennis,Furia ithacensis,FALSE,Tiny part of the image. Fungus,,0.071932219,4,"[{""species"": ""Chrysopilus griffithi"", ""common_name"": """", ""score"": 0.0845714882016182}, {""species"": ""Rhagio orestes"", ""common_name"": """", ""score"": 0.08197449892759323}, {""species"": ""Chrysopilus balbii"", ""common_name"": """", ""score"": 0.08056395500898361}, {""species"": ""Rhagio maculipennis"", ""common_name"": """", ""score"": 0.07193221896886826}, {""species"": ""Atherix ibis"", ""common_name"": ""Yellow-legged water-snipefly"", ""score"": 0.04251808300614357}]"
obs_220102252_photo_389649357_box2.jpg,obs_220102252_photo_389649357,/gpfs_common/share03/ftrscape/snair3/wew_notebooks/outputs_crop/obs_220102252_photo_389649357_box2.jpg,2,Atherix ibis,Furia ithacensis,FALSE,Tiny part of the image. Fungus,Yellow-legged water-snipefly,0.042518083,5,"[{""species"": ""Chrysopilus griffithi"", ""common_name"": """", ""score"": 0.0845714882016182}, {""species"": ""Rhagio orestes"", ""common_name"": """", ""score"": 0.08197449892759323}, {""species"": ""Chrysopilus balbii"", ""common_name"": """", ""score"": 0.08056395500898361}, {""species"": ""Rhagio maculipennis"", ""common_name"": """", ""score"": 0.07193221896886826}, {""species"": ""Atherix ibis"", ""common_name"": ""Yellow-legged water-snipefly"", ""score"": 0.04251808300614357}]"
obs_220102252_photo_389649357_box3.jpg,obs_220102252_photo_389649357,/gpfs_common/share03/ftrscape/snair3/wew_notebooks/outputs_crop/obs_220102252_photo_389649357_box3.jpg,3,Octotoma plicatula,Furia ithacensis,FALSE,Tiny part of the image. Fungus,,0.105263568,1,"[{""species"": ""Octotoma plicatula"", ""common_name"": """", ""score"": 0.10526356846094131}, {""species"": ""Eupareophora parca"", ""common_name"": ""Sawfly"", ""score"": 0.019968267530202866}, {""species"": ""Sumitrosis rosea"", ""common_name"": """", ""score"": 0.01847749575972557}, {""species"": ""Scaphoideus titanus"", ""common_name"": ""American grapevine leafhopper"", ""score"": 0.015255982987582684}, {""species"": ""Eryniopsis lampyridarum"", ""common_name"": """", ""score"": 0.011907597072422504}]"
obs_220102252_photo_389649357_box3.jpg,obs_220102252_photo_389649357,/gpfs_common/share03/ftrscape/snair3/wew_notebooks/outputs_crop/obs_220102252_photo_389649357_box3.jpg,3,Eupareophora parca,Furia ithacensis,FALSE,Tiny part of the image. Fungus,Sawfly,0.019968268,2,"[{""species"": ""Octotoma plicatula"", ""common_name"": """", ""score"": 0.10526356846094131}, {""species"": ""Eupareophora parca"", ""common_name"": ""Sawfly"", ""score"": 0.019968267530202866}, {""species"": ""Sumitrosis rosea"", ""common_name"": """", ""score"": 0.01847749575972557}, {""species"": ""Scaphoideus titanus"", ""common_name"": ""American grapevine leafhopper"", ""score"": 0.015255982987582684}, {""species"": ""Eryniopsis lampyridarum"", ""common_name"": """", ""score"": 0.011907597072422504}]"
obs_220102252_photo_389649357_box3.jpg,obs_220102252_photo_389649357,/gpfs_common/share03/ftrscape/snair3/wew_notebooks/outputs_crop/obs_220102252_photo_389649357_box3.jpg,3,Sumitrosis rosea,Furia ithacensis,FALSE,Tiny part of the image. Fungus,,0.018477496,3,"[{""species"": ""Octotoma plicatula"", ""common_name"": """", ""score"": 0.10526356846094131}, {""species"": ""Eupareophora parca"", ""common_name"": ""Sawfly"", ""score"": 0.019968267530202866}, {""species"": ""Sumitrosis rosea"", ""common_name"": """", ""score"": 0.01847749575972557}, {""species"": ""Scaphoideus titanus"", ""common_name"": ""American grapevine leafhopper"", ""score"": 0.015255982987582684}, {""species"": ""Eryniopsis lampyridarum"", ""common_name"": """", ""score"": 0.011907597072422504}]"
obs_220102252_photo_389649357_box3.jpg,obs_220102252_photo_389649357,/gpfs_common/share03/ftrscape/snair3/wew_notebooks/outputs_crop/obs_220102252_photo_389649357_box3.jpg,3,Scaphoideus titanus,Furia ithacensis,FALSE,Tiny part of the image. Fungus,American grapevine leafhopper,0.015255983,4,"[{""species"": ""Octotoma plicatula"", ""common_name"": """", ""score"": 0.10526356846094131}, {""species"": ""Eupareophora parca"", ""common_name"": ""Sawfly"", ""score"": 0.019968267530202866}, {""species"": ""Sumitrosis rosea"", ""common_name"": """", ""score"": 0.01847749575972557}, {""species"": ""Scaphoideus titanus"", ""common_name"": ""American grapevine leafhopper"", ""score"": 0.015255982987582684}, {""species"": ""Eryniopsis lampyridarum"", ""common_name"": """", ""score"": 0.011907597072422504}]"
obs_220102252_photo_389649357_box3.jpg,obs_220102252_photo_389649357,/gpfs_common/share03/ftrscape/snair3/wew_notebooks/outputs_crop/obs_220102252_photo_389649357_box3.jpg,3,Eryniopsis lampyridarum,Furia ithacensis,FALSE,Tiny part of the image. Fungus,,0.011907597,5,"[{""species"": ""Octotoma plicatula"", ""common_name"": """", ""score"": 0.10526356846094131}, {""species"": ""Eupareophora parca"", ""common_name"": ""Sawfly"", ""score"": 0.019968267530202866}, {""species"": ""Sumitrosis rosea"", ""common_name"": """", ""score"": 0.01847749575972557}, {""species"": ""Scaphoideus titanus"", ""common_name"": ""American grapevine leafhopper"", ""score"": 0.015255982987582684}, {""species"": ""Eryniopsis lampyridarum"", ""common_name"": """", ""score"": 0.011907597072422504}]"
obs_220102252_photo_389649357_box4.jpg,obs_220102252_photo_389649357,/gpfs_common/share03/ftrscape/snair3/wew_notebooks/outputs_crop/obs_220102252_photo_389649357_box4.jpg,4,Rhagio orestes,Furia ithacensis,FALSE,Tiny part of the image. Fungus,,0.179128051,1,"[{""species"": ""Rhagio orestes"", ""common_name"": """", ""score"": 0.17912805080413818}, {""species"": ""Rhagio maculipennis"", ""common_name"": """", ""score"": 0.07506351917982101}, {""species"": ""Chrysopilus griffithi"", ""common_name"": """", ""score"": 0.05995096266269684}, {""species"": ""Rhagio albicornis"", ""common_name"": """", ""score"": 0.042280975729227066}, {""species"": ""Chrysopilus mackerrasi"", ""common_name"": """", ""score"": 0.03914141654968262}]"
obs_220102252_photo_389649357_box4.jpg,obs_220102252_photo_389649357,/gpfs_common/share03/ftrscape/snair3/wew_notebooks/outputs_crop/obs_220102252_photo_389649357_box4.jpg,4,Rhagio maculipennis,Furia ithacensis,FALSE,Tiny part of the image. Fungus,,0.075063519,2,"[{""species"": ""Rhagio orestes"", ""common_name"": """", ""score"": 0.17912805080413818}, {""species"": ""Rhagio maculipennis"", ""common_name"": """", ""score"": 0.07506351917982101}, {""species"": ""Chrysopilus griffithi"", ""common_name"": """", ""score"": 0.05995096266269684}, {""species"": ""Rhagio albicornis"", ""common_name"": """", ""score"": 0.042280975729227066}, {""species"": ""Chrysopilus mackerrasi"", ""common_name"": """", ""score"": 0.03914141654968262}]"
obs_220102252_photo_389649357_box4.jpg,obs_220102252_photo_389649357,/gpfs_common/share03/ftrscape/snair3/wew_notebooks/outputs_crop/obs_220102252_photo_389649357_box4.jpg,4,Chrysopilus griffithi,Furia ithacensis,FALSE,Tiny part of the image. Fungus,,0.059950963,3,"[{""species"": ""Rhagio orestes"", ""common_name"": """", ""score"": 0.17912805080413818}, {""species"": ""Rhagio maculipennis"", ""common_name"": """", ""score"": 0.07506351917982101}, {""species"": ""Chrysopilus griffithi"", ""common_name"": """", ""score"": 0.05995096266269684}, {""species"": ""Rhagio albicornis"", ""common_name"": """", ""score"": 0.042280975729227066}, {""species"": ""Chrysopilus mackerrasi"", ""common_name"": """", ""score"": 0.03914141654968262}]"
obs_220102252_photo_389649357_box4.jpg,obs_220102252_photo_389649357,/gpfs_common/share03/ftrscape/snair3/wew_notebooks/outputs_crop/obs_220102252_photo_389649357_box4.jpg,4,Rhagio albicornis,Furia ithacensis,FALSE,Tiny part of the image. Fungus,,0.042280976,4,"[{""species"": ""Rhagio orestes"", ""common_name"": """", ""score"": 0.17912805080413818}, {""species"": ""Rhagio maculipennis"", ""common_name"": """", ""score"": 0.07506351917982101}, {""species"": ""Chrysopilus griffithi"", ""common_name"": """", ""score"": 0.05995096266269684}, {""species"": ""Rhagio albicornis"", ""common_name"": """", ""score"": 0.042280975729227066}, {""species"": ""Chrysopilus mackerrasi"", ""common_name"": """", ""score"": 0.03914141654968262}]"
obs_220102252_photo_389649357_box4.jpg,obs_220102252_photo_389649357,/gpfs_common/share03/ftrscape/snair3/wew_notebooks/outputs_crop/obs_220102252_photo_389649357_box4.jpg,4,Chrysopilus mackerrasi,Furia ithacensis,FALSE,Tiny part of the image. Fungus,,0.039141417,5,"[{""species"": ""Rhagio orestes"", ""common_name"": """", ""score"": 0.17912805080413818}, {""species"": ""Rhagio maculipennis"", ""common_name"": """", ""score"": 0.07506351917982101}, {""species"": ""Chrysopilus griffithi"", ""common_name"": """", ""score"": 0.05995096266269684}, {""species"": ""Rhagio albicornis"", ""common_name"": """", ""score"": 0.042280975729227066}, {""species"": ""Chrysopilus mackerrasi"", ""common_name"": """", ""score"": 0.03914141654968262}]"
obs_220102252_photo_389649357_box5.jpg,obs_220102252_photo_389649357,/gpfs_common/share03/ftrscape/snair3/wew_notebooks/outputs_crop/obs_220102252_photo_389649357_box5.jpg,5,Rhagio orestes,Furia ithacensis,FALSE,Tiny part of the image. Fungus,,0.144590631,1,"[{""species"": ""Rhagio orestes"", ""common_name"": """", ""score"": 0.14459063112735748}, {""species"": ""Chrysopilus griffithi"", ""common_name"": """", ""score"": 0.09087961912155151}, {""species"": ""Rhagio maculipennis"", ""common_name"": """", ""score"": 0.07725868374109268}, {""species"": ""Rhagio albicornis"", ""common_name"": """", ""score"": 0.0472438670694828}, {""species"": ""Chrysopilus balbii"", ""common_name"": """", ""score"": 0.04529346153140068}]"
obs_220102252_photo_389649357_box5.jpg,obs_220102252_photo_389649357,/gpfs_common/share03/ftrscape/snair3/wew_notebooks/outputs_crop/obs_220102252_photo_389649357_box5.jpg,5,Chrysopilus griffithi,Furia ithacensis,FALSE,Tiny part of the image. Fungus,,0.090879619,2,"[{""species"": ""Rhagio orestes"", ""common_name"": """", ""score"": 0.14459063112735748}, {""species"": ""Chrysopilus griffithi"", ""common_name"": """", ""score"": 0.09087961912155151}, {""species"": ""Rhagio maculipennis"", ""common_name"": """", ""score"": 0.07725868374109268}, {""species"": ""Rhagio albicornis"", ""common_name"": """", ""score"": 0.0472438670694828}, {""species"": ""Chrysopilus balbii"", ""common_name"": """", ""score"": 0.04529346153140068}]"
obs_220102252_photo_389649357_box5.jpg,obs_220102252_photo_389649357,/gpfs_common/share03/ftrscape/snair3/wew_notebooks/outputs_crop/obs_220102252_photo_389649357_box5.jpg,5,Rhagio maculipennis,Furia ithacensis,FALSE,Tiny part of the image. Fungus,,0.077258684,3,"[{""species"": ""Rhagio orestes"", ""common_name"": """", ""score"": 0.14459063112735748}, {""species"": ""Chrysopilus griffithi"", ""common_name"": """", ""score"": 0.09087961912155151}, {""species"": ""Rhagio maculipennis"", ""common_name"": """", ""score"": 0.07725868374109268}, {""species"": ""Rhagio albicornis"", ""common_name"": """", ""score"": 0.0472438670694828}, {""species"": ""Chrysopilus balbii"", ""common_name"": """", ""score"": 0.04529346153140068}]"
obs_220102252_photo_389649357_box5.jpg,obs_220102252_photo_389649357,/gpfs_common/share03/ftrscape/snair3/wew_notebooks/outputs_crop/obs_220102252_photo_389649357_box5.jpg,5,Rhagio albicornis,Furia ithacensis,FALSE,Tiny part of the image. Fungus,,0.047243867,4,"[{""species"": ""Rhagio orestes"", ""common_name"": """", ""score"": 0.14459063112735748}, {""species"": ""Chrysopilus griffithi"", ""common_name"": """", ""score"": 0.09087961912155151}, {""species"": ""Rhagio maculipennis"", ""common_name"": """", ""score"": 0.07725868374109268}, {""species"": ""Rhagio albicornis"", ""common_name"": """", ""score"": 0.0472438670694828}, {""species"": ""Chrysopilus balbii"", ""common_name"": """", ""score"": 0.04529346153140068}]"
obs_220102252_photo_389649357_box5.jpg,obs_220102252_photo_389649357,/gpfs_common/share03/ftrscape/snair3/wew_notebooks/outputs_crop/obs_220102252_photo_389649357_box5.jpg,5,Chrysopilus balbii,Furia ithacensis,FALSE,Tiny part of the image. Fungus,,0.045293462,5,"[{""species"": ""Rhagio orestes"", ""common_name"": """", ""score"": 0.14459063112735748}, {""species"": ""Chrysopilus griffithi"", ""common_name"": """", ""score"": 0.09087961912155151}, {""species"": ""Rhagio maculipennis"", ""common_name"": """", ""score"": 0.07725868374109268}, {""species"": ""Rhagio albicornis"", ""common_name"": """", ""score"": 0.0472438670694828}, {""species"": ""Chrysopilus balbii"", ""common_name"": """", ""score"": 0.04529346153140068}]"
obs_220822650_photo_391000325_box1.jpg,obs_220822650_photo_391000325,/gpfs_common/share03/ftrscape/snair3/wew_notebooks/outputs_crop/obs_220822650_photo_391000325_box1.jpg,1,Triplofusus princeps,Cucumaria miniata,FALSE,Misidentified as a different species,,0.126338169,1,"[{""species"": ""Triplofusus princeps"", ""common_name"": """", ""score"": 0.1263381689786911}, {""species"": ""Titanostrombus galeatus"", ""common_name"": """", ""score"": 0.08375709503889084}, {""species"": ""Titanostrombus goliath"", ""common_name"": """", ""score"": 0.07689032703638077}, {""species"": ""Cypraecassis coarctata"", ""common_name"": """", ""score"": 0.03243221715092659}, {""species"": ""Charonia lampas"", ""common_name"": ""Red Whelk"", ""score"": 0.028426343575119972}]"
obs_220822650_photo_391000325_box1.jpg,obs_220822650_photo_391000325,/gpfs_common/share03/ftrscape/snair3/wew_notebooks/outputs_crop/obs_220822650_photo_391000325_box1.jpg,1,Titanostrombus galeatus,Cucumaria miniata,FALSE,Misidentified as a different species,,0.083757095,2,"[{""species"": ""Triplofusus princeps"", ""common_name"": """", ""score"": 0.1263381689786911}, {""species"": ""Titanostrombus galeatus"", ""common_name"": """", ""score"": 0.08375709503889084}, {""species"": ""Titanostrombus goliath"", ""common_name"": """", ""score"": 0.07689032703638077}, {""species"": ""Cypraecassis coarctata"", ""common_name"": """", ""score"": 0.03243221715092659}, {""species"": ""Charonia lampas"", ""common_name"": ""Red Whelk"", ""score"": 0.028426343575119972}]"
obs_220822650_photo_391000325_box1.jpg,obs_220822650_photo_391000325,/gpfs_common/share03/ftrscape/snair3/wew_notebooks/outputs_crop/obs_220822650_photo_391000325_box1.jpg,1,Titanostrombus goliath,Cucumaria miniata,FALSE,Misidentified as a different species,,0.076890327,3,"[{""species"": ""Triplofusus princeps"", ""common_name"": """", ""score"": 0.1263381689786911}, {""species"": ""Titanostrombus galeatus"", ""common_name"": """", ""score"": 0.08375709503889084}, {""species"": ""Titanostrombus goliath"", ""common_name"": """", ""score"": 0.07689032703638077}, {""species"": ""Cypraecassis coarctata"", ""common_name"": """", ""score"": 0.03243221715092659}, {""species"": ""Charonia lampas"", ""common_name"": ""Red Whelk"", ""score"": 0.028426343575119972}]"
obs_220822650_photo_391000325_box1.jpg,obs_220822650_photo_391000325,/gpfs_common/share03/ftrscape/snair3/wew_notebooks/outputs_crop/obs_220822650_photo_391000325_box1.jpg,1,Cypraecassis coarctata,Cucumaria miniata,FALSE,Misidentified as a different species,,0.032432217,4,"[{""species"": ""Triplofusus princeps"", ""common_name"": """", ""score"": 0.1263381689786911}, {""species"": ""Titanostrombus galeatus"", ""common_name"": """", ""score"": 0.08375709503889084}, {""species"": ""Titanostrombus goliath"", ""common_name"": """", ""score"": 0.07689032703638077}, {""species"": ""Cypraecassis coarctata"", ""common_name"": """", ""score"": 0.03243221715092659}, {""species"": ""Charonia lampas"", ""common_name"": ""Red Whelk"", ""score"": 0.028426343575119972}]"
obs_220822650_photo_391000325_box1.jpg,obs_220822650_photo_391000325,/gpfs_common/share03/ftrscape/snair3/wew_notebooks/outputs_crop/obs_220822650_photo_391000325_box1.jpg,1,Charonia lampas,Cucumaria miniata,FALSE,Misidentified as a different species,Red Whelk,0.028426344,5,"[{""species"": ""Triplofusus princeps"", ""common_name"": """", ""score"": 0.1263381689786911}, {""species"": ""Titanostrombus galeatus"", ""common_name"": """", ""score"": 0.08375709503889084}, {""species"": ""Titanostrombus goliath"", ""common_name"": """", ""score"": 0.07689032703638077}, {""species"": ""Cypraecassis coarctata"", ""common_name"": """", ""score"": 0.03243221715092659}, {""species"": ""Charonia lampas"", ""common_name"": ""Red Whelk"", ""score"": 0.028426343575119972}]"
obs_220822650_photo_391000325_box2.jpg,obs_220822650_photo_391000325,/gpfs_common/share03/ftrscape/snair3/wew_notebooks/outputs_crop/obs_220822650_photo_391000325_box2.jpg,2,Apostichopus californicus,Cucumaria miniata,FALSE,Prey not in the image,California sea cucumber,0.500192702,1,"[{""species"": ""Apostichopus californicus"", ""common_name"": ""California sea cucumber"", ""score"": 0.5001927018165588}, {""species"": ""Larus glaucescens"", ""common_name"": ""Glaucous-winged gull"", ""score"": 0.0537322536110878}, {""species"": ""Enteroctopus dofleini"", ""common_name"": ""Giant north pacific octopus"", ""score"": 0.043717022985219955}, {""species"": ""Caudina arenicola"", ""common_name"": """", ""score"": 0.0405985526740551}, {""species"": ""Dermasterias imbricata"", ""common_name"": """", ""score"": 0.037015922367572784}]"
obs_220822650_photo_391000325_box2.jpg,obs_220822650_photo_391000325,/gpfs_common/share03/ftrscape/snair3/wew_notebooks/outputs_crop/obs_220822650_photo_391000325_box2.jpg,2,Larus glaucescens,Cucumaria miniata,FALSE,Prey not in the image,Glaucous-winged gull,0.053732254,2,"[{""species"": ""Apostichopus californicus"", ""common_name"": ""California sea cucumber"", ""score"": 0.5001927018165588}, {""species"": ""Larus glaucescens"", ""common_name"": ""Glaucous-winged gull"", ""score"": 0.0537322536110878}, {""species"": ""Enteroctopus dofleini"", ""common_name"": ""Giant north pacific octopus"", ""score"": 0.043717022985219955}, {""species"": ""Caudina arenicola"", ""common_name"": """", ""score"": 0.0405985526740551}, {""species"": ""Dermasterias imbricata"", ""common_name"": """", ""score"": 0.037015922367572784}]"
obs_220822650_photo_391000325_box2.jpg,obs_220822650_photo_391000325,/gpfs_common/share03/ftrscape/snair3/wew_notebooks/outputs_crop/obs_220822650_photo_391000325_box2.jpg,2,Enteroctopus dofleini,Cucumaria miniata,FALSE,Prey not in the image,Giant north pacific octopus,0.043717023,3,"[{""species"": ""Apostichopus californicus"", ""common_name"": ""California sea cucumber"", ""score"": 0.5001927018165588}, {""species"": ""Larus glaucescens"", ""common_name"": ""Glaucous-winged gull"", ""score"": 0.0537322536110878}, {""species"": ""Enteroctopus dofleini"", ""common_name"": ""Giant north pacific octopus"", ""score"": 0.043717022985219955}, {""species"": ""Caudina arenicola"", ""common_name"": """", ""score"": 0.0405985526740551}, {""species"": ""Dermasterias imbricata"", ""common_name"": """", ""score"": 0.037015922367572784}]"
obs_220822650_photo_391000325_box2.jpg,obs_220822650_photo_391000325,/gpfs_common/share03/ftrscape/snair3/wew_notebooks/outputs_crop/obs_220822650_photo_391000325_box2.jpg,2,Caudina arenicola,Cucumaria miniata,FALSE,Prey not in the image,,0.040598553,4,"[{""species"": ""Apostichopus californicus"", ""common_name"": ""California sea cucumber"", ""score"": 0.5001927018165588}, {""species"": ""Larus glaucescens"", ""common_name"": ""Glaucous-winged gull"", ""score"": 0.0537322536110878}, {""species"": ""Enteroctopus dofleini"", ""common_name"": ""Giant north pacific octopus"", ""score"": 0.043717022985219955}, {""species"": ""Caudina arenicola"", ""common_name"": """", ""score"": 0.0405985526740551}, {""species"": ""Dermasterias imbricata"", ""common_name"": """", ""score"": 0.037015922367572784}]"
obs_220822650_photo_391000325_box2.jpg,obs_220822650_photo_391000325,/gpfs_common/share03/ftrscape/snair3/wew_notebooks/outputs_crop/obs_220822650_photo_391000325_box2.jpg,2,Dermasterias imbricata,Cucumaria miniata,FALSE,Prey not in the image,,0.037015922,5,"[{""species"": ""Apostichopus californicus"", ""common_name"": ""California sea cucumber"", ""score"": 0.5001927018165588}, {""species"": ""Larus glaucescens"", ""common_name"": ""Glaucous-winged gull"", ""score"": 0.0537322536110878}, {""species"": ""Enteroctopus dofleini"", ""common_name"": ""Giant north pacific octopus"", ""score"": 0.043717022985219955}, {""species"": ""Caudina arenicola"", ""common_name"": """", ""score"": 0.0405985526740551}, {""species"": ""Dermasterias imbricata"", ""common_name"": """", ""score"": 0.037015922367572784}]"
obs_220822650_photo_391000325_box3.jpg,obs_220822650_photo_391000325,/gpfs_common/share03/ftrscape/snair3/wew_notebooks/outputs_crop/obs_220822650_photo_391000325_box3.jpg,3,Larus glaucescens,Cucumaria miniata,FALSE,Prey not in the image,Glaucous-winged gull,0.894167006,1,"[{""species"": ""Larus glaucescens"", ""common_name"": ""Glaucous-winged gull"", ""score"": 0.8941670060157776}, {""species"": ""Larus occidentalis"", ""common_name"": ""Western gull"", ""score"": 0.04089906066656113}, {""species"": ""Larus schistisagus"", ""common_name"": ""Slaty-backed Gull"", ""score"": 0.005908679217100143}, {""species"": ""Larus hyperboreus"", ""common_name"": ""Glaucous Gull"", ""score"": 0.00578896002843976}, {""species"": ""Caudina arenicola"", ""common_name"": """", ""score"": 0.004403941333293915}]"
obs_220822650_photo_391000325_box3.jpg,obs_220822650_photo_391000325,/gpfs_common/share03/ftrscape/snair3/wew_notebooks/outputs_crop/obs_220822650_photo_391000325_box3.jpg,3,Larus occidentalis,Cucumaria miniata,FALSE,Prey not in the image,Western gull,0.040899061,2,"[{""species"": ""Larus glaucescens"", ""common_name"": ""Glaucous-winged gull"", ""score"": 0.8941670060157776}, {""species"": ""Larus occidentalis"", ""common_name"": ""Western gull"", ""score"": 0.04089906066656113}, {""species"": ""Larus schistisagus"", ""common_name"": ""Slaty-backed Gull"", ""score"": 0.005908679217100143}, {""species"": ""Larus hyperboreus"", ""common_name"": ""Glaucous Gull"", ""score"": 0.00578896002843976}, {""species"": ""Caudina arenicola"", ""common_name"": """", ""score"": 0.004403941333293915}]"
obs_220822650_photo_391000325_box3.jpg,obs_220822650_photo_391000325,/gpfs_common/share03/ftrscape/snair3/wew_notebooks/outputs_crop/obs_220822650_photo_391000325_box3.jpg,3,Larus schistisagus,Cucumaria miniata,FALSE,Prey not in the image,Slaty-backed Gull,0.005908679,3,"[{""species"": ""Larus glaucescens"", ""common_name"": ""Glaucous-winged gull"", ""score"": 0.8941670060157776}, {""species"": ""Larus occidentalis"", ""common_name"": ""Western gull"", ""score"": 0.04089906066656113}, {""species"": ""Larus schistisagus"", ""common_name"": ""Slaty-backed Gull"", ""score"": 0.005908679217100143}, {""species"": ""Larus hyperboreus"", ""common_name"": ""Glaucous Gull"", ""score"": 0.00578896002843976}, {""species"": ""Caudina arenicola"", ""common_name"": """", ""score"": 0.004403941333293915}]"
obs_220822650_photo_391000325_box3.jpg,obs_220822650_photo_391000325,/gpfs_common/share03/ftrscape/snair3/wew_notebooks/outputs_crop/obs_220822650_photo_391000325_box3.jpg,3,Larus hyperboreus,Cucumaria miniata,FALSE,Prey not in the image,Glaucous Gull,0.00578896,4,"[{""species"": ""Larus glaucescens"", ""common_name"": ""Glaucous-winged gull"", ""score"": 0.8941670060157776}, {""species"": ""Larus occidentalis"", ""common_name"": ""Western gull"", ""score"": 0.04089906066656113}, {""species"": ""Larus schistisagus"", ""common_name"": ""Slaty-backed Gull"", ""score"": 0.005908679217100143}, {""species"": ""Larus hyperboreus"", ""common_name"": ""Glaucous Gull"", ""score"": 0.00578896002843976}, {""species"": ""Caudina arenicola"", ""common_name"": """", ""score"": 0.004403941333293915}]"
obs_220822650_photo_391000325_box3.jpg,obs_220822650_photo_391000325,/gpfs_common/share03/ftrscape/snair3/wew_notebooks/outputs_crop/obs_220822650_photo_391000325_box3.jpg,3,Caudina arenicola,Cucumaria miniata,FALSE,Prey not in the image,,0.004403941,5,"[{""species"": ""Larus glaucescens"", ""common_name"": ""Glaucous-winged gull"", ""score"": 0.8941670060157776}, {""species"": ""Larus occidentalis"", ""common_name"": ""Western gull"", ""score"": 0.04089906066656113}, {""species"": ""Larus schistisagus"", ""common_name"": ""Slaty-backed Gull"", ""score"": 0.005908679217100143}, {""species"": ""Larus hyperboreus"", ""common_name"": ""Glaucous Gull"", ""score"": 0.00578896002843976}, {""species"": ""Caudina arenicola"", ""common_name"": """", ""score"": 0.004403941333293915}]"
obs_250956763_photo_448935283_box1.jpg,obs_250956763_photo_448935283,/gpfs_common/share03/ftrscape/snair3/wew_notebooks/outputs_crop/obs_250956763_photo_448935283_box1.jpg,1,Limacia jellyi,Prostheceraeus crozieri,FALSE,Misidentified as a different species,,0.076594479,1,"[{""species"": ""Limacia jellyi"", ""common_name"": """", ""score"": 0.07659447938203812}, {""species"": ""Tritonia odhneri"", ""common_name"": """", ""score"": 0.05558000132441521}, {""species"": ""Doto sarsiae"", ""common_name"": ""Rode kroonslak"", ""score"": 0.047071270644664764}, {""species"": ""Cuspivolva ostheimerae"", ""common_name"": """", ""score"": 0.03851265460252762}, {""species"": ""Stolonica australis"", ""common_name"": ""Ascidian"", ""score"": 0.03177938237786293}]"
obs_250956763_photo_448935283_box1.jpg,obs_250956763_photo_448935283,/gpfs_common/share03/ftrscape/snair3/wew_notebooks/outputs_crop/obs_250956763_photo_448935283_box1.jpg,1,Tritonia odhneri,Prostheceraeus crozieri,FALSE,Misidentified as a different species,,0.055580001,2,"[{""species"": ""Limacia jellyi"", ""common_name"": """", ""score"": 0.07659447938203812}, {""species"": ""Tritonia odhneri"", ""common_name"": """", ""score"": 0.05558000132441521}, {""species"": ""Doto sarsiae"", ""common_name"": ""Rode kroonslak"", ""score"": 0.047071270644664764}, {""species"": ""Cuspivolva ostheimerae"", ""common_name"": """", ""score"": 0.03851265460252762}, {""species"": ""Stolonica australis"", ""common_name"": ""Ascidian"", ""score"": 0.03177938237786293}]"
obs_250956763_photo_448935283_box1.jpg,obs_250956763_photo_448935283,/gpfs_common/share03/ftrscape/snair3/wew_notebooks/outputs_crop/obs_250956763_photo_448935283_box1.jpg,1,Doto sarsiae,Prostheceraeus crozieri,FALSE,Misidentified as a different species,Rode kroonslak,0.047071271,3,"[{""species"": ""Limacia jellyi"", ""common_name"": """", ""score"": 0.07659447938203812}, {""species"": ""Tritonia odhneri"", ""common_name"": """", ""score"": 0.05558000132441521}, {""species"": ""Doto sarsiae"", ""common_name"": ""Rode kroonslak"", ""score"": 0.047071270644664764}, {""species"": ""Cuspivolva ostheimerae"", ""common_name"": """", ""score"": 0.03851265460252762}, {""species"": ""Stolonica australis"", ""common_name"": ""Ascidian"", ""score"": 0.03177938237786293}]"
obs_250956763_photo_448935283_box1.jpg,obs_250956763_photo_448935283,/gpfs_common/share03/ftrscape/snair3/wew_notebooks/outputs_crop/obs_250956763_photo_448935283_box1.jpg,1,Cuspivolva ostheimerae,Prostheceraeus crozieri,FALSE,Misidentified as a different species,,0.038512655,4,"[{""species"": ""Limacia jellyi"", ""common_name"": """", ""score"": 0.07659447938203812}, {""species"": ""Tritonia odhneri"", ""common_name"": """", ""score"": 0.05558000132441521}, {""species"": ""Doto sarsiae"", ""common_name"": ""Rode kroonslak"", ""score"": 0.047071270644664764}, {""species"": ""Cuspivolva ostheimerae"", ""common_name"": """", ""score"": 0.03851265460252762}, {""species"": ""Stolonica australis"", ""common_name"": ""Ascidian"", ""score"": 0.03177938237786293}]"
obs_250956763_photo_448935283_box1.jpg,obs_250956763_photo_448935283,/gpfs_common/share03/ftrscape/snair3/wew_notebooks/outputs_crop/obs_250956763_photo_448935283_box1.jpg,1,Stolonica australis,Prostheceraeus crozieri,FALSE,Misidentified as a different species,Ascidian,0.031779382,5,"[{""species"": ""Limacia jellyi"", ""common_name"": """", ""score"": 0.07659447938203812}, {""species"": ""Tritonia odhneri"", ""common_name"": """", ""score"": 0.05558000132441521}, {""species"": ""Doto sarsiae"", ""common_name"": ""Rode kroonslak"", ""score"": 0.047071270644664764}, {""species"": ""Cuspivolva ostheimerae"", ""common_name"": """", ""score"": 0.03851265460252762}, {""species"": ""Stolonica australis"", ""common_name"": ""Ascidian"", ""score"": 0.03177938237786293}]"
obs_250956763_photo_448935283_box2.jpg,obs_250956763_photo_448935283,/gpfs_common/share03/ftrscape/snair3/wew_notebooks/outputs_crop/obs_250956763_photo_448935283_box2.jpg,2,Ecteinascidia sluiteri,Prostheceraeus crozieri,FALSE,Misidentified as a different species,,0.077356957,1,"[{""species"": ""Ecteinascidia sluiteri"", ""common_name"": """", ""score"": 0.07735695689916611}, {""species"": ""Euclavella claviformis"", ""common_name"": """", ""score"": 0.0707450583577156}, {""species"": ""Limacia jellyi"", ""common_name"": """", ""score"": 0.06020062789320946}, {""species"": ""Stolonica australis"", ""common_name"": ""Ascidian"", ""score"": 0.05408095940947533}, {""species"": ""Clavelina moluccensis"", ""common_name"": ""Ascidian"", ""score"": 0.050819478929042816}]"
obs_250956763_photo_448935283_box2.jpg,obs_250956763_photo_448935283,/gpfs_common/share03/ftrscape/snair3/wew_notebooks/outputs_crop/obs_250956763_photo_448935283_box2.jpg,2,Euclavella claviformis,Prostheceraeus crozieri,FALSE,Misidentified as a different species,,0.070745058,2,"[{""species"": ""Ecteinascidia sluiteri"", ""common_name"": """", ""score"": 0.07735695689916611}, {""species"": ""Euclavella claviformis"", ""common_name"": """", ""score"": 0.0707450583577156}, {""species"": ""Limacia jellyi"", ""common_name"": """", ""score"": 0.06020062789320946}, {""species"": ""Stolonica australis"", ""common_name"": ""Ascidian"", ""score"": 0.05408095940947533}, {""species"": ""Clavelina moluccensis"", ""common_name"": ""Ascidian"", ""score"": 0.050819478929042816}]"
obs_250956763_photo_448935283_box2.jpg,obs_250956763_photo_448935283,/gpfs_common/share03/ftrscape/snair3/wew_notebooks/outputs_crop/obs_250956763_photo_448935283_box2.jpg,2,Limacia jellyi,Prostheceraeus crozieri,FALSE,Misidentified as a different species,,0.060200628,3,"[{""species"": ""Ecteinascidia sluiteri"", ""common_name"": """", ""score"": 0.07735695689916611}, {""species"": ""Euclavella claviformis"", ""common_name"": """", ""score"": 0.0707450583577156}, {""species"": ""Limacia jellyi"", ""common_name"": """", ""score"": 0.06020062789320946}, {""species"": ""Stolonica australis"", ""common_name"": ""Ascidian"", ""score"": 0.05408095940947533}, {""species"": ""Clavelina moluccensis"", ""common_name"": ""Ascidian"", ""score"": 0.050819478929042816}]"
obs_250956763_photo_448935283_box2.jpg,obs_250956763_photo_448935283,/gpfs_common/share03/ftrscape/snair3/wew_notebooks/outputs_crop/obs_250956763_photo_448935283_box2.jpg,2,Stolonica australis,Prostheceraeus crozieri,FALSE,Misidentified as a different species,Ascidian,0.054080959,4,"[{""species"": ""Ecteinascidia sluiteri"", ""common_name"": """", ""score"": 0.07735695689916611}, {""species"": ""Euclavella claviformis"", ""common_name"": """", ""score"": 0.0707450583577156}, {""species"": ""Limacia jellyi"", ""common_name"": """", ""score"": 0.06020062789320946}, {""species"": ""Stolonica australis"", ""common_name"": ""Ascidian"", ""score"": 0.05408095940947533}, {""species"": ""Clavelina moluccensis"", ""common_name"": ""Ascidian"", ""score"": 0.050819478929042816}]"
obs_250956763_photo_448935283_box2.jpg,obs_250956763_photo_448935283,/gpfs_common/share03/ftrscape/snair3/wew_notebooks/outputs_crop/obs_250956763_photo_448935283_box2.jpg,2,Clavelina moluccensis,Prostheceraeus crozieri,FALSE,Misidentified as a different species,Ascidian,0.050819479,5,"[{""species"": ""Ecteinascidia sluiteri"", ""common_name"": """", ""score"": 0.07735695689916611}, {""species"": ""Euclavella claviformis"", ""common_name"": """", ""score"": 0.0707450583577156}, {""species"": ""Limacia jellyi"", ""common_name"": """", ""score"": 0.06020062789320946}, {""species"": ""Stolonica australis"", ""common_name"": ""Ascidian"", ""score"": 0.05408095940947533}, {""species"": ""Clavelina moluccensis"", ""common_name"": ""Ascidian"", ""score"": 0.050819478929042816}]"
obs_250956763_photo_448935283_box3.jpg,obs_250956763_photo_448935283,/gpfs_common/share03/ftrscape/snair3/wew_notebooks/outputs_crop/obs_250956763_photo_448935283_box3.jpg,3,Euclavella claviformis,Prostheceraeus crozieri,FALSE,Misidentified as a different species,,0.063550591,1,"[{""species"": ""Euclavella claviformis"", ""common_name"": """", ""score"": 0.06355059146881104}, {""species"": ""Ecteinascidia turbinata"", ""common_name"": ""Mangrove tunicate"", ""score"": 0.05646057426929474}, {""species"": ""Stolonica australis"", ""common_name"": ""Ascidian"", ""score"": 0.053597092628479004}, {""species"": ""Perophora listeri"", ""common_name"": ""Dwarf ascidian"", ""score"": 0.045852068811655045}, {""species"": ""Clavelina moluccensis"", ""common_name"": ""Ascidian"", ""score"": 0.04581081122159958}]"
obs_250956763_photo_448935283_box3.jpg,obs_250956763_photo_448935283,/gpfs_common/share03/ftrscape/snair3/wew_notebooks/outputs_crop/obs_250956763_photo_448935283_box3.jpg,3,Ecteinascidia turbinata,Prostheceraeus crozieri,FALSE,Misidentified as a different species,Mangrove tunicate,0.056460574,2,"[{""species"": ""Euclavella claviformis"", ""common_name"": """", ""score"": 0.06355059146881104}, {""species"": ""Ecteinascidia turbinata"", ""common_name"": ""Mangrove tunicate"", ""score"": 0.05646057426929474}, {""species"": ""Stolonica australis"", ""common_name"": ""Ascidian"", ""score"": 0.053597092628479004}, {""species"": ""Perophora listeri"", ""common_name"": ""Dwarf ascidian"", ""score"": 0.045852068811655045}, {""species"": ""Clavelina moluccensis"", ""common_name"": ""Ascidian"", ""score"": 0.04581081122159958}]"
obs_250956763_photo_448935283_box3.jpg,obs_250956763_photo_448935283,/gpfs_common/share03/ftrscape/snair3/wew_notebooks/outputs_crop/obs_250956763_photo_448935283_box3.jpg,3,Stolonica australis,Prostheceraeus crozieri,FALSE,Misidentified as a different species,Ascidian,0.053597093,3,"[{""species"": ""Euclavella claviformis"", ""common_name"": """", ""score"": 0.06355059146881104}, {""species"": ""Ecteinascidia turbinata"", ""common_name"": ""Mangrove tunicate"", ""score"": 0.05646057426929474}, {""species"": ""Stolonica australis"", ""common_name"": ""Ascidian"", ""score"": 0.053597092628479004}, {""species"": ""Perophora listeri"", ""common_name"": ""Dwarf ascidian"", ""score"": 0.045852068811655045}, {""species"": ""Clavelina moluccensis"", ""common_name"": ""Ascidian"", ""score"": 0.04581081122159958}]"
obs_250956763_photo_448935283_box3.jpg,obs_250956763_photo_448935283,/gpfs_common/share03/ftrscape/snair3/wew_notebooks/outputs_crop/obs_250956763_photo_448935283_box3.jpg,3,Perophora listeri,Prostheceraeus crozieri,FALSE,Misidentified as a different species,Dwarf ascidian,0.045852069,4,"[{""species"": ""Euclavella claviformis"", ""common_name"": """", ""score"": 0.06355059146881104}, {""species"": ""Ecteinascidia turbinata"", ""common_name"": ""Mangrove tunicate"", ""score"": 0.05646057426929474}, {""species"": ""Stolonica australis"", ""common_name"": ""Ascidian"", ""score"": 0.053597092628479004}, {""species"": ""Perophora listeri"", ""common_name"": ""Dwarf ascidian"", ""score"": 0.045852068811655045}, {""species"": ""Clavelina moluccensis"", ""common_name"": ""Ascidian"", ""score"": 0.04581081122159958}]"
obs_250956763_photo_448935283_box3.jpg,obs_250956763_photo_448935283,/gpfs_common/share03/ftrscape/snair3/wew_notebooks/outputs_crop/obs_250956763_photo_448935283_box3.jpg,3,Clavelina moluccensis,Prostheceraeus crozieri,FALSE,Misidentified as a different species,Ascidian,0.045810811,5,"[{""species"": ""Euclavella claviformis"", ""common_name"": """", ""score"": 0.06355059146881104}, {""species"": ""Ecteinascidia turbinata"", ""common_name"": ""Mangrove tunicate"", ""score"": 0.05646057426929474}, {""species"": ""Stolonica australis"", ""common_name"": ""Ascidian"", ""score"": 0.053597092628479004}, {""species"": ""Perophora listeri"", ""common_name"": ""Dwarf ascidian"", ""score"": 0.045852068811655045}, {""species"": ""Clavelina moluccensis"", ""common_name"": ""Ascidian"", ""score"": 0.04581081122159958}]"
obs_250956763_photo_448935283_box4.jpg,obs_250956763_photo_448935283,/gpfs_common/share03/ftrscape/snair3/wew_notebooks/outputs_crop/obs_250956763_photo_448935283_box4.jpg,4,Ecteinascidia turbinata,Prostheceraeus crozieri,FALSE,Misidentified as a different species,Mangrove tunicate,0.092670225,1,"[{""species"": ""Ecteinascidia turbinata"", ""common_name"": ""Mangrove tunicate"", ""score"": 0.09267022460699081}, {""species"": ""Perophora listeri"", ""common_name"": ""Dwarf ascidian"", ""score"": 0.06386496126651764}, {""species"": ""Euclavella claviformis"", ""common_name"": """", ""score"": 0.0626746341586113}, {""species"": ""Stolonica australis"", ""common_name"": ""Ascidian"", ""score"": 0.04613306373357773}, {""species"": ""Ecteinascidia sluiteri"", ""common_name"": """", ""score"": 0.037313830107450485}]"
obs_250956763_photo_448935283_box4.jpg,obs_250956763_photo_448935283,/gpfs_common/share03/ftrscape/snair3/wew_notebooks/outputs_crop/obs_250956763_photo_448935283_box4.jpg,4,Perophora listeri,Prostheceraeus crozieri,FALSE,Misidentified as a different species,Dwarf ascidian,0.063864961,2,"[{""species"": ""Ecteinascidia turbinata"", ""common_name"": ""Mangrove tunicate"", ""score"": 0.09267022460699081}, {""species"": ""Perophora listeri"", ""common_name"": ""Dwarf ascidian"", ""score"": 0.06386496126651764}, {""species"": ""Euclavella claviformis"", ""common_name"": """", ""score"": 0.0626746341586113}, {""species"": ""Stolonica australis"", ""common_name"": ""Ascidian"", ""score"": 0.04613306373357773}, {""species"": ""Ecteinascidia sluiteri"", ""common_name"": """", ""score"": 0.037313830107450485}]"
obs_250956763_photo_448935283_box4.jpg,obs_250956763_photo_448935283,/gpfs_common/share03/ftrscape/snair3/wew_notebooks/outputs_crop/obs_250956763_photo_448935283_box4.jpg,4,Euclavella claviformis,Prostheceraeus crozieri,FALSE,Misidentified as a different species,,0.062674634,3,"[{""species"": ""Ecteinascidia turbinata"", ""common_name"": ""Mangrove tunicate"", ""score"": 0.09267022460699081}, {""species"": ""Perophora listeri"", ""common_name"": ""Dwarf ascidian"", ""score"": 0.06386496126651764}, {""species"": ""Euclavella claviformis"", ""common_name"": """", ""score"": 0.0626746341586113}, {""species"": ""Stolonica australis"", ""common_name"": ""Ascidian"", ""score"": 0.04613306373357773}, {""species"": ""Ecteinascidia sluiteri"", ""common_name"": """", ""score"": 0.037313830107450485}]"
obs_250956763_photo_448935283_box4.jpg,obs_250956763_photo_448935283,/gpfs_common/share03/ftrscape/snair3/wew_notebooks/outputs_crop/obs_250956763_photo_448935283_box4.jpg,4,Stolonica australis,Prostheceraeus crozieri,FALSE,Misidentified as a different species,Ascidian,0.046133064,4,"[{""species"": ""Ecteinascidia turbinata"", ""common_name"": ""Mangrove tunicate"", ""score"": 0.09267022460699081}, {""species"": ""Perophora listeri"", ""common_name"": ""Dwarf ascidian"", ""score"": 0.06386496126651764}, {""species"": ""Euclavella claviformis"", ""common_name"": """", ""score"": 0.0626746341586113}, {""species"": ""Stolonica australis"", ""common_name"": ""Ascidian"", ""score"": 0.04613306373357773}, {""species"": ""Ecteinascidia sluiteri"", ""common_name"": """", ""score"": 0.037313830107450485}]"
obs_250956763_photo_448935283_box4.jpg,obs_250956763_photo_448935283,/gpfs_common/share03/ftrscape/snair3/wew_notebooks/outputs_crop/obs_250956763_photo_448935283_box4.jpg,4,Ecteinascidia sluiteri,Prostheceraeus crozieri,FALSE,Misidentified as a different species,,0.03731383,5,"[{""species"": ""Ecteinascidia turbinata"", ""common_name"": ""Mangrove tunicate"", ""score"": 0.09267022460699081}, {""species"": ""Perophora listeri"", ""common_name"": ""Dwarf ascidian"", ""score"": 0.06386496126651764}, {""species"": ""Euclavella claviformis"", ""common_name"": """", ""score"": 0.0626746341586113}, {""species"": ""Stolonica australis"", ""common_name"": ""Ascidian"", ""score"": 0.04613306373357773}, {""species"": ""Ecteinascidia sluiteri"", ""common_name"": """", ""score"": 0.037313830107450485}]"
obs_250956763_photo_448935283_box5.jpg,obs_250956763_photo_448935283,/gpfs_common/share03/ftrscape/snair3/wew_notebooks/outputs_crop/obs_250956763_photo_448935283_box5.jpg,5,Umimayanthus chanpuru,Prostheceraeus crozieri,FALSE,Misidentified as a different species,,0.035604935,1,"[{""species"": ""Umimayanthus chanpuru"", ""common_name"": """", ""score"": 0.03560493513941765}, {""species"": ""Ecteinascidia diaphanis"", ""common_name"": """", ""score"": 0.02748524583876133}, {""species"": ""Ecteinascidia nexa"", ""common_name"": """", ""score"": 0.026364432647824287}, {""species"": ""Didemnum coccineum"", ""common_name"": """", ""score"": 0.0205379668623209}, {""species"": ""Ecteinascidia bandaensis"", ""common_name"": """", ""score"": 0.01969684474170208}]"
obs_250956763_photo_448935283_box5.jpg,obs_250956763_photo_448935283,/gpfs_common/share03/ftrscape/snair3/wew_notebooks/outputs_crop/obs_250956763_photo_448935283_box5.jpg,5,Ecteinascidia diaphanis,Prostheceraeus crozieri,FALSE,Misidentified as a different species,,0.027485246,2,"[{""species"": ""Umimayanthus chanpuru"", ""common_name"": """", ""score"": 0.03560493513941765}, {""species"": ""Ecteinascidia diaphanis"", ""common_name"": """", ""score"": 0.02748524583876133}, {""species"": ""Ecteinascidia nexa"", ""common_name"": """", ""score"": 0.026364432647824287}, {""species"": ""Didemnum coccineum"", ""common_name"": """", ""score"": 0.0205379668623209}, {""species"": ""Ecteinascidia bandaensis"", ""common_name"": """", ""score"": 0.01969684474170208}]"
obs_250956763_photo_448935283_box5.jpg,obs_250956763_photo_448935283,/gpfs_common/share03/ftrscape/snair3/wew_notebooks/outputs_crop/obs_250956763_photo_448935283_box5.jpg,5,Ecteinascidia nexa,Prostheceraeus crozieri,FALSE,Misidentified as a different species,,0.026364433,3,"[{""species"": ""Umimayanthus chanpuru"", ""common_name"": """", ""score"": 0.03560493513941765}, {""species"": ""Ecteinascidia diaphanis"", ""common_name"": """", ""score"": 0.02748524583876133}, {""species"": ""Ecteinascidia nexa"", ""common_name"": """", ""score"": 0.026364432647824287}, {""species"": ""Didemnum coccineum"", ""common_name"": """", ""score"": 0.0205379668623209}, {""species"": ""Ecteinascidia bandaensis"", ""common_name"": """", ""score"": 0.01969684474170208}]"
obs_250956763_photo_448935283_box5.jpg,obs_250956763_photo_448935283,/gpfs_common/share03/ftrscape/snair3/wew_notebooks/outputs_crop/obs_250956763_photo_448935283_box5.jpg,5,Didemnum coccineum,Prostheceraeus crozieri,FALSE,Misidentified as a different species,,0.020537967,4,"[{""species"": ""Umimayanthus chanpuru"", ""common_name"": """", ""score"": 0.03560493513941765}, {""species"": ""Ecteinascidia diaphanis"", ""common_name"": """", ""score"": 0.02748524583876133}, {""species"": ""Ecteinascidia nexa"", ""common_name"": """", ""score"": 0.026364432647824287}, {""species"": ""Didemnum coccineum"", ""common_name"": """", ""score"": 0.0205379668623209}, {""species"": ""Ecteinascidia bandaensis"", ""common_name"": """", ""score"": 0.01969684474170208}]"
obs_250956763_photo_448935283_box5.jpg,obs_250956763_photo_448935283,/gpfs_common/share03/ftrscape/snair3/wew_notebooks/outputs_crop/obs_250956763_photo_448935283_box5.jpg,5,Ecteinascidia bandaensis,Prostheceraeus crozieri,FALSE,Misidentified as a different species,,0.019696845,5,"[{""species"": ""Umimayanthus chanpuru"", ""common_name"": """", ""score"": 0.03560493513941765}, {""species"": ""Ecteinascidia diaphanis"", ""common_name"": """", ""score"": 0.02748524583876133}, {""species"": ""Ecteinascidia nexa"", ""common_name"": """", ""score"": 0.026364432647824287}, {""species"": ""Didemnum coccineum"", ""common_name"": """", ""score"": 0.0205379668623209}, {""species"": ""Ecteinascidia bandaensis"", ""common_name"": """", ""score"": 0.01969684474170208}]"
obs_256022699_photo_458927175_box1.jpg,obs_256022699_photo_458927175,/gpfs_common/share03/ftrscape/snair3/wew_notebooks/outputs_crop/obs_256022699_photo_458927175_box1.jpg,1,Xystocheir dissecta,Arthrophaga myriapodina,FALSE,Tiny part of the image. Fungus,,0.51068455,1,"[{""species"": ""Xystocheir dissecta"", ""common_name"": """", ""score"": 0.5106845498085022}, {""species"": ""Motyxia monica"", ""common_name"": """", ""score"": 0.21115098893642426}, {""species"": ""Xystocheir brachymacris"", ""common_name"": """", ""score"": 0.10119083523750305}, {""species"": ""Xystocheir taibona"", ""common_name"": """", ""score"": 0.05576661601662636}, {""species"": ""Wamokia hoffmani"", ""common_name"": """", ""score"": 0.03082122653722763}]"
obs_256022699_photo_458927175_box1.jpg,obs_256022699_photo_458927175,/gpfs_common/share03/ftrscape/snair3/wew_notebooks/outputs_crop/obs_256022699_photo_458927175_box1.jpg,1,Motyxia monica,Arthrophaga myriapodina,FALSE,Tiny part of the image. Fungus,,0.211150989,2,"[{""species"": ""Xystocheir dissecta"", ""common_name"": """", ""score"": 0.5106845498085022}, {""species"": ""Motyxia monica"", ""common_name"": """", ""score"": 0.21115098893642426}, {""species"": ""Xystocheir brachymacris"", ""common_name"": """", ""score"": 0.10119083523750305}, {""species"": ""Xystocheir taibona"", ""common_name"": """", ""score"": 0.05576661601662636}, {""species"": ""Wamokia hoffmani"", ""common_name"": """", ""score"": 0.03082122653722763}]"
obs_256022699_photo_458927175_box1.jpg,obs_256022699_photo_458927175,/gpfs_common/share03/ftrscape/snair3/wew_notebooks/outputs_crop/obs_256022699_photo_458927175_box1.jpg,1,Xystocheir brachymacris,Arthrophaga myriapodina,FALSE,Tiny part of the image. Fungus,,0.101190835,3,"[{""species"": ""Xystocheir dissecta"", ""common_name"": """", ""score"": 0.5106845498085022}, {""species"": ""Motyxia monica"", ""common_name"": """", ""score"": 0.21115098893642426}, {""species"": ""Xystocheir brachymacris"", ""common_name"": """", ""score"": 0.10119083523750305}, {""species"": ""Xystocheir taibona"", ""common_name"": """", ""score"": 0.05576661601662636}, {""species"": ""Wamokia hoffmani"", ""common_name"": """", ""score"": 0.03082122653722763}]"
obs_256022699_photo_458927175_box1.jpg,obs_256022699_photo_458927175,/gpfs_common/share03/ftrscape/snair3/wew_notebooks/outputs_crop/obs_256022699_photo_458927175_box1.jpg,1,Xystocheir taibona,Arthrophaga myriapodina,FALSE,Tiny part of the image. Fungus,,0.055766616,4,"[{""species"": ""Xystocheir dissecta"", ""common_name"": """", ""score"": 0.5106845498085022}, {""species"": ""Motyxia monica"", ""common_name"": """", ""score"": 0.21115098893642426}, {""species"": ""Xystocheir brachymacris"", ""common_name"": """", ""score"": 0.10119083523750305}, {""species"": ""Xystocheir taibona"", ""common_name"": """", ""score"": 0.05576661601662636}, {""species"": ""Wamokia hoffmani"", ""common_name"": """", ""score"": 0.03082122653722763}]"
obs_256022699_photo_458927175_box1.jpg,obs_256022699_photo_458927175,/gpfs_common/share03/ftrscape/snair3/wew_notebooks/outputs_crop/obs_256022699_photo_458927175_box1.jpg,1,Wamokia hoffmani,Arthrophaga myriapodina,FALSE,obs_258568965_photo_463949088,,0.030821227,5,"[{""species"": ""Xystocheir dissecta"", ""common_name"": """", ""score"": 0.5106845498085022}, {""species"": ""Motyxia monica"", ""common_name"": """", ""score"": 0.21115098893642426}, {""species"": ""Xystocheir brachymacris"", ""common_name"": """", ""score"": 0.10119083523750305}, {""species"": ""Xystocheir taibona"", ""common_name"": """", ""score"": 0.05576661601662636}, {""species"": ""Wamokia hoffmani"", ""common_name"": """", ""score"": 0.03082122653722763}]"
obs_256022699_photo_458927175_box2.jpg,obs_256022699_photo_458927175,/gpfs_common/share03/ftrscape/snair3/wew_notebooks/outputs_crop/obs_256022699_photo_458927175_box2.jpg,2,Prodiplosis falcata,Arthrophaga myriapodina,FALSE,Prey not in the image,,0.369832605,1,"[{""species"": ""Prodiplosis falcata"", ""common_name"": """", ""score"": 0.3698326051235199}, {""species"": ""Rhopalomyia clinata"", ""common_name"": """", ""score"": 0.194580540060997}, {""species"": ""Rhopalomyia santolinae"", ""common_name"": """", ""score"": 0.0673484355211258}, {""species"": ""Rhopalomyia gutierreziae"", ""common_name"": """", ""score"": 0.041463371366262436}, {""species"": ""Rhopalomyia ericameriae"", ""common_name"": """", ""score"": 0.03428502753376961}]"
obs_256022699_photo_458927175_box2.jpg,obs_256022699_photo_458927175,/gpfs_common/share03/ftrscape/snair3/wew_notebooks/outputs_crop/obs_256022699_photo_458927175_box2.jpg,2,Rhopalomyia clinata,Arthrophaga myriapodina,FALSE,Prey not in the image,,0.19458054,2,"[{""species"": ""Prodiplosis falcata"", ""common_name"": """", ""score"": 0.3698326051235199}, {""species"": ""Rhopalomyia clinata"", ""common_name"": """", ""score"": 0.194580540060997}, {""species"": ""Rhopalomyia santolinae"", ""common_name"": """", ""score"": 0.0673484355211258}, {""species"": ""Rhopalomyia gutierreziae"", ""common_name"": """", ""score"": 0.041463371366262436}, {""species"": ""Rhopalomyia ericameriae"", ""common_name"": """", ""score"": 0.03428502753376961}]"
obs_256022699_photo_458927175_box2.jpg,obs_256022699_photo_458927175,/gpfs_common/share03/ftrscape/snair3/wew_notebooks/outputs_crop/obs_256022699_photo_458927175_box2.jpg,2,Rhopalomyia santolinae,Arthrophaga myriapodina,FALSE,Prey not in the image,,0.067348436,3,"[{""species"": ""Prodiplosis falcata"", ""common_name"": """", ""score"": 0.3698326051235199}, {""species"": ""Rhopalomyia clinata"", ""common_name"": """", ""score"": 0.194580540060997}, {""species"": ""Rhopalomyia santolinae"", ""common_name"": """", ""score"": 0.0673484355211258}, {""species"": ""Rhopalomyia gutierreziae"", ""common_name"": """", ""score"": 0.041463371366262436}, {""species"": ""Rhopalomyia ericameriae"", ""common_name"": """", ""score"": 0.03428502753376961}]"
obs_256022699_photo_458927175_box2.jpg,obs_256022699_photo_458927175,/gpfs_common/share03/ftrscape/snair3/wew_notebooks/outputs_crop/obs_256022699_photo_458927175_box2.jpg,2,Rhopalomyia gutierreziae,Arthrophaga myriapodina,FALSE,Prey not in the image,,0.041463371,4,"[{""species"": ""Prodiplosis falcata"", ""common_name"": """", ""score"": 0.3698326051235199}, {""species"": ""Rhopalomyia clinata"", ""common_name"": """", ""score"": 0.194580540060997}, {""species"": ""Rhopalomyia santolinae"", ""common_name"": """", ""score"": 0.0673484355211258}, {""species"": ""Rhopalomyia gutierreziae"", ""common_name"": """", ""score"": 0.041463371366262436}, {""species"": ""Rhopalomyia ericameriae"", ""common_name"": """", ""score"": 0.03428502753376961}]"
obs_256022699_photo_458927175_box2.jpg,obs_256022699_photo_458927175,/gpfs_common/share03/ftrscape/snair3/wew_notebooks/outputs_crop/obs_256022699_photo_458927175_box2.jpg,2,Rhopalomyia ericameriae,Arthrophaga myriapodina,FALSE,Prey not in the image,,0.034285028,5,"[{""species"": ""Prodiplosis falcata"", ""common_name"": """", ""score"": 0.3698326051235199}, {""species"": ""Rhopalomyia clinata"", ""common_name"": """", ""score"": 0.194580540060997}, {""species"": ""Rhopalomyia santolinae"", ""common_name"": """", ""score"": 0.0673484355211258}, {""species"": ""Rhopalomyia gutierreziae"", ""common_name"": """", ""score"": 0.041463371366262436}, {""species"": ""Rhopalomyia ericameriae"", ""common_name"": """", ""score"": 0.03428502753376961}]"
obs_258568965_photo_463949088_box1.jpg,obs_258568965_photo_463949088,/gpfs_common/share03/ftrscape/snair3/wew_notebooks/outputs_crop/obs_258568965_photo_463949088_box1.jpg,1,Cryptostroma corticale,Reticularia,FALSE,Tiny part of the image. Fungus,,0.105250902,1,"[{""species"": ""Cryptostroma corticale"", ""common_name"": """", ""score"": 0.10525090247392654}, {""species"": ""Globitermes globosus"", ""common_name"": """", ""score"": 0.06292543560266495}, {""species"": ""Pisolithus arhizus"", ""common_name"": ""Dyeball"", ""score"": 0.027805641293525696}, {""species"": ""Corydalus texanus"", ""common_name"": """", ""score"": 0.012024381197988987}, {""species"": ""Tidarren sisyphoides"", ""common_name"": ""Cobweb spiders"", ""score"": 0.009143340401351452}]"
obs_258568965_photo_463949088_box1.jpg,obs_258568965_photo_463949088,/gpfs_common/share03/ftrscape/snair3/wew_notebooks/outputs_crop/obs_258568965_photo_463949088_box1.jpg,1,Globitermes globosus,Reticularia,FALSE,Tiny part of the image. Fungus,,0.062925436,2,"[{""species"": ""Cryptostroma corticale"", ""common_name"": """", ""score"": 0.10525090247392654}, {""species"": ""Globitermes globosus"", ""common_name"": """", ""score"": 0.06292543560266495}, {""species"": ""Pisolithus arhizus"", ""common_name"": ""Dyeball"", ""score"": 0.027805641293525696}, {""species"": ""Corydalus texanus"", ""common_name"": """", ""score"": 0.012024381197988987}, {""species"": ""Tidarren sisyphoides"", ""common_name"": ""Cobweb spiders"", ""score"": 0.009143340401351452}]"
obs_258568965_photo_463949088_box1.jpg,obs_258568965_photo_463949088,/gpfs_common/share03/ftrscape/snair3/wew_notebooks/outputs_crop/obs_258568965_photo_463949088_box1.jpg,1,Pisolithus arhizus,Reticularia,FALSE,Tiny part of the image. Fungus,Dyeball,0.027805641,3,"[{""species"": ""Cryptostroma corticale"", ""common_name"": """", ""score"": 0.10525090247392654}, {""species"": ""Globitermes globosus"", ""common_name"": """", ""score"": 0.06292543560266495}, {""species"": ""Pisolithus arhizus"", ""common_name"": ""Dyeball"", ""score"": 0.027805641293525696}, {""species"": ""Corydalus texanus"", ""common_name"": """", ""score"": 0.012024381197988987}, {""species"": ""Tidarren sisyphoides"", ""common_name"": ""Cobweb spiders"", ""score"": 0.009143340401351452}]"
obs_258568965_photo_463949088_box1.jpg,obs_258568965_photo_463949088,/gpfs_common/share03/ftrscape/snair3/wew_notebooks/outputs_crop/obs_258568965_photo_463949088_box1.jpg,1,Corydalus texanus,Reticularia,FALSE,Tiny part of the image. Fungus,,0.012024381,4,"[{""species"": ""Cryptostroma corticale"", ""common_name"": """", ""score"": 0.10525090247392654}, {""species"": ""Globitermes globosus"", ""common_name"": """", ""score"": 0.06292543560266495}, {""species"": ""Pisolithus arhizus"", ""common_name"": ""Dyeball"", ""score"": 0.027805641293525696}, {""species"": ""Corydalus texanus"", ""common_name"": """", ""score"": 0.012024381197988987}, {""species"": ""Tidarren sisyphoides"", ""common_name"": ""Cobweb spiders"", ""score"": 0.009143340401351452}]"
obs_258568965_photo_463949088_box1.jpg,obs_258568965_photo_463949088,/gpfs_common/share03/ftrscape/snair3/wew_notebooks/outputs_crop/obs_258568965_photo_463949088_box1.jpg,1,Tidarren sisyphoides,Reticularia,FALSE,Tiny part of the image. Fungus,Cobweb spiders,0.00914334,5,"[{""species"": ""Cryptostroma corticale"", ""common_name"": """", ""score"": 0.10525090247392654}, {""species"": ""Globitermes globosus"", ""common_name"": """", ""score"": 0.06292543560266495}, {""species"": ""Pisolithus arhizus"", ""common_name"": ""Dyeball"", ""score"": 0.027805641293525696}, {""species"": ""Corydalus texanus"", ""common_name"": """", ""score"": 0.012024381197988987}, {""species"": ""Tidarren sisyphoides"", ""common_name"": ""Cobweb spiders"", ""score"": 0.009143340401351452}]"
obs_258568965_photo_463949088_box2.jpg,obs_258568965_photo_463949088,/gpfs_common/share03/ftrscape/snair3/wew_notebooks/outputs_crop/obs_258568965_photo_463949088_box2.jpg,2,Globitermes globosus,Reticularia,FALSE,Tiny part of the image. Fungus,,0.046618026,1,"[{""species"": ""Globitermes globosus"", ""common_name"": """", ""score"": 0.0466180257499218}, {""species"": ""Bothriocyrtum californicum"", ""common_name"": """", ""score"": 0.029841626062989235}, {""species"": ""Meta dolloff"", ""common_name"": ""Dolloff cave spider"", ""score"": 0.00880496297031641}, {""species"": ""Aliatypus janus"", ""common_name"": """", ""score"": 0.007034565322101116}, {""species"": ""Filistata canariensis"", ""common_name"": """", ""score"": 0.006493709981441498}]"
obs_258568965_photo_463949088_box2.jpg,obs_258568965_photo_463949088,/gpfs_common/share03/ftrscape/snair3/wew_notebooks/outputs_crop/obs_258568965_photo_463949088_box2.jpg,2,Bothriocyrtum californicum,Reticularia,FALSE,Tiny part of the image. Fungus,,0.029841626,2,"[{""species"": ""Globitermes globosus"", ""common_name"": """", ""score"": 0.0466180257499218}, {""species"": ""Bothriocyrtum californicum"", ""common_name"": """", ""score"": 0.029841626062989235}, {""species"": ""Meta dolloff"", ""common_name"": ""Dolloff cave spider"", ""score"": 0.00880496297031641}, {""species"": ""Aliatypus janus"", ""common_name"": """", ""score"": 0.007034565322101116}, {""species"": ""Filistata canariensis"", ""common_name"": """", ""score"": 0.006493709981441498}]"
obs_258568965_photo_463949088_box2.jpg,obs_258568965_photo_463949088,/gpfs_common/share03/ftrscape/snair3/wew_notebooks/outputs_crop/obs_258568965_photo_463949088_box2.jpg,2,Meta dolloff,Reticularia,FALSE,Tiny part of the image. Fungus,Dolloff cave spider,0.008804963,3,"[{""species"": ""Globitermes globosus"", ""common_name"": """", ""score"": 0.0466180257499218}, {""species"": ""Bothriocyrtum californicum"", ""common_name"": """", ""score"": 0.029841626062989235}, {""species"": ""Meta dolloff"", ""common_name"": ""Dolloff cave spider"", ""score"": 0.00880496297031641}, {""species"": ""Aliatypus janus"", ""common_name"": """", ""score"": 0.007034565322101116}, {""species"": ""Filistata canariensis"", ""common_name"": """", ""score"": 0.006493709981441498}]"
obs_258568965_photo_463949088_box2.jpg,obs_258568965_photo_463949088,/gpfs_common/share03/ftrscape/snair3/wew_notebooks/outputs_crop/obs_258568965_photo_463949088_box2.jpg,2,Aliatypus janus,Reticularia,FALSE,Tiny part of the image. Fungus,,0.007034565,4,"[{""species"": ""Globitermes globosus"", ""common_name"": """", ""score"": 0.0466180257499218}, {""species"": ""Bothriocyrtum californicum"", ""common_name"": """", ""score"": 0.029841626062989235}, {""species"": ""Meta dolloff"", ""common_name"": ""Dolloff cave spider"", ""score"": 0.00880496297031641}, {""species"": ""Aliatypus janus"", ""common_name"": """", ""score"": 0.007034565322101116}, {""species"": ""Filistata canariensis"", ""common_name"": """", ""score"": 0.006493709981441498}]"
obs_258568965_photo_463949088_box2.jpg,obs_258568965_photo_463949088,/gpfs_common/share03/ftrscape/snair3/wew_notebooks/outputs_crop/obs_258568965_photo_463949088_box2.jpg,2,Filistata canariensis,Reticularia,FALSE,Tiny part of the image. Fungus,,0.00649371,5,"[{""species"": ""Globitermes globosus"", ""common_name"": """", ""score"": 0.0466180257499218}, {""species"": ""Bothriocyrtum californicum"", ""common_name"": """", ""score"": 0.029841626062989235}, {""species"": ""Meta dolloff"", ""common_name"": ""Dolloff cave spider"", ""score"": 0.00880496297031641}, {""species"": ""Aliatypus janus"", ""common_name"": """", ""score"": 0.007034565322101116}, {""species"": ""Filistata canariensis"", ""common_name"": """", ""score"": 0.006493709981441498}]"
obs_258568965_photo_463949088_box3.jpg,obs_258568965_photo_463949088,/gpfs_common/share03/ftrscape/snair3/wew_notebooks/outputs_crop/obs_258568965_photo_463949088_box3.jpg,3,Nodulisporium cecidiogenes,Reticularia,FALSE,Prey not in the image,,0.061527744,1,"[{""species"": ""Nodulisporium cecidiogenes"", ""common_name"": """", ""score"": 0.06152774393558502}, {""species"": ""Reduvius personatus"", ""common_name"": ""Masked hunter"", ""score"": 0.0225649606436491}, {""species"": ""Leptothrix discophora"", ""common_name"": """", ""score"": 0.010994180105626583}, {""species"": ""Bryostigma phaeophysciae"", ""common_name"": """", ""score"": 0.008271598257124424}, {""species"": ""Erythricium aurantiacum"", ""common_name"": """", ""score"": 0.0056411707773804665}]"
obs_258568965_photo_463949088_box3.jpg,obs_258568965_photo_463949088,/gpfs_common/share03/ftrscape/snair3/wew_notebooks/outputs_crop/obs_258568965_photo_463949088_box3.jpg,3,Reduvius personatus,Reticularia,FALSE,Prey not in the image,Masked hunter,0.022564961,2,"[{""species"": ""Nodulisporium cecidiogenes"", ""common_name"": """", ""score"": 0.06152774393558502}, {""species"": ""Reduvius personatus"", ""common_name"": ""Masked hunter"", ""score"": 0.0225649606436491}, {""species"": ""Leptothrix discophora"", ""common_name"": """", ""score"": 0.010994180105626583}, {""species"": ""Bryostigma phaeophysciae"", ""common_name"": """", ""score"": 0.008271598257124424}, {""species"": ""Erythricium aurantiacum"", ""common_name"": """", ""score"": 0.0056411707773804665}]"
obs_258568965_photo_463949088_box3.jpg,obs_258568965_photo_463949088,/gpfs_common/share03/ftrscape/snair3/wew_notebooks/outputs_crop/obs_258568965_photo_463949088_box3.jpg,3,Leptothrix discophora,Reticularia,FALSE,Prey not in the image,,0.01099418,3,"[{""species"": ""Nodulisporium cecidiogenes"", ""common_name"": """", ""score"": 0.06152774393558502}, {""species"": ""Reduvius personatus"", ""common_name"": ""Masked hunter"", ""score"": 0.0225649606436491}, {""species"": ""Leptothrix discophora"", ""common_name"": """", ""score"": 0.010994180105626583}, {""species"": ""Bryostigma phaeophysciae"", ""common_name"": """", ""score"": 0.008271598257124424}, {""species"": ""Erythricium aurantiacum"", ""common_name"": """", ""score"": 0.0056411707773804665}]"
obs_258568965_photo_463949088_box3.jpg,obs_258568965_photo_463949088,/gpfs_common/share03/ftrscape/snair3/wew_notebooks/outputs_crop/obs_258568965_photo_463949088_box3.jpg,3,Bryostigma phaeophysciae,Reticularia,FALSE,Prey not in the image,,0.008271598,4,"[{""species"": ""Nodulisporium cecidiogenes"", ""common_name"": """", ""score"": 0.06152774393558502}, {""species"": ""Reduvius personatus"", ""common_name"": ""Masked hunter"", ""score"": 0.0225649606436491}, {""species"": ""Leptothrix discophora"", ""common_name"": """", ""score"": 0.010994180105626583}, {""species"": ""Bryostigma phaeophysciae"", ""common_name"": """", ""score"": 0.008271598257124424}, {""species"": ""Erythricium aurantiacum"", ""common_name"": """", ""score"": 0.0056411707773804665}]"
obs_258568965_photo_463949088_box3.jpg,obs_258568965_photo_463949088,/gpfs_common/share03/ftrscape/snair3/wew_notebooks/outputs_crop/obs_258568965_photo_463949088_box3.jpg,3,Erythricium aurantiacum,Reticularia,FALSE,Prey not in the image,,0.005641171,5,"[{""species"": ""Nodulisporium cecidiogenes"", ""common_name"": """", ""score"": 0.06152774393558502}, {""species"": ""Reduvius personatus"", ""common_name"": ""Masked hunter"", ""score"": 0.0225649606436491}, {""species"": ""Leptothrix discophora"", ""common_name"": """", ""score"": 0.010994180105626583}, {""species"": ""Bryostigma phaeophysciae"", ""common_name"": """", ""score"": 0.008271598257124424}, {""species"": ""Erythricium aurantiacum"", ""common_name"": """", ""score"": 0.0056411707773804665}]"
obs_264953671_photo_475827468_box1.jpg,obs_264953671_photo_475827468,/gpfs_common/share03/ftrscape/snair3/wew_notebooks/outputs_crop/obs_264953671_photo_475827468_box1.jpg,1,Peripatopsis lawrencei,Peripatopsis orientalis,FALSE,Same taxon genus but wrong species level,,0.294097424,1,"[{""species"": ""Peripatopsis lawrencei"", ""common_name"": """", ""score"": 0.2940974235534668}, {""species"": ""Peripatopsis sedgwicki"", ""common_name"": """", ""score"": 0.0771130695939064}, {""species"": ""Pseudonympha detecta"", ""common_name"": """", ""score"": 0.05919685959815979}, {""species"": ""Peripatopsis balfouri"", ""common_name"": """", ""score"": 0.045050058513879776}, {""species"": ""Kumbadjena toolbrunupensis"", ""common_name"": """", ""score"": 0.027539601549506187}]"
obs_264953671_photo_475827468_box1.jpg,obs_264953671_photo_475827468,/gpfs_common/share03/ftrscape/snair3/wew_notebooks/outputs_crop/obs_264953671_photo_475827468_box1.jpg,1,Peripatopsis sedgwicki,Peripatopsis orientalis,FALSE,Same taxon genus but wrong species level,,0.07711307,2,"[{""species"": ""Peripatopsis lawrencei"", ""common_name"": """", ""score"": 0.2940974235534668}, {""species"": ""Peripatopsis sedgwicki"", ""common_name"": """", ""score"": 0.0771130695939064}, {""species"": ""Pseudonympha detecta"", ""common_name"": """", ""score"": 0.05919685959815979}, {""species"": ""Peripatopsis balfouri"", ""common_name"": """", ""score"": 0.045050058513879776}, {""species"": ""Kumbadjena toolbrunupensis"", ""common_name"": """", ""score"": 0.027539601549506187}]"
obs_264953671_photo_475827468_box1.jpg,obs_264953671_photo_475827468,/gpfs_common/share03/ftrscape/snair3/wew_notebooks/outputs_crop/obs_264953671_photo_475827468_box1.jpg,1,Pseudonympha detecta,Peripatopsis orientalis,FALSE,Same taxon genus but wrong species level,,0.05919686,3,"[{""species"": ""Peripatopsis lawrencei"", ""common_name"": """", ""score"": 0.2940974235534668}, {""species"": ""Peripatopsis sedgwicki"", ""common_name"": """", ""score"": 0.0771130695939064}, {""species"": ""Pseudonympha detecta"", ""common_name"": """", ""score"": 0.05919685959815979}, {""species"": ""Peripatopsis balfouri"", ""common_name"": """", ""score"": 0.045050058513879776}, {""species"": ""Kumbadjena toolbrunupensis"", ""common_name"": """", ""score"": 0.027539601549506187}]"
obs_264953671_photo_475827468_box1.jpg,obs_264953671_photo_475827468,/gpfs_common/share03/ftrscape/snair3/wew_notebooks/outputs_crop/obs_264953671_photo_475827468_box1.jpg,1,Peripatopsis balfouri,Peripatopsis orientalis,FALSE,Same taxon genus but wrong species level,,0.045050059,4,"[{""species"": ""Peripatopsis lawrencei"", ""common_name"": """", ""score"": 0.2940974235534668}, {""species"": ""Peripatopsis sedgwicki"", ""common_name"": """", ""score"": 0.0771130695939064}, {""species"": ""Pseudonympha detecta"", ""common_name"": """", ""score"": 0.05919685959815979}, {""species"": ""Peripatopsis balfouri"", ""common_name"": """", ""score"": 0.045050058513879776}, {""species"": ""Kumbadjena toolbrunupensis"", ""common_name"": """", ""score"": 0.027539601549506187}]"
obs_264953671_photo_475827468_box1.jpg,obs_264953671_photo_475827468,/gpfs_common/share03/ftrscape/snair3/wew_notebooks/outputs_crop/obs_264953671_photo_475827468_box1.jpg,1,Kumbadjena toolbrunupensis,Peripatopsis orientalis,FALSE,Same taxon genus but wrong species level,,0.027539602,5,"[{""species"": ""Peripatopsis lawrencei"", ""common_name"": """", ""score"": 0.2940974235534668}, {""species"": ""Peripatopsis sedgwicki"", ""common_name"": """", ""score"": 0.0771130695939064}, {""species"": ""Pseudonympha detecta"", ""common_name"": """", ""score"": 0.05919685959815979}, {""species"": ""Peripatopsis balfouri"", ""common_name"": """", ""score"": 0.045050058513879776}, {""species"": ""Kumbadjena toolbrunupensis"", ""common_name"": """", ""score"": 0.027539601549506187}]"
obs_264953671_photo_475827468_box2.jpg,obs_264953671_photo_475827468,/gpfs_common/share03/ftrscape/snair3/wew_notebooks/outputs_crop/obs_264953671_photo_475827468_box2.jpg,2,Pseudonympha detecta,Peripatopsis orientalis,FALSE,Tiny part of the image. ,,0.244428098,1,"[{""species"": ""Pseudonympha detecta"", ""common_name"": """", ""score"": 0.2444280982017517}, {""species"": ""Eutricha capensis"", ""common_name"": """", ""score"": 0.15402954816818237}, {""species"": ""Peripatopsis lawrencei"", ""common_name"": """", ""score"": 0.03808385133743286}, {""species"": ""Mesocelis monticola"", ""common_name"": """", ""score"": 0.03456876054406166}, {""species"": ""Duberria lutrix"", ""common_name"": ""Common slug eater"", ""score"": 0.026144685223698616}]"
obs_264953671_photo_475827468_box2.jpg,obs_264953671_photo_475827468,/gpfs_common/share03/ftrscape/snair3/wew_notebooks/outputs_crop/obs_264953671_photo_475827468_box2.jpg,2,Eutricha capensis,Peripatopsis orientalis,FALSE,Tiny part of the image. ,,0.154029548,2,"[{""species"": ""Pseudonympha detecta"", ""common_name"": """", ""score"": 0.2444280982017517}, {""species"": ""Eutricha capensis"", ""common_name"": """", ""score"": 0.15402954816818237}, {""species"": ""Peripatopsis lawrencei"", ""common_name"": """", ""score"": 0.03808385133743286}, {""species"": ""Mesocelis monticola"", ""common_name"": """", ""score"": 0.03456876054406166}, {""species"": ""Duberria lutrix"", ""common_name"": ""Common slug eater"", ""score"": 0.026144685223698616}]"
obs_264953671_photo_475827468_box2.jpg,obs_264953671_photo_475827468,/gpfs_common/share03/ftrscape/snair3/wew_notebooks/outputs_crop/obs_264953671_photo_475827468_box2.jpg,2,Peripatopsis lawrencei,Peripatopsis orientalis,FALSE,Tiny part of the image. ,,0.038083851,3,"[{""species"": ""Pseudonympha detecta"", ""common_name"": """", ""score"": 0.2444280982017517}, {""species"": ""Eutricha capensis"", ""common_name"": """", ""score"": 0.15402954816818237}, {""species"": ""Peripatopsis lawrencei"", ""common_name"": """", ""score"": 0.03808385133743286}, {""species"": ""Mesocelis monticola"", ""common_name"": """", ""score"": 0.03456876054406166}, {""species"": ""Duberria lutrix"", ""common_name"": ""Common slug eater"", ""score"": 0.026144685223698616}]"
obs_264953671_photo_475827468_box2.jpg,obs_264953671_photo_475827468,/gpfs_common/share03/ftrscape/snair3/wew_notebooks/outputs_crop/obs_264953671_photo_475827468_box2.jpg,2,Mesocelis monticola,Peripatopsis orientalis,FALSE,Tiny part of the image. ,,0.034568761,4,"[{""species"": ""Pseudonympha detecta"", ""common_name"": """", ""score"": 0.2444280982017517}, {""species"": ""Eutricha capensis"", ""common_name"": """", ""score"": 0.15402954816818237}, {""species"": ""Peripatopsis lawrencei"", ""common_name"": """", ""score"": 0.03808385133743286}, {""species"": ""Mesocelis monticola"", ""common_name"": """", ""score"": 0.03456876054406166}, {""species"": ""Duberria lutrix"", ""common_name"": ""Common slug eater"", ""score"": 0.026144685223698616}]"
obs_264953671_photo_475827468_box2.jpg,obs_264953671_photo_475827468,/gpfs_common/share03/ftrscape/snair3/wew_notebooks/outputs_crop/obs_264953671_photo_475827468_box2.jpg,2,Duberria lutrix,Peripatopsis orientalis,FALSE,Tiny part of the image. ,Common slug eater,0.026144685,5,"[{""species"": ""Pseudonympha detecta"", ""common_name"": """", ""score"": 0.2444280982017517}, {""species"": ""Eutricha capensis"", ""common_name"": """", ""score"": 0.15402954816818237}, {""species"": ""Peripatopsis lawrencei"", ""common_name"": """", ""score"": 0.03808385133743286}, {""species"": ""Mesocelis monticola"", ""common_name"": """", ""score"": 0.03456876054406166}, {""species"": ""Duberria lutrix"", ""common_name"": ""Common slug eater"", ""score"": 0.026144685223698616}]"
obs_264953671_photo_475827468_box3.jpg,obs_264953671_photo_475827468,/gpfs_common/share03/ftrscape/snair3/wew_notebooks/outputs_crop/obs_264953671_photo_475827468_box3.jpg,3,Eutricha capensis,Peripatopsis orientalis,FALSE,Tiny part of the image. ,,0.166274145,1,"[{""species"": ""Eutricha capensis"", ""common_name"": """", ""score"": 0.16627414524555206}, {""species"": ""Eutricha bifascia"", ""common_name"": """", ""score"": 0.128271222114563}, {""species"": ""Pseudonympha detecta"", ""common_name"": """", ""score"": 0.09334111213684082}, {""species"": ""Platypleura capensis"", ""common_name"": """", ""score"": 0.03306969255208969}, {""species"": ""Mesocelis monticola"", ""common_name"": """", ""score"": 0.031427741050720215}]"
obs_264953671_photo_475827468_box3.jpg,obs_264953671_photo_475827468,/gpfs_common/share03/ftrscape/snair3/wew_notebooks/outputs_crop/obs_264953671_photo_475827468_box3.jpg,3,Eutricha bifascia,Peripatopsis orientalis,FALSE,Tiny part of the image. ,,0.128271222,2,"[{""species"": ""Eutricha capensis"", ""common_name"": """", ""score"": 0.16627414524555206}, {""species"": ""Eutricha bifascia"", ""common_name"": """", ""score"": 0.128271222114563}, {""species"": ""Pseudonympha detecta"", ""common_name"": """", ""score"": 0.09334111213684082}, {""species"": ""Platypleura capensis"", ""common_name"": """", ""score"": 0.03306969255208969}, {""species"": ""Mesocelis monticola"", ""common_name"": """", ""score"": 0.031427741050720215}]"
obs_264953671_photo_475827468_box3.jpg,obs_264953671_photo_475827468,/gpfs_common/share03/ftrscape/snair3/wew_notebooks/outputs_crop/obs_264953671_photo_475827468_box3.jpg,3,Pseudonympha detecta,Peripatopsis orientalis,FALSE,Tiny part of the image. ,,0.093341112,3,"[{""species"": ""Eutricha capensis"", ""common_name"": """", ""score"": 0.16627414524555206}, {""species"": ""Eutricha bifascia"", ""common_name"": """", ""score"": 0.128271222114563}, {""species"": ""Pseudonympha detecta"", ""common_name"": """", ""score"": 0.09334111213684082}, {""species"": ""Platypleura capensis"", ""common_name"": """", ""score"": 0.03306969255208969}, {""species"": ""Mesocelis monticola"", ""common_name"": """", ""score"": 0.031427741050720215}]"
obs_264953671_photo_475827468_box3.jpg,obs_264953671_photo_475827468,/gpfs_common/share03/ftrscape/snair3/wew_notebooks/outputs_crop/obs_264953671_photo_475827468_box3.jpg,3,Platypleura capensis,Peripatopsis orientalis,FALSE,Tiny part of the image. ,,0.033069693,4,"[{""species"": ""Eutricha capensis"", ""common_name"": """", ""score"": 0.16627414524555206}, {""species"": ""Eutricha bifascia"", ""common_name"": """", ""score"": 0.128271222114563}, {""species"": ""Pseudonympha detecta"", ""common_name"": """", ""score"": 0.09334111213684082}, {""species"": ""Platypleura capensis"", ""common_name"": """", ""score"": 0.03306969255208969}, {""species"": ""Mesocelis monticola"", ""common_name"": """", ""score"": 0.031427741050720215}]"
obs_264953671_photo_475827468_box3.jpg,obs_264953671_photo_475827468,/gpfs_common/share03/ftrscape/snair3/wew_notebooks/outputs_crop/obs_264953671_photo_475827468_box3.jpg,3,Mesocelis monticola,Peripatopsis orientalis,FALSE,Tiny part of the image. ,,0.031427741,5,"[{""species"": ""Eutricha capensis"", ""common_name"": """", ""score"": 0.16627414524555206}, {""species"": ""Eutricha bifascia"", ""common_name"": """", ""score"": 0.128271222114563}, {""species"": ""Pseudonympha detecta"", ""common_name"": """", ""score"": 0.09334111213684082}, {""species"": ""Platypleura capensis"", ""common_name"": """", ""score"": 0.03306969255208969}, {""species"": ""Mesocelis monticola"", ""common_name"": """", ""score"": 0.031427741050720215}]"
obs_264953671_photo_475827468_box4.jpg,obs_264953671_photo_475827468,/gpfs_common/share03/ftrscape/snair3/wew_notebooks/outputs_crop/obs_264953671_photo_475827468_box4.jpg,4,Eutricha capensis,Peripatopsis orientalis,FALSE,Tiny part of the image. ,,0.334199667,1,"[{""species"": ""Eutricha capensis"", ""common_name"": """", ""score"": 0.3341996669769287}, {""species"": ""Eutricha bifascia"", ""common_name"": """", ""score"": 0.20672710239887238}, {""species"": ""Platypleura capensis"", ""common_name"": """", ""score"": 0.04592268541455269}, {""species"": ""Mesocelis monticola"", ""common_name"": """", ""score"": 0.04528217762708664}, {""species"": ""Catochria catocaloides"", ""common_name"": """", ""score"": 0.020470941439270973}]"
obs_264953671_photo_475827468_box4.jpg,obs_264953671_photo_475827468,/gpfs_common/share03/ftrscape/snair3/wew_notebooks/outputs_crop/obs_264953671_photo_475827468_box4.jpg,4,Eutricha bifascia,Peripatopsis orientalis,FALSE,Tiny part of the image. ,,0.206727102,2,"[{""species"": ""Eutricha capensis"", ""common_name"": """", ""score"": 0.3341996669769287}, {""species"": ""Eutricha bifascia"", ""common_name"": """", ""score"": 0.20672710239887238}, {""species"": ""Platypleura capensis"", ""common_name"": """", ""score"": 0.04592268541455269}, {""species"": ""Mesocelis monticola"", ""common_name"": """", ""score"": 0.04528217762708664}, {""species"": ""Catochria catocaloides"", ""common_name"": """", ""score"": 0.020470941439270973}]"
obs_264953671_photo_475827468_box4.jpg,obs_264953671_photo_475827468,/gpfs_common/share03/ftrscape/snair3/wew_notebooks/outputs_crop/obs_264953671_photo_475827468_box4.jpg,4,Platypleura capensis,Peripatopsis orientalis,FALSE,Tiny part of the image. ,,0.045922685,3,"[{""species"": ""Eutricha capensis"", ""common_name"": """", ""score"": 0.3341996669769287}, {""species"": ""Eutricha bifascia"", ""common_name"": """", ""score"": 0.20672710239887238}, {""species"": ""Platypleura capensis"", ""common_name"": """", ""score"": 0.04592268541455269}, {""species"": ""Mesocelis monticola"", ""common_name"": """", ""score"": 0.04528217762708664}, {""species"": ""Catochria catocaloides"", ""common_name"": """", ""score"": 0.020470941439270973}]"
obs_264953671_photo_475827468_box4.jpg,obs_264953671_photo_475827468,/gpfs_common/share03/ftrscape/snair3/wew_notebooks/outputs_crop/obs_264953671_photo_475827468_box4.jpg,4,Mesocelis monticola,Peripatopsis orientalis,FALSE,Tiny part of the image. ,,0.045282178,4,"[{""species"": ""Eutricha capensis"", ""common_name"": """", ""score"": 0.3341996669769287}, {""species"": ""Eutricha bifascia"", ""common_name"": """", ""score"": 0.20672710239887238}, {""species"": ""Platypleura capensis"", ""common_name"": """", ""score"": 0.04592268541455269}, {""species"": ""Mesocelis monticola"", ""common_name"": """", ""score"": 0.04528217762708664}, {""species"": ""Catochria catocaloides"", ""common_name"": """", ""score"": 0.020470941439270973}]"
obs_264953671_photo_475827468_box4.jpg,obs_264953671_photo_475827468,/gpfs_common/share03/ftrscape/snair3/wew_notebooks/outputs_crop/obs_264953671_photo_475827468_box4.jpg,4,Catochria catocaloides,Peripatopsis orientalis,FALSE,Tiny part of the image. ,,0.020470941,5,"[{""species"": ""Eutricha capensis"", ""common_name"": """", ""score"": 0.3341996669769287}, {""species"": ""Eutricha bifascia"", ""common_name"": """", ""score"": 0.20672710239887238}, {""species"": ""Platypleura capensis"", ""common_name"": """", ""score"": 0.04592268541455269}, {""species"": ""Mesocelis monticola"", ""common_name"": """", ""score"": 0.04528217762708664}, {""species"": ""Catochria catocaloides"", ""common_name"": """", ""score"": 0.020470941439270973}]"
obs_264953671_photo_475827468_box5.jpg,obs_264953671_photo_475827468,/gpfs_common/share03/ftrscape/snair3/wew_notebooks/outputs_crop/obs_264953671_photo_475827468_box5.jpg,5,Peripatopsis lawrencei,Peripatopsis orientalis,FALSE,Tiny part of the image. ,,0.346896708,1,"[{""species"": ""Peripatopsis lawrencei"", ""common_name"": """", ""score"": 0.3468967080116272}, {""species"": ""Peripatopsis sedgwicki"", ""common_name"": """", ""score"": 0.1107776015996933}, {""species"": ""Peripatopsis balfouri"", ""common_name"": """", ""score"": 0.044355373829603195}, {""species"": ""Kumbadjena toolbrunupensis"", ""common_name"": """", ""score"": 0.032756540924310684}, {""species"": ""Peripatopsis bolandi"", ""common_name"": """", ""score"": 0.032515767961740494}]"
obs_264953671_photo_475827468_box5.jpg,obs_264953671_photo_475827468,/gpfs_common/share03/ftrscape/snair3/wew_notebooks/outputs_crop/obs_264953671_photo_475827468_box5.jpg,5,Peripatopsis sedgwicki,Peripatopsis orientalis,FALSE,Tiny part of the image. ,,0.110777602,2,"[{""species"": ""Peripatopsis lawrencei"", ""common_name"": """", ""score"": 0.3468967080116272}, {""species"": ""Peripatopsis sedgwicki"", ""common_name"": """", ""score"": 0.1107776015996933}, {""species"": ""Peripatopsis balfouri"", ""common_name"": """", ""score"": 0.044355373829603195}, {""species"": ""Kumbadjena toolbrunupensis"", ""common_name"": """", ""score"": 0.032756540924310684}, {""species"": ""Peripatopsis bolandi"", ""common_name"": """", ""score"": 0.032515767961740494}]"
obs_264953671_photo_475827468_box5.jpg,obs_264953671_photo_475827468,/gpfs_common/share03/ftrscape/snair3/wew_notebooks/outputs_crop/obs_264953671_photo_475827468_box5.jpg,5,Peripatopsis balfouri,Peripatopsis orientalis,FALSE,Tiny part of the image. ,,0.044355374,3,"[{""species"": ""Peripatopsis lawrencei"", ""common_name"": """", ""score"": 0.3468967080116272}, {""species"": ""Peripatopsis sedgwicki"", ""common_name"": """", ""score"": 0.1107776015996933}, {""species"": ""Peripatopsis balfouri"", ""common_name"": """", ""score"": 0.044355373829603195}, {""species"": ""Kumbadjena toolbrunupensis"", ""common_name"": """", ""score"": 0.032756540924310684}, {""species"": ""Peripatopsis bolandi"", ""common_name"": """", ""score"": 0.032515767961740494}]"
obs_264953671_photo_475827468_box5.jpg,obs_264953671_photo_475827468,/gpfs_common/share03/ftrscape/snair3/wew_notebooks/outputs_crop/obs_264953671_photo_475827468_box5.jpg,5,Kumbadjena toolbrunupensis,Peripatopsis orientalis,FALSE,Tiny part of the image. ,,0.032756541,4,"[{""species"": ""Peripatopsis lawrencei"", ""common_name"": """", ""score"": 0.3468967080116272}, {""species"": ""Peripatopsis sedgwicki"", ""common_name"": """", ""score"": 0.1107776015996933}, {""species"": ""Peripatopsis balfouri"", ""common_name"": """", ""score"": 0.044355373829603195}, {""species"": ""Kumbadjena toolbrunupensis"", ""common_name"": """", ""score"": 0.032756540924310684}, {""species"": ""Peripatopsis bolandi"", ""common_name"": """", ""score"": 0.032515767961740494}]"
obs_264953671_photo_475827468_box5.jpg,obs_264953671_photo_475827468,/gpfs_common/share03/ftrscape/snair3/wew_notebooks/outputs_crop/obs_264953671_photo_475827468_box5.jpg,5,Peripatopsis bolandi,Peripatopsis orientalis,FALSE,Tiny part of the image. ,,0.032515768,5,"[{""species"": ""Peripatopsis lawrencei"", ""common_name"": """", ""score"": 0.3468967080116272}, {""species"": ""Peripatopsis sedgwicki"", ""common_name"": """", ""score"": 0.1107776015996933}, {""species"": ""Peripatopsis balfouri"", ""common_name"": """", ""score"": 0.044355373829603195}, {""species"": ""Kumbadjena toolbrunupensis"", ""common_name"": """", ""score"": 0.032756540924310684}, {""species"": ""Peripatopsis bolandi"", ""common_name"": """", ""score"": 0.032515767961740494}]"
obs_291009479_photo_523542929_box1.jpg,obs_291009479_photo_523542929,/gpfs_common/share03/ftrscape/snair3/wew_notebooks/outputs_crop/obs_291009479_photo_523542929_box1.jpg,1,Macroperipatus torquatus,Macroperipatus torquatus,TRUE,,,0.136580035,1,"[{""species"": ""Macroperipatus torquatus"", ""common_name"": """", ""score"": 0.13658003509044647}, {""species"": ""Ischyropsalis manicata"", ""common_name"": """", ""score"": 0.043727267533540726}, {""species"": ""Mongeperipatus solorzanoi"", ""common_name"": """", ""score"": 0.04350000247359276}, {""species"": ""Mongeperipatus kekoldi"", ""common_name"": """", ""score"": 0.016803018748760223}, {""species"": ""Rhysida longicornis"", ""common_name"": """", ""score"": 0.016208818182349205}]"
obs_291009479_photo_523542929_box1.jpg,obs_291009479_photo_523542929,/gpfs_common/share03/ftrscape/snair3/wew_notebooks/outputs_crop/obs_291009479_photo_523542929_box1.jpg,1,Ischyropsalis manicata,Macroperipatus torquatus,FALSE,,,0.043727268,2,"[{""species"": ""Macroperipatus torquatus"", ""common_name"": """", ""score"": 0.13658003509044647}, {""species"": ""Ischyropsalis manicata"", ""common_name"": """", ""score"": 0.043727267533540726}, {""species"": ""Mongeperipatus solorzanoi"", ""common_name"": """", ""score"": 0.04350000247359276}, {""species"": ""Mongeperipatus kekoldi"", ""common_name"": """", ""score"": 0.016803018748760223}, {""species"": ""Rhysida longicornis"", ""common_name"": """", ""score"": 0.016208818182349205}]"
obs_291009479_photo_523542929_box1.jpg,obs_291009479_photo_523542929,/gpfs_common/share03/ftrscape/snair3/wew_notebooks/outputs_crop/obs_291009479_photo_523542929_box1.jpg,1,Mongeperipatus solorzanoi,Macroperipatus torquatus,FALSE,,,0.043500002,3,"[{""species"": ""Macroperipatus torquatus"", ""common_name"": """", ""score"": 0.13658003509044647}, {""species"": ""Ischyropsalis manicata"", ""common_name"": """", ""score"": 0.043727267533540726}, {""species"": ""Mongeperipatus solorzanoi"", ""common_name"": """", ""score"": 0.04350000247359276}, {""species"": ""Mongeperipatus kekoldi"", ""common_name"": """", ""score"": 0.016803018748760223}, {""species"": ""Rhysida longicornis"", ""common_name"": """", ""score"": 0.016208818182349205}]"
obs_291009479_photo_523542929_box1.jpg,obs_291009479_photo_523542929,/gpfs_common/share03/ftrscape/snair3/wew_notebooks/outputs_crop/obs_291009479_photo_523542929_box1.jpg,1,Mongeperipatus kekoldi,Macroperipatus torquatus,FALSE,,,0.016803019,4,"[{""species"": ""Macroperipatus torquatus"", ""common_name"": """", ""score"": 0.13658003509044647}, {""species"": ""Ischyropsalis manicata"", ""common_name"": """", ""score"": 0.043727267533540726}, {""species"": ""Mongeperipatus solorzanoi"", ""common_name"": """", ""score"": 0.04350000247359276}, {""species"": ""Mongeperipatus kekoldi"", ""common_name"": """", ""score"": 0.016803018748760223}, {""species"": ""Rhysida longicornis"", ""common_name"": """", ""score"": 0.016208818182349205}]"
obs_291009479_photo_523542929_box1.jpg,obs_291009479_photo_523542929,/gpfs_common/share03/ftrscape/snair3/wew_notebooks/outputs_crop/obs_291009479_photo_523542929_box1.jpg,1,Rhysida longicornis,Macroperipatus torquatus,FALSE,,,0.016208818,5,"[{""species"": ""Macroperipatus torquatus"", ""common_name"": """", ""score"": 0.13658003509044647}, {""species"": ""Ischyropsalis manicata"", ""common_name"": """", ""score"": 0.043727267533540726}, {""species"": ""Mongeperipatus solorzanoi"", ""common_name"": """", ""score"": 0.04350000247359276}, {""species"": ""Mongeperipatus kekoldi"", ""common_name"": """", ""score"": 0.016803018748760223}, {""species"": ""Rhysida longicornis"", ""common_name"": """", ""score"": 0.016208818182349205}]"
obs_291009479_photo_523542929_box2.jpg,obs_291009479_photo_523542929,/gpfs_common/share03/ftrscape/snair3/wew_notebooks/outputs_crop/obs_291009479_photo_523542929_box2.jpg,2,Cola gigantea,Macroperipatus torquatus,FALSE,,Giant cola,0.04933456,1,"[{""species"": ""Cola gigantea"", ""common_name"": ""Giant cola"", ""score"": 0.049334559589624405}, {""species"": ""Celtis mildbraedii"", ""common_name"": ""Red-fruited stinkwood"", ""score"": 0.03181101754307747}, {""species"": ""Celtis gomphophylla"", ""common_name"": """", ""score"": 0.024165857583284378}, {""species"": ""Strombosia scheffleri"", ""common_name"": """", ""score"": 0.023297598585486412}, {""species"": ""Carex hamata"", ""common_name"": """", ""score"": 0.0190806295722723}]"
obs_291009479_photo_523542929_box2.jpg,obs_291009479_photo_523542929,/gpfs_common/share03/ftrscape/snair3/wew_notebooks/outputs_crop/obs_291009479_photo_523542929_box2.jpg,2,Celtis mildbraedii,Macroperipatus torquatus,FALSE,,Red-fruited stinkwood,0.031811018,2,"[{""species"": ""Cola gigantea"", ""common_name"": ""Giant cola"", ""score"": 0.049334559589624405}, {""species"": ""Celtis mildbraedii"", ""common_name"": ""Red-fruited stinkwood"", ""score"": 0.03181101754307747}, {""species"": ""Celtis gomphophylla"", ""common_name"": """", ""score"": 0.024165857583284378}, {""species"": ""Strombosia scheffleri"", ""common_name"": """", ""score"": 0.023297598585486412}, {""species"": ""Carex hamata"", ""common_name"": """", ""score"": 0.0190806295722723}]"
obs_291009479_photo_523542929_box2.jpg,obs_291009479_photo_523542929,/gpfs_common/share03/ftrscape/snair3/wew_notebooks/outputs_crop/obs_291009479_photo_523542929_box2.jpg,2,Celtis gomphophylla,Macroperipatus torquatus,FALSE,,,0.024165858,3,"[{""species"": ""Cola gigantea"", ""common_name"": ""Giant cola"", ""score"": 0.049334559589624405}, {""species"": ""Celtis mildbraedii"", ""common_name"": ""Red-fruited stinkwood"", ""score"": 0.03181101754307747}, {""species"": ""Celtis gomphophylla"", ""common_name"": """", ""score"": 0.024165857583284378}, {""species"": ""Strombosia scheffleri"", ""common_name"": """", ""score"": 0.023297598585486412}, {""species"": ""Carex hamata"", ""common_name"": """", ""score"": 0.0190806295722723}]"
obs_291009479_photo_523542929_box2.jpg,obs_291009479_photo_523542929,/gpfs_common/share03/ftrscape/snair3/wew_notebooks/outputs_crop/obs_291009479_photo_523542929_box2.jpg,2,Strombosia scheffleri,Macroperipatus torquatus,FALSE,,,0.023297599,4,"[{""species"": ""Cola gigantea"", ""common_name"": ""Giant cola"", ""score"": 0.049334559589624405}, {""species"": ""Celtis mildbraedii"", ""common_name"": ""Red-fruited stinkwood"", ""score"": 0.03181101754307747}, {""species"": ""Celtis gomphophylla"", ""common_name"": """", ""score"": 0.024165857583284378}, {""species"": ""Strombosia scheffleri"", ""common_name"": """", ""score"": 0.023297598585486412}, {""species"": ""Carex hamata"", ""common_name"": """", ""score"": 0.0190806295722723}]"
obs_291009479_photo_523542929_box2.jpg,obs_291009479_photo_523542929,/gpfs_common/share03/ftrscape/snair3/wew_notebooks/outputs_crop/obs_291009479_photo_523542929_box2.jpg,2,Carex hamata,Macroperipatus torquatus,FALSE,,,0.01908063,5,"[{""species"": ""Cola gigantea"", ""common_name"": ""Giant cola"", ""score"": 0.049334559589624405}, {""species"": ""Celtis mildbraedii"", ""common_name"": ""Red-fruited stinkwood"", ""score"": 0.03181101754307747}, {""species"": ""Celtis gomphophylla"", ""common_name"": """", ""score"": 0.024165857583284378}, {""species"": ""Strombosia scheffleri"", ""common_name"": """", ""score"": 0.023297598585486412}, {""species"": ""Carex hamata"", ""common_name"": """", ""score"": 0.0190806295722723}]"
obs_291009479_photo_523542929_box3.jpg,obs_291009479_photo_523542929,/gpfs_common/share03/ftrscape/snair3/wew_notebooks/outputs_crop/obs_291009479_photo_523542929_box3.jpg,3,Macroperipatus torquatus,Macroperipatus torquatus,TRUE,,,0.074445695,1,"[{""species"": ""Macroperipatus torquatus"", ""common_name"": """", ""score"": 0.0744456946849823}, {""species"": ""Mongeperipatus solorzanoi"", ""common_name"": """", ""score"": 0.0594126358628273}, {""species"": ""Mongeperipatus kekoldi"", ""common_name"": """", ""score"": 0.038943253457546234}, {""species"": ""Ptilomera hylactor"", ""common_name"": """", ""score"": 0.01836421899497509}, {""species"": ""Ischyropsalis manicata"", ""common_name"": """", ""score"": 0.018038587644696236}]"
obs_291009479_photo_523542929_box3.jpg,obs_291009479_photo_523542929,/gpfs_common/share03/ftrscape/snair3/wew_notebooks/outputs_crop/obs_291009479_photo_523542929_box3.jpg,3,Mongeperipatus solorzanoi,Macroperipatus torquatus,FALSE,,,0.059412636,2,"[{""species"": ""Macroperipatus torquatus"", ""common_name"": """", ""score"": 0.0744456946849823}, {""species"": ""Mongeperipatus solorzanoi"", ""common_name"": """", ""score"": 0.0594126358628273}, {""species"": ""Mongeperipatus kekoldi"", ""common_name"": """", ""score"": 0.038943253457546234}, {""species"": ""Ptilomera hylactor"", ""common_name"": """", ""score"": 0.01836421899497509}, {""species"": ""Ischyropsalis manicata"", ""common_name"": """", ""score"": 0.018038587644696236}]"
obs_291009479_photo_523542929_box3.jpg,obs_291009479_photo_523542929,/gpfs_common/share03/ftrscape/snair3/wew_notebooks/outputs_crop/obs_291009479_photo_523542929_box3.jpg,3,Mongeperipatus kekoldi,Macroperipatus torquatus,FALSE,,,0.038943253,3,"[{""species"": ""Macroperipatus torquatus"", ""common_name"": """", ""score"": 0.0744456946849823}, {""species"": ""Mongeperipatus solorzanoi"", ""common_name"": """", ""score"": 0.0594126358628273}, {""species"": ""Mongeperipatus kekoldi"", ""common_name"": """", ""score"": 0.038943253457546234}, {""species"": ""Ptilomera hylactor"", ""common_name"": """", ""score"": 0.01836421899497509}, {""species"": ""Ischyropsalis manicata"", ""common_name"": """", ""score"": 0.018038587644696236}]"
obs_291009479_photo_523542929_box3.jpg,obs_291009479_photo_523542929,/gpfs_common/share03/ftrscape/snair3/wew_notebooks/outputs_crop/obs_291009479_photo_523542929_box3.jpg,3,Ptilomera hylactor,Macroperipatus torquatus,FALSE,,,0.018364219,4,"[{""species"": ""Macroperipatus torquatus"", ""common_name"": """", ""score"": 0.0744456946849823}, {""species"": ""Mongeperipatus solorzanoi"", ""common_name"": """", ""score"": 0.0594126358628273}, {""species"": ""Mongeperipatus kekoldi"", ""common_name"": """", ""score"": 0.038943253457546234}, {""species"": ""Ptilomera hylactor"", ""common_name"": """", ""score"": 0.01836421899497509}, {""species"": ""Ischyropsalis manicata"", ""common_name"": """", ""score"": 0.018038587644696236}]"
obs_291009479_photo_523542929_box3.jpg,obs_291009479_photo_523542929,/gpfs_common/share03/ftrscape/snair3/wew_notebooks/outputs_crop/obs_291009479_photo_523542929_box3.jpg,3,Ischyropsalis manicata,Macroperipatus torquatus,FALSE,,,0.018038588,5,"[{""species"": ""Macroperipatus torquatus"", ""common_name"": """", ""score"": 0.0744456946849823}, {""species"": ""Mongeperipatus solorzanoi"", ""common_name"": """", ""score"": 0.0594126358628273}, {""species"": ""Mongeperipatus kekoldi"", ""common_name"": """", ""score"": 0.038943253457546234}, {""species"": ""Ptilomera hylactor"", ""common_name"": """", ""score"": 0.01836421899497509}, {""species"": ""Ischyropsalis manicata"", ""common_name"": """", ""score"": 0.018038587644696236}]"
obs_291009479_photo_523542929_box4.jpg,obs_291009479_photo_523542929,/gpfs_common/share03/ftrscape/snair3/wew_notebooks/outputs_crop/obs_291009479_photo_523542929_box4.jpg,4,Arcovomer passarellii,Macroperipatus torquatus,FALSE,,,0.045765132,1,"[{""species"": ""Arcovomer passarellii"", ""common_name"": """", ""score"": 0.04576513171195984}, {""species"": ""Bolitoglossa zapoteca"", ""common_name"": ""Zapotec salamander"", ""score"": 0.017220979556441307}, {""species"": ""Mannophryne olmonae"", ""common_name"": ""Bloody bay poison frog"", ""score"": 0.01062760315835476}, {""species"": ""Aquiloeurycea cafetalera"", ""common_name"": ""Coffee grove salamander"", ""score"": 0.008706750348210335}, {""species"": ""Bolitoglossa rostrata"", ""common_name"": ""Long-nosed salamander"", ""score"": 0.008598094806075096}]"
obs_291009479_photo_523542929_box4.jpg,obs_291009479_photo_523542929,/gpfs_common/share03/ftrscape/snair3/wew_notebooks/outputs_crop/obs_291009479_photo_523542929_box4.jpg,4,Bolitoglossa zapoteca,Macroperipatus torquatus,FALSE,,Zapotec salamander,0.01722098,2,"[{""species"": ""Arcovomer passarellii"", ""common_name"": """", ""score"": 0.04576513171195984}, {""species"": ""Bolitoglossa zapoteca"", ""common_name"": ""Zapotec salamander"", ""score"": 0.017220979556441307}, {""species"": ""Mannophryne olmonae"", ""common_name"": ""Bloody bay poison frog"", ""score"": 0.01062760315835476}, {""species"": ""Aquiloeurycea cafetalera"", ""common_name"": ""Coffee grove salamander"", ""score"": 0.008706750348210335}, {""species"": ""Bolitoglossa rostrata"", ""common_name"": ""Long-nosed salamander"", ""score"": 0.008598094806075096}]"
obs_291009479_photo_523542929_box4.jpg,obs_291009479_photo_523542929,/gpfs_common/share03/ftrscape/snair3/wew_notebooks/outputs_crop/obs_291009479_photo_523542929_box4.jpg,4,Mannophryne olmonae,Macroperipatus torquatus,FALSE,,Bloody bay poison frog,0.010627603,3,"[{""species"": ""Arcovomer passarellii"", ""common_name"": """", ""score"": 0.04576513171195984}, {""species"": ""Bolitoglossa zapoteca"", ""common_name"": ""Zapotec salamander"", ""score"": 0.017220979556441307}, {""species"": ""Mannophryne olmonae"", ""common_name"": ""Bloody bay poison frog"", ""score"": 0.01062760315835476}, {""species"": ""Aquiloeurycea cafetalera"", ""common_name"": ""Coffee grove salamander"", ""score"": 0.008706750348210335}, {""species"": ""Bolitoglossa rostrata"", ""common_name"": ""Long-nosed salamander"", ""score"": 0.008598094806075096}]"
obs_291009479_photo_523542929_box4.jpg,obs_291009479_photo_523542929,/gpfs_common/share03/ftrscape/snair3/wew_notebooks/outputs_crop/obs_291009479_photo_523542929_box4.jpg,4,Aquiloeurycea cafetalera,Macroperipatus torquatus,FALSE,,Coffee grove salamander,0.00870675,4,"[{""species"": ""Arcovomer passarellii"", ""common_name"": """", ""score"": 0.04576513171195984}, {""species"": ""Bolitoglossa zapoteca"", ""common_name"": ""Zapotec salamander"", ""score"": 0.017220979556441307}, {""species"": ""Mannophryne olmonae"", ""common_name"": ""Bloody bay poison frog"", ""score"": 0.01062760315835476}, {""species"": ""Aquiloeurycea cafetalera"", ""common_name"": ""Coffee grove salamander"", ""score"": 0.008706750348210335}, {""species"": ""Bolitoglossa rostrata"", ""common_name"": ""Long-nosed salamander"", ""score"": 0.008598094806075096}]"
obs_291009479_photo_523542929_box4.jpg,obs_291009479_photo_523542929,/gpfs_common/share03/ftrscape/snair3/wew_notebooks/outputs_crop/obs_291009479_photo_523542929_box4.jpg,4,Bolitoglossa rostrata,Macroperipatus torquatus,FALSE,,Long-nosed salamander,0.008598095,5,"[{""species"": ""Arcovomer passarellii"", ""common_name"": """", ""score"": 0.04576513171195984}, {""species"": ""Bolitoglossa zapoteca"", ""common_name"": ""Zapotec salamander"", ""score"": 0.017220979556441307}, {""species"": ""Mannophryne olmonae"", ""common_name"": ""Bloody bay poison frog"", ""score"": 0.01062760315835476}, {""species"": ""Aquiloeurycea cafetalera"", ""common_name"": ""Coffee grove salamander"", ""score"": 0.008706750348210335}, {""species"": ""Bolitoglossa rostrata"", ""common_name"": ""Long-nosed salamander"", ""score"": 0.008598094806075096}]"
obs_291009479_photo_523542929_box5.jpg,obs_291009479_photo_523542929,/gpfs_common/share03/ftrscape/snair3/wew_notebooks/outputs_crop/obs_291009479_photo_523542929_box5.jpg,5,Edentistoma octosulcatum,Macroperipatus torquatus,FALSE,,,0.106575586,1,"[{""species"": ""Edentistoma octosulcatum"", ""common_name"": """", ""score"": 0.10657558590173721}, {""species"": ""Cormocephalus coynei"", ""common_name"": """", ""score"": 0.0710141509771347}, {""species"": ""Scolopendra hermosa"", ""common_name"": """", ""score"": 0.06867506355047226}, {""species"": ""Rhysida longicornis"", ""common_name"": """", ""score"": 0.05443473160266876}, {""species"": ""Cormocephalus strigosus"", ""common_name"": """", ""score"": 0.03835342079401016}]"
obs_291009479_photo_523542929_box5.jpg,obs_291009479_photo_523542929,/gpfs_common/share03/ftrscape/snair3/wew_notebooks/outputs_crop/obs_291009479_photo_523542929_box5.jpg,5,Cormocephalus coynei,Macroperipatus torquatus,FALSE,,,0.071014151,2,"[{""species"": ""Edentistoma octosulcatum"", ""common_name"": """", ""score"": 0.10657558590173721}, {""species"": ""Cormocephalus coynei"", ""common_name"": """", ""score"": 0.0710141509771347}, {""species"": ""Scolopendra hermosa"", ""common_name"": """", ""score"": 0.06867506355047226}, {""species"": ""Rhysida longicornis"", ""common_name"": """", ""score"": 0.05443473160266876}, {""species"": ""Cormocephalus strigosus"", ""common_name"": """", ""score"": 0.03835342079401016}]"
obs_291009479_photo_523542929_box5.jpg,obs_291009479_photo_523542929,/gpfs_common/share03/ftrscape/snair3/wew_notebooks/outputs_crop/obs_291009479_photo_523542929_box5.jpg,5,Scolopendra hermosa,Macroperipatus torquatus,FALSE,,,0.068675064,3,"[{""species"": ""Edentistoma octosulcatum"", ""common_name"": """", ""score"": 0.10657558590173721}, {""species"": ""Cormocephalus coynei"", ""common_name"": """", ""score"": 0.0710141509771347}, {""species"": ""Scolopendra hermosa"", ""common_name"": """", ""score"": 0.06867506355047226}, {""species"": ""Rhysida longicornis"", ""common_name"": """", ""score"": 0.05443473160266876}, {""species"": ""Cormocephalus strigosus"", ""common_name"": """", ""score"": 0.03835342079401016}]"
obs_291009479_photo_523542929_box5.jpg,obs_291009479_photo_523542929,/gpfs_common/share03/ftrscape/snair3/wew_notebooks/outputs_crop/obs_291009479_photo_523542929_box5.jpg,5,Rhysida longicornis,Macroperipatus torquatus,FALSE,,,0.054434732,4,"[{""species"": ""Edentistoma octosulcatum"", ""common_name"": """", ""score"": 0.10657558590173721}, {""species"": ""Cormocephalus coynei"", ""common_name"": """", ""score"": 0.0710141509771347}, {""species"": ""Scolopendra hermosa"", ""common_name"": """", ""score"": 0.06867506355047226}, {""species"": ""Rhysida longicornis"", ""common_name"": """", ""score"": 0.05443473160266876}, {""species"": ""Cormocephalus strigosus"", ""common_name"": """", ""score"": 0.03835342079401016}]"
obs_291009479_photo_523542929_box5.jpg,obs_291009479_photo_523542929,/gpfs_common/share03/ftrscape/snair3/wew_notebooks/outputs_crop/obs_291009479_photo_523542929_box5.jpg,5,Cormocephalus strigosus,Macroperipatus torquatus,FALSE,,,0.038353421,5,"[{""species"": ""Edentistoma octosulcatum"", ""common_name"": """", ""score"": 0.10657558590173721}, {""species"": ""Cormocephalus coynei"", ""common_name"": """", ""score"": 0.0710141509771347}, {""species"": ""Scolopendra hermosa"", ""common_name"": """", ""score"": 0.06867506355047226}, {""species"": ""Rhysida longicornis"", ""common_name"": """", ""score"": 0.05443473160266876}, {""species"": ""Cormocephalus strigosus"", ""common_name"": """", ""score"": 0.03835342079401016}]"
obs_302755190_photo_545634287_box1.jpg,obs_302755190_photo_545634287,/gpfs_common/share03/ftrscape/snair3/wew_notebooks/outputs_crop/obs_302755190_photo_545634287_box1.jpg,1,Wilsoniana achyranthis,Wilsoniana amaranthi,FALSE,Same taxon genus but wrong species level,,0.624706388,1,"[{""species"": ""Wilsoniana achyranthis"", ""common_name"": """", ""score"": 0.6247063875198364}, {""species"": ""Wilsoniana occidentalis"", ""common_name"": """", ""score"": 0.05987902730703354}, {""species"": ""Wilsoniana platensis"", ""common_name"": """", ""score"": 0.05715746060013771}, {""species"": ""Wilsoniana bliti"", ""common_name"": ""White blister rust disease"", ""score"": 0.019937502220273018}, {""species"": ""Pustula spinulosa"", ""common_name"": """", ""score"": 0.010722539387643337}]"
obs_302755190_photo_545634287_box1.jpg,obs_302755190_photo_545634287,/gpfs_common/share03/ftrscape/snair3/wew_notebooks/outputs_crop/obs_302755190_photo_545634287_box1.jpg,1,Wilsoniana occidentalis,Wilsoniana amaranthi,FALSE,Same taxon genus but wrong species level,,0.059879027,2,"[{""species"": ""Wilsoniana achyranthis"", ""common_name"": """", ""score"": 0.6247063875198364}, {""species"": ""Wilsoniana occidentalis"", ""common_name"": """", ""score"": 0.05987902730703354}, {""species"": ""Wilsoniana platensis"", ""common_name"": """", ""score"": 0.05715746060013771}, {""species"": ""Wilsoniana bliti"", ""common_name"": ""White blister rust disease"", ""score"": 0.019937502220273018}, {""species"": ""Pustula spinulosa"", ""common_name"": """", ""score"": 0.010722539387643337}]"
obs_302755190_photo_545634287_box1.jpg,obs_302755190_photo_545634287,/gpfs_common/share03/ftrscape/snair3/wew_notebooks/outputs_crop/obs_302755190_photo_545634287_box1.jpg,1,Wilsoniana platensis,Wilsoniana amaranthi,FALSE,Same taxon genus but wrong species level,,0.057157461,3,"[{""species"": ""Wilsoniana achyranthis"", ""common_name"": """", ""score"": 0.6247063875198364}, {""species"": ""Wilsoniana occidentalis"", ""common_name"": """", ""score"": 0.05987902730703354}, {""species"": ""Wilsoniana platensis"", ""common_name"": """", ""score"": 0.05715746060013771}, {""species"": ""Wilsoniana bliti"", ""common_name"": ""White blister rust disease"", ""score"": 0.019937502220273018}, {""species"": ""Pustula spinulosa"", ""common_name"": """", ""score"": 0.010722539387643337}]"
obs_302755190_photo_545634287_box1.jpg,obs_302755190_photo_545634287,/gpfs_common/share03/ftrscape/snair3/wew_notebooks/outputs_crop/obs_302755190_photo_545634287_box1.jpg,1,Wilsoniana bliti,Wilsoniana amaranthi,FALSE,Same taxon genus but wrong species level,White blister rust disease,0.019937502,4,"[{""species"": ""Wilsoniana achyranthis"", ""common_name"": """", ""score"": 0.6247063875198364}, {""species"": ""Wilsoniana occidentalis"", ""common_name"": """", ""score"": 0.05987902730703354}, {""species"": ""Wilsoniana platensis"", ""common_name"": """", ""score"": 0.05715746060013771}, {""species"": ""Wilsoniana bliti"", ""common_name"": ""White blister rust disease"", ""score"": 0.019937502220273018}, {""species"": ""Pustula spinulosa"", ""common_name"": """", ""score"": 0.010722539387643337}]"
obs_302755190_photo_545634287_box1.jpg,obs_302755190_photo_545634287,/gpfs_common/share03/ftrscape/snair3/wew_notebooks/outputs_crop/obs_302755190_photo_545634287_box1.jpg,1,Pustula spinulosa,Wilsoniana amaranthi,FALSE,Misidentified as a different species,,0.010722539,5,"[{""species"": ""Wilsoniana achyranthis"", ""common_name"": """", ""score"": 0.6247063875198364}, {""species"": ""Wilsoniana occidentalis"", ""common_name"": """", ""score"": 0.05987902730703354}, {""species"": ""Wilsoniana platensis"", ""common_name"": """", ""score"": 0.05715746060013771}, {""species"": ""Wilsoniana bliti"", ""common_name"": ""White blister rust disease"", ""score"": 0.019937502220273018}, {""species"": ""Pustula spinulosa"", ""common_name"": """", ""score"": 0.010722539387643337}]"
obs_302755190_photo_545634287_box2.jpg,obs_302755190_photo_545634287,/gpfs_common/share03/ftrscape/snair3/wew_notebooks/outputs_crop/obs_302755190_photo_545634287_box2.jpg,2,Wilsoniana achyranthis,Wilsoniana amaranthi,FALSE,Same taxon genus but wrong species level,,0.064204179,1,"[{""species"": ""Wilsoniana achyranthis"", ""common_name"": """", ""score"": 0.06420417875051498}, {""species"": ""Albugo lepidii"", ""common_name"": """", ""score"": 0.04328920692205429}, {""species"": ""Chionaspis nyssae"", ""common_name"": ""Sour gum chionapsis"", ""score"": 0.037790946662425995}, {""species"": ""Albugo convolvulacearum"", ""common_name"": """", ""score"": 0.019822265952825546}, {""species"": ""Albugo leimonia"", ""common_name"": """", ""score"": 0.01803956925868988}]"
obs_302755190_photo_545634287_box2.jpg,obs_302755190_photo_545634287,/gpfs_common/share03/ftrscape/snair3/wew_notebooks/outputs_crop/obs_302755190_photo_545634287_box2.jpg,2,Albugo lepidii,Wilsoniana amaranthi,FALSE,Misidentified as a different species,,0.043289207,2,"[{""species"": ""Wilsoniana achyranthis"", ""common_name"": """", ""score"": 0.06420417875051498}, {""species"": ""Albugo lepidii"", ""common_name"": """", ""score"": 0.04328920692205429}, {""species"": ""Chionaspis nyssae"", ""common_name"": ""Sour gum chionapsis"", ""score"": 0.037790946662425995}, {""species"": ""Albugo convolvulacearum"", ""common_name"": """", ""score"": 0.019822265952825546}, {""species"": ""Albugo leimonia"", ""common_name"": """", ""score"": 0.01803956925868988}]"
obs_302755190_photo_545634287_box2.jpg,obs_302755190_photo_545634287,/gpfs_common/share03/ftrscape/snair3/wew_notebooks/outputs_crop/obs_302755190_photo_545634287_box2.jpg,2,Chionaspis nyssae,Wilsoniana amaranthi,FALSE,Misidentified as a different species,Sour gum chionapsis,0.037790947,3,"[{""species"": ""Wilsoniana achyranthis"", ""common_name"": """", ""score"": 0.06420417875051498}, {""species"": ""Albugo lepidii"", ""common_name"": """", ""score"": 0.04328920692205429}, {""species"": ""Chionaspis nyssae"", ""common_name"": ""Sour gum chionapsis"", ""score"": 0.037790946662425995}, {""species"": ""Albugo convolvulacearum"", ""common_name"": """", ""score"": 0.019822265952825546}, {""species"": ""Albugo leimonia"", ""common_name"": """", ""score"": 0.01803956925868988}]"
obs_302755190_photo_545634287_box2.jpg,obs_302755190_photo_545634287,/gpfs_common/share03/ftrscape/snair3/wew_notebooks/outputs_crop/obs_302755190_photo_545634287_box2.jpg,2,Albugo convolvulacearum,Wilsoniana amaranthi,FALSE,Misidentified as a different species,,0.019822266,4,"[{""species"": ""Wilsoniana achyranthis"", ""common_name"": """", ""score"": 0.06420417875051498}, {""species"": ""Albugo lepidii"", ""common_name"": """", ""score"": 0.04328920692205429}, {""species"": ""Chionaspis nyssae"", ""common_name"": ""Sour gum chionapsis"", ""score"": 0.037790946662425995}, {""species"": ""Albugo convolvulacearum"", ""common_name"": """", ""score"": 0.019822265952825546}, {""species"": ""Albugo leimonia"", ""common_name"": """", ""score"": 0.01803956925868988}]"
obs_302755190_photo_545634287_box2.jpg,obs_302755190_photo_545634287,/gpfs_common/share03/ftrscape/snair3/wew_notebooks/outputs_crop/obs_302755190_photo_545634287_box2.jpg,2,Albugo leimonia,Wilsoniana amaranthi,FALSE,Misidentified as a different species,,0.018039569,5,"[{""species"": ""Wilsoniana achyranthis"", ""common_name"": """", ""score"": 0.06420417875051498}, {""species"": ""Albugo lepidii"", ""common_name"": """", ""score"": 0.04328920692205429}, {""species"": ""Chionaspis nyssae"", ""common_name"": ""Sour gum chionapsis"", ""score"": 0.037790946662425995}, {""species"": ""Albugo convolvulacearum"", ""common_name"": """", ""score"": 0.019822265952825546}, {""species"": ""Albugo leimonia"", ""common_name"": """", ""score"": 0.01803956925868988}]"
obs_302755190_photo_545634287_box3.jpg,obs_302755190_photo_545634287,/gpfs_common/share03/ftrscape/snair3/wew_notebooks/outputs_crop/obs_302755190_photo_545634287_box3.jpg,3,Diaspidiotus liquidambaris,Wilsoniana amaranthi,FALSE,Image not clear,Sweet gum scale,0.033902697,1,"[{""species"": ""Diaspidiotus liquidambaris"", ""common_name"": ""Sweet gum scale"", ""score"": 0.03390269726514816}, {""species"": ""Chionaspis nyssae"", ""common_name"": ""Sour gum chionapsis"", ""score"": 0.03133215010166168}, {""species"": ""Neuroterus valhalla"", ""common_name"": """", ""score"": 0.026247186586260796}, {""species"": ""Aceria clianthi"", ""common_name"": """", ""score"": 0.01690242812037468}, {""species"": ""Coptodisca diospyriella"", ""common_name"": """", ""score"": 0.014016560278832912}]"
obs_302755190_photo_545634287_box3.jpg,obs_302755190_photo_545634287,/gpfs_common/share03/ftrscape/snair3/wew_notebooks/outputs_crop/obs_302755190_photo_545634287_box3.jpg,3,Chionaspis nyssae,Wilsoniana amaranthi,FALSE,Image not clear,Sour gum chionapsis,0.03133215,2,"[{""species"": ""Diaspidiotus liquidambaris"", ""common_name"": ""Sweet gum scale"", ""score"": 0.03390269726514816}, {""species"": ""Chionaspis nyssae"", ""common_name"": ""Sour gum chionapsis"", ""score"": 0.03133215010166168}, {""species"": ""Neuroterus valhalla"", ""common_name"": """", ""score"": 0.026247186586260796}, {""species"": ""Aceria clianthi"", ""common_name"": """", ""score"": 0.01690242812037468}, {""species"": ""Coptodisca diospyriella"", ""common_name"": """", ""score"": 0.014016560278832912}]"
obs_302755190_photo_545634287_box3.jpg,obs_302755190_photo_545634287,/gpfs_common/share03/ftrscape/snair3/wew_notebooks/outputs_crop/obs_302755190_photo_545634287_box3.jpg,3,Neuroterus valhalla,Wilsoniana amaranthi,FALSE,Image not clear,,0.026247187,3,"[{""species"": ""Diaspidiotus liquidambaris"", ""common_name"": ""Sweet gum scale"", ""score"": 0.03390269726514816}, {""species"": ""Chionaspis nyssae"", ""common_name"": ""Sour gum chionapsis"", ""score"": 0.03133215010166168}, {""species"": ""Neuroterus valhalla"", ""common_name"": """", ""score"": 0.026247186586260796}, {""species"": ""Aceria clianthi"", ""common_name"": """", ""score"": 0.01690242812037468}, {""species"": ""Coptodisca diospyriella"", ""common_name"": """", ""score"": 0.014016560278832912}]"
obs_302755190_photo_545634287_box3.jpg,obs_302755190_photo_545634287,/gpfs_common/share03/ftrscape/snair3/wew_notebooks/outputs_crop/obs_302755190_photo_545634287_box3.jpg,3,Aceria clianthi,Wilsoniana amaranthi,FALSE,Image not clear,,0.016902428,4,"[{""species"": ""Diaspidiotus liquidambaris"", ""common_name"": ""Sweet gum scale"", ""score"": 0.03390269726514816}, {""species"": ""Chionaspis nyssae"", ""common_name"": ""Sour gum chionapsis"", ""score"": 0.03133215010166168}, {""species"": ""Neuroterus valhalla"", ""common_name"": """", ""score"": 0.026247186586260796}, {""species"": ""Aceria clianthi"", ""common_name"": """", ""score"": 0.01690242812037468}, {""species"": ""Coptodisca diospyriella"", ""common_name"": """", ""score"": 0.014016560278832912}]"
obs_302755190_photo_545634287_box3.jpg,obs_302755190_photo_545634287,/gpfs_common/share03/ftrscape/snair3/wew_notebooks/outputs_crop/obs_302755190_photo_545634287_box3.jpg,3,Coptodisca diospyriella,Wilsoniana amaranthi,FALSE,Image not clear,,0.01401656,5,"[{""species"": ""Diaspidiotus liquidambaris"", ""common_name"": ""Sweet gum scale"", ""score"": 0.03390269726514816}, {""species"": ""Chionaspis nyssae"", ""common_name"": ""Sour gum chionapsis"", ""score"": 0.03133215010166168}, {""species"": ""Neuroterus valhalla"", ""common_name"": """", ""score"": 0.026247186586260796}, {""species"": ""Aceria clianthi"", ""common_name"": """", ""score"": 0.01690242812037468}, {""species"": ""Coptodisca diospyriella"", ""common_name"": """", ""score"": 0.014016560278832912}]"
obs_302755190_photo_545634287_box4.jpg,obs_302755190_photo_545634287,/gpfs_common/share03/ftrscape/snair3/wew_notebooks/outputs_crop/obs_302755190_photo_545634287_box4.jpg,4,Hahncappsia neobliteralis,Wilsoniana amaranthi,FALSE,Image not clear,,0.028814968,1,"[{""species"": ""Hahncappsia neobliteralis"", ""common_name"": """", ""score"": 0.02881496772170067}, {""species"": ""Nefusa ambigua"", ""common_name"": ""Violet leafmining sawfly"", ""score"": 0.015848679468035698}, {""species"": ""Hahncappsia pseudobliteralis"", ""common_name"": """", ""score"": 0.011354399845004082}, {""species"": ""Coptodisca diospyriella"", ""common_name"": """", ""score"": 0.00964495912194252}, {""species"": ""Celticecis cupiformis"", ""common_name"": """", ""score"": 0.009600176475942135}]"
obs_302755190_photo_545634287_box4.jpg,obs_302755190_photo_545634287,/gpfs_common/share03/ftrscape/snair3/wew_notebooks/outputs_crop/obs_302755190_photo_545634287_box4.jpg,4,Nefusa ambigua,Wilsoniana amaranthi,FALSE,Image not clear,Violet leafmining sawfly,0.015848679,2,"[{""species"": ""Hahncappsia neobliteralis"", ""common_name"": """", ""score"": 0.02881496772170067}, {""species"": ""Nefusa ambigua"", ""common_name"": ""Violet leafmining sawfly"", ""score"": 0.015848679468035698}, {""species"": ""Hahncappsia pseudobliteralis"", ""common_name"": """", ""score"": 0.011354399845004082}, {""species"": ""Coptodisca diospyriella"", ""common_name"": """", ""score"": 0.00964495912194252}, {""species"": ""Celticecis cupiformis"", ""common_name"": """", ""score"": 0.009600176475942135}]"
obs_302755190_photo_545634287_box4.jpg,obs_302755190_photo_545634287,/gpfs_common/share03/ftrscape/snair3/wew_notebooks/outputs_crop/obs_302755190_photo_545634287_box4.jpg,4,Hahncappsia pseudobliteralis,Wilsoniana amaranthi,FALSE,Image not clear,,0.0113544,3,"[{""species"": ""Hahncappsia neobliteralis"", ""common_name"": """", ""score"": 0.02881496772170067}, {""species"": ""Nefusa ambigua"", ""common_name"": ""Violet leafmining sawfly"", ""score"": 0.015848679468035698}, {""species"": ""Hahncappsia pseudobliteralis"", ""common_name"": """", ""score"": 0.011354399845004082}, {""species"": ""Coptodisca diospyriella"", ""common_name"": """", ""score"": 0.00964495912194252}, {""species"": ""Celticecis cupiformis"", ""common_name"": """", ""score"": 0.009600176475942135}]"
obs_302755190_photo_545634287_box4.jpg,obs_302755190_photo_545634287,/gpfs_common/share03/ftrscape/snair3/wew_notebooks/outputs_crop/obs_302755190_photo_545634287_box4.jpg,4,Coptodisca diospyriella,Wilsoniana amaranthi,FALSE,Image not clear,,0.009644959,4,"[{""species"": ""Hahncappsia neobliteralis"", ""common_name"": """", ""score"": 0.02881496772170067}, {""species"": ""Nefusa ambigua"", ""common_name"": ""Violet leafmining sawfly"", ""score"": 0.015848679468035698}, {""species"": ""Hahncappsia pseudobliteralis"", ""common_name"": """", ""score"": 0.011354399845004082}, {""species"": ""Coptodisca diospyriella"", ""common_name"": """", ""score"": 0.00964495912194252}, {""species"": ""Celticecis cupiformis"", ""common_name"": """", ""score"": 0.009600176475942135}]"
obs_302755190_photo_545634287_box4.jpg,obs_302755190_photo_545634287,/gpfs_common/share03/ftrscape/snair3/wew_notebooks/outputs_crop/obs_302755190_photo_545634287_box4.jpg,4,Celticecis cupiformis,Wilsoniana amaranthi,FALSE,Image not clear,,0.009600176,5,"[{""species"": ""Hahncappsia neobliteralis"", ""common_name"": """", ""score"": 0.02881496772170067}, {""species"": ""Nefusa ambigua"", ""common_name"": ""Violet leafmining sawfly"", ""score"": 0.015848679468035698}, {""species"": ""Hahncappsia pseudobliteralis"", ""common_name"": """", ""score"": 0.011354399845004082}, {""species"": ""Coptodisca diospyriella"", ""common_name"": """", ""score"": 0.00964495912194252}, {""species"": ""Celticecis cupiformis"", ""common_name"": """", ""score"": 0.009600176475942135}]"
obs_302755190_photo_545634287_box5.jpg,obs_302755190_photo_545634287,/gpfs_common/share03/ftrscape/snair3/wew_notebooks/outputs_crop/obs_302755190_photo_545634287_box5.jpg,5,Coptodisca diospyriella,Wilsoniana amaranthi,FALSE,Image not clear,,0.044255059,1,"[{""species"": ""Coptodisca diospyriella"", ""common_name"": """", ""score"": 0.04425505921244621}, {""species"": ""Pseudaulacaspis prunicola"", ""common_name"": ""White prunicola scale"", ""score"": 0.029948584735393524}, {""species"": ""Pseudaulacaspis cockerelli"", ""common_name"": ""False oleander scale"", ""score"": 0.024282725527882576}, {""species"": ""Chionaspis nyssae"", ""common_name"": ""Sour gum chionapsis"", ""score"": 0.023626837879419327}, {""species"": ""Trialeurodes asplenii"", ""common_name"": """", ""score"": 0.020842501893639565}]"
obs_302755190_photo_545634287_box5.jpg,obs_302755190_photo_545634287,/gpfs_common/share03/ftrscape/snair3/wew_notebooks/outputs_crop/obs_302755190_photo_545634287_box5.jpg,5,Pseudaulacaspis prunicola,Wilsoniana amaranthi,FALSE,Image not clear,White prunicola scale,0.029948585,2,"[{""species"": ""Coptodisca diospyriella"", ""common_name"": """", ""score"": 0.04425505921244621}, {""species"": ""Pseudaulacaspis prunicola"", ""common_name"": ""White prunicola scale"", ""score"": 0.029948584735393524}, {""species"": ""Pseudaulacaspis cockerelli"", ""common_name"": ""False oleander scale"", ""score"": 0.024282725527882576}, {""species"": ""Chionaspis nyssae"", ""common_name"": ""Sour gum chionapsis"", ""score"": 0.023626837879419327}, {""species"": ""Trialeurodes asplenii"", ""common_name"": """", ""score"": 0.020842501893639565}]"
obs_302755190_photo_545634287_box5.jpg,obs_302755190_photo_545634287,/gpfs_common/share03/ftrscape/snair3/wew_notebooks/outputs_crop/obs_302755190_photo_545634287_box5.jpg,5,Pseudaulacaspis cockerelli,Wilsoniana amaranthi,FALSE,Image not clear,False oleander scale,0.024282726,3,"[{""species"": ""Coptodisca diospyriella"", ""common_name"": """", ""score"": 0.04425505921244621}, {""species"": ""Pseudaulacaspis prunicola"", ""common_name"": ""White prunicola scale"", ""score"": 0.029948584735393524}, {""species"": ""Pseudaulacaspis cockerelli"", ""common_name"": ""False oleander scale"", ""score"": 0.024282725527882576}, {""species"": ""Chionaspis nyssae"", ""common_name"": ""Sour gum chionapsis"", ""score"": 0.023626837879419327}, {""species"": ""Trialeurodes asplenii"", ""common_name"": """", ""score"": 0.020842501893639565}]"
obs_302755190_photo_545634287_box5.jpg,obs_302755190_photo_545634287,/gpfs_common/share03/ftrscape/snair3/wew_notebooks/outputs_crop/obs_302755190_photo_545634287_box5.jpg,5,Chionaspis nyssae,Wilsoniana amaranthi,FALSE,Image not clear,Sour gum chionapsis,0.023626838,4,"[{""species"": ""Coptodisca diospyriella"", ""common_name"": """", ""score"": 0.04425505921244621}, {""species"": ""Pseudaulacaspis prunicola"", ""common_name"": ""White prunicola scale"", ""score"": 0.029948584735393524}, {""species"": ""Pseudaulacaspis cockerelli"", ""common_name"": ""False oleander scale"", ""score"": 0.024282725527882576}, {""species"": ""Chionaspis nyssae"", ""common_name"": ""Sour gum chionapsis"", ""score"": 0.023626837879419327}, {""species"": ""Trialeurodes asplenii"", ""common_name"": """", ""score"": 0.020842501893639565}]"
obs_302755190_photo_545634287_box5.jpg,obs_302755190_photo_545634287,/gpfs_common/share03/ftrscape/snair3/wew_notebooks/outputs_crop/obs_302755190_photo_545634287_box5.jpg,5,Trialeurodes asplenii,Wilsoniana amaranthi,FALSE,Image not clear,,0.020842502,5,"[{""species"": ""Coptodisca diospyriella"", ""common_name"": """", ""score"": 0.04425505921244621}, {""species"": ""Pseudaulacaspis prunicola"", ""common_name"": ""White prunicola scale"", ""score"": 0.029948584735393524}, {""species"": ""Pseudaulacaspis cockerelli"", ""common_name"": ""False oleander scale"", ""score"": 0.024282725527882576}, {""species"": ""Chionaspis nyssae"", ""common_name"": ""Sour gum chionapsis"", ""score"": 0.023626837879419327}, {""species"": ""Trialeurodes asplenii"", ""common_name"": """", ""score"": 0.020842501893639565}]"
obs_318344322_photo_575337712_box1.jpg,obs_318344322_photo_575337712,/gpfs_common/share03/ftrscape/snair3/wew_notebooks/outputs_crop/obs_318344322_photo_575337712_box1.jpg,1,Perna canaliculus,Mopalia muscosa,FALSE,Misidentified as a different species,Green Mussel,0.039663848,1,"[{""species"": ""Perna canaliculus"", ""common_name"": ""Green Mussel"", ""score"": 0.03966384753584862}, {""species"": ""Pedicularia pacifica"", ""common_name"": """", ""score"": 0.036632999777793884}, {""species"": ""Semimytilus patagonicus"", ""common_name"": """", ""score"": 0.027996784076094627}, {""species"": ""Donax gouldii"", ""common_name"": ""Gould beanclam"", ""score"": 0.01851632446050644}, {""species"": ""Lepas testudinata"", ""common_name"": """", ""score"": 0.017009174451231956}]"
obs_318344322_photo_575337712_box1.jpg,obs_318344322_photo_575337712,/gpfs_common/share03/ftrscape/snair3/wew_notebooks/outputs_crop/obs_318344322_photo_575337712_box1.jpg,1,Pedicularia pacifica,Mopalia muscosa,FALSE,Misidentified as a different species,,0.036633,2,"[{""species"": ""Perna canaliculus"", ""common_name"": ""Green Mussel"", ""score"": 0.03966384753584862}, {""species"": ""Pedicularia pacifica"", ""common_name"": """", ""score"": 0.036632999777793884}, {""species"": ""Semimytilus patagonicus"", ""common_name"": """", ""score"": 0.027996784076094627}, {""species"": ""Donax gouldii"", ""common_name"": ""Gould beanclam"", ""score"": 0.01851632446050644}, {""species"": ""Lepas testudinata"", ""common_name"": """", ""score"": 0.017009174451231956}]"
obs_318344322_photo_575337712_box1.jpg,obs_318344322_photo_575337712,/gpfs_common/share03/ftrscape/snair3/wew_notebooks/outputs_crop/obs_318344322_photo_575337712_box1.jpg,1,Semimytilus patagonicus,Mopalia muscosa,FALSE,Misidentified as a different species,,0.027996784,3,"[{""species"": ""Perna canaliculus"", ""common_name"": ""Green Mussel"", ""score"": 0.03966384753584862}, {""species"": ""Pedicularia pacifica"", ""common_name"": """", ""score"": 0.036632999777793884}, {""species"": ""Semimytilus patagonicus"", ""common_name"": """", ""score"": 0.027996784076094627}, {""species"": ""Donax gouldii"", ""common_name"": ""Gould beanclam"", ""score"": 0.01851632446050644}, {""species"": ""Lepas testudinata"", ""common_name"": """", ""score"": 0.017009174451231956}]"
obs_318344322_photo_575337712_box1.jpg,obs_318344322_photo_575337712,/gpfs_common/share03/ftrscape/snair3/wew_notebooks/outputs_crop/obs_318344322_photo_575337712_box1.jpg,1,Donax gouldii,Mopalia muscosa,FALSE,Misidentified as a different species,Gould beanclam,0.018516324,4,"[{""species"": ""Perna canaliculus"", ""common_name"": ""Green Mussel"", ""score"": 0.03966384753584862}, {""species"": ""Pedicularia pacifica"", ""common_name"": """", ""score"": 0.036632999777793884}, {""species"": ""Semimytilus patagonicus"", ""common_name"": """", ""score"": 0.027996784076094627}, {""species"": ""Donax gouldii"", ""common_name"": ""Gould beanclam"", ""score"": 0.01851632446050644}, {""species"": ""Lepas testudinata"", ""common_name"": """", ""score"": 0.017009174451231956}]"
obs_318344322_photo_575337712_box1.jpg,obs_318344322_photo_575337712,/gpfs_common/share03/ftrscape/snair3/wew_notebooks/outputs_crop/obs_318344322_photo_575337712_box1.jpg,1,Lepas testudinata,Mopalia muscosa,FALSE,Misidentified as a different species,,0.017009174,5,"[{""species"": ""Perna canaliculus"", ""common_name"": ""Green Mussel"", ""score"": 0.03966384753584862}, {""species"": ""Pedicularia pacifica"", ""common_name"": """", ""score"": 0.036632999777793884}, {""species"": ""Semimytilus patagonicus"", ""common_name"": """", ""score"": 0.027996784076094627}, {""species"": ""Donax gouldii"", ""common_name"": ""Gould beanclam"", ""score"": 0.01851632446050644}, {""species"": ""Lepas testudinata"", ""common_name"": """", ""score"": 0.017009174451231956}]"
obs_318344322_photo_575337712_box2.jpg,obs_318344322_photo_575337712,/gpfs_common/share03/ftrscape/snair3/wew_notebooks/outputs_crop/obs_318344322_photo_575337712_box2.jpg,2,Rissoella opalina,Mopalia muscosa,FALSE,Misidentified as a different species,,0.0513881,1,"[{""species"": ""Rissoella opalina"", ""common_name"": """", ""score"": 0.051388099789619446}, {""species"": ""Xylophaga washingtona"", ""common_name"": """", ""score"": 0.028913334012031555}, {""species"": ""Xylophaga alexisi"", ""common_name"": """", ""score"": 0.014952507801353931}, {""species"": ""Philine kinglipini"", ""common_name"": """", ""score"": 0.012925714254379272}, {""species"": ""Ascobulla fragilis"", ""common_name"": """", ""score"": 0.012276909314095974}]"
obs_318344322_photo_575337712_box2.jpg,obs_318344322_photo_575337712,/gpfs_common/share03/ftrscape/snair3/wew_notebooks/outputs_crop/obs_318344322_photo_575337712_box2.jpg,2,Xylophaga washingtona,Mopalia muscosa,FALSE,Misidentified as a different species,,0.028913334,2,"[{""species"": ""Rissoella opalina"", ""common_name"": """", ""score"": 0.051388099789619446}, {""species"": ""Xylophaga washingtona"", ""common_name"": """", ""score"": 0.028913334012031555}, {""species"": ""Xylophaga alexisi"", ""common_name"": """", ""score"": 0.014952507801353931}, {""species"": ""Philine kinglipini"", ""common_name"": """", ""score"": 0.012925714254379272}, {""species"": ""Ascobulla fragilis"", ""common_name"": """", ""score"": 0.012276909314095974}]"
obs_318344322_photo_575337712_box2.jpg,obs_318344322_photo_575337712,/gpfs_common/share03/ftrscape/snair3/wew_notebooks/outputs_crop/obs_318344322_photo_575337712_box2.jpg,2,Xylophaga alexisi,Mopalia muscosa,FALSE,Misidentified as a different species,,0.014952508,3,"[{""species"": ""Rissoella opalina"", ""common_name"": """", ""score"": 0.051388099789619446}, {""species"": ""Xylophaga washingtona"", ""common_name"": """", ""score"": 0.028913334012031555}, {""species"": ""Xylophaga alexisi"", ""common_name"": """", ""score"": 0.014952507801353931}, {""species"": ""Philine kinglipini"", ""common_name"": """", ""score"": 0.012925714254379272}, {""species"": ""Ascobulla fragilis"", ""common_name"": """", ""score"": 0.012276909314095974}]"
obs_318344322_photo_575337712_box2.jpg,obs_318344322_photo_575337712,/gpfs_common/share03/ftrscape/snair3/wew_notebooks/outputs_crop/obs_318344322_photo_575337712_box2.jpg,2,Philine kinglipini,Mopalia muscosa,FALSE,Misidentified as a different species,,0.012925714,4,"[{""species"": ""Rissoella opalina"", ""common_name"": """", ""score"": 0.051388099789619446}, {""species"": ""Xylophaga washingtona"", ""common_name"": """", ""score"": 0.028913334012031555}, {""species"": ""Xylophaga alexisi"", ""common_name"": """", ""score"": 0.014952507801353931}, {""species"": ""Philine kinglipini"", ""common_name"": """", ""score"": 0.012925714254379272}, {""species"": ""Ascobulla fragilis"", ""common_name"": """", ""score"": 0.012276909314095974}]"
obs_318344322_photo_575337712_box2.jpg,obs_318344322_photo_575337712,/gpfs_common/share03/ftrscape/snair3/wew_notebooks/outputs_crop/obs_318344322_photo_575337712_box2.jpg,2,Ascobulla fragilis,Mopalia muscosa,FALSE,Misidentified as a different species,,0.012276909,5,"[{""species"": ""Rissoella opalina"", ""common_name"": """", ""score"": 0.051388099789619446}, {""species"": ""Xylophaga washingtona"", ""common_name"": """", ""score"": 0.028913334012031555}, {""species"": ""Xylophaga alexisi"", ""common_name"": """", ""score"": 0.014952507801353931}, {""species"": ""Philine kinglipini"", ""common_name"": """", ""score"": 0.012925714254379272}, {""species"": ""Ascobulla fragilis"", ""common_name"": """", ""score"": 0.012276909314095974}]"
obs_318344322_photo_575337712_box3.jpg,obs_318344322_photo_575337712,/gpfs_common/share03/ftrscape/snair3/wew_notebooks/outputs_crop/obs_318344322_photo_575337712_box3.jpg,3,Ascobulla fragilis,Mopalia muscosa,FALSE,Misidentified as a different species,,0.025633499,1,"[{""species"": ""Ascobulla fragilis"", ""common_name"": """", ""score"": 0.025633499026298523}, {""species"": ""Rissoella opalina"", ""common_name"": """", ""score"": 0.02474023774266243}, {""species"": ""Divarilima sydneyensis"", ""common_name"": ""File Clam"", ""score"": 0.01349544059485197}, {""species"": ""Heleobia australis"", ""common_name"": """", ""score"": 0.012720616534352303}, {""species"": ""Ervilia valhosierr"", ""common_name"": """", ""score"": 0.007593220099806786}]"
obs_318344322_photo_575337712_box3.jpg,obs_318344322_photo_575337712,/gpfs_common/share03/ftrscape/snair3/wew_notebooks/outputs_crop/obs_318344322_photo_575337712_box3.jpg,3,Rissoella opalina,Mopalia muscosa,FALSE,Misidentified as a different species,,0.024740238,2,"[{""species"": ""Ascobulla fragilis"", ""common_name"": """", ""score"": 0.025633499026298523}, {""species"": ""Rissoella opalina"", ""common_name"": """", ""score"": 0.02474023774266243}, {""species"": ""Divarilima sydneyensis"", ""common_name"": ""File Clam"", ""score"": 0.01349544059485197}, {""species"": ""Heleobia australis"", ""common_name"": """", ""score"": 0.012720616534352303}, {""species"": ""Ervilia valhosierr"", ""common_name"": """", ""score"": 0.007593220099806786}]"
obs_318344322_photo_575337712_box3.jpg,obs_318344322_photo_575337712,/gpfs_common/share03/ftrscape/snair3/wew_notebooks/outputs_crop/obs_318344322_photo_575337712_box3.jpg,3,Divarilima sydneyensis,Mopalia muscosa,FALSE,Misidentified as a different species,File Clam,0.013495441,3,"[{""species"": ""Ascobulla fragilis"", ""common_name"": """", ""score"": 0.025633499026298523}, {""species"": ""Rissoella opalina"", ""common_name"": """", ""score"": 0.02474023774266243}, {""species"": ""Divarilima sydneyensis"", ""common_name"": ""File Clam"", ""score"": 0.01349544059485197}, {""species"": ""Heleobia australis"", ""common_name"": """", ""score"": 0.012720616534352303}, {""species"": ""Ervilia valhosierr"", ""common_name"": """", ""score"": 0.007593220099806786}]"
obs_318344322_photo_575337712_box3.jpg,obs_318344322_photo_575337712,/gpfs_common/share03/ftrscape/snair3/wew_notebooks/outputs_crop/obs_318344322_photo_575337712_box3.jpg,3,Heleobia australis,Mopalia muscosa,FALSE,Misidentified as a different species,,0.012720617,4,"[{""species"": ""Ascobulla fragilis"", ""common_name"": """", ""score"": 0.025633499026298523}, {""species"": ""Rissoella opalina"", ""common_name"": """", ""score"": 0.02474023774266243}, {""species"": ""Divarilima sydneyensis"", ""common_name"": ""File Clam"", ""score"": 0.01349544059485197}, {""species"": ""Heleobia australis"", ""common_name"": """", ""score"": 0.012720616534352303}, {""species"": ""Ervilia valhosierr"", ""common_name"": """", ""score"": 0.007593220099806786}]"
obs_318344322_photo_575337712_box3.jpg,obs_318344322_photo_575337712,/gpfs_common/share03/ftrscape/snair3/wew_notebooks/outputs_crop/obs_318344322_photo_575337712_box3.jpg,3,Ervilia valhosierr,Mopalia muscosa,FALSE,Misidentified as a different species,,0.00759322,5,"[{""species"": ""Ascobulla fragilis"", ""common_name"": """", ""score"": 0.025633499026298523}, {""species"": ""Rissoella opalina"", ""common_name"": """", ""score"": 0.02474023774266243}, {""species"": ""Divarilima sydneyensis"", ""common_name"": ""File Clam"", ""score"": 0.01349544059485197}, {""species"": ""Heleobia australis"", ""common_name"": """", ""score"": 0.012720616534352303}, {""species"": ""Ervilia valhosierr"", ""common_name"": """", ""score"": 0.007593220099806786}]"
obs_318533969_photo_575706140_box1.jpg,obs_318533969_photo_575706140,/gpfs_common/share03/ftrscape/snair3/wew_notebooks/outputs_crop/obs_318533969_photo_575706140_box1.jpg,1,Striatoandricus tenuicornis,Phylloporia amplectens,FALSE,,,0.342549711,1,"[{""species"": ""Striatoandricus tenuicornis"", ""common_name"": """", ""score"": 0.34254971146583557}, {""species"": ""Striatoandricus aciculatus"", ""common_name"": """", ""score"": 0.2211262285709381}, {""species"": ""Striatoandricus furnessulus"", ""common_name"": """", ""score"": 0.1838158518075943}, {""species"": ""Phylloporia amplectens"", ""common_name"": """", ""score"": 0.04993639141321182}, {""species"": ""Andricus conificus"", ""common_name"": """", ""score"": 0.022275928407907486}]"
obs_318533969_photo_575706140_box1.jpg,obs_318533969_photo_575706140,/gpfs_common/share03/ftrscape/snair3/wew_notebooks/outputs_crop/obs_318533969_photo_575706140_box1.jpg,1,Striatoandricus aciculatus,Phylloporia amplectens,FALSE,,,0.221126229,2,"[{""species"": ""Striatoandricus tenuicornis"", ""common_name"": """", ""score"": 0.34254971146583557}, {""species"": ""Striatoandricus aciculatus"", ""common_name"": """", ""score"": 0.2211262285709381}, {""species"": ""Striatoandricus furnessulus"", ""common_name"": """", ""score"": 0.1838158518075943}, {""species"": ""Phylloporia amplectens"", ""common_name"": """", ""score"": 0.04993639141321182}, {""species"": ""Andricus conificus"", ""common_name"": """", ""score"": 0.022275928407907486}]"
obs_318533969_photo_575706140_box1.jpg,obs_318533969_photo_575706140,/gpfs_common/share03/ftrscape/snair3/wew_notebooks/outputs_crop/obs_318533969_photo_575706140_box1.jpg,1,Striatoandricus furnessulus,Phylloporia amplectens,FALSE,,,0.183815852,3,"[{""species"": ""Striatoandricus tenuicornis"", ""common_name"": """", ""score"": 0.34254971146583557}, {""species"": ""Striatoandricus aciculatus"", ""common_name"": """", ""score"": 0.2211262285709381}, {""species"": ""Striatoandricus furnessulus"", ""common_name"": """", ""score"": 0.1838158518075943}, {""species"": ""Phylloporia amplectens"", ""common_name"": """", ""score"": 0.04993639141321182}, {""species"": ""Andricus conificus"", ""common_name"": """", ""score"": 0.022275928407907486}]"
obs_318533969_photo_575706140_box1.jpg,obs_318533969_photo_575706140,/gpfs_common/share03/ftrscape/snair3/wew_notebooks/outputs_crop/obs_318533969_photo_575706140_box1.jpg,1,Phylloporia amplectens,Phylloporia amplectens,TRUE,,,0.049936391,4,"[{""species"": ""Striatoandricus tenuicornis"", ""common_name"": """", ""score"": 0.34254971146583557}, {""species"": ""Striatoandricus aciculatus"", ""common_name"": """", ""score"": 0.2211262285709381}, {""species"": ""Striatoandricus furnessulus"", ""common_name"": """", ""score"": 0.1838158518075943}, {""species"": ""Phylloporia amplectens"", ""common_name"": """", ""score"": 0.04993639141321182}, {""species"": ""Andricus conificus"", ""common_name"": """", ""score"": 0.022275928407907486}]"
obs_318533969_photo_575706140_box1.jpg,obs_318533969_photo_575706140,/gpfs_common/share03/ftrscape/snair3/wew_notebooks/outputs_crop/obs_318533969_photo_575706140_box1.jpg,1,Andricus conificus,Phylloporia amplectens,FALSE,,,0.022275928,5,"[{""species"": ""Striatoandricus tenuicornis"", ""common_name"": """", ""score"": 0.34254971146583557}, {""species"": ""Striatoandricus aciculatus"", ""common_name"": """", ""score"": 0.2211262285709381}, {""species"": ""Striatoandricus furnessulus"", ""common_name"": """", ""score"": 0.1838158518075943}, {""species"": ""Phylloporia amplectens"", ""common_name"": """", ""score"": 0.04993639141321182}, {""species"": ""Andricus conificus"", ""common_name"": """", ""score"": 0.022275928407907486}]"
obs_318533969_photo_575706140_box2.jpg,obs_318533969_photo_575706140,/gpfs_common/share03/ftrscape/snair3/wew_notebooks/outputs_crop/obs_318533969_photo_575706140_box2.jpg,2,Striatoandricus tenuicornis,Phylloporia amplectens,FALSE,,,0.324675947,1,"[{""species"": ""Striatoandricus tenuicornis"", ""common_name"": """", ""score"": 0.32467594742774963}, {""species"": ""Striatoandricus aciculatus"", ""common_name"": """", ""score"": 0.2739725112915039}, {""species"": ""Striatoandricus furnessulus"", ""common_name"": """", ""score"": 0.1919521689414978}, {""species"": ""Andricus conificus"", ""common_name"": """", ""score"": 0.03165515139698982}, {""species"": ""Andricus galeatus"", ""common_name"": """", ""score"": 0.020772946998476982}]"
obs_318533969_photo_575706140_box2.jpg,obs_318533969_photo_575706140,/gpfs_common/share03/ftrscape/snair3/wew_notebooks/outputs_crop/obs_318533969_photo_575706140_box2.jpg,2,Striatoandricus aciculatus,Phylloporia amplectens,FALSE,,,0.273972511,2,"[{""species"": ""Striatoandricus tenuicornis"", ""common_name"": """", ""score"": 0.32467594742774963}, {""species"": ""Striatoandricus aciculatus"", ""common_name"": """", ""score"": 0.2739725112915039}, {""species"": ""Striatoandricus furnessulus"", ""common_name"": """", ""score"": 0.1919521689414978}, {""species"": ""Andricus conificus"", ""common_name"": """", ""score"": 0.03165515139698982}, {""species"": ""Andricus galeatus"", ""common_name"": """", ""score"": 0.020772946998476982}]"
obs_318533969_photo_575706140_box2.jpg,obs_318533969_photo_575706140,/gpfs_common/share03/ftrscape/snair3/wew_notebooks/outputs_crop/obs_318533969_photo_575706140_box2.jpg,2,Striatoandricus furnessulus,Phylloporia amplectens,FALSE,,,0.191952169,3,"[{""species"": ""Striatoandricus tenuicornis"", ""common_name"": """", ""score"": 0.32467594742774963}, {""species"": ""Striatoandricus aciculatus"", ""common_name"": """", ""score"": 0.2739725112915039}, {""species"": ""Striatoandricus furnessulus"", ""common_name"": """", ""score"": 0.1919521689414978}, {""species"": ""Andricus conificus"", ""common_name"": """", ""score"": 0.03165515139698982}, {""species"": ""Andricus galeatus"", ""common_name"": """", ""score"": 0.020772946998476982}]"
obs_318533969_photo_575706140_box2.jpg,obs_318533969_photo_575706140,/gpfs_common/share03/ftrscape/snair3/wew_notebooks/outputs_crop/obs_318533969_photo_575706140_box2.jpg,2,Andricus conificus,Phylloporia amplectens,FALSE,,,0.031655151,4,"[{""species"": ""Striatoandricus tenuicornis"", ""common_name"": """", ""score"": 0.32467594742774963}, {""species"": ""Striatoandricus aciculatus"", ""common_name"": """", ""score"": 0.2739725112915039}, {""species"": ""Striatoandricus furnessulus"", ""common_name"": """", ""score"": 0.1919521689414978}, {""species"": ""Andricus conificus"", ""common_name"": """", ""score"": 0.03165515139698982}, {""species"": ""Andricus galeatus"", ""common_name"": """", ""score"": 0.020772946998476982}]"
obs_318533969_photo_575706140_box2.jpg,obs_318533969_photo_575706140,/gpfs_common/share03/ftrscape/snair3/wew_notebooks/outputs_crop/obs_318533969_photo_575706140_box2.jpg,2,Andricus galeatus,Phylloporia amplectens,FALSE,,,0.020772947,5,"[{""species"": ""Striatoandricus tenuicornis"", ""common_name"": """", ""score"": 0.32467594742774963}, {""species"": ""Striatoandricus aciculatus"", ""common_name"": """", ""score"": 0.2739725112915039}, {""species"": ""Striatoandricus furnessulus"", ""common_name"": """", ""score"": 0.1919521689414978}, {""species"": ""Andricus conificus"", ""common_name"": """", ""score"": 0.03165515139698982}, {""species"": ""Andricus galeatus"", ""common_name"": """", ""score"": 0.020772946998476982}]"
obs_318533969_photo_575706140_box3.jpg,obs_318533969_photo_575706140,/gpfs_common/share03/ftrscape/snair3/wew_notebooks/outputs_crop/obs_318533969_photo_575706140_box3.jpg,3,Erica truncata,Phylloporia amplectens,FALSE,,,0.061542045,1,"[{""species"": ""Erica truncata"", ""common_name"": """", ""score"": 0.06154204532504082}, {""species"": ""Morella kraussiana"", ""common_name"": """", ""score"": 0.032039351761341095}, {""species"": ""Erica copiosa"", ""common_name"": """", ""score"": 0.030360179021954536}, {""species"": ""Erica brachialis"", ""common_name"": """", ""score"": 0.020785033702850342}, {""species"": ""Erica nervata"", ""common_name"": """", ""score"": 0.01715976744890213}]"
obs_318533969_photo_575706140_box3.jpg,obs_318533969_photo_575706140,/gpfs_common/share03/ftrscape/snair3/wew_notebooks/outputs_crop/obs_318533969_photo_575706140_box3.jpg,3,Morella kraussiana,Phylloporia amplectens,FALSE,,,0.032039352,2,"[{""species"": ""Erica truncata"", ""common_name"": """", ""score"": 0.06154204532504082}, {""species"": ""Morella kraussiana"", ""common_name"": """", ""score"": 0.032039351761341095}, {""species"": ""Erica copiosa"", ""common_name"": """", ""score"": 0.030360179021954536}, {""species"": ""Erica brachialis"", ""common_name"": """", ""score"": 0.020785033702850342}, {""species"": ""Erica nervata"", ""common_name"": """", ""score"": 0.01715976744890213}]"
obs_318533969_photo_575706140_box3.jpg,obs_318533969_photo_575706140,/gpfs_common/share03/ftrscape/snair3/wew_notebooks/outputs_crop/obs_318533969_photo_575706140_box3.jpg,3,Erica copiosa,Phylloporia amplectens,FALSE,,,0.030360179,3,"[{""species"": ""Erica truncata"", ""common_name"": """", ""score"": 0.06154204532504082}, {""species"": ""Morella kraussiana"", ""common_name"": """", ""score"": 0.032039351761341095}, {""species"": ""Erica copiosa"", ""common_name"": """", ""score"": 0.030360179021954536}, {""species"": ""Erica brachialis"", ""common_name"": """", ""score"": 0.020785033702850342}, {""species"": ""Erica nervata"", ""common_name"": """", ""score"": 0.01715976744890213}]"
obs_318533969_photo_575706140_box3.jpg,obs_318533969_photo_575706140,/gpfs_common/share03/ftrscape/snair3/wew_notebooks/outputs_crop/obs_318533969_photo_575706140_box3.jpg,3,Erica brachialis,Phylloporia amplectens,FALSE,,,0.020785034,4,"[{""species"": ""Erica truncata"", ""common_name"": """", ""score"": 0.06154204532504082}, {""species"": ""Morella kraussiana"", ""common_name"": """", ""score"": 0.032039351761341095}, {""species"": ""Erica copiosa"", ""common_name"": """", ""score"": 0.030360179021954536}, {""species"": ""Erica brachialis"", ""common_name"": """", ""score"": 0.020785033702850342}, {""species"": ""Erica nervata"", ""common_name"": """", ""score"": 0.01715976744890213}]"
obs_318533969_photo_575706140_box3.jpg,obs_318533969_photo_575706140,/gpfs_common/share03/ftrscape/snair3/wew_notebooks/outputs_crop/obs_318533969_photo_575706140_box3.jpg,3,Erica nervata,Phylloporia amplectens,FALSE,,,0.017159767,5,"[{""species"": ""Erica truncata"", ""common_name"": """", ""score"": 0.06154204532504082}, {""species"": ""Morella kraussiana"", ""common_name"": """", ""score"": 0.032039351761341095}, {""species"": ""Erica copiosa"", ""common_name"": """", ""score"": 0.030360179021954536}, {""species"": ""Erica brachialis"", ""common_name"": """", ""score"": 0.020785033702850342}, {""species"": ""Erica nervata"", ""common_name"": """", ""score"": 0.01715976744890213}]"
obs_319669394_photo_577875426_box1.jpg,obs_319669394_photo_577875426,/gpfs_common/share03/ftrscape/snair3/wew_notebooks/outputs_crop/obs_319669394_photo_577875426_box1.jpg,1,Coleosporium elephantopodis,Coleosporium ipomoeae,FALSE,,,0.414952248,1,"[{""species"": ""Coleosporium elephantopodis"", ""common_name"": """", ""score"": 0.41495224833488464}, {""species"": ""Coleosporium plumeriae"", ""common_name"": """", ""score"": 0.03610629215836525}, {""species"": ""Mikronegeria fuchsiae"", ""common_name"": """", ""score"": 0.03364989161491394}, {""species"": ""Coleosporium asterum"", ""common_name"": """", ""score"": 0.03197742626070976}, {""species"": ""Coleosporium helianthi"", ""common_name"": """", ""score"": 0.02873269096016884}]"
obs_319669394_photo_577875426_box1.jpg,obs_319669394_photo_577875426,/gpfs_common/share03/ftrscape/snair3/wew_notebooks/outputs_crop/obs_319669394_photo_577875426_box1.jpg,1,Coleosporium plumeriae,Coleosporium ipomoeae,FALSE,,,0.036106292,2,"[{""species"": ""Coleosporium elephantopodis"", ""common_name"": """", ""score"": 0.41495224833488464}, {""species"": ""Coleosporium plumeriae"", ""common_name"": """", ""score"": 0.03610629215836525}, {""species"": ""Mikronegeria fuchsiae"", ""common_name"": """", ""score"": 0.03364989161491394}, {""species"": ""Coleosporium asterum"", ""common_name"": """", ""score"": 0.03197742626070976}, {""species"": ""Coleosporium helianthi"", ""common_name"": """", ""score"": 0.02873269096016884}]"
obs_319669394_photo_577875426_box1.jpg,obs_319669394_photo_577875426,/gpfs_common/share03/ftrscape/snair3/wew_notebooks/outputs_crop/obs_319669394_photo_577875426_box1.jpg,1,Mikronegeria fuchsiae,Coleosporium ipomoeae,FALSE,,,0.033649892,3,"[{""species"": ""Coleosporium elephantopodis"", ""common_name"": """", ""score"": 0.41495224833488464}, {""species"": ""Coleosporium plumeriae"", ""common_name"": """", ""score"": 0.03610629215836525}, {""species"": ""Mikronegeria fuchsiae"", ""common_name"": """", ""score"": 0.03364989161491394}, {""species"": ""Coleosporium asterum"", ""common_name"": """", ""score"": 0.03197742626070976}, {""species"": ""Coleosporium helianthi"", ""common_name"": """", ""score"": 0.02873269096016884}]"
obs_319669394_photo_577875426_box1.jpg,obs_319669394_photo_577875426,/gpfs_common/share03/ftrscape/snair3/wew_notebooks/outputs_crop/obs_319669394_photo_577875426_box1.jpg,1,Coleosporium asterum,Coleosporium ipomoeae,FALSE,,,0.031977426,4,"[{""species"": ""Coleosporium elephantopodis"", ""common_name"": """", ""score"": 0.41495224833488464}, {""species"": ""Coleosporium plumeriae"", ""common_name"": """", ""score"": 0.03610629215836525}, {""species"": ""Mikronegeria fuchsiae"", ""common_name"": """", ""score"": 0.03364989161491394}, {""species"": ""Coleosporium asterum"", ""common_name"": """", ""score"": 0.03197742626070976}, {""species"": ""Coleosporium helianthi"", ""common_name"": """", ""score"": 0.02873269096016884}]"
obs_319669394_photo_577875426_box1.jpg,obs_319669394_photo_577875426,/gpfs_common/share03/ftrscape/snair3/wew_notebooks/outputs_crop/obs_319669394_photo_577875426_box1.jpg,1,Coleosporium helianthi,Coleosporium ipomoeae,FALSE,,,0.028732691,5,"[{""species"": ""Coleosporium elephantopodis"", ""common_name"": """", ""score"": 0.41495224833488464}, {""species"": ""Coleosporium plumeriae"", ""common_name"": """", ""score"": 0.03610629215836525}, {""species"": ""Mikronegeria fuchsiae"", ""common_name"": """", ""score"": 0.03364989161491394}, {""species"": ""Coleosporium asterum"", ""common_name"": """", ""score"": 0.03197742626070976}, {""species"": ""Coleosporium helianthi"", ""common_name"": """", ""score"": 0.02873269096016884}]"
obs_319669394_photo_577875426_box2.jpg,obs_319669394_photo_577875426,/gpfs_common/share03/ftrscape/snair3/wew_notebooks/outputs_crop/obs_319669394_photo_577875426_box2.jpg,2,Tethya californiana,Coleosporium ipomoeae,FALSE,,Orange rough ball horny sponge,0.071984895,1,"[{""species"": ""Tethya californiana"", ""common_name"": ""Orange rough ball horny sponge"", ""score"": 0.07198489457368851}, {""species"": ""Phymanthea pluvia"", ""common_name"": """", ""score"": 0.07102638483047485}, {""species"": ""Cinachyrella alloclada"", ""common_name"": ""Orange ball sponge"", ""score"": 0.06607469171285629}, {""species"": ""Tethya bergquistae"", ""common_name"": ""Sponge"", ""score"": 0.06444665044546127}, {""species"": ""Cinachyrella apion"", ""common_name"": ""Orange ball sponge"", ""score"": 0.034628964960575104}]"
obs_319669394_photo_577875426_box2.jpg,obs_319669394_photo_577875426,/gpfs_common/share03/ftrscape/snair3/wew_notebooks/outputs_crop/obs_319669394_photo_577875426_box2.jpg,2,Phymanthea pluvia,Coleosporium ipomoeae,FALSE,,,0.071026385,2,"[{""species"": ""Tethya californiana"", ""common_name"": ""Orange rough ball horny sponge"", ""score"": 0.07198489457368851}, {""species"": ""Phymanthea pluvia"", ""common_name"": """", ""score"": 0.07102638483047485}, {""species"": ""Cinachyrella alloclada"", ""common_name"": ""Orange ball sponge"", ""score"": 0.06607469171285629}, {""species"": ""Tethya bergquistae"", ""common_name"": ""Sponge"", ""score"": 0.06444665044546127}, {""species"": ""Cinachyrella apion"", ""common_name"": ""Orange ball sponge"", ""score"": 0.034628964960575104}]"
obs_319669394_photo_577875426_box2.jpg,obs_319669394_photo_577875426,/gpfs_common/share03/ftrscape/snair3/wew_notebooks/outputs_crop/obs_319669394_photo_577875426_box2.jpg,2,Cinachyrella alloclada,Coleosporium ipomoeae,FALSE,,Orange ball sponge,0.066074692,3,"[{""species"": ""Tethya californiana"", ""common_name"": ""Orange rough ball horny sponge"", ""score"": 0.07198489457368851}, {""species"": ""Phymanthea pluvia"", ""common_name"": """", ""score"": 0.07102638483047485}, {""species"": ""Cinachyrella alloclada"", ""common_name"": ""Orange ball sponge"", ""score"": 0.06607469171285629}, {""species"": ""Tethya bergquistae"", ""common_name"": ""Sponge"", ""score"": 0.06444665044546127}, {""species"": ""Cinachyrella apion"", ""common_name"": ""Orange ball sponge"", ""score"": 0.034628964960575104}]"
obs_319669394_photo_577875426_box2.jpg,obs_319669394_photo_577875426,/gpfs_common/share03/ftrscape/snair3/wew_notebooks/outputs_crop/obs_319669394_photo_577875426_box2.jpg,2,Tethya bergquistae,Coleosporium ipomoeae,FALSE,,Sponge,0.06444665,4,"[{""species"": ""Tethya californiana"", ""common_name"": ""Orange rough ball horny sponge"", ""score"": 0.07198489457368851}, {""species"": ""Phymanthea pluvia"", ""common_name"": """", ""score"": 0.07102638483047485}, {""species"": ""Cinachyrella alloclada"", ""common_name"": ""Orange ball sponge"", ""score"": 0.06607469171285629}, {""species"": ""Tethya bergquistae"", ""common_name"": ""Sponge"", ""score"": 0.06444665044546127}, {""species"": ""Cinachyrella apion"", ""common_name"": ""Orange ball sponge"", ""score"": 0.034628964960575104}]"
obs_319669394_photo_577875426_box2.jpg,obs_319669394_photo_577875426,/gpfs_common/share03/ftrscape/snair3/wew_notebooks/outputs_crop/obs_319669394_photo_577875426_box2.jpg,2,Cinachyrella apion,Coleosporium ipomoeae,FALSE,,Orange ball sponge,0.034628965,5,"[{""species"": ""Tethya californiana"", ""common_name"": ""Orange rough ball horny sponge"", ""score"": 0.07198489457368851}, {""species"": ""Phymanthea pluvia"", ""common_name"": """", ""score"": 0.07102638483047485}, {""species"": ""Cinachyrella alloclada"", ""common_name"": ""Orange ball sponge"", ""score"": 0.06607469171285629}, {""species"": ""Tethya bergquistae"", ""common_name"": ""Sponge"", ""score"": 0.06444665044546127}, {""species"": ""Cinachyrella apion"", ""common_name"": ""Orange ball sponge"", ""score"": 0.034628964960575104}]"
obs_319669394_photo_577875426_box3.jpg,obs_319669394_photo_577875426,/gpfs_common/share03/ftrscape/snair3/wew_notebooks/outputs_crop/obs_319669394_photo_577875426_box3.jpg,3,Hymeniacidon perlevis,Coleosporium ipomoeae,FALSE,,Crumb-of-bread sponge,0.052569117,1,"[{""species"": ""Hymeniacidon perlevis"", ""common_name"": ""Crumb-of-bread sponge"", ""score"": 0.05256911739706993}, {""species"": ""Cnemidocarpa verrucosa"", ""common_name"": """", ""score"": 0.046814121305942535}, {""species"": ""Tethya actinia"", ""common_name"": ""Tangerine sponge"", ""score"": 0.03184904158115387}, {""species"": ""Adreus australiensis"", ""common_name"": ""Sponge"", ""score"": 0.01955467462539673}, {""species"": ""Hymeniacidon heliophila"", ""common_name"": ""Diurnal horny sponge"", ""score"": 0.01811922900378704}]"
obs_319669394_photo_577875426_box3.jpg,obs_319669394_photo_577875426,/gpfs_common/share03/ftrscape/snair3/wew_notebooks/outputs_crop/obs_319669394_photo_577875426_box3.jpg,3,Cnemidocarpa verrucosa,Coleosporium ipomoeae,FALSE,,,0.046814121,2,"[{""species"": ""Hymeniacidon perlevis"", ""common_name"": ""Crumb-of-bread sponge"", ""score"": 0.05256911739706993}, {""species"": ""Cnemidocarpa verrucosa"", ""common_name"": """", ""score"": 0.046814121305942535}, {""species"": ""Tethya actinia"", ""common_name"": ""Tangerine sponge"", ""score"": 0.03184904158115387}, {""species"": ""Adreus australiensis"", ""common_name"": ""Sponge"", ""score"": 0.01955467462539673}, {""species"": ""Hymeniacidon heliophila"", ""common_name"": ""Diurnal horny sponge"", ""score"": 0.01811922900378704}]"
obs_319669394_photo_577875426_box3.jpg,obs_319669394_photo_577875426,/gpfs_common/share03/ftrscape/snair3/wew_notebooks/outputs_crop/obs_319669394_photo_577875426_box3.jpg,3,Tethya actinia,Coleosporium ipomoeae,FALSE,,Tangerine sponge,0.031849042,3,"[{""species"": ""Hymeniacidon perlevis"", ""common_name"": ""Crumb-of-bread sponge"", ""score"": 0.05256911739706993}, {""species"": ""Cnemidocarpa verrucosa"", ""common_name"": """", ""score"": 0.046814121305942535}, {""species"": ""Tethya actinia"", ""common_name"": ""Tangerine sponge"", ""score"": 0.03184904158115387}, {""species"": ""Adreus australiensis"", ""common_name"": ""Sponge"", ""score"": 0.01955467462539673}, {""species"": ""Hymeniacidon heliophila"", ""common_name"": ""Diurnal horny sponge"", ""score"": 0.01811922900378704}]"
obs_319669394_photo_577875426_box3.jpg,obs_319669394_photo_577875426,/gpfs_common/share03/ftrscape/snair3/wew_notebooks/outputs_crop/obs_319669394_photo_577875426_box3.jpg,3,Adreus australiensis,Coleosporium ipomoeae,FALSE,,Sponge,0.019554675,4,"[{""species"": ""Hymeniacidon perlevis"", ""common_name"": ""Crumb-of-bread sponge"", ""score"": 0.05256911739706993}, {""species"": ""Cnemidocarpa verrucosa"", ""common_name"": """", ""score"": 0.046814121305942535}, {""species"": ""Tethya actinia"", ""common_name"": ""Tangerine sponge"", ""score"": 0.03184904158115387}, {""species"": ""Adreus australiensis"", ""common_name"": ""Sponge"", ""score"": 0.01955467462539673}, {""species"": ""Hymeniacidon heliophila"", ""common_name"": ""Diurnal horny sponge"", ""score"": 0.01811922900378704}]"
obs_319669394_photo_577875426_box3.jpg,obs_319669394_photo_577875426,/gpfs_common/share03/ftrscape/snair3/wew_notebooks/outputs_crop/obs_319669394_photo_577875426_box3.jpg,3,Hymeniacidon heliophila,Coleosporium ipomoeae,FALSE,,Diurnal horny sponge,0.018119229,5,"[{""species"": ""Hymeniacidon perlevis"", ""common_name"": ""Crumb-of-bread sponge"", ""score"": 0.05256911739706993}, {""species"": ""Cnemidocarpa verrucosa"", ""common_name"": """", ""score"": 0.046814121305942535}, {""species"": ""Tethya actinia"", ""common_name"": ""Tangerine sponge"", ""score"": 0.03184904158115387}, {""species"": ""Adreus australiensis"", ""common_name"": ""Sponge"", ""score"": 0.01955467462539673}, {""species"": ""Hymeniacidon heliophila"", ""common_name"": ""Diurnal horny sponge"", ""score"": 0.01811922900378704}]"
obs_319669394_photo_577875426_box4.jpg,obs_319669394_photo_577875426,/gpfs_common/share03/ftrscape/snair3/wew_notebooks/outputs_crop/obs_319669394_photo_577875426_box4.jpg,4,Coleosporium ipomoeae,Coleosporium ipomoeae,TRUE,,,0.088337474,1,"[{""species"": ""Coleosporium ipomoeae"", ""common_name"": """", ""score"": 0.0883374735713005}, {""species"": ""Xylella fastidiosa"", ""common_name"": """", ""score"": 0.07666757702827454}, {""species"": ""Coleosporium elephantopodis"", ""common_name"": """", ""score"": 0.030623558908700943}, {""species"": ""Phycopeltis arundinacea"", ""common_name"": """", ""score"": 0.02521948330104351}, {""species"": ""Chrysomyxa rhododendri"", ""common_name"": ""Rhododendron-spruce needle rust"", ""score"": 0.024906273931264877}]"
obs_319669394_photo_577875426_box4.jpg,obs_319669394_photo_577875426,/gpfs_common/share03/ftrscape/snair3/wew_notebooks/outputs_crop/obs_319669394_photo_577875426_box4.jpg,4,Xylella fastidiosa,Coleosporium ipomoeae,FALSE,,,0.076667577,2,"[{""species"": ""Coleosporium ipomoeae"", ""common_name"": """", ""score"": 0.0883374735713005}, {""species"": ""Xylella fastidiosa"", ""common_name"": """", ""score"": 0.07666757702827454}, {""species"": ""Coleosporium elephantopodis"", ""common_name"": """", ""score"": 0.030623558908700943}, {""species"": ""Phycopeltis arundinacea"", ""common_name"": """", ""score"": 0.02521948330104351}, {""species"": ""Chrysomyxa rhododendri"", ""common_name"": ""Rhododendron-spruce needle rust"", ""score"": 0.024906273931264877}]"
obs_319669394_photo_577875426_box4.jpg,obs_319669394_photo_577875426,/gpfs_common/share03/ftrscape/snair3/wew_notebooks/outputs_crop/obs_319669394_photo_577875426_box4.jpg,4,Coleosporium elephantopodis,Coleosporium ipomoeae,FALSE,,,0.030623559,3,"[{""species"": ""Coleosporium ipomoeae"", ""common_name"": """", ""score"": 0.0883374735713005}, {""species"": ""Xylella fastidiosa"", ""common_name"": """", ""score"": 0.07666757702827454}, {""species"": ""Coleosporium elephantopodis"", ""common_name"": """", ""score"": 0.030623558908700943}, {""species"": ""Phycopeltis arundinacea"", ""common_name"": """", ""score"": 0.02521948330104351}, {""species"": ""Chrysomyxa rhododendri"", ""common_name"": ""Rhododendron-spruce needle rust"", ""score"": 0.024906273931264877}]"
obs_319669394_photo_577875426_box4.jpg,obs_319669394_photo_577875426,/gpfs_common/share03/ftrscape/snair3/wew_notebooks/outputs_crop/obs_319669394_photo_577875426_box4.jpg,4,Phycopeltis arundinacea,Coleosporium ipomoeae,FALSE,,,0.025219483,4,"[{""species"": ""Coleosporium ipomoeae"", ""common_name"": """", ""score"": 0.0883374735713005}, {""species"": ""Xylella fastidiosa"", ""common_name"": """", ""score"": 0.07666757702827454}, {""species"": ""Coleosporium elephantopodis"", ""common_name"": """", ""score"": 0.030623558908700943}, {""species"": ""Phycopeltis arundinacea"", ""common_name"": """", ""score"": 0.02521948330104351}, {""species"": ""Chrysomyxa rhododendri"", ""common_name"": ""Rhododendron-spruce needle rust"", ""score"": 0.024906273931264877}]"
obs_319669394_photo_577875426_box4.jpg,obs_319669394_photo_577875426,/gpfs_common/share03/ftrscape/snair3/wew_notebooks/outputs_crop/obs_319669394_photo_577875426_box4.jpg,4,Chrysomyxa rhododendri,Coleosporium ipomoeae,FALSE,,Rhododendron-spruce needle rust,0.024906274,5,"[{""species"": ""Coleosporium ipomoeae"", ""common_name"": """", ""score"": 0.0883374735713005}, {""species"": ""Xylella fastidiosa"", ""common_name"": """", ""score"": 0.07666757702827454}, {""species"": ""Coleosporium elephantopodis"", ""common_name"": """", ""score"": 0.030623558908700943}, {""species"": ""Phycopeltis arundinacea"", ""common_name"": """", ""score"": 0.02521948330104351}, {""species"": ""Chrysomyxa rhododendri"", ""common_name"": ""Rhododendron-spruce needle rust"", ""score"": 0.024906273931264877}]"
obs_319669394_photo_577875426_box5.jpg,obs_319669394_photo_577875426,/gpfs_common/share03/ftrscape/snair3/wew_notebooks/outputs_crop/obs_319669394_photo_577875426_box5.jpg,5,Conus daucus,Coleosporium ipomoeae,FALSE,,Carrot cone,0.045767769,1,"[{""species"": ""Conus daucus"", ""common_name"": ""Carrot cone"", ""score"": 0.04576776921749115}, {""species"": ""Conasprella rutila"", ""common_name"": ""Burnished Cone"", ""score"": 0.02052929252386093}, {""species"": ""Cystiscus aurantius"", ""common_name"": """", ""score"": 0.011249811388552189}, {""species"": ""Conus boui"", ""common_name"": ""Carrot cone"", ""score"": 0.011193733662366867}, {""species"": ""Cystiscus carinifer"", ""common_name"": """", ""score"": 0.011001121252775192}]"
obs_319669394_photo_577875426_box5.jpg,obs_319669394_photo_577875426,/gpfs_common/share03/ftrscape/snair3/wew_notebooks/outputs_crop/obs_319669394_photo_577875426_box5.jpg,5,Conasprella rutila,Coleosporium ipomoeae,FALSE,,Burnished Cone,0.020529293,2,"[{""species"": ""Conus daucus"", ""common_name"": ""Carrot cone"", ""score"": 0.04576776921749115}, {""species"": ""Conasprella rutila"", ""common_name"": ""Burnished Cone"", ""score"": 0.02052929252386093}, {""species"": ""Cystiscus aurantius"", ""common_name"": """", ""score"": 0.011249811388552189}, {""species"": ""Conus boui"", ""common_name"": ""Carrot cone"", ""score"": 0.011193733662366867}, {""species"": ""Cystiscus carinifer"", ""common_name"": """", ""score"": 0.011001121252775192}]"
obs_319669394_photo_577875426_box5.jpg,obs_319669394_photo_577875426,/gpfs_common/share03/ftrscape/snair3/wew_notebooks/outputs_crop/obs_319669394_photo_577875426_box5.jpg,5,Cystiscus aurantius,Coleosporium ipomoeae,FALSE,,,0.011249811,3,"[{""species"": ""Conus daucus"", ""common_name"": ""Carrot cone"", ""score"": 0.04576776921749115}, {""species"": ""Conasprella rutila"", ""common_name"": ""Burnished Cone"", ""score"": 0.02052929252386093}, {""species"": ""Cystiscus aurantius"", ""common_name"": """", ""score"": 0.011249811388552189}, {""species"": ""Conus boui"", ""common_name"": ""Carrot cone"", ""score"": 0.011193733662366867}, {""species"": ""Cystiscus carinifer"", ""common_name"": """", ""score"": 0.011001121252775192}]"
obs_319669394_photo_577875426_box5.jpg,obs_319669394_photo_577875426,/gpfs_common/share03/ftrscape/snair3/wew_notebooks/outputs_crop/obs_319669394_photo_577875426_box5.jpg,5,Conus boui,Coleosporium ipomoeae,FALSE,,Carrot cone,0.011193734,4,"[{""species"": ""Conus daucus"", ""common_name"": ""Carrot cone"", ""score"": 0.04576776921749115}, {""species"": ""Conasprella rutila"", ""common_name"": ""Burnished Cone"", ""score"": 0.02052929252386093}, {""species"": ""Cystiscus aurantius"", ""common_name"": """", ""score"": 0.011249811388552189}, {""species"": ""Conus boui"", ""common_name"": ""Carrot cone"", ""score"": 0.011193733662366867}, {""species"": ""Cystiscus carinifer"", ""common_name"": """", ""score"": 0.011001121252775192}]"
obs_319669394_photo_577875426_box5.jpg,obs_319669394_photo_577875426,/gpfs_common/share03/ftrscape/snair3/wew_notebooks/outputs_crop/obs_319669394_photo_577875426_box5.jpg,5,Cystiscus carinifer,Coleosporium ipomoeae,FALSE,,,0.011001121,5,"[{""species"": ""Conus daucus"", ""common_name"": ""Carrot cone"", ""score"": 0.04576776921749115}, {""species"": ""Conasprella rutila"", ""common_name"": ""Burnished Cone"", ""score"": 0.02052929252386093}, {""species"": ""Cystiscus aurantius"", ""common_name"": """", ""score"": 0.011249811388552189}, {""species"": ""Conus boui"", ""common_name"": ""Carrot cone"", ""score"": 0.011193733662366867}, {""species"": ""Cystiscus carinifer"", ""common_name"": """", ""score"": 0.011001121252775192}]"
obs_321389820_photo_581234419_box1.jpg,obs_321389820_photo_581234419,/gpfs_common/share03/ftrscape/snair3/wew_notebooks/outputs_crop/obs_321389820_photo_581234419_box1.jpg,1,Somateria mollissima,Echinus esculentus,FALSE,Tiny part of the image. ,Common Eider,0.923190057,1,"[{""species"": ""Somateria mollissima"", ""common_name"": ""Common Eider"", ""score"": 0.9231900572776794}, {""species"": ""Somateria spectabilis"", ""common_name"": ""King eider"", ""score"": 0.017979025840759277}, {""species"": ""Polysticta stelleri"", ""common_name"": ""Steller's eider"", ""score"": 0.002797645516693592}, {""species"": ""Pholis gunnellus"", ""common_name"": ""Butterfish"", ""score"": 0.0008673183619976044}, {""species"": ""Asterias rubens"", ""common_name"": ""Common starfish"", ""score"": 0.0007481602369807661}]"
obs_321389820_photo_581234419_box1.jpg,obs_321389820_photo_581234419,/gpfs_common/share03/ftrscape/snair3/wew_notebooks/outputs_crop/obs_321389820_photo_581234419_box1.jpg,1,Somateria spectabilis,Echinus esculentus,FALSE,Tiny part of the image. ,King eider,0.017979026,2,"[{""species"": ""Somateria mollissima"", ""common_name"": ""Common Eider"", ""score"": 0.9231900572776794}, {""species"": ""Somateria spectabilis"", ""common_name"": ""King eider"", ""score"": 0.017979025840759277}, {""species"": ""Polysticta stelleri"", ""common_name"": ""Steller's eider"", ""score"": 0.002797645516693592}, {""species"": ""Pholis gunnellus"", ""common_name"": ""Butterfish"", ""score"": 0.0008673183619976044}, {""species"": ""Asterias rubens"", ""common_name"": ""Common starfish"", ""score"": 0.0007481602369807661}]"
obs_321389820_photo_581234419_box1.jpg,obs_321389820_photo_581234419,/gpfs_common/share03/ftrscape/snair3/wew_notebooks/outputs_crop/obs_321389820_photo_581234419_box1.jpg,1,Polysticta stelleri,Echinus esculentus,FALSE,Tiny part of the image. ,Steller's eider,0.002797646,3,"[{""species"": ""Somateria mollissima"", ""common_name"": ""Common Eider"", ""score"": 0.9231900572776794}, {""species"": ""Somateria spectabilis"", ""common_name"": ""King eider"", ""score"": 0.017979025840759277}, {""species"": ""Polysticta stelleri"", ""common_name"": ""Steller's eider"", ""score"": 0.002797645516693592}, {""species"": ""Pholis gunnellus"", ""common_name"": ""Butterfish"", ""score"": 0.0008673183619976044}, {""species"": ""Asterias rubens"", ""common_name"": ""Common starfish"", ""score"": 0.0007481602369807661}]"
obs_321389820_photo_581234419_box1.jpg,obs_321389820_photo_581234419,/gpfs_common/share03/ftrscape/snair3/wew_notebooks/outputs_crop/obs_321389820_photo_581234419_box1.jpg,1,Pholis gunnellus,Echinus esculentus,FALSE,Tiny part of the image. ,Butterfish,0.000867318,4,"[{""species"": ""Somateria mollissima"", ""common_name"": ""Common Eider"", ""score"": 0.9231900572776794}, {""species"": ""Somateria spectabilis"", ""common_name"": ""King eider"", ""score"": 0.017979025840759277}, {""species"": ""Polysticta stelleri"", ""common_name"": ""Steller's eider"", ""score"": 0.002797645516693592}, {""species"": ""Pholis gunnellus"", ""common_name"": ""Butterfish"", ""score"": 0.0008673183619976044}, {""species"": ""Asterias rubens"", ""common_name"": ""Common starfish"", ""score"": 0.0007481602369807661}]"
obs_321389820_photo_581234419_box1.jpg,obs_321389820_photo_581234419,/gpfs_common/share03/ftrscape/snair3/wew_notebooks/outputs_crop/obs_321389820_photo_581234419_box1.jpg,1,Asterias rubens,Echinus esculentus,FALSE,Tiny part of the image. ,Common starfish,0.00074816,5,"[{""species"": ""Somateria mollissima"", ""common_name"": ""Common Eider"", ""score"": 0.9231900572776794}, {""species"": ""Somateria spectabilis"", ""common_name"": ""King eider"", ""score"": 0.017979025840759277}, {""species"": ""Polysticta stelleri"", ""common_name"": ""Steller's eider"", ""score"": 0.002797645516693592}, {""species"": ""Pholis gunnellus"", ""common_name"": ""Butterfish"", ""score"": 0.0008673183619976044}, {""species"": ""Asterias rubens"", ""common_name"": ""Common starfish"", ""score"": 0.0007481602369807661}]"
obs_321389820_photo_581234419_box2.jpg,obs_321389820_photo_581234419,/gpfs_common/share03/ftrscape/snair3/wew_notebooks/outputs_crop/obs_321389820_photo_581234419_box2.jpg,2,Somateria mollissima,Echinus esculentus,FALSE,Tiny part of the image. ,Common Eider,0.972106695,1,"[{""species"": ""Somateria mollissima"", ""common_name"": ""Common Eider"", ""score"": 0.9721066951751709}, {""species"": ""Somateria spectabilis"", ""common_name"": ""King eider"", ""score"": 0.016451261937618256}, {""species"": ""Polysticta stelleri"", ""common_name"": ""Steller's eider"", ""score"": 0.002014550380408764}, {""species"": ""Pholis gunnellus"", ""common_name"": ""Butterfish"", ""score"": 0.00018894571985583752}, {""species"": ""Somateria fischeri"", ""common_name"": ""Spectacled eider"", ""score"": 0.00016246065206360072}]"
obs_321389820_photo_581234419_box2.jpg,obs_321389820_photo_581234419,/gpfs_common/share03/ftrscape/snair3/wew_notebooks/outputs_crop/obs_321389820_photo_581234419_box2.jpg,2,Somateria spectabilis,Echinus esculentus,FALSE,Tiny part of the image. ,King eider,0.016451262,2,"[{""species"": ""Somateria mollissima"", ""common_name"": ""Common Eider"", ""score"": 0.9721066951751709}, {""species"": ""Somateria spectabilis"", ""common_name"": ""King eider"", ""score"": 0.016451261937618256}, {""species"": ""Polysticta stelleri"", ""common_name"": ""Steller's eider"", ""score"": 0.002014550380408764}, {""species"": ""Pholis gunnellus"", ""common_name"": ""Butterfish"", ""score"": 0.00018894571985583752}, {""species"": ""Somateria fischeri"", ""common_name"": ""Spectacled eider"", ""score"": 0.00016246065206360072}]"
obs_321389820_photo_581234419_box2.jpg,obs_321389820_photo_581234419,/gpfs_common/share03/ftrscape/snair3/wew_notebooks/outputs_crop/obs_321389820_photo_581234419_box2.jpg,2,Polysticta stelleri,Echinus esculentus,FALSE,Tiny part of the image. ,Steller's eider,0.00201455,3,"[{""species"": ""Somateria mollissima"", ""common_name"": ""Common Eider"", ""score"": 0.9721066951751709}, {""species"": ""Somateria spectabilis"", ""common_name"": ""King eider"", ""score"": 0.016451261937618256}, {""species"": ""Polysticta stelleri"", ""common_name"": ""Steller's eider"", ""score"": 0.002014550380408764}, {""species"": ""Pholis gunnellus"", ""common_name"": ""Butterfish"", ""score"": 0.00018894571985583752}, {""species"": ""Somateria fischeri"", ""common_name"": ""Spectacled eider"", ""score"": 0.00016246065206360072}]"
obs_321389820_photo_581234419_box2.jpg,obs_321389820_photo_581234419,/gpfs_common/share03/ftrscape/snair3/wew_notebooks/outputs_crop/obs_321389820_photo_581234419_box2.jpg,2,Pholis gunnellus,Echinus esculentus,FALSE,Tiny part of the image. ,Butterfish,0.000188946,4,"[{""species"": ""Somateria mollissima"", ""common_name"": ""Common Eider"", ""score"": 0.9721066951751709}, {""species"": ""Somateria spectabilis"", ""common_name"": ""King eider"", ""score"": 0.016451261937618256}, {""species"": ""Polysticta stelleri"", ""common_name"": ""Steller's eider"", ""score"": 0.002014550380408764}, {""species"": ""Pholis gunnellus"", ""common_name"": ""Butterfish"", ""score"": 0.00018894571985583752}, {""species"": ""Somateria fischeri"", ""common_name"": ""Spectacled eider"", ""score"": 0.00016246065206360072}]"
obs_321389820_photo_581234419_box2.jpg,obs_321389820_photo_581234419,/gpfs_common/share03/ftrscape/snair3/wew_notebooks/outputs_crop/obs_321389820_photo_581234419_box2.jpg,2,Somateria fischeri,Echinus esculentus,FALSE,Tiny part of the image. ,Spectacled eider,0.000162461,5,"[{""species"": ""Somateria mollissima"", ""common_name"": ""Common Eider"", ""score"": 0.9721066951751709}, {""species"": ""Somateria spectabilis"", ""common_name"": ""King eider"", ""score"": 0.016451261937618256}, {""species"": ""Polysticta stelleri"", ""common_name"": ""Steller's eider"", ""score"": 0.002014550380408764}, {""species"": ""Pholis gunnellus"", ""common_name"": ""Butterfish"", ""score"": 0.00018894571985583752}, {""species"": ""Somateria fischeri"", ""common_name"": ""Spectacled eider"", ""score"": 0.00016246065206360072}]"
obs_321389820_photo_581234419_box3.jpg,obs_321389820_photo_581234419,/gpfs_common/share03/ftrscape/snair3/wew_notebooks/outputs_crop/obs_321389820_photo_581234419_box3.jpg,3,Somateria mollissima,Echinus esculentus,FALSE,Tiny part of the image. ,Common Eider,0.975135148,1,"[{""species"": ""Somateria mollissima"", ""common_name"": ""Common Eider"", ""score"": 0.9751351475715637}, {""species"": ""Somateria spectabilis"", ""common_name"": ""King eider"", ""score"": 0.009740782901644707}, {""species"": ""Polysticta stelleri"", ""common_name"": ""Steller's eider"", ""score"": 0.0024341254029423}, {""species"": ""Asterias rubens"", ""common_name"": ""Common starfish"", ""score"": 0.00014983909204602242}, {""species"": ""Somateria fischeri"", ""common_name"": ""Spectacled eider"", ""score"": 0.0001471147988922894}]"
obs_321389820_photo_581234419_box3.jpg,obs_321389820_photo_581234419,/gpfs_common/share03/ftrscape/snair3/wew_notebooks/outputs_crop/obs_321389820_photo_581234419_box3.jpg,3,Somateria spectabilis,Echinus esculentus,FALSE,Tiny part of the image. ,King eider,0.009740783,2,"[{""species"": ""Somateria mollissima"", ""common_name"": ""Common Eider"", ""score"": 0.9751351475715637}, {""species"": ""Somateria spectabilis"", ""common_name"": ""King eider"", ""score"": 0.009740782901644707}, {""species"": ""Polysticta stelleri"", ""common_name"": ""Steller's eider"", ""score"": 0.0024341254029423}, {""species"": ""Asterias rubens"", ""common_name"": ""Common starfish"", ""score"": 0.00014983909204602242}, {""species"": ""Somateria fischeri"", ""common_name"": ""Spectacled eider"", ""score"": 0.0001471147988922894}]"
obs_321389820_photo_581234419_box3.jpg,obs_321389820_photo_581234419,/gpfs_common/share03/ftrscape/snair3/wew_notebooks/outputs_crop/obs_321389820_photo_581234419_box3.jpg,3,Polysticta stelleri,Echinus esculentus,FALSE,Tiny part of the image. ,Steller's eider,0.002434125,3,"[{""species"": ""Somateria mollissima"", ""common_name"": ""Common Eider"", ""score"": 0.9751351475715637}, {""species"": ""Somateria spectabilis"", ""common_name"": ""King eider"", ""score"": 0.009740782901644707}, {""species"": ""Polysticta stelleri"", ""common_name"": ""Steller's eider"", ""score"": 0.0024341254029423}, {""species"": ""Asterias rubens"", ""common_name"": ""Common starfish"", ""score"": 0.00014983909204602242}, {""species"": ""Somateria fischeri"", ""common_name"": ""Spectacled eider"", ""score"": 0.0001471147988922894}]"
obs_321389820_photo_581234419_box3.jpg,obs_321389820_photo_581234419,/gpfs_common/share03/ftrscape/snair3/wew_notebooks/outputs_crop/obs_321389820_photo_581234419_box3.jpg,3,Asterias rubens,Echinus esculentus,FALSE,Tiny part of the image. ,Common starfish,0.000149839,4,"[{""species"": ""Somateria mollissima"", ""common_name"": ""Common Eider"", ""score"": 0.9751351475715637}, {""species"": ""Somateria spectabilis"", ""common_name"": ""King eider"", ""score"": 0.009740782901644707}, {""species"": ""Polysticta stelleri"", ""common_name"": ""Steller's eider"", ""score"": 0.0024341254029423}, {""species"": ""Asterias rubens"", ""common_name"": ""Common starfish"", ""score"": 0.00014983909204602242}, {""species"": ""Somateria fischeri"", ""common_name"": ""Spectacled eider"", ""score"": 0.0001471147988922894}]"
obs_321389820_photo_581234419_box3.jpg,obs_321389820_photo_581234419,/gpfs_common/share03/ftrscape/snair3/wew_notebooks/outputs_crop/obs_321389820_photo_581234419_box3.jpg,3,Somateria fischeri,Echinus esculentus,FALSE,Tiny part of the image. ,Spectacled eider,0.000147115,5,"[{""species"": ""Somateria mollissima"", ""common_name"": ""Common Eider"", ""score"": 0.9751351475715637}, {""species"": ""Somateria spectabilis"", ""common_name"": ""King eider"", ""score"": 0.009740782901644707}, {""species"": ""Polysticta stelleri"", ""common_name"": ""Steller's eider"", ""score"": 0.0024341254029423}, {""species"": ""Asterias rubens"", ""common_name"": ""Common starfish"", ""score"": 0.00014983909204602242}, {""species"": ""Somateria fischeri"", ""common_name"": ""Spectacled eider"", ""score"": 0.0001471147988922894}]"
obs_321389820_photo_581234419_box4.jpg,obs_321389820_photo_581234419,/gpfs_common/share03/ftrscape/snair3/wew_notebooks/outputs_crop/obs_321389820_photo_581234419_box4.jpg,4,Somateria mollissima,Echinus esculentus,FALSE,Prey not in the image,Common Eider,0.796810031,1,"[{""species"": ""Somateria mollissima"", ""common_name"": ""Common Eider"", ""score"": 0.7968100309371948}, {""species"": ""Somateria spectabilis"", ""common_name"": ""King eider"", ""score"": 0.08563174307346344}, {""species"": ""Polysticta stelleri"", ""common_name"": ""Steller's eider"", ""score"": 0.022447887808084488}, {""species"": ""Sula dactylatra"", ""common_name"": ""Masked Booby"", ""score"": 0.013080555014312267}, {""species"": ""Clangula hyemalis"", ""common_name"": ""Long-tailed duck"", ""score"": 0.007821908220648766}]"
obs_321389820_photo_581234419_box4.jpg,obs_321389820_photo_581234419,/gpfs_common/share03/ftrscape/snair3/wew_notebooks/outputs_crop/obs_321389820_photo_581234419_box4.jpg,4,Somateria spectabilis,Echinus esculentus,FALSE,Prey not in the image,King eider,0.085631743,2,"[{""species"": ""Somateria mollissima"", ""common_name"": ""Common Eider"", ""score"": 0.7968100309371948}, {""species"": ""Somateria spectabilis"", ""common_name"": ""King eider"", ""score"": 0.08563174307346344}, {""species"": ""Polysticta stelleri"", ""common_name"": ""Steller's eider"", ""score"": 0.022447887808084488}, {""species"": ""Sula dactylatra"", ""common_name"": ""Masked Booby"", ""score"": 0.013080555014312267}, {""species"": ""Clangula hyemalis"", ""common_name"": ""Long-tailed duck"", ""score"": 0.007821908220648766}]"
obs_321389820_photo_581234419_box4.jpg,obs_321389820_photo_581234419,/gpfs_common/share03/ftrscape/snair3/wew_notebooks/outputs_crop/obs_321389820_photo_581234419_box4.jpg,4,Polysticta stelleri,Echinus esculentus,FALSE,Prey not in the image,Steller's eider,0.022447888,3,"[{""species"": ""Somateria mollissima"", ""common_name"": ""Common Eider"", ""score"": 0.7968100309371948}, {""species"": ""Somateria spectabilis"", ""common_name"": ""King eider"", ""score"": 0.08563174307346344}, {""species"": ""Polysticta stelleri"", ""common_name"": ""Steller's eider"", ""score"": 0.022447887808084488}, {""species"": ""Sula dactylatra"", ""common_name"": ""Masked Booby"", ""score"": 0.013080555014312267}, {""species"": ""Clangula hyemalis"", ""common_name"": ""Long-tailed duck"", ""score"": 0.007821908220648766}]"
obs_321389820_photo_581234419_box4.jpg,obs_321389820_photo_581234419,/gpfs_common/share03/ftrscape/snair3/wew_notebooks/outputs_crop/obs_321389820_photo_581234419_box4.jpg,4,Sula dactylatra,Echinus esculentus,FALSE,Prey not in the image,Masked Booby,0.013080555,4,"[{""species"": ""Somateria mollissima"", ""common_name"": ""Common Eider"", ""score"": 0.7968100309371948}, {""species"": ""Somateria spectabilis"", ""common_name"": ""King eider"", ""score"": 0.08563174307346344}, {""species"": ""Polysticta stelleri"", ""common_name"": ""Steller's eider"", ""score"": 0.022447887808084488}, {""species"": ""Sula dactylatra"", ""common_name"": ""Masked Booby"", ""score"": 0.013080555014312267}, {""species"": ""Clangula hyemalis"", ""common_name"": ""Long-tailed duck"", ""score"": 0.007821908220648766}]"
obs_321389820_photo_581234419_box4.jpg,obs_321389820_photo_581234419,/gpfs_common/share03/ftrscape/snair3/wew_notebooks/outputs_crop/obs_321389820_photo_581234419_box4.jpg,4,Clangula hyemalis,Echinus esculentus,FALSE,Prey not in the image,Long-tailed duck,0.007821908,5,"[{""species"": ""Somateria mollissima"", ""common_name"": ""Common Eider"", ""score"": 0.7968100309371948}, {""species"": ""Somateria spectabilis"", ""common_name"": ""King eider"", ""score"": 0.08563174307346344}, {""species"": ""Polysticta stelleri"", ""common_name"": ""Steller's eider"", ""score"": 0.022447887808084488}, {""species"": ""Sula dactylatra"", ""common_name"": ""Masked Booby"", ""score"": 0.013080555014312267}, {""species"": ""Clangula hyemalis"", ""common_name"": ""Long-tailed duck"", ""score"": 0.007821908220648766}]"
obs_321389820_photo_581234419_box5.jpg,obs_321389820_photo_581234419,/gpfs_common/share03/ftrscape/snair3/wew_notebooks/outputs_crop/obs_321389820_photo_581234419_box5.jpg,5,Somateria mollissima,Echinus esculentus,FALSE,Tiny part of the image. ,Common Eider,0.975297511,1,"[{""species"": ""Somateria mollissima"", ""common_name"": ""Common Eider"", ""score"": 0.9752975106239319}, {""species"": ""Somateria spectabilis"", ""common_name"": ""King eider"", ""score"": 0.01355129573494196}, {""species"": ""Polysticta stelleri"", ""common_name"": ""Steller's eider"", ""score"": 0.002386987442150712}, {""species"": ""Somateria fischeri"", ""common_name"": ""Spectacled eider"", ""score"": 0.00014652205572929233}, {""species"": ""Pholis gunnellus"", ""common_name"": ""Butterfish"", ""score"": 0.00013512773148249835}]"
obs_321389820_photo_581234419_box5.jpg,obs_321389820_photo_581234419,/gpfs_common/share03/ftrscape/snair3/wew_notebooks/outputs_crop/obs_321389820_photo_581234419_box5.jpg,5,Somateria spectabilis,Echinus esculentus,FALSE,Tiny part of the image. ,King eider,0.013551296,2,"[{""species"": ""Somateria mollissima"", ""common_name"": ""Common Eider"", ""score"": 0.9752975106239319}, {""species"": ""Somateria spectabilis"", ""common_name"": ""King eider"", ""score"": 0.01355129573494196}, {""species"": ""Polysticta stelleri"", ""common_name"": ""Steller's eider"", ""score"": 0.002386987442150712}, {""species"": ""Somateria fischeri"", ""common_name"": ""Spectacled eider"", ""score"": 0.00014652205572929233}, {""species"": ""Pholis gunnellus"", ""common_name"": ""Butterfish"", ""score"": 0.00013512773148249835}]"
obs_321389820_photo_581234419_box5.jpg,obs_321389820_photo_581234419,/gpfs_common/share03/ftrscape/snair3/wew_notebooks/outputs_crop/obs_321389820_photo_581234419_box5.jpg,5,Polysticta stelleri,Echinus esculentus,FALSE,Tiny part of the image. ,Steller's eider,0.002386987,3,"[{""species"": ""Somateria mollissima"", ""common_name"": ""Common Eider"", ""score"": 0.9752975106239319}, {""species"": ""Somateria spectabilis"", ""common_name"": ""King eider"", ""score"": 0.01355129573494196}, {""species"": ""Polysticta stelleri"", ""common_name"": ""Steller's eider"", ""score"": 0.002386987442150712}, {""species"": ""Somateria fischeri"", ""common_name"": ""Spectacled eider"", ""score"": 0.00014652205572929233}, {""species"": ""Pholis gunnellus"", ""common_name"": ""Butterfish"", ""score"": 0.00013512773148249835}]"
obs_321389820_photo_581234419_box5.jpg,obs_321389820_photo_581234419,/gpfs_common/share03/ftrscape/snair3/wew_notebooks/outputs_crop/obs_321389820_photo_581234419_box5.jpg,5,Somateria fischeri,Echinus esculentus,FALSE,Tiny part of the image. ,Spectacled eider,0.000146522,4,"[{""species"": ""Somateria mollissima"", ""common_name"": ""Common Eider"", ""score"": 0.9752975106239319}, {""species"": ""Somateria spectabilis"", ""common_name"": ""King eider"", ""score"": 0.01355129573494196}, {""species"": ""Polysticta stelleri"", ""common_name"": ""Steller's eider"", ""score"": 0.002386987442150712}, {""species"": ""Somateria fischeri"", ""common_name"": ""Spectacled eider"", ""score"": 0.00014652205572929233}, {""species"": ""Pholis gunnellus"", ""common_name"": ""Butterfish"", ""score"": 0.00013512773148249835}]"
obs_321389820_photo_581234419_box5.jpg,obs_321389820_photo_581234419,/gpfs_common/share03/ftrscape/snair3/wew_notebooks/outputs_crop/obs_321389820_photo_581234419_box5.jpg,5,Pholis gunnellus,Echinus esculentus,FALSE,Tiny part of the image. ,Butterfish,0.000135128,5,"[{""species"": ""Somateria mollissima"", ""common_name"": ""Common Eider"", ""score"": 0.9752975106239319}, {""species"": ""Somateria spectabilis"", ""common_name"": ""King eider"", ""score"": 0.01355129573494196}, {""species"": ""Polysticta stelleri"", ""common_name"": ""Steller's eider"", ""score"": 0.002386987442150712}, {""species"": ""Somateria fischeri"", ""common_name"": ""Spectacled eider"", ""score"": 0.00014652205572929233}, {""species"": ""Pholis gunnellus"", ""common_name"": ""Butterfish"", ""score"": 0.00013512773148249835}]"
obs_323944435_photo_586236533_box1.jpg,obs_323944435_photo_586236533,/gpfs_common/share03/ftrscape/snair3/wew_notebooks/outputs_crop/obs_323944435_photo_586236533_box1.jpg,1,Gymnosporangium juniperi-virginianae,Gymnosporangium juniperi-virginianae,TRUE,,Juniper-apple rust,0.945168138,1,"[{""species"": ""Gymnosporangium juniperi-virginianae"", ""common_name"": ""Juniper-apple rust"", ""score"": 0.945168137550354}, {""species"": ""Gymnosporangium clavipes"", ""common_name"": ""Quince rust"", ""score"": 0.003233729163184762}, {""species"": ""Gymnosporangium aurantiacum"", ""common_name"": """", ""score"": 0.0031195187475532293}, {""species"": ""Gymnosporangium cupressi"", ""common_name"": """", ""score"": 0.0026954992208629847}, {""species"": ""Gymnosporangium multiporum"", ""common_name"": """", ""score"": 0.00141516060102731}]"
obs_323944435_photo_586236533_box1.jpg,obs_323944435_photo_586236533,/gpfs_common/share03/ftrscape/snair3/wew_notebooks/outputs_crop/obs_323944435_photo_586236533_box1.jpg,1,Gymnosporangium clavipes,Gymnosporangium juniperi-virginianae,FALSE,,Quince rust,0.003233729,2,"[{""species"": ""Gymnosporangium juniperi-virginianae"", ""common_name"": ""Juniper-apple rust"", ""score"": 0.945168137550354}, {""species"": ""Gymnosporangium clavipes"", ""common_name"": ""Quince rust"", ""score"": 0.003233729163184762}, {""species"": ""Gymnosporangium aurantiacum"", ""common_name"": """", ""score"": 0.0031195187475532293}, {""species"": ""Gymnosporangium cupressi"", ""common_name"": """", ""score"": 0.0026954992208629847}, {""species"": ""Gymnosporangium multiporum"", ""common_name"": """", ""score"": 0.00141516060102731}]"
obs_323944435_photo_586236533_box1.jpg,obs_323944435_photo_586236533,/gpfs_common/share03/ftrscape/snair3/wew_notebooks/outputs_crop/obs_323944435_photo_586236533_box1.jpg,1,Gymnosporangium aurantiacum,Gymnosporangium juniperi-virginianae,FALSE,,,0.003119519,3,"[{""species"": ""Gymnosporangium juniperi-virginianae"", ""common_name"": ""Juniper-apple rust"", ""score"": 0.945168137550354}, {""species"": ""Gymnosporangium clavipes"", ""common_name"": ""Quince rust"", ""score"": 0.003233729163184762}, {""species"": ""Gymnosporangium aurantiacum"", ""common_name"": """", ""score"": 0.0031195187475532293}, {""species"": ""Gymnosporangium cupressi"", ""common_name"": """", ""score"": 0.0026954992208629847}, {""species"": ""Gymnosporangium multiporum"", ""common_name"": """", ""score"": 0.00141516060102731}]"
obs_323944435_photo_586236533_box1.jpg,obs_323944435_photo_586236533,/gpfs_common/share03/ftrscape/snair3/wew_notebooks/outputs_crop/obs_323944435_photo_586236533_box1.jpg,1,Gymnosporangium cupressi,Gymnosporangium juniperi-virginianae,FALSE,,,0.002695499,4,"[{""species"": ""Gymnosporangium juniperi-virginianae"", ""common_name"": ""Juniper-apple rust"", ""score"": 0.945168137550354}, {""species"": ""Gymnosporangium clavipes"", ""common_name"": ""Quince rust"", ""score"": 0.003233729163184762}, {""species"": ""Gymnosporangium aurantiacum"", ""common_name"": """", ""score"": 0.0031195187475532293}, {""species"": ""Gymnosporangium cupressi"", ""common_name"": """", ""score"": 0.0026954992208629847}, {""species"": ""Gymnosporangium multiporum"", ""common_name"": """", ""score"": 0.00141516060102731}]"
obs_323944435_photo_586236533_box1.jpg,obs_323944435_photo_586236533,/gpfs_common/share03/ftrscape/snair3/wew_notebooks/outputs_crop/obs_323944435_photo_586236533_box1.jpg,1,Gymnosporangium multiporum,Gymnosporangium juniperi-virginianae,FALSE,,,0.001415161,5,"[{""species"": ""Gymnosporangium juniperi-virginianae"", ""common_name"": ""Juniper-apple rust"", ""score"": 0.945168137550354}, {""species"": ""Gymnosporangium clavipes"", ""common_name"": ""Quince rust"", ""score"": 0.003233729163184762}, {""species"": ""Gymnosporangium aurantiacum"", ""common_name"": """", ""score"": 0.0031195187475532293}, {""species"": ""Gymnosporangium cupressi"", ""common_name"": """", ""score"": 0.0026954992208629847}, {""species"": ""Gymnosporangium multiporum"", ""common_name"": """", ""score"": 0.00141516060102731}]"
obs_323944435_photo_586236533_box2.jpg,obs_323944435_photo_586236533,/gpfs_common/share03/ftrscape/snair3/wew_notebooks/outputs_crop/obs_323944435_photo_586236533_box2.jpg,2,Gymnosporangium juniperi-virginianae,Gymnosporangium juniperi-virginianae,TRUE,,Juniper-apple rust,0.950673819,1,"[{""species"": ""Gymnosporangium juniperi-virginianae"", ""common_name"": ""Juniper-apple rust"", ""score"": 0.9506738185882568}, {""species"": ""Gymnosporangium clavipes"", ""common_name"": ""Quince rust"", ""score"": 0.0032164636068046093}, {""species"": ""Gymnosporangium aurantiacum"", ""common_name"": """", ""score"": 0.0028773739468306303}, {""species"": ""Gymnosporangium cupressi"", ""common_name"": """", ""score"": 0.0022411062382161617}, {""species"": ""Walshomyia texana"", ""common_name"": """", ""score"": 0.0015011333161965013}]"
obs_323944435_photo_586236533_box2.jpg,obs_323944435_photo_586236533,/gpfs_common/share03/ftrscape/snair3/wew_notebooks/outputs_crop/obs_323944435_photo_586236533_box2.jpg,2,Gymnosporangium clavipes,Gymnosporangium juniperi-virginianae,FALSE,,Quince rust,0.003216464,2,"[{""species"": ""Gymnosporangium juniperi-virginianae"", ""common_name"": ""Juniper-apple rust"", ""score"": 0.9506738185882568}, {""species"": ""Gymnosporangium clavipes"", ""common_name"": ""Quince rust"", ""score"": 0.0032164636068046093}, {""species"": ""Gymnosporangium aurantiacum"", ""common_name"": """", ""score"": 0.0028773739468306303}, {""species"": ""Gymnosporangium cupressi"", ""common_name"": """", ""score"": 0.0022411062382161617}, {""species"": ""Walshomyia texana"", ""common_name"": """", ""score"": 0.0015011333161965013}]"
obs_323944435_photo_586236533_box2.jpg,obs_323944435_photo_586236533,/gpfs_common/share03/ftrscape/snair3/wew_notebooks/outputs_crop/obs_323944435_photo_586236533_box2.jpg,2,Gymnosporangium aurantiacum,Gymnosporangium juniperi-virginianae,FALSE,,,0.002877374,3,"[{""species"": ""Gymnosporangium juniperi-virginianae"", ""common_name"": ""Juniper-apple rust"", ""score"": 0.9506738185882568}, {""species"": ""Gymnosporangium clavipes"", ""common_name"": ""Quince rust"", ""score"": 0.0032164636068046093}, {""species"": ""Gymnosporangium aurantiacum"", ""common_name"": """", ""score"": 0.0028773739468306303}, {""species"": ""Gymnosporangium cupressi"", ""common_name"": """", ""score"": 0.0022411062382161617}, {""species"": ""Walshomyia texana"", ""common_name"": """", ""score"": 0.0015011333161965013}]"
obs_323944435_photo_586236533_box2.jpg,obs_323944435_photo_586236533,/gpfs_common/share03/ftrscape/snair3/wew_notebooks/outputs_crop/obs_323944435_photo_586236533_box2.jpg,2,Gymnosporangium cupressi,Gymnosporangium juniperi-virginianae,FALSE,,,0.002241106,4,"[{""species"": ""Gymnosporangium juniperi-virginianae"", ""common_name"": ""Juniper-apple rust"", ""score"": 0.9506738185882568}, {""species"": ""Gymnosporangium clavipes"", ""common_name"": ""Quince rust"", ""score"": 0.0032164636068046093}, {""species"": ""Gymnosporangium aurantiacum"", ""common_name"": """", ""score"": 0.0028773739468306303}, {""species"": ""Gymnosporangium cupressi"", ""common_name"": """", ""score"": 0.0022411062382161617}, {""species"": ""Walshomyia texana"", ""common_name"": """", ""score"": 0.0015011333161965013}]"
obs_323944435_photo_586236533_box2.jpg,obs_323944435_photo_586236533,/gpfs_common/share03/ftrscape/snair3/wew_notebooks/outputs_crop/obs_323944435_photo_586236533_box2.jpg,2,Walshomyia texana,Gymnosporangium juniperi-virginianae,FALSE,,,0.001501133,5,"[{""species"": ""Gymnosporangium juniperi-virginianae"", ""common_name"": ""Juniper-apple rust"", ""score"": 0.9506738185882568}, {""species"": ""Gymnosporangium clavipes"", ""common_name"": ""Quince rust"", ""score"": 0.0032164636068046093}, {""species"": ""Gymnosporangium aurantiacum"", ""common_name"": """", ""score"": 0.0028773739468306303}, {""species"": ""Gymnosporangium cupressi"", ""common_name"": """", ""score"": 0.0022411062382161617}, {""species"": ""Walshomyia texana"", ""common_name"": """", ""score"": 0.0015011333161965013}]"
obs_323944435_photo_586236533_box3.jpg,obs_323944435_photo_586236533,/gpfs_common/share03/ftrscape/snair3/wew_notebooks/outputs_crop/obs_323944435_photo_586236533_box3.jpg,3,Gymnosporangium juniperi-virginianae,Gymnosporangium juniperi-virginianae,TRUE,,Juniper-apple rust,0.87102145,1,"[{""species"": ""Gymnosporangium juniperi-virginianae"", ""common_name"": ""Juniper-apple rust"", ""score"": 0.8710214495658875}, {""species"": ""Gymnosporangium clavipes"", ""common_name"": ""Quince rust"", ""score"": 0.009414099156856537}, {""species"": ""Monilinia corni"", ""common_name"": """", ""score"": 0.008504669182002544}, {""species"": ""Gymnosporangium floriforme"", ""common_name"": """", ""score"": 0.006761039141565561}, {""species"": ""Walshomyia texana"", ""common_name"": """", ""score"": 0.005677533335983753}]"
obs_323944435_photo_586236533_box3.jpg,obs_323944435_photo_586236533,/gpfs_common/share03/ftrscape/snair3/wew_notebooks/outputs_crop/obs_323944435_photo_586236533_box3.jpg,3,Gymnosporangium clavipes,Gymnosporangium juniperi-virginianae,FALSE,,Quince rust,0.009414099,2,"[{""species"": ""Gymnosporangium juniperi-virginianae"", ""common_name"": ""Juniper-apple rust"", ""score"": 0.8710214495658875}, {""species"": ""Gymnosporangium clavipes"", ""common_name"": ""Quince rust"", ""score"": 0.009414099156856537}, {""species"": ""Monilinia corni"", ""common_name"": """", ""score"": 0.008504669182002544}, {""species"": ""Gymnosporangium floriforme"", ""common_name"": """", ""score"": 0.006761039141565561}, {""species"": ""Walshomyia texana"", ""common_name"": """", ""score"": 0.005677533335983753}]"
obs_323944435_photo_586236533_box3.jpg,obs_323944435_photo_586236533,/gpfs_common/share03/ftrscape/snair3/wew_notebooks/outputs_crop/obs_323944435_photo_586236533_box3.jpg,3,Monilinia corni,Gymnosporangium juniperi-virginianae,FALSE,,,0.008504669,3,"[{""species"": ""Gymnosporangium juniperi-virginianae"", ""common_name"": ""Juniper-apple rust"", ""score"": 0.8710214495658875}, {""species"": ""Gymnosporangium clavipes"", ""common_name"": ""Quince rust"", ""score"": 0.009414099156856537}, {""species"": ""Monilinia corni"", ""common_name"": """", ""score"": 0.008504669182002544}, {""species"": ""Gymnosporangium floriforme"", ""common_name"": """", ""score"": 0.006761039141565561}, {""species"": ""Walshomyia texana"", ""common_name"": """", ""score"": 0.005677533335983753}]"
obs_323944435_photo_586236533_box3.jpg,obs_323944435_photo_586236533,/gpfs_common/share03/ftrscape/snair3/wew_notebooks/outputs_crop/obs_323944435_photo_586236533_box3.jpg,3,Gymnosporangium floriforme,Gymnosporangium juniperi-virginianae,FALSE,,,0.006761039,4,"[{""species"": ""Gymnosporangium juniperi-virginianae"", ""common_name"": ""Juniper-apple rust"", ""score"": 0.8710214495658875}, {""species"": ""Gymnosporangium clavipes"", ""common_name"": ""Quince rust"", ""score"": 0.009414099156856537}, {""species"": ""Monilinia corni"", ""common_name"": """", ""score"": 0.008504669182002544}, {""species"": ""Gymnosporangium floriforme"", ""common_name"": """", ""score"": 0.006761039141565561}, {""species"": ""Walshomyia texana"", ""common_name"": """", ""score"": 0.005677533335983753}]"
obs_323944435_photo_586236533_box3.jpg,obs_323944435_photo_586236533,/gpfs_common/share03/ftrscape/snair3/wew_notebooks/outputs_crop/obs_323944435_photo_586236533_box3.jpg,3,Walshomyia texana,Gymnosporangium juniperi-virginianae,FALSE,,,0.005677533,5,"[{""species"": ""Gymnosporangium juniperi-virginianae"", ""common_name"": ""Juniper-apple rust"", ""score"": 0.8710214495658875}, {""species"": ""Gymnosporangium clavipes"", ""common_name"": ""Quince rust"", ""score"": 0.009414099156856537}, {""species"": ""Monilinia corni"", ""common_name"": """", ""score"": 0.008504669182002544}, {""species"": ""Gymnosporangium floriforme"", ""common_name"": """", ""score"": 0.006761039141565561}, {""species"": ""Walshomyia texana"", ""common_name"": """", ""score"": 0.005677533335983753}]"
obs_323944435_photo_586236533_box4.jpg,obs_323944435_photo_586236533,/gpfs_common/share03/ftrscape/snair3/wew_notebooks/outputs_crop/obs_323944435_photo_586236533_box4.jpg,4,Gymnosporangium juniperi-virginianae,Gymnosporangium juniperi-virginianae,TRUE,,Juniper-apple rust,0.87167412,1,"[{""species"": ""Gymnosporangium juniperi-virginianae"", ""common_name"": ""Juniper-apple rust"", ""score"": 0.871674120426178}, {""species"": ""Gymnosporangium aurantiacum"", ""common_name"": """", ""score"": 0.014930392615497112}, {""species"": ""Gymnosporangium clavipes"", ""common_name"": ""Quince rust"", ""score"": 0.00867539830505848}, {""species"": ""Gymnosporangium cupressi"", ""common_name"": """", ""score"": 0.007148230914026499}, {""species"": ""Gymnosporangium trachysorum"", ""common_name"": """", ""score"": 0.0066331615671515465}]"
obs_323944435_photo_586236533_box4.jpg,obs_323944435_photo_586236533,/gpfs_common/share03/ftrscape/snair3/wew_notebooks/outputs_crop/obs_323944435_photo_586236533_box4.jpg,4,Gymnosporangium aurantiacum,Gymnosporangium juniperi-virginianae,FALSE,,,0.014930393,2,"[{""species"": ""Gymnosporangium juniperi-virginianae"", ""common_name"": ""Juniper-apple rust"", ""score"": 0.871674120426178}, {""species"": ""Gymnosporangium aurantiacum"", ""common_name"": """", ""score"": 0.014930392615497112}, {""species"": ""Gymnosporangium clavipes"", ""common_name"": ""Quince rust"", ""score"": 0.00867539830505848}, {""species"": ""Gymnosporangium cupressi"", ""common_name"": """", ""score"": 0.007148230914026499}, {""species"": ""Gymnosporangium trachysorum"", ""common_name"": """", ""score"": 0.0066331615671515465}]"
obs_323944435_photo_586236533_box4.jpg,obs_323944435_photo_586236533,/gpfs_common/share03/ftrscape/snair3/wew_notebooks/outputs_crop/obs_323944435_photo_586236533_box4.jpg,4,Gymnosporangium clavipes,Gymnosporangium juniperi-virginianae,FALSE,,Quince rust,0.008675398,3,"[{""species"": ""Gymnosporangium juniperi-virginianae"", ""common_name"": ""Juniper-apple rust"", ""score"": 0.871674120426178}, {""species"": ""Gymnosporangium aurantiacum"", ""common_name"": """", ""score"": 0.014930392615497112}, {""species"": ""Gymnosporangium clavipes"", ""common_name"": ""Quince rust"", ""score"": 0.00867539830505848}, {""species"": ""Gymnosporangium cupressi"", ""common_name"": """", ""score"": 0.007148230914026499}, {""species"": ""Gymnosporangium trachysorum"", ""common_name"": """", ""score"": 0.0066331615671515465}]"
obs_323944435_photo_586236533_box4.jpg,obs_323944435_photo_586236533,/gpfs_common/share03/ftrscape/snair3/wew_notebooks/outputs_crop/obs_323944435_photo_586236533_box4.jpg,4,Gymnosporangium cupressi,Gymnosporangium juniperi-virginianae,FALSE,,,0.007148231,4,"[{""species"": ""Gymnosporangium juniperi-virginianae"", ""common_name"": ""Juniper-apple rust"", ""score"": 0.871674120426178}, {""species"": ""Gymnosporangium aurantiacum"", ""common_name"": """", ""score"": 0.014930392615497112}, {""species"": ""Gymnosporangium clavipes"", ""common_name"": ""Quince rust"", ""score"": 0.00867539830505848}, {""species"": ""Gymnosporangium cupressi"", ""common_name"": """", ""score"": 0.007148230914026499}, {""species"": ""Gymnosporangium trachysorum"", ""common_name"": """", ""score"": 0.0066331615671515465}]"
obs_323944435_photo_586236533_box4.jpg,obs_323944435_photo_586236533,/gpfs_common/share03/ftrscape/snair3/wew_notebooks/outputs_crop/obs_323944435_photo_586236533_box4.jpg,4,Gymnosporangium trachysorum,Gymnosporangium juniperi-virginianae,FALSE,,,0.006633162,5,"[{""species"": ""Gymnosporangium juniperi-virginianae"", ""common_name"": ""Juniper-apple rust"", ""score"": 0.871674120426178}, {""species"": ""Gymnosporangium aurantiacum"", ""common_name"": """", ""score"": 0.014930392615497112}, {""species"": ""Gymnosporangium clavipes"", ""common_name"": ""Quince rust"", ""score"": 0.00867539830505848}, {""species"": ""Gymnosporangium cupressi"", ""common_name"": """", ""score"": 0.007148230914026499}, {""species"": ""Gymnosporangium trachysorum"", ""common_name"": """", ""score"": 0.0066331615671515465}]"
obs_323944435_photo_586236533_box5.jpg,obs_323944435_photo_586236533,/gpfs_common/share03/ftrscape/snair3/wew_notebooks/outputs_crop/obs_323944435_photo_586236533_box5.jpg,5,Gymnosporangium juniperi-virginianae,Gymnosporangium juniperi-virginianae,TRUE,,Juniper-apple rust,0.804074466,1,"[{""species"": ""Gymnosporangium juniperi-virginianae"", ""common_name"": ""Juniper-apple rust"", ""score"": 0.8040744662284851}, {""species"": ""Gymnosporangium clavipes"", ""common_name"": ""Quince rust"", ""score"": 0.024794626981019974}, {""species"": ""Walshomyia texana"", ""common_name"": """", ""score"": 0.014513423666357994}, {""species"": ""Gymnosporangium floriforme"", ""common_name"": """", ""score"": 0.00920785404741764}, {""species"": ""Gymnosporangium aurantiacum"", ""common_name"": """", ""score"": 0.008919453248381615}]"
obs_323944435_photo_586236533_box5.jpg,obs_323944435_photo_586236533,/gpfs_common/share03/ftrscape/snair3/wew_notebooks/outputs_crop/obs_323944435_photo_586236533_box5.jpg,5,Gymnosporangium clavipes,Gymnosporangium juniperi-virginianae,FALSE,,Quince rust,0.024794627,2,"[{""species"": ""Gymnosporangium juniperi-virginianae"", ""common_name"": ""Juniper-apple rust"", ""score"": 0.8040744662284851}, {""species"": ""Gymnosporangium clavipes"", ""common_name"": ""Quince rust"", ""score"": 0.024794626981019974}, {""species"": ""Walshomyia texana"", ""common_name"": """", ""score"": 0.014513423666357994}, {""species"": ""Gymnosporangium floriforme"", ""common_name"": """", ""score"": 0.00920785404741764}, {""species"": ""Gymnosporangium aurantiacum"", ""common_name"": """", ""score"": 0.008919453248381615}]"
obs_323944435_photo_586236533_box5.jpg,obs_323944435_photo_586236533,/gpfs_common/share03/ftrscape/snair3/wew_notebooks/outputs_crop/obs_323944435_photo_586236533_box5.jpg,5,Walshomyia texana,Gymnosporangium juniperi-virginianae,FALSE,,,0.014513424,3,"[{""species"": ""Gymnosporangium juniperi-virginianae"", ""common_name"": ""Juniper-apple rust"", ""score"": 0.8040744662284851}, {""species"": ""Gymnosporangium clavipes"", ""common_name"": ""Quince rust"", ""score"": 0.024794626981019974}, {""species"": ""Walshomyia texana"", ""common_name"": """", ""score"": 0.014513423666357994}, {""species"": ""Gymnosporangium floriforme"", ""common_name"": """", ""score"": 0.00920785404741764}, {""species"": ""Gymnosporangium aurantiacum"", ""common_name"": """", ""score"": 0.008919453248381615}]"
obs_323944435_photo_586236533_box5.jpg,obs_323944435_photo_586236533,/gpfs_common/share03/ftrscape/snair3/wew_notebooks/outputs_crop/obs_323944435_photo_586236533_box5.jpg,5,Gymnosporangium floriforme,Gymnosporangium juniperi-virginianae,FALSE,,,0.009207854,4,"[{""species"": ""Gymnosporangium juniperi-virginianae"", ""common_name"": ""Juniper-apple rust"", ""score"": 0.8040744662284851}, {""species"": ""Gymnosporangium clavipes"", ""common_name"": ""Quince rust"", ""score"": 0.024794626981019974}, {""species"": ""Walshomyia texana"", ""common_name"": """", ""score"": 0.014513423666357994}, {""species"": ""Gymnosporangium floriforme"", ""common_name"": """", ""score"": 0.00920785404741764}, {""species"": ""Gymnosporangium aurantiacum"", ""common_name"": """", ""score"": 0.008919453248381615}]"
obs_323944435_photo_586236533_box5.jpg,obs_323944435_photo_586236533,/gpfs_common/share03/ftrscape/snair3/wew_notebooks/outputs_crop/obs_323944435_photo_586236533_box5.jpg,5,Gymnosporangium aurantiacum,Gymnosporangium juniperi-virginianae,FALSE,,,0.008919453,5,"[{""species"": ""Gymnosporangium juniperi-virginianae"", ""common_name"": ""Juniper-apple rust"", ""score"": 0.8040744662284851}, {""species"": ""Gymnosporangium clavipes"", ""common_name"": ""Quince rust"", ""score"": 0.024794626981019974}, {""species"": ""Walshomyia texana"", ""common_name"": """", ""score"": 0.014513423666357994}, {""species"": ""Gymnosporangium floriforme"", ""common_name"": """", ""score"": 0.00920785404741764}, {""species"": ""Gymnosporangium aurantiacum"", ""common_name"": """", ""score"": 0.008919453248381615}]"
obs_325267824_photo_588882003_box1.jpg,obs_325267824_photo_588882003,/gpfs_common/share03/ftrscape/snair3/wew_notebooks/outputs_crop/obs_325267824_photo_588882003_box1.jpg,1,Harmonia axyridis,Iflavirus dinococcinellae,FALSE,Tiny part of the image. Fungus,Harlequin ladybird,0.696880221,1,"[{""species"": ""Harmonia axyridis"", ""common_name"": ""Harlequin ladybird"", ""score"": 0.6968802213668823}, {""species"": ""Hesperomyces harmoniae"", ""common_name"": """", ""score"": 0.13090994954109192}, {""species"": ""Hesperomyces virescens"", ""common_name"": ""Green beetle hanger"", ""score"": 0.02718433178961277}, {""species"": ""Dinocampus coccinellae"", ""common_name"": ""Braconid wasp"", ""score"": 0.009120280854403973}, {""species"": ""Harmonia yedoensis"", ""common_name"": """", ""score"": 0.008050154894590378}]"
obs_325267824_photo_588882003_box1.jpg,obs_325267824_photo_588882003,/gpfs_common/share03/ftrscape/snair3/wew_notebooks/outputs_crop/obs_325267824_photo_588882003_box1.jpg,1,Hesperomyces harmoniae,Iflavirus dinococcinellae,FALSE,Tiny part of the image. Fungus,,0.13090995,2,"[{""species"": ""Harmonia axyridis"", ""common_name"": ""Harlequin ladybird"", ""score"": 0.6968802213668823}, {""species"": ""Hesperomyces harmoniae"", ""common_name"": """", ""score"": 0.13090994954109192}, {""species"": ""Hesperomyces virescens"", ""common_name"": ""Green beetle hanger"", ""score"": 0.02718433178961277}, {""species"": ""Dinocampus coccinellae"", ""common_name"": ""Braconid wasp"", ""score"": 0.009120280854403973}, {""species"": ""Harmonia yedoensis"", ""common_name"": """", ""score"": 0.008050154894590378}]"
obs_325267824_photo_588882003_box1.jpg,obs_325267824_photo_588882003,/gpfs_common/share03/ftrscape/snair3/wew_notebooks/outputs_crop/obs_325267824_photo_588882003_box1.jpg,1,Hesperomyces virescens,Iflavirus dinococcinellae,FALSE,Tiny part of the image. Fungus,Green beetle hanger,0.027184332,3,"[{""species"": ""Harmonia axyridis"", ""common_name"": ""Harlequin ladybird"", ""score"": 0.6968802213668823}, {""species"": ""Hesperomyces harmoniae"", ""common_name"": """", ""score"": 0.13090994954109192}, {""species"": ""Hesperomyces virescens"", ""common_name"": ""Green beetle hanger"", ""score"": 0.02718433178961277}, {""species"": ""Dinocampus coccinellae"", ""common_name"": ""Braconid wasp"", ""score"": 0.009120280854403973}, {""species"": ""Harmonia yedoensis"", ""common_name"": """", ""score"": 0.008050154894590378}]"
obs_325267824_photo_588882003_box1.jpg,obs_325267824_photo_588882003,/gpfs_common/share03/ftrscape/snair3/wew_notebooks/outputs_crop/obs_325267824_photo_588882003_box1.jpg,1,Dinocampus coccinellae,Iflavirus dinococcinellae,FALSE,Tiny part of the image. Fungus,Braconid wasp,0.009120281,4,"[{""species"": ""Harmonia axyridis"", ""common_name"": ""Harlequin ladybird"", ""score"": 0.6968802213668823}, {""species"": ""Hesperomyces harmoniae"", ""common_name"": """", ""score"": 0.13090994954109192}, {""species"": ""Hesperomyces virescens"", ""common_name"": ""Green beetle hanger"", ""score"": 0.02718433178961277}, {""species"": ""Dinocampus coccinellae"", ""common_name"": ""Braconid wasp"", ""score"": 0.009120280854403973}, {""species"": ""Harmonia yedoensis"", ""common_name"": """", ""score"": 0.008050154894590378}]"
obs_325267824_photo_588882003_box1.jpg,obs_325267824_photo_588882003,/gpfs_common/share03/ftrscape/snair3/wew_notebooks/outputs_crop/obs_325267824_photo_588882003_box1.jpg,1,Harmonia yedoensis,Iflavirus dinococcinellae,FALSE,Tiny part of the image. Fungus,,0.008050155,5,"[{""species"": ""Harmonia axyridis"", ""common_name"": ""Harlequin ladybird"", ""score"": 0.6968802213668823}, {""species"": ""Hesperomyces harmoniae"", ""common_name"": """", ""score"": 0.13090994954109192}, {""species"": ""Hesperomyces virescens"", ""common_name"": ""Green beetle hanger"", ""score"": 0.02718433178961277}, {""species"": ""Dinocampus coccinellae"", ""common_name"": ""Braconid wasp"", ""score"": 0.009120280854403973}, {""species"": ""Harmonia yedoensis"", ""common_name"": """", ""score"": 0.008050154894590378}]"
obs_325267824_photo_588882003_box2.jpg,obs_325267824_photo_588882003,/gpfs_common/share03/ftrscape/snair3/wew_notebooks/outputs_crop/obs_325267824_photo_588882003_box2.jpg,2,Harmonia axyridis,Iflavirus dinococcinellae,FALSE,Tiny part of the image. Fungus,Harlequin ladybird,0.703296721,1,"[{""species"": ""Harmonia axyridis"", ""common_name"": ""Harlequin ladybird"", ""score"": 0.7032967209815979}, {""species"": ""Hesperomyces harmoniae"", ""common_name"": """", ""score"": 0.10722392797470093}, {""species"": ""Hesperomyces virescens"", ""common_name"": ""Green beetle hanger"", ""score"": 0.018679838627576828}, {""species"": ""Dinocampus coccinellae"", ""common_name"": ""Braconid wasp"", ""score"": 0.010802239179611206}, {""species"": ""Harmonia yedoensis"", ""common_name"": """", ""score"": 0.009046911261975765}]"
obs_325267824_photo_588882003_box2.jpg,obs_325267824_photo_588882003,/gpfs_common/share03/ftrscape/snair3/wew_notebooks/outputs_crop/obs_325267824_photo_588882003_box2.jpg,2,Hesperomyces harmoniae,Iflavirus dinococcinellae,FALSE,Tiny part of the image. Fungus,,0.107223928,2,"[{""species"": ""Harmonia axyridis"", ""common_name"": ""Harlequin ladybird"", ""score"": 0.7032967209815979}, {""species"": ""Hesperomyces harmoniae"", ""common_name"": """", ""score"": 0.10722392797470093}, {""species"": ""Hesperomyces virescens"", ""common_name"": ""Green beetle hanger"", ""score"": 0.018679838627576828}, {""species"": ""Dinocampus coccinellae"", ""common_name"": ""Braconid wasp"", ""score"": 0.010802239179611206}, {""species"": ""Harmonia yedoensis"", ""common_name"": """", ""score"": 0.009046911261975765}]"
obs_325267824_photo_588882003_box2.jpg,obs_325267824_photo_588882003,/gpfs_common/share03/ftrscape/snair3/wew_notebooks/outputs_crop/obs_325267824_photo_588882003_box2.jpg,2,Hesperomyces virescens,Iflavirus dinococcinellae,FALSE,Tiny part of the image. Fungus,Green beetle hanger,0.018679839,3,"[{""species"": ""Harmonia axyridis"", ""common_name"": ""Harlequin ladybird"", ""score"": 0.7032967209815979}, {""species"": ""Hesperomyces harmoniae"", ""common_name"": """", ""score"": 0.10722392797470093}, {""species"": ""Hesperomyces virescens"", ""common_name"": ""Green beetle hanger"", ""score"": 0.018679838627576828}, {""species"": ""Dinocampus coccinellae"", ""common_name"": ""Braconid wasp"", ""score"": 0.010802239179611206}, {""species"": ""Harmonia yedoensis"", ""common_name"": """", ""score"": 0.009046911261975765}]"
obs_325267824_photo_588882003_box2.jpg,obs_325267824_photo_588882003,/gpfs_common/share03/ftrscape/snair3/wew_notebooks/outputs_crop/obs_325267824_photo_588882003_box2.jpg,2,Dinocampus coccinellae,Iflavirus dinococcinellae,FALSE,Tiny part of the image. Fungus,Braconid wasp,0.010802239,4,"[{""species"": ""Harmonia axyridis"", ""common_name"": ""Harlequin ladybird"", ""score"": 0.7032967209815979}, {""species"": ""Hesperomyces harmoniae"", ""common_name"": """", ""score"": 0.10722392797470093}, {""species"": ""Hesperomyces virescens"", ""common_name"": ""Green beetle hanger"", ""score"": 0.018679838627576828}, {""species"": ""Dinocampus coccinellae"", ""common_name"": ""Braconid wasp"", ""score"": 0.010802239179611206}, {""species"": ""Harmonia yedoensis"", ""common_name"": """", ""score"": 0.009046911261975765}]"
obs_325267824_photo_588882003_box2.jpg,obs_325267824_photo_588882003,/gpfs_common/share03/ftrscape/snair3/wew_notebooks/outputs_crop/obs_325267824_photo_588882003_box2.jpg,2,Harmonia yedoensis,Iflavirus dinococcinellae,FALSE,Tiny part of the image. Fungus,,0.009046911,5,"[{""species"": ""Harmonia axyridis"", ""common_name"": ""Harlequin ladybird"", ""score"": 0.7032967209815979}, {""species"": ""Hesperomyces harmoniae"", ""common_name"": """", ""score"": 0.10722392797470093}, {""species"": ""Hesperomyces virescens"", ""common_name"": ""Green beetle hanger"", ""score"": 0.018679838627576828}, {""species"": ""Dinocampus coccinellae"", ""common_name"": ""Braconid wasp"", ""score"": 0.010802239179611206}, {""species"": ""Harmonia yedoensis"", ""common_name"": """", ""score"": 0.009046911261975765}]"
obs_325267824_photo_588882003_box3.jpg,obs_325267824_photo_588882003,/gpfs_common/share03/ftrscape/snair3/wew_notebooks/outputs_crop/obs_325267824_photo_588882003_box3.jpg,3,Willowsia nigromaculata,Iflavirus dinococcinellae,FALSE,Prey not in the image,,0.028914321,1,"[{""species"": ""Willowsia nigromaculata"", ""common_name"": """", ""score"": 0.028914321213960648}, {""species"": ""Scutigera coleoptrata"", ""common_name"": ""House centipede"", ""score"": 0.0131460502743721}, {""species"": ""Hemidactylus turcicus"", ""common_name"": ""Turkish gecko"", ""score"": 0.012356922030448914}, {""species"": ""Dorypteryx domestica"", ""common_name"": ""Cave barklouse"", ""score"": 0.009534422308206558}, {""species"": ""Phereoeca uterella"", ""common_name"": """", ""score"": 0.009363144636154175}]"
obs_325267824_photo_588882003_box3.jpg,obs_325267824_photo_588882003,/gpfs_common/share03/ftrscape/snair3/wew_notebooks/outputs_crop/obs_325267824_photo_588882003_box3.jpg,3,Scutigera coleoptrata,Iflavirus dinococcinellae,FALSE,Prey not in the image,House centipede,0.01314605,2,"[{""species"": ""Willowsia nigromaculata"", ""common_name"": """", ""score"": 0.028914321213960648}, {""species"": ""Scutigera coleoptrata"", ""common_name"": ""House centipede"", ""score"": 0.0131460502743721}, {""species"": ""Hemidactylus turcicus"", ""common_name"": ""Turkish gecko"", ""score"": 0.012356922030448914}, {""species"": ""Dorypteryx domestica"", ""common_name"": ""Cave barklouse"", ""score"": 0.009534422308206558}, {""species"": ""Phereoeca uterella"", ""common_name"": """", ""score"": 0.009363144636154175}]"
obs_325267824_photo_588882003_box3.jpg,obs_325267824_photo_588882003,/gpfs_common/share03/ftrscape/snair3/wew_notebooks/outputs_crop/obs_325267824_photo_588882003_box3.jpg,3,Hemidactylus turcicus,Iflavirus dinococcinellae,FALSE,Prey not in the image,Turkish gecko,0.012356922,3,"[{""species"": ""Willowsia nigromaculata"", ""common_name"": """", ""score"": 0.028914321213960648}, {""species"": ""Scutigera coleoptrata"", ""common_name"": ""House centipede"", ""score"": 0.0131460502743721}, {""species"": ""Hemidactylus turcicus"", ""common_name"": ""Turkish gecko"", ""score"": 0.012356922030448914}, {""species"": ""Dorypteryx domestica"", ""common_name"": ""Cave barklouse"", ""score"": 0.009534422308206558}, {""species"": ""Phereoeca uterella"", ""common_name"": """", ""score"": 0.009363144636154175}]"
obs_325267824_photo_588882003_box3.jpg,obs_325267824_photo_588882003,/gpfs_common/share03/ftrscape/snair3/wew_notebooks/outputs_crop/obs_325267824_photo_588882003_box3.jpg,3,Dorypteryx domestica,Iflavirus dinococcinellae,FALSE,Prey not in the image,Cave barklouse,0.009534422,4,"[{""species"": ""Willowsia nigromaculata"", ""common_name"": """", ""score"": 0.028914321213960648}, {""species"": ""Scutigera coleoptrata"", ""common_name"": ""House centipede"", ""score"": 0.0131460502743721}, {""species"": ""Hemidactylus turcicus"", ""common_name"": ""Turkish gecko"", ""score"": 0.012356922030448914}, {""species"": ""Dorypteryx domestica"", ""common_name"": ""Cave barklouse"", ""score"": 0.009534422308206558}, {""species"": ""Phereoeca uterella"", ""common_name"": """", ""score"": 0.009363144636154175}]"
obs_325267824_photo_588882003_box3.jpg,obs_325267824_photo_588882003,/gpfs_common/share03/ftrscape/snair3/wew_notebooks/outputs_crop/obs_325267824_photo_588882003_box3.jpg,3,Phereoeca uterella,Iflavirus dinococcinellae,FALSE,Prey not in the image,,0.009363145,5,"[{""species"": ""Willowsia nigromaculata"", ""common_name"": """", ""score"": 0.028914321213960648}, {""species"": ""Scutigera coleoptrata"", ""common_name"": ""House centipede"", ""score"": 0.0131460502743721}, {""species"": ""Hemidactylus turcicus"", ""common_name"": ""Turkish gecko"", ""score"": 0.012356922030448914}, {""species"": ""Dorypteryx domestica"", ""common_name"": ""Cave barklouse"", ""score"": 0.009534422308206558}, {""species"": ""Phereoeca uterella"", ""common_name"": """", ""score"": 0.009363144636154175}]"
obs_325625055_photo_589595206_box1.jpg,obs_325625055_photo_589595206,/gpfs_common/share03/ftrscape/snair3/wew_notebooks/outputs_crop/obs_325625055_photo_589595206_box1.jpg,1,Gnomonia caryae,Mycocentrospora asiminae,FALSE,Tiny part of the image. Fungus,,0.054039136,1,"[{""species"": ""Gnomonia caryae"", ""common_name"": """", ""score"": 0.054039135575294495}, {""species"": ""Plagiostoma fraxini"", ""common_name"": """", ""score"": 0.03596433252096176}, {""species"": ""Asimina triloba"", ""common_name"": ""Common Pawpaw"", ""score"": 0.03278239071369171}, {""species"": ""Mycosphaerella fraxinicola"", ""common_name"": """", ""score"": 0.025980932638049126}, {""species"": ""Pollaccia americana"", ""common_name"": """", ""score"": 0.020319519564509392}]"
obs_325625055_photo_589595206_box1.jpg,obs_325625055_photo_589595206,/gpfs_common/share03/ftrscape/snair3/wew_notebooks/outputs_crop/obs_325625055_photo_589595206_box1.jpg,1,Plagiostoma fraxini,Mycocentrospora asiminae,FALSE,Tiny part of the image. Fungus,,0.035964333,2,"[{""species"": ""Gnomonia caryae"", ""common_name"": """", ""score"": 0.054039135575294495}, {""species"": ""Plagiostoma fraxini"", ""common_name"": """", ""score"": 0.03596433252096176}, {""species"": ""Asimina triloba"", ""common_name"": ""Common Pawpaw"", ""score"": 0.03278239071369171}, {""species"": ""Mycosphaerella fraxinicola"", ""common_name"": """", ""score"": 0.025980932638049126}, {""species"": ""Pollaccia americana"", ""common_name"": """", ""score"": 0.020319519564509392}]"
obs_325625055_photo_589595206_box1.jpg,obs_325625055_photo_589595206,/gpfs_common/share03/ftrscape/snair3/wew_notebooks/outputs_crop/obs_325625055_photo_589595206_box1.jpg,1,Asimina triloba,Mycocentrospora asiminae,FALSE,Tiny part of the image. Fungus,Common Pawpaw,0.032782391,3,"[{""species"": ""Gnomonia caryae"", ""common_name"": """", ""score"": 0.054039135575294495}, {""species"": ""Plagiostoma fraxini"", ""common_name"": """", ""score"": 0.03596433252096176}, {""species"": ""Asimina triloba"", ""common_name"": ""Common Pawpaw"", ""score"": 0.03278239071369171}, {""species"": ""Mycosphaerella fraxinicola"", ""common_name"": """", ""score"": 0.025980932638049126}, {""species"": ""Pollaccia americana"", ""common_name"": """", ""score"": 0.020319519564509392}]"
obs_325625055_photo_589595206_box1.jpg,obs_325625055_photo_589595206,/gpfs_common/share03/ftrscape/snair3/wew_notebooks/outputs_crop/obs_325625055_photo_589595206_box1.jpg,1,Mycosphaerella fraxinicola,Mycocentrospora asiminae,FALSE,Tiny part of the image. Fungus,,0.025980933,4,"[{""species"": ""Gnomonia caryae"", ""common_name"": """", ""score"": 0.054039135575294495}, {""species"": ""Plagiostoma fraxini"", ""common_name"": """", ""score"": 0.03596433252096176}, {""species"": ""Asimina triloba"", ""common_name"": ""Common Pawpaw"", ""score"": 0.03278239071369171}, {""species"": ""Mycosphaerella fraxinicola"", ""common_name"": """", ""score"": 0.025980932638049126}, {""species"": ""Pollaccia americana"", ""common_name"": """", ""score"": 0.020319519564509392}]"
obs_325625055_photo_589595206_box1.jpg,obs_325625055_photo_589595206,/gpfs_common/share03/ftrscape/snair3/wew_notebooks/outputs_crop/obs_325625055_photo_589595206_box1.jpg,1,Pollaccia americana,Mycocentrospora asiminae,FALSE,Tiny part of the image. Fungus,,0.02031952,5,"[{""species"": ""Gnomonia caryae"", ""common_name"": """", ""score"": 0.054039135575294495}, {""species"": ""Plagiostoma fraxini"", ""common_name"": """", ""score"": 0.03596433252096176}, {""species"": ""Asimina triloba"", ""common_name"": ""Common Pawpaw"", ""score"": 0.03278239071369171}, {""species"": ""Mycosphaerella fraxinicola"", ""common_name"": """", ""score"": 0.025980932638049126}, {""species"": ""Pollaccia americana"", ""common_name"": """", ""score"": 0.020319519564509392}]"
obs_325625055_photo_589595206_box2.jpg,obs_325625055_photo_589595206,/gpfs_common/share03/ftrscape/snair3/wew_notebooks/outputs_crop/obs_325625055_photo_589595206_box2.jpg,2,Asimina triloba,Mycocentrospora asiminae,FALSE,Tiny part of the image. Fungus,Common Pawpaw,0.501020133,1,"[{""species"": ""Asimina triloba"", ""common_name"": ""Common Pawpaw"", ""score"": 0.5010201334953308}, {""species"": ""Magnolia tripetala"", ""common_name"": ""umbrella magnolia"", ""score"": 0.02782464399933815}, {""species"": ""Coptodisca diospyriella"", ""common_name"": """", ""score"": 0.025548527017235756}, {""species"": ""Aceria carlinae"", ""common_name"": """", ""score"": 0.017943570390343666}, {""species"": ""Erysiphe caryae"", ""common_name"": """", ""score"": 0.014747372828423977}]"
obs_325625055_photo_589595206_box2.jpg,obs_325625055_photo_589595206,/gpfs_common/share03/ftrscape/snair3/wew_notebooks/outputs_crop/obs_325625055_photo_589595206_box2.jpg,2,Magnolia tripetala,Mycocentrospora asiminae,FALSE,Tiny part of the image. Fungus,umbrella magnolia,0.027824644,2,"[{""species"": ""Asimina triloba"", ""common_name"": ""Common Pawpaw"", ""score"": 0.5010201334953308}, {""species"": ""Magnolia tripetala"", ""common_name"": ""umbrella magnolia"", ""score"": 0.02782464399933815}, {""species"": ""Coptodisca diospyriella"", ""common_name"": """", ""score"": 0.025548527017235756}, {""species"": ""Aceria carlinae"", ""common_name"": """", ""score"": 0.017943570390343666}, {""species"": ""Erysiphe caryae"", ""common_name"": """", ""score"": 0.014747372828423977}]"
obs_325625055_photo_589595206_box2.jpg,obs_325625055_photo_589595206,/gpfs_common/share03/ftrscape/snair3/wew_notebooks/outputs_crop/obs_325625055_photo_589595206_box2.jpg,2,Coptodisca diospyriella,Mycocentrospora asiminae,FALSE,Tiny part of the image. Fungus,,0.025548527,3,"[{""species"": ""Asimina triloba"", ""common_name"": ""Common Pawpaw"", ""score"": 0.5010201334953308}, {""species"": ""Magnolia tripetala"", ""common_name"": ""umbrella magnolia"", ""score"": 0.02782464399933815}, {""species"": ""Coptodisca diospyriella"", ""common_name"": """", ""score"": 0.025548527017235756}, {""species"": ""Aceria carlinae"", ""common_name"": """", ""score"": 0.017943570390343666}, {""species"": ""Erysiphe caryae"", ""common_name"": """", ""score"": 0.014747372828423977}]"
obs_325625055_photo_589595206_box2.jpg,obs_325625055_photo_589595206,/gpfs_common/share03/ftrscape/snair3/wew_notebooks/outputs_crop/obs_325625055_photo_589595206_box2.jpg,2,Aceria carlinae,Mycocentrospora asiminae,FALSE,Tiny part of the image. Fungus,,0.01794357,4,"[{""species"": ""Asimina triloba"", ""common_name"": ""Common Pawpaw"", ""score"": 0.5010201334953308}, {""species"": ""Magnolia tripetala"", ""common_name"": ""umbrella magnolia"", ""score"": 0.02782464399933815}, {""species"": ""Coptodisca diospyriella"", ""common_name"": """", ""score"": 0.025548527017235756}, {""species"": ""Aceria carlinae"", ""common_name"": """", ""score"": 0.017943570390343666}, {""species"": ""Erysiphe caryae"", ""common_name"": """", ""score"": 0.014747372828423977}]"
obs_325625055_photo_589595206_box2.jpg,obs_325625055_photo_589595206,/gpfs_common/share03/ftrscape/snair3/wew_notebooks/outputs_crop/obs_325625055_photo_589595206_box2.jpg,2,Erysiphe caryae,Mycocentrospora asiminae,FALSE,Tiny part of the image. Fungus,,0.014747373,5,"[{""species"": ""Asimina triloba"", ""common_name"": ""Common Pawpaw"", ""score"": 0.5010201334953308}, {""species"": ""Magnolia tripetala"", ""common_name"": ""umbrella magnolia"", ""score"": 0.02782464399933815}, {""species"": ""Coptodisca diospyriella"", ""common_name"": """", ""score"": 0.025548527017235756}, {""species"": ""Aceria carlinae"", ""common_name"": """", ""score"": 0.017943570390343666}, {""species"": ""Erysiphe caryae"", ""common_name"": """", ""score"": 0.014747372828423977}]"
obs_326876805_photo_592092171_box1.jpg,obs_326876805_photo_592092171,/gpfs_common/share03/ftrscape/snair3/wew_notebooks/outputs_crop/obs_326876805_photo_592092171_box1.jpg,1,Rhytisma acerinum,Rhytisma acerinum,TRUE,,European tar spot,0.69848913,1,"[{""species"": ""Rhytisma acerinum"", ""common_name"": ""European tar spot"", ""score"": 0.6984891295433044}, {""species"": ""Rhytisma americanum"", ""common_name"": ""American tar spot"", ""score"": 0.04821909964084625}, {""species"": ""Phyllachora maydis"", ""common_name"": ""Tar spot"", ""score"": 0.025435671210289}, {""species"": ""Rhytisma punctatum"", ""common_name"": ""Speckled tar spot"", ""score"": 0.012799717485904694}, {""species"": ""Rhytisma asteris"", ""common_name"": """", ""score"": 0.006424034014344215}]"
obs_326876805_photo_592092171_box1.jpg,obs_326876805_photo_592092171,/gpfs_common/share03/ftrscape/snair3/wew_notebooks/outputs_crop/obs_326876805_photo_592092171_box1.jpg,1,Rhytisma americanum,Rhytisma acerinum,FALSE,,American tar spot,0.0482191,2,"[{""species"": ""Rhytisma acerinum"", ""common_name"": ""European tar spot"", ""score"": 0.6984891295433044}, {""species"": ""Rhytisma americanum"", ""common_name"": ""American tar spot"", ""score"": 0.04821909964084625}, {""species"": ""Phyllachora maydis"", ""common_name"": ""Tar spot"", ""score"": 0.025435671210289}, {""species"": ""Rhytisma punctatum"", ""common_name"": ""Speckled tar spot"", ""score"": 0.012799717485904694}, {""species"": ""Rhytisma asteris"", ""common_name"": """", ""score"": 0.006424034014344215}]"
obs_326876805_photo_592092171_box1.jpg,obs_326876805_photo_592092171,/gpfs_common/share03/ftrscape/snair3/wew_notebooks/outputs_crop/obs_326876805_photo_592092171_box1.jpg,1,Phyllachora maydis,Rhytisma acerinum,FALSE,,Tar spot,0.025435671,3,"[{""species"": ""Rhytisma acerinum"", ""common_name"": ""European tar spot"", ""score"": 0.6984891295433044}, {""species"": ""Rhytisma americanum"", ""common_name"": ""American tar spot"", ""score"": 0.04821909964084625}, {""species"": ""Phyllachora maydis"", ""common_name"": ""Tar spot"", ""score"": 0.025435671210289}, {""species"": ""Rhytisma punctatum"", ""common_name"": ""Speckled tar spot"", ""score"": 0.012799717485904694}, {""species"": ""Rhytisma asteris"", ""common_name"": """", ""score"": 0.006424034014344215}]"
obs_326876805_photo_592092171_box1.jpg,obs_326876805_photo_592092171,/gpfs_common/share03/ftrscape/snair3/wew_notebooks/outputs_crop/obs_326876805_photo_592092171_box1.jpg,1,Rhytisma punctatum,Rhytisma acerinum,FALSE,,Speckled tar spot,0.012799717,4,"[{""species"": ""Rhytisma acerinum"", ""common_name"": ""European tar spot"", ""score"": 0.6984891295433044}, {""species"": ""Rhytisma americanum"", ""common_name"": ""American tar spot"", ""score"": 0.04821909964084625}, {""species"": ""Phyllachora maydis"", ""common_name"": ""Tar spot"", ""score"": 0.025435671210289}, {""species"": ""Rhytisma punctatum"", ""common_name"": ""Speckled tar spot"", ""score"": 0.012799717485904694}, {""species"": ""Rhytisma asteris"", ""common_name"": """", ""score"": 0.006424034014344215}]"
obs_326876805_photo_592092171_box1.jpg,obs_326876805_photo_592092171,/gpfs_common/share03/ftrscape/snair3/wew_notebooks/outputs_crop/obs_326876805_photo_592092171_box1.jpg,1,Rhytisma asteris,Rhytisma acerinum,FALSE,,,0.006424034,5,"[{""species"": ""Rhytisma acerinum"", ""common_name"": ""European tar spot"", ""score"": 0.6984891295433044}, {""species"": ""Rhytisma americanum"", ""common_name"": ""American tar spot"", ""score"": 0.04821909964084625}, {""species"": ""Phyllachora maydis"", ""common_name"": ""Tar spot"", ""score"": 0.025435671210289}, {""species"": ""Rhytisma punctatum"", ""common_name"": ""Speckled tar spot"", ""score"": 0.012799717485904694}, {""species"": ""Rhytisma asteris"", ""common_name"": """", ""score"": 0.006424034014344215}]"
obs_326876805_photo_592092171_box2.jpg,obs_326876805_photo_592092171,/gpfs_common/share03/ftrscape/snair3/wew_notebooks/outputs_crop/obs_326876805_photo_592092171_box2.jpg,2,Rhytisma acerinum,Rhytisma acerinum,TRUE,,European tar spot,0.749333322,1,"[{""species"": ""Rhytisma acerinum"", ""common_name"": ""European tar spot"", ""score"": 0.7493333220481873}, {""species"": ""Rhytisma americanum"", ""common_name"": ""American tar spot"", ""score"": 0.023607157170772552}, {""species"": ""Phyllachora maydis"", ""common_name"": ""Tar spot"", ""score"": 0.019928723573684692}, {""species"": ""Rhytisma punctatum"", ""common_name"": ""Speckled tar spot"", ""score"": 0.011367959901690483}, {""species"": ""Rhytisma asteris"", ""common_name"": """", ""score"": 0.006527721416205168}]"
obs_326876805_photo_592092171_box2.jpg,obs_326876805_photo_592092171,/gpfs_common/share03/ftrscape/snair3/wew_notebooks/outputs_crop/obs_326876805_photo_592092171_box2.jpg,2,Rhytisma americanum,Rhytisma acerinum,FALSE,,American tar spot,0.023607157,2,"[{""species"": ""Rhytisma acerinum"", ""common_name"": ""European tar spot"", ""score"": 0.7493333220481873}, {""species"": ""Rhytisma americanum"", ""common_name"": ""American tar spot"", ""score"": 0.023607157170772552}, {""species"": ""Phyllachora maydis"", ""common_name"": ""Tar spot"", ""score"": 0.019928723573684692}, {""species"": ""Rhytisma punctatum"", ""common_name"": ""Speckled tar spot"", ""score"": 0.011367959901690483}, {""species"": ""Rhytisma asteris"", ""common_name"": """", ""score"": 0.006527721416205168}]"
obs_326876805_photo_592092171_box2.jpg,obs_326876805_photo_592092171,/gpfs_common/share03/ftrscape/snair3/wew_notebooks/outputs_crop/obs_326876805_photo_592092171_box2.jpg,2,Phyllachora maydis,Rhytisma acerinum,FALSE,,Tar spot,0.019928724,3,"[{""species"": ""Rhytisma acerinum"", ""common_name"": ""European tar spot"", ""score"": 0.7493333220481873}, {""species"": ""Rhytisma americanum"", ""common_name"": ""American tar spot"", ""score"": 0.023607157170772552}, {""species"": ""Phyllachora maydis"", ""common_name"": ""Tar spot"", ""score"": 0.019928723573684692}, {""species"": ""Rhytisma punctatum"", ""common_name"": ""Speckled tar spot"", ""score"": 0.011367959901690483}, {""species"": ""Rhytisma asteris"", ""common_name"": """", ""score"": 0.006527721416205168}]"
obs_326876805_photo_592092171_box2.jpg,obs_326876805_photo_592092171,/gpfs_common/share03/ftrscape/snair3/wew_notebooks/outputs_crop/obs_326876805_photo_592092171_box2.jpg,2,Rhytisma punctatum,Rhytisma acerinum,FALSE,,Speckled tar spot,0.01136796,4,"[{""species"": ""Rhytisma acerinum"", ""common_name"": ""European tar spot"", ""score"": 0.7493333220481873}, {""species"": ""Rhytisma americanum"", ""common_name"": ""American tar spot"", ""score"": 0.023607157170772552}, {""species"": ""Phyllachora maydis"", ""common_name"": ""Tar spot"", ""score"": 0.019928723573684692}, {""species"": ""Rhytisma punctatum"", ""common_name"": ""Speckled tar spot"", ""score"": 0.011367959901690483}, {""species"": ""Rhytisma asteris"", ""common_name"": """", ""score"": 0.006527721416205168}]"
obs_326876805_photo_592092171_box2.jpg,obs_326876805_photo_592092171,/gpfs_common/share03/ftrscape/snair3/wew_notebooks/outputs_crop/obs_326876805_photo_592092171_box2.jpg,2,Rhytisma asteris,Rhytisma acerinum,FALSE,,,0.006527721,5,"[{""species"": ""Rhytisma acerinum"", ""common_name"": ""European tar spot"", ""score"": 0.7493333220481873}, {""species"": ""Rhytisma americanum"", ""common_name"": ""American tar spot"", ""score"": 0.023607157170772552}, {""species"": ""Phyllachora maydis"", ""common_name"": ""Tar spot"", ""score"": 0.019928723573684692}, {""species"": ""Rhytisma punctatum"", ""common_name"": ""Speckled tar spot"", ""score"": 0.011367959901690483}, {""species"": ""Rhytisma asteris"", ""common_name"": """", ""score"": 0.006527721416205168}]"
obs_326876805_photo_592092171_box3.jpg,obs_326876805_photo_592092171,/gpfs_common/share03/ftrscape/snair3/wew_notebooks/outputs_crop/obs_326876805_photo_592092171_box3.jpg,3,Rhytisma acerinum,Rhytisma acerinum,TRUE,,European tar spot,0.889663219,1,"[{""species"": ""Rhytisma acerinum"", ""common_name"": ""European tar spot"", ""score"": 0.8896632194519043}, {""species"": ""Rhytisma americanum"", ""common_name"": ""American tar spot"", ""score"": 0.015760913491249084}, {""species"": ""Rhytisma punctatum"", ""common_name"": ""Speckled tar spot"", ""score"": 0.008897030726075172}, {""species"": ""Phyllachora maydis"", ""common_name"": ""Tar spot"", ""score"": 0.004051197785884142}, {""species"": ""Rhytisma liriodendri"", ""common_name"": """", ""score"": 0.004050703253597021}]"
obs_326876805_photo_592092171_box3.jpg,obs_326876805_photo_592092171,/gpfs_common/share03/ftrscape/snair3/wew_notebooks/outputs_crop/obs_326876805_photo_592092171_box3.jpg,3,Rhytisma americanum,Rhytisma acerinum,FALSE,,American tar spot,0.015760913,2,"[{""species"": ""Rhytisma acerinum"", ""common_name"": ""European tar spot"", ""score"": 0.8896632194519043}, {""species"": ""Rhytisma americanum"", ""common_name"": ""American tar spot"", ""score"": 0.015760913491249084}, {""species"": ""Rhytisma punctatum"", ""common_name"": ""Speckled tar spot"", ""score"": 0.008897030726075172}, {""species"": ""Phyllachora maydis"", ""common_name"": ""Tar spot"", ""score"": 0.004051197785884142}, {""species"": ""Rhytisma liriodendri"", ""common_name"": """", ""score"": 0.004050703253597021}]"
obs_326876805_photo_592092171_box3.jpg,obs_326876805_photo_592092171,/gpfs_common/share03/ftrscape/snair3/wew_notebooks/outputs_crop/obs_326876805_photo_592092171_box3.jpg,3,Rhytisma punctatum,Rhytisma acerinum,FALSE,,Speckled tar spot,0.008897031,3,"[{""species"": ""Rhytisma acerinum"", ""common_name"": ""European tar spot"", ""score"": 0.8896632194519043}, {""species"": ""Rhytisma americanum"", ""common_name"": ""American tar spot"", ""score"": 0.015760913491249084}, {""species"": ""Rhytisma punctatum"", ""common_name"": ""Speckled tar spot"", ""score"": 0.008897030726075172}, {""species"": ""Phyllachora maydis"", ""common_name"": ""Tar spot"", ""score"": 0.004051197785884142}, {""species"": ""Rhytisma liriodendri"", ""common_name"": """", ""score"": 0.004050703253597021}]"
obs_326876805_photo_592092171_box3.jpg,obs_326876805_photo_592092171,/gpfs_common/share03/ftrscape/snair3/wew_notebooks/outputs_crop/obs_326876805_photo_592092171_box3.jpg,3,Phyllachora maydis,Rhytisma acerinum,FALSE,,Tar spot,0.004051198,4,"[{""species"": ""Rhytisma acerinum"", ""common_name"": ""European tar spot"", ""score"": 0.8896632194519043}, {""species"": ""Rhytisma americanum"", ""common_name"": ""American tar spot"", ""score"": 0.015760913491249084}, {""species"": ""Rhytisma punctatum"", ""common_name"": ""Speckled tar spot"", ""score"": 0.008897030726075172}, {""species"": ""Phyllachora maydis"", ""common_name"": ""Tar spot"", ""score"": 0.004051197785884142}, {""species"": ""Rhytisma liriodendri"", ""common_name"": """", ""score"": 0.004050703253597021}]"
obs_326876805_photo_592092171_box3.jpg,obs_326876805_photo_592092171,/gpfs_common/share03/ftrscape/snair3/wew_notebooks/outputs_crop/obs_326876805_photo_592092171_box3.jpg,3,Rhytisma liriodendri,Rhytisma acerinum,FALSE,,,0.004050703,5,"[{""species"": ""Rhytisma acerinum"", ""common_name"": ""European tar spot"", ""score"": 0.8896632194519043}, {""species"": ""Rhytisma americanum"", ""common_name"": ""American tar spot"", ""score"": 0.015760913491249084}, {""species"": ""Rhytisma punctatum"", ""common_name"": ""Speckled tar spot"", ""score"": 0.008897030726075172}, {""species"": ""Phyllachora maydis"", ""common_name"": ""Tar spot"", ""score"": 0.004051197785884142}, {""species"": ""Rhytisma liriodendri"", ""common_name"": """", ""score"": 0.004050703253597021}]"
obs_326876805_photo_592092171_box4.jpg,obs_326876805_photo_592092171,/gpfs_common/share03/ftrscape/snair3/wew_notebooks/outputs_crop/obs_326876805_photo_592092171_box4.jpg,4,Rhytisma acerinum,Rhytisma acerinum,TRUE,,European tar spot,0.702166617,1,"[{""species"": ""Rhytisma acerinum"", ""common_name"": ""European tar spot"", ""score"": 0.7021666169166565}, {""species"": ""Rhytisma americanum"", ""common_name"": ""American tar spot"", ""score"": 0.02701263688504696}, {""species"": ""Rhytisma asteris"", ""common_name"": """", ""score"": 0.02397097460925579}, {""species"": ""Phyllachora maydis"", ""common_name"": ""Tar spot"", ""score"": 0.012048306874930859}, {""species"": ""Rhytisma punctatum"", ""common_name"": ""Speckled tar spot"", ""score"": 0.010438083671033382}]"
obs_326876805_photo_592092171_box4.jpg,obs_326876805_photo_592092171,/gpfs_common/share03/ftrscape/snair3/wew_notebooks/outputs_crop/obs_326876805_photo_592092171_box4.jpg,4,Rhytisma americanum,Rhytisma acerinum,FALSE,,American tar spot,0.027012637,2,"[{""species"": ""Rhytisma acerinum"", ""common_name"": ""European tar spot"", ""score"": 0.7021666169166565}, {""species"": ""Rhytisma americanum"", ""common_name"": ""American tar spot"", ""score"": 0.02701263688504696}, {""species"": ""Rhytisma asteris"", ""common_name"": """", ""score"": 0.02397097460925579}, {""species"": ""Phyllachora maydis"", ""common_name"": ""Tar spot"", ""score"": 0.012048306874930859}, {""species"": ""Rhytisma punctatum"", ""common_name"": ""Speckled tar spot"", ""score"": 0.010438083671033382}]"
obs_326876805_photo_592092171_box4.jpg,obs_326876805_photo_592092171,/gpfs_common/share03/ftrscape/snair3/wew_notebooks/outputs_crop/obs_326876805_photo_592092171_box4.jpg,4,Rhytisma asteris,Rhytisma acerinum,FALSE,,,0.023970975,3,"[{""species"": ""Rhytisma acerinum"", ""common_name"": ""European tar spot"", ""score"": 0.7021666169166565}, {""species"": ""Rhytisma americanum"", ""common_name"": ""American tar spot"", ""score"": 0.02701263688504696}, {""species"": ""Rhytisma asteris"", ""common_name"": """", ""score"": 0.02397097460925579}, {""species"": ""Phyllachora maydis"", ""common_name"": ""Tar spot"", ""score"": 0.012048306874930859}, {""species"": ""Rhytisma punctatum"", ""common_name"": ""Speckled tar spot"", ""score"": 0.010438083671033382}]"
obs_326876805_photo_592092171_box4.jpg,obs_326876805_photo_592092171,/gpfs_common/share03/ftrscape/snair3/wew_notebooks/outputs_crop/obs_326876805_photo_592092171_box4.jpg,4,Phyllachora maydis,Rhytisma acerinum,FALSE,,Tar spot,0.012048307,4,"[{""species"": ""Rhytisma acerinum"", ""common_name"": ""European tar spot"", ""score"": 0.7021666169166565}, {""species"": ""Rhytisma americanum"", ""common_name"": ""American tar spot"", ""score"": 0.02701263688504696}, {""species"": ""Rhytisma asteris"", ""common_name"": """", ""score"": 0.02397097460925579}, {""species"": ""Phyllachora maydis"", ""common_name"": ""Tar spot"", ""score"": 0.012048306874930859}, {""species"": ""Rhytisma punctatum"", ""common_name"": ""Speckled tar spot"", ""score"": 0.010438083671033382}]"
obs_326876805_photo_592092171_box4.jpg,obs_326876805_photo_592092171,/gpfs_common/share03/ftrscape/snair3/wew_notebooks/outputs_crop/obs_326876805_photo_592092171_box4.jpg,4,Rhytisma punctatum,Rhytisma acerinum,FALSE,,Speckled tar spot,0.010438084,5,"[{""species"": ""Rhytisma acerinum"", ""common_name"": ""European tar spot"", ""score"": 0.7021666169166565}, {""species"": ""Rhytisma americanum"", ""common_name"": ""American tar spot"", ""score"": 0.02701263688504696}, {""species"": ""Rhytisma asteris"", ""common_name"": """", ""score"": 0.02397097460925579}, {""species"": ""Phyllachora maydis"", ""common_name"": ""Tar spot"", ""score"": 0.012048306874930859}, {""species"": ""Rhytisma punctatum"", ""common_name"": ""Speckled tar spot"", ""score"": 0.010438083671033382}]"
obs_326876805_photo_592092171_box5.jpg,obs_326876805_photo_592092171,/gpfs_common/share03/ftrscape/snair3/wew_notebooks/outputs_crop/obs_326876805_photo_592092171_box5.jpg,5,Rhytisma acerinum,Rhytisma acerinum,TRUE,,European tar spot,0.873635411,1,"[{""species"": ""Rhytisma acerinum"", ""common_name"": ""European tar spot"", ""score"": 0.8736354112625122}, {""species"": ""Rhytisma americanum"", ""common_name"": ""American tar spot"", ""score"": 0.03868444263935089}, {""species"": ""Rhytisma punctatum"", ""common_name"": ""Speckled tar spot"", ""score"": 0.007416929583996534}, {""species"": ""Phyllachora maydis"", ""common_name"": ""Tar spot"", ""score"": 0.005561044905334711}, {""species"": ""Pleuroceras pseudoplatani"", ""common_name"": """", ""score"": 0.0015216744504868984}]"
obs_326876805_photo_592092171_box5.jpg,obs_326876805_photo_592092171,/gpfs_common/share03/ftrscape/snair3/wew_notebooks/outputs_crop/obs_326876805_photo_592092171_box5.jpg,5,Rhytisma americanum,Rhytisma acerinum,FALSE,,American tar spot,0.038684443,2,"[{""species"": ""Rhytisma acerinum"", ""common_name"": ""European tar spot"", ""score"": 0.8736354112625122}, {""species"": ""Rhytisma americanum"", ""common_name"": ""American tar spot"", ""score"": 0.03868444263935089}, {""species"": ""Rhytisma punctatum"", ""common_name"": ""Speckled tar spot"", ""score"": 0.007416929583996534}, {""species"": ""Phyllachora maydis"", ""common_name"": ""Tar spot"", ""score"": 0.005561044905334711}, {""species"": ""Pleuroceras pseudoplatani"", ""common_name"": """", ""score"": 0.0015216744504868984}]"
obs_326876805_photo_592092171_box5.jpg,obs_326876805_photo_592092171,/gpfs_common/share03/ftrscape/snair3/wew_notebooks/outputs_crop/obs_326876805_photo_592092171_box5.jpg,5,Rhytisma punctatum,Rhytisma acerinum,FALSE,,Speckled tar spot,0.00741693,3,"[{""species"": ""Rhytisma acerinum"", ""common_name"": ""European tar spot"", ""score"": 0.8736354112625122}, {""species"": ""Rhytisma americanum"", ""common_name"": ""American tar spot"", ""score"": 0.03868444263935089}, {""species"": ""Rhytisma punctatum"", ""common_name"": ""Speckled tar spot"", ""score"": 0.007416929583996534}, {""species"": ""Phyllachora maydis"", ""common_name"": ""Tar spot"", ""score"": 0.005561044905334711}, {""species"": ""Pleuroceras pseudoplatani"", ""common_name"": """", ""score"": 0.0015216744504868984}]"
obs_326876805_photo_592092171_box5.jpg,obs_326876805_photo_592092171,/gpfs_common/share03/ftrscape/snair3/wew_notebooks/outputs_crop/obs_326876805_photo_592092171_box5.jpg,5,Phyllachora maydis,Rhytisma acerinum,FALSE,,Tar spot,0.005561045,4,"[{""species"": ""Rhytisma acerinum"", ""common_name"": ""European tar spot"", ""score"": 0.8736354112625122}, {""species"": ""Rhytisma americanum"", ""common_name"": ""American tar spot"", ""score"": 0.03868444263935089}, {""species"": ""Rhytisma punctatum"", ""common_name"": ""Speckled tar spot"", ""score"": 0.007416929583996534}, {""species"": ""Phyllachora maydis"", ""common_name"": ""Tar spot"", ""score"": 0.005561044905334711}, {""species"": ""Pleuroceras pseudoplatani"", ""common_name"": """", ""score"": 0.0015216744504868984}]"
obs_326876805_photo_592092171_box5.jpg,obs_326876805_photo_592092171,/gpfs_common/share03/ftrscape/snair3/wew_notebooks/outputs_crop/obs_326876805_photo_592092171_box5.jpg,5,Pleuroceras pseudoplatani,Rhytisma acerinum,FALSE,,,0.001521674,5,"[{""species"": ""Rhytisma acerinum"", ""common_name"": ""European tar spot"", ""score"": 0.8736354112625122}, {""species"": ""Rhytisma americanum"", ""common_name"": ""American tar spot"", ""score"": 0.03868444263935089}, {""species"": ""Rhytisma punctatum"", ""common_name"": ""Speckled tar spot"", ""score"": 0.007416929583996534}, {""species"": ""Phyllachora maydis"", ""common_name"": ""Tar spot"", ""score"": 0.005561044905334711}, {""species"": ""Pleuroceras pseudoplatani"", ""common_name"": """", ""score"": 0.0015216744504868984}]"
obs_327076113_photo_592488640_box1.jpg,obs_327076113_photo_592488640,/gpfs_common/share03/ftrscape/snair3/wew_notebooks/outputs_crop/obs_327076113_photo_592488640_box1.jpg,1,Creniola breviceps,Anthopleura artemisia,FALSE,Tiny part of the image. ,,0.100119062,1,"[{""species"": ""Creniola breviceps"", ""common_name"": """", ""score"": 0.10011906176805496}, {""species"": ""Apeltes quadracus"", ""common_name"": ""Fourspine stickleback"", ""score"": 0.09662206470966339}, {""species"": ""Spinachia spinachia"", ""common_name"": ""Fifteen-spined stickleback"", ""score"": 0.08170294761657715}, {""species"": ""Nuchequula glenysae"", ""common_name"": ""Twoblotch Ponyfish"", ""score"": 0.06293460726737976}, {""species"": ""Nuchequula nuchalis"", ""common_name"": ""Spotnape ponyfish"", ""score"": 0.02772580273449421}]"
obs_327076113_photo_592488640_box1.jpg,obs_327076113_photo_592488640,/gpfs_common/share03/ftrscape/snair3/wew_notebooks/outputs_crop/obs_327076113_photo_592488640_box1.jpg,1,Apeltes quadracus,Anthopleura artemisia,FALSE,Tiny part of the image. ,Fourspine stickleback,0.096622065,2,"[{""species"": ""Creniola breviceps"", ""common_name"": """", ""score"": 0.10011906176805496}, {""species"": ""Apeltes quadracus"", ""common_name"": ""Fourspine stickleback"", ""score"": 0.09662206470966339}, {""species"": ""Spinachia spinachia"", ""common_name"": ""Fifteen-spined stickleback"", ""score"": 0.08170294761657715}, {""species"": ""Nuchequula glenysae"", ""common_name"": ""Twoblotch Ponyfish"", ""score"": 0.06293460726737976}, {""species"": ""Nuchequula nuchalis"", ""common_name"": ""Spotnape ponyfish"", ""score"": 0.02772580273449421}]"
obs_327076113_photo_592488640_box1.jpg,obs_327076113_photo_592488640,/gpfs_common/share03/ftrscape/snair3/wew_notebooks/outputs_crop/obs_327076113_photo_592488640_box1.jpg,1,Spinachia spinachia,Anthopleura artemisia,FALSE,Tiny part of the image. ,Fifteen-spined stickleback,0.081702948,3,"[{""species"": ""Creniola breviceps"", ""common_name"": """", ""score"": 0.10011906176805496}, {""species"": ""Apeltes quadracus"", ""common_name"": ""Fourspine stickleback"", ""score"": 0.09662206470966339}, {""species"": ""Spinachia spinachia"", ""common_name"": ""Fifteen-spined stickleback"", ""score"": 0.08170294761657715}, {""species"": ""Nuchequula glenysae"", ""common_name"": ""Twoblotch Ponyfish"", ""score"": 0.06293460726737976}, {""species"": ""Nuchequula nuchalis"", ""common_name"": ""Spotnape ponyfish"", ""score"": 0.02772580273449421}]"
obs_327076113_photo_592488640_box1.jpg,obs_327076113_photo_592488640,/gpfs_common/share03/ftrscape/snair3/wew_notebooks/outputs_crop/obs_327076113_photo_592488640_box1.jpg,1,Nuchequula glenysae,Anthopleura artemisia,FALSE,Tiny part of the image. ,Twoblotch Ponyfish,0.062934607,4,"[{""species"": ""Creniola breviceps"", ""common_name"": """", ""score"": 0.10011906176805496}, {""species"": ""Apeltes quadracus"", ""common_name"": ""Fourspine stickleback"", ""score"": 0.09662206470966339}, {""species"": ""Spinachia spinachia"", ""common_name"": ""Fifteen-spined stickleback"", ""score"": 0.08170294761657715}, {""species"": ""Nuchequula glenysae"", ""common_name"": ""Twoblotch Ponyfish"", ""score"": 0.06293460726737976}, {""species"": ""Nuchequula nuchalis"", ""common_name"": ""Spotnape ponyfish"", ""score"": 0.02772580273449421}]"
obs_327076113_photo_592488640_box1.jpg,obs_327076113_photo_592488640,/gpfs_common/share03/ftrscape/snair3/wew_notebooks/outputs_crop/obs_327076113_photo_592488640_box1.jpg,1,Nuchequula nuchalis,Anthopleura artemisia,FALSE,Tiny part of the image. ,Spotnape ponyfish,0.027725803,5,"[{""species"": ""Creniola breviceps"", ""common_name"": """", ""score"": 0.10011906176805496}, {""species"": ""Apeltes quadracus"", ""common_name"": ""Fourspine stickleback"", ""score"": 0.09662206470966339}, {""species"": ""Spinachia spinachia"", ""common_name"": ""Fifteen-spined stickleback"", ""score"": 0.08170294761657715}, {""species"": ""Nuchequula glenysae"", ""common_name"": ""Twoblotch Ponyfish"", ""score"": 0.06293460726737976}, {""species"": ""Nuchequula nuchalis"", ""common_name"": ""Spotnape ponyfish"", ""score"": 0.02772580273449421}]"
obs_327076113_photo_592488640_box2.jpg,obs_327076113_photo_592488640,/gpfs_common/share03/ftrscape/snair3/wew_notebooks/outputs_crop/obs_327076113_photo_592488640_box2.jpg,2,Creniola breviceps,Anthopleura artemisia,FALSE,Tiny part of the image. ,,0.275073051,1,"[{""species"": ""Creniola breviceps"", ""common_name"": """", ""score"": 0.2750730514526367}, {""species"": ""Nuchequula glenysae"", ""common_name"": ""Twoblotch Ponyfish"", ""score"": 0.05494088679552078}, {""species"": ""Apeltes quadracus"", ""common_name"": ""Fourspine stickleback"", ""score"": 0.04848775640130043}, {""species"": ""Spinachia spinachia"", ""common_name"": ""Fifteen-spined stickleback"", ""score"": 0.040136776864528656}, {""species"": ""Nuchequula blochii"", ""common_name"": ""Twoblotch ponyfish"", ""score"": 0.024393269792199135}]"
obs_327076113_photo_592488640_box2.jpg,obs_327076113_photo_592488640,/gpfs_common/share03/ftrscape/snair3/wew_notebooks/outputs_crop/obs_327076113_photo_592488640_box2.jpg,2,Nuchequula glenysae,Anthopleura artemisia,FALSE,Tiny part of the image. ,Twoblotch Ponyfish,0.054940887,2,"[{""species"": ""Creniola breviceps"", ""common_name"": """", ""score"": 0.2750730514526367}, {""species"": ""Nuchequula glenysae"", ""common_name"": ""Twoblotch Ponyfish"", ""score"": 0.05494088679552078}, {""species"": ""Apeltes quadracus"", ""common_name"": ""Fourspine stickleback"", ""score"": 0.04848775640130043}, {""species"": ""Spinachia spinachia"", ""common_name"": ""Fifteen-spined stickleback"", ""score"": 0.040136776864528656}, {""species"": ""Nuchequula blochii"", ""common_name"": ""Twoblotch ponyfish"", ""score"": 0.024393269792199135}]"
obs_327076113_photo_592488640_box2.jpg,obs_327076113_photo_592488640,/gpfs_common/share03/ftrscape/snair3/wew_notebooks/outputs_crop/obs_327076113_photo_592488640_box2.jpg,2,Apeltes quadracus,Anthopleura artemisia,FALSE,Tiny part of the image. ,Fourspine stickleback,0.048487756,3,"[{""species"": ""Creniola breviceps"", ""common_name"": """", ""score"": 0.2750730514526367}, {""species"": ""Nuchequula glenysae"", ""common_name"": ""Twoblotch Ponyfish"", ""score"": 0.05494088679552078}, {""species"": ""Apeltes quadracus"", ""common_name"": ""Fourspine stickleback"", ""score"": 0.04848775640130043}, {""species"": ""Spinachia spinachia"", ""common_name"": ""Fifteen-spined stickleback"", ""score"": 0.040136776864528656}, {""species"": ""Nuchequula blochii"", ""common_name"": ""Twoblotch ponyfish"", ""score"": 0.024393269792199135}]"
obs_327076113_photo_592488640_box2.jpg,obs_327076113_photo_592488640,/gpfs_common/share03/ftrscape/snair3/wew_notebooks/outputs_crop/obs_327076113_photo_592488640_box2.jpg,2,Spinachia spinachia,Anthopleura artemisia,FALSE,Tiny part of the image. ,Fifteen-spined stickleback,0.040136777,4,"[{""species"": ""Creniola breviceps"", ""common_name"": """", ""score"": 0.2750730514526367}, {""species"": ""Nuchequula glenysae"", ""common_name"": ""Twoblotch Ponyfish"", ""score"": 0.05494088679552078}, {""species"": ""Apeltes quadracus"", ""common_name"": ""Fourspine stickleback"", ""score"": 0.04848775640130043}, {""species"": ""Spinachia spinachia"", ""common_name"": ""Fifteen-spined stickleback"", ""score"": 0.040136776864528656}, {""species"": ""Nuchequula blochii"", ""common_name"": ""Twoblotch ponyfish"", ""score"": 0.024393269792199135}]"
obs_327076113_photo_592488640_box2.jpg,obs_327076113_photo_592488640,/gpfs_common/share03/ftrscape/snair3/wew_notebooks/outputs_crop/obs_327076113_photo_592488640_box2.jpg,2,Nuchequula blochii,Anthopleura artemisia,FALSE,Tiny part of the image. ,Twoblotch ponyfish,0.02439327,5,"[{""species"": ""Creniola breviceps"", ""common_name"": """", ""score"": 0.2750730514526367}, {""species"": ""Nuchequula glenysae"", ""common_name"": ""Twoblotch Ponyfish"", ""score"": 0.05494088679552078}, {""species"": ""Apeltes quadracus"", ""common_name"": ""Fourspine stickleback"", ""score"": 0.04848775640130043}, {""species"": ""Spinachia spinachia"", ""common_name"": ""Fifteen-spined stickleback"", ""score"": 0.040136776864528656}, {""species"": ""Nuchequula blochii"", ""common_name"": ""Twoblotch ponyfish"", ""score"": 0.024393269792199135}]"
obs_327076113_photo_592488640_box3.jpg,obs_327076113_photo_592488640,/gpfs_common/share03/ftrscape/snair3/wew_notebooks/outputs_crop/obs_327076113_photo_592488640_box3.jpg,3,Anthopleura dixoniana,Anthopleura artemisia,FALSE,Same taxon genus but wrong species level,,0.066670798,1,"[{""species"": ""Anthopleura dixoniana"", ""common_name"": """", ""score"": 0.06667079776525497}, {""species"": ""Thalassianthus aster"", ""common_name"": """", ""score"": 0.06141720339655876}, {""species"": ""Anthopleura handi"", ""common_name"": """", ""score"": 0.039076097309589386}, {""species"": ""Anthopleura hermaphroditica"", ""common_name"": ""Sea Anemone"", ""score"": 0.03241945430636406}, {""species"": ""Aulactinia stella"", ""common_name"": ""Silver-spotted sea anemone"", ""score"": 0.02567056566476822}]"
obs_327076113_photo_592488640_box3.jpg,obs_327076113_photo_592488640,/gpfs_common/share03/ftrscape/snair3/wew_notebooks/outputs_crop/obs_327076113_photo_592488640_box3.jpg,3,Thalassianthus aster,Anthopleura artemisia,FALSE,Misidentified as a different species,,0.061417203,2,"[{""species"": ""Anthopleura dixoniana"", ""common_name"": """", ""score"": 0.06667079776525497}, {""species"": ""Thalassianthus aster"", ""common_name"": """", ""score"": 0.06141720339655876}, {""species"": ""Anthopleura handi"", ""common_name"": """", ""score"": 0.039076097309589386}, {""species"": ""Anthopleura hermaphroditica"", ""common_name"": ""Sea Anemone"", ""score"": 0.03241945430636406}, {""species"": ""Aulactinia stella"", ""common_name"": ""Silver-spotted sea anemone"", ""score"": 0.02567056566476822}]"
obs_327076113_photo_592488640_box3.jpg,obs_327076113_photo_592488640,/gpfs_common/share03/ftrscape/snair3/wew_notebooks/outputs_crop/obs_327076113_photo_592488640_box3.jpg,3,Anthopleura handi,Anthopleura artemisia,FALSE,Same taxon genus but wrong species level,,0.039076097,3,"[{""species"": ""Anthopleura dixoniana"", ""common_name"": """", ""score"": 0.06667079776525497}, {""species"": ""Thalassianthus aster"", ""common_name"": """", ""score"": 0.06141720339655876}, {""species"": ""Anthopleura handi"", ""common_name"": """", ""score"": 0.039076097309589386}, {""species"": ""Anthopleura hermaphroditica"", ""common_name"": ""Sea Anemone"", ""score"": 0.03241945430636406}, {""species"": ""Aulactinia stella"", ""common_name"": ""Silver-spotted sea anemone"", ""score"": 0.02567056566476822}]"
obs_327076113_photo_592488640_box3.jpg,obs_327076113_photo_592488640,/gpfs_common/share03/ftrscape/snair3/wew_notebooks/outputs_crop/obs_327076113_photo_592488640_box3.jpg,3,Anthopleura hermaphroditica,Anthopleura artemisia,FALSE,Same taxon genus but wrong species level,Sea Anemone,0.032419454,4,"[{""species"": ""Anthopleura dixoniana"", ""common_name"": """", ""score"": 0.06667079776525497}, {""species"": ""Thalassianthus aster"", ""common_name"": """", ""score"": 0.06141720339655876}, {""species"": ""Anthopleura handi"", ""common_name"": """", ""score"": 0.039076097309589386}, {""species"": ""Anthopleura hermaphroditica"", ""common_name"": ""Sea Anemone"", ""score"": 0.03241945430636406}, {""species"": ""Aulactinia stella"", ""common_name"": ""Silver-spotted sea anemone"", ""score"": 0.02567056566476822}]"
obs_327076113_photo_592488640_box3.jpg,obs_327076113_photo_592488640,/gpfs_common/share03/ftrscape/snair3/wew_notebooks/outputs_crop/obs_327076113_photo_592488640_box3.jpg,3,Aulactinia stella,Anthopleura artemisia,FALSE,Misidentified as a different species,Silver-spotted sea anemone,0.025670566,5,"[{""species"": ""Anthopleura dixoniana"", ""common_name"": """", ""score"": 0.06667079776525497}, {""species"": ""Thalassianthus aster"", ""common_name"": """", ""score"": 0.06141720339655876}, {""species"": ""Anthopleura handi"", ""common_name"": """", ""score"": 0.039076097309589386}, {""species"": ""Anthopleura hermaphroditica"", ""common_name"": ""Sea Anemone"", ""score"": 0.03241945430636406}, {""species"": ""Aulactinia stella"", ""common_name"": ""Silver-spotted sea anemone"", ""score"": 0.02567056566476822}]"
obs_327076113_photo_592488640_box4.jpg,obs_327076113_photo_592488640,/gpfs_common/share03/ftrscape/snair3/wew_notebooks/outputs_crop/obs_327076113_photo_592488640_box4.jpg,4,Anthopleura handi,Anthopleura artemisia,FALSE,Same taxon genus but wrong species level,,0.219861507,1,"[{""species"": ""Anthopleura handi"", ""common_name"": """", ""score"": 0.21986150741577148}, {""species"": ""Anthopleura dixoniana"", ""common_name"": """", ""score"": 0.2104537934064865}, {""species"": ""Gyractis sesere"", ""common_name"": """", ""score"": 0.17791619896888733}, {""species"": ""Parantheopsis cruentata"", ""common_name"": ""Sea Anemone"", ""score"": 0.07131216675043106}, {""species"": ""Anthopleura hermaphroditica"", ""common_name"": ""Sea Anemone"", ""score"": 0.043217066675424576}]"
obs_327076113_photo_592488640_box4.jpg,obs_327076113_photo_592488640,/gpfs_common/share03/ftrscape/snair3/wew_notebooks/outputs_crop/obs_327076113_photo_592488640_box4.jpg,4,Anthopleura dixoniana,Anthopleura artemisia,FALSE,Same taxon genus but wrong species level,,0.210453793,2,"[{""species"": ""Anthopleura handi"", ""common_name"": """", ""score"": 0.21986150741577148}, {""species"": ""Anthopleura dixoniana"", ""common_name"": """", ""score"": 0.2104537934064865}, {""species"": ""Gyractis sesere"", ""common_name"": """", ""score"": 0.17791619896888733}, {""species"": ""Parantheopsis cruentata"", ""common_name"": ""Sea Anemone"", ""score"": 0.07131216675043106}, {""species"": ""Anthopleura hermaphroditica"", ""common_name"": ""Sea Anemone"", ""score"": 0.043217066675424576}]"
obs_327076113_photo_592488640_box4.jpg,obs_327076113_photo_592488640,/gpfs_common/share03/ftrscape/snair3/wew_notebooks/outputs_crop/obs_327076113_photo_592488640_box4.jpg,4,Gyractis sesere,Anthopleura artemisia,FALSE,Misidentified as a different species,,0.177916199,3,"[{""species"": ""Anthopleura handi"", ""common_name"": """", ""score"": 0.21986150741577148}, {""species"": ""Anthopleura dixoniana"", ""common_name"": """", ""score"": 0.2104537934064865}, {""species"": ""Gyractis sesere"", ""common_name"": """", ""score"": 0.17791619896888733}, {""species"": ""Parantheopsis cruentata"", ""common_name"": ""Sea Anemone"", ""score"": 0.07131216675043106}, {""species"": ""Anthopleura hermaphroditica"", ""common_name"": ""Sea Anemone"", ""score"": 0.043217066675424576}]"
obs_327076113_photo_592488640_box4.jpg,obs_327076113_photo_592488640,/gpfs_common/share03/ftrscape/snair3/wew_notebooks/outputs_crop/obs_327076113_photo_592488640_box4.jpg,4,Parantheopsis cruentata,Anthopleura artemisia,FALSE,Misidentified as a different species,Sea Anemone,0.071312167,4,"[{""species"": ""Anthopleura handi"", ""common_name"": """", ""score"": 0.21986150741577148}, {""species"": ""Anthopleura dixoniana"", ""common_name"": """", ""score"": 0.2104537934064865}, {""species"": ""Gyractis sesere"", ""common_name"": """", ""score"": 0.17791619896888733}, {""species"": ""Parantheopsis cruentata"", ""common_name"": ""Sea Anemone"", ""score"": 0.07131216675043106}, {""species"": ""Anthopleura hermaphroditica"", ""common_name"": ""Sea Anemone"", ""score"": 0.043217066675424576}]"
obs_327076113_photo_592488640_box4.jpg,obs_327076113_photo_592488640,/gpfs_common/share03/ftrscape/snair3/wew_notebooks/outputs_crop/obs_327076113_photo_592488640_box4.jpg,4,Anthopleura hermaphroditica,Anthopleura artemisia,FALSE,Same taxon genus but wrong species level,Sea Anemone,0.043217067,5,"[{""species"": ""Anthopleura handi"", ""common_name"": """", ""score"": 0.21986150741577148}, {""species"": ""Anthopleura dixoniana"", ""common_name"": """", ""score"": 0.2104537934064865}, {""species"": ""Gyractis sesere"", ""common_name"": """", ""score"": 0.17791619896888733}, {""species"": ""Parantheopsis cruentata"", ""common_name"": ""Sea Anemone"", ""score"": 0.07131216675043106}, {""species"": ""Anthopleura hermaphroditica"", ""common_name"": ""Sea Anemone"", ""score"": 0.043217066675424576}]"
obs_327076113_photo_592488640_box5.jpg,obs_327076113_photo_592488640,/gpfs_common/share03/ftrscape/snair3/wew_notebooks/outputs_crop/obs_327076113_photo_592488640_box5.jpg,5,Gasterosteus aculeatus,Anthopleura artemisia,FALSE,Prey not in the image,Three-spined stickleback,0.477531791,1,"[{""species"": ""Gasterosteus aculeatus"", ""common_name"": ""Three-spined stickleback"", ""score"": 0.4775317907333374}, {""species"": ""Gasterosteus microcephalus"", ""common_name"": """", ""score"": 0.25784698128700256}, {""species"": ""Gasterosteus wheatlandi"", ""common_name"": ""Blackspotted stickleback"", ""score"": 0.12669658660888672}, {""species"": ""Gasterosteus islandicus"", ""common_name"": ""Icelandic stickleback"", ""score"": 0.03305203840136528}, {""species"": ""Pungitius pungitius"", ""common_name"": ""Nine-spined stickleback"", ""score"": 0.024485664442181587}]"
obs_327076113_photo_592488640_box5.jpg,obs_327076113_photo_592488640,/gpfs_common/share03/ftrscape/snair3/wew_notebooks/outputs_crop/obs_327076113_photo_592488640_box5.jpg,5,Gasterosteus microcephalus,Anthopleura artemisia,FALSE,Prey not in the image,,0.257846981,2,"[{""species"": ""Gasterosteus aculeatus"", ""common_name"": ""Three-spined stickleback"", ""score"": 0.4775317907333374}, {""species"": ""Gasterosteus microcephalus"", ""common_name"": """", ""score"": 0.25784698128700256}, {""species"": ""Gasterosteus wheatlandi"", ""common_name"": ""Blackspotted stickleback"", ""score"": 0.12669658660888672}, {""species"": ""Gasterosteus islandicus"", ""common_name"": ""Icelandic stickleback"", ""score"": 0.03305203840136528}, {""species"": ""Pungitius pungitius"", ""common_name"": ""Nine-spined stickleback"", ""score"": 0.024485664442181587}]"
obs_327076113_photo_592488640_box5.jpg,obs_327076113_photo_592488640,/gpfs_common/share03/ftrscape/snair3/wew_notebooks/outputs_crop/obs_327076113_photo_592488640_box5.jpg,5,Gasterosteus wheatlandi,Anthopleura artemisia,FALSE,Prey not in the image,Blackspotted stickleback,0.126696587,3,"[{""species"": ""Gasterosteus aculeatus"", ""common_name"": ""Three-spined stickleback"", ""score"": 0.4775317907333374}, {""species"": ""Gasterosteus microcephalus"", ""common_name"": """", ""score"": 0.25784698128700256}, {""species"": ""Gasterosteus wheatlandi"", ""common_name"": ""Blackspotted stickleback"", ""score"": 0.12669658660888672}, {""species"": ""Gasterosteus islandicus"", ""common_name"": ""Icelandic stickleback"", ""score"": 0.03305203840136528}, {""species"": ""Pungitius pungitius"", ""common_name"": ""Nine-spined stickleback"", ""score"": 0.024485664442181587}]"
obs_327076113_photo_592488640_box5.jpg,obs_327076113_photo_592488640,/gpfs_common/share03/ftrscape/snair3/wew_notebooks/outputs_crop/obs_327076113_photo_592488640_box5.jpg,5,Gasterosteus islandicus,Anthopleura artemisia,FALSE,Prey not in the image,Icelandic stickleback,0.033052038,4,"[{""species"": ""Gasterosteus aculeatus"", ""common_name"": ""Three-spined stickleback"", ""score"": 0.4775317907333374}, {""species"": ""Gasterosteus microcephalus"", ""common_name"": """", ""score"": 0.25784698128700256}, {""species"": ""Gasterosteus wheatlandi"", ""common_name"": ""Blackspotted stickleback"", ""score"": 0.12669658660888672}, {""species"": ""Gasterosteus islandicus"", ""common_name"": ""Icelandic stickleback"", ""score"": 0.03305203840136528}, {""species"": ""Pungitius pungitius"", ""common_name"": ""Nine-spined stickleback"", ""score"": 0.024485664442181587}]"
obs_327076113_photo_592488640_box5.jpg,obs_327076113_photo_592488640,/gpfs_common/share03/ftrscape/snair3/wew_notebooks/outputs_crop/obs_327076113_photo_592488640_box5.jpg,5,Pungitius pungitius,Anthopleura artemisia,FALSE,Prey not in the image,Nine-spined stickleback,0.024485664,5,"[{""species"": ""Gasterosteus aculeatus"", ""common_name"": ""Three-spined stickleback"", ""score"": 0.4775317907333374}, {""species"": ""Gasterosteus microcephalus"", ""common_name"": """", ""score"": 0.25784698128700256}, {""species"": ""Gasterosteus wheatlandi"", ""common_name"": ""Blackspotted stickleback"", ""score"": 0.12669658660888672}, {""species"": ""Gasterosteus islandicus"", ""common_name"": ""Icelandic stickleback"", ""score"": 0.03305203840136528}, {""species"": ""Pungitius pungitius"", ""common_name"": ""Nine-spined stickleback"", ""score"": 0.024485664442181587}]"
obs_331752340_photo_601901044_box1.jpg,obs_331752340_photo_601901044,/gpfs_common/share03/ftrscape/snair3/wew_notebooks/outputs_crop/obs_331752340_photo_601901044_box1.jpg,1,Diaporthe kalmiae,Phyllosticta asiminae,FALSE,Tiny part of the image. Fungus,,0.126513749,1,"[{""species"": ""Diaporthe kalmiae"", ""common_name"": """", ""score"": 0.1265137493610382}, {""species"": ""Pseudocercospora kaki"", ""common_name"": """", ""score"": 0.08428726345300674}, {""species"": ""Symplocos tinctoria"", ""common_name"": ""Horse-sugar"", ""score"": 0.05476607009768486}, {""species"": ""Neolasioptera linderae"", ""common_name"": """", ""score"": 0.05473724752664566}, {""species"": ""Coptodisca diospyriella"", ""common_name"": """", ""score"": 0.025479663163423538}]"
obs_331752340_photo_601901044_box1.jpg,obs_331752340_photo_601901044,/gpfs_common/share03/ftrscape/snair3/wew_notebooks/outputs_crop/obs_331752340_photo_601901044_box1.jpg,1,Pseudocercospora kaki,Phyllosticta asiminae,FALSE,Tiny part of the image. Fungus,,0.084287263,2,"[{""species"": ""Diaporthe kalmiae"", ""common_name"": """", ""score"": 0.1265137493610382}, {""species"": ""Pseudocercospora kaki"", ""common_name"": """", ""score"": 0.08428726345300674}, {""species"": ""Symplocos tinctoria"", ""common_name"": ""Horse-sugar"", ""score"": 0.05476607009768486}, {""species"": ""Neolasioptera linderae"", ""common_name"": """", ""score"": 0.05473724752664566}, {""species"": ""Coptodisca diospyriella"", ""common_name"": """", ""score"": 0.025479663163423538}]"
obs_331752340_photo_601901044_box1.jpg,obs_331752340_photo_601901044,/gpfs_common/share03/ftrscape/snair3/wew_notebooks/outputs_crop/obs_331752340_photo_601901044_box1.jpg,1,Symplocos tinctoria,Phyllosticta asiminae,FALSE,Tiny part of the image. Fungus,Horse-sugar,0.05476607,3,"[{""species"": ""Diaporthe kalmiae"", ""common_name"": """", ""score"": 0.1265137493610382}, {""species"": ""Pseudocercospora kaki"", ""common_name"": """", ""score"": 0.08428726345300674}, {""species"": ""Symplocos tinctoria"", ""common_name"": ""Horse-sugar"", ""score"": 0.05476607009768486}, {""species"": ""Neolasioptera linderae"", ""common_name"": """", ""score"": 0.05473724752664566}, {""species"": ""Coptodisca diospyriella"", ""common_name"": """", ""score"": 0.025479663163423538}]"
obs_331752340_photo_601901044_box1.jpg,obs_331752340_photo_601901044,/gpfs_common/share03/ftrscape/snair3/wew_notebooks/outputs_crop/obs_331752340_photo_601901044_box1.jpg,1,Neolasioptera linderae,Phyllosticta asiminae,FALSE,Tiny part of the image. Fungus,,0.054737248,4,"[{""species"": ""Diaporthe kalmiae"", ""common_name"": """", ""score"": 0.1265137493610382}, {""species"": ""Pseudocercospora kaki"", ""common_name"": """", ""score"": 0.08428726345300674}, {""species"": ""Symplocos tinctoria"", ""common_name"": ""Horse-sugar"", ""score"": 0.05476607009768486}, {""species"": ""Neolasioptera linderae"", ""common_name"": """", ""score"": 0.05473724752664566}, {""species"": ""Coptodisca diospyriella"", ""common_name"": """", ""score"": 0.025479663163423538}]"
obs_331752340_photo_601901044_box1.jpg,obs_331752340_photo_601901044,/gpfs_common/share03/ftrscape/snair3/wew_notebooks/outputs_crop/obs_331752340_photo_601901044_box1.jpg,1,Coptodisca diospyriella,Phyllosticta asiminae,FALSE,Tiny part of the image. Fungus,,0.025479663,5,"[{""species"": ""Diaporthe kalmiae"", ""common_name"": """", ""score"": 0.1265137493610382}, {""species"": ""Pseudocercospora kaki"", ""common_name"": """", ""score"": 0.08428726345300674}, {""species"": ""Symplocos tinctoria"", ""common_name"": ""Horse-sugar"", ""score"": 0.05476607009768486}, {""species"": ""Neolasioptera linderae"", ""common_name"": """", ""score"": 0.05473724752664566}, {""species"": ""Coptodisca diospyriella"", ""common_name"": """", ""score"": 0.025479663163423538}]"
obs_331752340_photo_601901044_box2.jpg,obs_331752340_photo_601901044,/gpfs_common/share03/ftrscape/snair3/wew_notebooks/outputs_crop/obs_331752340_photo_601901044_box2.jpg,2,Paraconiothyrium tiliae,Phyllosticta asiminae,FALSE,The prey features but not be very clear; Misidentified as a different species,,0.266790658,1,"[{""species"": ""Paraconiothyrium tiliae"", ""common_name"": """", ""score"": 0.2667906582355499}, {""species"": ""Rhytisma punctatum"", ""common_name"": ""Speckled tar spot"", ""score"": 0.2021399587392807}, {""species"": ""Mycosphaerella sassafras"", ""common_name"": """", ""score"": 0.02895066887140274}, {""species"": ""Passalora chionea"", ""common_name"": """", ""score"": 0.019333625212311745}, {""species"": ""Resseliella liriodendri"", ""common_name"": ""Tulip tree leaf spot gall midge"", ""score"": 0.01760762929916382}]"
obs_331752340_photo_601901044_box2.jpg,obs_331752340_photo_601901044,/gpfs_common/share03/ftrscape/snair3/wew_notebooks/outputs_crop/obs_331752340_photo_601901044_box2.jpg,2,Rhytisma punctatum,Phyllosticta asiminae,FALSE,The prey features but not be very clear; Misidentified as a different species,Speckled tar spot,0.202139959,2,"[{""species"": ""Paraconiothyrium tiliae"", ""common_name"": """", ""score"": 0.2667906582355499}, {""species"": ""Rhytisma punctatum"", ""common_name"": ""Speckled tar spot"", ""score"": 0.2021399587392807}, {""species"": ""Mycosphaerella sassafras"", ""common_name"": """", ""score"": 0.02895066887140274}, {""species"": ""Passalora chionea"", ""common_name"": """", ""score"": 0.019333625212311745}, {""species"": ""Resseliella liriodendri"", ""common_name"": ""Tulip tree leaf spot gall midge"", ""score"": 0.01760762929916382}]"
obs_331752340_photo_601901044_box2.jpg,obs_331752340_photo_601901044,/gpfs_common/share03/ftrscape/snair3/wew_notebooks/outputs_crop/obs_331752340_photo_601901044_box2.jpg,2,Mycosphaerella sassafras,Phyllosticta asiminae,FALSE,The prey features but not be very clear; Misidentified as a different species,,0.028950669,3,"[{""species"": ""Paraconiothyrium tiliae"", ""common_name"": """", ""score"": 0.2667906582355499}, {""species"": ""Rhytisma punctatum"", ""common_name"": ""Speckled tar spot"", ""score"": 0.2021399587392807}, {""species"": ""Mycosphaerella sassafras"", ""common_name"": """", ""score"": 0.02895066887140274}, {""species"": ""Passalora chionea"", ""common_name"": """", ""score"": 0.019333625212311745}, {""species"": ""Resseliella liriodendri"", ""common_name"": ""Tulip tree leaf spot gall midge"", ""score"": 0.01760762929916382}]"
obs_331752340_photo_601901044_box2.jpg,obs_331752340_photo_601901044,/gpfs_common/share03/ftrscape/snair3/wew_notebooks/outputs_crop/obs_331752340_photo_601901044_box2.jpg,2,Passalora chionea,Phyllosticta asiminae,FALSE,The prey features but not be very clear; Misidentified as a different species,,0.019333625,4,"[{""species"": ""Paraconiothyrium tiliae"", ""common_name"": """", ""score"": 0.2667906582355499}, {""species"": ""Rhytisma punctatum"", ""common_name"": ""Speckled tar spot"", ""score"": 0.2021399587392807}, {""species"": ""Mycosphaerella sassafras"", ""common_name"": """", ""score"": 0.02895066887140274}, {""species"": ""Passalora chionea"", ""common_name"": """", ""score"": 0.019333625212311745}, {""species"": ""Resseliella liriodendri"", ""common_name"": ""Tulip tree leaf spot gall midge"", ""score"": 0.01760762929916382}]"
obs_331752340_photo_601901044_box2.jpg,obs_331752340_photo_601901044,/gpfs_common/share03/ftrscape/snair3/wew_notebooks/outputs_crop/obs_331752340_photo_601901044_box2.jpg,2,Resseliella liriodendri,Phyllosticta asiminae,FALSE,The prey features but not be very clear; Misidentified as a different species,Tulip tree leaf spot gall midge,0.017607629,5,"[{""species"": ""Paraconiothyrium tiliae"", ""common_name"": """", ""score"": 0.2667906582355499}, {""species"": ""Rhytisma punctatum"", ""common_name"": ""Speckled tar spot"", ""score"": 0.2021399587392807}, {""species"": ""Mycosphaerella sassafras"", ""common_name"": """", ""score"": 0.02895066887140274}, {""species"": ""Passalora chionea"", ""common_name"": """", ""score"": 0.019333625212311745}, {""species"": ""Resseliella liriodendri"", ""common_name"": ""Tulip tree leaf spot gall midge"", ""score"": 0.01760762929916382}]"
obs_331752340_photo_601901044_box3.jpg,obs_331752340_photo_601901044,/gpfs_common/share03/ftrscape/snair3/wew_notebooks/outputs_crop/obs_331752340_photo_601901044_box3.jpg,3,Mycosphaerella sassafras,Phyllosticta asiminae,FALSE,Tiny part of the image. Fungus,,0.173490241,1,"[{""species"": ""Mycosphaerella sassafras"", ""common_name"": """", ""score"": 0.1734902411699295}, {""species"": ""Pseudocercospora smilacicola"", ""common_name"": """", ""score"": 0.05665070563554764}, {""species"": ""Pseudocercospora kaki"", ""common_name"": """", ""score"": 0.05546138808131218}, {""species"": ""Discula sassafras"", ""common_name"": """", ""score"": 0.022352423518896103}, {""species"": ""Rhytisma decolorans"", ""common_name"": """", ""score"": 0.01937350630760193}]"
obs_331752340_photo_601901044_box3.jpg,obs_331752340_photo_601901044,/gpfs_common/share03/ftrscape/snair3/wew_notebooks/outputs_crop/obs_331752340_photo_601901044_box3.jpg,3,Pseudocercospora smilacicola,Phyllosticta asiminae,FALSE,Tiny part of the image. Fungus,,0.056650706,2,"[{""species"": ""Mycosphaerella sassafras"", ""common_name"": """", ""score"": 0.1734902411699295}, {""species"": ""Pseudocercospora smilacicola"", ""common_name"": """", ""score"": 0.05665070563554764}, {""species"": ""Pseudocercospora kaki"", ""common_name"": """", ""score"": 0.05546138808131218}, {""species"": ""Discula sassafras"", ""common_name"": """", ""score"": 0.022352423518896103}, {""species"": ""Rhytisma decolorans"", ""common_name"": """", ""score"": 0.01937350630760193}]"
obs_331752340_photo_601901044_box3.jpg,obs_331752340_photo_601901044,/gpfs_common/share03/ftrscape/snair3/wew_notebooks/outputs_crop/obs_331752340_photo_601901044_box3.jpg,3,Pseudocercospora kaki,Phyllosticta asiminae,FALSE,Tiny part of the image. Fungus,,0.055461388,3,"[{""species"": ""Mycosphaerella sassafras"", ""common_name"": """", ""score"": 0.1734902411699295}, {""species"": ""Pseudocercospora smilacicola"", ""common_name"": """", ""score"": 0.05665070563554764}, {""species"": ""Pseudocercospora kaki"", ""common_name"": """", ""score"": 0.05546138808131218}, {""species"": ""Discula sassafras"", ""common_name"": """", ""score"": 0.022352423518896103}, {""species"": ""Rhytisma decolorans"", ""common_name"": """", ""score"": 0.01937350630760193}]"
obs_331752340_photo_601901044_box3.jpg,obs_331752340_photo_601901044,/gpfs_common/share03/ftrscape/snair3/wew_notebooks/outputs_crop/obs_331752340_photo_601901044_box3.jpg,3,Discula sassafras,Phyllosticta asiminae,FALSE,Tiny part of the image. Fungus,,0.022352424,4,"[{""species"": ""Mycosphaerella sassafras"", ""common_name"": """", ""score"": 0.1734902411699295}, {""species"": ""Pseudocercospora smilacicola"", ""common_name"": """", ""score"": 0.05665070563554764}, {""species"": ""Pseudocercospora kaki"", ""common_name"": """", ""score"": 0.05546138808131218}, {""species"": ""Discula sassafras"", ""common_name"": """", ""score"": 0.022352423518896103}, {""species"": ""Rhytisma decolorans"", ""common_name"": """", ""score"": 0.01937350630760193}]"
obs_331752340_photo_601901044_box3.jpg,obs_331752340_photo_601901044,/gpfs_common/share03/ftrscape/snair3/wew_notebooks/outputs_crop/obs_331752340_photo_601901044_box3.jpg,3,Rhytisma decolorans,Phyllosticta asiminae,FALSE,Tiny part of the image. Fungus,,0.019373506,5,"[{""species"": ""Mycosphaerella sassafras"", ""common_name"": """", ""score"": 0.1734902411699295}, {""species"": ""Pseudocercospora smilacicola"", ""common_name"": """", ""score"": 0.05665070563554764}, {""species"": ""Pseudocercospora kaki"", ""common_name"": """", ""score"": 0.05546138808131218}, {""species"": ""Discula sassafras"", ""common_name"": """", ""score"": 0.022352423518896103}, {""species"": ""Rhytisma decolorans"", ""common_name"": """", ""score"": 0.01937350630760193}]"
obs_331752340_photo_601901044_box4.jpg,obs_331752340_photo_601901044,/gpfs_common/share03/ftrscape/snair3/wew_notebooks/outputs_crop/obs_331752340_photo_601901044_box4.jpg,4,Rhytisma punctatum,Phyllosticta asiminae,FALSE,The prey features but not be very clear; Misidentified as a different species,Speckled tar spot,0.134814754,1,"[{""species"": ""Rhytisma punctatum"", ""common_name"": ""Speckled tar spot"", ""score"": 0.13481475412845612}, {""species"": ""Resseliella liriodendri"", ""common_name"": ""Tulip tree leaf spot gall midge"", ""score"": 0.06995484232902527}, {""species"": ""Mycosphaerella sassafras"", ""common_name"": """", ""score"": 0.02628721110522747}, {""species"": ""Rhytisma americanum"", ""common_name"": ""American tar spot"", ""score"": 0.020803941413760185}, {""species"": ""Paraconiothyrium tiliae"", ""common_name"": """", ""score"": 0.018448151648044586}]"
obs_331752340_photo_601901044_box4.jpg,obs_331752340_photo_601901044,/gpfs_common/share03/ftrscape/snair3/wew_notebooks/outputs_crop/obs_331752340_photo_601901044_box4.jpg,4,Resseliella liriodendri,Phyllosticta asiminae,FALSE,The prey features but not be very clear; Misidentified as a different species,Tulip tree leaf spot gall midge,0.069954842,2,"[{""species"": ""Rhytisma punctatum"", ""common_name"": ""Speckled tar spot"", ""score"": 0.13481475412845612}, {""species"": ""Resseliella liriodendri"", ""common_name"": ""Tulip tree leaf spot gall midge"", ""score"": 0.06995484232902527}, {""species"": ""Mycosphaerella sassafras"", ""common_name"": """", ""score"": 0.02628721110522747}, {""species"": ""Rhytisma americanum"", ""common_name"": ""American tar spot"", ""score"": 0.020803941413760185}, {""species"": ""Paraconiothyrium tiliae"", ""common_name"": """", ""score"": 0.018448151648044586}]"
obs_331752340_photo_601901044_box4.jpg,obs_331752340_photo_601901044,/gpfs_common/share03/ftrscape/snair3/wew_notebooks/outputs_crop/obs_331752340_photo_601901044_box4.jpg,4,Mycosphaerella sassafras,Phyllosticta asiminae,FALSE,The prey features but not be very clear; Misidentified as a different species,,0.026287211,3,"[{""species"": ""Rhytisma punctatum"", ""common_name"": ""Speckled tar spot"", ""score"": 0.13481475412845612}, {""species"": ""Resseliella liriodendri"", ""common_name"": ""Tulip tree leaf spot gall midge"", ""score"": 0.06995484232902527}, {""species"": ""Mycosphaerella sassafras"", ""common_name"": """", ""score"": 0.02628721110522747}, {""species"": ""Rhytisma americanum"", ""common_name"": ""American tar spot"", ""score"": 0.020803941413760185}, {""species"": ""Paraconiothyrium tiliae"", ""common_name"": """", ""score"": 0.018448151648044586}]"
obs_331752340_photo_601901044_box4.jpg,obs_331752340_photo_601901044,/gpfs_common/share03/ftrscape/snair3/wew_notebooks/outputs_crop/obs_331752340_photo_601901044_box4.jpg,4,Rhytisma americanum,Phyllosticta asiminae,FALSE,The prey features but not be very clear; Misidentified as a different species,American tar spot,0.020803941,4,"[{""species"": ""Rhytisma punctatum"", ""common_name"": ""Speckled tar spot"", ""score"": 0.13481475412845612}, {""species"": ""Resseliella liriodendri"", ""common_name"": ""Tulip tree leaf spot gall midge"", ""score"": 0.06995484232902527}, {""species"": ""Mycosphaerella sassafras"", ""common_name"": """", ""score"": 0.02628721110522747}, {""species"": ""Rhytisma americanum"", ""common_name"": ""American tar spot"", ""score"": 0.020803941413760185}, {""species"": ""Paraconiothyrium tiliae"", ""common_name"": """", ""score"": 0.018448151648044586}]"
obs_331752340_photo_601901044_box4.jpg,obs_331752340_photo_601901044,/gpfs_common/share03/ftrscape/snair3/wew_notebooks/outputs_crop/obs_331752340_photo_601901044_box4.jpg,4,Paraconiothyrium tiliae,Phyllosticta asiminae,FALSE,The prey features but not be very clear; Misidentified as a different species,,0.018448152,5,"[{""species"": ""Rhytisma punctatum"", ""common_name"": ""Speckled tar spot"", ""score"": 0.13481475412845612}, {""species"": ""Resseliella liriodendri"", ""common_name"": ""Tulip tree leaf spot gall midge"", ""score"": 0.06995484232902527}, {""species"": ""Mycosphaerella sassafras"", ""common_name"": """", ""score"": 0.02628721110522747}, {""species"": ""Rhytisma americanum"", ""common_name"": ""American tar spot"", ""score"": 0.020803941413760185}, {""species"": ""Paraconiothyrium tiliae"", ""common_name"": """", ""score"": 0.018448151648044586}]"
obs_331752340_photo_601901044_box5.jpg,obs_331752340_photo_601901044,/gpfs_common/share03/ftrscape/snair3/wew_notebooks/outputs_crop/obs_331752340_photo_601901044_box5.jpg,5,Resseliella liriodendri,Phyllosticta asiminae,FALSE,Image not very clear,Tulip tree leaf spot gall midge,0.040161651,1,"[{""species"": ""Resseliella liriodendri"", ""common_name"": ""Tulip tree leaf spot gall midge"", ""score"": 0.040161650627851486}, {""species"": ""Phyllocnistis liriodendronella"", ""common_name"": ""Tulip tree leaf miner"", ""score"": 0.03649568930268288}, {""species"": ""Ophiognomonia sassafras"", ""common_name"": """", ""score"": 0.033999040722846985}, {""species"": ""Liriodendron tulipifera"", ""common_name"": ""Tulip tree"", ""score"": 0.033927783370018005}, {""species"": ""Resseliella tulipiferae"", ""common_name"": """", ""score"": 0.025277704000473022}]"
obs_331752340_photo_601901044_box5.jpg,obs_331752340_photo_601901044,/gpfs_common/share03/ftrscape/snair3/wew_notebooks/outputs_crop/obs_331752340_photo_601901044_box5.jpg,5,Phyllocnistis liriodendronella,Phyllosticta asiminae,FALSE,Image not very clear,Tulip tree leaf miner,0.036495689,2,"[{""species"": ""Resseliella liriodendri"", ""common_name"": ""Tulip tree leaf spot gall midge"", ""score"": 0.040161650627851486}, {""species"": ""Phyllocnistis liriodendronella"", ""common_name"": ""Tulip tree leaf miner"", ""score"": 0.03649568930268288}, {""species"": ""Ophiognomonia sassafras"", ""common_name"": """", ""score"": 0.033999040722846985}, {""species"": ""Liriodendron tulipifera"", ""common_name"": ""Tulip tree"", ""score"": 0.033927783370018005}, {""species"": ""Resseliella tulipiferae"", ""common_name"": """", ""score"": 0.025277704000473022}]"
obs_331752340_photo_601901044_box5.jpg,obs_331752340_photo_601901044,/gpfs_common/share03/ftrscape/snair3/wew_notebooks/outputs_crop/obs_331752340_photo_601901044_box5.jpg,5,Ophiognomonia sassafras,Phyllosticta asiminae,FALSE,Image not very clear,,0.033999041,3,"[{""species"": ""Resseliella liriodendri"", ""common_name"": ""Tulip tree leaf spot gall midge"", ""score"": 0.040161650627851486}, {""species"": ""Phyllocnistis liriodendronella"", ""common_name"": ""Tulip tree leaf miner"", ""score"": 0.03649568930268288}, {""species"": ""Ophiognomonia sassafras"", ""common_name"": """", ""score"": 0.033999040722846985}, {""species"": ""Liriodendron tulipifera"", ""common_name"": ""Tulip tree"", ""score"": 0.033927783370018005}, {""species"": ""Resseliella tulipiferae"", ""common_name"": """", ""score"": 0.025277704000473022}]"
obs_331752340_photo_601901044_box5.jpg,obs_331752340_photo_601901044,/gpfs_common/share03/ftrscape/snair3/wew_notebooks/outputs_crop/obs_331752340_photo_601901044_box5.jpg,5,Liriodendron tulipifera,Phyllosticta asiminae,FALSE,Image not very clear,Tulip tree,0.033927783,4,"[{""species"": ""Resseliella liriodendri"", ""common_name"": ""Tulip tree leaf spot gall midge"", ""score"": 0.040161650627851486}, {""species"": ""Phyllocnistis liriodendronella"", ""common_name"": ""Tulip tree leaf miner"", ""score"": 0.03649568930268288}, {""species"": ""Ophiognomonia sassafras"", ""common_name"": """", ""score"": 0.033999040722846985}, {""species"": ""Liriodendron tulipifera"", ""common_name"": ""Tulip tree"", ""score"": 0.033927783370018005}, {""species"": ""Resseliella tulipiferae"", ""common_name"": """", ""score"": 0.025277704000473022}]"
obs_331752340_photo_601901044_box5.jpg,obs_331752340_photo_601901044,/gpfs_common/share03/ftrscape/snair3/wew_notebooks/outputs_crop/obs_331752340_photo_601901044_box5.jpg,5,Resseliella tulipiferae,Phyllosticta asiminae,FALSE,Image not very clear,,0.025277704,5,"[{""species"": ""Resseliella liriodendri"", ""common_name"": ""Tulip tree leaf spot gall midge"", ""score"": 0.040161650627851486}, {""species"": ""Phyllocnistis liriodendronella"", ""common_name"": ""Tulip tree leaf miner"", ""score"": 0.03649568930268288}, {""species"": ""Ophiognomonia sassafras"", ""common_name"": """", ""score"": 0.033999040722846985}, {""species"": ""Liriodendron tulipifera"", ""common_name"": ""Tulip tree"", ""score"": 0.033927783370018005}, {""species"": ""Resseliella tulipiferae"", ""common_name"": """", ""score"": 0.025277704000473022}]"
obs_331831594_photo_602051260_box1.jpg,obs_331831594_photo_602051260,/gpfs_common/share03/ftrscape/snair3/wew_notebooks/outputs_crop/obs_331831594_photo_602051260_box1.jpg,1,Ariolimax brachyphallus,Caulorhiza umbonata,FALSE,,,0.36567837,1,"[{""species"": ""Ariolimax brachyphallus"", ""common_name"": """", ""score"": 0.3656783699989319}, {""species"": ""Ariolimax californicus"", ""common_name"": ""California banana slug"", ""score"": 0.23506979644298553}, {""species"": ""Ariolimax stramineus"", ""common_name"": """", ""score"": 0.1704121232032776}, {""species"": ""Ariolimax dolichophallus"", ""common_name"": ""Slender banana slug"", ""score"": 0.1366284042596817}, {""species"": ""Ariolimax buttoni"", ""common_name"": """", ""score"": 0.03845175355672836}]"
obs_331831594_photo_602051260_box1.jpg,obs_331831594_photo_602051260,/gpfs_common/share03/ftrscape/snair3/wew_notebooks/outputs_crop/obs_331831594_photo_602051260_box1.jpg,1,Ariolimax californicus,Caulorhiza umbonata,FALSE,,California banana slug,0.235069796,2,"[{""species"": ""Ariolimax brachyphallus"", ""common_name"": """", ""score"": 0.3656783699989319}, {""species"": ""Ariolimax californicus"", ""common_name"": ""California banana slug"", ""score"": 0.23506979644298553}, {""species"": ""Ariolimax stramineus"", ""common_name"": """", ""score"": 0.1704121232032776}, {""species"": ""Ariolimax dolichophallus"", ""common_name"": ""Slender banana slug"", ""score"": 0.1366284042596817}, {""species"": ""Ariolimax buttoni"", ""common_name"": """", ""score"": 0.03845175355672836}]"
obs_331831594_photo_602051260_box1.jpg,obs_331831594_photo_602051260,/gpfs_common/share03/ftrscape/snair3/wew_notebooks/outputs_crop/obs_331831594_photo_602051260_box1.jpg,1,Ariolimax stramineus,Caulorhiza umbonata,FALSE,,,0.170412123,3,"[{""species"": ""Ariolimax brachyphallus"", ""common_name"": """", ""score"": 0.3656783699989319}, {""species"": ""Ariolimax californicus"", ""common_name"": ""California banana slug"", ""score"": 0.23506979644298553}, {""species"": ""Ariolimax stramineus"", ""common_name"": """", ""score"": 0.1704121232032776}, {""species"": ""Ariolimax dolichophallus"", ""common_name"": ""Slender banana slug"", ""score"": 0.1366284042596817}, {""species"": ""Ariolimax buttoni"", ""common_name"": """", ""score"": 0.03845175355672836}]"
obs_331831594_photo_602051260_box1.jpg,obs_331831594_photo_602051260,/gpfs_common/share03/ftrscape/snair3/wew_notebooks/outputs_crop/obs_331831594_photo_602051260_box1.jpg,1,Ariolimax dolichophallus,Caulorhiza umbonata,FALSE,,Slender banana slug,0.136628404,4,"[{""species"": ""Ariolimax brachyphallus"", ""common_name"": """", ""score"": 0.3656783699989319}, {""species"": ""Ariolimax californicus"", ""common_name"": ""California banana slug"", ""score"": 0.23506979644298553}, {""species"": ""Ariolimax stramineus"", ""common_name"": """", ""score"": 0.1704121232032776}, {""species"": ""Ariolimax dolichophallus"", ""common_name"": ""Slender banana slug"", ""score"": 0.1366284042596817}, {""species"": ""Ariolimax buttoni"", ""common_name"": """", ""score"": 0.03845175355672836}]"
obs_331831594_photo_602051260_box1.jpg,obs_331831594_photo_602051260,/gpfs_common/share03/ftrscape/snair3/wew_notebooks/outputs_crop/obs_331831594_photo_602051260_box1.jpg,1,Ariolimax buttoni,Caulorhiza umbonata,FALSE,,,0.038451754,5,"[{""species"": ""Ariolimax brachyphallus"", ""common_name"": """", ""score"": 0.3656783699989319}, {""species"": ""Ariolimax californicus"", ""common_name"": ""California banana slug"", ""score"": 0.23506979644298553}, {""species"": ""Ariolimax stramineus"", ""common_name"": """", ""score"": 0.1704121232032776}, {""species"": ""Ariolimax dolichophallus"", ""common_name"": ""Slender banana slug"", ""score"": 0.1366284042596817}, {""species"": ""Ariolimax buttoni"", ""common_name"": """", ""score"": 0.03845175355672836}]"
obs_331831594_photo_602051260_box2.jpg,obs_331831594_photo_602051260,/gpfs_common/share03/ftrscape/snair3/wew_notebooks/outputs_crop/obs_331831594_photo_602051260_box2.jpg,2,Caulorhiza umbonata,Caulorhiza umbonata,TRUE,,,0.237238899,1,"[{""species"": ""Caulorhiza umbonata"", ""common_name"": """", ""score"": 0.23723889887332916}, {""species"": ""Phaeocollybia deceptiva"", ""common_name"": """", ""score"": 0.12610144913196564}, {""species"": ""Phaeocollybia californica"", ""common_name"": """", ""score"": 0.08157389611005783}, {""species"": ""Phaeocollybia attenuata"", ""common_name"": """", ""score"": 0.061572395265102386}, {""species"": ""Phaeocollybia oregonensis"", ""common_name"": """", ""score"": 0.05911744385957718}]"
obs_331831594_photo_602051260_box2.jpg,obs_331831594_photo_602051260,/gpfs_common/share03/ftrscape/snair3/wew_notebooks/outputs_crop/obs_331831594_photo_602051260_box2.jpg,2,Phaeocollybia deceptiva,Caulorhiza umbonata,FALSE,,,0.126101449,2,"[{""species"": ""Caulorhiza umbonata"", ""common_name"": """", ""score"": 0.23723889887332916}, {""species"": ""Phaeocollybia deceptiva"", ""common_name"": """", ""score"": 0.12610144913196564}, {""species"": ""Phaeocollybia californica"", ""common_name"": """", ""score"": 0.08157389611005783}, {""species"": ""Phaeocollybia attenuata"", ""common_name"": """", ""score"": 0.061572395265102386}, {""species"": ""Phaeocollybia oregonensis"", ""common_name"": """", ""score"": 0.05911744385957718}]"
obs_331831594_photo_602051260_box2.jpg,obs_331831594_photo_602051260,/gpfs_common/share03/ftrscape/snair3/wew_notebooks/outputs_crop/obs_331831594_photo_602051260_box2.jpg,2,Phaeocollybia californica,Caulorhiza umbonata,FALSE,,,0.081573896,3,"[{""species"": ""Caulorhiza umbonata"", ""common_name"": """", ""score"": 0.23723889887332916}, {""species"": ""Phaeocollybia deceptiva"", ""common_name"": """", ""score"": 0.12610144913196564}, {""species"": ""Phaeocollybia californica"", ""common_name"": """", ""score"": 0.08157389611005783}, {""species"": ""Phaeocollybia attenuata"", ""common_name"": """", ""score"": 0.061572395265102386}, {""species"": ""Phaeocollybia oregonensis"", ""common_name"": """", ""score"": 0.05911744385957718}]"
obs_331831594_photo_602051260_box2.jpg,obs_331831594_photo_602051260,/gpfs_common/share03/ftrscape/snair3/wew_notebooks/outputs_crop/obs_331831594_photo_602051260_box2.jpg,2,Phaeocollybia attenuata,Caulorhiza umbonata,FALSE,,,0.061572395,4,"[{""species"": ""Caulorhiza umbonata"", ""common_name"": """", ""score"": 0.23723889887332916}, {""species"": ""Phaeocollybia deceptiva"", ""common_name"": """", ""score"": 0.12610144913196564}, {""species"": ""Phaeocollybia californica"", ""common_name"": """", ""score"": 0.08157389611005783}, {""species"": ""Phaeocollybia attenuata"", ""common_name"": """", ""score"": 0.061572395265102386}, {""species"": ""Phaeocollybia oregonensis"", ""common_name"": """", ""score"": 0.05911744385957718}]"
obs_331831594_photo_602051260_box2.jpg,obs_331831594_photo_602051260,/gpfs_common/share03/ftrscape/snair3/wew_notebooks/outputs_crop/obs_331831594_photo_602051260_box2.jpg,2,Phaeocollybia oregonensis,Caulorhiza umbonata,FALSE,,,0.059117444,5,"[{""species"": ""Caulorhiza umbonata"", ""common_name"": """", ""score"": 0.23723889887332916}, {""species"": ""Phaeocollybia deceptiva"", ""common_name"": """", ""score"": 0.12610144913196564}, {""species"": ""Phaeocollybia californica"", ""common_name"": """", ""score"": 0.08157389611005783}, {""species"": ""Phaeocollybia attenuata"", ""common_name"": """", ""score"": 0.061572395265102386}, {""species"": ""Phaeocollybia oregonensis"", ""common_name"": """", ""score"": 0.05911744385957718}]"
obs_331831594_photo_602051260_box3.jpg,obs_331831594_photo_602051260,/gpfs_common/share03/ftrscape/snair3/wew_notebooks/outputs_crop/obs_331831594_photo_602051260_box3.jpg,3,Caulorhiza umbonata,Caulorhiza umbonata,TRUE,,,0.272826701,1,"[{""species"": ""Caulorhiza umbonata"", ""common_name"": """", ""score"": 0.2728267014026642}, {""species"": ""Phaeocollybia californica"", ""common_name"": """", ""score"": 0.07925064116716385}, {""species"": ""Phaeocollybia pseudofestiva"", ""common_name"": """", ""score"": 0.07487687468528748}, {""species"": ""Phaeocollybia oregonensis"", ""common_name"": """", ""score"": 0.06581798940896988}, {""species"": ""Phaeocollybia fallax"", ""common_name"": """", ""score"": 0.05496194586157799}]"
obs_331831594_photo_602051260_box3.jpg,obs_331831594_photo_602051260,/gpfs_common/share03/ftrscape/snair3/wew_notebooks/outputs_crop/obs_331831594_photo_602051260_box3.jpg,3,Phaeocollybia californica,Caulorhiza umbonata,FALSE,,,0.079250641,2,"[{""species"": ""Caulorhiza umbonata"", ""common_name"": """", ""score"": 0.2728267014026642}, {""species"": ""Phaeocollybia californica"", ""common_name"": """", ""score"": 0.07925064116716385}, {""species"": ""Phaeocollybia pseudofestiva"", ""common_name"": """", ""score"": 0.07487687468528748}, {""species"": ""Phaeocollybia oregonensis"", ""common_name"": """", ""score"": 0.06581798940896988}, {""species"": ""Phaeocollybia fallax"", ""common_name"": """", ""score"": 0.05496194586157799}]"
obs_331831594_photo_602051260_box3.jpg,obs_331831594_photo_602051260,/gpfs_common/share03/ftrscape/snair3/wew_notebooks/outputs_crop/obs_331831594_photo_602051260_box3.jpg,3,Phaeocollybia pseudofestiva,Caulorhiza umbonata,FALSE,,,0.074876875,3,"[{""species"": ""Caulorhiza umbonata"", ""common_name"": """", ""score"": 0.2728267014026642}, {""species"": ""Phaeocollybia californica"", ""common_name"": """", ""score"": 0.07925064116716385}, {""species"": ""Phaeocollybia pseudofestiva"", ""common_name"": """", ""score"": 0.07487687468528748}, {""species"": ""Phaeocollybia oregonensis"", ""common_name"": """", ""score"": 0.06581798940896988}, {""species"": ""Phaeocollybia fallax"", ""common_name"": """", ""score"": 0.05496194586157799}]"
obs_331831594_photo_602051260_box3.jpg,obs_331831594_photo_602051260,/gpfs_common/share03/ftrscape/snair3/wew_notebooks/outputs_crop/obs_331831594_photo_602051260_box3.jpg,3,Phaeocollybia oregonensis,Caulorhiza umbonata,FALSE,,,0.065817989,4,"[{""species"": ""Caulorhiza umbonata"", ""common_name"": """", ""score"": 0.2728267014026642}, {""species"": ""Phaeocollybia californica"", ""common_name"": """", ""score"": 0.07925064116716385}, {""species"": ""Phaeocollybia pseudofestiva"", ""common_name"": """", ""score"": 0.07487687468528748}, {""species"": ""Phaeocollybia oregonensis"", ""common_name"": """", ""score"": 0.06581798940896988}, {""species"": ""Phaeocollybia fallax"", ""common_name"": """", ""score"": 0.05496194586157799}]"
obs_331831594_photo_602051260_box3.jpg,obs_331831594_photo_602051260,/gpfs_common/share03/ftrscape/snair3/wew_notebooks/outputs_crop/obs_331831594_photo_602051260_box3.jpg,3,Phaeocollybia fallax,Caulorhiza umbonata,FALSE,,,0.054961946,5,"[{""species"": ""Caulorhiza umbonata"", ""common_name"": """", ""score"": 0.2728267014026642}, {""species"": ""Phaeocollybia californica"", ""common_name"": """", ""score"": 0.07925064116716385}, {""species"": ""Phaeocollybia pseudofestiva"", ""common_name"": """", ""score"": 0.07487687468528748}, {""species"": ""Phaeocollybia oregonensis"", ""common_name"": """", ""score"": 0.06581798940896988}, {""species"": ""Phaeocollybia fallax"", ""common_name"": """", ""score"": 0.05496194586157799}]"
obs_332241462_photo_602909620_box1.jpg,obs_332241462_photo_602909620,/gpfs_common/share03/ftrscape/snair3/wew_notebooks/outputs_crop/obs_332241462_photo_602909620_box1.jpg,1,Taricha torosa,Ariolimax buttoni,FALSE,,California newt,0.522747576,1,"[{""species"": ""Taricha torosa"", ""common_name"": ""California newt"", ""score"": 0.5227475762367249}, {""species"": ""Taricha granulosa"", ""common_name"": ""Roughskin newt"", ""score"": 0.260313481092453}, {""species"": ""Taricha sierrae"", ""common_name"": ""Sierra newt"", ""score"": 0.15074525773525238}, {""species"": ""Taricha rivularis"", ""common_name"": ""Red-bellied newt"", ""score"": 0.0449388325214386}, {""species"": ""Ambystoma californiense"", ""common_name"": ""California tiger salamander"", ""score"": 0.0020743212662637234}]"
obs_332241462_photo_602909620_box1.jpg,obs_332241462_photo_602909620,/gpfs_common/share03/ftrscape/snair3/wew_notebooks/outputs_crop/obs_332241462_photo_602909620_box1.jpg,1,Taricha granulosa,Ariolimax buttoni,FALSE,,Roughskin newt,0.260313481,2,"[{""species"": ""Taricha torosa"", ""common_name"": ""California newt"", ""score"": 0.5227475762367249}, {""species"": ""Taricha granulosa"", ""common_name"": ""Roughskin newt"", ""score"": 0.260313481092453}, {""species"": ""Taricha sierrae"", ""common_name"": ""Sierra newt"", ""score"": 0.15074525773525238}, {""species"": ""Taricha rivularis"", ""common_name"": ""Red-bellied newt"", ""score"": 0.0449388325214386}, {""species"": ""Ambystoma californiense"", ""common_name"": ""California tiger salamander"", ""score"": 0.0020743212662637234}]"
obs_332241462_photo_602909620_box1.jpg,obs_332241462_photo_602909620,/gpfs_common/share03/ftrscape/snair3/wew_notebooks/outputs_crop/obs_332241462_photo_602909620_box1.jpg,1,Taricha sierrae,Ariolimax buttoni,FALSE,,Sierra newt,0.150745258,3,"[{""species"": ""Taricha torosa"", ""common_name"": ""California newt"", ""score"": 0.5227475762367249}, {""species"": ""Taricha granulosa"", ""common_name"": ""Roughskin newt"", ""score"": 0.260313481092453}, {""species"": ""Taricha sierrae"", ""common_name"": ""Sierra newt"", ""score"": 0.15074525773525238}, {""species"": ""Taricha rivularis"", ""common_name"": ""Red-bellied newt"", ""score"": 0.0449388325214386}, {""species"": ""Ambystoma californiense"", ""common_name"": ""California tiger salamander"", ""score"": 0.0020743212662637234}]"
obs_332241462_photo_602909620_box1.jpg,obs_332241462_photo_602909620,/gpfs_common/share03/ftrscape/snair3/wew_notebooks/outputs_crop/obs_332241462_photo_602909620_box1.jpg,1,Taricha rivularis,Ariolimax buttoni,FALSE,,Red-bellied newt,0.044938833,4,"[{""species"": ""Taricha torosa"", ""common_name"": ""California newt"", ""score"": 0.5227475762367249}, {""species"": ""Taricha granulosa"", ""common_name"": ""Roughskin newt"", ""score"": 0.260313481092453}, {""species"": ""Taricha sierrae"", ""common_name"": ""Sierra newt"", ""score"": 0.15074525773525238}, {""species"": ""Taricha rivularis"", ""common_name"": ""Red-bellied newt"", ""score"": 0.0449388325214386}, {""species"": ""Ambystoma californiense"", ""common_name"": ""California tiger salamander"", ""score"": 0.0020743212662637234}]"
obs_332241462_photo_602909620_box1.jpg,obs_332241462_photo_602909620,/gpfs_common/share03/ftrscape/snair3/wew_notebooks/outputs_crop/obs_332241462_photo_602909620_box1.jpg,1,Ambystoma californiense,Ariolimax buttoni,FALSE,,California tiger salamander,0.002074321,5,"[{""species"": ""Taricha torosa"", ""common_name"": ""California newt"", ""score"": 0.5227475762367249}, {""species"": ""Taricha granulosa"", ""common_name"": ""Roughskin newt"", ""score"": 0.260313481092453}, {""species"": ""Taricha sierrae"", ""common_name"": ""Sierra newt"", ""score"": 0.15074525773525238}, {""species"": ""Taricha rivularis"", ""common_name"": ""Red-bellied newt"", ""score"": 0.0449388325214386}, {""species"": ""Ambystoma californiense"", ""common_name"": ""California tiger salamander"", ""score"": 0.0020743212662637234}]"
obs_332241462_photo_602909620_box2.jpg,obs_332241462_photo_602909620,/gpfs_common/share03/ftrscape/snair3/wew_notebooks/outputs_crop/obs_332241462_photo_602909620_box2.jpg,2,Ariolimax buttoni,Ariolimax buttoni,TRUE,,,0.909782648,1,"[{""species"": ""Ariolimax buttoni"", ""common_name"": """", ""score"": 0.9097826480865479}, {""species"": ""Ariolimax columbianus"", ""common_name"": ""Pacific banana slug"", ""score"": 0.06146109476685524}, {""species"": ""Ariolimax brachyphallus"", ""common_name"": """", ""score"": 0.013700543902814388}, {""species"": ""Ariolimax stramineus"", ""common_name"": """", ""score"": 0.00852219108492136}, {""species"": ""Ariolimax californicus"", ""common_name"": ""California banana slug"", ""score"": 0.0015477613778784871}]"
obs_332241462_photo_602909620_box2.jpg,obs_332241462_photo_602909620,/gpfs_common/share03/ftrscape/snair3/wew_notebooks/outputs_crop/obs_332241462_photo_602909620_box2.jpg,2,Ariolimax columbianus,Ariolimax buttoni,FALSE,,Pacific banana slug,0.061461095,2,"[{""species"": ""Ariolimax buttoni"", ""common_name"": """", ""score"": 0.9097826480865479}, {""species"": ""Ariolimax columbianus"", ""common_name"": ""Pacific banana slug"", ""score"": 0.06146109476685524}, {""species"": ""Ariolimax brachyphallus"", ""common_name"": """", ""score"": 0.013700543902814388}, {""species"": ""Ariolimax stramineus"", ""common_name"": """", ""score"": 0.00852219108492136}, {""species"": ""Ariolimax californicus"", ""common_name"": ""California banana slug"", ""score"": 0.0015477613778784871}]"
obs_332241462_photo_602909620_box2.jpg,obs_332241462_photo_602909620,/gpfs_common/share03/ftrscape/snair3/wew_notebooks/outputs_crop/obs_332241462_photo_602909620_box2.jpg,2,Ariolimax brachyphallus,Ariolimax buttoni,FALSE,,,0.013700544,3,"[{""species"": ""Ariolimax buttoni"", ""common_name"": """", ""score"": 0.9097826480865479}, {""species"": ""Ariolimax columbianus"", ""common_name"": ""Pacific banana slug"", ""score"": 0.06146109476685524}, {""species"": ""Ariolimax brachyphallus"", ""common_name"": """", ""score"": 0.013700543902814388}, {""species"": ""Ariolimax stramineus"", ""common_name"": """", ""score"": 0.00852219108492136}, {""species"": ""Ariolimax californicus"", ""common_name"": ""California banana slug"", ""score"": 0.0015477613778784871}]"
obs_332241462_photo_602909620_box2.jpg,obs_332241462_photo_602909620,/gpfs_common/share03/ftrscape/snair3/wew_notebooks/outputs_crop/obs_332241462_photo_602909620_box2.jpg,2,Ariolimax stramineus,Ariolimax buttoni,FALSE,,,0.008522191,4,"[{""species"": ""Ariolimax buttoni"", ""common_name"": """", ""score"": 0.9097826480865479}, {""species"": ""Ariolimax columbianus"", ""common_name"": ""Pacific banana slug"", ""score"": 0.06146109476685524}, {""species"": ""Ariolimax brachyphallus"", ""common_name"": """", ""score"": 0.013700543902814388}, {""species"": ""Ariolimax stramineus"", ""common_name"": """", ""score"": 0.00852219108492136}, {""species"": ""Ariolimax californicus"", ""common_name"": ""California banana slug"", ""score"": 0.0015477613778784871}]"
obs_332241462_photo_602909620_box2.jpg,obs_332241462_photo_602909620,/gpfs_common/share03/ftrscape/snair3/wew_notebooks/outputs_crop/obs_332241462_photo_602909620_box2.jpg,2,Ariolimax californicus,Ariolimax buttoni,FALSE,,California banana slug,0.001547761,5,"[{""species"": ""Ariolimax buttoni"", ""common_name"": """", ""score"": 0.9097826480865479}, {""species"": ""Ariolimax columbianus"", ""common_name"": ""Pacific banana slug"", ""score"": 0.06146109476685524}, {""species"": ""Ariolimax brachyphallus"", ""common_name"": """", ""score"": 0.013700543902814388}, {""species"": ""Ariolimax stramineus"", ""common_name"": """", ""score"": 0.00852219108492136}, {""species"": ""Ariolimax californicus"", ""common_name"": ""California banana slug"", ""score"": 0.0015477613778784871}]"
obs_332241462_photo_602909620_box3.jpg,obs_332241462_photo_602909620,/gpfs_common/share03/ftrscape/snair3/wew_notebooks/outputs_crop/obs_332241462_photo_602909620_box3.jpg,3,Taricha torosa,Ariolimax buttoni,FALSE,,California newt,0.399738818,1,"[{""species"": ""Taricha torosa"", ""common_name"": ""California newt"", ""score"": 0.3997388184070587}, {""species"": ""Taricha sierrae"", ""common_name"": ""Sierra newt"", ""score"": 0.28973907232284546}, {""species"": ""Taricha granulosa"", ""common_name"": ""Roughskin newt"", ""score"": 0.20516127347946167}, {""species"": ""Taricha rivularis"", ""common_name"": ""Red-bellied newt"", ""score"": 0.08425455540418625}, {""species"": ""Ambystoma californiense"", ""common_name"": ""California tiger salamander"", ""score"": 0.0023455882910639048}]"
obs_332241462_photo_602909620_box3.jpg,obs_332241462_photo_602909620,/gpfs_common/share03/ftrscape/snair3/wew_notebooks/outputs_crop/obs_332241462_photo_602909620_box3.jpg,3,Taricha sierrae,Ariolimax buttoni,FALSE,,Sierra newt,0.289739072,2,"[{""species"": ""Taricha torosa"", ""common_name"": ""California newt"", ""score"": 0.3997388184070587}, {""species"": ""Taricha sierrae"", ""common_name"": ""Sierra newt"", ""score"": 0.28973907232284546}, {""species"": ""Taricha granulosa"", ""common_name"": ""Roughskin newt"", ""score"": 0.20516127347946167}, {""species"": ""Taricha rivularis"", ""common_name"": ""Red-bellied newt"", ""score"": 0.08425455540418625}, {""species"": ""Ambystoma californiense"", ""common_name"": ""California tiger salamander"", ""score"": 0.0023455882910639048}]"
obs_332241462_photo_602909620_box3.jpg,obs_332241462_photo_602909620,/gpfs_common/share03/ftrscape/snair3/wew_notebooks/outputs_crop/obs_332241462_photo_602909620_box3.jpg,3,Taricha granulosa,Ariolimax buttoni,FALSE,,Roughskin newt,0.205161273,3,"[{""species"": ""Taricha torosa"", ""common_name"": ""California newt"", ""score"": 0.3997388184070587}, {""species"": ""Taricha sierrae"", ""common_name"": ""Sierra newt"", ""score"": 0.28973907232284546}, {""species"": ""Taricha granulosa"", ""common_name"": ""Roughskin newt"", ""score"": 0.20516127347946167}, {""species"": ""Taricha rivularis"", ""common_name"": ""Red-bellied newt"", ""score"": 0.08425455540418625}, {""species"": ""Ambystoma californiense"", ""common_name"": ""California tiger salamander"", ""score"": 0.0023455882910639048}]"
obs_332241462_photo_602909620_box3.jpg,obs_332241462_photo_602909620,/gpfs_common/share03/ftrscape/snair3/wew_notebooks/outputs_crop/obs_332241462_photo_602909620_box3.jpg,3,Taricha rivularis,Ariolimax buttoni,FALSE,,Red-bellied newt,0.084254555,4,"[{""species"": ""Taricha torosa"", ""common_name"": ""California newt"", ""score"": 0.3997388184070587}, {""species"": ""Taricha sierrae"", ""common_name"": ""Sierra newt"", ""score"": 0.28973907232284546}, {""species"": ""Taricha granulosa"", ""common_name"": ""Roughskin newt"", ""score"": 0.20516127347946167}, {""species"": ""Taricha rivularis"", ""common_name"": ""Red-bellied newt"", ""score"": 0.08425455540418625}, {""species"": ""Ambystoma californiense"", ""common_name"": ""California tiger salamander"", ""score"": 0.0023455882910639048}]"
obs_332241462_photo_602909620_box3.jpg,obs_332241462_photo_602909620,/gpfs_common/share03/ftrscape/snair3/wew_notebooks/outputs_crop/obs_332241462_photo_602909620_box3.jpg,3,Ambystoma californiense,Ariolimax buttoni,FALSE,,California tiger salamander,0.002345588,5,"[{""species"": ""Taricha torosa"", ""common_name"": ""California newt"", ""score"": 0.3997388184070587}, {""species"": ""Taricha sierrae"", ""common_name"": ""Sierra newt"", ""score"": 0.28973907232284546}, {""species"": ""Taricha granulosa"", ""common_name"": ""Roughskin newt"", ""score"": 0.20516127347946167}, {""species"": ""Taricha rivularis"", ""common_name"": ""Red-bellied newt"", ""score"": 0.08425455540418625}, {""species"": ""Ambystoma californiense"", ""common_name"": ""California tiger salamander"", ""score"": 0.0023455882910639048}]"
obs_332241462_photo_602909620_box4.jpg,obs_332241462_photo_602909620,/gpfs_common/share03/ftrscape/snair3/wew_notebooks/outputs_crop/obs_332241462_photo_602909620_box4.jpg,4,Ariolimax buttoni,Ariolimax buttoni,TRUE,,,0.902130246,1,"[{""species"": ""Ariolimax buttoni"", ""common_name"": """", ""score"": 0.9021302461624146}, {""species"": ""Ariolimax columbianus"", ""common_name"": ""Pacific banana slug"", ""score"": 0.0649574026465416}, {""species"": ""Ariolimax brachyphallus"", ""common_name"": """", ""score"": 0.015884162858128548}, {""species"": ""Ariolimax stramineus"", ""common_name"": """", ""score"": 0.00939993280917406}, {""species"": ""Ariolimax californicus"", ""common_name"": ""California banana slug"", ""score"": 0.001782412058673799}]"
obs_332241462_photo_602909620_box4.jpg,obs_332241462_photo_602909620,/gpfs_common/share03/ftrscape/snair3/wew_notebooks/outputs_crop/obs_332241462_photo_602909620_box4.jpg,4,Ariolimax columbianus,Ariolimax buttoni,FALSE,,Pacific banana slug,0.064957403,2,"[{""species"": ""Ariolimax buttoni"", ""common_name"": """", ""score"": 0.9021302461624146}, {""species"": ""Ariolimax columbianus"", ""common_name"": ""Pacific banana slug"", ""score"": 0.0649574026465416}, {""species"": ""Ariolimax brachyphallus"", ""common_name"": """", ""score"": 0.015884162858128548}, {""species"": ""Ariolimax stramineus"", ""common_name"": """", ""score"": 0.00939993280917406}, {""species"": ""Ariolimax californicus"", ""common_name"": ""California banana slug"", ""score"": 0.001782412058673799}]"
obs_332241462_photo_602909620_box4.jpg,obs_332241462_photo_602909620,/gpfs_common/share03/ftrscape/snair3/wew_notebooks/outputs_crop/obs_332241462_photo_602909620_box4.jpg,4,Ariolimax brachyphallus,Ariolimax buttoni,FALSE,,,0.015884163,3,"[{""species"": ""Ariolimax buttoni"", ""common_name"": """", ""score"": 0.9021302461624146}, {""species"": ""Ariolimax columbianus"", ""common_name"": ""Pacific banana slug"", ""score"": 0.0649574026465416}, {""species"": ""Ariolimax brachyphallus"", ""common_name"": """", ""score"": 0.015884162858128548}, {""species"": ""Ariolimax stramineus"", ""common_name"": """", ""score"": 0.00939993280917406}, {""species"": ""Ariolimax californicus"", ""common_name"": ""California banana slug"", ""score"": 0.001782412058673799}]"
obs_332241462_photo_602909620_box4.jpg,obs_332241462_photo_602909620,/gpfs_common/share03/ftrscape/snair3/wew_notebooks/outputs_crop/obs_332241462_photo_602909620_box4.jpg,4,Ariolimax stramineus,Ariolimax buttoni,FALSE,,,0.009399933,4,"[{""species"": ""Ariolimax buttoni"", ""common_name"": """", ""score"": 0.9021302461624146}, {""species"": ""Ariolimax columbianus"", ""common_name"": ""Pacific banana slug"", ""score"": 0.0649574026465416}, {""species"": ""Ariolimax brachyphallus"", ""common_name"": """", ""score"": 0.015884162858128548}, {""species"": ""Ariolimax stramineus"", ""common_name"": """", ""score"": 0.00939993280917406}, {""species"": ""Ariolimax californicus"", ""common_name"": ""California banana slug"", ""score"": 0.001782412058673799}]"
obs_332241462_photo_602909620_box4.jpg,obs_332241462_photo_602909620,/gpfs_common/share03/ftrscape/snair3/wew_notebooks/outputs_crop/obs_332241462_photo_602909620_box4.jpg,4,Ariolimax californicus,Ariolimax buttoni,FALSE,,California banana slug,0.001782412,5,"[{""species"": ""Ariolimax buttoni"", ""common_name"": """", ""score"": 0.9021302461624146}, {""species"": ""Ariolimax columbianus"", ""common_name"": ""Pacific banana slug"", ""score"": 0.0649574026465416}, {""species"": ""Ariolimax brachyphallus"", ""common_name"": """", ""score"": 0.015884162858128548}, {""species"": ""Ariolimax stramineus"", ""common_name"": """", ""score"": 0.00939993280917406}, {""species"": ""Ariolimax californicus"", ""common_name"": ""California banana slug"", ""score"": 0.001782412058673799}]"
obs_333144263_photo_501540234_box1.jpg,obs_333144263_photo_501540234,/gpfs_common/share03/ftrscape/snair3/wew_notebooks/outputs_crop/obs_333144263_photo_501540234_box1.jpg,1,Physcia aipolia,Erythricium aurantiacum,FALSE,,Hoary rosette lichen,0.276820898,1,"[{""species"": ""Physcia aipolia"", ""common_name"": ""Hoary rosette lichen"", ""score"": 0.2768208980560303}, {""species"": ""Physcia alnophila"", ""common_name"": ""Outward-looking rosette lichen"", ""score"": 0.0891011580824852}, {""species"": ""Physcia stellaris"", ""common_name"": ""Star rosette lichen"", ""score"": 0.05612684413790703}, {""species"": ""Physcia biziana"", ""common_name"": ""Frosted rosette lichen"", ""score"": 0.04772663488984108}, {""species"": ""Physcia mexicana"", ""common_name"": """", ""score"": 0.046843525022268295}]"
obs_333144263_photo_501540234_box1.jpg,obs_333144263_photo_501540234,/gpfs_common/share03/ftrscape/snair3/wew_notebooks/outputs_crop/obs_333144263_photo_501540234_box1.jpg,1,Physcia alnophila,Erythricium aurantiacum,FALSE,,Outward-looking rosette lichen,0.089101158,2,"[{""species"": ""Physcia aipolia"", ""common_name"": ""Hoary rosette lichen"", ""score"": 0.2768208980560303}, {""species"": ""Physcia alnophila"", ""common_name"": ""Outward-looking rosette lichen"", ""score"": 0.0891011580824852}, {""species"": ""Physcia stellaris"", ""common_name"": ""Star rosette lichen"", ""score"": 0.05612684413790703}, {""species"": ""Physcia biziana"", ""common_name"": ""Frosted rosette lichen"", ""score"": 0.04772663488984108}, {""species"": ""Physcia mexicana"", ""common_name"": """", ""score"": 0.046843525022268295}]"
obs_333144263_photo_501540234_box1.jpg,obs_333144263_photo_501540234,/gpfs_common/share03/ftrscape/snair3/wew_notebooks/outputs_crop/obs_333144263_photo_501540234_box1.jpg,1,Physcia stellaris,Erythricium aurantiacum,FALSE,,Star rosette lichen,0.056126844,3,"[{""species"": ""Physcia aipolia"", ""common_name"": ""Hoary rosette lichen"", ""score"": 0.2768208980560303}, {""species"": ""Physcia alnophila"", ""common_name"": ""Outward-looking rosette lichen"", ""score"": 0.0891011580824852}, {""species"": ""Physcia stellaris"", ""common_name"": ""Star rosette lichen"", ""score"": 0.05612684413790703}, {""species"": ""Physcia biziana"", ""common_name"": ""Frosted rosette lichen"", ""score"": 0.04772663488984108}, {""species"": ""Physcia mexicana"", ""common_name"": """", ""score"": 0.046843525022268295}]"
obs_333144263_photo_501540234_box1.jpg,obs_333144263_photo_501540234,/gpfs_common/share03/ftrscape/snair3/wew_notebooks/outputs_crop/obs_333144263_photo_501540234_box1.jpg,1,Physcia biziana,Erythricium aurantiacum,FALSE,,Frosted rosette lichen,0.047726635,4,"[{""species"": ""Physcia aipolia"", ""common_name"": ""Hoary rosette lichen"", ""score"": 0.2768208980560303}, {""species"": ""Physcia alnophila"", ""common_name"": ""Outward-looking rosette lichen"", ""score"": 0.0891011580824852}, {""species"": ""Physcia stellaris"", ""common_name"": ""Star rosette lichen"", ""score"": 0.05612684413790703}, {""species"": ""Physcia biziana"", ""common_name"": ""Frosted rosette lichen"", ""score"": 0.04772663488984108}, {""species"": ""Physcia mexicana"", ""common_name"": """", ""score"": 0.046843525022268295}]"
obs_333144263_photo_501540234_box1.jpg,obs_333144263_photo_501540234,/gpfs_common/share03/ftrscape/snair3/wew_notebooks/outputs_crop/obs_333144263_photo_501540234_box1.jpg,1,Physcia mexicana,Erythricium aurantiacum,FALSE,,,0.046843525,5,"[{""species"": ""Physcia aipolia"", ""common_name"": ""Hoary rosette lichen"", ""score"": 0.2768208980560303}, {""species"": ""Physcia alnophila"", ""common_name"": ""Outward-looking rosette lichen"", ""score"": 0.0891011580824852}, {""species"": ""Physcia stellaris"", ""common_name"": ""Star rosette lichen"", ""score"": 0.05612684413790703}, {""species"": ""Physcia biziana"", ""common_name"": ""Frosted rosette lichen"", ""score"": 0.04772663488984108}, {""species"": ""Physcia mexicana"", ""common_name"": """", ""score"": 0.046843525022268295}]"
obs_333144263_photo_501540234_box2.jpg,obs_333144263_photo_501540234,/gpfs_common/share03/ftrscape/snair3/wew_notebooks/outputs_crop/obs_333144263_photo_501540234_box2.jpg,2,Didemnum biglans,Erythricium aurantiacum,FALSE,,,0.036268733,1,"[{""species"": ""Didemnum biglans"", ""common_name"": """", ""score"": 0.03626873344182968}, {""species"": ""Trididemnum cyanophorum"", ""common_name"": """", ""score"": 0.02739608846604824}, {""species"": ""Trididemnum cerebriforme"", ""common_name"": """", ""score"": 0.02060704678297043}, {""species"": ""Didemnum ossium"", ""common_name"": """", ""score"": 0.017423316836357117}, {""species"": ""Eudistoma album"", ""common_name"": """", ""score"": 0.01710640639066696}]"
obs_333144263_photo_501540234_box2.jpg,obs_333144263_photo_501540234,/gpfs_common/share03/ftrscape/snair3/wew_notebooks/outputs_crop/obs_333144263_photo_501540234_box2.jpg,2,Trididemnum cyanophorum,Erythricium aurantiacum,FALSE,,,0.027396088,2,"[{""species"": ""Didemnum biglans"", ""common_name"": """", ""score"": 0.03626873344182968}, {""species"": ""Trididemnum cyanophorum"", ""common_name"": """", ""score"": 0.02739608846604824}, {""species"": ""Trididemnum cerebriforme"", ""common_name"": """", ""score"": 0.02060704678297043}, {""species"": ""Didemnum ossium"", ""common_name"": """", ""score"": 0.017423316836357117}, {""species"": ""Eudistoma album"", ""common_name"": """", ""score"": 0.01710640639066696}]"
obs_333144263_photo_501540234_box2.jpg,obs_333144263_photo_501540234,/gpfs_common/share03/ftrscape/snair3/wew_notebooks/outputs_crop/obs_333144263_photo_501540234_box2.jpg,2,Trididemnum cerebriforme,Erythricium aurantiacum,FALSE,,,0.020607047,3,"[{""species"": ""Didemnum biglans"", ""common_name"": """", ""score"": 0.03626873344182968}, {""species"": ""Trididemnum cyanophorum"", ""common_name"": """", ""score"": 0.02739608846604824}, {""species"": ""Trididemnum cerebriforme"", ""common_name"": """", ""score"": 0.02060704678297043}, {""species"": ""Didemnum ossium"", ""common_name"": """", ""score"": 0.017423316836357117}, {""species"": ""Eudistoma album"", ""common_name"": """", ""score"": 0.01710640639066696}]"
obs_333144263_photo_501540234_box2.jpg,obs_333144263_photo_501540234,/gpfs_common/share03/ftrscape/snair3/wew_notebooks/outputs_crop/obs_333144263_photo_501540234_box2.jpg,2,Didemnum ossium,Erythricium aurantiacum,FALSE,,,0.017423317,4,"[{""species"": ""Didemnum biglans"", ""common_name"": """", ""score"": 0.03626873344182968}, {""species"": ""Trididemnum cyanophorum"", ""common_name"": """", ""score"": 0.02739608846604824}, {""species"": ""Trididemnum cerebriforme"", ""common_name"": """", ""score"": 0.02060704678297043}, {""species"": ""Didemnum ossium"", ""common_name"": """", ""score"": 0.017423316836357117}, {""species"": ""Eudistoma album"", ""common_name"": """", ""score"": 0.01710640639066696}]"
obs_333144263_photo_501540234_box2.jpg,obs_333144263_photo_501540234,/gpfs_common/share03/ftrscape/snair3/wew_notebooks/outputs_crop/obs_333144263_photo_501540234_box2.jpg,2,Eudistoma album,Erythricium aurantiacum,FALSE,,,0.017106406,5,"[{""species"": ""Didemnum biglans"", ""common_name"": """", ""score"": 0.03626873344182968}, {""species"": ""Trididemnum cyanophorum"", ""common_name"": """", ""score"": 0.02739608846604824}, {""species"": ""Trididemnum cerebriforme"", ""common_name"": """", ""score"": 0.02060704678297043}, {""species"": ""Didemnum ossium"", ""common_name"": """", ""score"": 0.017423316836357117}, {""species"": ""Eudistoma album"", ""common_name"": """", ""score"": 0.01710640639066696}]"
obs_333144263_photo_501540234_box3.jpg,obs_333144263_photo_501540234,/gpfs_common/share03/ftrscape/snair3/wew_notebooks/outputs_crop/obs_333144263_photo_501540234_box3.jpg,3,Xanthomendoza oregana,Erythricium aurantiacum,FALSE,,allévägglav,0.104082748,1,"[{""species"": ""Xanthomendoza oregana"", ""common_name"": ""allévägglav"", ""score"": 0.10408274829387665}, {""species"": ""Xanthoria mediterranea"", ""common_name"": """", ""score"": 0.09575100988149643}, {""species"": ""Dufourea turbinata"", ""common_name"": """", ""score"": 0.0624491423368454}, {""species"": ""Xanthomendoza huculica"", ""common_name"": """", ""score"": 0.058737192302942276}, {""species"": ""Xanthoria calcicola"", ""common_name"": ""vortet væggelav"", ""score"": 0.05094967409968376}]"
obs_333144263_photo_501540234_box3.jpg,obs_333144263_photo_501540234,/gpfs_common/share03/ftrscape/snair3/wew_notebooks/outputs_crop/obs_333144263_photo_501540234_box3.jpg,3,Xanthoria mediterranea,Erythricium aurantiacum,FALSE,,,0.09575101,2,"[{""species"": ""Xanthomendoza oregana"", ""common_name"": ""allévägglav"", ""score"": 0.10408274829387665}, {""species"": ""Xanthoria mediterranea"", ""common_name"": """", ""score"": 0.09575100988149643}, {""species"": ""Dufourea turbinata"", ""common_name"": """", ""score"": 0.0624491423368454}, {""species"": ""Xanthomendoza huculica"", ""common_name"": """", ""score"": 0.058737192302942276}, {""species"": ""Xanthoria calcicola"", ""common_name"": ""vortet væggelav"", ""score"": 0.05094967409968376}]"
obs_333144263_photo_501540234_box3.jpg,obs_333144263_photo_501540234,/gpfs_common/share03/ftrscape/snair3/wew_notebooks/outputs_crop/obs_333144263_photo_501540234_box3.jpg,3,Dufourea turbinata,Erythricium aurantiacum,FALSE,,,0.062449142,3,"[{""species"": ""Xanthomendoza oregana"", ""common_name"": ""allévägglav"", ""score"": 0.10408274829387665}, {""species"": ""Xanthoria mediterranea"", ""common_name"": """", ""score"": 0.09575100988149643}, {""species"": ""Dufourea turbinata"", ""common_name"": """", ""score"": 0.0624491423368454}, {""species"": ""Xanthomendoza huculica"", ""common_name"": """", ""score"": 0.058737192302942276}, {""species"": ""Xanthoria calcicola"", ""common_name"": ""vortet væggelav"", ""score"": 0.05094967409968376}]"
obs_333144263_photo_501540234_box3.jpg,obs_333144263_photo_501540234,/gpfs_common/share03/ftrscape/snair3/wew_notebooks/outputs_crop/obs_333144263_photo_501540234_box3.jpg,3,Xanthomendoza huculica,Erythricium aurantiacum,FALSE,,,0.058737192,4,"[{""species"": ""Xanthomendoza oregana"", ""common_name"": ""allévägglav"", ""score"": 0.10408274829387665}, {""species"": ""Xanthoria mediterranea"", ""common_name"": """", ""score"": 0.09575100988149643}, {""species"": ""Dufourea turbinata"", ""common_name"": """", ""score"": 0.0624491423368454}, {""species"": ""Xanthomendoza huculica"", ""common_name"": """", ""score"": 0.058737192302942276}, {""species"": ""Xanthoria calcicola"", ""common_name"": ""vortet væggelav"", ""score"": 0.05094967409968376}]"
obs_333144263_photo_501540234_box3.jpg,obs_333144263_photo_501540234,/gpfs_common/share03/ftrscape/snair3/wew_notebooks/outputs_crop/obs_333144263_photo_501540234_box3.jpg,3,Xanthoria calcicola,Erythricium aurantiacum,FALSE,,vortet væggelav,0.050949674,5,"[{""species"": ""Xanthomendoza oregana"", ""common_name"": ""allévägglav"", ""score"": 0.10408274829387665}, {""species"": ""Xanthoria mediterranea"", ""common_name"": """", ""score"": 0.09575100988149643}, {""species"": ""Dufourea turbinata"", ""common_name"": """", ""score"": 0.0624491423368454}, {""species"": ""Xanthomendoza huculica"", ""common_name"": """", ""score"": 0.058737192302942276}, {""species"": ""Xanthoria calcicola"", ""common_name"": ""vortet væggelav"", ""score"": 0.05094967409968376}]"
obs_333144263_photo_501540234_box4.jpg,obs_333144263_photo_501540234,/gpfs_common/share03/ftrscape/snair3/wew_notebooks/outputs_crop/obs_333144263_photo_501540234_box4.jpg,4,Leproplaca cirrochroa,Erythricium aurantiacum,FALSE,,gul orangelav,0.032508381,1,"[{""species"": ""Leproplaca cirrochroa"", ""common_name"": ""gul orangelav"", ""score"": 0.032508380711078644}, {""species"": ""Leptothrix ochracea"", ""common_name"": """", ""score"": 0.015683608129620552}, {""species"": ""Xanthocarpia lactea"", ""common_name"": ""storsporet orangelav"", ""score"": 0.010520963929593563}, {""species"": ""Xanthocarpia tominii"", ""common_name"": """", ""score"": 0.010145816951990128}, {""species"": ""Elenkiniana gomerana"", ""common_name"": """", ""score"": 0.009606380015611649}]"
obs_333144263_photo_501540234_box4.jpg,obs_333144263_photo_501540234,/gpfs_common/share03/ftrscape/snair3/wew_notebooks/outputs_crop/obs_333144263_photo_501540234_box4.jpg,4,Leptothrix ochracea,Erythricium aurantiacum,FALSE,,,0.015683608,2,"[{""species"": ""Leproplaca cirrochroa"", ""common_name"": ""gul orangelav"", ""score"": 0.032508380711078644}, {""species"": ""Leptothrix ochracea"", ""common_name"": """", ""score"": 0.015683608129620552}, {""species"": ""Xanthocarpia lactea"", ""common_name"": ""storsporet orangelav"", ""score"": 0.010520963929593563}, {""species"": ""Xanthocarpia tominii"", ""common_name"": """", ""score"": 0.010145816951990128}, {""species"": ""Elenkiniana gomerana"", ""common_name"": """", ""score"": 0.009606380015611649}]"
obs_333144263_photo_501540234_box4.jpg,obs_333144263_photo_501540234,/gpfs_common/share03/ftrscape/snair3/wew_notebooks/outputs_crop/obs_333144263_photo_501540234_box4.jpg,4,Xanthocarpia lactea,Erythricium aurantiacum,FALSE,,storsporet orangelav,0.010520964,3,"[{""species"": ""Leproplaca cirrochroa"", ""common_name"": ""gul orangelav"", ""score"": 0.032508380711078644}, {""species"": ""Leptothrix ochracea"", ""common_name"": """", ""score"": 0.015683608129620552}, {""species"": ""Xanthocarpia lactea"", ""common_name"": ""storsporet orangelav"", ""score"": 0.010520963929593563}, {""species"": ""Xanthocarpia tominii"", ""common_name"": """", ""score"": 0.010145816951990128}, {""species"": ""Elenkiniana gomerana"", ""common_name"": """", ""score"": 0.009606380015611649}]"
obs_333144263_photo_501540234_box4.jpg,obs_333144263_photo_501540234,/gpfs_common/share03/ftrscape/snair3/wew_notebooks/outputs_crop/obs_333144263_photo_501540234_box4.jpg,4,Xanthocarpia tominii,Erythricium aurantiacum,FALSE,,,0.010145817,4,"[{""species"": ""Leproplaca cirrochroa"", ""common_name"": ""gul orangelav"", ""score"": 0.032508380711078644}, {""species"": ""Leptothrix ochracea"", ""common_name"": """", ""score"": 0.015683608129620552}, {""species"": ""Xanthocarpia lactea"", ""common_name"": ""storsporet orangelav"", ""score"": 0.010520963929593563}, {""species"": ""Xanthocarpia tominii"", ""common_name"": """", ""score"": 0.010145816951990128}, {""species"": ""Elenkiniana gomerana"", ""common_name"": """", ""score"": 0.009606380015611649}]"
obs_333144263_photo_501540234_box4.jpg,obs_333144263_photo_501540234,/gpfs_common/share03/ftrscape/snair3/wew_notebooks/outputs_crop/obs_333144263_photo_501540234_box4.jpg,4,Elenkiniana gomerana,Erythricium aurantiacum,FALSE,,,0.00960638,5,"[{""species"": ""Leproplaca cirrochroa"", ""common_name"": ""gul orangelav"", ""score"": 0.032508380711078644}, {""species"": ""Leptothrix ochracea"", ""common_name"": """", ""score"": 0.015683608129620552}, {""species"": ""Xanthocarpia lactea"", ""common_name"": ""storsporet orangelav"", ""score"": 0.010520963929593563}, {""species"": ""Xanthocarpia tominii"", ""common_name"": """", ""score"": 0.010145816951990128}, {""species"": ""Elenkiniana gomerana"", ""common_name"": """", ""score"": 0.009606380015611649}]"
obs_333144263_photo_501540234_box5.jpg,obs_333144263_photo_501540234,/gpfs_common/share03/ftrscape/snair3/wew_notebooks/outputs_crop/obs_333144263_photo_501540234_box5.jpg,5,Erythricium aurantiacum,Erythricium aurantiacum,TRUE,,,0.190575644,1,"[{""species"": ""Erythricium aurantiacum"", ""common_name"": """", ""score"": 0.19057564437389374}, {""species"": ""Ovicuculispora parmeliae"", ""common_name"": """", ""score"": 0.11944221705198288}, {""species"": ""Sphaerellothecium parietinarium"", ""common_name"": """", ""score"": 0.05291811749339104}, {""species"": ""Caloplaca anularis"", ""common_name"": """", ""score"": 0.04802175983786583}, {""species"": ""Bryostigma parietinarium"", ""common_name"": """", ""score"": 0.03256288170814514}]"
obs_333144263_photo_501540234_box5.jpg,obs_333144263_photo_501540234,/gpfs_common/share03/ftrscape/snair3/wew_notebooks/outputs_crop/obs_333144263_photo_501540234_box5.jpg,5,Ovicuculispora parmeliae,Erythricium aurantiacum,FALSE,,,0.119442217,2,"[{""species"": ""Erythricium aurantiacum"", ""common_name"": """", ""score"": 0.19057564437389374}, {""species"": ""Ovicuculispora parmeliae"", ""common_name"": """", ""score"": 0.11944221705198288}, {""species"": ""Sphaerellothecium parietinarium"", ""common_name"": """", ""score"": 0.05291811749339104}, {""species"": ""Caloplaca anularis"", ""common_name"": """", ""score"": 0.04802175983786583}, {""species"": ""Bryostigma parietinarium"", ""common_name"": """", ""score"": 0.03256288170814514}]"
obs_333144263_photo_501540234_box5.jpg,obs_333144263_photo_501540234,/gpfs_common/share03/ftrscape/snair3/wew_notebooks/outputs_crop/obs_333144263_photo_501540234_box5.jpg,5,Sphaerellothecium parietinarium,Erythricium aurantiacum,FALSE,,,0.052918117,3,"[{""species"": ""Erythricium aurantiacum"", ""common_name"": """", ""score"": 0.19057564437389374}, {""species"": ""Ovicuculispora parmeliae"", ""common_name"": """", ""score"": 0.11944221705198288}, {""species"": ""Sphaerellothecium parietinarium"", ""common_name"": """", ""score"": 0.05291811749339104}, {""species"": ""Caloplaca anularis"", ""common_name"": """", ""score"": 0.04802175983786583}, {""species"": ""Bryostigma parietinarium"", ""common_name"": """", ""score"": 0.03256288170814514}]"
obs_333144263_photo_501540234_box5.jpg,obs_333144263_photo_501540234,/gpfs_common/share03/ftrscape/snair3/wew_notebooks/outputs_crop/obs_333144263_photo_501540234_box5.jpg,5,Caloplaca anularis,Erythricium aurantiacum,FALSE,,,0.04802176,4,"[{""species"": ""Erythricium aurantiacum"", ""common_name"": """", ""score"": 0.19057564437389374}, {""species"": ""Ovicuculispora parmeliae"", ""common_name"": """", ""score"": 0.11944221705198288}, {""species"": ""Sphaerellothecium parietinarium"", ""common_name"": """", ""score"": 0.05291811749339104}, {""species"": ""Caloplaca anularis"", ""common_name"": """", ""score"": 0.04802175983786583}, {""species"": ""Bryostigma parietinarium"", ""common_name"": """", ""score"": 0.03256288170814514}]"
obs_333144263_photo_501540234_box5.jpg,obs_333144263_photo_501540234,/gpfs_common/share03/ftrscape/snair3/wew_notebooks/outputs_crop/obs_333144263_photo_501540234_box5.jpg,5,Bryostigma parietinarium,Erythricium aurantiacum,FALSE,,,0.032562882,5,"[{""species"": ""Erythricium aurantiacum"", ""common_name"": """", ""score"": 0.19057564437389374}, {""species"": ""Ovicuculispora parmeliae"", ""common_name"": """", ""score"": 0.11944221705198288}, {""species"": ""Sphaerellothecium parietinarium"", ""common_name"": """", ""score"": 0.05291811749339104}, {""species"": ""Caloplaca anularis"", ""common_name"": """", ""score"": 0.04802175983786583}, {""species"": ""Bryostigma parietinarium"", ""common_name"": """", ""score"": 0.03256288170814514}]"
obs_333664707_photo_605748155_box1.jpg,obs_333664707_photo_605748155,/gpfs_common/share03/ftrscape/snair3/wew_notebooks/outputs_crop/obs_333664707_photo_605748155_box1.jpg,1,Berthella chacei,Aeolidia loui,FALSE,,,0.173829377,1,"[{""species"": ""Berthella chacei"", ""common_name"": """", ""score"": 0.17382937669754028}, {""species"": ""Chelyosoma productum"", ""common_name"": """", ""score"": 0.09632270783185959}, {""species"": ""Cyclosalpa bakeri"", ""common_name"": """", ""score"": 0.0511082261800766}, {""species"": ""Berthella californica"", ""common_name"": """", ""score"": 0.027380065992474556}, {""species"": ""Cyclosalpa affinis"", ""common_name"": """", ""score"": 0.021127188578248024}]"
obs_333664707_photo_605748155_box1.jpg,obs_333664707_photo_605748155,/gpfs_common/share03/ftrscape/snair3/wew_notebooks/outputs_crop/obs_333664707_photo_605748155_box1.jpg,1,Chelyosoma productum,Aeolidia loui,FALSE,,,0.096322708,2,"[{""species"": ""Berthella chacei"", ""common_name"": """", ""score"": 0.17382937669754028}, {""species"": ""Chelyosoma productum"", ""common_name"": """", ""score"": 0.09632270783185959}, {""species"": ""Cyclosalpa bakeri"", ""common_name"": """", ""score"": 0.0511082261800766}, {""species"": ""Berthella californica"", ""common_name"": """", ""score"": 0.027380065992474556}, {""species"": ""Cyclosalpa affinis"", ""common_name"": """", ""score"": 0.021127188578248024}]"
obs_333664707_photo_605748155_box1.jpg,obs_333664707_photo_605748155,/gpfs_common/share03/ftrscape/snair3/wew_notebooks/outputs_crop/obs_333664707_photo_605748155_box1.jpg,1,Cyclosalpa bakeri,Aeolidia loui,FALSE,,,0.051108226,3,"[{""species"": ""Berthella chacei"", ""common_name"": """", ""score"": 0.17382937669754028}, {""species"": ""Chelyosoma productum"", ""common_name"": """", ""score"": 0.09632270783185959}, {""species"": ""Cyclosalpa bakeri"", ""common_name"": """", ""score"": 0.0511082261800766}, {""species"": ""Berthella californica"", ""common_name"": """", ""score"": 0.027380065992474556}, {""species"": ""Cyclosalpa affinis"", ""common_name"": """", ""score"": 0.021127188578248024}]"
obs_333664707_photo_605748155_box1.jpg,obs_333664707_photo_605748155,/gpfs_common/share03/ftrscape/snair3/wew_notebooks/outputs_crop/obs_333664707_photo_605748155_box1.jpg,1,Berthella californica,Aeolidia loui,FALSE,,,0.027380066,4,"[{""species"": ""Berthella chacei"", ""common_name"": """", ""score"": 0.17382937669754028}, {""species"": ""Chelyosoma productum"", ""common_name"": """", ""score"": 0.09632270783185959}, {""species"": ""Cyclosalpa bakeri"", ""common_name"": """", ""score"": 0.0511082261800766}, {""species"": ""Berthella californica"", ""common_name"": """", ""score"": 0.027380065992474556}, {""species"": ""Cyclosalpa affinis"", ""common_name"": """", ""score"": 0.021127188578248024}]"
obs_333664707_photo_605748155_box1.jpg,obs_333664707_photo_605748155,/gpfs_common/share03/ftrscape/snair3/wew_notebooks/outputs_crop/obs_333664707_photo_605748155_box1.jpg,1,Cyclosalpa affinis,Aeolidia loui,FALSE,,,0.021127189,5,"[{""species"": ""Berthella chacei"", ""common_name"": """", ""score"": 0.17382937669754028}, {""species"": ""Chelyosoma productum"", ""common_name"": """", ""score"": 0.09632270783185959}, {""species"": ""Cyclosalpa bakeri"", ""common_name"": """", ""score"": 0.0511082261800766}, {""species"": ""Berthella californica"", ""common_name"": """", ""score"": 0.027380065992474556}, {""species"": ""Cyclosalpa affinis"", ""common_name"": """", ""score"": 0.021127188578248024}]"
obs_333664707_photo_605748155_box2.jpg,obs_333664707_photo_605748155,/gpfs_common/share03/ftrscape/snair3/wew_notebooks/outputs_crop/obs_333664707_photo_605748155_box2.jpg,2,Urticina coriacea,Aeolidia loui,FALSE,,Leathery anemone,0.072382629,1,"[{""species"": ""Urticina coriacea"", ""common_name"": ""Leathery anemone"", ""score"": 0.07238262891769409}, {""species"": ""Halcurias capensis"", ""common_name"": """", ""score"": 0.031644556671381}, {""species"": ""Aeolidia papillosa"", ""common_name"": ""Common grey sea slug"", ""score"": 0.01676621101796627}, {""species"": ""Urticina crassicornis"", ""common_name"": ""Mottled anemone"", ""score"": 0.015064720995724201}, {""species"": ""Metridium dianthus"", ""common_name"": ""Plumose anemone"", ""score"": 0.012512077577412128}]"
obs_333664707_photo_605748155_box2.jpg,obs_333664707_photo_605748155,/gpfs_common/share03/ftrscape/snair3/wew_notebooks/outputs_crop/obs_333664707_photo_605748155_box2.jpg,2,Halcurias capensis,Aeolidia loui,FALSE,,,0.031644557,2,"[{""species"": ""Urticina coriacea"", ""common_name"": ""Leathery anemone"", ""score"": 0.07238262891769409}, {""species"": ""Halcurias capensis"", ""common_name"": """", ""score"": 0.031644556671381}, {""species"": ""Aeolidia papillosa"", ""common_name"": ""Common grey sea slug"", ""score"": 0.01676621101796627}, {""species"": ""Urticina crassicornis"", ""common_name"": ""Mottled anemone"", ""score"": 0.015064720995724201}, {""species"": ""Metridium dianthus"", ""common_name"": ""Plumose anemone"", ""score"": 0.012512077577412128}]"
obs_333664707_photo_605748155_box2.jpg,obs_333664707_photo_605748155,/gpfs_common/share03/ftrscape/snair3/wew_notebooks/outputs_crop/obs_333664707_photo_605748155_box2.jpg,2,Aeolidia papillosa,Aeolidia loui,FALSE,,Common grey sea slug,0.016766211,3,"[{""species"": ""Urticina coriacea"", ""common_name"": ""Leathery anemone"", ""score"": 0.07238262891769409}, {""species"": ""Halcurias capensis"", ""common_name"": """", ""score"": 0.031644556671381}, {""species"": ""Aeolidia papillosa"", ""common_name"": ""Common grey sea slug"", ""score"": 0.01676621101796627}, {""species"": ""Urticina crassicornis"", ""common_name"": ""Mottled anemone"", ""score"": 0.015064720995724201}, {""species"": ""Metridium dianthus"", ""common_name"": ""Plumose anemone"", ""score"": 0.012512077577412128}]"
obs_333664707_photo_605748155_box2.jpg,obs_333664707_photo_605748155,/gpfs_common/share03/ftrscape/snair3/wew_notebooks/outputs_crop/obs_333664707_photo_605748155_box2.jpg,2,Urticina crassicornis,Aeolidia loui,FALSE,,Mottled anemone,0.015064721,4,"[{""species"": ""Urticina coriacea"", ""common_name"": ""Leathery anemone"", ""score"": 0.07238262891769409}, {""species"": ""Halcurias capensis"", ""common_name"": """", ""score"": 0.031644556671381}, {""species"": ""Aeolidia papillosa"", ""common_name"": ""Common grey sea slug"", ""score"": 0.01676621101796627}, {""species"": ""Urticina crassicornis"", ""common_name"": ""Mottled anemone"", ""score"": 0.015064720995724201}, {""species"": ""Metridium dianthus"", ""common_name"": ""Plumose anemone"", ""score"": 0.012512077577412128}]"
obs_333664707_photo_605748155_box2.jpg,obs_333664707_photo_605748155,/gpfs_common/share03/ftrscape/snair3/wew_notebooks/outputs_crop/obs_333664707_photo_605748155_box2.jpg,2,Metridium dianthus,Aeolidia loui,FALSE,,Plumose anemone,0.012512078,5,"[{""species"": ""Urticina coriacea"", ""common_name"": ""Leathery anemone"", ""score"": 0.07238262891769409}, {""species"": ""Halcurias capensis"", ""common_name"": """", ""score"": 0.031644556671381}, {""species"": ""Aeolidia papillosa"", ""common_name"": ""Common grey sea slug"", ""score"": 0.01676621101796627}, {""species"": ""Urticina crassicornis"", ""common_name"": ""Mottled anemone"", ""score"": 0.015064720995724201}, {""species"": ""Metridium dianthus"", ""common_name"": ""Plumose anemone"", ""score"": 0.012512077577412128}]"
obs_333664707_photo_605748155_box3.jpg,obs_333664707_photo_605748155,/gpfs_common/share03/ftrscape/snair3/wew_notebooks/outputs_crop/obs_333664707_photo_605748155_box3.jpg,3,Ziminella japonica,Aeolidia loui,FALSE,,,0.162801743,1,"[{""species"": ""Ziminella japonica"", ""common_name"": """", ""score"": 0.16280174255371094}, {""species"": ""Aeolidia loui"", ""common_name"": """", ""score"": 0.13843923807144165}, {""species"": ""Lytechinus pictus"", ""common_name"": """", ""score"": 0.09423033148050308}, {""species"": ""Cylista catalinensis"", ""common_name"": """", ""score"": 0.06597336381673813}, {""species"": ""Diadumene leucolena"", ""common_name"": ""White anemone"", ""score"": 0.015833726152777672}]"
obs_333664707_photo_605748155_box3.jpg,obs_333664707_photo_605748155,/gpfs_common/share03/ftrscape/snair3/wew_notebooks/outputs_crop/obs_333664707_photo_605748155_box3.jpg,3,Aeolidia loui,Aeolidia loui,TRUE,,,0.138439238,2,"[{""species"": ""Ziminella japonica"", ""common_name"": """", ""score"": 0.16280174255371094}, {""species"": ""Aeolidia loui"", ""common_name"": """", ""score"": 0.13843923807144165}, {""species"": ""Lytechinus pictus"", ""common_name"": """", ""score"": 0.09423033148050308}, {""species"": ""Cylista catalinensis"", ""common_name"": """", ""score"": 0.06597336381673813}, {""species"": ""Diadumene leucolena"", ""common_name"": ""White anemone"", ""score"": 0.015833726152777672}]"
obs_333664707_photo_605748155_box3.jpg,obs_333664707_photo_605748155,/gpfs_common/share03/ftrscape/snair3/wew_notebooks/outputs_crop/obs_333664707_photo_605748155_box3.jpg,3,Lytechinus pictus,Aeolidia loui,FALSE,,,0.094230331,3,"[{""species"": ""Ziminella japonica"", ""common_name"": """", ""score"": 0.16280174255371094}, {""species"": ""Aeolidia loui"", ""common_name"": """", ""score"": 0.13843923807144165}, {""species"": ""Lytechinus pictus"", ""common_name"": """", ""score"": 0.09423033148050308}, {""species"": ""Cylista catalinensis"", ""common_name"": """", ""score"": 0.06597336381673813}, {""species"": ""Diadumene leucolena"", ""common_name"": ""White anemone"", ""score"": 0.015833726152777672}]"
obs_333664707_photo_605748155_box3.jpg,obs_333664707_photo_605748155,/gpfs_common/share03/ftrscape/snair3/wew_notebooks/outputs_crop/obs_333664707_photo_605748155_box3.jpg,3,Cylista catalinensis,Aeolidia loui,FALSE,,,0.065973364,4,"[{""species"": ""Ziminella japonica"", ""common_name"": """", ""score"": 0.16280174255371094}, {""species"": ""Aeolidia loui"", ""common_name"": """", ""score"": 0.13843923807144165}, {""species"": ""Lytechinus pictus"", ""common_name"": """", ""score"": 0.09423033148050308}, {""species"": ""Cylista catalinensis"", ""common_name"": """", ""score"": 0.06597336381673813}, {""species"": ""Diadumene leucolena"", ""common_name"": ""White anemone"", ""score"": 0.015833726152777672}]"
obs_333664707_photo_605748155_box3.jpg,obs_333664707_photo_605748155,/gpfs_common/share03/ftrscape/snair3/wew_notebooks/outputs_crop/obs_333664707_photo_605748155_box3.jpg,3,Diadumene leucolena,Aeolidia loui,FALSE,,White anemone,0.015833726,5,"[{""species"": ""Ziminella japonica"", ""common_name"": """", ""score"": 0.16280174255371094}, {""species"": ""Aeolidia loui"", ""common_name"": """", ""score"": 0.13843923807144165}, {""species"": ""Lytechinus pictus"", ""common_name"": """", ""score"": 0.09423033148050308}, {""species"": ""Cylista catalinensis"", ""common_name"": """", ""score"": 0.06597336381673813}, {""species"": ""Diadumene leucolena"", ""common_name"": ""White anemone"", ""score"": 0.015833726152777672}]"
obs_333664707_photo_605748155_box4.jpg,obs_333664707_photo_605748155,/gpfs_common/share03/ftrscape/snair3/wew_notebooks/outputs_crop/obs_333664707_photo_605748155_box4.jpg,4,Aeolidia loui,Aeolidia loui,TRUE,,,0.846005499,1,"[{""species"": ""Aeolidia loui"", ""common_name"": """", ""score"": 0.8460054993629456}, {""species"": ""Ziminella japonica"", ""common_name"": """", ""score"": 0.07200440764427185}, {""species"": ""Aeolidia papillosa"", ""common_name"": ""Common grey sea slug"", ""score"": 0.019770096987485886}, {""species"": ""Aeolidia campbellii"", ""common_name"": """", ""score"": 0.009607282467186451}, {""species"": ""Antiopella novozealandica"", ""common_name"": """", ""score"": 0.0060250782407820225}]"
obs_333664707_photo_605748155_box4.jpg,obs_333664707_photo_605748155,/gpfs_common/share03/ftrscape/snair3/wew_notebooks/outputs_crop/obs_333664707_photo_605748155_box4.jpg,4,Ziminella japonica,Aeolidia loui,FALSE,,,0.072004408,2,"[{""species"": ""Aeolidia loui"", ""common_name"": """", ""score"": 0.8460054993629456}, {""species"": ""Ziminella japonica"", ""common_name"": """", ""score"": 0.07200440764427185}, {""species"": ""Aeolidia papillosa"", ""common_name"": ""Common grey sea slug"", ""score"": 0.019770096987485886}, {""species"": ""Aeolidia campbellii"", ""common_name"": """", ""score"": 0.009607282467186451}, {""species"": ""Antiopella novozealandica"", ""common_name"": """", ""score"": 0.0060250782407820225}]"
obs_333664707_photo_605748155_box4.jpg,obs_333664707_photo_605748155,/gpfs_common/share03/ftrscape/snair3/wew_notebooks/outputs_crop/obs_333664707_photo_605748155_box4.jpg,4,Aeolidia papillosa,Aeolidia loui,FALSE,,Common grey sea slug,0.019770097,3,"[{""species"": ""Aeolidia loui"", ""common_name"": """", ""score"": 0.8460054993629456}, {""species"": ""Ziminella japonica"", ""common_name"": """", ""score"": 0.07200440764427185}, {""species"": ""Aeolidia papillosa"", ""common_name"": ""Common grey sea slug"", ""score"": 0.019770096987485886}, {""species"": ""Aeolidia campbellii"", ""common_name"": """", ""score"": 0.009607282467186451}, {""species"": ""Antiopella novozealandica"", ""common_name"": """", ""score"": 0.0060250782407820225}]"
obs_333664707_photo_605748155_box4.jpg,obs_333664707_photo_605748155,/gpfs_common/share03/ftrscape/snair3/wew_notebooks/outputs_crop/obs_333664707_photo_605748155_box4.jpg,4,Aeolidia campbellii,Aeolidia loui,FALSE,,,0.009607282,4,"[{""species"": ""Aeolidia loui"", ""common_name"": """", ""score"": 0.8460054993629456}, {""species"": ""Ziminella japonica"", ""common_name"": """", ""score"": 0.07200440764427185}, {""species"": ""Aeolidia papillosa"", ""common_name"": ""Common grey sea slug"", ""score"": 0.019770096987485886}, {""species"": ""Aeolidia campbellii"", ""common_name"": """", ""score"": 0.009607282467186451}, {""species"": ""Antiopella novozealandica"", ""common_name"": """", ""score"": 0.0060250782407820225}]"
obs_333664707_photo_605748155_box4.jpg,obs_333664707_photo_605748155,/gpfs_common/share03/ftrscape/snair3/wew_notebooks/outputs_crop/obs_333664707_photo_605748155_box4.jpg,4,Antiopella novozealandica,Aeolidia loui,FALSE,,,0.006025078,5,"[{""species"": ""Aeolidia loui"", ""common_name"": """", ""score"": 0.8460054993629456}, {""species"": ""Ziminella japonica"", ""common_name"": """", ""score"": 0.07200440764427185}, {""species"": ""Aeolidia papillosa"", ""common_name"": ""Common grey sea slug"", ""score"": 0.019770096987485886}, {""species"": ""Aeolidia campbellii"", ""common_name"": """", ""score"": 0.009607282467186451}, {""species"": ""Antiopella novozealandica"", ""common_name"": """", ""score"": 0.0060250782407820225}]"
obs_334025380_photo_606497684_box1.jpg,obs_334025380_photo_606497684,/gpfs_common/share03/ftrscape/snair3/wew_notebooks/outputs_crop/obs_334025380_photo_606497684_box1.jpg,1,Cystiscus aurantius,Cryptomarasmius corbariensis,FALSE,Image not very clear,,0.028624935,1,"[{""species"": ""Cystiscus aurantius"", ""common_name"": """", ""score"": 0.02862493507564068}, {""species"": ""Conus consors"", ""common_name"": ""Singed cone"", ""score"": 0.01729803904891014}, {""species"": ""Plesiocystiscus genecoani"", ""common_name"": """", ""score"": 0.01697615347802639}, {""species"": ""Conus coccineus"", ""common_name"": ""Berry cone"", ""score"": 0.01633726991713047}, {""species"": ""Conus daucus"", ""common_name"": ""Carrot cone"", ""score"": 0.013330531306564808}]"
obs_334025380_photo_606497684_box1.jpg,obs_334025380_photo_606497684,/gpfs_common/share03/ftrscape/snair3/wew_notebooks/outputs_crop/obs_334025380_photo_606497684_box1.jpg,1,Conus consors,Cryptomarasmius corbariensis,FALSE,Image not very clear,Singed cone,0.017298039,2,"[{""species"": ""Cystiscus aurantius"", ""common_name"": """", ""score"": 0.02862493507564068}, {""species"": ""Conus consors"", ""common_name"": ""Singed cone"", ""score"": 0.01729803904891014}, {""species"": ""Plesiocystiscus genecoani"", ""common_name"": """", ""score"": 0.01697615347802639}, {""species"": ""Conus coccineus"", ""common_name"": ""Berry cone"", ""score"": 0.01633726991713047}, {""species"": ""Conus daucus"", ""common_name"": ""Carrot cone"", ""score"": 0.013330531306564808}]"
obs_334025380_photo_606497684_box1.jpg,obs_334025380_photo_606497684,/gpfs_common/share03/ftrscape/snair3/wew_notebooks/outputs_crop/obs_334025380_photo_606497684_box1.jpg,1,Plesiocystiscus genecoani,Cryptomarasmius corbariensis,FALSE,Image not very clear,,0.016976153,3,"[{""species"": ""Cystiscus aurantius"", ""common_name"": """", ""score"": 0.02862493507564068}, {""species"": ""Conus consors"", ""common_name"": ""Singed cone"", ""score"": 0.01729803904891014}, {""species"": ""Plesiocystiscus genecoani"", ""common_name"": """", ""score"": 0.01697615347802639}, {""species"": ""Conus coccineus"", ""common_name"": ""Berry cone"", ""score"": 0.01633726991713047}, {""species"": ""Conus daucus"", ""common_name"": ""Carrot cone"", ""score"": 0.013330531306564808}]"
obs_334025380_photo_606497684_box1.jpg,obs_334025380_photo_606497684,/gpfs_common/share03/ftrscape/snair3/wew_notebooks/outputs_crop/obs_334025380_photo_606497684_box1.jpg,1,Conus coccineus,Cryptomarasmius corbariensis,FALSE,Image not very clear,Berry cone,0.01633727,4,"[{""species"": ""Cystiscus aurantius"", ""common_name"": """", ""score"": 0.02862493507564068}, {""species"": ""Conus consors"", ""common_name"": ""Singed cone"", ""score"": 0.01729803904891014}, {""species"": ""Plesiocystiscus genecoani"", ""common_name"": """", ""score"": 0.01697615347802639}, {""species"": ""Conus coccineus"", ""common_name"": ""Berry cone"", ""score"": 0.01633726991713047}, {""species"": ""Conus daucus"", ""common_name"": ""Carrot cone"", ""score"": 0.013330531306564808}]"
obs_334025380_photo_606497684_box1.jpg,obs_334025380_photo_606497684,/gpfs_common/share03/ftrscape/snair3/wew_notebooks/outputs_crop/obs_334025380_photo_606497684_box1.jpg,1,Conus daucus,Cryptomarasmius corbariensis,FALSE,Image not very clear,Carrot cone,0.013330531,5,"[{""species"": ""Cystiscus aurantius"", ""common_name"": """", ""score"": 0.02862493507564068}, {""species"": ""Conus consors"", ""common_name"": ""Singed cone"", ""score"": 0.01729803904891014}, {""species"": ""Plesiocystiscus genecoani"", ""common_name"": """", ""score"": 0.01697615347802639}, {""species"": ""Conus coccineus"", ""common_name"": ""Berry cone"", ""score"": 0.01633726991713047}, {""species"": ""Conus daucus"", ""common_name"": ""Carrot cone"", ""score"": 0.013330531306564808}]"
obs_334025380_photo_606497684_box2.jpg,obs_334025380_photo_606497684,/gpfs_common/share03/ftrscape/snair3/wew_notebooks/outputs_crop/obs_334025380_photo_606497684_box2.jpg,2,Homo naledi,Cryptomarasmius corbariensis,FALSE,Image not very clear,,0.009841964,1,"[{""species"": ""Homo naledi"", ""common_name"": """", ""score"": 0.009841963648796082}, {""species"": ""Phalium fimbria"", ""common_name"": ""Fringed bonnet"", ""score"": 0.0041832453571259975}, {""species"": ""Bathynomus giganteus"", ""common_name"": ""Giant isopod"", ""score"": 0.003208971582353115}, {""species"": ""Gasterophilus intestinalis"", ""common_name"": ""Horse botfly"", ""score"": 0.002921244828030467}, {""species"": ""Percalates novemaculeata (Steindachner, 1866)"", ""common_name"": """", ""score"": 0.0027979968581348658}]"
obs_334025380_photo_606497684_box2.jpg,obs_334025380_photo_606497684,/gpfs_common/share03/ftrscape/snair3/wew_notebooks/outputs_crop/obs_334025380_photo_606497684_box2.jpg,2,Phalium fimbria,Cryptomarasmius corbariensis,FALSE,Image not very clear,Fringed bonnet,0.004183245,2,"[{""species"": ""Homo naledi"", ""common_name"": """", ""score"": 0.009841963648796082}, {""species"": ""Phalium fimbria"", ""common_name"": ""Fringed bonnet"", ""score"": 0.0041832453571259975}, {""species"": ""Bathynomus giganteus"", ""common_name"": ""Giant isopod"", ""score"": 0.003208971582353115}, {""species"": ""Gasterophilus intestinalis"", ""common_name"": ""Horse botfly"", ""score"": 0.002921244828030467}, {""species"": ""Percalates novemaculeata (Steindachner, 1866)"", ""common_name"": """", ""score"": 0.0027979968581348658}]"
obs_334025380_photo_606497684_box2.jpg,obs_334025380_photo_606497684,/gpfs_common/share03/ftrscape/snair3/wew_notebooks/outputs_crop/obs_334025380_photo_606497684_box2.jpg,2,Bathynomus giganteus,Cryptomarasmius corbariensis,FALSE,Image not very clear,Giant isopod,0.003208972,3,"[{""species"": ""Homo naledi"", ""common_name"": """", ""score"": 0.009841963648796082}, {""species"": ""Phalium fimbria"", ""common_name"": ""Fringed bonnet"", ""score"": 0.0041832453571259975}, {""species"": ""Bathynomus giganteus"", ""common_name"": ""Giant isopod"", ""score"": 0.003208971582353115}, {""species"": ""Gasterophilus intestinalis"", ""common_name"": ""Horse botfly"", ""score"": 0.002921244828030467}, {""species"": ""Percalates novemaculeata (Steindachner, 1866)"", ""common_name"": """", ""score"": 0.0027979968581348658}]"
obs_334025380_photo_606497684_box2.jpg,obs_334025380_photo_606497684,/gpfs_common/share03/ftrscape/snair3/wew_notebooks/outputs_crop/obs_334025380_photo_606497684_box2.jpg,2,Gasterophilus intestinalis,Cryptomarasmius corbariensis,FALSE,Image not very clear,Horse botfly,0.002921245,4,"[{""species"": ""Homo naledi"", ""common_name"": """", ""score"": 0.009841963648796082}, {""species"": ""Phalium fimbria"", ""common_name"": ""Fringed bonnet"", ""score"": 0.0041832453571259975}, {""species"": ""Bathynomus giganteus"", ""common_name"": ""Giant isopod"", ""score"": 0.003208971582353115}, {""species"": ""Gasterophilus intestinalis"", ""common_name"": ""Horse botfly"", ""score"": 0.002921244828030467}, {""species"": ""Percalates novemaculeata (Steindachner, 1866)"", ""common_name"": """", ""score"": 0.0027979968581348658}]"
obs_334025380_photo_606497684_box2.jpg,obs_334025380_photo_606497684,/gpfs_common/share03/ftrscape/snair3/wew_notebooks/outputs_crop/obs_334025380_photo_606497684_box2.jpg,2,"Percalates novemaculeata (Steindachner, 1866)",Cryptomarasmius corbariensis,FALSE,Image not very clear,,0.002797997,5,"[{""species"": ""Homo naledi"", ""common_name"": """", ""score"": 0.009841963648796082}, {""species"": ""Phalium fimbria"", ""common_name"": ""Fringed bonnet"", ""score"": 0.0041832453571259975}, {""species"": ""Bathynomus giganteus"", ""common_name"": ""Giant isopod"", ""score"": 0.003208971582353115}, {""species"": ""Gasterophilus intestinalis"", ""common_name"": ""Horse botfly"", ""score"": 0.002921244828030467}, {""species"": ""Percalates novemaculeata (Steindachner, 1866)"", ""common_name"": """", ""score"": 0.0027979968581348658}]"
obs_334025380_photo_606497684_box3.jpg,obs_334025380_photo_606497684,/gpfs_common/share03/ftrscape/snair3/wew_notebooks/outputs_crop/obs_334025380_photo_606497684_box3.jpg,3,Gautieria inapire,Cryptomarasmius corbariensis,FALSE,Image not very clear,,0.016511926,1,"[{""species"": ""Gautieria inapire"", ""common_name"": """", ""score"": 0.01651192642748356}, {""species"": ""Hericium erinaceus"", ""common_name"": ""Bearded tooth"", ""score"": 0.011976226232945919}, {""species"": ""Galeojanolus ionnae"", ""common_name"": """", ""score"": 0.0106813358142972}, {""species"": ""Hydnangium carneum"", ""common_name"": ""Flesh-pink truffle"", ""score"": 0.007281426340341568}, {""species"": ""Pomacea diffusa"", ""common_name"": ""Spike-topped applesnail"", ""score"": 0.007177130319178104}]"
obs_334025380_photo_606497684_box3.jpg,obs_334025380_photo_606497684,/gpfs_common/share03/ftrscape/snair3/wew_notebooks/outputs_crop/obs_334025380_photo_606497684_box3.jpg,3,Hericium erinaceus,Cryptomarasmius corbariensis,FALSE,Image not very clear,Bearded tooth,0.011976226,2,"[{""species"": ""Gautieria inapire"", ""common_name"": """", ""score"": 0.01651192642748356}, {""species"": ""Hericium erinaceus"", ""common_name"": ""Bearded tooth"", ""score"": 0.011976226232945919}, {""species"": ""Galeojanolus ionnae"", ""common_name"": """", ""score"": 0.0106813358142972}, {""species"": ""Hydnangium carneum"", ""common_name"": ""Flesh-pink truffle"", ""score"": 0.007281426340341568}, {""species"": ""Pomacea diffusa"", ""common_name"": ""Spike-topped applesnail"", ""score"": 0.007177130319178104}]"
obs_334025380_photo_606497684_box3.jpg,obs_334025380_photo_606497684,/gpfs_common/share03/ftrscape/snair3/wew_notebooks/outputs_crop/obs_334025380_photo_606497684_box3.jpg,3,Galeojanolus ionnae,Cryptomarasmius corbariensis,FALSE,Image not very clear,,0.010681336,3,"[{""species"": ""Gautieria inapire"", ""common_name"": """", ""score"": 0.01651192642748356}, {""species"": ""Hericium erinaceus"", ""common_name"": ""Bearded tooth"", ""score"": 0.011976226232945919}, {""species"": ""Galeojanolus ionnae"", ""common_name"": """", ""score"": 0.0106813358142972}, {""species"": ""Hydnangium carneum"", ""common_name"": ""Flesh-pink truffle"", ""score"": 0.007281426340341568}, {""species"": ""Pomacea diffusa"", ""common_name"": ""Spike-topped applesnail"", ""score"": 0.007177130319178104}]"
obs_334025380_photo_606497684_box3.jpg,obs_334025380_photo_606497684,/gpfs_common/share03/ftrscape/snair3/wew_notebooks/outputs_crop/obs_334025380_photo_606497684_box3.jpg,3,Hydnangium carneum,Cryptomarasmius corbariensis,FALSE,Image not very clear,Flesh-pink truffle,0.007281426,4,"[{""species"": ""Gautieria inapire"", ""common_name"": """", ""score"": 0.01651192642748356}, {""species"": ""Hericium erinaceus"", ""common_name"": ""Bearded tooth"", ""score"": 0.011976226232945919}, {""species"": ""Galeojanolus ionnae"", ""common_name"": """", ""score"": 0.0106813358142972}, {""species"": ""Hydnangium carneum"", ""common_name"": ""Flesh-pink truffle"", ""score"": 0.007281426340341568}, {""species"": ""Pomacea diffusa"", ""common_name"": ""Spike-topped applesnail"", ""score"": 0.007177130319178104}]"
obs_334025380_photo_606497684_box3.jpg,obs_334025380_photo_606497684,/gpfs_common/share03/ftrscape/snair3/wew_notebooks/outputs_crop/obs_334025380_photo_606497684_box3.jpg,3,Pomacea diffusa,Cryptomarasmius corbariensis,FALSE,Image not very clear,Spike-topped applesnail,0.00717713,5,"[{""species"": ""Gautieria inapire"", ""common_name"": """", ""score"": 0.01651192642748356}, {""species"": ""Hericium erinaceus"", ""common_name"": ""Bearded tooth"", ""score"": 0.011976226232945919}, {""species"": ""Galeojanolus ionnae"", ""common_name"": """", ""score"": 0.0106813358142972}, {""species"": ""Hydnangium carneum"", ""common_name"": ""Flesh-pink truffle"", ""score"": 0.007281426340341568}, {""species"": ""Pomacea diffusa"", ""common_name"": ""Spike-topped applesnail"", ""score"": 0.007177130319178104}]"
obs_334025380_photo_606497684_box4.jpg,obs_334025380_photo_606497684,/gpfs_common/share03/ftrscape/snair3/wew_notebooks/outputs_crop/obs_334025380_photo_606497684_box4.jpg,4,Mycena metata,Cryptomarasmius corbariensis,FALSE,Image not very clear,rødlig huesvamp,0.014203627,1,"[{""species"": ""Mycena metata"", ""common_name"": ""rødlig huesvamp"", ""score"": 0.014203626662492752}, {""species"": ""Flammulaster carpophilus"", ""common_name"": ""bøge-grynskælhat"", ""score"": 0.013378852047026157}, {""species"": ""Gymnopilus dilepis"", ""common_name"": ""Magenta rustgill"", ""score"": 0.012972473166882992}, {""species"": ""Flammulaster ferrugineus"", ""common_name"": ""rustbrun grynskælhat"", ""score"": 0.012293152511119843}, {""species"": ""Galerina sphagnorum"", ""common_name"": ""vitmosshätting"", ""score"": 0.009653717279434204}]"
obs_334025380_photo_606497684_box4.jpg,obs_334025380_photo_606497684,/gpfs_common/share03/ftrscape/snair3/wew_notebooks/outputs_crop/obs_334025380_photo_606497684_box4.jpg,4,Flammulaster carpophilus,Cryptomarasmius corbariensis,FALSE,Image not very clear,bøge-grynskælhat,0.013378852,2,"[{""species"": ""Mycena metata"", ""common_name"": ""rødlig huesvamp"", ""score"": 0.014203626662492752}, {""species"": ""Flammulaster carpophilus"", ""common_name"": ""bøge-grynskælhat"", ""score"": 0.013378852047026157}, {""species"": ""Gymnopilus dilepis"", ""common_name"": ""Magenta rustgill"", ""score"": 0.012972473166882992}, {""species"": ""Flammulaster ferrugineus"", ""common_name"": ""rustbrun grynskælhat"", ""score"": 0.012293152511119843}, {""species"": ""Galerina sphagnorum"", ""common_name"": ""vitmosshätting"", ""score"": 0.009653717279434204}]"
obs_334025380_photo_606497684_box4.jpg,obs_334025380_photo_606497684,/gpfs_common/share03/ftrscape/snair3/wew_notebooks/outputs_crop/obs_334025380_photo_606497684_box4.jpg,4,Gymnopilus dilepis,Cryptomarasmius corbariensis,FALSE,Image not very clear,Magenta rustgill,0.012972473,3,"[{""species"": ""Mycena metata"", ""common_name"": ""rødlig huesvamp"", ""score"": 0.014203626662492752}, {""species"": ""Flammulaster carpophilus"", ""common_name"": ""bøge-grynskælhat"", ""score"": 0.013378852047026157}, {""species"": ""Gymnopilus dilepis"", ""common_name"": ""Magenta rustgill"", ""score"": 0.012972473166882992}, {""species"": ""Flammulaster ferrugineus"", ""common_name"": ""rustbrun grynskælhat"", ""score"": 0.012293152511119843}, {""species"": ""Galerina sphagnorum"", ""common_name"": ""vitmosshätting"", ""score"": 0.009653717279434204}]"
obs_334025380_photo_606497684_box4.jpg,obs_334025380_photo_606497684,/gpfs_common/share03/ftrscape/snair3/wew_notebooks/outputs_crop/obs_334025380_photo_606497684_box4.jpg,4,Flammulaster ferrugineus,Cryptomarasmius corbariensis,FALSE,Image not very clear,rustbrun grynskælhat,0.012293153,4,"[{""species"": ""Mycena metata"", ""common_name"": ""rødlig huesvamp"", ""score"": 0.014203626662492752}, {""species"": ""Flammulaster carpophilus"", ""common_name"": ""bøge-grynskælhat"", ""score"": 0.013378852047026157}, {""species"": ""Gymnopilus dilepis"", ""common_name"": ""Magenta rustgill"", ""score"": 0.012972473166882992}, {""species"": ""Flammulaster ferrugineus"", ""common_name"": ""rustbrun grynskælhat"", ""score"": 0.012293152511119843}, {""species"": ""Galerina sphagnorum"", ""common_name"": ""vitmosshätting"", ""score"": 0.009653717279434204}]"
obs_334025380_photo_606497684_box4.jpg,obs_334025380_photo_606497684,/gpfs_common/share03/ftrscape/snair3/wew_notebooks/outputs_crop/obs_334025380_photo_606497684_box4.jpg,4,Galerina sphagnorum,Cryptomarasmius corbariensis,FALSE,Image not very clear,vitmosshätting,0.009653717,5,"[{""species"": ""Mycena metata"", ""common_name"": ""rødlig huesvamp"", ""score"": 0.014203626662492752}, {""species"": ""Flammulaster carpophilus"", ""common_name"": ""bøge-grynskælhat"", ""score"": 0.013378852047026157}, {""species"": ""Gymnopilus dilepis"", ""common_name"": ""Magenta rustgill"", ""score"": 0.012972473166882992}, {""species"": ""Flammulaster ferrugineus"", ""common_name"": ""rustbrun grynskælhat"", ""score"": 0.012293152511119843}, {""species"": ""Galerina sphagnorum"", ""common_name"": ""vitmosshätting"", ""score"": 0.009653717279434204}]"
obs_33435868_photo_52515163_box1.jpg,obs_33435868_photo_52515163,/gpfs_common/share03/ftrscape/snair3/wew_notebooks/outputs_crop/obs_33435868_photo_52515163_box1.jpg,1,Ichthyomyzon castaneus,Paranemertes peregrina,FALSE,,Chestnut lamprey,0.141573682,1,"[{""species"": ""Ichthyomyzon castaneus"", ""common_name"": ""Chestnut lamprey"", ""score"": 0.1415736824274063}, {""species"": ""Entosphenus macrostomus"", ""common_name"": ""Lake lamprey"", ""score"": 0.13681024312973022}, {""species"": ""Petromyzon marinus"", ""common_name"": ""Sea lamprey"", ""score"": 0.12247975915670395}, {""species"": ""Ichthyomyzon greeleyi"", ""common_name"": ""Mountain brook lamprey"", ""score"": 0.03857232257723808}, {""species"": ""Lampetra ayresii"", ""common_name"": ""River lamprey"", ""score"": 0.035985466092824936}]"
obs_33435868_photo_52515163_box1.jpg,obs_33435868_photo_52515163,/gpfs_common/share03/ftrscape/snair3/wew_notebooks/outputs_crop/obs_33435868_photo_52515163_box1.jpg,1,Entosphenus macrostomus,Paranemertes peregrina,FALSE,,Lake lamprey,0.136810243,2,"[{""species"": ""Ichthyomyzon castaneus"", ""common_name"": ""Chestnut lamprey"", ""score"": 0.1415736824274063}, {""species"": ""Entosphenus macrostomus"", ""common_name"": ""Lake lamprey"", ""score"": 0.13681024312973022}, {""species"": ""Petromyzon marinus"", ""common_name"": ""Sea lamprey"", ""score"": 0.12247975915670395}, {""species"": ""Ichthyomyzon greeleyi"", ""common_name"": ""Mountain brook lamprey"", ""score"": 0.03857232257723808}, {""species"": ""Lampetra ayresii"", ""common_name"": ""River lamprey"", ""score"": 0.035985466092824936}]"
obs_33435868_photo_52515163_box1.jpg,obs_33435868_photo_52515163,/gpfs_common/share03/ftrscape/snair3/wew_notebooks/outputs_crop/obs_33435868_photo_52515163_box1.jpg,1,Petromyzon marinus,Paranemertes peregrina,FALSE,,Sea lamprey,0.122479759,3,"[{""species"": ""Ichthyomyzon castaneus"", ""common_name"": ""Chestnut lamprey"", ""score"": 0.1415736824274063}, {""species"": ""Entosphenus macrostomus"", ""common_name"": ""Lake lamprey"", ""score"": 0.13681024312973022}, {""species"": ""Petromyzon marinus"", ""common_name"": ""Sea lamprey"", ""score"": 0.12247975915670395}, {""species"": ""Ichthyomyzon greeleyi"", ""common_name"": ""Mountain brook lamprey"", ""score"": 0.03857232257723808}, {""species"": ""Lampetra ayresii"", ""common_name"": ""River lamprey"", ""score"": 0.035985466092824936}]"
obs_33435868_photo_52515163_box1.jpg,obs_33435868_photo_52515163,/gpfs_common/share03/ftrscape/snair3/wew_notebooks/outputs_crop/obs_33435868_photo_52515163_box1.jpg,1,Ichthyomyzon greeleyi,Paranemertes peregrina,FALSE,,Mountain brook lamprey,0.038572323,4,"[{""species"": ""Ichthyomyzon castaneus"", ""common_name"": ""Chestnut lamprey"", ""score"": 0.1415736824274063}, {""species"": ""Entosphenus macrostomus"", ""common_name"": ""Lake lamprey"", ""score"": 0.13681024312973022}, {""species"": ""Petromyzon marinus"", ""common_name"": ""Sea lamprey"", ""score"": 0.12247975915670395}, {""species"": ""Ichthyomyzon greeleyi"", ""common_name"": ""Mountain brook lamprey"", ""score"": 0.03857232257723808}, {""species"": ""Lampetra ayresii"", ""common_name"": ""River lamprey"", ""score"": 0.035985466092824936}]"
obs_33435868_photo_52515163_box1.jpg,obs_33435868_photo_52515163,/gpfs_common/share03/ftrscape/snair3/wew_notebooks/outputs_crop/obs_33435868_photo_52515163_box1.jpg,1,Lampetra ayresii,Paranemertes peregrina,FALSE,,River lamprey,0.035985466,5,"[{""species"": ""Ichthyomyzon castaneus"", ""common_name"": ""Chestnut lamprey"", ""score"": 0.1415736824274063}, {""species"": ""Entosphenus macrostomus"", ""common_name"": ""Lake lamprey"", ""score"": 0.13681024312973022}, {""species"": ""Petromyzon marinus"", ""common_name"": ""Sea lamprey"", ""score"": 0.12247975915670395}, {""species"": ""Ichthyomyzon greeleyi"", ""common_name"": ""Mountain brook lamprey"", ""score"": 0.03857232257723808}, {""species"": ""Lampetra ayresii"", ""common_name"": ""River lamprey"", ""score"": 0.035985466092824936}]"
obs_33435868_photo_52515163_box2.jpg,obs_33435868_photo_52515163,/gpfs_common/share03/ftrscape/snair3/wew_notebooks/outputs_crop/obs_33435868_photo_52515163_box2.jpg,2,Ichthyomyzon castaneus,Paranemertes peregrina,FALSE,,Chestnut lamprey,0.183570191,1,"[{""species"": ""Ichthyomyzon castaneus"", ""common_name"": ""Chestnut lamprey"", ""score"": 0.18357019126415253}, {""species"": ""Petromyzon marinus"", ""common_name"": ""Sea lamprey"", ""score"": 0.10513196885585785}, {""species"": ""Entosphenus macrostomus"", ""common_name"": ""Lake lamprey"", ""score"": 0.07886826992034912}, {""species"": ""Ichthyomyzon greeleyi"", ""common_name"": ""Mountain brook lamprey"", ""score"": 0.04746123030781746}, {""species"": ""Ichthyomyzon bdellium"", ""common_name"": ""Ohio lamprey"", ""score"": 0.03276675567030907}]"
obs_33435868_photo_52515163_box2.jpg,obs_33435868_photo_52515163,/gpfs_common/share03/ftrscape/snair3/wew_notebooks/outputs_crop/obs_33435868_photo_52515163_box2.jpg,2,Petromyzon marinus,Paranemertes peregrina,FALSE,,Sea lamprey,0.105131969,2,"[{""species"": ""Ichthyomyzon castaneus"", ""common_name"": ""Chestnut lamprey"", ""score"": 0.18357019126415253}, {""species"": ""Petromyzon marinus"", ""common_name"": ""Sea lamprey"", ""score"": 0.10513196885585785}, {""species"": ""Entosphenus macrostomus"", ""common_name"": ""Lake lamprey"", ""score"": 0.07886826992034912}, {""species"": ""Ichthyomyzon greeleyi"", ""common_name"": ""Mountain brook lamprey"", ""score"": 0.04746123030781746}, {""species"": ""Ichthyomyzon bdellium"", ""common_name"": ""Ohio lamprey"", ""score"": 0.03276675567030907}]"
obs_33435868_photo_52515163_box2.jpg,obs_33435868_photo_52515163,/gpfs_common/share03/ftrscape/snair3/wew_notebooks/outputs_crop/obs_33435868_photo_52515163_box2.jpg,2,Entosphenus macrostomus,Paranemertes peregrina,FALSE,,Lake lamprey,0.07886827,3,"[{""species"": ""Ichthyomyzon castaneus"", ""common_name"": ""Chestnut lamprey"", ""score"": 0.18357019126415253}, {""species"": ""Petromyzon marinus"", ""common_name"": ""Sea lamprey"", ""score"": 0.10513196885585785}, {""species"": ""Entosphenus macrostomus"", ""common_name"": ""Lake lamprey"", ""score"": 0.07886826992034912}, {""species"": ""Ichthyomyzon greeleyi"", ""common_name"": ""Mountain brook lamprey"", ""score"": 0.04746123030781746}, {""species"": ""Ichthyomyzon bdellium"", ""common_name"": ""Ohio lamprey"", ""score"": 0.03276675567030907}]"
obs_33435868_photo_52515163_box2.jpg,obs_33435868_photo_52515163,/gpfs_common/share03/ftrscape/snair3/wew_notebooks/outputs_crop/obs_33435868_photo_52515163_box2.jpg,2,Ichthyomyzon greeleyi,Paranemertes peregrina,FALSE,,Mountain brook lamprey,0.04746123,4,"[{""species"": ""Ichthyomyzon castaneus"", ""common_name"": ""Chestnut lamprey"", ""score"": 0.18357019126415253}, {""species"": ""Petromyzon marinus"", ""common_name"": ""Sea lamprey"", ""score"": 0.10513196885585785}, {""species"": ""Entosphenus macrostomus"", ""common_name"": ""Lake lamprey"", ""score"": 0.07886826992034912}, {""species"": ""Ichthyomyzon greeleyi"", ""common_name"": ""Mountain brook lamprey"", ""score"": 0.04746123030781746}, {""species"": ""Ichthyomyzon bdellium"", ""common_name"": ""Ohio lamprey"", ""score"": 0.03276675567030907}]"
obs_33435868_photo_52515163_box2.jpg,obs_33435868_photo_52515163,/gpfs_common/share03/ftrscape/snair3/wew_notebooks/outputs_crop/obs_33435868_photo_52515163_box2.jpg,2,Ichthyomyzon bdellium,Paranemertes peregrina,FALSE,,Ohio lamprey,0.032766756,5,"[{""species"": ""Ichthyomyzon castaneus"", ""common_name"": ""Chestnut lamprey"", ""score"": 0.18357019126415253}, {""species"": ""Petromyzon marinus"", ""common_name"": ""Sea lamprey"", ""score"": 0.10513196885585785}, {""species"": ""Entosphenus macrostomus"", ""common_name"": ""Lake lamprey"", ""score"": 0.07886826992034912}, {""species"": ""Ichthyomyzon greeleyi"", ""common_name"": ""Mountain brook lamprey"", ""score"": 0.04746123030781746}, {""species"": ""Ichthyomyzon bdellium"", ""common_name"": ""Ohio lamprey"", ""score"": 0.03276675567030907}]"
obs_33435868_photo_52515163_box3.jpg,obs_33435868_photo_52515163,/gpfs_common/share03/ftrscape/snair3/wew_notebooks/outputs_crop/obs_33435868_photo_52515163_box3.jpg,3,Emplectonema derjugini,Paranemertes peregrina,FALSE,,,0.066447735,1,"[{""species"": ""Emplectonema derjugini"", ""common_name"": """", ""score"": 0.06644773483276367}, {""species"": ""Tetrastemma vermiculus"", ""common_name"": ""fartrand"", ""score"": 0.06049719452857971}, {""species"": ""Erpobdella octoculata"", ""common_name"": ""Leeches"", ""score"": 0.04172780364751816}, {""species"": ""Bipalium fuscatum"", ""common_name"": """", ""score"": 0.032189931720495224}, {""species"": ""Paranemertes peregrina"", ""common_name"": """", ""score"": 0.031048528850078583}]"
obs_33435868_photo_52515163_box3.jpg,obs_33435868_photo_52515163,/gpfs_common/share03/ftrscape/snair3/wew_notebooks/outputs_crop/obs_33435868_photo_52515163_box3.jpg,3,Tetrastemma vermiculus,Paranemertes peregrina,FALSE,,fartrand,0.060497195,2,"[{""species"": ""Emplectonema derjugini"", ""common_name"": """", ""score"": 0.06644773483276367}, {""species"": ""Tetrastemma vermiculus"", ""common_name"": ""fartrand"", ""score"": 0.06049719452857971}, {""species"": ""Erpobdella octoculata"", ""common_name"": ""Leeches"", ""score"": 0.04172780364751816}, {""species"": ""Bipalium fuscatum"", ""common_name"": """", ""score"": 0.032189931720495224}, {""species"": ""Paranemertes peregrina"", ""common_name"": """", ""score"": 0.031048528850078583}]"
obs_33435868_photo_52515163_box3.jpg,obs_33435868_photo_52515163,/gpfs_common/share03/ftrscape/snair3/wew_notebooks/outputs_crop/obs_33435868_photo_52515163_box3.jpg,3,Erpobdella octoculata,Paranemertes peregrina,FALSE,,Leeches,0.041727804,3,"[{""species"": ""Emplectonema derjugini"", ""common_name"": """", ""score"": 0.06644773483276367}, {""species"": ""Tetrastemma vermiculus"", ""common_name"": ""fartrand"", ""score"": 0.06049719452857971}, {""species"": ""Erpobdella octoculata"", ""common_name"": ""Leeches"", ""score"": 0.04172780364751816}, {""species"": ""Bipalium fuscatum"", ""common_name"": """", ""score"": 0.032189931720495224}, {""species"": ""Paranemertes peregrina"", ""common_name"": """", ""score"": 0.031048528850078583}]"
obs_33435868_photo_52515163_box3.jpg,obs_33435868_photo_52515163,/gpfs_common/share03/ftrscape/snair3/wew_notebooks/outputs_crop/obs_33435868_photo_52515163_box3.jpg,3,Bipalium fuscatum,Paranemertes peregrina,FALSE,,,0.032189932,4,"[{""species"": ""Emplectonema derjugini"", ""common_name"": """", ""score"": 0.06644773483276367}, {""species"": ""Tetrastemma vermiculus"", ""common_name"": ""fartrand"", ""score"": 0.06049719452857971}, {""species"": ""Erpobdella octoculata"", ""common_name"": ""Leeches"", ""score"": 0.04172780364751816}, {""species"": ""Bipalium fuscatum"", ""common_name"": """", ""score"": 0.032189931720495224}, {""species"": ""Paranemertes peregrina"", ""common_name"": """", ""score"": 0.031048528850078583}]"
obs_33435868_photo_52515163_box3.jpg,obs_33435868_photo_52515163,/gpfs_common/share03/ftrscape/snair3/wew_notebooks/outputs_crop/obs_33435868_photo_52515163_box3.jpg,3,Paranemertes peregrina,Paranemertes peregrina,TRUE,,,0.031048529,5,"[{""species"": ""Emplectonema derjugini"", ""common_name"": """", ""score"": 0.06644773483276367}, {""species"": ""Tetrastemma vermiculus"", ""common_name"": ""fartrand"", ""score"": 0.06049719452857971}, {""species"": ""Erpobdella octoculata"", ""common_name"": ""Leeches"", ""score"": 0.04172780364751816}, {""species"": ""Bipalium fuscatum"", ""common_name"": """", ""score"": 0.032189931720495224}, {""species"": ""Paranemertes peregrina"", ""common_name"": """", ""score"": 0.031048528850078583}]"
obs_334758419_photo_607987821_box1.jpg,obs_334758419_photo_607987821,/gpfs_common/share03/ftrscape/snair3/wew_notebooks/outputs_crop/obs_334758419_photo_607987821_box1.jpg,1,Marcelleina atroviolacea,Illosporiopsis christiansenii,FALSE,The prey features but not be very clear. Tiny part of the image. ,,0.102922536,1,"[{""species"": ""Marcelleina atroviolacea"", ""common_name"": """", ""score"": 0.10292253643274307}, {""species"": ""Geoscypha violacea"", ""common_name"": """", ""score"": 0.08971722424030304}, {""species"": ""Peziza phaeotheca"", ""common_name"": """", ""score"": 0.04279040917754173}, {""species"": ""Urnula torrendii"", ""common_name"": """", ""score"": 0.03541851416230202}, {""species"": ""Marcelleina chopraiana"", ""common_name"": """", ""score"": 0.024756688624620438}]"
obs_334758419_photo_607987821_box1.jpg,obs_334758419_photo_607987821,/gpfs_common/share03/ftrscape/snair3/wew_notebooks/outputs_crop/obs_334758419_photo_607987821_box1.jpg,1,Geoscypha violacea,Illosporiopsis christiansenii,FALSE,The prey features but not be very clear. Tiny part of the image. ,,0.089717224,2,"[{""species"": ""Marcelleina atroviolacea"", ""common_name"": """", ""score"": 0.10292253643274307}, {""species"": ""Geoscypha violacea"", ""common_name"": """", ""score"": 0.08971722424030304}, {""species"": ""Peziza phaeotheca"", ""common_name"": """", ""score"": 0.04279040917754173}, {""species"": ""Urnula torrendii"", ""common_name"": """", ""score"": 0.03541851416230202}, {""species"": ""Marcelleina chopraiana"", ""common_name"": """", ""score"": 0.024756688624620438}]"
obs_334758419_photo_607987821_box1.jpg,obs_334758419_photo_607987821,/gpfs_common/share03/ftrscape/snair3/wew_notebooks/outputs_crop/obs_334758419_photo_607987821_box1.jpg,1,Peziza phaeotheca,Illosporiopsis christiansenii,FALSE,The prey features but not be very clear. Tiny part of the image. ,,0.042790409,3,"[{""species"": ""Marcelleina atroviolacea"", ""common_name"": """", ""score"": 0.10292253643274307}, {""species"": ""Geoscypha violacea"", ""common_name"": """", ""score"": 0.08971722424030304}, {""species"": ""Peziza phaeotheca"", ""common_name"": """", ""score"": 0.04279040917754173}, {""species"": ""Urnula torrendii"", ""common_name"": """", ""score"": 0.03541851416230202}, {""species"": ""Marcelleina chopraiana"", ""common_name"": """", ""score"": 0.024756688624620438}]"
obs_334758419_photo_607987821_box1.jpg,obs_334758419_photo_607987821,/gpfs_common/share03/ftrscape/snair3/wew_notebooks/outputs_crop/obs_334758419_photo_607987821_box1.jpg,1,Urnula torrendii,Illosporiopsis christiansenii,FALSE,The prey features but not be very clear. Tiny part of the image. ,,0.035418514,4,"[{""species"": ""Marcelleina atroviolacea"", ""common_name"": """", ""score"": 0.10292253643274307}, {""species"": ""Geoscypha violacea"", ""common_name"": """", ""score"": 0.08971722424030304}, {""species"": ""Peziza phaeotheca"", ""common_name"": """", ""score"": 0.04279040917754173}, {""species"": ""Urnula torrendii"", ""common_name"": """", ""score"": 0.03541851416230202}, {""species"": ""Marcelleina chopraiana"", ""common_name"": """", ""score"": 0.024756688624620438}]"
obs_334758419_photo_607987821_box1.jpg,obs_334758419_photo_607987821,/gpfs_common/share03/ftrscape/snair3/wew_notebooks/outputs_crop/obs_334758419_photo_607987821_box1.jpg,1,Marcelleina chopraiana,Illosporiopsis christiansenii,FALSE,The prey features but not be very clear. Tiny part of the image. ,,0.024756689,5,"[{""species"": ""Marcelleina atroviolacea"", ""common_name"": """", ""score"": 0.10292253643274307}, {""species"": ""Geoscypha violacea"", ""common_name"": """", ""score"": 0.08971722424030304}, {""species"": ""Peziza phaeotheca"", ""common_name"": """", ""score"": 0.04279040917754173}, {""species"": ""Urnula torrendii"", ""common_name"": """", ""score"": 0.03541851416230202}, {""species"": ""Marcelleina chopraiana"", ""common_name"": """", ""score"": 0.024756688624620438}]"
obs_334758419_photo_607987821_box2.jpg,obs_334758419_photo_607987821,/gpfs_common/share03/ftrscape/snair3/wew_notebooks/outputs_crop/obs_334758419_photo_607987821_box2.jpg,2,Xanthoparmelia africana,Illosporiopsis christiansenii,FALSE,The prey features but not be very clear. Tiny part of the image. ,,0.066166535,1,"[{""species"": ""Xanthoparmelia africana"", ""common_name"": """", ""score"": 0.06616653501987457}, {""species"": ""Xanthoparmelia protomatrae"", ""common_name"": """", ""score"": 0.05591198801994324}, {""species"": ""Xanthoparmelia angustiphylla"", ""common_name"": """", ""score"": 0.03944268077611923}, {""species"": ""Xanthoparmelia esslingeri"", ""common_name"": """", ""score"": 0.034152768552303314}, {""species"": ""Xanthoparmelia plittii"", ""common_name"": ""Plitt's rock shield"", ""score"": 0.029389910399913788}]"
obs_334758419_photo_607987821_box2.jpg,obs_334758419_photo_607987821,/gpfs_common/share03/ftrscape/snair3/wew_notebooks/outputs_crop/obs_334758419_photo_607987821_box2.jpg,2,Xanthoparmelia protomatrae,Illosporiopsis christiansenii,FALSE,The prey features but not be very clear. Tiny part of the image. ,,0.055911988,2,"[{""species"": ""Xanthoparmelia africana"", ""common_name"": """", ""score"": 0.06616653501987457}, {""species"": ""Xanthoparmelia protomatrae"", ""common_name"": """", ""score"": 0.05591198801994324}, {""species"": ""Xanthoparmelia angustiphylla"", ""common_name"": """", ""score"": 0.03944268077611923}, {""species"": ""Xanthoparmelia esslingeri"", ""common_name"": """", ""score"": 0.034152768552303314}, {""species"": ""Xanthoparmelia plittii"", ""common_name"": ""Plitt's rock shield"", ""score"": 0.029389910399913788}]"
obs_334758419_photo_607987821_box2.jpg,obs_334758419_photo_607987821,/gpfs_common/share03/ftrscape/snair3/wew_notebooks/outputs_crop/obs_334758419_photo_607987821_box2.jpg,2,Xanthoparmelia angustiphylla,Illosporiopsis christiansenii,FALSE,The prey features but not be very clear. Tiny part of the image. ,,0.039442681,3,"[{""species"": ""Xanthoparmelia africana"", ""common_name"": """", ""score"": 0.06616653501987457}, {""species"": ""Xanthoparmelia protomatrae"", ""common_name"": """", ""score"": 0.05591198801994324}, {""species"": ""Xanthoparmelia angustiphylla"", ""common_name"": """", ""score"": 0.03944268077611923}, {""species"": ""Xanthoparmelia esslingeri"", ""common_name"": """", ""score"": 0.034152768552303314}, {""species"": ""Xanthoparmelia plittii"", ""common_name"": ""Plitt's rock shield"", ""score"": 0.029389910399913788}]"
obs_334758419_photo_607987821_box2.jpg,obs_334758419_photo_607987821,/gpfs_common/share03/ftrscape/snair3/wew_notebooks/outputs_crop/obs_334758419_photo_607987821_box2.jpg,2,Xanthoparmelia esslingeri,Illosporiopsis christiansenii,FALSE,The prey features but not be very clear. Tiny part of the image. ,,0.034152769,4,"[{""species"": ""Xanthoparmelia africana"", ""common_name"": """", ""score"": 0.06616653501987457}, {""species"": ""Xanthoparmelia protomatrae"", ""common_name"": """", ""score"": 0.05591198801994324}, {""species"": ""Xanthoparmelia angustiphylla"", ""common_name"": """", ""score"": 0.03944268077611923}, {""species"": ""Xanthoparmelia esslingeri"", ""common_name"": """", ""score"": 0.034152768552303314}, {""species"": ""Xanthoparmelia plittii"", ""common_name"": ""Plitt's rock shield"", ""score"": 0.029389910399913788}]"
obs_334758419_photo_607987821_box2.jpg,obs_334758419_photo_607987821,/gpfs_common/share03/ftrscape/snair3/wew_notebooks/outputs_crop/obs_334758419_photo_607987821_box2.jpg,2,Xanthoparmelia plittii,Illosporiopsis christiansenii,FALSE,The prey features but not be very clear. Tiny part of the image. ,Plitt's rock shield,0.02938991,5,"[{""species"": ""Xanthoparmelia africana"", ""common_name"": """", ""score"": 0.06616653501987457}, {""species"": ""Xanthoparmelia protomatrae"", ""common_name"": """", ""score"": 0.05591198801994324}, {""species"": ""Xanthoparmelia angustiphylla"", ""common_name"": """", ""score"": 0.03944268077611923}, {""species"": ""Xanthoparmelia esslingeri"", ""common_name"": """", ""score"": 0.034152768552303314}, {""species"": ""Xanthoparmelia plittii"", ""common_name"": ""Plitt's rock shield"", ""score"": 0.029389910399913788}]"
obs_334758419_photo_607987821_box3.jpg,obs_334758419_photo_607987821,/gpfs_common/share03/ftrscape/snair3/wew_notebooks/outputs_crop/obs_334758419_photo_607987821_box3.jpg,3,Trididemnum cyanophorum,Illosporiopsis christiansenii,FALSE,The prey features but not be very clear. Tiny part of the image. ,,0.039392754,1,"[{""species"": ""Trididemnum cyanophorum"", ""common_name"": """", ""score"": 0.039392754435539246}, {""species"": ""Lithophyllum incrustans"", ""common_name"": """", ""score"": 0.02712404727935791}, {""species"": ""Lithophyllum carpophylli"", ""common_name"": """", ""score"": 0.017951441928744316}, {""species"": ""Lithophyllum stictaeforme"", ""common_name"": """", ""score"": 0.013978676870465279}, {""species"": ""Lithophyllum proboscideum"", ""common_name"": """", ""score"": 0.013285125605762005}]"
obs_334758419_photo_607987821_box3.jpg,obs_334758419_photo_607987821,/gpfs_common/share03/ftrscape/snair3/wew_notebooks/outputs_crop/obs_334758419_photo_607987821_box3.jpg,3,Lithophyllum incrustans,Illosporiopsis christiansenii,FALSE,The prey features but not be very clear. Tiny part of the image. ,,0.027124047,2,"[{""species"": ""Trididemnum cyanophorum"", ""common_name"": """", ""score"": 0.039392754435539246}, {""species"": ""Lithophyllum incrustans"", ""common_name"": """", ""score"": 0.02712404727935791}, {""species"": ""Lithophyllum carpophylli"", ""common_name"": """", ""score"": 0.017951441928744316}, {""species"": ""Lithophyllum stictaeforme"", ""common_name"": """", ""score"": 0.013978676870465279}, {""species"": ""Lithophyllum proboscideum"", ""common_name"": """", ""score"": 0.013285125605762005}]"
obs_334758419_photo_607987821_box3.jpg,obs_334758419_photo_607987821,/gpfs_common/share03/ftrscape/snair3/wew_notebooks/outputs_crop/obs_334758419_photo_607987821_box3.jpg,3,Lithophyllum carpophylli,Illosporiopsis christiansenii,FALSE,The prey features but not be very clear. Tiny part of the image. ,,0.017951442,3,"[{""species"": ""Trididemnum cyanophorum"", ""common_name"": """", ""score"": 0.039392754435539246}, {""species"": ""Lithophyllum incrustans"", ""common_name"": """", ""score"": 0.02712404727935791}, {""species"": ""Lithophyllum carpophylli"", ""common_name"": """", ""score"": 0.017951441928744316}, {""species"": ""Lithophyllum stictaeforme"", ""common_name"": """", ""score"": 0.013978676870465279}, {""species"": ""Lithophyllum proboscideum"", ""common_name"": """", ""score"": 0.013285125605762005}]"
obs_334758419_photo_607987821_box3.jpg,obs_334758419_photo_607987821,/gpfs_common/share03/ftrscape/snair3/wew_notebooks/outputs_crop/obs_334758419_photo_607987821_box3.jpg,3,Lithophyllum stictaeforme,Illosporiopsis christiansenii,FALSE,The prey features but not be very clear. Tiny part of the image. ,,0.013978677,4,"[{""species"": ""Trididemnum cyanophorum"", ""common_name"": """", ""score"": 0.039392754435539246}, {""species"": ""Lithophyllum incrustans"", ""common_name"": """", ""score"": 0.02712404727935791}, {""species"": ""Lithophyllum carpophylli"", ""common_name"": """", ""score"": 0.017951441928744316}, {""species"": ""Lithophyllum stictaeforme"", ""common_name"": """", ""score"": 0.013978676870465279}, {""species"": ""Lithophyllum proboscideum"", ""common_name"": """", ""score"": 0.013285125605762005}]"
obs_334758419_photo_607987821_box3.jpg,obs_334758419_photo_607987821,/gpfs_common/share03/ftrscape/snair3/wew_notebooks/outputs_crop/obs_334758419_photo_607987821_box3.jpg,3,Lithophyllum proboscideum,Illosporiopsis christiansenii,FALSE,The prey features but not be very clear. Tiny part of the image. ,,0.013285126,5,"[{""species"": ""Trididemnum cyanophorum"", ""common_name"": """", ""score"": 0.039392754435539246}, {""species"": ""Lithophyllum incrustans"", ""common_name"": """", ""score"": 0.02712404727935791}, {""species"": ""Lithophyllum carpophylli"", ""common_name"": """", ""score"": 0.017951441928744316}, {""species"": ""Lithophyllum stictaeforme"", ""common_name"": """", ""score"": 0.013978676870465279}, {""species"": ""Lithophyllum proboscideum"", ""common_name"": """", ""score"": 0.013285125605762005}]"
obs_334758419_photo_607987821_box4.jpg,obs_334758419_photo_607987821,/gpfs_common/share03/ftrscape/snair3/wew_notebooks/outputs_crop/obs_334758419_photo_607987821_box4.jpg,4,Marcelleina atroviolacea,Illosporiopsis christiansenii,FALSE,The prey features but not be very clear. Tiny part of the image. ,,0.053803589,1,"[{""species"": ""Marcelleina atroviolacea"", ""common_name"": """", ""score"": 0.053803589195013046}, {""species"": ""Marcelleina chopraiana"", ""common_name"": """", ""score"": 0.02100558578968048}, {""species"": ""Marcelleina pseudoanthracina"", ""common_name"": """", ""score"": 0.020031441003084183}, {""species"": ""Dirinaria purpurascens"", ""common_name"": """", ""score"": 0.01899087056517601}, {""species"": ""Pseudombrophila coprina"", ""common_name"": """", ""score"": 0.010705218650400639}]"
obs_334758419_photo_607987821_box4.jpg,obs_334758419_photo_607987821,/gpfs_common/share03/ftrscape/snair3/wew_notebooks/outputs_crop/obs_334758419_photo_607987821_box4.jpg,4,Marcelleina chopraiana,Illosporiopsis christiansenii,FALSE,The prey features but not be very clear. Tiny part of the image. ,,0.021005586,2,"[{""species"": ""Marcelleina atroviolacea"", ""common_name"": """", ""score"": 0.053803589195013046}, {""species"": ""Marcelleina chopraiana"", ""common_name"": """", ""score"": 0.02100558578968048}, {""species"": ""Marcelleina pseudoanthracina"", ""common_name"": """", ""score"": 0.020031441003084183}, {""species"": ""Dirinaria purpurascens"", ""common_name"": """", ""score"": 0.01899087056517601}, {""species"": ""Pseudombrophila coprina"", ""common_name"": """", ""score"": 0.010705218650400639}]"
obs_334758419_photo_607987821_box4.jpg,obs_334758419_photo_607987821,/gpfs_common/share03/ftrscape/snair3/wew_notebooks/outputs_crop/obs_334758419_photo_607987821_box4.jpg,4,Marcelleina pseudoanthracina,Illosporiopsis christiansenii,FALSE,The prey features but not be very clear. Tiny part of the image. ,,0.020031441,3,"[{""species"": ""Marcelleina atroviolacea"", ""common_name"": """", ""score"": 0.053803589195013046}, {""species"": ""Marcelleina chopraiana"", ""common_name"": """", ""score"": 0.02100558578968048}, {""species"": ""Marcelleina pseudoanthracina"", ""common_name"": """", ""score"": 0.020031441003084183}, {""species"": ""Dirinaria purpurascens"", ""common_name"": """", ""score"": 0.01899087056517601}, {""species"": ""Pseudombrophila coprina"", ""common_name"": """", ""score"": 0.010705218650400639}]"
obs_334758419_photo_607987821_box4.jpg,obs_334758419_photo_607987821,/gpfs_common/share03/ftrscape/snair3/wew_notebooks/outputs_crop/obs_334758419_photo_607987821_box4.jpg,4,Dirinaria purpurascens,Illosporiopsis christiansenii,FALSE,The prey features but not be very clear. Tiny part of the image. ,,0.018990871,4,"[{""species"": ""Marcelleina atroviolacea"", ""common_name"": """", ""score"": 0.053803589195013046}, {""species"": ""Marcelleina chopraiana"", ""common_name"": """", ""score"": 0.02100558578968048}, {""species"": ""Marcelleina pseudoanthracina"", ""common_name"": """", ""score"": 0.020031441003084183}, {""species"": ""Dirinaria purpurascens"", ""common_name"": """", ""score"": 0.01899087056517601}, {""species"": ""Pseudombrophila coprina"", ""common_name"": """", ""score"": 0.010705218650400639}]"
obs_334758419_photo_607987821_box4.jpg,obs_334758419_photo_607987821,/gpfs_common/share03/ftrscape/snair3/wew_notebooks/outputs_crop/obs_334758419_photo_607987821_box4.jpg,4,Pseudombrophila coprina,Illosporiopsis christiansenii,FALSE,The prey features but not be very clear. Tiny part of the image. ,,0.010705219,5,"[{""species"": ""Marcelleina atroviolacea"", ""common_name"": """", ""score"": 0.053803589195013046}, {""species"": ""Marcelleina chopraiana"", ""common_name"": """", ""score"": 0.02100558578968048}, {""species"": ""Marcelleina pseudoanthracina"", ""common_name"": """", ""score"": 0.020031441003084183}, {""species"": ""Dirinaria purpurascens"", ""common_name"": """", ""score"": 0.01899087056517601}, {""species"": ""Pseudombrophila coprina"", ""common_name"": """", ""score"": 0.010705218650400639}]"
obs_334758419_photo_607987821_box5.jpg,obs_334758419_photo_607987821,/gpfs_common/share03/ftrscape/snair3/wew_notebooks/outputs_crop/obs_334758419_photo_607987821_box5.jpg,5,Staphylococcus aureus,Illosporiopsis christiansenii,FALSE,The prey features but not be very clear. Tiny part of the image. ,Staph aureus,0.010930952,1,"[{""species"": ""Staphylococcus aureus"", ""common_name"": ""Staph aureus"", ""score"": 0.010930951684713364}, {""species"": ""Streptococcus anginosus"", ""common_name"": """", ""score"": 0.009375596418976784}, {""species"": ""Mesorhizobium erdmanii"", ""common_name"": """", ""score"": 0.008566589094698429}, {""species"": ""Edwardsiella anguillarum"", ""common_name"": """", ""score"": 0.00716563081368804}, {""species"": ""Vibrio anguillarum"", ""common_name"": """", ""score"": 0.006550566293299198}]"
obs_334758419_photo_607987821_box5.jpg,obs_334758419_photo_607987821,/gpfs_common/share03/ftrscape/snair3/wew_notebooks/outputs_crop/obs_334758419_photo_607987821_box5.jpg,5,Streptococcus anginosus,Illosporiopsis christiansenii,FALSE,The prey features but not be very clear. Tiny part of the image. ,,0.009375596,2,"[{""species"": ""Staphylococcus aureus"", ""common_name"": ""Staph aureus"", ""score"": 0.010930951684713364}, {""species"": ""Streptococcus anginosus"", ""common_name"": """", ""score"": 0.009375596418976784}, {""species"": ""Mesorhizobium erdmanii"", ""common_name"": """", ""score"": 0.008566589094698429}, {""species"": ""Edwardsiella anguillarum"", ""common_name"": """", ""score"": 0.00716563081368804}, {""species"": ""Vibrio anguillarum"", ""common_name"": """", ""score"": 0.006550566293299198}]"
obs_334758419_photo_607987821_box5.jpg,obs_334758419_photo_607987821,/gpfs_common/share03/ftrscape/snair3/wew_notebooks/outputs_crop/obs_334758419_photo_607987821_box5.jpg,5,Mesorhizobium erdmanii,Illosporiopsis christiansenii,FALSE,The prey features but not be very clear. Tiny part of the image. ,,0.008566589,3,"[{""species"": ""Staphylococcus aureus"", ""common_name"": ""Staph aureus"", ""score"": 0.010930951684713364}, {""species"": ""Streptococcus anginosus"", ""common_name"": """", ""score"": 0.009375596418976784}, {""species"": ""Mesorhizobium erdmanii"", ""common_name"": """", ""score"": 0.008566589094698429}, {""species"": ""Edwardsiella anguillarum"", ""common_name"": """", ""score"": 0.00716563081368804}, {""species"": ""Vibrio anguillarum"", ""common_name"": """", ""score"": 0.006550566293299198}]"
obs_334758419_photo_607987821_box5.jpg,obs_334758419_photo_607987821,/gpfs_common/share03/ftrscape/snair3/wew_notebooks/outputs_crop/obs_334758419_photo_607987821_box5.jpg,5,Edwardsiella anguillarum,Illosporiopsis christiansenii,FALSE,The prey features but not be very clear. Tiny part of the image. ,,0.007165631,4,"[{""species"": ""Staphylococcus aureus"", ""common_name"": ""Staph aureus"", ""score"": 0.010930951684713364}, {""species"": ""Streptococcus anginosus"", ""common_name"": """", ""score"": 0.009375596418976784}, {""species"": ""Mesorhizobium erdmanii"", ""common_name"": """", ""score"": 0.008566589094698429}, {""species"": ""Edwardsiella anguillarum"", ""common_name"": """", ""score"": 0.00716563081368804}, {""species"": ""Vibrio anguillarum"", ""common_name"": """", ""score"": 0.006550566293299198}]"
obs_334758419_photo_607987821_box5.jpg,obs_334758419_photo_607987821,/gpfs_common/share03/ftrscape/snair3/wew_notebooks/outputs_crop/obs_334758419_photo_607987821_box5.jpg,5,Vibrio anguillarum,Illosporiopsis christiansenii,FALSE,The prey features but not be very clear. Tiny part of the image. ,,0.006550566,5,"[{""species"": ""Staphylococcus aureus"", ""common_name"": ""Staph aureus"", ""score"": 0.010930951684713364}, {""species"": ""Streptococcus anginosus"", ""common_name"": """", ""score"": 0.009375596418976784}, {""species"": ""Mesorhizobium erdmanii"", ""common_name"": """", ""score"": 0.008566589094698429}, {""species"": ""Edwardsiella anguillarum"", ""common_name"": """", ""score"": 0.00716563081368804}, {""species"": ""Vibrio anguillarum"", ""common_name"": """", ""score"": 0.006550566293299198}]"
obs_336269939_photo_611037472_box1.jpg,obs_336269939_photo_611037472,/gpfs_common/share03/ftrscape/snair3/wew_notebooks/outputs_crop/obs_336269939_photo_611037472_box1.jpg,1,Occiperipatoides gilesii,Peripatoides novaezealandiae,FALSE,,,0.305111349,1,"[{""species"": ""Occiperipatoides gilesii"", ""common_name"": """", ""score"": 0.3051113486289978}, {""species"": ""Opisthopatus highveldi"", ""common_name"": """", ""score"": 0.09752540290355682}, {""species"": ""Euperipatoides rowelli"", ""common_name"": """", ""score"": 0.09666093438863754}, {""species"": ""Peripatoides suteri"", ""common_name"": """", ""score"": 0.06633728742599487}, {""species"": ""Austroperipatus aequabilis"", ""common_name"": """", ""score"": 0.0533108226954937}]"
obs_336269939_photo_611037472_box1.jpg,obs_336269939_photo_611037472,/gpfs_common/share03/ftrscape/snair3/wew_notebooks/outputs_crop/obs_336269939_photo_611037472_box1.jpg,1,Opisthopatus highveldi,Peripatoides novaezealandiae,FALSE,,,0.097525403,2,"[{""species"": ""Occiperipatoides gilesii"", ""common_name"": """", ""score"": 0.3051113486289978}, {""species"": ""Opisthopatus highveldi"", ""common_name"": """", ""score"": 0.09752540290355682}, {""species"": ""Euperipatoides rowelli"", ""common_name"": """", ""score"": 0.09666093438863754}, {""species"": ""Peripatoides suteri"", ""common_name"": """", ""score"": 0.06633728742599487}, {""species"": ""Austroperipatus aequabilis"", ""common_name"": """", ""score"": 0.0533108226954937}]"
obs_336269939_photo_611037472_box1.jpg,obs_336269939_photo_611037472,/gpfs_common/share03/ftrscape/snair3/wew_notebooks/outputs_crop/obs_336269939_photo_611037472_box1.jpg,1,Euperipatoides rowelli,Peripatoides novaezealandiae,FALSE,,,0.096660934,3,"[{""species"": ""Occiperipatoides gilesii"", ""common_name"": """", ""score"": 0.3051113486289978}, {""species"": ""Opisthopatus highveldi"", ""common_name"": """", ""score"": 0.09752540290355682}, {""species"": ""Euperipatoides rowelli"", ""common_name"": """", ""score"": 0.09666093438863754}, {""species"": ""Peripatoides suteri"", ""common_name"": """", ""score"": 0.06633728742599487}, {""species"": ""Austroperipatus aequabilis"", ""common_name"": """", ""score"": 0.0533108226954937}]"
obs_336269939_photo_611037472_box1.jpg,obs_336269939_photo_611037472,/gpfs_common/share03/ftrscape/snair3/wew_notebooks/outputs_crop/obs_336269939_photo_611037472_box1.jpg,1,Peripatoides suteri,Peripatoides novaezealandiae,FALSE,,,0.066337287,4,"[{""species"": ""Occiperipatoides gilesii"", ""common_name"": """", ""score"": 0.3051113486289978}, {""species"": ""Opisthopatus highveldi"", ""common_name"": """", ""score"": 0.09752540290355682}, {""species"": ""Euperipatoides rowelli"", ""common_name"": """", ""score"": 0.09666093438863754}, {""species"": ""Peripatoides suteri"", ""common_name"": """", ""score"": 0.06633728742599487}, {""species"": ""Austroperipatus aequabilis"", ""common_name"": """", ""score"": 0.0533108226954937}]"
obs_336269939_photo_611037472_box1.jpg,obs_336269939_photo_611037472,/gpfs_common/share03/ftrscape/snair3/wew_notebooks/outputs_crop/obs_336269939_photo_611037472_box1.jpg,1,Austroperipatus aequabilis,Peripatoides novaezealandiae,FALSE,,,0.053310823,5,"[{""species"": ""Occiperipatoides gilesii"", ""common_name"": """", ""score"": 0.3051113486289978}, {""species"": ""Opisthopatus highveldi"", ""common_name"": """", ""score"": 0.09752540290355682}, {""species"": ""Euperipatoides rowelli"", ""common_name"": """", ""score"": 0.09666093438863754}, {""species"": ""Peripatoides suteri"", ""common_name"": """", ""score"": 0.06633728742599487}, {""species"": ""Austroperipatus aequabilis"", ""common_name"": """", ""score"": 0.0533108226954937}]"
obs_336269939_photo_611037472_box2.jpg,obs_336269939_photo_611037472,/gpfs_common/share03/ftrscape/snair3/wew_notebooks/outputs_crop/obs_336269939_photo_611037472_box2.jpg,2,Euperipatoides rowelli,Peripatoides novaezealandiae,FALSE,,,0.10638456,1,"[{""species"": ""Euperipatoides rowelli"", ""common_name"": """", ""score"": 0.10638456046581268}, {""species"": ""Peripatoides novaezealandiae"", ""common_name"": """", ""score"": 0.08060096949338913}, {""species"": ""Pseudogeoplana reticulata"", ""common_name"": """", ""score"": 0.07289639860391617}, {""species"": ""Occiperipatoides gilesii"", ""common_name"": """", ""score"": 0.07210596650838852}, {""species"": ""Peripatoides sympatrica"", ""common_name"": """", ""score"": 0.06640584766864777}]"
obs_336269939_photo_611037472_box2.jpg,obs_336269939_photo_611037472,/gpfs_common/share03/ftrscape/snair3/wew_notebooks/outputs_crop/obs_336269939_photo_611037472_box2.jpg,2,Peripatoides novaezealandiae,Peripatoides novaezealandiae,TRUE,,,0.080600969,2,"[{""species"": ""Euperipatoides rowelli"", ""common_name"": """", ""score"": 0.10638456046581268}, {""species"": ""Peripatoides novaezealandiae"", ""common_name"": """", ""score"": 0.08060096949338913}, {""species"": ""Pseudogeoplana reticulata"", ""common_name"": """", ""score"": 0.07289639860391617}, {""species"": ""Occiperipatoides gilesii"", ""common_name"": """", ""score"": 0.07210596650838852}, {""species"": ""Peripatoides sympatrica"", ""common_name"": """", ""score"": 0.06640584766864777}]"
obs_336269939_photo_611037472_box2.jpg,obs_336269939_photo_611037472,/gpfs_common/share03/ftrscape/snair3/wew_notebooks/outputs_crop/obs_336269939_photo_611037472_box2.jpg,2,Pseudogeoplana reticulata,Peripatoides novaezealandiae,FALSE,,,0.072896399,3,"[{""species"": ""Euperipatoides rowelli"", ""common_name"": """", ""score"": 0.10638456046581268}, {""species"": ""Peripatoides novaezealandiae"", ""common_name"": """", ""score"": 0.08060096949338913}, {""species"": ""Pseudogeoplana reticulata"", ""common_name"": """", ""score"": 0.07289639860391617}, {""species"": ""Occiperipatoides gilesii"", ""common_name"": """", ""score"": 0.07210596650838852}, {""species"": ""Peripatoides sympatrica"", ""common_name"": """", ""score"": 0.06640584766864777}]"
obs_336269939_photo_611037472_box2.jpg,obs_336269939_photo_611037472,/gpfs_common/share03/ftrscape/snair3/wew_notebooks/outputs_crop/obs_336269939_photo_611037472_box2.jpg,2,Occiperipatoides gilesii,Peripatoides novaezealandiae,FALSE,,,0.072105967,4,"[{""species"": ""Euperipatoides rowelli"", ""common_name"": """", ""score"": 0.10638456046581268}, {""species"": ""Peripatoides novaezealandiae"", ""common_name"": """", ""score"": 0.08060096949338913}, {""species"": ""Pseudogeoplana reticulata"", ""common_name"": """", ""score"": 0.07289639860391617}, {""species"": ""Occiperipatoides gilesii"", ""common_name"": """", ""score"": 0.07210596650838852}, {""species"": ""Peripatoides sympatrica"", ""common_name"": """", ""score"": 0.06640584766864777}]"
obs_336269939_photo_611037472_box2.jpg,obs_336269939_photo_611037472,/gpfs_common/share03/ftrscape/snair3/wew_notebooks/outputs_crop/obs_336269939_photo_611037472_box2.jpg,2,Peripatoides sympatrica,Peripatoides novaezealandiae,FALSE,,,0.066405848,5,"[{""species"": ""Euperipatoides rowelli"", ""common_name"": """", ""score"": 0.10638456046581268}, {""species"": ""Peripatoides novaezealandiae"", ""common_name"": """", ""score"": 0.08060096949338913}, {""species"": ""Pseudogeoplana reticulata"", ""common_name"": """", ""score"": 0.07289639860391617}, {""species"": ""Occiperipatoides gilesii"", ""common_name"": """", ""score"": 0.07210596650838852}, {""species"": ""Peripatoides sympatrica"", ""common_name"": """", ""score"": 0.06640584766864777}]"
obs_336269939_photo_611037472_box3.jpg,obs_336269939_photo_611037472,/gpfs_common/share03/ftrscape/snair3/wew_notebooks/outputs_crop/obs_336269939_photo_611037472_box3.jpg,3,Euperipatoides rowelli,Peripatoides novaezealandiae,FALSE,,,0.159936935,1,"[{""species"": ""Euperipatoides rowelli"", ""common_name"": """", ""score"": 0.15993693470954895}, {""species"": ""Occiperipatoides gilesii"", ""common_name"": """", ""score"": 0.12660165131092072}, {""species"": ""Peripatoides novaezealandiae"", ""common_name"": """", ""score"": 0.07931660115718842}, {""species"": ""Peripatoides sympatrica"", ""common_name"": """", ""score"": 0.07698722183704376}, {""species"": ""Pseudogeoplana reticulata"", ""common_name"": """", ""score"": 0.061616040766239166}]"
obs_336269939_photo_611037472_box3.jpg,obs_336269939_photo_611037472,/gpfs_common/share03/ftrscape/snair3/wew_notebooks/outputs_crop/obs_336269939_photo_611037472_box3.jpg,3,Occiperipatoides gilesii,Peripatoides novaezealandiae,FALSE,,,0.126601651,2,"[{""species"": ""Euperipatoides rowelli"", ""common_name"": """", ""score"": 0.15993693470954895}, {""species"": ""Occiperipatoides gilesii"", ""common_name"": """", ""score"": 0.12660165131092072}, {""species"": ""Peripatoides novaezealandiae"", ""common_name"": """", ""score"": 0.07931660115718842}, {""species"": ""Peripatoides sympatrica"", ""common_name"": """", ""score"": 0.07698722183704376}, {""species"": ""Pseudogeoplana reticulata"", ""common_name"": """", ""score"": 0.061616040766239166}]"
obs_336269939_photo_611037472_box3.jpg,obs_336269939_photo_611037472,/gpfs_common/share03/ftrscape/snair3/wew_notebooks/outputs_crop/obs_336269939_photo_611037472_box3.jpg,3,Peripatoides novaezealandiae,Peripatoides novaezealandiae,TRUE,,,0.079316601,3,"[{""species"": ""Euperipatoides rowelli"", ""common_name"": """", ""score"": 0.15993693470954895}, {""species"": ""Occiperipatoides gilesii"", ""common_name"": """", ""score"": 0.12660165131092072}, {""species"": ""Peripatoides novaezealandiae"", ""common_name"": """", ""score"": 0.07931660115718842}, {""species"": ""Peripatoides sympatrica"", ""common_name"": """", ""score"": 0.07698722183704376}, {""species"": ""Pseudogeoplana reticulata"", ""common_name"": """", ""score"": 0.061616040766239166}]"
obs_336269939_photo_611037472_box3.jpg,obs_336269939_photo_611037472,/gpfs_common/share03/ftrscape/snair3/wew_notebooks/outputs_crop/obs_336269939_photo_611037472_box3.jpg,3,Peripatoides sympatrica,Peripatoides novaezealandiae,FALSE,,,0.076987222,4,"[{""species"": ""Euperipatoides rowelli"", ""common_name"": """", ""score"": 0.15993693470954895}, {""species"": ""Occiperipatoides gilesii"", ""common_name"": """", ""score"": 0.12660165131092072}, {""species"": ""Peripatoides novaezealandiae"", ""common_name"": """", ""score"": 0.07931660115718842}, {""species"": ""Peripatoides sympatrica"", ""common_name"": """", ""score"": 0.07698722183704376}, {""species"": ""Pseudogeoplana reticulata"", ""common_name"": """", ""score"": 0.061616040766239166}]"
obs_336269939_photo_611037472_box3.jpg,obs_336269939_photo_611037472,/gpfs_common/share03/ftrscape/snair3/wew_notebooks/outputs_crop/obs_336269939_photo_611037472_box3.jpg,3,Pseudogeoplana reticulata,Peripatoides novaezealandiae,FALSE,,,0.061616041,5,"[{""species"": ""Euperipatoides rowelli"", ""common_name"": """", ""score"": 0.15993693470954895}, {""species"": ""Occiperipatoides gilesii"", ""common_name"": """", ""score"": 0.12660165131092072}, {""species"": ""Peripatoides novaezealandiae"", ""common_name"": """", ""score"": 0.07931660115718842}, {""species"": ""Peripatoides sympatrica"", ""common_name"": """", ""score"": 0.07698722183704376}, {""species"": ""Pseudogeoplana reticulata"", ""common_name"": """", ""score"": 0.061616040766239166}]"
obs_336269939_photo_611037472_box4.jpg,obs_336269939_photo_611037472,/gpfs_common/share03/ftrscape/snair3/wew_notebooks/outputs_crop/obs_336269939_photo_611037472_box4.jpg,4,Occiperipatoides gilesii,Peripatoides novaezealandiae,FALSE,,,0.180752993,1,"[{""species"": ""Occiperipatoides gilesii"", ""common_name"": """", ""score"": 0.18075299263000488}, {""species"": ""Euperipatoides rowelli"", ""common_name"": """", ""score"": 0.11235373467206955}, {""species"": ""Opisthopatus highveldi"", ""common_name"": """", ""score"": 0.09185449779033661}, {""species"": ""Peripatoides suteri"", ""common_name"": """", ""score"": 0.0811089426279068}, {""species"": ""Euperipatoides kanangrensis"", ""common_name"": """", ""score"": 0.0736226886510849}]"
obs_336269939_photo_611037472_box4.jpg,obs_336269939_photo_611037472,/gpfs_common/share03/ftrscape/snair3/wew_notebooks/outputs_crop/obs_336269939_photo_611037472_box4.jpg,4,Euperipatoides rowelli,Peripatoides novaezealandiae,FALSE,,,0.112353735,2,"[{""species"": ""Occiperipatoides gilesii"", ""common_name"": """", ""score"": 0.18075299263000488}, {""species"": ""Euperipatoides rowelli"", ""common_name"": """", ""score"": 0.11235373467206955}, {""species"": ""Opisthopatus highveldi"", ""common_name"": """", ""score"": 0.09185449779033661}, {""species"": ""Peripatoides suteri"", ""common_name"": """", ""score"": 0.0811089426279068}, {""species"": ""Euperipatoides kanangrensis"", ""common_name"": """", ""score"": 0.0736226886510849}]"
obs_336269939_photo_611037472_box4.jpg,obs_336269939_photo_611037472,/gpfs_common/share03/ftrscape/snair3/wew_notebooks/outputs_crop/obs_336269939_photo_611037472_box4.jpg,4,Opisthopatus highveldi,Peripatoides novaezealandiae,FALSE,,,0.091854498,3,"[{""species"": ""Occiperipatoides gilesii"", ""common_name"": """", ""score"": 0.18075299263000488}, {""species"": ""Euperipatoides rowelli"", ""common_name"": """", ""score"": 0.11235373467206955}, {""species"": ""Opisthopatus highveldi"", ""common_name"": """", ""score"": 0.09185449779033661}, {""species"": ""Peripatoides suteri"", ""common_name"": """", ""score"": 0.0811089426279068}, {""species"": ""Euperipatoides kanangrensis"", ""common_name"": """", ""score"": 0.0736226886510849}]"
obs_336269939_photo_611037472_box4.jpg,obs_336269939_photo_611037472,/gpfs_common/share03/ftrscape/snair3/wew_notebooks/outputs_crop/obs_336269939_photo_611037472_box4.jpg,4,Peripatoides suteri,Peripatoides novaezealandiae,FALSE,,,0.081108943,4,"[{""species"": ""Occiperipatoides gilesii"", ""common_name"": """", ""score"": 0.18075299263000488}, {""species"": ""Euperipatoides rowelli"", ""common_name"": """", ""score"": 0.11235373467206955}, {""species"": ""Opisthopatus highveldi"", ""common_name"": """", ""score"": 0.09185449779033661}, {""species"": ""Peripatoides suteri"", ""common_name"": """", ""score"": 0.0811089426279068}, {""species"": ""Euperipatoides kanangrensis"", ""common_name"": """", ""score"": 0.0736226886510849}]"
obs_336269939_photo_611037472_box4.jpg,obs_336269939_photo_611037472,/gpfs_common/share03/ftrscape/snair3/wew_notebooks/outputs_crop/obs_336269939_photo_611037472_box4.jpg,4,Euperipatoides kanangrensis,Peripatoides novaezealandiae,FALSE,,,0.073622689,5,"[{""species"": ""Occiperipatoides gilesii"", ""common_name"": """", ""score"": 0.18075299263000488}, {""species"": ""Euperipatoides rowelli"", ""common_name"": """", ""score"": 0.11235373467206955}, {""species"": ""Opisthopatus highveldi"", ""common_name"": """", ""score"": 0.09185449779033661}, {""species"": ""Peripatoides suteri"", ""common_name"": """", ""score"": 0.0811089426279068}, {""species"": ""Euperipatoides kanangrensis"", ""common_name"": """", ""score"": 0.0736226886510849}]"
obs_336269939_photo_611037472_box5.jpg,obs_336269939_photo_611037472,/gpfs_common/share03/ftrscape/snair3/wew_notebooks/outputs_crop/obs_336269939_photo_611037472_box5.jpg,5,Occiperipatoides gilesii,Peripatoides novaezealandiae,FALSE,,,0.424892038,1,"[{""species"": ""Occiperipatoides gilesii"", ""common_name"": """", ""score"": 0.42489203810691833}, {""species"": ""Euperipatoides kanangrensis"", ""common_name"": """", ""score"": 0.08933033049106598}, {""species"": ""Peripatoides sympatrica"", ""common_name"": """", ""score"": 0.08071554452180862}, {""species"": ""Euperipatoides rowelli"", ""common_name"": """", ""score"": 0.07381826639175415}, {""species"": ""Peripatoides suteri"", ""common_name"": """", ""score"": 0.0626702606678009}]"
obs_336269939_photo_611037472_box5.jpg,obs_336269939_photo_611037472,/gpfs_common/share03/ftrscape/snair3/wew_notebooks/outputs_crop/obs_336269939_photo_611037472_box5.jpg,5,Euperipatoides kanangrensis,Peripatoides novaezealandiae,FALSE,,,0.08933033,2,"[{""species"": ""Occiperipatoides gilesii"", ""common_name"": """", ""score"": 0.42489203810691833}, {""species"": ""Euperipatoides kanangrensis"", ""common_name"": """", ""score"": 0.08933033049106598}, {""species"": ""Peripatoides sympatrica"", ""common_name"": """", ""score"": 0.08071554452180862}, {""species"": ""Euperipatoides rowelli"", ""common_name"": """", ""score"": 0.07381826639175415}, {""species"": ""Peripatoides suteri"", ""common_name"": """", ""score"": 0.0626702606678009}]"
obs_336269939_photo_611037472_box5.jpg,obs_336269939_photo_611037472,/gpfs_common/share03/ftrscape/snair3/wew_notebooks/outputs_crop/obs_336269939_photo_611037472_box5.jpg,5,Peripatoides sympatrica,Peripatoides novaezealandiae,FALSE,,,0.080715545,3,"[{""species"": ""Occiperipatoides gilesii"", ""common_name"": """", ""score"": 0.42489203810691833}, {""species"": ""Euperipatoides kanangrensis"", ""common_name"": """", ""score"": 0.08933033049106598}, {""species"": ""Peripatoides sympatrica"", ""common_name"": """", ""score"": 0.08071554452180862}, {""species"": ""Euperipatoides rowelli"", ""common_name"": """", ""score"": 0.07381826639175415}, {""species"": ""Peripatoides suteri"", ""common_name"": """", ""score"": 0.0626702606678009}]"
obs_336269939_photo_611037472_box5.jpg,obs_336269939_photo_611037472,/gpfs_common/share03/ftrscape/snair3/wew_notebooks/outputs_crop/obs_336269939_photo_611037472_box5.jpg,5,Euperipatoides rowelli,Peripatoides novaezealandiae,FALSE,,,0.073818266,4,"[{""species"": ""Occiperipatoides gilesii"", ""common_name"": """", ""score"": 0.42489203810691833}, {""species"": ""Euperipatoides kanangrensis"", ""common_name"": """", ""score"": 0.08933033049106598}, {""species"": ""Peripatoides sympatrica"", ""common_name"": """", ""score"": 0.08071554452180862}, {""species"": ""Euperipatoides rowelli"", ""common_name"": """", ""score"": 0.07381826639175415}, {""species"": ""Peripatoides suteri"", ""common_name"": """", ""score"": 0.0626702606678009}]"
obs_336269939_photo_611037472_box5.jpg,obs_336269939_photo_611037472,/gpfs_common/share03/ftrscape/snair3/wew_notebooks/outputs_crop/obs_336269939_photo_611037472_box5.jpg,5,Peripatoides suteri,Peripatoides novaezealandiae,FALSE,,,0.062670261,5,"[{""species"": ""Occiperipatoides gilesii"", ""common_name"": """", ""score"": 0.42489203810691833}, {""species"": ""Euperipatoides kanangrensis"", ""common_name"": """", ""score"": 0.08933033049106598}, {""species"": ""Peripatoides sympatrica"", ""common_name"": """", ""score"": 0.08071554452180862}, {""species"": ""Euperipatoides rowelli"", ""common_name"": """", ""score"": 0.07381826639175415}, {""species"": ""Peripatoides suteri"", ""common_name"": """", ""score"": 0.0626702606678009}]"
obs_337063055_photo_612648507_box1.jpg,obs_337063055_photo_612648507,/gpfs_common/share03/ftrscape/snair3/wew_notebooks/outputs_crop/obs_337063055_photo_612648507_box1.jpg,1,Charonia tritonis,Charonia tritonis,TRUE,,Pacific triton,0.743002117,1,"[{""species"": ""Charonia tritonis"", ""common_name"": ""Pacific triton"", ""score"": 0.7430021166801453}, {""species"": ""Triplofusus princeps"", ""common_name"": """", ""score"": 0.06929422169923782}, {""species"": ""Ranella olearium"", ""common_name"": ""Giant frogsnail"", ""score"": 0.06314077228307724}, {""species"": ""Titanostrombus goliath"", ""common_name"": """", ""score"": 0.015144885517656803}, {""species"": ""Charonia variegata"", ""common_name"": ""Atlantic triton"", ""score"": 0.007237714249640703}]"
obs_337063055_photo_612648507_box1.jpg,obs_337063055_photo_612648507,/gpfs_common/share03/ftrscape/snair3/wew_notebooks/outputs_crop/obs_337063055_photo_612648507_box1.jpg,1,Triplofusus princeps,Charonia tritonis,FALSE,,,0.069294222,2,"[{""species"": ""Charonia tritonis"", ""common_name"": ""Pacific triton"", ""score"": 0.7430021166801453}, {""species"": ""Triplofusus princeps"", ""common_name"": """", ""score"": 0.06929422169923782}, {""species"": ""Ranella olearium"", ""common_name"": ""Giant frogsnail"", ""score"": 0.06314077228307724}, {""species"": ""Titanostrombus goliath"", ""common_name"": """", ""score"": 0.015144885517656803}, {""species"": ""Charonia variegata"", ""common_name"": ""Atlantic triton"", ""score"": 0.007237714249640703}]"
obs_337063055_photo_612648507_box1.jpg,obs_337063055_photo_612648507,/gpfs_common/share03/ftrscape/snair3/wew_notebooks/outputs_crop/obs_337063055_photo_612648507_box1.jpg,1,Ranella olearium,Charonia tritonis,FALSE,,Giant frogsnail,0.063140772,3,"[{""species"": ""Charonia tritonis"", ""common_name"": ""Pacific triton"", ""score"": 0.7430021166801453}, {""species"": ""Triplofusus princeps"", ""common_name"": """", ""score"": 0.06929422169923782}, {""species"": ""Ranella olearium"", ""common_name"": ""Giant frogsnail"", ""score"": 0.06314077228307724}, {""species"": ""Titanostrombus goliath"", ""common_name"": """", ""score"": 0.015144885517656803}, {""species"": ""Charonia variegata"", ""common_name"": ""Atlantic triton"", ""score"": 0.007237714249640703}]"
obs_337063055_photo_612648507_box1.jpg,obs_337063055_photo_612648507,/gpfs_common/share03/ftrscape/snair3/wew_notebooks/outputs_crop/obs_337063055_photo_612648507_box1.jpg,1,Titanostrombus goliath,Charonia tritonis,FALSE,,,0.015144886,4,"[{""species"": ""Charonia tritonis"", ""common_name"": ""Pacific triton"", ""score"": 0.7430021166801453}, {""species"": ""Triplofusus princeps"", ""common_name"": """", ""score"": 0.06929422169923782}, {""species"": ""Ranella olearium"", ""common_name"": ""Giant frogsnail"", ""score"": 0.06314077228307724}, {""species"": ""Titanostrombus goliath"", ""common_name"": """", ""score"": 0.015144885517656803}, {""species"": ""Charonia variegata"", ""common_name"": ""Atlantic triton"", ""score"": 0.007237714249640703}]"
obs_337063055_photo_612648507_box1.jpg,obs_337063055_photo_612648507,/gpfs_common/share03/ftrscape/snair3/wew_notebooks/outputs_crop/obs_337063055_photo_612648507_box1.jpg,1,Charonia variegata,Charonia tritonis,FALSE,,Atlantic triton,0.007237714,5,"[{""species"": ""Charonia tritonis"", ""common_name"": ""Pacific triton"", ""score"": 0.7430021166801453}, {""species"": ""Triplofusus princeps"", ""common_name"": """", ""score"": 0.06929422169923782}, {""species"": ""Ranella olearium"", ""common_name"": ""Giant frogsnail"", ""score"": 0.06314077228307724}, {""species"": ""Titanostrombus goliath"", ""common_name"": """", ""score"": 0.015144885517656803}, {""species"": ""Charonia variegata"", ""common_name"": ""Atlantic triton"", ""score"": 0.007237714249640703}]"
obs_337063055_photo_612648507_box2.jpg,obs_337063055_photo_612648507,/gpfs_common/share03/ftrscape/snair3/wew_notebooks/outputs_crop/obs_337063055_photo_612648507_box2.jpg,2,Charonia tritonis,Charonia tritonis,TRUE,,Pacific triton,0.407929361,1,"[{""species"": ""Charonia tritonis"", ""common_name"": ""Pacific triton"", ""score"": 0.40792936086654663}, {""species"": ""Ranella olearium"", ""common_name"": ""Giant frogsnail"", ""score"": 0.1897699236869812}, {""species"": ""Titanostrombus goliath"", ""common_name"": """", ""score"": 0.041663069278001785}, {""species"": ""Triplofusus princeps"", ""common_name"": """", ""score"": 0.03776860609650612}, {""species"": ""Cypraecassis tenuis"", ""common_name"": """", ""score"": 0.03162819892168045}]"
obs_337063055_photo_612648507_box2.jpg,obs_337063055_photo_612648507,/gpfs_common/share03/ftrscape/snair3/wew_notebooks/outputs_crop/obs_337063055_photo_612648507_box2.jpg,2,Ranella olearium,Charonia tritonis,FALSE,,Giant frogsnail,0.189769924,2,"[{""species"": ""Charonia tritonis"", ""common_name"": ""Pacific triton"", ""score"": 0.40792936086654663}, {""species"": ""Ranella olearium"", ""common_name"": ""Giant frogsnail"", ""score"": 0.1897699236869812}, {""species"": ""Titanostrombus goliath"", ""common_name"": """", ""score"": 0.041663069278001785}, {""species"": ""Triplofusus princeps"", ""common_name"": """", ""score"": 0.03776860609650612}, {""species"": ""Cypraecassis tenuis"", ""common_name"": """", ""score"": 0.03162819892168045}]"
obs_337063055_photo_612648507_box2.jpg,obs_337063055_photo_612648507,/gpfs_common/share03/ftrscape/snair3/wew_notebooks/outputs_crop/obs_337063055_photo_612648507_box2.jpg,2,Titanostrombus goliath,Charonia tritonis,FALSE,,,0.041663069,3,"[{""species"": ""Charonia tritonis"", ""common_name"": ""Pacific triton"", ""score"": 0.40792936086654663}, {""species"": ""Ranella olearium"", ""common_name"": ""Giant frogsnail"", ""score"": 0.1897699236869812}, {""species"": ""Titanostrombus goliath"", ""common_name"": """", ""score"": 0.041663069278001785}, {""species"": ""Triplofusus princeps"", ""common_name"": """", ""score"": 0.03776860609650612}, {""species"": ""Cypraecassis tenuis"", ""common_name"": """", ""score"": 0.03162819892168045}]"
obs_337063055_photo_612648507_box2.jpg,obs_337063055_photo_612648507,/gpfs_common/share03/ftrscape/snair3/wew_notebooks/outputs_crop/obs_337063055_photo_612648507_box2.jpg,2,Triplofusus princeps,Charonia tritonis,FALSE,,,0.037768606,4,"[{""species"": ""Charonia tritonis"", ""common_name"": ""Pacific triton"", ""score"": 0.40792936086654663}, {""species"": ""Ranella olearium"", ""common_name"": ""Giant frogsnail"", ""score"": 0.1897699236869812}, {""species"": ""Titanostrombus goliath"", ""common_name"": """", ""score"": 0.041663069278001785}, {""species"": ""Triplofusus princeps"", ""common_name"": """", ""score"": 0.03776860609650612}, {""species"": ""Cypraecassis tenuis"", ""common_name"": """", ""score"": 0.03162819892168045}]"
obs_337063055_photo_612648507_box2.jpg,obs_337063055_photo_612648507,/gpfs_common/share03/ftrscape/snair3/wew_notebooks/outputs_crop/obs_337063055_photo_612648507_box2.jpg,2,Cypraecassis tenuis,Charonia tritonis,FALSE,,,0.031628199,5,"[{""species"": ""Charonia tritonis"", ""common_name"": ""Pacific triton"", ""score"": 0.40792936086654663}, {""species"": ""Ranella olearium"", ""common_name"": ""Giant frogsnail"", ""score"": 0.1897699236869812}, {""species"": ""Titanostrombus goliath"", ""common_name"": """", ""score"": 0.041663069278001785}, {""species"": ""Triplofusus princeps"", ""common_name"": """", ""score"": 0.03776860609650612}, {""species"": ""Cypraecassis tenuis"", ""common_name"": """", ""score"": 0.03162819892168045}]"
obs_337063055_photo_612648507_box3.jpg,obs_337063055_photo_612648507,/gpfs_common/share03/ftrscape/snair3/wew_notebooks/outputs_crop/obs_337063055_photo_612648507_box3.jpg,3,Charonia tritonis,Charonia tritonis,TRUE,,Pacific triton,0.738289952,1,"[{""species"": ""Charonia tritonis"", ""common_name"": ""Pacific triton"", ""score"": 0.7382899522781372}, {""species"": ""Ranella olearium"", ""common_name"": ""Giant frogsnail"", ""score"": 0.0694965198636055}, {""species"": ""Triplofusus princeps"", ""common_name"": """", ""score"": 0.06125938147306442}, {""species"": ""Titanostrombus goliath"", ""common_name"": """", ""score"": 0.014947114512324333}, {""species"": ""Charonia variegata"", ""common_name"": ""Atlantic triton"", ""score"": 0.007566568907350302}]"
obs_337063055_photo_612648507_box3.jpg,obs_337063055_photo_612648507,/gpfs_common/share03/ftrscape/snair3/wew_notebooks/outputs_crop/obs_337063055_photo_612648507_box3.jpg,3,Ranella olearium,Charonia tritonis,FALSE,,Giant frogsnail,0.06949652,2,"[{""species"": ""Charonia tritonis"", ""common_name"": ""Pacific triton"", ""score"": 0.7382899522781372}, {""species"": ""Ranella olearium"", ""common_name"": ""Giant frogsnail"", ""score"": 0.0694965198636055}, {""species"": ""Triplofusus princeps"", ""common_name"": """", ""score"": 0.06125938147306442}, {""species"": ""Titanostrombus goliath"", ""common_name"": """", ""score"": 0.014947114512324333}, {""species"": ""Charonia variegata"", ""common_name"": ""Atlantic triton"", ""score"": 0.007566568907350302}]"
obs_337063055_photo_612648507_box3.jpg,obs_337063055_photo_612648507,/gpfs_common/share03/ftrscape/snair3/wew_notebooks/outputs_crop/obs_337063055_photo_612648507_box3.jpg,3,Triplofusus princeps,Charonia tritonis,FALSE,,,0.061259381,3,"[{""species"": ""Charonia tritonis"", ""common_name"": ""Pacific triton"", ""score"": 0.7382899522781372}, {""species"": ""Ranella olearium"", ""common_name"": ""Giant frogsnail"", ""score"": 0.0694965198636055}, {""species"": ""Triplofusus princeps"", ""common_name"": """", ""score"": 0.06125938147306442}, {""species"": ""Titanostrombus goliath"", ""common_name"": """", ""score"": 0.014947114512324333}, {""species"": ""Charonia variegata"", ""common_name"": ""Atlantic triton"", ""score"": 0.007566568907350302}]"
obs_337063055_photo_612648507_box3.jpg,obs_337063055_photo_612648507,/gpfs_common/share03/ftrscape/snair3/wew_notebooks/outputs_crop/obs_337063055_photo_612648507_box3.jpg,3,Titanostrombus goliath,Charonia tritonis,FALSE,,,0.014947115,4,"[{""species"": ""Charonia tritonis"", ""common_name"": ""Pacific triton"", ""score"": 0.7382899522781372}, {""species"": ""Ranella olearium"", ""common_name"": ""Giant frogsnail"", ""score"": 0.0694965198636055}, {""species"": ""Triplofusus princeps"", ""common_name"": """", ""score"": 0.06125938147306442}, {""species"": ""Titanostrombus goliath"", ""common_name"": """", ""score"": 0.014947114512324333}, {""species"": ""Charonia variegata"", ""common_name"": ""Atlantic triton"", ""score"": 0.007566568907350302}]"
obs_337063055_photo_612648507_box3.jpg,obs_337063055_photo_612648507,/gpfs_common/share03/ftrscape/snair3/wew_notebooks/outputs_crop/obs_337063055_photo_612648507_box3.jpg,3,Charonia variegata,Charonia tritonis,FALSE,,Atlantic triton,0.007566569,5,"[{""species"": ""Charonia tritonis"", ""common_name"": ""Pacific triton"", ""score"": 0.7382899522781372}, {""species"": ""Ranella olearium"", ""common_name"": ""Giant frogsnail"", ""score"": 0.0694965198636055}, {""species"": ""Triplofusus princeps"", ""common_name"": """", ""score"": 0.06125938147306442}, {""species"": ""Titanostrombus goliath"", ""common_name"": """", ""score"": 0.014947114512324333}, {""species"": ""Charonia variegata"", ""common_name"": ""Atlantic triton"", ""score"": 0.007566568907350302}]"
obs_337063055_photo_612648507_box4.jpg,obs_337063055_photo_612648507,/gpfs_common/share03/ftrscape/snair3/wew_notebooks/outputs_crop/obs_337063055_photo_612648507_box4.jpg,4,Charonia tritonis,Charonia tritonis,TRUE,,Pacific triton,0.487729967,1,"[{""species"": ""Charonia tritonis"", ""common_name"": ""Pacific triton"", ""score"": 0.4877299666404724}, {""species"": ""Ranella olearium"", ""common_name"": ""Giant frogsnail"", ""score"": 0.07235368341207504}, {""species"": ""Triplofusus princeps"", ""common_name"": """", ""score"": 0.04798257350921631}, {""species"": ""Ophioglossolambis violacea"", ""common_name"": ""Violet spider conch"", ""score"": 0.02123357728123665}, {""species"": ""Titanostrombus goliath"", ""common_name"": """", ""score"": 0.017157863825559616}]"
obs_337063055_photo_612648507_box4.jpg,obs_337063055_photo_612648507,/gpfs_common/share03/ftrscape/snair3/wew_notebooks/outputs_crop/obs_337063055_photo_612648507_box4.jpg,4,Ranella olearium,Charonia tritonis,FALSE,,Giant frogsnail,0.072353683,2,"[{""species"": ""Charonia tritonis"", ""common_name"": ""Pacific triton"", ""score"": 0.4877299666404724}, {""species"": ""Ranella olearium"", ""common_name"": ""Giant frogsnail"", ""score"": 0.07235368341207504}, {""species"": ""Triplofusus princeps"", ""common_name"": """", ""score"": 0.04798257350921631}, {""species"": ""Ophioglossolambis violacea"", ""common_name"": ""Violet spider conch"", ""score"": 0.02123357728123665}, {""species"": ""Titanostrombus goliath"", ""common_name"": """", ""score"": 0.017157863825559616}]"
obs_337063055_photo_612648507_box4.jpg,obs_337063055_photo_612648507,/gpfs_common/share03/ftrscape/snair3/wew_notebooks/outputs_crop/obs_337063055_photo_612648507_box4.jpg,4,Triplofusus princeps,Charonia tritonis,FALSE,,,0.047982574,3,"[{""species"": ""Charonia tritonis"", ""common_name"": ""Pacific triton"", ""score"": 0.4877299666404724}, {""species"": ""Ranella olearium"", ""common_name"": ""Giant frogsnail"", ""score"": 0.07235368341207504}, {""species"": ""Triplofusus princeps"", ""common_name"": """", ""score"": 0.04798257350921631}, {""species"": ""Ophioglossolambis violacea"", ""common_name"": ""Violet spider conch"", ""score"": 0.02123357728123665}, {""species"": ""Titanostrombus goliath"", ""common_name"": """", ""score"": 0.017157863825559616}]"
obs_337063055_photo_612648507_box4.jpg,obs_337063055_photo_612648507,/gpfs_common/share03/ftrscape/snair3/wew_notebooks/outputs_crop/obs_337063055_photo_612648507_box4.jpg,4,Ophioglossolambis violacea,Charonia tritonis,FALSE,,Violet spider conch,0.021233577,4,"[{""species"": ""Charonia tritonis"", ""common_name"": ""Pacific triton"", ""score"": 0.4877299666404724}, {""species"": ""Ranella olearium"", ""common_name"": ""Giant frogsnail"", ""score"": 0.07235368341207504}, {""species"": ""Triplofusus princeps"", ""common_name"": """", ""score"": 0.04798257350921631}, {""species"": ""Ophioglossolambis violacea"", ""common_name"": ""Violet spider conch"", ""score"": 0.02123357728123665}, {""species"": ""Titanostrombus goliath"", ""common_name"": """", ""score"": 0.017157863825559616}]"
obs_337063055_photo_612648507_box4.jpg,obs_337063055_photo_612648507,/gpfs_common/share03/ftrscape/snair3/wew_notebooks/outputs_crop/obs_337063055_photo_612648507_box4.jpg,4,Titanostrombus goliath,Charonia tritonis,FALSE,,,0.017157864,5,"[{""species"": ""Charonia tritonis"", ""common_name"": ""Pacific triton"", ""score"": 0.4877299666404724}, {""species"": ""Ranella olearium"", ""common_name"": ""Giant frogsnail"", ""score"": 0.07235368341207504}, {""species"": ""Triplofusus princeps"", ""common_name"": """", ""score"": 0.04798257350921631}, {""species"": ""Ophioglossolambis violacea"", ""common_name"": ""Violet spider conch"", ""score"": 0.02123357728123665}, {""species"": ""Titanostrombus goliath"", ""common_name"": """", ""score"": 0.017157863825559616}]"
obs_337063055_photo_612648507_box5.jpg,obs_337063055_photo_612648507,/gpfs_common/share03/ftrscape/snair3/wew_notebooks/outputs_crop/obs_337063055_photo_612648507_box5.jpg,5,Charonia tritonis,Charonia tritonis,TRUE,,Pacific triton,0.826870859,1,"[{""species"": ""Charonia tritonis"", ""common_name"": ""Pacific triton"", ""score"": 0.826870858669281}, {""species"": ""Ranella olearium"", ""common_name"": ""Giant frogsnail"", ""score"": 0.061121661216020584}, {""species"": ""Triplofusus princeps"", ""common_name"": """", ""score"": 0.029852252453565598}, {""species"": ""Charonia variegata"", ""common_name"": ""Atlantic triton"", ""score"": 0.007774899248033762}, {""species"": ""Titanostrombus goliath"", ""common_name"": """", ""score"": 0.007370960898697376}]"
obs_337063055_photo_612648507_box5.jpg,obs_337063055_photo_612648507,/gpfs_common/share03/ftrscape/snair3/wew_notebooks/outputs_crop/obs_337063055_photo_612648507_box5.jpg,5,Ranella olearium,Charonia tritonis,FALSE,,Giant frogsnail,0.061121661,2,"[{""species"": ""Charonia tritonis"", ""common_name"": ""Pacific triton"", ""score"": 0.826870858669281}, {""species"": ""Ranella olearium"", ""common_name"": ""Giant frogsnail"", ""score"": 0.061121661216020584}, {""species"": ""Triplofusus princeps"", ""common_name"": """", ""score"": 0.029852252453565598}, {""species"": ""Charonia variegata"", ""common_name"": ""Atlantic triton"", ""score"": 0.007774899248033762}, {""species"": ""Titanostrombus goliath"", ""common_name"": """", ""score"": 0.007370960898697376}]"
obs_337063055_photo_612648507_box5.jpg,obs_337063055_photo_612648507,/gpfs_common/share03/ftrscape/snair3/wew_notebooks/outputs_crop/obs_337063055_photo_612648507_box5.jpg,5,Triplofusus princeps,Charonia tritonis,FALSE,,,0.029852252,3,"[{""species"": ""Charonia tritonis"", ""common_name"": ""Pacific triton"", ""score"": 0.826870858669281}, {""species"": ""Ranella olearium"", ""common_name"": ""Giant frogsnail"", ""score"": 0.061121661216020584}, {""species"": ""Triplofusus princeps"", ""common_name"": """", ""score"": 0.029852252453565598}, {""species"": ""Charonia variegata"", ""common_name"": ""Atlantic triton"", ""score"": 0.007774899248033762}, {""species"": ""Titanostrombus goliath"", ""common_name"": """", ""score"": 0.007370960898697376}]"
obs_337063055_photo_612648507_box5.jpg,obs_337063055_photo_612648507,/gpfs_common/share03/ftrscape/snair3/wew_notebooks/outputs_crop/obs_337063055_photo_612648507_box5.jpg,5,Charonia variegata,Charonia tritonis,FALSE,,Atlantic triton,0.007774899,4,"[{""species"": ""Charonia tritonis"", ""common_name"": ""Pacific triton"", ""score"": 0.826870858669281}, {""species"": ""Ranella olearium"", ""common_name"": ""Giant frogsnail"", ""score"": 0.061121661216020584}, {""species"": ""Triplofusus princeps"", ""common_name"": """", ""score"": 0.029852252453565598}, {""species"": ""Charonia variegata"", ""common_name"": ""Atlantic triton"", ""score"": 0.007774899248033762}, {""species"": ""Titanostrombus goliath"", ""common_name"": """", ""score"": 0.007370960898697376}]"
obs_337063055_photo_612648507_box5.jpg,obs_337063055_photo_612648507,/gpfs_common/share03/ftrscape/snair3/wew_notebooks/outputs_crop/obs_337063055_photo_612648507_box5.jpg,5,Titanostrombus goliath,Charonia tritonis,FALSE,,,0.007370961,5,"[{""species"": ""Charonia tritonis"", ""common_name"": ""Pacific triton"", ""score"": 0.826870858669281}, {""species"": ""Ranella olearium"", ""common_name"": ""Giant frogsnail"", ""score"": 0.061121661216020584}, {""species"": ""Triplofusus princeps"", ""common_name"": """", ""score"": 0.029852252453565598}, {""species"": ""Charonia variegata"", ""common_name"": ""Atlantic triton"", ""score"": 0.007774899248033762}, {""species"": ""Titanostrombus goliath"", ""common_name"": """", ""score"": 0.007370960898697376}]"
obs_337600645_photo_614526508_box1.jpg,obs_337600645_photo_614526508,/gpfs_common/share03/ftrscape/snair3/wew_notebooks/outputs_crop/obs_337600645_photo_614526508_box1.jpg,1,Haematopus bachmani,Strongylocentrotus purpuratus,FALSE,,Black oystercatcher,0.802605748,1,"[{""species"": ""Haematopus bachmani"", ""common_name"": ""Black oystercatcher"", ""score"": 0.8026057481765747}, {""species"": ""Haematopus fuliginosus"", ""common_name"": ""Sooty Oystercatcher"", ""score"": 0.07558411359786987}, {""species"": ""Haematopus ater"", ""common_name"": ""Blackish Oystercatcher"", ""score"": 0.04434927552938461}, {""species"": ""Haematopus unicolor"", ""common_name"": ""Variable Oystercatcher"", ""score"": 0.02113453298807144}, {""species"": ""Fratercula cirrhata"", ""common_name"": ""Tufted Puffin"", ""score"": 0.00899471715092659}]"
obs_337600645_photo_614526508_box1.jpg,obs_337600645_photo_614526508,/gpfs_common/share03/ftrscape/snair3/wew_notebooks/outputs_crop/obs_337600645_photo_614526508_box1.jpg,1,Haematopus fuliginosus,Strongylocentrotus purpuratus,FALSE,,Sooty Oystercatcher,0.075584114,2,"[{""species"": ""Haematopus bachmani"", ""common_name"": ""Black oystercatcher"", ""score"": 0.8026057481765747}, {""species"": ""Haematopus fuliginosus"", ""common_name"": ""Sooty Oystercatcher"", ""score"": 0.07558411359786987}, {""species"": ""Haematopus ater"", ""common_name"": ""Blackish Oystercatcher"", ""score"": 0.04434927552938461}, {""species"": ""Haematopus unicolor"", ""common_name"": ""Variable Oystercatcher"", ""score"": 0.02113453298807144}, {""species"": ""Fratercula cirrhata"", ""common_name"": ""Tufted Puffin"", ""score"": 0.00899471715092659}]"
obs_337600645_photo_614526508_box1.jpg,obs_337600645_photo_614526508,/gpfs_common/share03/ftrscape/snair3/wew_notebooks/outputs_crop/obs_337600645_photo_614526508_box1.jpg,1,Haematopus ater,Strongylocentrotus purpuratus,FALSE,,Blackish Oystercatcher,0.044349276,3,"[{""species"": ""Haematopus bachmani"", ""common_name"": ""Black oystercatcher"", ""score"": 0.8026057481765747}, {""species"": ""Haematopus fuliginosus"", ""common_name"": ""Sooty Oystercatcher"", ""score"": 0.07558411359786987}, {""species"": ""Haematopus ater"", ""common_name"": ""Blackish Oystercatcher"", ""score"": 0.04434927552938461}, {""species"": ""Haematopus unicolor"", ""common_name"": ""Variable Oystercatcher"", ""score"": 0.02113453298807144}, {""species"": ""Fratercula cirrhata"", ""common_name"": ""Tufted Puffin"", ""score"": 0.00899471715092659}]"
obs_337600645_photo_614526508_box1.jpg,obs_337600645_photo_614526508,/gpfs_common/share03/ftrscape/snair3/wew_notebooks/outputs_crop/obs_337600645_photo_614526508_box1.jpg,1,Haematopus unicolor,Strongylocentrotus purpuratus,FALSE,,Variable Oystercatcher,0.021134533,4,"[{""species"": ""Haematopus bachmani"", ""common_name"": ""Black oystercatcher"", ""score"": 0.8026057481765747}, {""species"": ""Haematopus fuliginosus"", ""common_name"": ""Sooty Oystercatcher"", ""score"": 0.07558411359786987}, {""species"": ""Haematopus ater"", ""common_name"": ""Blackish Oystercatcher"", ""score"": 0.04434927552938461}, {""species"": ""Haematopus unicolor"", ""common_name"": ""Variable Oystercatcher"", ""score"": 0.02113453298807144}, {""species"": ""Fratercula cirrhata"", ""common_name"": ""Tufted Puffin"", ""score"": 0.00899471715092659}]"
obs_337600645_photo_614526508_box1.jpg,obs_337600645_photo_614526508,/gpfs_common/share03/ftrscape/snair3/wew_notebooks/outputs_crop/obs_337600645_photo_614526508_box1.jpg,1,Fratercula cirrhata,Strongylocentrotus purpuratus,FALSE,,Tufted Puffin,0.008994717,5,"[{""species"": ""Haematopus bachmani"", ""common_name"": ""Black oystercatcher"", ""score"": 0.8026057481765747}, {""species"": ""Haematopus fuliginosus"", ""common_name"": ""Sooty Oystercatcher"", ""score"": 0.07558411359786987}, {""species"": ""Haematopus ater"", ""common_name"": ""Blackish Oystercatcher"", ""score"": 0.04434927552938461}, {""species"": ""Haematopus unicolor"", ""common_name"": ""Variable Oystercatcher"", ""score"": 0.02113453298807144}, {""species"": ""Fratercula cirrhata"", ""common_name"": ""Tufted Puffin"", ""score"": 0.00899471715092659}]"
obs_337600645_photo_614526508_box2.jpg,obs_337600645_photo_614526508,/gpfs_common/share03/ftrscape/snair3/wew_notebooks/outputs_crop/obs_337600645_photo_614526508_box2.jpg,2,Petromyzon marinus,Strongylocentrotus purpuratus,FALSE,,Sea lamprey,0.033000264,1,"[{""species"": ""Petromyzon marinus"", ""common_name"": ""Sea lamprey"", ""score"": 0.033000264316797256}, {""species"": ""Lampetra fluviatilis"", ""common_name"": ""River lamprey"", ""score"": 0.031287673860788345}, {""species"": ""Anguilla anguilla"", ""common_name"": ""European eel"", ""score"": 0.0224173441529274}, {""species"": ""Zoarces americanus"", ""common_name"": ""Mother-of-eels"", ""score"": 0.022262755781412125}, {""species"": ""Anguilla rostrata"", ""common_name"": ""American eel"", ""score"": 0.022083774209022522}]"
obs_337600645_photo_614526508_box2.jpg,obs_337600645_photo_614526508,/gpfs_common/share03/ftrscape/snair3/wew_notebooks/outputs_crop/obs_337600645_photo_614526508_box2.jpg,2,Lampetra fluviatilis,Strongylocentrotus purpuratus,FALSE,,River lamprey,0.031287674,2,"[{""species"": ""Petromyzon marinus"", ""common_name"": ""Sea lamprey"", ""score"": 0.033000264316797256}, {""species"": ""Lampetra fluviatilis"", ""common_name"": ""River lamprey"", ""score"": 0.031287673860788345}, {""species"": ""Anguilla anguilla"", ""common_name"": ""European eel"", ""score"": 0.0224173441529274}, {""species"": ""Zoarces americanus"", ""common_name"": ""Mother-of-eels"", ""score"": 0.022262755781412125}, {""species"": ""Anguilla rostrata"", ""common_name"": ""American eel"", ""score"": 0.022083774209022522}]"
obs_337600645_photo_614526508_box2.jpg,obs_337600645_photo_614526508,/gpfs_common/share03/ftrscape/snair3/wew_notebooks/outputs_crop/obs_337600645_photo_614526508_box2.jpg,2,Anguilla anguilla,Strongylocentrotus purpuratus,FALSE,,European eel,0.022417344,3,"[{""species"": ""Petromyzon marinus"", ""common_name"": ""Sea lamprey"", ""score"": 0.033000264316797256}, {""species"": ""Lampetra fluviatilis"", ""common_name"": ""River lamprey"", ""score"": 0.031287673860788345}, {""species"": ""Anguilla anguilla"", ""common_name"": ""European eel"", ""score"": 0.0224173441529274}, {""species"": ""Zoarces americanus"", ""common_name"": ""Mother-of-eels"", ""score"": 0.022262755781412125}, {""species"": ""Anguilla rostrata"", ""common_name"": ""American eel"", ""score"": 0.022083774209022522}]"
obs_337600645_photo_614526508_box2.jpg,obs_337600645_photo_614526508,/gpfs_common/share03/ftrscape/snair3/wew_notebooks/outputs_crop/obs_337600645_photo_614526508_box2.jpg,2,Zoarces americanus,Strongylocentrotus purpuratus,FALSE,,Mother-of-eels,0.022262756,4,"[{""species"": ""Petromyzon marinus"", ""common_name"": ""Sea lamprey"", ""score"": 0.033000264316797256}, {""species"": ""Lampetra fluviatilis"", ""common_name"": ""River lamprey"", ""score"": 0.031287673860788345}, {""species"": ""Anguilla anguilla"", ""common_name"": ""European eel"", ""score"": 0.0224173441529274}, {""species"": ""Zoarces americanus"", ""common_name"": ""Mother-of-eels"", ""score"": 0.022262755781412125}, {""species"": ""Anguilla rostrata"", ""common_name"": ""American eel"", ""score"": 0.022083774209022522}]"
obs_337600645_photo_614526508_box2.jpg,obs_337600645_photo_614526508,/gpfs_common/share03/ftrscape/snair3/wew_notebooks/outputs_crop/obs_337600645_photo_614526508_box2.jpg,2,Anguilla rostrata,Strongylocentrotus purpuratus,FALSE,,American eel,0.022083774,5,"[{""species"": ""Petromyzon marinus"", ""common_name"": ""Sea lamprey"", ""score"": 0.033000264316797256}, {""species"": ""Lampetra fluviatilis"", ""common_name"": ""River lamprey"", ""score"": 0.031287673860788345}, {""species"": ""Anguilla anguilla"", ""common_name"": ""European eel"", ""score"": 0.0224173441529274}, {""species"": ""Zoarces americanus"", ""common_name"": ""Mother-of-eels"", ""score"": 0.022262755781412125}, {""species"": ""Anguilla rostrata"", ""common_name"": ""American eel"", ""score"": 0.022083774209022522}]"
obs_337600645_photo_614526508_box3.jpg,obs_337600645_photo_614526508,/gpfs_common/share03/ftrscape/snair3/wew_notebooks/outputs_crop/obs_337600645_photo_614526508_box3.jpg,3,Strongylocentrotus purpuratus,Strongylocentrotus purpuratus,TRUE,,Purple sea urchin,0.382532597,1,"[{""species"": ""Strongylocentrotus purpuratus"", ""common_name"": ""Purple sea urchin"", ""score"": 0.38253259658813477}, {""species"": ""Tetrapygus niger"", ""common_name"": """", ""score"": 0.20598964393138885}, {""species"": ""Paracentrotus lividus"", ""common_name"": ""Purple sea urchin"", ""score"": 0.07714613527059555}, {""species"": ""Echinometra vanbrunti"", ""common_name"": """", ""score"": 0.0445096530020237}, {""species"": ""Heliocidaris erythrogramma"", ""common_name"": """", ""score"": 0.02566506713628769}]"
obs_337600645_photo_614526508_box3.jpg,obs_337600645_photo_614526508,/gpfs_common/share03/ftrscape/snair3/wew_notebooks/outputs_crop/obs_337600645_photo_614526508_box3.jpg,3,Tetrapygus niger,Strongylocentrotus purpuratus,FALSE,,,0.205989644,2,"[{""species"": ""Strongylocentrotus purpuratus"", ""common_name"": ""Purple sea urchin"", ""score"": 0.38253259658813477}, {""species"": ""Tetrapygus niger"", ""common_name"": """", ""score"": 0.20598964393138885}, {""species"": ""Paracentrotus lividus"", ""common_name"": ""Purple sea urchin"", ""score"": 0.07714613527059555}, {""species"": ""Echinometra vanbrunti"", ""common_name"": """", ""score"": 0.0445096530020237}, {""species"": ""Heliocidaris erythrogramma"", ""common_name"": """", ""score"": 0.02566506713628769}]"
obs_337600645_photo_614526508_box3.jpg,obs_337600645_photo_614526508,/gpfs_common/share03/ftrscape/snair3/wew_notebooks/outputs_crop/obs_337600645_photo_614526508_box3.jpg,3,Paracentrotus lividus,Strongylocentrotus purpuratus,FALSE,,Purple sea urchin,0.077146135,3,"[{""species"": ""Strongylocentrotus purpuratus"", ""common_name"": ""Purple sea urchin"", ""score"": 0.38253259658813477}, {""species"": ""Tetrapygus niger"", ""common_name"": """", ""score"": 0.20598964393138885}, {""species"": ""Paracentrotus lividus"", ""common_name"": ""Purple sea urchin"", ""score"": 0.07714613527059555}, {""species"": ""Echinometra vanbrunti"", ""common_name"": """", ""score"": 0.0445096530020237}, {""species"": ""Heliocidaris erythrogramma"", ""common_name"": """", ""score"": 0.02566506713628769}]"
obs_337600645_photo_614526508_box3.jpg,obs_337600645_photo_614526508,/gpfs_common/share03/ftrscape/snair3/wew_notebooks/outputs_crop/obs_337600645_photo_614526508_box3.jpg,3,Echinometra vanbrunti,Strongylocentrotus purpuratus,FALSE,,,0.044509653,4,"[{""species"": ""Strongylocentrotus purpuratus"", ""common_name"": ""Purple sea urchin"", ""score"": 0.38253259658813477}, {""species"": ""Tetrapygus niger"", ""common_name"": """", ""score"": 0.20598964393138885}, {""species"": ""Paracentrotus lividus"", ""common_name"": ""Purple sea urchin"", ""score"": 0.07714613527059555}, {""species"": ""Echinometra vanbrunti"", ""common_name"": """", ""score"": 0.0445096530020237}, {""species"": ""Heliocidaris erythrogramma"", ""common_name"": """", ""score"": 0.02566506713628769}]"
obs_337600645_photo_614526508_box3.jpg,obs_337600645_photo_614526508,/gpfs_common/share03/ftrscape/snair3/wew_notebooks/outputs_crop/obs_337600645_photo_614526508_box3.jpg,3,Heliocidaris erythrogramma,Strongylocentrotus purpuratus,FALSE,,,0.025665067,5,"[{""species"": ""Strongylocentrotus purpuratus"", ""common_name"": ""Purple sea urchin"", ""score"": 0.38253259658813477}, {""species"": ""Tetrapygus niger"", ""common_name"": """", ""score"": 0.20598964393138885}, {""species"": ""Paracentrotus lividus"", ""common_name"": ""Purple sea urchin"", ""score"": 0.07714613527059555}, {""species"": ""Echinometra vanbrunti"", ""common_name"": """", ""score"": 0.0445096530020237}, {""species"": ""Heliocidaris erythrogramma"", ""common_name"": """", ""score"": 0.02566506713628769}]"
obs_337600645_photo_614526508_box4.jpg,obs_337600645_photo_614526508,/gpfs_common/share03/ftrscape/snair3/wew_notebooks/outputs_crop/obs_337600645_photo_614526508_box4.jpg,4,Strongylocentrotus purpuratus,Strongylocentrotus purpuratus,TRUE,,Purple sea urchin,0.580865681,1,"[{""species"": ""Strongylocentrotus purpuratus"", ""common_name"": ""Purple sea urchin"", ""score"": 0.5808656811714172}, {""species"": ""Tetrapygus niger"", ""common_name"": """", ""score"": 0.26172083616256714}, {""species"": ""Colobocentrotus atratus"", ""common_name"": """", ""score"": 0.028556300327181816}, {""species"": ""Mesocentrotus nudus"", ""common_name"": """", ""score"": 0.024811850860714912}, {""species"": ""Pseudocentrotus depressus"", ""common_name"": """", ""score"": 0.016303572803735733}]"
obs_337600645_photo_614526508_box4.jpg,obs_337600645_photo_614526508,/gpfs_common/share03/ftrscape/snair3/wew_notebooks/outputs_crop/obs_337600645_photo_614526508_box4.jpg,4,Tetrapygus niger,Strongylocentrotus purpuratus,FALSE,,,0.261720836,2,"[{""species"": ""Strongylocentrotus purpuratus"", ""common_name"": ""Purple sea urchin"", ""score"": 0.5808656811714172}, {""species"": ""Tetrapygus niger"", ""common_name"": """", ""score"": 0.26172083616256714}, {""species"": ""Colobocentrotus atratus"", ""common_name"": """", ""score"": 0.028556300327181816}, {""species"": ""Mesocentrotus nudus"", ""common_name"": """", ""score"": 0.024811850860714912}, {""species"": ""Pseudocentrotus depressus"", ""common_name"": """", ""score"": 0.016303572803735733}]"
obs_337600645_photo_614526508_box4.jpg,obs_337600645_photo_614526508,/gpfs_common/share03/ftrscape/snair3/wew_notebooks/outputs_crop/obs_337600645_photo_614526508_box4.jpg,4,Colobocentrotus atratus,Strongylocentrotus purpuratus,FALSE,,,0.0285563,3,"[{""species"": ""Strongylocentrotus purpuratus"", ""common_name"": ""Purple sea urchin"", ""score"": 0.5808656811714172}, {""species"": ""Tetrapygus niger"", ""common_name"": """", ""score"": 0.26172083616256714}, {""species"": ""Colobocentrotus atratus"", ""common_name"": """", ""score"": 0.028556300327181816}, {""species"": ""Mesocentrotus nudus"", ""common_name"": """", ""score"": 0.024811850860714912}, {""species"": ""Pseudocentrotus depressus"", ""common_name"": """", ""score"": 0.016303572803735733}]"
obs_337600645_photo_614526508_box4.jpg,obs_337600645_photo_614526508,/gpfs_common/share03/ftrscape/snair3/wew_notebooks/outputs_crop/obs_337600645_photo_614526508_box4.jpg,4,Mesocentrotus nudus,Strongylocentrotus purpuratus,FALSE,,,0.024811851,4,"[{""species"": ""Strongylocentrotus purpuratus"", ""common_name"": ""Purple sea urchin"", ""score"": 0.5808656811714172}, {""species"": ""Tetrapygus niger"", ""common_name"": """", ""score"": 0.26172083616256714}, {""species"": ""Colobocentrotus atratus"", ""common_name"": """", ""score"": 0.028556300327181816}, {""species"": ""Mesocentrotus nudus"", ""common_name"": """", ""score"": 0.024811850860714912}, {""species"": ""Pseudocentrotus depressus"", ""common_name"": """", ""score"": 0.016303572803735733}]"
obs_337600645_photo_614526508_box4.jpg,obs_337600645_photo_614526508,/gpfs_common/share03/ftrscape/snair3/wew_notebooks/outputs_crop/obs_337600645_photo_614526508_box4.jpg,4,Pseudocentrotus depressus,Strongylocentrotus purpuratus,FALSE,,,0.016303573,5,"[{""species"": ""Strongylocentrotus purpuratus"", ""common_name"": ""Purple sea urchin"", ""score"": 0.5808656811714172}, {""species"": ""Tetrapygus niger"", ""common_name"": """", ""score"": 0.26172083616256714}, {""species"": ""Colobocentrotus atratus"", ""common_name"": """", ""score"": 0.028556300327181816}, {""species"": ""Mesocentrotus nudus"", ""common_name"": """", ""score"": 0.024811850860714912}, {""species"": ""Pseudocentrotus depressus"", ""common_name"": """", ""score"": 0.016303572803735733}]"
obs_337600645_photo_614526508_box5.jpg,obs_337600645_photo_614526508,/gpfs_common/share03/ftrscape/snair3/wew_notebooks/outputs_crop/obs_337600645_photo_614526508_box5.jpg,5,Patagioenas maculosa,Strongylocentrotus purpuratus,FALSE,,Spot-winged pigeon,0.096461102,1,"[{""species"": ""Patagioenas maculosa"", ""common_name"": ""Spot-winged pigeon"", ""score"": 0.09646110236644745}, {""species"": ""Athene noctua"", ""common_name"": ""Little owl"", ""score"": 0.08354830741882324}, {""species"": ""Columba guinea"", ""common_name"": ""Speckled pigeon"", ""score"": 0.02373639866709709}, {""species"": ""Callocephalon fimbriatum"", ""common_name"": ""Gang-gang Cockatoo"", ""score"": 0.019667359068989754}, {""species"": ""Columbina passerina"", ""common_name"": ""Common ground-dove"", ""score"": 0.01788821816444397}]"
obs_337600645_photo_614526508_box5.jpg,obs_337600645_photo_614526508,/gpfs_common/share03/ftrscape/snair3/wew_notebooks/outputs_crop/obs_337600645_photo_614526508_box5.jpg,5,Athene noctua,Strongylocentrotus purpuratus,FALSE,,Little owl,0.083548307,2,"[{""species"": ""Patagioenas maculosa"", ""common_name"": ""Spot-winged pigeon"", ""score"": 0.09646110236644745}, {""species"": ""Athene noctua"", ""common_name"": ""Little owl"", ""score"": 0.08354830741882324}, {""species"": ""Columba guinea"", ""common_name"": ""Speckled pigeon"", ""score"": 0.02373639866709709}, {""species"": ""Callocephalon fimbriatum"", ""common_name"": ""Gang-gang Cockatoo"", ""score"": 0.019667359068989754}, {""species"": ""Columbina passerina"", ""common_name"": ""Common ground-dove"", ""score"": 0.01788821816444397}]"
obs_337600645_photo_614526508_box5.jpg,obs_337600645_photo_614526508,/gpfs_common/share03/ftrscape/snair3/wew_notebooks/outputs_crop/obs_337600645_photo_614526508_box5.jpg,5,Columba guinea,Strongylocentrotus purpuratus,FALSE,,Speckled pigeon,0.023736399,3,"[{""species"": ""Patagioenas maculosa"", ""common_name"": ""Spot-winged pigeon"", ""score"": 0.09646110236644745}, {""species"": ""Athene noctua"", ""common_name"": ""Little owl"", ""score"": 0.08354830741882324}, {""species"": ""Columba guinea"", ""common_name"": ""Speckled pigeon"", ""score"": 0.02373639866709709}, {""species"": ""Callocephalon fimbriatum"", ""common_name"": ""Gang-gang Cockatoo"", ""score"": 0.019667359068989754}, {""species"": ""Columbina passerina"", ""common_name"": ""Common ground-dove"", ""score"": 0.01788821816444397}]"
obs_337600645_photo_614526508_box5.jpg,obs_337600645_photo_614526508,/gpfs_common/share03/ftrscape/snair3/wew_notebooks/outputs_crop/obs_337600645_photo_614526508_box5.jpg,5,Callocephalon fimbriatum,Strongylocentrotus purpuratus,FALSE,,Gang-gang Cockatoo,0.019667359,4,"[{""species"": ""Patagioenas maculosa"", ""common_name"": ""Spot-winged pigeon"", ""score"": 0.09646110236644745}, {""species"": ""Athene noctua"", ""common_name"": ""Little owl"", ""score"": 0.08354830741882324}, {""species"": ""Columba guinea"", ""common_name"": ""Speckled pigeon"", ""score"": 0.02373639866709709}, {""species"": ""Callocephalon fimbriatum"", ""common_name"": ""Gang-gang Cockatoo"", ""score"": 0.019667359068989754}, {""species"": ""Columbina passerina"", ""common_name"": ""Common ground-dove"", ""score"": 0.01788821816444397}]"
obs_337600645_photo_614526508_box5.jpg,obs_337600645_photo_614526508,/gpfs_common/share03/ftrscape/snair3/wew_notebooks/outputs_crop/obs_337600645_photo_614526508_box5.jpg,5,Columbina passerina,Strongylocentrotus purpuratus,FALSE,,Common ground-dove,0.017888218,5,"[{""species"": ""Patagioenas maculosa"", ""common_name"": ""Spot-winged pigeon"", ""score"": 0.09646110236644745}, {""species"": ""Athene noctua"", ""common_name"": ""Little owl"", ""score"": 0.08354830741882324}, {""species"": ""Columba guinea"", ""common_name"": ""Speckled pigeon"", ""score"": 0.02373639866709709}, {""species"": ""Callocephalon fimbriatum"", ""common_name"": ""Gang-gang Cockatoo"", ""score"": 0.019667359068989754}, {""species"": ""Columbina passerina"", ""common_name"": ""Common ground-dove"", ""score"": 0.01788821816444397}]"
obs_337606242_photo_613762919_box1.jpg,obs_337606242_photo_613762919,/gpfs_common/share03/ftrscape/snair3/wew_notebooks/outputs_crop/obs_337606242_photo_613762919_box1.jpg,1,Persicaria virginiana,Puccinia polygoni-amphibii,FALSE,Tiny part of the image. Fungus,Jumpseed,0.486983716,1,"[{""species"": ""Persicaria virginiana"", ""common_name"": ""Jumpseed"", ""score"": 0.4869837164878845}, {""species"": ""Persicaria filiformis"", ""common_name"": ""Jumpseed"", ""score"": 0.07879684120416641}, {""species"": ""Coleosporium elephantopodis"", ""common_name"": """", ""score"": 0.016608329489827156}, {""species"": ""Pucciniastrum circaeae"", ""common_name"": """", ""score"": 0.013481476344168186}, {""species"": ""Elsinoe corni"", ""common_name"": """", ""score"": 0.008947635069489479}]"
obs_337606242_photo_613762919_box1.jpg,obs_337606242_photo_613762919,/gpfs_common/share03/ftrscape/snair3/wew_notebooks/outputs_crop/obs_337606242_photo_613762919_box1.jpg,1,Persicaria filiformis,Puccinia polygoni-amphibii,FALSE,Tiny part of the image. Fungus,Jumpseed,0.078796841,2,"[{""species"": ""Persicaria virginiana"", ""common_name"": ""Jumpseed"", ""score"": 0.4869837164878845}, {""species"": ""Persicaria filiformis"", ""common_name"": ""Jumpseed"", ""score"": 0.07879684120416641}, {""species"": ""Coleosporium elephantopodis"", ""common_name"": """", ""score"": 0.016608329489827156}, {""species"": ""Pucciniastrum circaeae"", ""common_name"": """", ""score"": 0.013481476344168186}, {""species"": ""Elsinoe corni"", ""common_name"": """", ""score"": 0.008947635069489479}]"
obs_337606242_photo_613762919_box1.jpg,obs_337606242_photo_613762919,/gpfs_common/share03/ftrscape/snair3/wew_notebooks/outputs_crop/obs_337606242_photo_613762919_box1.jpg,1,Coleosporium elephantopodis,Puccinia polygoni-amphibii,FALSE,Tiny part of the image. Fungus,,0.016608329,3,"[{""species"": ""Persicaria virginiana"", ""common_name"": ""Jumpseed"", ""score"": 0.4869837164878845}, {""species"": ""Persicaria filiformis"", ""common_name"": ""Jumpseed"", ""score"": 0.07879684120416641}, {""species"": ""Coleosporium elephantopodis"", ""common_name"": """", ""score"": 0.016608329489827156}, {""species"": ""Pucciniastrum circaeae"", ""common_name"": """", ""score"": 0.013481476344168186}, {""species"": ""Elsinoe corni"", ""common_name"": """", ""score"": 0.008947635069489479}]"
obs_337606242_photo_613762919_box1.jpg,obs_337606242_photo_613762919,/gpfs_common/share03/ftrscape/snair3/wew_notebooks/outputs_crop/obs_337606242_photo_613762919_box1.jpg,1,Pucciniastrum circaeae,Puccinia polygoni-amphibii,FALSE,Tiny part of the image. Fungus,,0.013481476,4,"[{""species"": ""Persicaria virginiana"", ""common_name"": ""Jumpseed"", ""score"": 0.4869837164878845}, {""species"": ""Persicaria filiformis"", ""common_name"": ""Jumpseed"", ""score"": 0.07879684120416641}, {""species"": ""Coleosporium elephantopodis"", ""common_name"": """", ""score"": 0.016608329489827156}, {""species"": ""Pucciniastrum circaeae"", ""common_name"": """", ""score"": 0.013481476344168186}, {""species"": ""Elsinoe corni"", ""common_name"": """", ""score"": 0.008947635069489479}]"
obs_337606242_photo_613762919_box1.jpg,obs_337606242_photo_613762919,/gpfs_common/share03/ftrscape/snair3/wew_notebooks/outputs_crop/obs_337606242_photo_613762919_box1.jpg,1,Elsinoe corni,Puccinia polygoni-amphibii,FALSE,Tiny part of the image. Fungus,,0.008947635,5,"[{""species"": ""Persicaria virginiana"", ""common_name"": ""Jumpseed"", ""score"": 0.4869837164878845}, {""species"": ""Persicaria filiformis"", ""common_name"": ""Jumpseed"", ""score"": 0.07879684120416641}, {""species"": ""Coleosporium elephantopodis"", ""common_name"": """", ""score"": 0.016608329489827156}, {""species"": ""Pucciniastrum circaeae"", ""common_name"": """", ""score"": 0.013481476344168186}, {""species"": ""Elsinoe corni"", ""common_name"": """", ""score"": 0.008947635069489479}]"
obs_337606242_photo_613762919_box2.jpg,obs_337606242_photo_613762919,/gpfs_common/share03/ftrscape/snair3/wew_notebooks/outputs_crop/obs_337606242_photo_613762919_box2.jpg,2,Persicaria virginiana,Puccinia polygoni-amphibii,FALSE,Tiny part of the image. Fungus,Jumpseed,0.450725883,1,"[{""species"": ""Persicaria virginiana"", ""common_name"": ""Jumpseed"", ""score"": 0.45072588324546814}, {""species"": ""Persicaria filiformis"", ""common_name"": ""Jumpseed"", ""score"": 0.06774742156267166}, {""species"": ""Coleosporium elephantopodis"", ""common_name"": """", ""score"": 0.013988045044243336}, {""species"": ""Elsinoe corni"", ""common_name"": """", ""score"": 0.011289557442069054}, {""species"": ""Pucciniastrum circaeae"", ""common_name"": """", ""score"": 0.00874094944447279}]"
obs_337606242_photo_613762919_box2.jpg,obs_337606242_photo_613762919,/gpfs_common/share03/ftrscape/snair3/wew_notebooks/outputs_crop/obs_337606242_photo_613762919_box2.jpg,2,Persicaria filiformis,Puccinia polygoni-amphibii,FALSE,Tiny part of the image. Fungus,Jumpseed,0.067747422,2,"[{""species"": ""Persicaria virginiana"", ""common_name"": ""Jumpseed"", ""score"": 0.45072588324546814}, {""species"": ""Persicaria filiformis"", ""common_name"": ""Jumpseed"", ""score"": 0.06774742156267166}, {""species"": ""Coleosporium elephantopodis"", ""common_name"": """", ""score"": 0.013988045044243336}, {""species"": ""Elsinoe corni"", ""common_name"": """", ""score"": 0.011289557442069054}, {""species"": ""Pucciniastrum circaeae"", ""common_name"": """", ""score"": 0.00874094944447279}]"
obs_337606242_photo_613762919_box2.jpg,obs_337606242_photo_613762919,/gpfs_common/share03/ftrscape/snair3/wew_notebooks/outputs_crop/obs_337606242_photo_613762919_box2.jpg,2,Coleosporium elephantopodis,Puccinia polygoni-amphibii,FALSE,Tiny part of the image. Fungus,,0.013988045,3,"[{""species"": ""Persicaria virginiana"", ""common_name"": ""Jumpseed"", ""score"": 0.45072588324546814}, {""species"": ""Persicaria filiformis"", ""common_name"": ""Jumpseed"", ""score"": 0.06774742156267166}, {""species"": ""Coleosporium elephantopodis"", ""common_name"": """", ""score"": 0.013988045044243336}, {""species"": ""Elsinoe corni"", ""common_name"": """", ""score"": 0.011289557442069054}, {""species"": ""Pucciniastrum circaeae"", ""common_name"": """", ""score"": 0.00874094944447279}]"
obs_337606242_photo_613762919_box2.jpg,obs_337606242_photo_613762919,/gpfs_common/share03/ftrscape/snair3/wew_notebooks/outputs_crop/obs_337606242_photo_613762919_box2.jpg,2,Elsinoe corni,Puccinia polygoni-amphibii,FALSE,Tiny part of the image. Fungus,,0.011289557,4,"[{""species"": ""Persicaria virginiana"", ""common_name"": ""Jumpseed"", ""score"": 0.45072588324546814}, {""species"": ""Persicaria filiformis"", ""common_name"": ""Jumpseed"", ""score"": 0.06774742156267166}, {""species"": ""Coleosporium elephantopodis"", ""common_name"": """", ""score"": 0.013988045044243336}, {""species"": ""Elsinoe corni"", ""common_name"": """", ""score"": 0.011289557442069054}, {""species"": ""Pucciniastrum circaeae"", ""common_name"": """", ""score"": 0.00874094944447279}]"
obs_337606242_photo_613762919_box2.jpg,obs_337606242_photo_613762919,/gpfs_common/share03/ftrscape/snair3/wew_notebooks/outputs_crop/obs_337606242_photo_613762919_box2.jpg,2,Pucciniastrum circaeae,Puccinia polygoni-amphibii,FALSE,Tiny part of the image. Fungus,,0.008740949,5,"[{""species"": ""Persicaria virginiana"", ""common_name"": ""Jumpseed"", ""score"": 0.45072588324546814}, {""species"": ""Persicaria filiformis"", ""common_name"": ""Jumpseed"", ""score"": 0.06774742156267166}, {""species"": ""Coleosporium elephantopodis"", ""common_name"": """", ""score"": 0.013988045044243336}, {""species"": ""Elsinoe corni"", ""common_name"": """", ""score"": 0.011289557442069054}, {""species"": ""Pucciniastrum circaeae"", ""common_name"": """", ""score"": 0.00874094944447279}]"
obs_337610708_photo_613769550_box1.jpg,obs_337610708_photo_613769550,/gpfs_common/share03/ftrscape/snair3/wew_notebooks/outputs_crop/obs_337610708_photo_613769550_box1.jpg,1,Erysiphe magnifica,Golovinomyces bolayi,FALSE,The prey features but not be very clear. Tiny part of the image. ,,0.160093188,1,"[{""species"": ""Erysiphe magnifica"", ""common_name"": """", ""score"": 0.16009318828582764}, {""species"": ""Erysiphe liriodendri"", ""common_name"": """", ""score"": 0.04865126684308052}, {""species"": ""Erysiphe clintonii"", ""common_name"": """", ""score"": 0.04737909510731697}, {""species"": ""Erysiphe viburni"", ""common_name"": ""olvonmjöldagg"", ""score"": 0.029433613643050194}, {""species"": ""Phyllactinia liriodendri"", ""common_name"": """", ""score"": 0.02925652079284191}]"
obs_337610708_photo_613769550_box1.jpg,obs_337610708_photo_613769550,/gpfs_common/share03/ftrscape/snair3/wew_notebooks/outputs_crop/obs_337610708_photo_613769550_box1.jpg,1,Erysiphe liriodendri,Golovinomyces bolayi,FALSE,The prey features but not be very clear. Tiny part of the image. ,,0.048651267,2,"[{""species"": ""Erysiphe magnifica"", ""common_name"": """", ""score"": 0.16009318828582764}, {""species"": ""Erysiphe liriodendri"", ""common_name"": """", ""score"": 0.04865126684308052}, {""species"": ""Erysiphe clintonii"", ""common_name"": """", ""score"": 0.04737909510731697}, {""species"": ""Erysiphe viburni"", ""common_name"": ""olvonmjöldagg"", ""score"": 0.029433613643050194}, {""species"": ""Phyllactinia liriodendri"", ""common_name"": """", ""score"": 0.02925652079284191}]"
obs_337610708_photo_613769550_box1.jpg,obs_337610708_photo_613769550,/gpfs_common/share03/ftrscape/snair3/wew_notebooks/outputs_crop/obs_337610708_photo_613769550_box1.jpg,1,Erysiphe clintonii,Golovinomyces bolayi,FALSE,The prey features but not be very clear. Tiny part of the image. ,,0.047379095,3,"[{""species"": ""Erysiphe magnifica"", ""common_name"": """", ""score"": 0.16009318828582764}, {""species"": ""Erysiphe liriodendri"", ""common_name"": """", ""score"": 0.04865126684308052}, {""species"": ""Erysiphe clintonii"", ""common_name"": """", ""score"": 0.04737909510731697}, {""species"": ""Erysiphe viburni"", ""common_name"": ""olvonmjöldagg"", ""score"": 0.029433613643050194}, {""species"": ""Phyllactinia liriodendri"", ""common_name"": """", ""score"": 0.02925652079284191}]"
obs_337610708_photo_613769550_box1.jpg,obs_337610708_photo_613769550,/gpfs_common/share03/ftrscape/snair3/wew_notebooks/outputs_crop/obs_337610708_photo_613769550_box1.jpg,1,Erysiphe viburni,Golovinomyces bolayi,FALSE,The prey features but not be very clear. Tiny part of the image. ,olvonmjöldagg,0.029433614,4,"[{""species"": ""Erysiphe magnifica"", ""common_name"": """", ""score"": 0.16009318828582764}, {""species"": ""Erysiphe liriodendri"", ""common_name"": """", ""score"": 0.04865126684308052}, {""species"": ""Erysiphe clintonii"", ""common_name"": """", ""score"": 0.04737909510731697}, {""species"": ""Erysiphe viburni"", ""common_name"": ""olvonmjöldagg"", ""score"": 0.029433613643050194}, {""species"": ""Phyllactinia liriodendri"", ""common_name"": """", ""score"": 0.02925652079284191}]"
obs_337610708_photo_613769550_box1.jpg,obs_337610708_photo_613769550,/gpfs_common/share03/ftrscape/snair3/wew_notebooks/outputs_crop/obs_337610708_photo_613769550_box1.jpg,1,Phyllactinia liriodendri,Golovinomyces bolayi,FALSE,The prey features but not be very clear. Tiny part of the image. ,,0.029256521,5,"[{""species"": ""Erysiphe magnifica"", ""common_name"": """", ""score"": 0.16009318828582764}, {""species"": ""Erysiphe liriodendri"", ""common_name"": """", ""score"": 0.04865126684308052}, {""species"": ""Erysiphe clintonii"", ""common_name"": """", ""score"": 0.04737909510731697}, {""species"": ""Erysiphe viburni"", ""common_name"": ""olvonmjöldagg"", ""score"": 0.029433613643050194}, {""species"": ""Phyllactinia liriodendri"", ""common_name"": """", ""score"": 0.02925652079284191}]"
obs_337610708_photo_613769550_box2.jpg,obs_337610708_photo_613769550,/gpfs_common/share03/ftrscape/snair3/wew_notebooks/outputs_crop/obs_337610708_photo_613769550_box2.jpg,2,Ramularia prenanthis,Golovinomyces bolayi,FALSE,The prey features but not be very clear. Tiny part of the image. ,,0.035260029,1,"[{""species"": ""Ramularia prenanthis"", ""common_name"": """", ""score"": 0.03526002913713455}, {""species"": ""Ramularia lactucae"", ""common_name"": """", ""score"": 0.0329749658703804}, {""species"": ""Golovinomyces sonchicola"", ""common_name"": """", ""score"": 0.022768713533878326}, {""species"": ""Podosphaera erigerontis-canadensis"", ""common_name"": """", ""score"": 0.013313641771674156}, {""species"": ""Neoerysiphe kerribeeensis"", ""common_name"": """", ""score"": 0.012917812913656235}]"
obs_337610708_photo_613769550_box2.jpg,obs_337610708_photo_613769550,/gpfs_common/share03/ftrscape/snair3/wew_notebooks/outputs_crop/obs_337610708_photo_613769550_box2.jpg,2,Ramularia lactucae,Golovinomyces bolayi,FALSE,The prey features but not be very clear. Tiny part of the image. ,,0.032974966,2,"[{""species"": ""Ramularia prenanthis"", ""common_name"": """", ""score"": 0.03526002913713455}, {""species"": ""Ramularia lactucae"", ""common_name"": """", ""score"": 0.0329749658703804}, {""species"": ""Golovinomyces sonchicola"", ""common_name"": """", ""score"": 0.022768713533878326}, {""species"": ""Podosphaera erigerontis-canadensis"", ""common_name"": """", ""score"": 0.013313641771674156}, {""species"": ""Neoerysiphe kerribeeensis"", ""common_name"": """", ""score"": 0.012917812913656235}]"
obs_337610708_photo_613769550_box2.jpg,obs_337610708_photo_613769550,/gpfs_common/share03/ftrscape/snair3/wew_notebooks/outputs_crop/obs_337610708_photo_613769550_box2.jpg,2,Golovinomyces sonchicola,Golovinomyces bolayi,FALSE,Same taxon genus but wrong species level,,0.022768714,3,"[{""species"": ""Ramularia prenanthis"", ""common_name"": """", ""score"": 0.03526002913713455}, {""species"": ""Ramularia lactucae"", ""common_name"": """", ""score"": 0.0329749658703804}, {""species"": ""Golovinomyces sonchicola"", ""common_name"": """", ""score"": 0.022768713533878326}, {""species"": ""Podosphaera erigerontis-canadensis"", ""common_name"": """", ""score"": 0.013313641771674156}, {""species"": ""Neoerysiphe kerribeeensis"", ""common_name"": """", ""score"": 0.012917812913656235}]"
obs_337610708_photo_613769550_box2.jpg,obs_337610708_photo_613769550,/gpfs_common/share03/ftrscape/snair3/wew_notebooks/outputs_crop/obs_337610708_photo_613769550_box2.jpg,2,Podosphaera erigerontis-canadensis,Golovinomyces bolayi,FALSE,The prey features but not be very clear. Tiny part of the image. ,,0.013313642,4,"[{""species"": ""Ramularia prenanthis"", ""common_name"": """", ""score"": 0.03526002913713455}, {""species"": ""Ramularia lactucae"", ""common_name"": """", ""score"": 0.0329749658703804}, {""species"": ""Golovinomyces sonchicola"", ""common_name"": """", ""score"": 0.022768713533878326}, {""species"": ""Podosphaera erigerontis-canadensis"", ""common_name"": """", ""score"": 0.013313641771674156}, {""species"": ""Neoerysiphe kerribeeensis"", ""common_name"": """", ""score"": 0.012917812913656235}]"
obs_337610708_photo_613769550_box2.jpg,obs_337610708_photo_613769550,/gpfs_common/share03/ftrscape/snair3/wew_notebooks/outputs_crop/obs_337610708_photo_613769550_box2.jpg,2,Neoerysiphe kerribeeensis,Golovinomyces bolayi,FALSE,The prey features but not be very clear. Tiny part of the image. ,,0.012917813,5,"[{""species"": ""Ramularia prenanthis"", ""common_name"": """", ""score"": 0.03526002913713455}, {""species"": ""Ramularia lactucae"", ""common_name"": """", ""score"": 0.0329749658703804}, {""species"": ""Golovinomyces sonchicola"", ""common_name"": """", ""score"": 0.022768713533878326}, {""species"": ""Podosphaera erigerontis-canadensis"", ""common_name"": """", ""score"": 0.013313641771674156}, {""species"": ""Neoerysiphe kerribeeensis"", ""common_name"": """", ""score"": 0.012917812913656235}]"
obs_337610708_photo_613769550_box3.jpg,obs_337610708_photo_613769550,/gpfs_common/share03/ftrscape/snair3/wew_notebooks/outputs_crop/obs_337610708_photo_613769550_box3.jpg,3,Senecio matatini,Golovinomyces bolayi,FALSE,The prey features but not be very clear. Tiny part of the image. ,,0.060364053,1,"[{""species"": ""Senecio matatini"", ""common_name"": """", ""score"": 0.06036405265331268}, {""species"": ""Rorippa divaricata"", ""common_name"": """", ""score"": 0.02984318509697914}, {""species"": ""Podosphaera ferruginea"", ""common_name"": """", ""score"": 0.027457404881715775}, {""species"": ""Senecio agapetes"", ""common_name"": """", ""score"": 0.025123771280050278}, {""species"": ""Phytomyza deirdreae"", ""common_name"": """", ""score"": 0.023994678631424904}]"
obs_337610708_photo_613769550_box3.jpg,obs_337610708_photo_613769550,/gpfs_common/share03/ftrscape/snair3/wew_notebooks/outputs_crop/obs_337610708_photo_613769550_box3.jpg,3,Rorippa divaricata,Golovinomyces bolayi,FALSE,The prey features but not be very clear. Tiny part of the image. ,,0.029843185,2,"[{""species"": ""Senecio matatini"", ""common_name"": """", ""score"": 0.06036405265331268}, {""species"": ""Rorippa divaricata"", ""common_name"": """", ""score"": 0.02984318509697914}, {""species"": ""Podosphaera ferruginea"", ""common_name"": """", ""score"": 0.027457404881715775}, {""species"": ""Senecio agapetes"", ""common_name"": """", ""score"": 0.025123771280050278}, {""species"": ""Phytomyza deirdreae"", ""common_name"": """", ""score"": 0.023994678631424904}]"
obs_337610708_photo_613769550_box3.jpg,obs_337610708_photo_613769550,/gpfs_common/share03/ftrscape/snair3/wew_notebooks/outputs_crop/obs_337610708_photo_613769550_box3.jpg,3,Podosphaera ferruginea,Golovinomyces bolayi,FALSE,The prey features but not be very clear. Tiny part of the image. ,,0.027457405,3,"[{""species"": ""Senecio matatini"", ""common_name"": """", ""score"": 0.06036405265331268}, {""species"": ""Rorippa divaricata"", ""common_name"": """", ""score"": 0.02984318509697914}, {""species"": ""Podosphaera ferruginea"", ""common_name"": """", ""score"": 0.027457404881715775}, {""species"": ""Senecio agapetes"", ""common_name"": """", ""score"": 0.025123771280050278}, {""species"": ""Phytomyza deirdreae"", ""common_name"": """", ""score"": 0.023994678631424904}]"
obs_337610708_photo_613769550_box3.jpg,obs_337610708_photo_613769550,/gpfs_common/share03/ftrscape/snair3/wew_notebooks/outputs_crop/obs_337610708_photo_613769550_box3.jpg,3,Senecio agapetes,Golovinomyces bolayi,FALSE,The prey features but not be very clear. Tiny part of the image. ,,0.025123771,4,"[{""species"": ""Senecio matatini"", ""common_name"": """", ""score"": 0.06036405265331268}, {""species"": ""Rorippa divaricata"", ""common_name"": """", ""score"": 0.02984318509697914}, {""species"": ""Podosphaera ferruginea"", ""common_name"": """", ""score"": 0.027457404881715775}, {""species"": ""Senecio agapetes"", ""common_name"": """", ""score"": 0.025123771280050278}, {""species"": ""Phytomyza deirdreae"", ""common_name"": """", ""score"": 0.023994678631424904}]"
obs_337610708_photo_613769550_box3.jpg,obs_337610708_photo_613769550,/gpfs_common/share03/ftrscape/snair3/wew_notebooks/outputs_crop/obs_337610708_photo_613769550_box3.jpg,3,Phytomyza deirdreae,Golovinomyces bolayi,FALSE,The prey features but not be very clear. Tiny part of the image. ,,0.023994679,5,"[{""species"": ""Senecio matatini"", ""common_name"": """", ""score"": 0.06036405265331268}, {""species"": ""Rorippa divaricata"", ""common_name"": """", ""score"": 0.02984318509697914}, {""species"": ""Podosphaera ferruginea"", ""common_name"": """", ""score"": 0.027457404881715775}, {""species"": ""Senecio agapetes"", ""common_name"": """", ""score"": 0.025123771280050278}, {""species"": ""Phytomyza deirdreae"", ""common_name"": """", ""score"": 0.023994678631424904}]"
obs_337610708_photo_613769550_box4.jpg,obs_337610708_photo_613769550,/gpfs_common/share03/ftrscape/snair3/wew_notebooks/outputs_crop/obs_337610708_photo_613769550_box4.jpg,4,Erysiphe liriodendri,Golovinomyces bolayi,FALSE,The prey features but not be very clear. Tiny part of the image. ,,0.097446665,1,"[{""species"": ""Erysiphe liriodendri"", ""common_name"": """", ""score"": 0.09744666516780853}, {""species"": ""Erysiphe magnifica"", ""common_name"": """", ""score"": 0.07095760852098465}, {""species"": ""Sawadaea koelreuteriae"", ""common_name"": """", ""score"": 0.057552728801965714}, {""species"": ""Erysiphe clintonii"", ""common_name"": """", ""score"": 0.04523158818483353}, {""species"": ""Erysiphe platani"", ""common_name"": """", ""score"": 0.03499762713909149}]"
obs_337610708_photo_613769550_box4.jpg,obs_337610708_photo_613769550,/gpfs_common/share03/ftrscape/snair3/wew_notebooks/outputs_crop/obs_337610708_photo_613769550_box4.jpg,4,Erysiphe magnifica,Golovinomyces bolayi,FALSE,The prey features but not be very clear. Tiny part of the image. ,,0.070957609,2,"[{""species"": ""Erysiphe liriodendri"", ""common_name"": """", ""score"": 0.09744666516780853}, {""species"": ""Erysiphe magnifica"", ""common_name"": """", ""score"": 0.07095760852098465}, {""species"": ""Sawadaea koelreuteriae"", ""common_name"": """", ""score"": 0.057552728801965714}, {""species"": ""Erysiphe clintonii"", ""common_name"": """", ""score"": 0.04523158818483353}, {""species"": ""Erysiphe platani"", ""common_name"": """", ""score"": 0.03499762713909149}]"
obs_337610708_photo_613769550_box4.jpg,obs_337610708_photo_613769550,/gpfs_common/share03/ftrscape/snair3/wew_notebooks/outputs_crop/obs_337610708_photo_613769550_box4.jpg,4,Sawadaea koelreuteriae,Golovinomyces bolayi,FALSE,The prey features but not be very clear. Tiny part of the image. ,,0.057552729,3,"[{""species"": ""Erysiphe liriodendri"", ""common_name"": """", ""score"": 0.09744666516780853}, {""species"": ""Erysiphe magnifica"", ""common_name"": """", ""score"": 0.07095760852098465}, {""species"": ""Sawadaea koelreuteriae"", ""common_name"": """", ""score"": 0.057552728801965714}, {""species"": ""Erysiphe clintonii"", ""common_name"": """", ""score"": 0.04523158818483353}, {""species"": ""Erysiphe platani"", ""common_name"": """", ""score"": 0.03499762713909149}]"
obs_337610708_photo_613769550_box4.jpg,obs_337610708_photo_613769550,/gpfs_common/share03/ftrscape/snair3/wew_notebooks/outputs_crop/obs_337610708_photo_613769550_box4.jpg,4,Erysiphe clintonii,Golovinomyces bolayi,FALSE,The prey features but not be very clear. Tiny part of the image. ,,0.045231588,4,"[{""species"": ""Erysiphe liriodendri"", ""common_name"": """", ""score"": 0.09744666516780853}, {""species"": ""Erysiphe magnifica"", ""common_name"": """", ""score"": 0.07095760852098465}, {""species"": ""Sawadaea koelreuteriae"", ""common_name"": """", ""score"": 0.057552728801965714}, {""species"": ""Erysiphe clintonii"", ""common_name"": """", ""score"": 0.04523158818483353}, {""species"": ""Erysiphe platani"", ""common_name"": """", ""score"": 0.03499762713909149}]"
obs_337610708_photo_613769550_box4.jpg,obs_337610708_photo_613769550,/gpfs_common/share03/ftrscape/snair3/wew_notebooks/outputs_crop/obs_337610708_photo_613769550_box4.jpg,4,Erysiphe platani,Golovinomyces bolayi,FALSE,The prey features but not be very clear. Tiny part of the image. ,,0.034997627,5,"[{""species"": ""Erysiphe liriodendri"", ""common_name"": """", ""score"": 0.09744666516780853}, {""species"": ""Erysiphe magnifica"", ""common_name"": """", ""score"": 0.07095760852098465}, {""species"": ""Sawadaea koelreuteriae"", ""common_name"": """", ""score"": 0.057552728801965714}, {""species"": ""Erysiphe clintonii"", ""common_name"": """", ""score"": 0.04523158818483353}, {""species"": ""Erysiphe platani"", ""common_name"": """", ""score"": 0.03499762713909149}]"
obs_337610708_photo_613769550_box5.jpg,obs_337610708_photo_613769550,/gpfs_common/share03/ftrscape/snair3/wew_notebooks/outputs_crop/obs_337610708_photo_613769550_box5.jpg,5,Erysiphe magnifica,Golovinomyces bolayi,FALSE,The prey features but not be very clear. Tiny part of the image. ,,0.061550889,1,"[{""species"": ""Erysiphe magnifica"", ""common_name"": """", ""score"": 0.061550889164209366}, {""species"": ""Erysiphe pseudoregularis"", ""common_name"": """", ""score"": 0.06064287945628166}, {""species"": ""Erysiphe clintonii"", ""common_name"": """", ""score"": 0.04964579641819}, {""species"": ""Podosphaera balsaminae"", ""common_name"": """", ""score"": 0.03867421671748161}, {""species"": ""Podosphaera amelanchieris"", ""common_name"": """", ""score"": 0.037420328706502914}]"
obs_337610708_photo_613769550_box5.jpg,obs_337610708_photo_613769550,/gpfs_common/share03/ftrscape/snair3/wew_notebooks/outputs_crop/obs_337610708_photo_613769550_box5.jpg,5,Erysiphe pseudoregularis,Golovinomyces bolayi,FALSE,The prey features but not be very clear. Tiny part of the image. ,,0.060642879,2,"[{""species"": ""Erysiphe magnifica"", ""common_name"": """", ""score"": 0.061550889164209366}, {""species"": ""Erysiphe pseudoregularis"", ""common_name"": """", ""score"": 0.06064287945628166}, {""species"": ""Erysiphe clintonii"", ""common_name"": """", ""score"": 0.04964579641819}, {""species"": ""Podosphaera balsaminae"", ""common_name"": """", ""score"": 0.03867421671748161}, {""species"": ""Podosphaera amelanchieris"", ""common_name"": """", ""score"": 0.037420328706502914}]"
obs_337610708_photo_613769550_box5.jpg,obs_337610708_photo_613769550,/gpfs_common/share03/ftrscape/snair3/wew_notebooks/outputs_crop/obs_337610708_photo_613769550_box5.jpg,5,Erysiphe clintonii,Golovinomyces bolayi,FALSE,The prey features but not be very clear. Tiny part of the image. ,,0.049645796,3,"[{""species"": ""Erysiphe magnifica"", ""common_name"": """", ""score"": 0.061550889164209366}, {""species"": ""Erysiphe pseudoregularis"", ""common_name"": """", ""score"": 0.06064287945628166}, {""species"": ""Erysiphe clintonii"", ""common_name"": """", ""score"": 0.04964579641819}, {""species"": ""Podosphaera balsaminae"", ""common_name"": """", ""score"": 0.03867421671748161}, {""species"": ""Podosphaera amelanchieris"", ""common_name"": """", ""score"": 0.037420328706502914}]"
obs_337610708_photo_613769550_box5.jpg,obs_337610708_photo_613769550,/gpfs_common/share03/ftrscape/snair3/wew_notebooks/outputs_crop/obs_337610708_photo_613769550_box5.jpg,5,Podosphaera balsaminae,Golovinomyces bolayi,FALSE,The prey features but not be very clear. Tiny part of the image. ,,0.038674217,4,"[{""species"": ""Erysiphe magnifica"", ""common_name"": """", ""score"": 0.061550889164209366}, {""species"": ""Erysiphe pseudoregularis"", ""common_name"": """", ""score"": 0.06064287945628166}, {""species"": ""Erysiphe clintonii"", ""common_name"": """", ""score"": 0.04964579641819}, {""species"": ""Podosphaera balsaminae"", ""common_name"": """", ""score"": 0.03867421671748161}, {""species"": ""Podosphaera amelanchieris"", ""common_name"": """", ""score"": 0.037420328706502914}]"
obs_337610708_photo_613769550_box5.jpg,obs_337610708_photo_613769550,/gpfs_common/share03/ftrscape/snair3/wew_notebooks/outputs_crop/obs_337610708_photo_613769550_box5.jpg,5,Podosphaera amelanchieris,Golovinomyces bolayi,FALSE,The prey features but not be very clear. Tiny part of the image. ,,0.037420329,5,"[{""species"": ""Erysiphe magnifica"", ""common_name"": """", ""score"": 0.061550889164209366}, {""species"": ""Erysiphe pseudoregularis"", ""common_name"": """", ""score"": 0.06064287945628166}, {""species"": ""Erysiphe clintonii"", ""common_name"": """", ""score"": 0.04964579641819}, {""species"": ""Podosphaera balsaminae"", ""common_name"": """", ""score"": 0.03867421671748161}, {""species"": ""Podosphaera amelanchieris"", ""common_name"": """", ""score"": 0.037420328706502914}]"
obs_337610714_photo_613769638_box1.jpg,obs_337610714_photo_613769638,/gpfs_common/share03/ftrscape/snair3/wew_notebooks/outputs_crop/obs_337610714_photo_613769638_box1.jpg,1,Celtis occidentalis,Erysiphe parvula,FALSE,Tiny part of the image. Fungus,hackberry,0.559614897,1,"[{""species"": ""Celtis occidentalis"", ""common_name"": ""hackberry"", ""score"": 0.559614896774292}, {""species"": ""Celtis tenuifolia"", ""common_name"": ""hackberry"", ""score"": 0.19751030206680298}, {""species"": ""Pachypsylla celtidisvesicula"", ""common_name"": ""Hackberry blister gall psyllid"", ""score"": 0.05055677145719528}, {""species"": ""Celticecis celtiphyllia"", ""common_name"": """", ""score"": 0.017781520262360573}, {""species"": ""Celtis lindheimeri"", ""common_name"": ""Lindheimer hackberry"", ""score"": 0.017326200380921364}]"
obs_337610714_photo_613769638_box1.jpg,obs_337610714_photo_613769638,/gpfs_common/share03/ftrscape/snair3/wew_notebooks/outputs_crop/obs_337610714_photo_613769638_box1.jpg,1,Celtis tenuifolia,Erysiphe parvula,FALSE,Tiny part of the image. Fungus,hackberry,0.197510302,2,"[{""species"": ""Celtis occidentalis"", ""common_name"": ""hackberry"", ""score"": 0.559614896774292}, {""species"": ""Celtis tenuifolia"", ""common_name"": ""hackberry"", ""score"": 0.19751030206680298}, {""species"": ""Pachypsylla celtidisvesicula"", ""common_name"": ""Hackberry blister gall psyllid"", ""score"": 0.05055677145719528}, {""species"": ""Celticecis celtiphyllia"", ""common_name"": """", ""score"": 0.017781520262360573}, {""species"": ""Celtis lindheimeri"", ""common_name"": ""Lindheimer hackberry"", ""score"": 0.017326200380921364}]"
obs_337610714_photo_613769638_box1.jpg,obs_337610714_photo_613769638,/gpfs_common/share03/ftrscape/snair3/wew_notebooks/outputs_crop/obs_337610714_photo_613769638_box1.jpg,1,Pachypsylla celtidisvesicula,Erysiphe parvula,FALSE,Tiny part of the image. Fungus,Hackberry blister gall psyllid,0.050556771,3,"[{""species"": ""Celtis occidentalis"", ""common_name"": ""hackberry"", ""score"": 0.559614896774292}, {""species"": ""Celtis tenuifolia"", ""common_name"": ""hackberry"", ""score"": 0.19751030206680298}, {""species"": ""Pachypsylla celtidisvesicula"", ""common_name"": ""Hackberry blister gall psyllid"", ""score"": 0.05055677145719528}, {""species"": ""Celticecis celtiphyllia"", ""common_name"": """", ""score"": 0.017781520262360573}, {""species"": ""Celtis lindheimeri"", ""common_name"": ""Lindheimer hackberry"", ""score"": 0.017326200380921364}]"
obs_337610714_photo_613769638_box1.jpg,obs_337610714_photo_613769638,/gpfs_common/share03/ftrscape/snair3/wew_notebooks/outputs_crop/obs_337610714_photo_613769638_box1.jpg,1,Celticecis celtiphyllia,Erysiphe parvula,FALSE,Tiny part of the image. Fungus,,0.01778152,4,"[{""species"": ""Celtis occidentalis"", ""common_name"": ""hackberry"", ""score"": 0.559614896774292}, {""species"": ""Celtis tenuifolia"", ""common_name"": ""hackberry"", ""score"": 0.19751030206680298}, {""species"": ""Pachypsylla celtidisvesicula"", ""common_name"": ""Hackberry blister gall psyllid"", ""score"": 0.05055677145719528}, {""species"": ""Celticecis celtiphyllia"", ""common_name"": """", ""score"": 0.017781520262360573}, {""species"": ""Celtis lindheimeri"", ""common_name"": ""Lindheimer hackberry"", ""score"": 0.017326200380921364}]"
obs_337610714_photo_613769638_box1.jpg,obs_337610714_photo_613769638,/gpfs_common/share03/ftrscape/snair3/wew_notebooks/outputs_crop/obs_337610714_photo_613769638_box1.jpg,1,Celtis lindheimeri,Erysiphe parvula,FALSE,Tiny part of the image. Fungus,Lindheimer hackberry,0.0173262,5,"[{""species"": ""Celtis occidentalis"", ""common_name"": ""hackberry"", ""score"": 0.559614896774292}, {""species"": ""Celtis tenuifolia"", ""common_name"": ""hackberry"", ""score"": 0.19751030206680298}, {""species"": ""Pachypsylla celtidisvesicula"", ""common_name"": ""Hackberry blister gall psyllid"", ""score"": 0.05055677145719528}, {""species"": ""Celticecis celtiphyllia"", ""common_name"": """", ""score"": 0.017781520262360573}, {""species"": ""Celtis lindheimeri"", ""common_name"": ""Lindheimer hackberry"", ""score"": 0.017326200380921364}]"
obs_337610714_photo_613769638_box2.jpg,obs_337610714_photo_613769638,/gpfs_common/share03/ftrscape/snair3/wew_notebooks/outputs_crop/obs_337610714_photo_613769638_box2.jpg,2,Celticecis acuminata,Erysiphe parvula,FALSE,Tiny part of the image. Fungus,,0.210872591,1,"[{""species"": ""Celticecis acuminata"", ""common_name"": """", ""score"": 0.2108725905418396}, {""species"": ""Celticecis supina"", ""common_name"": """", ""score"": 0.15466897189617157}, {""species"": ""Celtis occidentalis"", ""common_name"": ""hackberry"", ""score"": 0.13278581202030182}, {""species"": ""Pachypsylla celtidisvesicula"", ""common_name"": ""Hackberry blister gall psyllid"", ""score"": 0.07714660465717316}, {""species"": ""Celticecis pilosa"", ""common_name"": """", ""score"": 0.051063597202301025}]"
obs_337610714_photo_613769638_box2.jpg,obs_337610714_photo_613769638,/gpfs_common/share03/ftrscape/snair3/wew_notebooks/outputs_crop/obs_337610714_photo_613769638_box2.jpg,2,Celticecis supina,Erysiphe parvula,FALSE,Tiny part of the image. Fungus,,0.154668972,2,"[{""species"": ""Celticecis acuminata"", ""common_name"": """", ""score"": 0.2108725905418396}, {""species"": ""Celticecis supina"", ""common_name"": """", ""score"": 0.15466897189617157}, {""species"": ""Celtis occidentalis"", ""common_name"": ""hackberry"", ""score"": 0.13278581202030182}, {""species"": ""Pachypsylla celtidisvesicula"", ""common_name"": ""Hackberry blister gall psyllid"", ""score"": 0.07714660465717316}, {""species"": ""Celticecis pilosa"", ""common_name"": """", ""score"": 0.051063597202301025}]"
obs_337610714_photo_613769638_box2.jpg,obs_337610714_photo_613769638,/gpfs_common/share03/ftrscape/snair3/wew_notebooks/outputs_crop/obs_337610714_photo_613769638_box2.jpg,2,Celtis occidentalis,Erysiphe parvula,FALSE,Tiny part of the image. Fungus,hackberry,0.132785812,3,"[{""species"": ""Celticecis acuminata"", ""common_name"": """", ""score"": 0.2108725905418396}, {""species"": ""Celticecis supina"", ""common_name"": """", ""score"": 0.15466897189617157}, {""species"": ""Celtis occidentalis"", ""common_name"": ""hackberry"", ""score"": 0.13278581202030182}, {""species"": ""Pachypsylla celtidisvesicula"", ""common_name"": ""Hackberry blister gall psyllid"", ""score"": 0.07714660465717316}, {""species"": ""Celticecis pilosa"", ""common_name"": """", ""score"": 0.051063597202301025}]"
obs_337610714_photo_613769638_box2.jpg,obs_337610714_photo_613769638,/gpfs_common/share03/ftrscape/snair3/wew_notebooks/outputs_crop/obs_337610714_photo_613769638_box2.jpg,2,Pachypsylla celtidisvesicula,Erysiphe parvula,FALSE,Tiny part of the image. Fungus,Hackberry blister gall psyllid,0.077146605,4,"[{""species"": ""Celticecis acuminata"", ""common_name"": """", ""score"": 0.2108725905418396}, {""species"": ""Celticecis supina"", ""common_name"": """", ""score"": 0.15466897189617157}, {""species"": ""Celtis occidentalis"", ""common_name"": ""hackberry"", ""score"": 0.13278581202030182}, {""species"": ""Pachypsylla celtidisvesicula"", ""common_name"": ""Hackberry blister gall psyllid"", ""score"": 0.07714660465717316}, {""species"": ""Celticecis pilosa"", ""common_name"": """", ""score"": 0.051063597202301025}]"
obs_337610714_photo_613769638_box2.jpg,obs_337610714_photo_613769638,/gpfs_common/share03/ftrscape/snair3/wew_notebooks/outputs_crop/obs_337610714_photo_613769638_box2.jpg,2,Celticecis pilosa,Erysiphe parvula,FALSE,Tiny part of the image. Fungus,,0.051063597,5,"[{""species"": ""Celticecis acuminata"", ""common_name"": """", ""score"": 0.2108725905418396}, {""species"": ""Celticecis supina"", ""common_name"": """", ""score"": 0.15466897189617157}, {""species"": ""Celtis occidentalis"", ""common_name"": ""hackberry"", ""score"": 0.13278581202030182}, {""species"": ""Pachypsylla celtidisvesicula"", ""common_name"": ""Hackberry blister gall psyllid"", ""score"": 0.07714660465717316}, {""species"": ""Celticecis pilosa"", ""common_name"": """", ""score"": 0.051063597202301025}]"
obs_338007030_photo_614585734_box1.jpg,obs_338007030_photo_614585734,/gpfs_common/share03/ftrscape/snair3/wew_notebooks/outputs_crop/obs_338007030_photo_614585734_box1.jpg,1,Eobania vermiculata,Eobania vermiculata,TRUE,,Chocolateband snail,0.120469838,1,"[{""species"": ""Eobania vermiculata"", ""common_name"": ""Chocolateband snail"", ""score"": 0.1204698383808136}, {""species"": ""Xanthomelon interpositum"", ""common_name"": """", ""score"": 0.07850613445043564}, {""species"": ""Xanthomelon distractum"", ""common_name"": """", ""score"": 0.03761309012770653}, {""species"": ""Xanthomelon genetivum"", ""common_name"": """", ""score"": 0.027045229449868202}, {""species"": ""Xanthomelon pachystylum"", ""common_name"": """", ""score"": 0.024077290669083595}]"
obs_338007030_photo_614585734_box1.jpg,obs_338007030_photo_614585734,/gpfs_common/share03/ftrscape/snair3/wew_notebooks/outputs_crop/obs_338007030_photo_614585734_box1.jpg,1,Xanthomelon interpositum,Eobania vermiculata,FALSE,,,0.078506134,2,"[{""species"": ""Eobania vermiculata"", ""common_name"": ""Chocolateband snail"", ""score"": 0.1204698383808136}, {""species"": ""Xanthomelon interpositum"", ""common_name"": """", ""score"": 0.07850613445043564}, {""species"": ""Xanthomelon distractum"", ""common_name"": """", ""score"": 0.03761309012770653}, {""species"": ""Xanthomelon genetivum"", ""common_name"": """", ""score"": 0.027045229449868202}, {""species"": ""Xanthomelon pachystylum"", ""common_name"": """", ""score"": 0.024077290669083595}]"
obs_338007030_photo_614585734_box1.jpg,obs_338007030_photo_614585734,/gpfs_common/share03/ftrscape/snair3/wew_notebooks/outputs_crop/obs_338007030_photo_614585734_box1.jpg,1,Xanthomelon distractum,Eobania vermiculata,FALSE,,,0.03761309,3,"[{""species"": ""Eobania vermiculata"", ""common_name"": ""Chocolateband snail"", ""score"": 0.1204698383808136}, {""species"": ""Xanthomelon interpositum"", ""common_name"": """", ""score"": 0.07850613445043564}, {""species"": ""Xanthomelon distractum"", ""common_name"": """", ""score"": 0.03761309012770653}, {""species"": ""Xanthomelon genetivum"", ""common_name"": """", ""score"": 0.027045229449868202}, {""species"": ""Xanthomelon pachystylum"", ""common_name"": """", ""score"": 0.024077290669083595}]"
obs_338007030_photo_614585734_box1.jpg,obs_338007030_photo_614585734,/gpfs_common/share03/ftrscape/snair3/wew_notebooks/outputs_crop/obs_338007030_photo_614585734_box1.jpg,1,Xanthomelon genetivum,Eobania vermiculata,FALSE,,,0.027045229,4,"[{""species"": ""Eobania vermiculata"", ""common_name"": ""Chocolateband snail"", ""score"": 0.1204698383808136}, {""species"": ""Xanthomelon interpositum"", ""common_name"": """", ""score"": 0.07850613445043564}, {""species"": ""Xanthomelon distractum"", ""common_name"": """", ""score"": 0.03761309012770653}, {""species"": ""Xanthomelon genetivum"", ""common_name"": """", ""score"": 0.027045229449868202}, {""species"": ""Xanthomelon pachystylum"", ""common_name"": """", ""score"": 0.024077290669083595}]"
obs_338007030_photo_614585734_box1.jpg,obs_338007030_photo_614585734,/gpfs_common/share03/ftrscape/snair3/wew_notebooks/outputs_crop/obs_338007030_photo_614585734_box1.jpg,1,Xanthomelon pachystylum,Eobania vermiculata,FALSE,,,0.024077291,5,"[{""species"": ""Eobania vermiculata"", ""common_name"": ""Chocolateband snail"", ""score"": 0.1204698383808136}, {""species"": ""Xanthomelon interpositum"", ""common_name"": """", ""score"": 0.07850613445043564}, {""species"": ""Xanthomelon distractum"", ""common_name"": """", ""score"": 0.03761309012770653}, {""species"": ""Xanthomelon genetivum"", ""common_name"": """", ""score"": 0.027045229449868202}, {""species"": ""Xanthomelon pachystylum"", ""common_name"": """", ""score"": 0.024077290669083595}]"
obs_338007030_photo_614585734_box2.jpg,obs_338007030_photo_614585734,/gpfs_common/share03/ftrscape/snair3/wew_notebooks/outputs_crop/obs_338007030_photo_614585734_box2.jpg,2,Ratnadvipia irradians,Eobania vermiculata,FALSE,,,0.066907361,1,"[{""species"": ""Ratnadvipia irradians"", ""common_name"": """", ""score"": 0.0669073611497879}, {""species"": ""Xanthomelon distractum"", ""common_name"": """", ""score"": 0.059787604957818985}, {""species"": ""Zachrysia guantanamensis"", ""common_name"": """", ""score"": 0.04862811416387558}, {""species"": ""Xanthomelon interpositum"", ""common_name"": """", ""score"": 0.03932560235261917}, {""species"": ""Camaena cicatricosa"", ""common_name"": """", ""score"": 0.026226097717881203}]"
obs_338007030_photo_614585734_box2.jpg,obs_338007030_photo_614585734,/gpfs_common/share03/ftrscape/snair3/wew_notebooks/outputs_crop/obs_338007030_photo_614585734_box2.jpg,2,Xanthomelon distractum,Eobania vermiculata,FALSE,,,0.059787605,2,"[{""species"": ""Ratnadvipia irradians"", ""common_name"": """", ""score"": 0.0669073611497879}, {""species"": ""Xanthomelon distractum"", ""common_name"": """", ""score"": 0.059787604957818985}, {""species"": ""Zachrysia guantanamensis"", ""common_name"": """", ""score"": 0.04862811416387558}, {""species"": ""Xanthomelon interpositum"", ""common_name"": """", ""score"": 0.03932560235261917}, {""species"": ""Camaena cicatricosa"", ""common_name"": """", ""score"": 0.026226097717881203}]"
obs_338007030_photo_614585734_box2.jpg,obs_338007030_photo_614585734,/gpfs_common/share03/ftrscape/snair3/wew_notebooks/outputs_crop/obs_338007030_photo_614585734_box2.jpg,2,Zachrysia guantanamensis,Eobania vermiculata,FALSE,,,0.048628114,3,"[{""species"": ""Ratnadvipia irradians"", ""common_name"": """", ""score"": 0.0669073611497879}, {""species"": ""Xanthomelon distractum"", ""common_name"": """", ""score"": 0.059787604957818985}, {""species"": ""Zachrysia guantanamensis"", ""common_name"": """", ""score"": 0.04862811416387558}, {""species"": ""Xanthomelon interpositum"", ""common_name"": """", ""score"": 0.03932560235261917}, {""species"": ""Camaena cicatricosa"", ""common_name"": """", ""score"": 0.026226097717881203}]"
obs_338007030_photo_614585734_box2.jpg,obs_338007030_photo_614585734,/gpfs_common/share03/ftrscape/snair3/wew_notebooks/outputs_crop/obs_338007030_photo_614585734_box2.jpg,2,Xanthomelon interpositum,Eobania vermiculata,FALSE,,,0.039325602,4,"[{""species"": ""Ratnadvipia irradians"", ""common_name"": """", ""score"": 0.0669073611497879}, {""species"": ""Xanthomelon distractum"", ""common_name"": """", ""score"": 0.059787604957818985}, {""species"": ""Zachrysia guantanamensis"", ""common_name"": """", ""score"": 0.04862811416387558}, {""species"": ""Xanthomelon interpositum"", ""common_name"": """", ""score"": 0.03932560235261917}, {""species"": ""Camaena cicatricosa"", ""common_name"": """", ""score"": 0.026226097717881203}]"
obs_338007030_photo_614585734_box2.jpg,obs_338007030_photo_614585734,/gpfs_common/share03/ftrscape/snair3/wew_notebooks/outputs_crop/obs_338007030_photo_614585734_box2.jpg,2,Camaena cicatricosa,Eobania vermiculata,FALSE,,,0.026226098,5,"[{""species"": ""Ratnadvipia irradians"", ""common_name"": """", ""score"": 0.0669073611497879}, {""species"": ""Xanthomelon distractum"", ""common_name"": """", ""score"": 0.059787604957818985}, {""species"": ""Zachrysia guantanamensis"", ""common_name"": """", ""score"": 0.04862811416387558}, {""species"": ""Xanthomelon interpositum"", ""common_name"": """", ""score"": 0.03932560235261917}, {""species"": ""Camaena cicatricosa"", ""common_name"": """", ""score"": 0.026226097717881203}]"
obs_338007030_photo_614585734_box3.jpg,obs_338007030_photo_614585734,/gpfs_common/share03/ftrscape/snair3/wew_notebooks/outputs_crop/obs_338007030_photo_614585734_box3.jpg,3,Eobania vermiculata,Eobania vermiculata,TRUE,,Chocolateband snail,0.147060156,1,"[{""species"": ""Eobania vermiculata"", ""common_name"": ""Chocolateband snail"", ""score"": 0.14706015586853027}, {""species"": ""Xanthomelon interpositum"", ""common_name"": """", ""score"": 0.08553958684206009}, {""species"": ""Xanthomelon distractum"", ""common_name"": """", ""score"": 0.04436415061354637}, {""species"": ""Xanthomelon genetivum"", ""common_name"": """", ""score"": 0.03476448357105255}, {""species"": ""Xanthomelon pachystylum"", ""common_name"": """", ""score"": 0.0274265855550766}]"
obs_338007030_photo_614585734_box3.jpg,obs_338007030_photo_614585734,/gpfs_common/share03/ftrscape/snair3/wew_notebooks/outputs_crop/obs_338007030_photo_614585734_box3.jpg,3,Xanthomelon interpositum,Eobania vermiculata,FALSE,,,0.085539587,2,"[{""species"": ""Eobania vermiculata"", ""common_name"": ""Chocolateband snail"", ""score"": 0.14706015586853027}, {""species"": ""Xanthomelon interpositum"", ""common_name"": """", ""score"": 0.08553958684206009}, {""species"": ""Xanthomelon distractum"", ""common_name"": """", ""score"": 0.04436415061354637}, {""species"": ""Xanthomelon genetivum"", ""common_name"": """", ""score"": 0.03476448357105255}, {""species"": ""Xanthomelon pachystylum"", ""common_name"": """", ""score"": 0.0274265855550766}]"
obs_338007030_photo_614585734_box3.jpg,obs_338007030_photo_614585734,/gpfs_common/share03/ftrscape/snair3/wew_notebooks/outputs_crop/obs_338007030_photo_614585734_box3.jpg,3,Xanthomelon distractum,Eobania vermiculata,FALSE,,,0.044364151,3,"[{""species"": ""Eobania vermiculata"", ""common_name"": ""Chocolateband snail"", ""score"": 0.14706015586853027}, {""species"": ""Xanthomelon interpositum"", ""common_name"": """", ""score"": 0.08553958684206009}, {""species"": ""Xanthomelon distractum"", ""common_name"": """", ""score"": 0.04436415061354637}, {""species"": ""Xanthomelon genetivum"", ""common_name"": """", ""score"": 0.03476448357105255}, {""species"": ""Xanthomelon pachystylum"", ""common_name"": """", ""score"": 0.0274265855550766}]"
obs_338007030_photo_614585734_box3.jpg,obs_338007030_photo_614585734,/gpfs_common/share03/ftrscape/snair3/wew_notebooks/outputs_crop/obs_338007030_photo_614585734_box3.jpg,3,Xanthomelon genetivum,Eobania vermiculata,FALSE,,,0.034764484,4,"[{""species"": ""Eobania vermiculata"", ""common_name"": ""Chocolateband snail"", ""score"": 0.14706015586853027}, {""species"": ""Xanthomelon interpositum"", ""common_name"": """", ""score"": 0.08553958684206009}, {""species"": ""Xanthomelon distractum"", ""common_name"": """", ""score"": 0.04436415061354637}, {""species"": ""Xanthomelon genetivum"", ""common_name"": """", ""score"": 0.03476448357105255}, {""species"": ""Xanthomelon pachystylum"", ""common_name"": """", ""score"": 0.0274265855550766}]"
obs_338007030_photo_614585734_box3.jpg,obs_338007030_photo_614585734,/gpfs_common/share03/ftrscape/snair3/wew_notebooks/outputs_crop/obs_338007030_photo_614585734_box3.jpg,3,Xanthomelon pachystylum,Eobania vermiculata,FALSE,,,0.027426586,5,"[{""species"": ""Eobania vermiculata"", ""common_name"": ""Chocolateband snail"", ""score"": 0.14706015586853027}, {""species"": ""Xanthomelon interpositum"", ""common_name"": """", ""score"": 0.08553958684206009}, {""species"": ""Xanthomelon distractum"", ""common_name"": """", ""score"": 0.04436415061354637}, {""species"": ""Xanthomelon genetivum"", ""common_name"": """", ""score"": 0.03476448357105255}, {""species"": ""Xanthomelon pachystylum"", ""common_name"": """", ""score"": 0.0274265855550766}]"
obs_338007030_photo_614585734_box4.jpg,obs_338007030_photo_614585734,/gpfs_common/share03/ftrscape/snair3/wew_notebooks/outputs_crop/obs_338007030_photo_614585734_box4.jpg,4,Monacha cantiana,Eobania vermiculata,FALSE,,Kentish snail,0.21953927,1,"[{""species"": ""Monacha cantiana"", ""common_name"": ""Kentish snail"", ""score"": 0.21953926980495453}, {""species"": ""Theba pisana"", ""common_name"": ""White snail"", ""score"": 0.16944758594036102}, {""species"": ""Hesseola pratensis"", ""common_name"": """", ""score"": 0.03292042016983032}, {""species"": ""Helix lutescens"", ""common_name"": """", ""score"": 0.02556188590824604}, {""species"": ""Cepaea nemoralis"", ""common_name"": ""Grovesnail"", ""score"": 0.023355651646852493}]"
obs_338007030_photo_614585734_box4.jpg,obs_338007030_photo_614585734,/gpfs_common/share03/ftrscape/snair3/wew_notebooks/outputs_crop/obs_338007030_photo_614585734_box4.jpg,4,Theba pisana,Eobania vermiculata,FALSE,,White snail,0.169447586,2,"[{""species"": ""Monacha cantiana"", ""common_name"": ""Kentish snail"", ""score"": 0.21953926980495453}, {""species"": ""Theba pisana"", ""common_name"": ""White snail"", ""score"": 0.16944758594036102}, {""species"": ""Hesseola pratensis"", ""common_name"": """", ""score"": 0.03292042016983032}, {""species"": ""Helix lutescens"", ""common_name"": """", ""score"": 0.02556188590824604}, {""species"": ""Cepaea nemoralis"", ""common_name"": ""Grovesnail"", ""score"": 0.023355651646852493}]"
obs_338007030_photo_614585734_box4.jpg,obs_338007030_photo_614585734,/gpfs_common/share03/ftrscape/snair3/wew_notebooks/outputs_crop/obs_338007030_photo_614585734_box4.jpg,4,Hesseola pratensis,Eobania vermiculata,FALSE,,,0.03292042,3,"[{""species"": ""Monacha cantiana"", ""common_name"": ""Kentish snail"", ""score"": 0.21953926980495453}, {""species"": ""Theba pisana"", ""common_name"": ""White snail"", ""score"": 0.16944758594036102}, {""species"": ""Hesseola pratensis"", ""common_name"": """", ""score"": 0.03292042016983032}, {""species"": ""Helix lutescens"", ""common_name"": """", ""score"": 0.02556188590824604}, {""species"": ""Cepaea nemoralis"", ""common_name"": ""Grovesnail"", ""score"": 0.023355651646852493}]"
obs_338007030_photo_614585734_box4.jpg,obs_338007030_photo_614585734,/gpfs_common/share03/ftrscape/snair3/wew_notebooks/outputs_crop/obs_338007030_photo_614585734_box4.jpg,4,Helix lutescens,Eobania vermiculata,FALSE,,,0.025561886,4,"[{""species"": ""Monacha cantiana"", ""common_name"": ""Kentish snail"", ""score"": 0.21953926980495453}, {""species"": ""Theba pisana"", ""common_name"": ""White snail"", ""score"": 0.16944758594036102}, {""species"": ""Hesseola pratensis"", ""common_name"": """", ""score"": 0.03292042016983032}, {""species"": ""Helix lutescens"", ""common_name"": """", ""score"": 0.02556188590824604}, {""species"": ""Cepaea nemoralis"", ""common_name"": ""Grovesnail"", ""score"": 0.023355651646852493}]"
obs_338007030_photo_614585734_box4.jpg,obs_338007030_photo_614585734,/gpfs_common/share03/ftrscape/snair3/wew_notebooks/outputs_crop/obs_338007030_photo_614585734_box4.jpg,4,Cepaea nemoralis,Eobania vermiculata,FALSE,,Grovesnail,0.023355652,5,"[{""species"": ""Monacha cantiana"", ""common_name"": ""Kentish snail"", ""score"": 0.21953926980495453}, {""species"": ""Theba pisana"", ""common_name"": ""White snail"", ""score"": 0.16944758594036102}, {""species"": ""Hesseola pratensis"", ""common_name"": """", ""score"": 0.03292042016983032}, {""species"": ""Helix lutescens"", ""common_name"": """", ""score"": 0.02556188590824604}, {""species"": ""Cepaea nemoralis"", ""common_name"": ""Grovesnail"", ""score"": 0.023355651646852493}]"
obs_338007030_photo_614585734_box5.jpg,obs_338007030_photo_614585734,/gpfs_common/share03/ftrscape/snair3/wew_notebooks/outputs_crop/obs_338007030_photo_614585734_box5.jpg,5,Xanthomelon distractum,Eobania vermiculata,FALSE,,,0.074333407,1,"[{""species"": ""Xanthomelon distractum"", ""common_name"": """", ""score"": 0.07433340698480606}, {""species"": ""Ratnadvipia irradians"", ""common_name"": """", ""score"": 0.07137402147054672}, {""species"": ""Zachrysia guantanamensis"", ""common_name"": """", ""score"": 0.06185678392648697}, {""species"": ""Xanthomelon interpositum"", ""common_name"": """", ""score"": 0.040026504546403885}, {""species"": ""Zachrysia gibarana"", ""common_name"": """", ""score"": 0.027820689603686333}]"
obs_338007030_photo_614585734_box5.jpg,obs_338007030_photo_614585734,/gpfs_common/share03/ftrscape/snair3/wew_notebooks/outputs_crop/obs_338007030_photo_614585734_box5.jpg,5,Ratnadvipia irradians,Eobania vermiculata,FALSE,,,0.071374021,2,"[{""species"": ""Xanthomelon distractum"", ""common_name"": """", ""score"": 0.07433340698480606}, {""species"": ""Ratnadvipia irradians"", ""common_name"": """", ""score"": 0.07137402147054672}, {""species"": ""Zachrysia guantanamensis"", ""common_name"": """", ""score"": 0.06185678392648697}, {""species"": ""Xanthomelon interpositum"", ""common_name"": """", ""score"": 0.040026504546403885}, {""species"": ""Zachrysia gibarana"", ""common_name"": """", ""score"": 0.027820689603686333}]"
obs_338007030_photo_614585734_box5.jpg,obs_338007030_photo_614585734,/gpfs_common/share03/ftrscape/snair3/wew_notebooks/outputs_crop/obs_338007030_photo_614585734_box5.jpg,5,Zachrysia guantanamensis,Eobania vermiculata,FALSE,,,0.061856784,3,"[{""species"": ""Xanthomelon distractum"", ""common_name"": """", ""score"": 0.07433340698480606}, {""species"": ""Ratnadvipia irradians"", ""common_name"": """", ""score"": 0.07137402147054672}, {""species"": ""Zachrysia guantanamensis"", ""common_name"": """", ""score"": 0.06185678392648697}, {""species"": ""Xanthomelon interpositum"", ""common_name"": """", ""score"": 0.040026504546403885}, {""species"": ""Zachrysia gibarana"", ""common_name"": """", ""score"": 0.027820689603686333}]"
obs_338007030_photo_614585734_box5.jpg,obs_338007030_photo_614585734,/gpfs_common/share03/ftrscape/snair3/wew_notebooks/outputs_crop/obs_338007030_photo_614585734_box5.jpg,5,Xanthomelon interpositum,Eobania vermiculata,FALSE,,,0.040026505,4,"[{""species"": ""Xanthomelon distractum"", ""common_name"": """", ""score"": 0.07433340698480606}, {""species"": ""Ratnadvipia irradians"", ""common_name"": """", ""score"": 0.07137402147054672}, {""species"": ""Zachrysia guantanamensis"", ""common_name"": """", ""score"": 0.06185678392648697}, {""species"": ""Xanthomelon interpositum"", ""common_name"": """", ""score"": 0.040026504546403885}, {""species"": ""Zachrysia gibarana"", ""common_name"": """", ""score"": 0.027820689603686333}]"
obs_338007030_photo_614585734_box5.jpg,obs_338007030_photo_614585734,/gpfs_common/share03/ftrscape/snair3/wew_notebooks/outputs_crop/obs_338007030_photo_614585734_box5.jpg,5,Zachrysia gibarana,Eobania vermiculata,FALSE,,,0.02782069,5,"[{""species"": ""Xanthomelon distractum"", ""common_name"": """", ""score"": 0.07433340698480606}, {""species"": ""Ratnadvipia irradians"", ""common_name"": """", ""score"": 0.07137402147054672}, {""species"": ""Zachrysia guantanamensis"", ""common_name"": """", ""score"": 0.06185678392648697}, {""species"": ""Xanthomelon interpositum"", ""common_name"": """", ""score"": 0.040026504546403885}, {""species"": ""Zachrysia gibarana"", ""common_name"": """", ""score"": 0.027820689603686333}]"
obs_338486970_photo_615576074_box1.jpg,obs_338486970_photo_615576074,/gpfs_common/share03/ftrscape/snair3/wew_notebooks/outputs_crop/obs_338486970_photo_615576074_box1.jpg,1,Spisula solidissima,Spisula solidissima,TRUE,,Atlantic surf clam,0.852393806,1,"[{""species"": ""Spisula solidissima"", ""common_name"": ""Atlantic surf clam"", ""score"": 0.8523938059806824}, {""species"": ""Paphies subtriangulata"", ""common_name"": ""Surf Clam"", ""score"": 0.06322982162237167}, {""species"": ""Mactromeris polynyma"", ""common_name"": ""Arctic surf clam"", ""score"": 0.02368844673037529}, {""species"": ""Spisula sachalinensis"", ""common_name"": ""Sakhalin surf clam"", ""score"": 0.010404608212411404}, {""species"": ""Mactromeris Spisula brevirostrata"", ""common_name"": """", ""score"": 0.0038787631783634424}]"
obs_338486970_photo_615576074_box1.jpg,obs_338486970_photo_615576074,/gpfs_common/share03/ftrscape/snair3/wew_notebooks/outputs_crop/obs_338486970_photo_615576074_box1.jpg,1,Paphies subtriangulata,Spisula solidissima,FALSE,,Surf Clam,0.063229822,2,"[{""species"": ""Spisula solidissima"", ""common_name"": ""Atlantic surf clam"", ""score"": 0.8523938059806824}, {""species"": ""Paphies subtriangulata"", ""common_name"": ""Surf Clam"", ""score"": 0.06322982162237167}, {""species"": ""Mactromeris polynyma"", ""common_name"": ""Arctic surf clam"", ""score"": 0.02368844673037529}, {""species"": ""Spisula sachalinensis"", ""common_name"": ""Sakhalin surf clam"", ""score"": 0.010404608212411404}, {""species"": ""Mactromeris Spisula brevirostrata"", ""common_name"": """", ""score"": 0.0038787631783634424}]"
obs_338486970_photo_615576074_box1.jpg,obs_338486970_photo_615576074,/gpfs_common/share03/ftrscape/snair3/wew_notebooks/outputs_crop/obs_338486970_photo_615576074_box1.jpg,1,Mactromeris polynyma,Spisula solidissima,FALSE,,Arctic surf clam,0.023688447,3,"[{""species"": ""Spisula solidissima"", ""common_name"": ""Atlantic surf clam"", ""score"": 0.8523938059806824}, {""species"": ""Paphies subtriangulata"", ""common_name"": ""Surf Clam"", ""score"": 0.06322982162237167}, {""species"": ""Mactromeris polynyma"", ""common_name"": ""Arctic surf clam"", ""score"": 0.02368844673037529}, {""species"": ""Spisula sachalinensis"", ""common_name"": ""Sakhalin surf clam"", ""score"": 0.010404608212411404}, {""species"": ""Mactromeris Spisula brevirostrata"", ""common_name"": """", ""score"": 0.0038787631783634424}]"
obs_338486970_photo_615576074_box1.jpg,obs_338486970_photo_615576074,/gpfs_common/share03/ftrscape/snair3/wew_notebooks/outputs_crop/obs_338486970_photo_615576074_box1.jpg,1,Spisula sachalinensis,Spisula solidissima,FALSE,,Sakhalin surf clam,0.010404608,4,"[{""species"": ""Spisula solidissima"", ""common_name"": ""Atlantic surf clam"", ""score"": 0.8523938059806824}, {""species"": ""Paphies subtriangulata"", ""common_name"": ""Surf Clam"", ""score"": 0.06322982162237167}, {""species"": ""Mactromeris polynyma"", ""common_name"": ""Arctic surf clam"", ""score"": 0.02368844673037529}, {""species"": ""Spisula sachalinensis"", ""common_name"": ""Sakhalin surf clam"", ""score"": 0.010404608212411404}, {""species"": ""Mactromeris Spisula brevirostrata"", ""common_name"": """", ""score"": 0.0038787631783634424}]"
obs_338486970_photo_615576074_box1.jpg,obs_338486970_photo_615576074,/gpfs_common/share03/ftrscape/snair3/wew_notebooks/outputs_crop/obs_338486970_photo_615576074_box1.jpg,1,Mactromeris Spisula brevirostrata,Spisula solidissima,FALSE,,,0.003878763,5,"[{""species"": ""Spisula solidissima"", ""common_name"": ""Atlantic surf clam"", ""score"": 0.8523938059806824}, {""species"": ""Paphies subtriangulata"", ""common_name"": ""Surf Clam"", ""score"": 0.06322982162237167}, {""species"": ""Mactromeris polynyma"", ""common_name"": ""Arctic surf clam"", ""score"": 0.02368844673037529}, {""species"": ""Spisula sachalinensis"", ""common_name"": ""Sakhalin surf clam"", ""score"": 0.010404608212411404}, {""species"": ""Mactromeris Spisula brevirostrata"", ""common_name"": """", ""score"": 0.0038787631783634424}]"
obs_338486970_photo_615576074_box2.jpg,obs_338486970_photo_615576074,/gpfs_common/share03/ftrscape/snair3/wew_notebooks/outputs_crop/obs_338486970_photo_615576074_box2.jpg,2,Spisula solidissima,Spisula solidissima,TRUE,,Atlantic surf clam,0.811705112,1,"[{""species"": ""Spisula solidissima"", ""common_name"": ""Atlantic surf clam"", ""score"": 0.8117051124572754}, {""species"": ""Paphies subtriangulata"", ""common_name"": ""Surf Clam"", ""score"": 0.07637108862400055}, {""species"": ""Mactromeris polynyma"", ""common_name"": ""Arctic surf clam"", ""score"": 0.03373880311846733}, {""species"": ""Spisula sachalinensis"", ""common_name"": ""Sakhalin surf clam"", ""score"": 0.011895321309566498}, {""species"": ""Mactromeris Spisula brevirostrata"", ""common_name"": """", ""score"": 0.005942997056990862}]"
obs_338486970_photo_615576074_box2.jpg,obs_338486970_photo_615576074,/gpfs_common/share03/ftrscape/snair3/wew_notebooks/outputs_crop/obs_338486970_photo_615576074_box2.jpg,2,Paphies subtriangulata,Spisula solidissima,FALSE,,Surf Clam,0.076371089,2,"[{""species"": ""Spisula solidissima"", ""common_name"": ""Atlantic surf clam"", ""score"": 0.8117051124572754}, {""species"": ""Paphies subtriangulata"", ""common_name"": ""Surf Clam"", ""score"": 0.07637108862400055}, {""species"": ""Mactromeris polynyma"", ""common_name"": ""Arctic surf clam"", ""score"": 0.03373880311846733}, {""species"": ""Spisula sachalinensis"", ""common_name"": ""Sakhalin surf clam"", ""score"": 0.011895321309566498}, {""species"": ""Mactromeris Spisula brevirostrata"", ""common_name"": """", ""score"": 0.005942997056990862}]"
obs_338486970_photo_615576074_box2.jpg,obs_338486970_photo_615576074,/gpfs_common/share03/ftrscape/snair3/wew_notebooks/outputs_crop/obs_338486970_photo_615576074_box2.jpg,2,Mactromeris polynyma,Spisula solidissima,FALSE,,Arctic surf clam,0.033738803,3,"[{""species"": ""Spisula solidissima"", ""common_name"": ""Atlantic surf clam"", ""score"": 0.8117051124572754}, {""species"": ""Paphies subtriangulata"", ""common_name"": ""Surf Clam"", ""score"": 0.07637108862400055}, {""species"": ""Mactromeris polynyma"", ""common_name"": ""Arctic surf clam"", ""score"": 0.03373880311846733}, {""species"": ""Spisula sachalinensis"", ""common_name"": ""Sakhalin surf clam"", ""score"": 0.011895321309566498}, {""species"": ""Mactromeris Spisula brevirostrata"", ""common_name"": """", ""score"": 0.005942997056990862}]"
obs_338486970_photo_615576074_box2.jpg,obs_338486970_photo_615576074,/gpfs_common/share03/ftrscape/snair3/wew_notebooks/outputs_crop/obs_338486970_photo_615576074_box2.jpg,2,Spisula sachalinensis,Spisula solidissima,FALSE,,Sakhalin surf clam,0.011895321,4,"[{""species"": ""Spisula solidissima"", ""common_name"": ""Atlantic surf clam"", ""score"": 0.8117051124572754}, {""species"": ""Paphies subtriangulata"", ""common_name"": ""Surf Clam"", ""score"": 0.07637108862400055}, {""species"": ""Mactromeris polynyma"", ""common_name"": ""Arctic surf clam"", ""score"": 0.03373880311846733}, {""species"": ""Spisula sachalinensis"", ""common_name"": ""Sakhalin surf clam"", ""score"": 0.011895321309566498}, {""species"": ""Mactromeris Spisula brevirostrata"", ""common_name"": """", ""score"": 0.005942997056990862}]"
obs_338486970_photo_615576074_box2.jpg,obs_338486970_photo_615576074,/gpfs_common/share03/ftrscape/snair3/wew_notebooks/outputs_crop/obs_338486970_photo_615576074_box2.jpg,2,Mactromeris Spisula brevirostrata,Spisula solidissima,FALSE,,,0.005942997,5,"[{""species"": ""Spisula solidissima"", ""common_name"": ""Atlantic surf clam"", ""score"": 0.8117051124572754}, {""species"": ""Paphies subtriangulata"", ""common_name"": ""Surf Clam"", ""score"": 0.07637108862400055}, {""species"": ""Mactromeris polynyma"", ""common_name"": ""Arctic surf clam"", ""score"": 0.03373880311846733}, {""species"": ""Spisula sachalinensis"", ""common_name"": ""Sakhalin surf clam"", ""score"": 0.011895321309566498}, {""species"": ""Mactromeris Spisula brevirostrata"", ""common_name"": """", ""score"": 0.005942997056990862}]"
obs_338486970_photo_615576074_box3.jpg,obs_338486970_photo_615576074,/gpfs_common/share03/ftrscape/snair3/wew_notebooks/outputs_crop/obs_338486970_photo_615576074_box3.jpg,3,Spisula solidissima,Spisula solidissima,TRUE,,Atlantic surf clam,0.858002126,1,"[{""species"": ""Spisula solidissima"", ""common_name"": ""Atlantic surf clam"", ""score"": 0.8580021262168884}, {""species"": ""Paphies subtriangulata"", ""common_name"": ""Surf Clam"", ""score"": 0.04603058472275734}, {""species"": ""Mactromeris polynyma"", ""common_name"": ""Arctic surf clam"", ""score"": 0.0206120815128088}, {""species"": ""Spisula sachalinensis"", ""common_name"": ""Sakhalin surf clam"", ""score"": 0.010071233846247196}, {""species"": ""Mactromeris Spisula brevirostrata"", ""common_name"": """", ""score"": 0.006182544864714146}]"
obs_338486970_photo_615576074_box3.jpg,obs_338486970_photo_615576074,/gpfs_common/share03/ftrscape/snair3/wew_notebooks/outputs_crop/obs_338486970_photo_615576074_box3.jpg,3,Paphies subtriangulata,Spisula solidissima,FALSE,,Surf Clam,0.046030585,2,"[{""species"": ""Spisula solidissima"", ""common_name"": ""Atlantic surf clam"", ""score"": 0.8580021262168884}, {""species"": ""Paphies subtriangulata"", ""common_name"": ""Surf Clam"", ""score"": 0.04603058472275734}, {""species"": ""Mactromeris polynyma"", ""common_name"": ""Arctic surf clam"", ""score"": 0.0206120815128088}, {""species"": ""Spisula sachalinensis"", ""common_name"": ""Sakhalin surf clam"", ""score"": 0.010071233846247196}, {""species"": ""Mactromeris Spisula brevirostrata"", ""common_name"": """", ""score"": 0.006182544864714146}]"
obs_338486970_photo_615576074_box3.jpg,obs_338486970_photo_615576074,/gpfs_common/share03/ftrscape/snair3/wew_notebooks/outputs_crop/obs_338486970_photo_615576074_box3.jpg,3,Mactromeris polynyma,Spisula solidissima,FALSE,,Arctic surf clam,0.020612082,3,"[{""species"": ""Spisula solidissima"", ""common_name"": ""Atlantic surf clam"", ""score"": 0.8580021262168884}, {""species"": ""Paphies subtriangulata"", ""common_name"": ""Surf Clam"", ""score"": 0.04603058472275734}, {""species"": ""Mactromeris polynyma"", ""common_name"": ""Arctic surf clam"", ""score"": 0.0206120815128088}, {""species"": ""Spisula sachalinensis"", ""common_name"": ""Sakhalin surf clam"", ""score"": 0.010071233846247196}, {""species"": ""Mactromeris Spisula brevirostrata"", ""common_name"": """", ""score"": 0.006182544864714146}]"
obs_338486970_photo_615576074_box3.jpg,obs_338486970_photo_615576074,/gpfs_common/share03/ftrscape/snair3/wew_notebooks/outputs_crop/obs_338486970_photo_615576074_box3.jpg,3,Spisula sachalinensis,Spisula solidissima,FALSE,,Sakhalin surf clam,0.010071234,4,"[{""species"": ""Spisula solidissima"", ""common_name"": ""Atlantic surf clam"", ""score"": 0.8580021262168884}, {""species"": ""Paphies subtriangulata"", ""common_name"": ""Surf Clam"", ""score"": 0.04603058472275734}, {""species"": ""Mactromeris polynyma"", ""common_name"": ""Arctic surf clam"", ""score"": 0.0206120815128088}, {""species"": ""Spisula sachalinensis"", ""common_name"": ""Sakhalin surf clam"", ""score"": 0.010071233846247196}, {""species"": ""Mactromeris Spisula brevirostrata"", ""common_name"": """", ""score"": 0.006182544864714146}]"
obs_338486970_photo_615576074_box3.jpg,obs_338486970_photo_615576074,/gpfs_common/share03/ftrscape/snair3/wew_notebooks/outputs_crop/obs_338486970_photo_615576074_box3.jpg,3,Mactromeris Spisula brevirostrata,Spisula solidissima,FALSE,,,0.006182545,5,"[{""species"": ""Spisula solidissima"", ""common_name"": ""Atlantic surf clam"", ""score"": 0.8580021262168884}, {""species"": ""Paphies subtriangulata"", ""common_name"": ""Surf Clam"", ""score"": 0.04603058472275734}, {""species"": ""Mactromeris polynyma"", ""common_name"": ""Arctic surf clam"", ""score"": 0.0206120815128088}, {""species"": ""Spisula sachalinensis"", ""common_name"": ""Sakhalin surf clam"", ""score"": 0.010071233846247196}, {""species"": ""Mactromeris Spisula brevirostrata"", ""common_name"": """", ""score"": 0.006182544864714146}]"
obs_338486970_photo_615576074_box4.jpg,obs_338486970_photo_615576074,/gpfs_common/share03/ftrscape/snair3/wew_notebooks/outputs_crop/obs_338486970_photo_615576074_box4.jpg,4,Spisula solidissima,Spisula solidissima,TRUE,,Atlantic surf clam,0.817780137,1,"[{""species"": ""Spisula solidissima"", ""common_name"": ""Atlantic surf clam"", ""score"": 0.8177801370620728}, {""species"": ""Paphies subtriangulata"", ""common_name"": ""Surf Clam"", ""score"": 0.06842325627803802}, {""species"": ""Mactromeris Spisula brevirostrata"", ""common_name"": """", ""score"": 0.011614389717578888}, {""species"": ""Mactromeris polynyma"", ""common_name"": ""Arctic surf clam"", ""score"": 0.008498045615851879}, {""species"": ""Mactra grandis"", ""common_name"": """", ""score"": 0.008275958709418774}]"
obs_338486970_photo_615576074_box4.jpg,obs_338486970_photo_615576074,/gpfs_common/share03/ftrscape/snair3/wew_notebooks/outputs_crop/obs_338486970_photo_615576074_box4.jpg,4,Paphies subtriangulata,Spisula solidissima,FALSE,,Surf Clam,0.068423256,2,"[{""species"": ""Spisula solidissima"", ""common_name"": ""Atlantic surf clam"", ""score"": 0.8177801370620728}, {""species"": ""Paphies subtriangulata"", ""common_name"": ""Surf Clam"", ""score"": 0.06842325627803802}, {""species"": ""Mactromeris Spisula brevirostrata"", ""common_name"": """", ""score"": 0.011614389717578888}, {""species"": ""Mactromeris polynyma"", ""common_name"": ""Arctic surf clam"", ""score"": 0.008498045615851879}, {""species"": ""Mactra grandis"", ""common_name"": """", ""score"": 0.008275958709418774}]"
obs_338486970_photo_615576074_box4.jpg,obs_338486970_photo_615576074,/gpfs_common/share03/ftrscape/snair3/wew_notebooks/outputs_crop/obs_338486970_photo_615576074_box4.jpg,4,Mactromeris Spisula brevirostrata,Spisula solidissima,FALSE,,,0.01161439,3,"[{""species"": ""Spisula solidissima"", ""common_name"": ""Atlantic surf clam"", ""score"": 0.8177801370620728}, {""species"": ""Paphies subtriangulata"", ""common_name"": ""Surf Clam"", ""score"": 0.06842325627803802}, {""species"": ""Mactromeris Spisula brevirostrata"", ""common_name"": """", ""score"": 0.011614389717578888}, {""species"": ""Mactromeris polynyma"", ""common_name"": ""Arctic surf clam"", ""score"": 0.008498045615851879}, {""species"": ""Mactra grandis"", ""common_name"": """", ""score"": 0.008275958709418774}]"
obs_338486970_photo_615576074_box4.jpg,obs_338486970_photo_615576074,/gpfs_common/share03/ftrscape/snair3/wew_notebooks/outputs_crop/obs_338486970_photo_615576074_box4.jpg,4,Mactromeris polynyma,Spisula solidissima,FALSE,,Arctic surf clam,0.008498046,4,"[{""species"": ""Spisula solidissima"", ""common_name"": ""Atlantic surf clam"", ""score"": 0.8177801370620728}, {""species"": ""Paphies subtriangulata"", ""common_name"": ""Surf Clam"", ""score"": 0.06842325627803802}, {""species"": ""Mactromeris Spisula brevirostrata"", ""common_name"": """", ""score"": 0.011614389717578888}, {""species"": ""Mactromeris polynyma"", ""common_name"": ""Arctic surf clam"", ""score"": 0.008498045615851879}, {""species"": ""Mactra grandis"", ""common_name"": """", ""score"": 0.008275958709418774}]"
obs_338486970_photo_615576074_box4.jpg,obs_338486970_photo_615576074,/gpfs_common/share03/ftrscape/snair3/wew_notebooks/outputs_crop/obs_338486970_photo_615576074_box4.jpg,4,Mactra grandis,Spisula solidissima,FALSE,,,0.008275959,5,"[{""species"": ""Spisula solidissima"", ""common_name"": ""Atlantic surf clam"", ""score"": 0.8177801370620728}, {""species"": ""Paphies subtriangulata"", ""common_name"": ""Surf Clam"", ""score"": 0.06842325627803802}, {""species"": ""Mactromeris Spisula brevirostrata"", ""common_name"": """", ""score"": 0.011614389717578888}, {""species"": ""Mactromeris polynyma"", ""common_name"": ""Arctic surf clam"", ""score"": 0.008498045615851879}, {""species"": ""Mactra grandis"", ""common_name"": """", ""score"": 0.008275958709418774}]"
obs_338486970_photo_615576074_box5.jpg,obs_338486970_photo_615576074,/gpfs_common/share03/ftrscape/snair3/wew_notebooks/outputs_crop/obs_338486970_photo_615576074_box5.jpg,5,Spisula solidissima,Spisula solidissima,TRUE,,Atlantic surf clam,0.779029369,1,"[{""species"": ""Spisula solidissima"", ""common_name"": ""Atlantic surf clam"", ""score"": 0.779029369354248}, {""species"": ""Paphies subtriangulata"", ""common_name"": ""Surf Clam"", ""score"": 0.11298845708370209}, {""species"": ""Mactromeris polynyma"", ""common_name"": ""Arctic surf clam"", ""score"": 0.02271873876452446}, {""species"": ""Spisula sachalinensis"", ""common_name"": ""Sakhalin surf clam"", ""score"": 0.014581511728465557}, {""species"": ""Mactromeris Spisula brevirostrata"", ""common_name"": """", ""score"": 0.004320328123867512}]"
obs_338486970_photo_615576074_box5.jpg,obs_338486970_photo_615576074,/gpfs_common/share03/ftrscape/snair3/wew_notebooks/outputs_crop/obs_338486970_photo_615576074_box5.jpg,5,Paphies subtriangulata,Spisula solidissima,FALSE,,Surf Clam,0.112988457,2,"[{""species"": ""Spisula solidissima"", ""common_name"": ""Atlantic surf clam"", ""score"": 0.779029369354248}, {""species"": ""Paphies subtriangulata"", ""common_name"": ""Surf Clam"", ""score"": 0.11298845708370209}, {""species"": ""Mactromeris polynyma"", ""common_name"": ""Arctic surf clam"", ""score"": 0.02271873876452446}, {""species"": ""Spisula sachalinensis"", ""common_name"": ""Sakhalin surf clam"", ""score"": 0.014581511728465557}, {""species"": ""Mactromeris Spisula brevirostrata"", ""common_name"": """", ""score"": 0.004320328123867512}]"
obs_338486970_photo_615576074_box5.jpg,obs_338486970_photo_615576074,/gpfs_common/share03/ftrscape/snair3/wew_notebooks/outputs_crop/obs_338486970_photo_615576074_box5.jpg,5,Mactromeris polynyma,Spisula solidissima,FALSE,,Arctic surf clam,0.022718739,3,"[{""species"": ""Spisula solidissima"", ""common_name"": ""Atlantic surf clam"", ""score"": 0.779029369354248}, {""species"": ""Paphies subtriangulata"", ""common_name"": ""Surf Clam"", ""score"": 0.11298845708370209}, {""species"": ""Mactromeris polynyma"", ""common_name"": ""Arctic surf clam"", ""score"": 0.02271873876452446}, {""species"": ""Spisula sachalinensis"", ""common_name"": ""Sakhalin surf clam"", ""score"": 0.014581511728465557}, {""species"": ""Mactromeris Spisula brevirostrata"", ""common_name"": """", ""score"": 0.004320328123867512}]"
obs_338486970_photo_615576074_box5.jpg,obs_338486970_photo_615576074,/gpfs_common/share03/ftrscape/snair3/wew_notebooks/outputs_crop/obs_338486970_photo_615576074_box5.jpg,5,Spisula sachalinensis,Spisula solidissima,FALSE,,Sakhalin surf clam,0.014581512,4,"[{""species"": ""Spisula solidissima"", ""common_name"": ""Atlantic surf clam"", ""score"": 0.779029369354248}, {""species"": ""Paphies subtriangulata"", ""common_name"": ""Surf Clam"", ""score"": 0.11298845708370209}, {""species"": ""Mactromeris polynyma"", ""common_name"": ""Arctic surf clam"", ""score"": 0.02271873876452446}, {""species"": ""Spisula sachalinensis"", ""common_name"": ""Sakhalin surf clam"", ""score"": 0.014581511728465557}, {""species"": ""Mactromeris Spisula brevirostrata"", ""common_name"": """", ""score"": 0.004320328123867512}]"
obs_338486970_photo_615576074_box5.jpg,obs_338486970_photo_615576074,/gpfs_common/share03/ftrscape/snair3/wew_notebooks/outputs_crop/obs_338486970_photo_615576074_box5.jpg,5,Mactromeris Spisula brevirostrata,Spisula solidissima,FALSE,,,0.004320328,5,"[{""species"": ""Spisula solidissima"", ""common_name"": ""Atlantic surf clam"", ""score"": 0.779029369354248}, {""species"": ""Paphies subtriangulata"", ""common_name"": ""Surf Clam"", ""score"": 0.11298845708370209}, {""species"": ""Mactromeris polynyma"", ""common_name"": ""Arctic surf clam"", ""score"": 0.02271873876452446}, {""species"": ""Spisula sachalinensis"", ""common_name"": ""Sakhalin surf clam"", ""score"": 0.014581511728465557}, {""species"": ""Mactromeris Spisula brevirostrata"", ""common_name"": """", ""score"": 0.004320328123867512}]"
obs_339993526_photo_618618071_box1.jpg,obs_339993526_photo_618618071,/gpfs_common/share03/ftrscape/snair3/wew_notebooks/outputs_crop/obs_339993526_photo_618618071_box1.jpg,1,Evasterias echinosoma,Evasterias troschelii,FALSE,,Giant star,0.520936787,1,"[{""species"": ""Evasterias echinosoma"", ""common_name"": ""Giant star"", ""score"": 0.5209367871284485}, {""species"": ""Evasterias troschelii"", ""common_name"": """", ""score"": 0.20994985103607178}, {""species"": ""Meyenaster gelatinosus"", ""common_name"": """", ""score"": 0.05734019726514816}, {""species"": ""Astrostole scabra"", ""common_name"": """", ""score"": 0.04132423177361488}, {""species"": ""Distolasterias elegans"", ""common_name"": """", ""score"": 0.016092799603939056}]"
obs_339993526_photo_618618071_box1.jpg,obs_339993526_photo_618618071,/gpfs_common/share03/ftrscape/snair3/wew_notebooks/outputs_crop/obs_339993526_photo_618618071_box1.jpg,1,Evasterias troschelii,Evasterias troschelii,TRUE,,,0.209949851,2,"[{""species"": ""Evasterias echinosoma"", ""common_name"": ""Giant star"", ""score"": 0.5209367871284485}, {""species"": ""Evasterias troschelii"", ""common_name"": """", ""score"": 0.20994985103607178}, {""species"": ""Meyenaster gelatinosus"", ""common_name"": """", ""score"": 0.05734019726514816}, {""species"": ""Astrostole scabra"", ""common_name"": """", ""score"": 0.04132423177361488}, {""species"": ""Distolasterias elegans"", ""common_name"": """", ""score"": 0.016092799603939056}]"
obs_339993526_photo_618618071_box1.jpg,obs_339993526_photo_618618071,/gpfs_common/share03/ftrscape/snair3/wew_notebooks/outputs_crop/obs_339993526_photo_618618071_box1.jpg,1,Meyenaster gelatinosus,Evasterias troschelii,FALSE,,,0.057340197,3,"[{""species"": ""Evasterias echinosoma"", ""common_name"": ""Giant star"", ""score"": 0.5209367871284485}, {""species"": ""Evasterias troschelii"", ""common_name"": """", ""score"": 0.20994985103607178}, {""species"": ""Meyenaster gelatinosus"", ""common_name"": """", ""score"": 0.05734019726514816}, {""species"": ""Astrostole scabra"", ""common_name"": """", ""score"": 0.04132423177361488}, {""species"": ""Distolasterias elegans"", ""common_name"": """", ""score"": 0.016092799603939056}]"
obs_339993526_photo_618618071_box1.jpg,obs_339993526_photo_618618071,/gpfs_common/share03/ftrscape/snair3/wew_notebooks/outputs_crop/obs_339993526_photo_618618071_box1.jpg,1,Astrostole scabra,Evasterias troschelii,FALSE,,,0.041324232,4,"[{""species"": ""Evasterias echinosoma"", ""common_name"": ""Giant star"", ""score"": 0.5209367871284485}, {""species"": ""Evasterias troschelii"", ""common_name"": """", ""score"": 0.20994985103607178}, {""species"": ""Meyenaster gelatinosus"", ""common_name"": """", ""score"": 0.05734019726514816}, {""species"": ""Astrostole scabra"", ""common_name"": """", ""score"": 0.04132423177361488}, {""species"": ""Distolasterias elegans"", ""common_name"": """", ""score"": 0.016092799603939056}]"
obs_339993526_photo_618618071_box1.jpg,obs_339993526_photo_618618071,/gpfs_common/share03/ftrscape/snair3/wew_notebooks/outputs_crop/obs_339993526_photo_618618071_box1.jpg,1,Distolasterias elegans,Evasterias troschelii,FALSE,,,0.0160928,5,"[{""species"": ""Evasterias echinosoma"", ""common_name"": ""Giant star"", ""score"": 0.5209367871284485}, {""species"": ""Evasterias troschelii"", ""common_name"": """", ""score"": 0.20994985103607178}, {""species"": ""Meyenaster gelatinosus"", ""common_name"": """", ""score"": 0.05734019726514816}, {""species"": ""Astrostole scabra"", ""common_name"": """", ""score"": 0.04132423177361488}, {""species"": ""Distolasterias elegans"", ""common_name"": """", ""score"": 0.016092799603939056}]"
obs_339993526_photo_618618071_box2.jpg,obs_339993526_photo_618618071,/gpfs_common/share03/ftrscape/snair3/wew_notebooks/outputs_crop/obs_339993526_photo_618618071_box2.jpg,2,Chloephaga hybrida,Evasterias troschelii,FALSE,,Kelp goose,0.414518058,1,"[{""species"": ""Chloephaga hybrida"", ""common_name"": ""Kelp goose"", ""score"": 0.4145180583000183}, {""species"": ""Laricola Larus elegans"", ""common_name"": """", ""score"": 0.09434882551431656}, {""species"": ""Evasterias troschelii"", ""common_name"": """", ""score"": 0.04695436730980873}, {""species"": ""Evasterias echinosoma"", ""common_name"": ""Giant star"", ""score"": 0.04463902860879898}, {""species"": ""Astrostole insularis"", ""common_name"": """", ""score"": 0.017613831907510757}]"
obs_339993526_photo_618618071_box2.jpg,obs_339993526_photo_618618071,/gpfs_common/share03/ftrscape/snair3/wew_notebooks/outputs_crop/obs_339993526_photo_618618071_box2.jpg,2,Laricola Larus elegans,Evasterias troschelii,FALSE,,,0.094348826,2,"[{""species"": ""Chloephaga hybrida"", ""common_name"": ""Kelp goose"", ""score"": 0.4145180583000183}, {""species"": ""Laricola Larus elegans"", ""common_name"": """", ""score"": 0.09434882551431656}, {""species"": ""Evasterias troschelii"", ""common_name"": """", ""score"": 0.04695436730980873}, {""species"": ""Evasterias echinosoma"", ""common_name"": ""Giant star"", ""score"": 0.04463902860879898}, {""species"": ""Astrostole insularis"", ""common_name"": """", ""score"": 0.017613831907510757}]"
obs_339993526_photo_618618071_box2.jpg,obs_339993526_photo_618618071,/gpfs_common/share03/ftrscape/snair3/wew_notebooks/outputs_crop/obs_339993526_photo_618618071_box2.jpg,2,Evasterias troschelii,Evasterias troschelii,TRUE,,,0.046954367,3,"[{""species"": ""Chloephaga hybrida"", ""common_name"": ""Kelp goose"", ""score"": 0.4145180583000183}, {""species"": ""Laricola Larus elegans"", ""common_name"": """", ""score"": 0.09434882551431656}, {""species"": ""Evasterias troschelii"", ""common_name"": """", ""score"": 0.04695436730980873}, {""species"": ""Evasterias echinosoma"", ""common_name"": ""Giant star"", ""score"": 0.04463902860879898}, {""species"": ""Astrostole insularis"", ""common_name"": """", ""score"": 0.017613831907510757}]"
obs_339993526_photo_618618071_box2.jpg,obs_339993526_photo_618618071,/gpfs_common/share03/ftrscape/snair3/wew_notebooks/outputs_crop/obs_339993526_photo_618618071_box2.jpg,2,Evasterias echinosoma,Evasterias troschelii,FALSE,,Giant star,0.044639029,4,"[{""species"": ""Chloephaga hybrida"", ""common_name"": ""Kelp goose"", ""score"": 0.4145180583000183}, {""species"": ""Laricola Larus elegans"", ""common_name"": """", ""score"": 0.09434882551431656}, {""species"": ""Evasterias troschelii"", ""common_name"": """", ""score"": 0.04695436730980873}, {""species"": ""Evasterias echinosoma"", ""common_name"": ""Giant star"", ""score"": 0.04463902860879898}, {""species"": ""Astrostole insularis"", ""common_name"": """", ""score"": 0.017613831907510757}]"
obs_339993526_photo_618618071_box2.jpg,obs_339993526_photo_618618071,/gpfs_common/share03/ftrscape/snair3/wew_notebooks/outputs_crop/obs_339993526_photo_618618071_box2.jpg,2,Astrostole insularis,Evasterias troschelii,FALSE,,,0.017613832,5,"[{""species"": ""Chloephaga hybrida"", ""common_name"": ""Kelp goose"", ""score"": 0.4145180583000183}, {""species"": ""Laricola Larus elegans"", ""common_name"": """", ""score"": 0.09434882551431656}, {""species"": ""Evasterias troschelii"", ""common_name"": """", ""score"": 0.04695436730980873}, {""species"": ""Evasterias echinosoma"", ""common_name"": ""Giant star"", ""score"": 0.04463902860879898}, {""species"": ""Astrostole insularis"", ""common_name"": """", ""score"": 0.017613831907510757}]"
obs_339993526_photo_618618071_box3.jpg,obs_339993526_photo_618618071,/gpfs_common/share03/ftrscape/snair3/wew_notebooks/outputs_crop/obs_339993526_photo_618618071_box3.jpg,3,Evasterias echinosoma,Evasterias troschelii,FALSE,,Giant star,0.577174842,1,"[{""species"": ""Evasterias echinosoma"", ""common_name"": ""Giant star"", ""score"": 0.5771748423576355}, {""species"": ""Evasterias troschelii"", ""common_name"": """", ""score"": 0.10559682548046112}, {""species"": ""Pycnopodia helianthoides"", ""common_name"": ""Rag mop"", ""score"": 0.0570787638425827}, {""species"": ""Distolasterias elegans"", ""common_name"": """", ""score"": 0.025902900844812393}, {""species"": ""Luidia magellanica"", ""common_name"": """", ""score"": 0.02566918358206749}]"
obs_339993526_photo_618618071_box3.jpg,obs_339993526_photo_618618071,/gpfs_common/share03/ftrscape/snair3/wew_notebooks/outputs_crop/obs_339993526_photo_618618071_box3.jpg,3,Evasterias troschelii,Evasterias troschelii,TRUE,,,0.105596825,2,"[{""species"": ""Evasterias echinosoma"", ""common_name"": ""Giant star"", ""score"": 0.5771748423576355}, {""species"": ""Evasterias troschelii"", ""common_name"": """", ""score"": 0.10559682548046112}, {""species"": ""Pycnopodia helianthoides"", ""common_name"": ""Rag mop"", ""score"": 0.0570787638425827}, {""species"": ""Distolasterias elegans"", ""common_name"": """", ""score"": 0.025902900844812393}, {""species"": ""Luidia magellanica"", ""common_name"": """", ""score"": 0.02566918358206749}]"
obs_339993526_photo_618618071_box3.jpg,obs_339993526_photo_618618071,/gpfs_common/share03/ftrscape/snair3/wew_notebooks/outputs_crop/obs_339993526_photo_618618071_box3.jpg,3,Pycnopodia helianthoides,Evasterias troschelii,FALSE,,Rag mop,0.057078764,3,"[{""species"": ""Evasterias echinosoma"", ""common_name"": ""Giant star"", ""score"": 0.5771748423576355}, {""species"": ""Evasterias troschelii"", ""common_name"": """", ""score"": 0.10559682548046112}, {""species"": ""Pycnopodia helianthoides"", ""common_name"": ""Rag mop"", ""score"": 0.0570787638425827}, {""species"": ""Distolasterias elegans"", ""common_name"": """", ""score"": 0.025902900844812393}, {""species"": ""Luidia magellanica"", ""common_name"": """", ""score"": 0.02566918358206749}]"
obs_339993526_photo_618618071_box3.jpg,obs_339993526_photo_618618071,/gpfs_common/share03/ftrscape/snair3/wew_notebooks/outputs_crop/obs_339993526_photo_618618071_box3.jpg,3,Distolasterias elegans,Evasterias troschelii,FALSE,,,0.025902901,4,"[{""species"": ""Evasterias echinosoma"", ""common_name"": ""Giant star"", ""score"": 0.5771748423576355}, {""species"": ""Evasterias troschelii"", ""common_name"": """", ""score"": 0.10559682548046112}, {""species"": ""Pycnopodia helianthoides"", ""common_name"": ""Rag mop"", ""score"": 0.0570787638425827}, {""species"": ""Distolasterias elegans"", ""common_name"": """", ""score"": 0.025902900844812393}, {""species"": ""Luidia magellanica"", ""common_name"": """", ""score"": 0.02566918358206749}]"
obs_339993526_photo_618618071_box3.jpg,obs_339993526_photo_618618071,/gpfs_common/share03/ftrscape/snair3/wew_notebooks/outputs_crop/obs_339993526_photo_618618071_box3.jpg,3,Luidia magellanica,Evasterias troschelii,FALSE,,,0.025669184,5,"[{""species"": ""Evasterias echinosoma"", ""common_name"": ""Giant star"", ""score"": 0.5771748423576355}, {""species"": ""Evasterias troschelii"", ""common_name"": """", ""score"": 0.10559682548046112}, {""species"": ""Pycnopodia helianthoides"", ""common_name"": ""Rag mop"", ""score"": 0.0570787638425827}, {""species"": ""Distolasterias elegans"", ""common_name"": """", ""score"": 0.025902900844812393}, {""species"": ""Luidia magellanica"", ""common_name"": """", ""score"": 0.02566918358206749}]"
obs_339993526_photo_618618071_box4.jpg,obs_339993526_photo_618618071,/gpfs_common/share03/ftrscape/snair3/wew_notebooks/outputs_crop/obs_339993526_photo_618618071_box4.jpg,4,Evasterias echinosoma,Evasterias troschelii,FALSE,,Giant star,0.134886712,1,"[{""species"": ""Evasterias echinosoma"", ""common_name"": ""Giant star"", ""score"": 0.1348867118358612}, {""species"": ""Meyenaster gelatinosus"", ""common_name"": """", ""score"": 0.11815312504768372}, {""species"": ""Astrostole insularis"", ""common_name"": """", ""score"": 0.10664882510900497}, {""species"": ""Astrostole scabra"", ""common_name"": """", ""score"": 0.08660637587308884}, {""species"": ""Astrostole platei"", ""common_name"": """", ""score"": 0.03272518515586853}]"
obs_339993526_photo_618618071_box4.jpg,obs_339993526_photo_618618071,/gpfs_common/share03/ftrscape/snair3/wew_notebooks/outputs_crop/obs_339993526_photo_618618071_box4.jpg,4,Meyenaster gelatinosus,Evasterias troschelii,FALSE,,,0.118153125,2,"[{""species"": ""Evasterias echinosoma"", ""common_name"": ""Giant star"", ""score"": 0.1348867118358612}, {""species"": ""Meyenaster gelatinosus"", ""common_name"": """", ""score"": 0.11815312504768372}, {""species"": ""Astrostole insularis"", ""common_name"": """", ""score"": 0.10664882510900497}, {""species"": ""Astrostole scabra"", ""common_name"": """", ""score"": 0.08660637587308884}, {""species"": ""Astrostole platei"", ""common_name"": """", ""score"": 0.03272518515586853}]"
obs_339993526_photo_618618071_box4.jpg,obs_339993526_photo_618618071,/gpfs_common/share03/ftrscape/snair3/wew_notebooks/outputs_crop/obs_339993526_photo_618618071_box4.jpg,4,Astrostole insularis,Evasterias troschelii,FALSE,,,0.106648825,3,"[{""species"": ""Evasterias echinosoma"", ""common_name"": ""Giant star"", ""score"": 0.1348867118358612}, {""species"": ""Meyenaster gelatinosus"", ""common_name"": """", ""score"": 0.11815312504768372}, {""species"": ""Astrostole insularis"", ""common_name"": """", ""score"": 0.10664882510900497}, {""species"": ""Astrostole scabra"", ""common_name"": """", ""score"": 0.08660637587308884}, {""species"": ""Astrostole platei"", ""common_name"": """", ""score"": 0.03272518515586853}]"
obs_339993526_photo_618618071_box4.jpg,obs_339993526_photo_618618071,/gpfs_common/share03/ftrscape/snair3/wew_notebooks/outputs_crop/obs_339993526_photo_618618071_box4.jpg,4,Astrostole scabra,Evasterias troschelii,FALSE,,,0.086606376,4,"[{""species"": ""Evasterias echinosoma"", ""common_name"": ""Giant star"", ""score"": 0.1348867118358612}, {""species"": ""Meyenaster gelatinosus"", ""common_name"": """", ""score"": 0.11815312504768372}, {""species"": ""Astrostole insularis"", ""common_name"": """", ""score"": 0.10664882510900497}, {""species"": ""Astrostole scabra"", ""common_name"": """", ""score"": 0.08660637587308884}, {""species"": ""Astrostole platei"", ""common_name"": """", ""score"": 0.03272518515586853}]"
obs_339993526_photo_618618071_box4.jpg,obs_339993526_photo_618618071,/gpfs_common/share03/ftrscape/snair3/wew_notebooks/outputs_crop/obs_339993526_photo_618618071_box4.jpg,4,Astrostole platei,Evasterias troschelii,FALSE,,,0.032725185,5,"[{""species"": ""Evasterias echinosoma"", ""common_name"": ""Giant star"", ""score"": 0.1348867118358612}, {""species"": ""Meyenaster gelatinosus"", ""common_name"": """", ""score"": 0.11815312504768372}, {""species"": ""Astrostole insularis"", ""common_name"": """", ""score"": 0.10664882510900497}, {""species"": ""Astrostole scabra"", ""common_name"": """", ""score"": 0.08660637587308884}, {""species"": ""Astrostole platei"", ""common_name"": """", ""score"": 0.03272518515586853}]"
obs_339993526_photo_618618071_box5.jpg,obs_339993526_photo_618618071,/gpfs_common/share03/ftrscape/snair3/wew_notebooks/outputs_crop/obs_339993526_photo_618618071_box5.jpg,5,Evasterias echinosoma,Evasterias troschelii,FALSE,,Giant star,0.619154751,1,"[{""species"": ""Evasterias echinosoma"", ""common_name"": ""Giant star"", ""score"": 0.6191547513008118}, {""species"": ""Evasterias troschelii"", ""common_name"": """", ""score"": 0.07821980863809586}, {""species"": ""Asterias rathbuni"", ""common_name"": """", ""score"": 0.03576112538576126}, {""species"": ""Luidia magellanica"", ""common_name"": """", ""score"": 0.03197643905878067}, {""species"": ""Distolasterias elegans"", ""common_name"": """", ""score"": 0.027174098417162895}]"
obs_339993526_photo_618618071_box5.jpg,obs_339993526_photo_618618071,/gpfs_common/share03/ftrscape/snair3/wew_notebooks/outputs_crop/obs_339993526_photo_618618071_box5.jpg,5,Evasterias troschelii,Evasterias troschelii,TRUE,,,0.078219809,2,"[{""species"": ""Evasterias echinosoma"", ""common_name"": ""Giant star"", ""score"": 0.6191547513008118}, {""species"": ""Evasterias troschelii"", ""common_name"": """", ""score"": 0.07821980863809586}, {""species"": ""Asterias rathbuni"", ""common_name"": """", ""score"": 0.03576112538576126}, {""species"": ""Luidia magellanica"", ""common_name"": """", ""score"": 0.03197643905878067}, {""species"": ""Distolasterias elegans"", ""common_name"": """", ""score"": 0.027174098417162895}]"
obs_339993526_photo_618618071_box5.jpg,obs_339993526_photo_618618071,/gpfs_common/share03/ftrscape/snair3/wew_notebooks/outputs_crop/obs_339993526_photo_618618071_box5.jpg,5,Asterias rathbuni,Evasterias troschelii,FALSE,,,0.035761125,3,"[{""species"": ""Evasterias echinosoma"", ""common_name"": ""Giant star"", ""score"": 0.6191547513008118}, {""species"": ""Evasterias troschelii"", ""common_name"": """", ""score"": 0.07821980863809586}, {""species"": ""Asterias rathbuni"", ""common_name"": """", ""score"": 0.03576112538576126}, {""species"": ""Luidia magellanica"", ""common_name"": """", ""score"": 0.03197643905878067}, {""species"": ""Distolasterias elegans"", ""common_name"": """", ""score"": 0.027174098417162895}]"
obs_339993526_photo_618618071_box5.jpg,obs_339993526_photo_618618071,/gpfs_common/share03/ftrscape/snair3/wew_notebooks/outputs_crop/obs_339993526_photo_618618071_box5.jpg,5,Luidia magellanica,Evasterias troschelii,FALSE,,,0.031976439,4,"[{""species"": ""Evasterias echinosoma"", ""common_name"": ""Giant star"", ""score"": 0.6191547513008118}, {""species"": ""Evasterias troschelii"", ""common_name"": """", ""score"": 0.07821980863809586}, {""species"": ""Asterias rathbuni"", ""common_name"": """", ""score"": 0.03576112538576126}, {""species"": ""Luidia magellanica"", ""common_name"": """", ""score"": 0.03197643905878067}, {""species"": ""Distolasterias elegans"", ""common_name"": """", ""score"": 0.027174098417162895}]"
obs_339993526_photo_618618071_box5.jpg,obs_339993526_photo_618618071,/gpfs_common/share03/ftrscape/snair3/wew_notebooks/outputs_crop/obs_339993526_photo_618618071_box5.jpg,5,Distolasterias elegans,Evasterias troschelii,FALSE,,,0.027174098,5,"[{""species"": ""Evasterias echinosoma"", ""common_name"": ""Giant star"", ""score"": 0.6191547513008118}, {""species"": ""Evasterias troschelii"", ""common_name"": """", ""score"": 0.07821980863809586}, {""species"": ""Asterias rathbuni"", ""common_name"": """", ""score"": 0.03576112538576126}, {""species"": ""Luidia magellanica"", ""common_name"": """", ""score"": 0.03197643905878067}, {""species"": ""Distolasterias elegans"", ""common_name"": """", ""score"": 0.027174098417162895}]"
obs_340263466_photo_619175705_box1.jpg,obs_340263466_photo_619175705,/gpfs_common/share03/ftrscape/snair3/wew_notebooks/outputs_crop/obs_340263466_photo_619175705_box1.jpg,1,Tristerix aphyllus,Cirsium ehrenbergii,FALSE,Misidentified as a different species,,0.119757548,1,"[{""species"": ""Tristerix aphyllus"", ""common_name"": """", ""score"": 0.11975754797458649}, {""species"": ""Ferocactus gracilis"", ""common_name"": ""Fire barrel cactus"", ""score"": 0.07768908143043518}, {""species"": ""Melocactus intortus"", ""common_name"": ""Barrel cactus"", ""score"": 0.040158458054065704}, {""species"": ""Eriosyce subgibbosa"", ""common_name"": """", ""score"": 0.03939585015177727}, {""species"": ""Eriosyce engleri"", ""common_name"": """", ""score"": 0.038689907640218735}]"
obs_340263466_photo_619175705_box1.jpg,obs_340263466_photo_619175705,/gpfs_common/share03/ftrscape/snair3/wew_notebooks/outputs_crop/obs_340263466_photo_619175705_box1.jpg,1,Ferocactus gracilis,Cirsium ehrenbergii,FALSE,Misidentified as a different species,Fire barrel cactus,0.077689081,2,"[{""species"": ""Tristerix aphyllus"", ""common_name"": """", ""score"": 0.11975754797458649}, {""species"": ""Ferocactus gracilis"", ""common_name"": ""Fire barrel cactus"", ""score"": 0.07768908143043518}, {""species"": ""Melocactus intortus"", ""common_name"": ""Barrel cactus"", ""score"": 0.040158458054065704}, {""species"": ""Eriosyce subgibbosa"", ""common_name"": """", ""score"": 0.03939585015177727}, {""species"": ""Eriosyce engleri"", ""common_name"": """", ""score"": 0.038689907640218735}]"
obs_340263466_photo_619175705_box1.jpg,obs_340263466_photo_619175705,/gpfs_common/share03/ftrscape/snair3/wew_notebooks/outputs_crop/obs_340263466_photo_619175705_box1.jpg,1,Melocactus intortus,Cirsium ehrenbergii,FALSE,Misidentified as a different species,Barrel cactus,0.040158458,3,"[{""species"": ""Tristerix aphyllus"", ""common_name"": """", ""score"": 0.11975754797458649}, {""species"": ""Ferocactus gracilis"", ""common_name"": ""Fire barrel cactus"", ""score"": 0.07768908143043518}, {""species"": ""Melocactus intortus"", ""common_name"": ""Barrel cactus"", ""score"": 0.040158458054065704}, {""species"": ""Eriosyce subgibbosa"", ""common_name"": """", ""score"": 0.03939585015177727}, {""species"": ""Eriosyce engleri"", ""common_name"": """", ""score"": 0.038689907640218735}]"
obs_340263466_photo_619175705_box1.jpg,obs_340263466_photo_619175705,/gpfs_common/share03/ftrscape/snair3/wew_notebooks/outputs_crop/obs_340263466_photo_619175705_box1.jpg,1,Eriosyce subgibbosa,Cirsium ehrenbergii,FALSE,Misidentified as a different species,,0.03939585,4,"[{""species"": ""Tristerix aphyllus"", ""common_name"": """", ""score"": 0.11975754797458649}, {""species"": ""Ferocactus gracilis"", ""common_name"": ""Fire barrel cactus"", ""score"": 0.07768908143043518}, {""species"": ""Melocactus intortus"", ""common_name"": ""Barrel cactus"", ""score"": 0.040158458054065704}, {""species"": ""Eriosyce subgibbosa"", ""common_name"": """", ""score"": 0.03939585015177727}, {""species"": ""Eriosyce engleri"", ""common_name"": """", ""score"": 0.038689907640218735}]"
obs_340263466_photo_619175705_box1.jpg,obs_340263466_photo_619175705,/gpfs_common/share03/ftrscape/snair3/wew_notebooks/outputs_crop/obs_340263466_photo_619175705_box1.jpg,1,Eriosyce engleri,Cirsium ehrenbergii,FALSE,Misidentified as a different species,,0.038689908,5,"[{""species"": ""Tristerix aphyllus"", ""common_name"": """", ""score"": 0.11975754797458649}, {""species"": ""Ferocactus gracilis"", ""common_name"": ""Fire barrel cactus"", ""score"": 0.07768908143043518}, {""species"": ""Melocactus intortus"", ""common_name"": ""Barrel cactus"", ""score"": 0.040158458054065704}, {""species"": ""Eriosyce subgibbosa"", ""common_name"": """", ""score"": 0.03939585015177727}, {""species"": ""Eriosyce engleri"", ""common_name"": """", ""score"": 0.038689907640218735}]"
obs_340263466_photo_619175705_box2.jpg,obs_340263466_photo_619175705,/gpfs_common/share03/ftrscape/snair3/wew_notebooks/outputs_crop/obs_340263466_photo_619175705_box2.jpg,2,Tristerix aphyllus,Cirsium ehrenbergii,FALSE,Misidentified as a different species,,0.362988621,1,"[{""species"": ""Tristerix aphyllus"", ""common_name"": """", ""score"": 0.3629886209964752}, {""species"": ""Ferocactus gracilis"", ""common_name"": ""Fire barrel cactus"", ""score"": 0.08110687136650085}, {""species"": ""Mammillaria halei"", ""common_name"": """", ""score"": 0.05559268221259117}, {""species"": ""Melocactus intortus"", ""common_name"": ""Barrel cactus"", ""score"": 0.051252685487270355}, {""species"": ""Eriosyce subgibbosa"", ""common_name"": """", ""score"": 0.03069065697491169}]"
obs_340263466_photo_619175705_box2.jpg,obs_340263466_photo_619175705,/gpfs_common/share03/ftrscape/snair3/wew_notebooks/outputs_crop/obs_340263466_photo_619175705_box2.jpg,2,Ferocactus gracilis,Cirsium ehrenbergii,FALSE,Misidentified as a different species,Fire barrel cactus,0.081106871,2,"[{""species"": ""Tristerix aphyllus"", ""common_name"": """", ""score"": 0.3629886209964752}, {""species"": ""Ferocactus gracilis"", ""common_name"": ""Fire barrel cactus"", ""score"": 0.08110687136650085}, {""species"": ""Mammillaria halei"", ""common_name"": """", ""score"": 0.05559268221259117}, {""species"": ""Melocactus intortus"", ""common_name"": ""Barrel cactus"", ""score"": 0.051252685487270355}, {""species"": ""Eriosyce subgibbosa"", ""common_name"": """", ""score"": 0.03069065697491169}]"
obs_340263466_photo_619175705_box2.jpg,obs_340263466_photo_619175705,/gpfs_common/share03/ftrscape/snair3/wew_notebooks/outputs_crop/obs_340263466_photo_619175705_box2.jpg,2,Mammillaria halei,Cirsium ehrenbergii,FALSE,Misidentified as a different species,,0.055592682,3,"[{""species"": ""Tristerix aphyllus"", ""common_name"": """", ""score"": 0.3629886209964752}, {""species"": ""Ferocactus gracilis"", ""common_name"": ""Fire barrel cactus"", ""score"": 0.08110687136650085}, {""species"": ""Mammillaria halei"", ""common_name"": """", ""score"": 0.05559268221259117}, {""species"": ""Melocactus intortus"", ""common_name"": ""Barrel cactus"", ""score"": 0.051252685487270355}, {""species"": ""Eriosyce subgibbosa"", ""common_name"": """", ""score"": 0.03069065697491169}]"
obs_340263466_photo_619175705_box2.jpg,obs_340263466_photo_619175705,/gpfs_common/share03/ftrscape/snair3/wew_notebooks/outputs_crop/obs_340263466_photo_619175705_box2.jpg,2,Melocactus intortus,Cirsium ehrenbergii,FALSE,Misidentified as a different species,Barrel cactus,0.051252685,4,"[{""species"": ""Tristerix aphyllus"", ""common_name"": """", ""score"": 0.3629886209964752}, {""species"": ""Ferocactus gracilis"", ""common_name"": ""Fire barrel cactus"", ""score"": 0.08110687136650085}, {""species"": ""Mammillaria halei"", ""common_name"": """", ""score"": 0.05559268221259117}, {""species"": ""Melocactus intortus"", ""common_name"": ""Barrel cactus"", ""score"": 0.051252685487270355}, {""species"": ""Eriosyce subgibbosa"", ""common_name"": """", ""score"": 0.03069065697491169}]"
obs_340263466_photo_619175705_box2.jpg,obs_340263466_photo_619175705,/gpfs_common/share03/ftrscape/snair3/wew_notebooks/outputs_crop/obs_340263466_photo_619175705_box2.jpg,2,Eriosyce subgibbosa,Cirsium ehrenbergii,FALSE,Misidentified as a different species,,0.030690657,5,"[{""species"": ""Tristerix aphyllus"", ""common_name"": """", ""score"": 0.3629886209964752}, {""species"": ""Ferocactus gracilis"", ""common_name"": ""Fire barrel cactus"", ""score"": 0.08110687136650085}, {""species"": ""Mammillaria halei"", ""common_name"": """", ""score"": 0.05559268221259117}, {""species"": ""Melocactus intortus"", ""common_name"": ""Barrel cactus"", ""score"": 0.051252685487270355}, {""species"": ""Eriosyce subgibbosa"", ""common_name"": """", ""score"": 0.03069065697491169}]"
obs_340263466_photo_619175705_box3.jpg,obs_340263466_photo_619175705,/gpfs_common/share03/ftrscape/snair3/wew_notebooks/outputs_crop/obs_340263466_photo_619175705_box3.jpg,3,Tristerix aphyllus,Cirsium ehrenbergii,FALSE,Misidentified as a different species,,0.180084437,1,"[{""species"": ""Tristerix aphyllus"", ""common_name"": """", ""score"": 0.1800844371318817}, {""species"": ""Mammillaria halei"", ""common_name"": """", ""score"": 0.13271401822566986}, {""species"": ""Tristerix grandiflorus"", ""common_name"": """", ""score"": 0.06990603357553482}, {""species"": ""Borzicactus sulcifer"", ""common_name"": """", ""score"": 0.04560583084821701}, {""species"": ""Eriosyce subgibbosa"", ""common_name"": """", ""score"": 0.043657392263412476}]"
obs_340263466_photo_619175705_box3.jpg,obs_340263466_photo_619175705,/gpfs_common/share03/ftrscape/snair3/wew_notebooks/outputs_crop/obs_340263466_photo_619175705_box3.jpg,3,Mammillaria halei,Cirsium ehrenbergii,FALSE,Misidentified as a different species,,0.132714018,2,"[{""species"": ""Tristerix aphyllus"", ""common_name"": """", ""score"": 0.1800844371318817}, {""species"": ""Mammillaria halei"", ""common_name"": """", ""score"": 0.13271401822566986}, {""species"": ""Tristerix grandiflorus"", ""common_name"": """", ""score"": 0.06990603357553482}, {""species"": ""Borzicactus sulcifer"", ""common_name"": """", ""score"": 0.04560583084821701}, {""species"": ""Eriosyce subgibbosa"", ""common_name"": """", ""score"": 0.043657392263412476}]"
obs_340263466_photo_619175705_box3.jpg,obs_340263466_photo_619175705,/gpfs_common/share03/ftrscape/snair3/wew_notebooks/outputs_crop/obs_340263466_photo_619175705_box3.jpg,3,Tristerix grandiflorus,Cirsium ehrenbergii,FALSE,Misidentified as a different species,,0.069906034,3,"[{""species"": ""Tristerix aphyllus"", ""common_name"": """", ""score"": 0.1800844371318817}, {""species"": ""Mammillaria halei"", ""common_name"": """", ""score"": 0.13271401822566986}, {""species"": ""Tristerix grandiflorus"", ""common_name"": """", ""score"": 0.06990603357553482}, {""species"": ""Borzicactus sulcifer"", ""common_name"": """", ""score"": 0.04560583084821701}, {""species"": ""Eriosyce subgibbosa"", ""common_name"": """", ""score"": 0.043657392263412476}]"
obs_340263466_photo_619175705_box3.jpg,obs_340263466_photo_619175705,/gpfs_common/share03/ftrscape/snair3/wew_notebooks/outputs_crop/obs_340263466_photo_619175705_box3.jpg,3,Borzicactus sulcifer,Cirsium ehrenbergii,FALSE,Misidentified as a different species,,0.045605831,4,"[{""species"": ""Tristerix aphyllus"", ""common_name"": """", ""score"": 0.1800844371318817}, {""species"": ""Mammillaria halei"", ""common_name"": """", ""score"": 0.13271401822566986}, {""species"": ""Tristerix grandiflorus"", ""common_name"": """", ""score"": 0.06990603357553482}, {""species"": ""Borzicactus sulcifer"", ""common_name"": """", ""score"": 0.04560583084821701}, {""species"": ""Eriosyce subgibbosa"", ""common_name"": """", ""score"": 0.043657392263412476}]"
obs_340263466_photo_619175705_box3.jpg,obs_340263466_photo_619175705,/gpfs_common/share03/ftrscape/snair3/wew_notebooks/outputs_crop/obs_340263466_photo_619175705_box3.jpg,3,Eriosyce subgibbosa,Cirsium ehrenbergii,FALSE,Misidentified as a different species,,0.043657392,5,"[{""species"": ""Tristerix aphyllus"", ""common_name"": """", ""score"": 0.1800844371318817}, {""species"": ""Mammillaria halei"", ""common_name"": """", ""score"": 0.13271401822566986}, {""species"": ""Tristerix grandiflorus"", ""common_name"": """", ""score"": 0.06990603357553482}, {""species"": ""Borzicactus sulcifer"", ""common_name"": """", ""score"": 0.04560583084821701}, {""species"": ""Eriosyce subgibbosa"", ""common_name"": """", ""score"": 0.043657392263412476}]"
obs_340271186_photo_619190124_box1.jpg,obs_340271186_photo_619190124,/gpfs_common/share03/ftrscape/snair3/wew_notebooks/outputs_crop/obs_340271186_photo_619190124_box1.jpg,1,Setophaga townsendi,Baccharis pilularis,FALSE,,Townsend's warbler,0.019743737,1,"[{""species"": ""Setophaga townsendi"", ""common_name"": ""Townsend's warbler"", ""score"": 0.01974373683333397}, {""species"": ""Cardellina pusilla"", ""common_name"": ""Wilson's warbler"", ""score"": 0.018754849210381508}, {""species"": ""Leptasthenura aegithaloides"", ""common_name"": ""Plain-mantled tit-spinetail"", ""score"": 0.01733296550810337}, {""species"": ""Leiothlypis ruficapilla"", ""common_name"": ""Nashville Warbler"", ""score"": 0.015387821942567825}, {""species"": ""Leiothlypis celata"", ""common_name"": ""Orange-crowned warbler"", ""score"": 0.013684958219528198}]"
obs_340271186_photo_619190124_box1.jpg,obs_340271186_photo_619190124,/gpfs_common/share03/ftrscape/snair3/wew_notebooks/outputs_crop/obs_340271186_photo_619190124_box1.jpg,1,Cardellina pusilla,Baccharis pilularis,FALSE,,Wilson's warbler,0.018754849,2,"[{""species"": ""Setophaga townsendi"", ""common_name"": ""Townsend's warbler"", ""score"": 0.01974373683333397}, {""species"": ""Cardellina pusilla"", ""common_name"": ""Wilson's warbler"", ""score"": 0.018754849210381508}, {""species"": ""Leptasthenura aegithaloides"", ""common_name"": ""Plain-mantled tit-spinetail"", ""score"": 0.01733296550810337}, {""species"": ""Leiothlypis ruficapilla"", ""common_name"": ""Nashville Warbler"", ""score"": 0.015387821942567825}, {""species"": ""Leiothlypis celata"", ""common_name"": ""Orange-crowned warbler"", ""score"": 0.013684958219528198}]"
obs_340271186_photo_619190124_box1.jpg,obs_340271186_photo_619190124,/gpfs_common/share03/ftrscape/snair3/wew_notebooks/outputs_crop/obs_340271186_photo_619190124_box1.jpg,1,Leptasthenura aegithaloides,Baccharis pilularis,FALSE,,Plain-mantled tit-spinetail,0.017332966,3,"[{""species"": ""Setophaga townsendi"", ""common_name"": ""Townsend's warbler"", ""score"": 0.01974373683333397}, {""species"": ""Cardellina pusilla"", ""common_name"": ""Wilson's warbler"", ""score"": 0.018754849210381508}, {""species"": ""Leptasthenura aegithaloides"", ""common_name"": ""Plain-mantled tit-spinetail"", ""score"": 0.01733296550810337}, {""species"": ""Leiothlypis ruficapilla"", ""common_name"": ""Nashville Warbler"", ""score"": 0.015387821942567825}, {""species"": ""Leiothlypis celata"", ""common_name"": ""Orange-crowned warbler"", ""score"": 0.013684958219528198}]"
obs_340271186_photo_619190124_box1.jpg,obs_340271186_photo_619190124,/gpfs_common/share03/ftrscape/snair3/wew_notebooks/outputs_crop/obs_340271186_photo_619190124_box1.jpg,1,Leiothlypis ruficapilla,Baccharis pilularis,FALSE,,Nashville Warbler,0.015387822,4,"[{""species"": ""Setophaga townsendi"", ""common_name"": ""Townsend's warbler"", ""score"": 0.01974373683333397}, {""species"": ""Cardellina pusilla"", ""common_name"": ""Wilson's warbler"", ""score"": 0.018754849210381508}, {""species"": ""Leptasthenura aegithaloides"", ""common_name"": ""Plain-mantled tit-spinetail"", ""score"": 0.01733296550810337}, {""species"": ""Leiothlypis ruficapilla"", ""common_name"": ""Nashville Warbler"", ""score"": 0.015387821942567825}, {""species"": ""Leiothlypis celata"", ""common_name"": ""Orange-crowned warbler"", ""score"": 0.013684958219528198}]"
obs_340271186_photo_619190124_box1.jpg,obs_340271186_photo_619190124,/gpfs_common/share03/ftrscape/snair3/wew_notebooks/outputs_crop/obs_340271186_photo_619190124_box1.jpg,1,Leiothlypis celata,Baccharis pilularis,FALSE,,Orange-crowned warbler,0.013684958,5,"[{""species"": ""Setophaga townsendi"", ""common_name"": ""Townsend's warbler"", ""score"": 0.01974373683333397}, {""species"": ""Cardellina pusilla"", ""common_name"": ""Wilson's warbler"", ""score"": 0.018754849210381508}, {""species"": ""Leptasthenura aegithaloides"", ""common_name"": ""Plain-mantled tit-spinetail"", ""score"": 0.01733296550810337}, {""species"": ""Leiothlypis ruficapilla"", ""common_name"": ""Nashville Warbler"", ""score"": 0.015387821942567825}, {""species"": ""Leiothlypis celata"", ""common_name"": ""Orange-crowned warbler"", ""score"": 0.013684958219528198}]"
obs_340271186_photo_619190124_box2.jpg,obs_340271186_photo_619190124,/gpfs_common/share03/ftrscape/snair3/wew_notebooks/outputs_crop/obs_340271186_photo_619190124_box2.jpg,2,Rhopalomyia californica,Baccharis pilularis,FALSE,,,0.318704814,1,"[{""species"": ""Rhopalomyia californica"", ""common_name"": """", ""score"": 0.3187048137187958}, {""species"": ""Baccharis pilularis"", ""common_name"": ""Coyotebrush"", ""score"": 0.22933916747570038}, {""species"": ""Baccharis heterophylla"", ""common_name"": """", ""score"": 0.04528860002756119}, {""species"": ""Rhopalomyia baccharis"", ""common_name"": """", ""score"": 0.02886349707841873}, {""species"": ""Baccharis conferta"", ""common_name"": """", ""score"": 0.026581579819321632}]"
obs_340271186_photo_619190124_box2.jpg,obs_340271186_photo_619190124,/gpfs_common/share03/ftrscape/snair3/wew_notebooks/outputs_crop/obs_340271186_photo_619190124_box2.jpg,2,Baccharis pilularis,Baccharis pilularis,TRUE,,Coyotebrush,0.229339167,2,"[{""species"": ""Rhopalomyia californica"", ""common_name"": """", ""score"": 0.3187048137187958}, {""species"": ""Baccharis pilularis"", ""common_name"": ""Coyotebrush"", ""score"": 0.22933916747570038}, {""species"": ""Baccharis heterophylla"", ""common_name"": """", ""score"": 0.04528860002756119}, {""species"": ""Rhopalomyia baccharis"", ""common_name"": """", ""score"": 0.02886349707841873}, {""species"": ""Baccharis conferta"", ""common_name"": """", ""score"": 0.026581579819321632}]"
obs_340271186_photo_619190124_box2.jpg,obs_340271186_photo_619190124,/gpfs_common/share03/ftrscape/snair3/wew_notebooks/outputs_crop/obs_340271186_photo_619190124_box2.jpg,2,Baccharis heterophylla,Baccharis pilularis,FALSE,,,0.0452886,3,"[{""species"": ""Rhopalomyia californica"", ""common_name"": """", ""score"": 0.3187048137187958}, {""species"": ""Baccharis pilularis"", ""common_name"": ""Coyotebrush"", ""score"": 0.22933916747570038}, {""species"": ""Baccharis heterophylla"", ""common_name"": """", ""score"": 0.04528860002756119}, {""species"": ""Rhopalomyia baccharis"", ""common_name"": """", ""score"": 0.02886349707841873}, {""species"": ""Baccharis conferta"", ""common_name"": """", ""score"": 0.026581579819321632}]"
obs_340271186_photo_619190124_box2.jpg,obs_340271186_photo_619190124,/gpfs_common/share03/ftrscape/snair3/wew_notebooks/outputs_crop/obs_340271186_photo_619190124_box2.jpg,2,Rhopalomyia baccharis,Baccharis pilularis,FALSE,,,0.028863497,4,"[{""species"": ""Rhopalomyia californica"", ""common_name"": """", ""score"": 0.3187048137187958}, {""species"": ""Baccharis pilularis"", ""common_name"": ""Coyotebrush"", ""score"": 0.22933916747570038}, {""species"": ""Baccharis heterophylla"", ""common_name"": """", ""score"": 0.04528860002756119}, {""species"": ""Rhopalomyia baccharis"", ""common_name"": """", ""score"": 0.02886349707841873}, {""species"": ""Baccharis conferta"", ""common_name"": """", ""score"": 0.026581579819321632}]"
obs_340271186_photo_619190124_box2.jpg,obs_340271186_photo_619190124,/gpfs_common/share03/ftrscape/snair3/wew_notebooks/outputs_crop/obs_340271186_photo_619190124_box2.jpg,2,Baccharis conferta,Baccharis pilularis,FALSE,,,0.02658158,5,"[{""species"": ""Rhopalomyia californica"", ""common_name"": """", ""score"": 0.3187048137187958}, {""species"": ""Baccharis pilularis"", ""common_name"": ""Coyotebrush"", ""score"": 0.22933916747570038}, {""species"": ""Baccharis heterophylla"", ""common_name"": """", ""score"": 0.04528860002756119}, {""species"": ""Rhopalomyia baccharis"", ""common_name"": """", ""score"": 0.02886349707841873}, {""species"": ""Baccharis conferta"", ""common_name"": """", ""score"": 0.026581579819321632}]"
obs_340271186_photo_619190124_box3.jpg,obs_340271186_photo_619190124,/gpfs_common/share03/ftrscape/snair3/wew_notebooks/outputs_crop/obs_340271186_photo_619190124_box3.jpg,3,Asphondylia pumila,Baccharis pilularis,FALSE,,,0.134589419,1,"[{""species"": ""Asphondylia pumila"", ""common_name"": """", ""score"": 0.13458941876888275}, {""species"": ""Rhopalomyia californica"", ""common_name"": """", ""score"": 0.10307605564594269}, {""species"": ""Exobasidium japonicum"", ""common_name"": ""Azalea gall"", ""score"": 0.06643523275852203}, {""species"": ""Pacifigeron indivisus"", ""common_name"": """", ""score"": 0.055335354059934616}, {""species"": ""Rhopalomyia chrysanthemi"", ""common_name"": ""Chrysanthemum gall midge"", ""score"": 0.022511376067996025}]"
obs_340271186_photo_619190124_box3.jpg,obs_340271186_photo_619190124,/gpfs_common/share03/ftrscape/snair3/wew_notebooks/outputs_crop/obs_340271186_photo_619190124_box3.jpg,3,Rhopalomyia californica,Baccharis pilularis,FALSE,,,0.103076056,2,"[{""species"": ""Asphondylia pumila"", ""common_name"": """", ""score"": 0.13458941876888275}, {""species"": ""Rhopalomyia californica"", ""common_name"": """", ""score"": 0.10307605564594269}, {""species"": ""Exobasidium japonicum"", ""common_name"": ""Azalea gall"", ""score"": 0.06643523275852203}, {""species"": ""Pacifigeron indivisus"", ""common_name"": """", ""score"": 0.055335354059934616}, {""species"": ""Rhopalomyia chrysanthemi"", ""common_name"": ""Chrysanthemum gall midge"", ""score"": 0.022511376067996025}]"
obs_340271186_photo_619190124_box3.jpg,obs_340271186_photo_619190124,/gpfs_common/share03/ftrscape/snair3/wew_notebooks/outputs_crop/obs_340271186_photo_619190124_box3.jpg,3,Exobasidium japonicum,Baccharis pilularis,FALSE,,Azalea gall,0.066435233,3,"[{""species"": ""Asphondylia pumila"", ""common_name"": """", ""score"": 0.13458941876888275}, {""species"": ""Rhopalomyia californica"", ""common_name"": """", ""score"": 0.10307605564594269}, {""species"": ""Exobasidium japonicum"", ""common_name"": ""Azalea gall"", ""score"": 0.06643523275852203}, {""species"": ""Pacifigeron indivisus"", ""common_name"": """", ""score"": 0.055335354059934616}, {""species"": ""Rhopalomyia chrysanthemi"", ""common_name"": ""Chrysanthemum gall midge"", ""score"": 0.022511376067996025}]"
obs_340271186_photo_619190124_box3.jpg,obs_340271186_photo_619190124,/gpfs_common/share03/ftrscape/snair3/wew_notebooks/outputs_crop/obs_340271186_photo_619190124_box3.jpg,3,Pacifigeron indivisus,Baccharis pilularis,FALSE,,,0.055335354,4,"[{""species"": ""Asphondylia pumila"", ""common_name"": """", ""score"": 0.13458941876888275}, {""species"": ""Rhopalomyia californica"", ""common_name"": """", ""score"": 0.10307605564594269}, {""species"": ""Exobasidium japonicum"", ""common_name"": ""Azalea gall"", ""score"": 0.06643523275852203}, {""species"": ""Pacifigeron indivisus"", ""common_name"": """", ""score"": 0.055335354059934616}, {""species"": ""Rhopalomyia chrysanthemi"", ""common_name"": ""Chrysanthemum gall midge"", ""score"": 0.022511376067996025}]"
obs_340271186_photo_619190124_box3.jpg,obs_340271186_photo_619190124,/gpfs_common/share03/ftrscape/snair3/wew_notebooks/outputs_crop/obs_340271186_photo_619190124_box3.jpg,3,Rhopalomyia chrysanthemi,Baccharis pilularis,FALSE,,Chrysanthemum gall midge,0.022511376,5,"[{""species"": ""Asphondylia pumila"", ""common_name"": """", ""score"": 0.13458941876888275}, {""species"": ""Rhopalomyia californica"", ""common_name"": """", ""score"": 0.10307605564594269}, {""species"": ""Exobasidium japonicum"", ""common_name"": ""Azalea gall"", ""score"": 0.06643523275852203}, {""species"": ""Pacifigeron indivisus"", ""common_name"": """", ""score"": 0.055335354059934616}, {""species"": ""Rhopalomyia chrysanthemi"", ""common_name"": ""Chrysanthemum gall midge"", ""score"": 0.022511376067996025}]"
obs_340271186_photo_619190124_box4.jpg,obs_340271186_photo_619190124,/gpfs_common/share03/ftrscape/snair3/wew_notebooks/outputs_crop/obs_340271186_photo_619190124_box4.jpg,4,Rhopalomyia californica,Baccharis pilularis,FALSE,,,0.151571304,1,"[{""species"": ""Rhopalomyia californica"", ""common_name"": """", ""score"": 0.15157130360603333}, {""species"": ""Exobasidium japonicum"", ""common_name"": ""Azalea gall"", ""score"": 0.06306199729442596}, {""species"": ""Rhopalomyia chrysanthemi"", ""common_name"": ""Chrysanthemum gall midge"", ""score"": 0.05633681267499924}, {""species"": ""Baccharis macrantha Kunth"", ""common_name"": """", ""score"": 0.03519609197974205}, {""species"": ""Baccharis chrysophylla"", ""common_name"": """", ""score"": 0.03269417583942413}]"
obs_340271186_photo_619190124_box4.jpg,obs_340271186_photo_619190124,/gpfs_common/share03/ftrscape/snair3/wew_notebooks/outputs_crop/obs_340271186_photo_619190124_box4.jpg,4,Exobasidium japonicum,Baccharis pilularis,FALSE,,Azalea gall,0.063061997,2,"[{""species"": ""Rhopalomyia californica"", ""common_name"": """", ""score"": 0.15157130360603333}, {""species"": ""Exobasidium japonicum"", ""common_name"": ""Azalea gall"", ""score"": 0.06306199729442596}, {""species"": ""Rhopalomyia chrysanthemi"", ""common_name"": ""Chrysanthemum gall midge"", ""score"": 0.05633681267499924}, {""species"": ""Baccharis macrantha Kunth"", ""common_name"": """", ""score"": 0.03519609197974205}, {""species"": ""Baccharis chrysophylla"", ""common_name"": """", ""score"": 0.03269417583942413}]"
obs_340271186_photo_619190124_box4.jpg,obs_340271186_photo_619190124,/gpfs_common/share03/ftrscape/snair3/wew_notebooks/outputs_crop/obs_340271186_photo_619190124_box4.jpg,4,Rhopalomyia chrysanthemi,Baccharis pilularis,FALSE,,Chrysanthemum gall midge,0.056336813,3,"[{""species"": ""Rhopalomyia californica"", ""common_name"": """", ""score"": 0.15157130360603333}, {""species"": ""Exobasidium japonicum"", ""common_name"": ""Azalea gall"", ""score"": 0.06306199729442596}, {""species"": ""Rhopalomyia chrysanthemi"", ""common_name"": ""Chrysanthemum gall midge"", ""score"": 0.05633681267499924}, {""species"": ""Baccharis macrantha Kunth"", ""common_name"": """", ""score"": 0.03519609197974205}, {""species"": ""Baccharis chrysophylla"", ""common_name"": """", ""score"": 0.03269417583942413}]"
obs_340271186_photo_619190124_box4.jpg,obs_340271186_photo_619190124,/gpfs_common/share03/ftrscape/snair3/wew_notebooks/outputs_crop/obs_340271186_photo_619190124_box4.jpg,4,Baccharis macrantha Kunth,Baccharis pilularis,FALSE,,,0.035196092,4,"[{""species"": ""Rhopalomyia californica"", ""common_name"": """", ""score"": 0.15157130360603333}, {""species"": ""Exobasidium japonicum"", ""common_name"": ""Azalea gall"", ""score"": 0.06306199729442596}, {""species"": ""Rhopalomyia chrysanthemi"", ""common_name"": ""Chrysanthemum gall midge"", ""score"": 0.05633681267499924}, {""species"": ""Baccharis macrantha Kunth"", ""common_name"": """", ""score"": 0.03519609197974205}, {""species"": ""Baccharis chrysophylla"", ""common_name"": """", ""score"": 0.03269417583942413}]"
obs_340271186_photo_619190124_box4.jpg,obs_340271186_photo_619190124,/gpfs_common/share03/ftrscape/snair3/wew_notebooks/outputs_crop/obs_340271186_photo_619190124_box4.jpg,4,Baccharis chrysophylla,Baccharis pilularis,FALSE,,,0.032694176,5,"[{""species"": ""Rhopalomyia californica"", ""common_name"": """", ""score"": 0.15157130360603333}, {""species"": ""Exobasidium japonicum"", ""common_name"": ""Azalea gall"", ""score"": 0.06306199729442596}, {""species"": ""Rhopalomyia chrysanthemi"", ""common_name"": ""Chrysanthemum gall midge"", ""score"": 0.05633681267499924}, {""species"": ""Baccharis macrantha Kunth"", ""common_name"": """", ""score"": 0.03519609197974205}, {""species"": ""Baccharis chrysophylla"", ""common_name"": """", ""score"": 0.03269417583942413}]"
obs_340271186_photo_619190124_box5.jpg,obs_340271186_photo_619190124,/gpfs_common/share03/ftrscape/snair3/wew_notebooks/outputs_crop/obs_340271186_photo_619190124_box5.jpg,5,Baccharis pilularis,Baccharis pilularis,TRUE,,Coyotebrush,0.482749462,1,"[{""species"": ""Baccharis pilularis"", ""common_name"": ""Coyotebrush"", ""score"": 0.48274946212768555}, {""species"": ""Rhopalomyia californica"", ""common_name"": """", ""score"": 0.2225705236196518}, {""species"": ""Rhopalomyia baccharis"", ""common_name"": """", ""score"": 0.07190664857625961}, {""species"": ""Aceria brevirostris"", ""common_name"": """", ""score"": 0.014184343628585339}, {""species"": ""Gnorimoschema baccharisella"", ""common_name"": """", ""score"": 0.012432076036930084}]"
obs_340271186_photo_619190124_box5.jpg,obs_340271186_photo_619190124,/gpfs_common/share03/ftrscape/snair3/wew_notebooks/outputs_crop/obs_340271186_photo_619190124_box5.jpg,5,Rhopalomyia californica,Baccharis pilularis,FALSE,,,0.222570524,2,"[{""species"": ""Baccharis pilularis"", ""common_name"": ""Coyotebrush"", ""score"": 0.48274946212768555}, {""species"": ""Rhopalomyia californica"", ""common_name"": """", ""score"": 0.2225705236196518}, {""species"": ""Rhopalomyia baccharis"", ""common_name"": """", ""score"": 0.07190664857625961}, {""species"": ""Aceria brevirostris"", ""common_name"": """", ""score"": 0.014184343628585339}, {""species"": ""Gnorimoschema baccharisella"", ""common_name"": """", ""score"": 0.012432076036930084}]"
obs_340271186_photo_619190124_box5.jpg,obs_340271186_photo_619190124,/gpfs_common/share03/ftrscape/snair3/wew_notebooks/outputs_crop/obs_340271186_photo_619190124_box5.jpg,5,Rhopalomyia baccharis,Baccharis pilularis,FALSE,,,0.071906649,3,"[{""species"": ""Baccharis pilularis"", ""common_name"": ""Coyotebrush"", ""score"": 0.48274946212768555}, {""species"": ""Rhopalomyia californica"", ""common_name"": """", ""score"": 0.2225705236196518}, {""species"": ""Rhopalomyia baccharis"", ""common_name"": """", ""score"": 0.07190664857625961}, {""species"": ""Aceria brevirostris"", ""common_name"": """", ""score"": 0.014184343628585339}, {""species"": ""Gnorimoschema baccharisella"", ""common_name"": """", ""score"": 0.012432076036930084}]"
obs_340271186_photo_619190124_box5.jpg,obs_340271186_photo_619190124,/gpfs_common/share03/ftrscape/snair3/wew_notebooks/outputs_crop/obs_340271186_photo_619190124_box5.jpg,5,Aceria brevirostris,Baccharis pilularis,FALSE,,,0.014184344,4,"[{""species"": ""Baccharis pilularis"", ""common_name"": ""Coyotebrush"", ""score"": 0.48274946212768555}, {""species"": ""Rhopalomyia californica"", ""common_name"": """", ""score"": 0.2225705236196518}, {""species"": ""Rhopalomyia baccharis"", ""common_name"": """", ""score"": 0.07190664857625961}, {""species"": ""Aceria brevirostris"", ""common_name"": """", ""score"": 0.014184343628585339}, {""species"": ""Gnorimoschema baccharisella"", ""common_name"": """", ""score"": 0.012432076036930084}]"
obs_340271186_photo_619190124_box5.jpg,obs_340271186_photo_619190124,/gpfs_common/share03/ftrscape/snair3/wew_notebooks/outputs_crop/obs_340271186_photo_619190124_box5.jpg,5,Gnorimoschema baccharisella,Baccharis pilularis,FALSE,,,0.012432076,5,"[{""species"": ""Baccharis pilularis"", ""common_name"": ""Coyotebrush"", ""score"": 0.48274946212768555}, {""species"": ""Rhopalomyia californica"", ""common_name"": """", ""score"": 0.2225705236196518}, {""species"": ""Rhopalomyia baccharis"", ""common_name"": """", ""score"": 0.07190664857625961}, {""species"": ""Aceria brevirostris"", ""common_name"": """", ""score"": 0.014184343628585339}, {""species"": ""Gnorimoschema baccharisella"", ""common_name"": """", ""score"": 0.012432076036930084}]"
obs_340304697_photo_619256274_box1.jpg,obs_340304697_photo_619256274,/gpfs_common/share03/ftrscape/snair3/wew_notebooks/outputs_crop/obs_340304697_photo_619256274_box1.jpg,1,Paracrostoma tigrina,Haemopis grandis,FALSE,Misidentified as a different species,,0.161511734,1,"[{""species"": ""Paracrostoma tigrina"", ""common_name"": """", ""score"": 0.16151173412799835}, {""species"": ""Haemopis marmorata"", ""common_name"": """", ""score"": 0.06601377576589584}, {""species"": ""Paracrostoma huegelii"", ""common_name"": """", ""score"": 0.034342210739851}, {""species"": ""Haemopis lateromaculata"", ""common_name"": """", ""score"": 0.033570487052202225}, {""species"": ""Nerita japonica"", ""common_name"": """", ""score"": 0.02153462916612625}]"
obs_340304697_photo_619256274_box1.jpg,obs_340304697_photo_619256274,/gpfs_common/share03/ftrscape/snair3/wew_notebooks/outputs_crop/obs_340304697_photo_619256274_box1.jpg,1,Haemopis marmorata,Haemopis grandis,FALSE,Same taxon genus but wrong species level,,0.066013776,2,"[{""species"": ""Paracrostoma tigrina"", ""common_name"": """", ""score"": 0.16151173412799835}, {""species"": ""Haemopis marmorata"", ""common_name"": """", ""score"": 0.06601377576589584}, {""species"": ""Paracrostoma huegelii"", ""common_name"": """", ""score"": 0.034342210739851}, {""species"": ""Haemopis lateromaculata"", ""common_name"": """", ""score"": 0.033570487052202225}, {""species"": ""Nerita japonica"", ""common_name"": """", ""score"": 0.02153462916612625}]"
obs_340304697_photo_619256274_box1.jpg,obs_340304697_photo_619256274,/gpfs_common/share03/ftrscape/snair3/wew_notebooks/outputs_crop/obs_340304697_photo_619256274_box1.jpg,1,Paracrostoma huegelii,Haemopis grandis,FALSE,Misidentified as a different species,,0.034342211,3,"[{""species"": ""Paracrostoma tigrina"", ""common_name"": """", ""score"": 0.16151173412799835}, {""species"": ""Haemopis marmorata"", ""common_name"": """", ""score"": 0.06601377576589584}, {""species"": ""Paracrostoma huegelii"", ""common_name"": """", ""score"": 0.034342210739851}, {""species"": ""Haemopis lateromaculata"", ""common_name"": """", ""score"": 0.033570487052202225}, {""species"": ""Nerita japonica"", ""common_name"": """", ""score"": 0.02153462916612625}]"
obs_340304697_photo_619256274_box1.jpg,obs_340304697_photo_619256274,/gpfs_common/share03/ftrscape/snair3/wew_notebooks/outputs_crop/obs_340304697_photo_619256274_box1.jpg,1,Haemopis lateromaculata,Haemopis grandis,FALSE,Same taxon genus but wrong species level,,0.033570487,4,"[{""species"": ""Paracrostoma tigrina"", ""common_name"": """", ""score"": 0.16151173412799835}, {""species"": ""Haemopis marmorata"", ""common_name"": """", ""score"": 0.06601377576589584}, {""species"": ""Paracrostoma huegelii"", ""common_name"": """", ""score"": 0.034342210739851}, {""species"": ""Haemopis lateromaculata"", ""common_name"": """", ""score"": 0.033570487052202225}, {""species"": ""Nerita japonica"", ""common_name"": """", ""score"": 0.02153462916612625}]"
obs_340304697_photo_619256274_box1.jpg,obs_340304697_photo_619256274,/gpfs_common/share03/ftrscape/snair3/wew_notebooks/outputs_crop/obs_340304697_photo_619256274_box1.jpg,1,Nerita japonica,Haemopis grandis,FALSE,Misidentified as a different species,,0.021534629,5,"[{""species"": ""Paracrostoma tigrina"", ""common_name"": """", ""score"": 0.16151173412799835}, {""species"": ""Haemopis marmorata"", ""common_name"": """", ""score"": 0.06601377576589584}, {""species"": ""Paracrostoma huegelii"", ""common_name"": """", ""score"": 0.034342210739851}, {""species"": ""Haemopis lateromaculata"", ""common_name"": """", ""score"": 0.033570487052202225}, {""species"": ""Nerita japonica"", ""common_name"": """", ""score"": 0.02153462916612625}]"
obs_340304697_photo_619256274_box2.jpg,obs_340304697_photo_619256274,/gpfs_common/share03/ftrscape/snair3/wew_notebooks/outputs_crop/obs_340304697_photo_619256274_box2.jpg,2,Paracrostoma tigrina,Haemopis grandis,FALSE,Misidentified as a different species,,0.067582332,1,"[{""species"": ""Paracrostoma tigrina"", ""common_name"": """", ""score"": 0.06758233159780502}, {""species"": ""Vitta perottetiana"", ""common_name"": """", ""score"": 0.036954447627067566}, {""species"": ""Haemopis marmorata"", ""common_name"": """", ""score"": 0.033261239528656006}, {""species"": ""Helicophanta magnifica"", ""common_name"": """", ""score"": 0.028201540932059288}, {""species"": ""Helicophanta gloriosa"", ""common_name"": """", ""score"": 0.022534547373652458}]"
obs_340304697_photo_619256274_box2.jpg,obs_340304697_photo_619256274,/gpfs_common/share03/ftrscape/snair3/wew_notebooks/outputs_crop/obs_340304697_photo_619256274_box2.jpg,2,Vitta perottetiana,Haemopis grandis,FALSE,Misidentified as a different species,,0.036954448,2,"[{""species"": ""Paracrostoma tigrina"", ""common_name"": """", ""score"": 0.06758233159780502}, {""species"": ""Vitta perottetiana"", ""common_name"": """", ""score"": 0.036954447627067566}, {""species"": ""Haemopis marmorata"", ""common_name"": """", ""score"": 0.033261239528656006}, {""species"": ""Helicophanta magnifica"", ""common_name"": """", ""score"": 0.028201540932059288}, {""species"": ""Helicophanta gloriosa"", ""common_name"": """", ""score"": 0.022534547373652458}]"
obs_340304697_photo_619256274_box2.jpg,obs_340304697_photo_619256274,/gpfs_common/share03/ftrscape/snair3/wew_notebooks/outputs_crop/obs_340304697_photo_619256274_box2.jpg,2,Haemopis marmorata,Haemopis grandis,FALSE,Same taxon genus but wrong species level,,0.03326124,3,"[{""species"": ""Paracrostoma tigrina"", ""common_name"": """", ""score"": 0.06758233159780502}, {""species"": ""Vitta perottetiana"", ""common_name"": """", ""score"": 0.036954447627067566}, {""species"": ""Haemopis marmorata"", ""common_name"": """", ""score"": 0.033261239528656006}, {""species"": ""Helicophanta magnifica"", ""common_name"": """", ""score"": 0.028201540932059288}, {""species"": ""Helicophanta gloriosa"", ""common_name"": """", ""score"": 0.022534547373652458}]"
obs_340304697_photo_619256274_box2.jpg,obs_340304697_photo_619256274,/gpfs_common/share03/ftrscape/snair3/wew_notebooks/outputs_crop/obs_340304697_photo_619256274_box2.jpg,2,Helicophanta magnifica,Haemopis grandis,FALSE,Misidentified as a different species,,0.028201541,4,"[{""species"": ""Paracrostoma tigrina"", ""common_name"": """", ""score"": 0.06758233159780502}, {""species"": ""Vitta perottetiana"", ""common_name"": """", ""score"": 0.036954447627067566}, {""species"": ""Haemopis marmorata"", ""common_name"": """", ""score"": 0.033261239528656006}, {""species"": ""Helicophanta magnifica"", ""common_name"": """", ""score"": 0.028201540932059288}, {""species"": ""Helicophanta gloriosa"", ""common_name"": """", ""score"": 0.022534547373652458}]"
obs_340304697_photo_619256274_box2.jpg,obs_340304697_photo_619256274,/gpfs_common/share03/ftrscape/snair3/wew_notebooks/outputs_crop/obs_340304697_photo_619256274_box2.jpg,2,Helicophanta gloriosa,Haemopis grandis,FALSE,Misidentified as a different species,,0.022534547,5,"[{""species"": ""Paracrostoma tigrina"", ""common_name"": """", ""score"": 0.06758233159780502}, {""species"": ""Vitta perottetiana"", ""common_name"": """", ""score"": 0.036954447627067566}, {""species"": ""Haemopis marmorata"", ""common_name"": """", ""score"": 0.033261239528656006}, {""species"": ""Helicophanta magnifica"", ""common_name"": """", ""score"": 0.028201540932059288}, {""species"": ""Helicophanta gloriosa"", ""common_name"": """", ""score"": 0.022534547373652458}]"
obs_340304697_photo_619256274_box3.jpg,obs_340304697_photo_619256274,/gpfs_common/share03/ftrscape/snair3/wew_notebooks/outputs_crop/obs_340304697_photo_619256274_box3.jpg,3,Haemopis lateromaculata,Haemopis grandis,FALSE,Same taxon genus but wrong species level,,0.08225967,1,"[{""species"": ""Haemopis lateromaculata"", ""common_name"": """", ""score"": 0.08225966989994049}, {""species"": ""Haemopis terrestris"", ""common_name"": """", ""score"": 0.04051726311445236}, {""species"": ""Haemopis elegans"", ""common_name"": """", ""score"": 0.03864916414022446}, {""species"": ""Haemopis marmorata"", ""common_name"": """", ""score"": 0.03450823575258255}, {""species"": ""Helicophanta magnifica"", ""common_name"": """", ""score"": 0.027352256700396538}]"
obs_340304697_photo_619256274_box3.jpg,obs_340304697_photo_619256274,/gpfs_common/share03/ftrscape/snair3/wew_notebooks/outputs_crop/obs_340304697_photo_619256274_box3.jpg,3,Haemopis terrestris,Haemopis grandis,FALSE,Same taxon genus but wrong species level,,0.040517263,2,"[{""species"": ""Haemopis lateromaculata"", ""common_name"": """", ""score"": 0.08225966989994049}, {""species"": ""Haemopis terrestris"", ""common_name"": """", ""score"": 0.04051726311445236}, {""species"": ""Haemopis elegans"", ""common_name"": """", ""score"": 0.03864916414022446}, {""species"": ""Haemopis marmorata"", ""common_name"": """", ""score"": 0.03450823575258255}, {""species"": ""Helicophanta magnifica"", ""common_name"": """", ""score"": 0.027352256700396538}]"
obs_340304697_photo_619256274_box3.jpg,obs_340304697_photo_619256274,/gpfs_common/share03/ftrscape/snair3/wew_notebooks/outputs_crop/obs_340304697_photo_619256274_box3.jpg,3,Haemopis elegans,Haemopis grandis,FALSE,Same taxon genus but wrong species level,,0.038649164,3,"[{""species"": ""Haemopis lateromaculata"", ""common_name"": """", ""score"": 0.08225966989994049}, {""species"": ""Haemopis terrestris"", ""common_name"": """", ""score"": 0.04051726311445236}, {""species"": ""Haemopis elegans"", ""common_name"": """", ""score"": 0.03864916414022446}, {""species"": ""Haemopis marmorata"", ""common_name"": """", ""score"": 0.03450823575258255}, {""species"": ""Helicophanta magnifica"", ""common_name"": """", ""score"": 0.027352256700396538}]"
obs_340304697_photo_619256274_box3.jpg,obs_340304697_photo_619256274,/gpfs_common/share03/ftrscape/snair3/wew_notebooks/outputs_crop/obs_340304697_photo_619256274_box3.jpg,3,Haemopis marmorata,Haemopis grandis,FALSE,Same taxon genus but wrong species level,,0.034508236,4,"[{""species"": ""Haemopis lateromaculata"", ""common_name"": """", ""score"": 0.08225966989994049}, {""species"": ""Haemopis terrestris"", ""common_name"": """", ""score"": 0.04051726311445236}, {""species"": ""Haemopis elegans"", ""common_name"": """", ""score"": 0.03864916414022446}, {""species"": ""Haemopis marmorata"", ""common_name"": """", ""score"": 0.03450823575258255}, {""species"": ""Helicophanta magnifica"", ""common_name"": """", ""score"": 0.027352256700396538}]"
obs_340304697_photo_619256274_box3.jpg,obs_340304697_photo_619256274,/gpfs_common/share03/ftrscape/snair3/wew_notebooks/outputs_crop/obs_340304697_photo_619256274_box3.jpg,3,Helicophanta magnifica,Haemopis grandis,FALSE,Misidentified as a different species,,0.027352257,5,"[{""species"": ""Haemopis lateromaculata"", ""common_name"": """", ""score"": 0.08225966989994049}, {""species"": ""Haemopis terrestris"", ""common_name"": """", ""score"": 0.04051726311445236}, {""species"": ""Haemopis elegans"", ""common_name"": """", ""score"": 0.03864916414022446}, {""species"": ""Haemopis marmorata"", ""common_name"": """", ""score"": 0.03450823575258255}, {""species"": ""Helicophanta magnifica"", ""common_name"": """", ""score"": 0.027352256700396538}]"
obs_340326193_photo_619295159_box1.jpg,obs_340326193_photo_619295159,/gpfs_common/share03/ftrscape/snair3/wew_notebooks/outputs_crop/obs_340326193_photo_619295159_box1.jpg,1,Gaylussacia tomentosa,Diospyros virginiana,FALSE,Tiny part of the image. Fungus,,0.130604938,1,"[{""species"": ""Gaylussacia tomentosa"", ""common_name"": """", ""score"": 0.13060493767261505}, {""species"": ""Lindera glauca"", ""common_name"": """", ""score"": 0.12109062820672989}, {""species"": ""Vaccinium ovalifolium"", ""common_name"": ""Early blueberry"", ""score"": 0.06579364836215973}, {""species"": ""Vaccinium stamineum"", ""common_name"": ""DeerBerry"", ""score"": 0.06324803829193115}, {""species"": ""Dirca decipiens"", ""common_name"": """", ""score"": 0.038641225546598434}]"
obs_340326193_photo_619295159_box1.jpg,obs_340326193_photo_619295159,/gpfs_common/share03/ftrscape/snair3/wew_notebooks/outputs_crop/obs_340326193_photo_619295159_box1.jpg,1,Lindera glauca,Diospyros virginiana,FALSE,Tiny part of the image. Fungus,,0.121090628,2,"[{""species"": ""Gaylussacia tomentosa"", ""common_name"": """", ""score"": 0.13060493767261505}, {""species"": ""Lindera glauca"", ""common_name"": """", ""score"": 0.12109062820672989}, {""species"": ""Vaccinium ovalifolium"", ""common_name"": ""Early blueberry"", ""score"": 0.06579364836215973}, {""species"": ""Vaccinium stamineum"", ""common_name"": ""DeerBerry"", ""score"": 0.06324803829193115}, {""species"": ""Dirca decipiens"", ""common_name"": """", ""score"": 0.038641225546598434}]"
obs_340326193_photo_619295159_box1.jpg,obs_340326193_photo_619295159,/gpfs_common/share03/ftrscape/snair3/wew_notebooks/outputs_crop/obs_340326193_photo_619295159_box1.jpg,1,Vaccinium ovalifolium,Diospyros virginiana,FALSE,Tiny part of the image. Fungus,Early blueberry,0.065793648,3,"[{""species"": ""Gaylussacia tomentosa"", ""common_name"": """", ""score"": 0.13060493767261505}, {""species"": ""Lindera glauca"", ""common_name"": """", ""score"": 0.12109062820672989}, {""species"": ""Vaccinium ovalifolium"", ""common_name"": ""Early blueberry"", ""score"": 0.06579364836215973}, {""species"": ""Vaccinium stamineum"", ""common_name"": ""DeerBerry"", ""score"": 0.06324803829193115}, {""species"": ""Dirca decipiens"", ""common_name"": """", ""score"": 0.038641225546598434}]"
obs_340326193_photo_619295159_box1.jpg,obs_340326193_photo_619295159,/gpfs_common/share03/ftrscape/snair3/wew_notebooks/outputs_crop/obs_340326193_photo_619295159_box1.jpg,1,Vaccinium stamineum,Diospyros virginiana,FALSE,Tiny part of the image. Fungus,DeerBerry,0.063248038,4,"[{""species"": ""Gaylussacia tomentosa"", ""common_name"": """", ""score"": 0.13060493767261505}, {""species"": ""Lindera glauca"", ""common_name"": """", ""score"": 0.12109062820672989}, {""species"": ""Vaccinium ovalifolium"", ""common_name"": ""Early blueberry"", ""score"": 0.06579364836215973}, {""species"": ""Vaccinium stamineum"", ""common_name"": ""DeerBerry"", ""score"": 0.06324803829193115}, {""species"": ""Dirca decipiens"", ""common_name"": """", ""score"": 0.038641225546598434}]"
obs_340326193_photo_619295159_box1.jpg,obs_340326193_photo_619295159,/gpfs_common/share03/ftrscape/snair3/wew_notebooks/outputs_crop/obs_340326193_photo_619295159_box1.jpg,1,Dirca decipiens,Diospyros virginiana,FALSE,Tiny part of the image. Fungus,,0.038641226,5,"[{""species"": ""Gaylussacia tomentosa"", ""common_name"": """", ""score"": 0.13060493767261505}, {""species"": ""Lindera glauca"", ""common_name"": """", ""score"": 0.12109062820672989}, {""species"": ""Vaccinium ovalifolium"", ""common_name"": ""Early blueberry"", ""score"": 0.06579364836215973}, {""species"": ""Vaccinium stamineum"", ""common_name"": ""DeerBerry"", ""score"": 0.06324803829193115}, {""species"": ""Dirca decipiens"", ""common_name"": """", ""score"": 0.038641225546598434}]"
obs_340326193_photo_619295159_box2.jpg,obs_340326193_photo_619295159,/gpfs_common/share03/ftrscape/snair3/wew_notebooks/outputs_crop/obs_340326193_photo_619295159_box2.jpg,2,Gaylussacia tomentosa,Diospyros virginiana,FALSE,Tiny part of the image. Fungus,,0.160398722,1,"[{""species"": ""Gaylussacia tomentosa"", ""common_name"": """", ""score"": 0.1603987216949463}, {""species"": ""Lindera glauca"", ""common_name"": """", ""score"": 0.14982663094997406}, {""species"": ""Vaccinium ovalifolium"", ""common_name"": ""Early blueberry"", ""score"": 0.06014872342348099}, {""species"": ""Dirca decipiens"", ""common_name"": """", ""score"": 0.05793101713061333}, {""species"": ""Vaccinium stamineum"", ""common_name"": ""DeerBerry"", ""score"": 0.05691291391849518}]"
obs_340326193_photo_619295159_box2.jpg,obs_340326193_photo_619295159,/gpfs_common/share03/ftrscape/snair3/wew_notebooks/outputs_crop/obs_340326193_photo_619295159_box2.jpg,2,Lindera glauca,Diospyros virginiana,FALSE,Tiny part of the image. Fungus,,0.149826631,2,"[{""species"": ""Gaylussacia tomentosa"", ""common_name"": """", ""score"": 0.1603987216949463}, {""species"": ""Lindera glauca"", ""common_name"": """", ""score"": 0.14982663094997406}, {""species"": ""Vaccinium ovalifolium"", ""common_name"": ""Early blueberry"", ""score"": 0.06014872342348099}, {""species"": ""Dirca decipiens"", ""common_name"": """", ""score"": 0.05793101713061333}, {""species"": ""Vaccinium stamineum"", ""common_name"": ""DeerBerry"", ""score"": 0.05691291391849518}]"
obs_340326193_photo_619295159_box2.jpg,obs_340326193_photo_619295159,/gpfs_common/share03/ftrscape/snair3/wew_notebooks/outputs_crop/obs_340326193_photo_619295159_box2.jpg,2,Vaccinium ovalifolium,Diospyros virginiana,FALSE,Tiny part of the image. Fungus,Early blueberry,0.060148723,3,"[{""species"": ""Gaylussacia tomentosa"", ""common_name"": """", ""score"": 0.1603987216949463}, {""species"": ""Lindera glauca"", ""common_name"": """", ""score"": 0.14982663094997406}, {""species"": ""Vaccinium ovalifolium"", ""common_name"": ""Early blueberry"", ""score"": 0.06014872342348099}, {""species"": ""Dirca decipiens"", ""common_name"": """", ""score"": 0.05793101713061333}, {""species"": ""Vaccinium stamineum"", ""common_name"": ""DeerBerry"", ""score"": 0.05691291391849518}]"
obs_340326193_photo_619295159_box2.jpg,obs_340326193_photo_619295159,/gpfs_common/share03/ftrscape/snair3/wew_notebooks/outputs_crop/obs_340326193_photo_619295159_box2.jpg,2,Dirca decipiens,Diospyros virginiana,FALSE,Tiny part of the image. Fungus,,0.057931017,4,"[{""species"": ""Gaylussacia tomentosa"", ""common_name"": """", ""score"": 0.1603987216949463}, {""species"": ""Lindera glauca"", ""common_name"": """", ""score"": 0.14982663094997406}, {""species"": ""Vaccinium ovalifolium"", ""common_name"": ""Early blueberry"", ""score"": 0.06014872342348099}, {""species"": ""Dirca decipiens"", ""common_name"": """", ""score"": 0.05793101713061333}, {""species"": ""Vaccinium stamineum"", ""common_name"": ""DeerBerry"", ""score"": 0.05691291391849518}]"
obs_340326193_photo_619295159_box2.jpg,obs_340326193_photo_619295159,/gpfs_common/share03/ftrscape/snair3/wew_notebooks/outputs_crop/obs_340326193_photo_619295159_box2.jpg,2,Vaccinium stamineum,Diospyros virginiana,FALSE,Tiny part of the image. Fungus,DeerBerry,0.056912914,5,"[{""species"": ""Gaylussacia tomentosa"", ""common_name"": """", ""score"": 0.1603987216949463}, {""species"": ""Lindera glauca"", ""common_name"": """", ""score"": 0.14982663094997406}, {""species"": ""Vaccinium ovalifolium"", ""common_name"": ""Early blueberry"", ""score"": 0.06014872342348099}, {""species"": ""Dirca decipiens"", ""common_name"": """", ""score"": 0.05793101713061333}, {""species"": ""Vaccinium stamineum"", ""common_name"": ""DeerBerry"", ""score"": 0.05691291391849518}]"
obs_340326194_photo_619295158_box1.jpg,obs_340326194_photo_619295158,/gpfs_common/share03/ftrscape/snair3/wew_notebooks/outputs_crop/obs_340326194_photo_619295158_box1.jpg,1,Rhytisma prini,Pseudocercospora fuliginosa,FALSE,Tiny part of the image. Fungus,,0.166984528,1,"[{""species"": ""Rhytisma prini"", ""common_name"": """", ""score"": 0.16698452830314636}, {""species"": ""Rhytisma salicinum"", ""common_name"": ""Willow tarspot"", ""score"": 0.10129901021718979}, {""species"": ""Ophiodothella floridana"", ""common_name"": """", ""score"": 0.06762658059597015}, {""species"": ""Lasiobotrys lonicerae"", ""common_name"": ""Honeysuckle rash"", ""score"": 0.04956544563174248}, {""species"": ""Diplocarpon mespili"", ""common_name"": ""Quince leaf blight"", ""score"": 0.0277267973870039}]"
obs_340326194_photo_619295158_box1.jpg,obs_340326194_photo_619295158,/gpfs_common/share03/ftrscape/snair3/wew_notebooks/outputs_crop/obs_340326194_photo_619295158_box1.jpg,1,Rhytisma salicinum,Pseudocercospora fuliginosa,FALSE,Tiny part of the image. Fungus,Willow tarspot,0.10129901,2,"[{""species"": ""Rhytisma prini"", ""common_name"": """", ""score"": 0.16698452830314636}, {""species"": ""Rhytisma salicinum"", ""common_name"": ""Willow tarspot"", ""score"": 0.10129901021718979}, {""species"": ""Ophiodothella floridana"", ""common_name"": """", ""score"": 0.06762658059597015}, {""species"": ""Lasiobotrys lonicerae"", ""common_name"": ""Honeysuckle rash"", ""score"": 0.04956544563174248}, {""species"": ""Diplocarpon mespili"", ""common_name"": ""Quince leaf blight"", ""score"": 0.0277267973870039}]"
obs_340326194_photo_619295158_box1.jpg,obs_340326194_photo_619295158,/gpfs_common/share03/ftrscape/snair3/wew_notebooks/outputs_crop/obs_340326194_photo_619295158_box1.jpg,1,Ophiodothella floridana,Pseudocercospora fuliginosa,FALSE,Tiny part of the image. Fungus,,0.067626581,3,"[{""species"": ""Rhytisma prini"", ""common_name"": """", ""score"": 0.16698452830314636}, {""species"": ""Rhytisma salicinum"", ""common_name"": ""Willow tarspot"", ""score"": 0.10129901021718979}, {""species"": ""Ophiodothella floridana"", ""common_name"": """", ""score"": 0.06762658059597015}, {""species"": ""Lasiobotrys lonicerae"", ""common_name"": ""Honeysuckle rash"", ""score"": 0.04956544563174248}, {""species"": ""Diplocarpon mespili"", ""common_name"": ""Quince leaf blight"", ""score"": 0.0277267973870039}]"
obs_340326194_photo_619295158_box1.jpg,obs_340326194_photo_619295158,/gpfs_common/share03/ftrscape/snair3/wew_notebooks/outputs_crop/obs_340326194_photo_619295158_box1.jpg,1,Lasiobotrys lonicerae,Pseudocercospora fuliginosa,FALSE,Tiny part of the image. Fungus,Honeysuckle rash,0.049565446,4,"[{""species"": ""Rhytisma prini"", ""common_name"": """", ""score"": 0.16698452830314636}, {""species"": ""Rhytisma salicinum"", ""common_name"": ""Willow tarspot"", ""score"": 0.10129901021718979}, {""species"": ""Ophiodothella floridana"", ""common_name"": """", ""score"": 0.06762658059597015}, {""species"": ""Lasiobotrys lonicerae"", ""common_name"": ""Honeysuckle rash"", ""score"": 0.04956544563174248}, {""species"": ""Diplocarpon mespili"", ""common_name"": ""Quince leaf blight"", ""score"": 0.0277267973870039}]"
obs_340326194_photo_619295158_box1.jpg,obs_340326194_photo_619295158,/gpfs_common/share03/ftrscape/snair3/wew_notebooks/outputs_crop/obs_340326194_photo_619295158_box1.jpg,1,Diplocarpon mespili,Pseudocercospora fuliginosa,FALSE,Tiny part of the image. Fungus,Quince leaf blight,0.027726797,5,"[{""species"": ""Rhytisma prini"", ""common_name"": """", ""score"": 0.16698452830314636}, {""species"": ""Rhytisma salicinum"", ""common_name"": ""Willow tarspot"", ""score"": 0.10129901021718979}, {""species"": ""Ophiodothella floridana"", ""common_name"": """", ""score"": 0.06762658059597015}, {""species"": ""Lasiobotrys lonicerae"", ""common_name"": ""Honeysuckle rash"", ""score"": 0.04956544563174248}, {""species"": ""Diplocarpon mespili"", ""common_name"": ""Quince leaf blight"", ""score"": 0.0277267973870039}]"
obs_340326194_photo_619295158_box2.jpg,obs_340326194_photo_619295158,/gpfs_common/share03/ftrscape/snair3/wew_notebooks/outputs_crop/obs_340326194_photo_619295158_box2.jpg,2,Battarrea phalloides,Pseudocercospora fuliginosa,FALSE,Prey not in the image,Sandy stiltball,0.010308923,1,"[{""species"": ""Battarrea phalloides"", ""common_name"": ""Sandy stiltball"", ""score"": 0.010308923199772835}, {""species"": ""Lactifluus glaucescens"", ""common_name"": ""grønplettet mælkehat"", ""score"": 0.005641501862555742}, {""species"": ""Macrodiplodiopsis desmazieri"", ""common_name"": """", ""score"": 0.005158639512956142}, {""species"": ""Lecanicillium saksenae"", ""common_name"": """", ""score"": 0.004430464934557676}, {""species"": ""Stachybotrys suthepensis"", ""common_name"": """", ""score"": 0.004331962671130896}]"
obs_340326194_photo_619295158_box2.jpg,obs_340326194_photo_619295158,/gpfs_common/share03/ftrscape/snair3/wew_notebooks/outputs_crop/obs_340326194_photo_619295158_box2.jpg,2,Lactifluus glaucescens,Pseudocercospora fuliginosa,FALSE,Prey not in the image,grønplettet mælkehat,0.005641502,2,"[{""species"": ""Battarrea phalloides"", ""common_name"": ""Sandy stiltball"", ""score"": 0.010308923199772835}, {""species"": ""Lactifluus glaucescens"", ""common_name"": ""grønplettet mælkehat"", ""score"": 0.005641501862555742}, {""species"": ""Macrodiplodiopsis desmazieri"", ""common_name"": """", ""score"": 0.005158639512956142}, {""species"": ""Lecanicillium saksenae"", ""common_name"": """", ""score"": 0.004430464934557676}, {""species"": ""Stachybotrys suthepensis"", ""common_name"": """", ""score"": 0.004331962671130896}]"
obs_340326194_photo_619295158_box2.jpg,obs_340326194_photo_619295158,/gpfs_common/share03/ftrscape/snair3/wew_notebooks/outputs_crop/obs_340326194_photo_619295158_box2.jpg,2,Macrodiplodiopsis desmazieri,Pseudocercospora fuliginosa,FALSE,Prey not in the image,,0.00515864,3,"[{""species"": ""Battarrea phalloides"", ""common_name"": ""Sandy stiltball"", ""score"": 0.010308923199772835}, {""species"": ""Lactifluus glaucescens"", ""common_name"": ""grønplettet mælkehat"", ""score"": 0.005641501862555742}, {""species"": ""Macrodiplodiopsis desmazieri"", ""common_name"": """", ""score"": 0.005158639512956142}, {""species"": ""Lecanicillium saksenae"", ""common_name"": """", ""score"": 0.004430464934557676}, {""species"": ""Stachybotrys suthepensis"", ""common_name"": """", ""score"": 0.004331962671130896}]"
obs_340326194_photo_619295158_box2.jpg,obs_340326194_photo_619295158,/gpfs_common/share03/ftrscape/snair3/wew_notebooks/outputs_crop/obs_340326194_photo_619295158_box2.jpg,2,Lecanicillium saksenae,Pseudocercospora fuliginosa,FALSE,Prey not in the image,,0.004430465,4,"[{""species"": ""Battarrea phalloides"", ""common_name"": ""Sandy stiltball"", ""score"": 0.010308923199772835}, {""species"": ""Lactifluus glaucescens"", ""common_name"": ""grønplettet mælkehat"", ""score"": 0.005641501862555742}, {""species"": ""Macrodiplodiopsis desmazieri"", ""common_name"": """", ""score"": 0.005158639512956142}, {""species"": ""Lecanicillium saksenae"", ""common_name"": """", ""score"": 0.004430464934557676}, {""species"": ""Stachybotrys suthepensis"", ""common_name"": """", ""score"": 0.004331962671130896}]"
obs_340326194_photo_619295158_box2.jpg,obs_340326194_photo_619295158,/gpfs_common/share03/ftrscape/snair3/wew_notebooks/outputs_crop/obs_340326194_photo_619295158_box2.jpg,2,Stachybotrys suthepensis,Pseudocercospora fuliginosa,FALSE,Prey not in the image,,0.004331963,5,"[{""species"": ""Battarrea phalloides"", ""common_name"": ""Sandy stiltball"", ""score"": 0.010308923199772835}, {""species"": ""Lactifluus glaucescens"", ""common_name"": ""grønplettet mælkehat"", ""score"": 0.005641501862555742}, {""species"": ""Macrodiplodiopsis desmazieri"", ""common_name"": """", ""score"": 0.005158639512956142}, {""species"": ""Lecanicillium saksenae"", ""common_name"": """", ""score"": 0.004430464934557676}, {""species"": ""Stachybotrys suthepensis"", ""common_name"": """", ""score"": 0.004331962671130896}]"
obs_340337296_photo_536341964_box1.jpg,obs_340337296_photo_536341964,/gpfs_common/share03/ftrscape/snair3/wew_notebooks/outputs_crop/obs_340337296_photo_536341964_box1.jpg,1,Monopsis lutea,Lotus corniculatus,FALSE,,,0.13549538,1,"[{""species"": ""Monopsis lutea"", ""common_name"": """", ""score"": 0.1354953795671463}, {""species"": ""Lotus stepposus"", ""common_name"": """", ""score"": 0.07140976190567017}, {""species"": ""Rafnia globosa"", ""common_name"": """", ""score"": 0.04491027072072029}, {""species"": ""Monopsis flava"", ""common_name"": """", ""score"": 0.03389255329966545}, {""species"": ""Aspalathus angustifolia"", ""common_name"": """", ""score"": 0.025185074657201767}]"
obs_340337296_photo_536341964_box1.jpg,obs_340337296_photo_536341964,/gpfs_common/share03/ftrscape/snair3/wew_notebooks/outputs_crop/obs_340337296_photo_536341964_box1.jpg,1,Lotus stepposus,Lotus corniculatus,FALSE,,,0.071409762,2,"[{""species"": ""Monopsis lutea"", ""common_name"": """", ""score"": 0.1354953795671463}, {""species"": ""Lotus stepposus"", ""common_name"": """", ""score"": 0.07140976190567017}, {""species"": ""Rafnia globosa"", ""common_name"": """", ""score"": 0.04491027072072029}, {""species"": ""Monopsis flava"", ""common_name"": """", ""score"": 0.03389255329966545}, {""species"": ""Aspalathus angustifolia"", ""common_name"": """", ""score"": 0.025185074657201767}]"
obs_340337296_photo_536341964_box1.jpg,obs_340337296_photo_536341964,/gpfs_common/share03/ftrscape/snair3/wew_notebooks/outputs_crop/obs_340337296_photo_536341964_box1.jpg,1,Rafnia globosa,Lotus corniculatus,FALSE,,,0.044910271,3,"[{""species"": ""Monopsis lutea"", ""common_name"": """", ""score"": 0.1354953795671463}, {""species"": ""Lotus stepposus"", ""common_name"": """", ""score"": 0.07140976190567017}, {""species"": ""Rafnia globosa"", ""common_name"": """", ""score"": 0.04491027072072029}, {""species"": ""Monopsis flava"", ""common_name"": """", ""score"": 0.03389255329966545}, {""species"": ""Aspalathus angustifolia"", ""common_name"": """", ""score"": 0.025185074657201767}]"
obs_340337296_photo_536341964_box1.jpg,obs_340337296_photo_536341964,/gpfs_common/share03/ftrscape/snair3/wew_notebooks/outputs_crop/obs_340337296_photo_536341964_box1.jpg,1,Monopsis flava,Lotus corniculatus,FALSE,,,0.033892553,4,"[{""species"": ""Monopsis lutea"", ""common_name"": """", ""score"": 0.1354953795671463}, {""species"": ""Lotus stepposus"", ""common_name"": """", ""score"": 0.07140976190567017}, {""species"": ""Rafnia globosa"", ""common_name"": """", ""score"": 0.04491027072072029}, {""species"": ""Monopsis flava"", ""common_name"": """", ""score"": 0.03389255329966545}, {""species"": ""Aspalathus angustifolia"", ""common_name"": """", ""score"": 0.025185074657201767}]"
obs_340337296_photo_536341964_box1.jpg,obs_340337296_photo_536341964,/gpfs_common/share03/ftrscape/snair3/wew_notebooks/outputs_crop/obs_340337296_photo_536341964_box1.jpg,1,Aspalathus angustifolia,Lotus corniculatus,FALSE,,,0.025185075,5,"[{""species"": ""Monopsis lutea"", ""common_name"": """", ""score"": 0.1354953795671463}, {""species"": ""Lotus stepposus"", ""common_name"": """", ""score"": 0.07140976190567017}, {""species"": ""Rafnia globosa"", ""common_name"": """", ""score"": 0.04491027072072029}, {""species"": ""Monopsis flava"", ""common_name"": """", ""score"": 0.03389255329966545}, {""species"": ""Aspalathus angustifolia"", ""common_name"": """", ""score"": 0.025185074657201767}]"
obs_340337296_photo_536341964_box2.jpg,obs_340337296_photo_536341964,/gpfs_common/share03/ftrscape/snair3/wew_notebooks/outputs_crop/obs_340337296_photo_536341964_box2.jpg,2,Lotus corniculatus,Lotus corniculatus,TRUE,,Bird's-foot trefoil,0.359289914,1,"[{""species"": ""Lotus corniculatus"", ""common_name"": ""Bird's-foot trefoil"", ""score"": 0.35928991436958313}, {""species"": ""Lotus japonicus"", ""common_name"": """", ""score"": 0.2665294110774994}, {""species"": ""Lotus ucrainicus"", ""common_name"": """", ""score"": 0.08147065341472626}, {""species"": ""Lotus tenuis"", ""common_name"": ""Narrow-leaved bird's-foot-trefoil"", ""score"": 0.05825777351856232}, {""species"": ""Lotus alpinus"", ""common_name"": """", ""score"": 0.017112914472818375}]"
obs_340337296_photo_536341964_box2.jpg,obs_340337296_photo_536341964,/gpfs_common/share03/ftrscape/snair3/wew_notebooks/outputs_crop/obs_340337296_photo_536341964_box2.jpg,2,Lotus japonicus,Lotus corniculatus,FALSE,,,0.266529411,2,"[{""species"": ""Lotus corniculatus"", ""common_name"": ""Bird's-foot trefoil"", ""score"": 0.35928991436958313}, {""species"": ""Lotus japonicus"", ""common_name"": """", ""score"": 0.2665294110774994}, {""species"": ""Lotus ucrainicus"", ""common_name"": """", ""score"": 0.08147065341472626}, {""species"": ""Lotus tenuis"", ""common_name"": ""Narrow-leaved bird's-foot-trefoil"", ""score"": 0.05825777351856232}, {""species"": ""Lotus alpinus"", ""common_name"": """", ""score"": 0.017112914472818375}]"
obs_340337296_photo_536341964_box2.jpg,obs_340337296_photo_536341964,/gpfs_common/share03/ftrscape/snair3/wew_notebooks/outputs_crop/obs_340337296_photo_536341964_box2.jpg,2,Lotus ucrainicus,Lotus corniculatus,FALSE,,,0.081470653,3,"[{""species"": ""Lotus corniculatus"", ""common_name"": ""Bird's-foot trefoil"", ""score"": 0.35928991436958313}, {""species"": ""Lotus japonicus"", ""common_name"": """", ""score"": 0.2665294110774994}, {""species"": ""Lotus ucrainicus"", ""common_name"": """", ""score"": 0.08147065341472626}, {""species"": ""Lotus tenuis"", ""common_name"": ""Narrow-leaved bird's-foot-trefoil"", ""score"": 0.05825777351856232}, {""species"": ""Lotus alpinus"", ""common_name"": """", ""score"": 0.017112914472818375}]"
obs_340337296_photo_536341964_box2.jpg,obs_340337296_photo_536341964,/gpfs_common/share03/ftrscape/snair3/wew_notebooks/outputs_crop/obs_340337296_photo_536341964_box2.jpg,2,Lotus tenuis,Lotus corniculatus,FALSE,,Narrow-leaved bird's-foot-trefoil,0.058257774,4,"[{""species"": ""Lotus corniculatus"", ""common_name"": ""Bird's-foot trefoil"", ""score"": 0.35928991436958313}, {""species"": ""Lotus japonicus"", ""common_name"": """", ""score"": 0.2665294110774994}, {""species"": ""Lotus ucrainicus"", ""common_name"": """", ""score"": 0.08147065341472626}, {""species"": ""Lotus tenuis"", ""common_name"": ""Narrow-leaved bird's-foot-trefoil"", ""score"": 0.05825777351856232}, {""species"": ""Lotus alpinus"", ""common_name"": """", ""score"": 0.017112914472818375}]"
obs_340337296_photo_536341964_box2.jpg,obs_340337296_photo_536341964,/gpfs_common/share03/ftrscape/snair3/wew_notebooks/outputs_crop/obs_340337296_photo_536341964_box2.jpg,2,Lotus alpinus,Lotus corniculatus,FALSE,,,0.017112914,5,"[{""species"": ""Lotus corniculatus"", ""common_name"": ""Bird's-foot trefoil"", ""score"": 0.35928991436958313}, {""species"": ""Lotus japonicus"", ""common_name"": """", ""score"": 0.2665294110774994}, {""species"": ""Lotus ucrainicus"", ""common_name"": """", ""score"": 0.08147065341472626}, {""species"": ""Lotus tenuis"", ""common_name"": ""Narrow-leaved bird's-foot-trefoil"", ""score"": 0.05825777351856232}, {""species"": ""Lotus alpinus"", ""common_name"": """", ""score"": 0.017112914472818375}]"
obs_340337296_photo_536341964_box3.jpg,obs_340337296_photo_536341964,/gpfs_common/share03/ftrscape/snair3/wew_notebooks/outputs_crop/obs_340337296_photo_536341964_box3.jpg,3,Thymelicus lineola,Lotus corniculatus,FALSE,,European Skipper,0.437976748,1,"[{""species"": ""Thymelicus lineola"", ""common_name"": ""European Skipper"", ""score"": 0.43797674775123596}, {""species"": ""Thymelicus sylvestris"", ""common_name"": ""Small Skipper"", ""score"": 0.34653952717781067}, {""species"": ""Ancyloxypha nitedula"", ""common_name"": """", ""score"": 0.07107135653495789}, {""species"": ""Thymelicus novus"", ""common_name"": """", ""score"": 0.039965782314538956}, {""species"": ""Ancyloxypha numitor"", ""common_name"": ""Least Skipper"", ""score"": 0.03743283078074455}]"
obs_340337296_photo_536341964_box3.jpg,obs_340337296_photo_536341964,/gpfs_common/share03/ftrscape/snair3/wew_notebooks/outputs_crop/obs_340337296_photo_536341964_box3.jpg,3,Thymelicus sylvestris,Lotus corniculatus,FALSE,,Small Skipper,0.346539527,2,"[{""species"": ""Thymelicus lineola"", ""common_name"": ""European Skipper"", ""score"": 0.43797674775123596}, {""species"": ""Thymelicus sylvestris"", ""common_name"": ""Small Skipper"", ""score"": 0.34653952717781067}, {""species"": ""Ancyloxypha nitedula"", ""common_name"": """", ""score"": 0.07107135653495789}, {""species"": ""Thymelicus novus"", ""common_name"": """", ""score"": 0.039965782314538956}, {""species"": ""Ancyloxypha numitor"", ""common_name"": ""Least Skipper"", ""score"": 0.03743283078074455}]"
obs_340337296_photo_536341964_box3.jpg,obs_340337296_photo_536341964,/gpfs_common/share03/ftrscape/snair3/wew_notebooks/outputs_crop/obs_340337296_photo_536341964_box3.jpg,3,Ancyloxypha nitedula,Lotus corniculatus,FALSE,,,0.071071357,3,"[{""species"": ""Thymelicus lineola"", ""common_name"": ""European Skipper"", ""score"": 0.43797674775123596}, {""species"": ""Thymelicus sylvestris"", ""common_name"": ""Small Skipper"", ""score"": 0.34653952717781067}, {""species"": ""Ancyloxypha nitedula"", ""common_name"": """", ""score"": 0.07107135653495789}, {""species"": ""Thymelicus novus"", ""common_name"": """", ""score"": 0.039965782314538956}, {""species"": ""Ancyloxypha numitor"", ""common_name"": ""Least Skipper"", ""score"": 0.03743283078074455}]"
obs_340337296_photo_536341964_box3.jpg,obs_340337296_photo_536341964,/gpfs_common/share03/ftrscape/snair3/wew_notebooks/outputs_crop/obs_340337296_photo_536341964_box3.jpg,3,Thymelicus novus,Lotus corniculatus,FALSE,,,0.039965782,4,"[{""species"": ""Thymelicus lineola"", ""common_name"": ""European Skipper"", ""score"": 0.43797674775123596}, {""species"": ""Thymelicus sylvestris"", ""common_name"": ""Small Skipper"", ""score"": 0.34653952717781067}, {""species"": ""Ancyloxypha nitedula"", ""common_name"": """", ""score"": 0.07107135653495789}, {""species"": ""Thymelicus novus"", ""common_name"": """", ""score"": 0.039965782314538956}, {""species"": ""Ancyloxypha numitor"", ""common_name"": ""Least Skipper"", ""score"": 0.03743283078074455}]"
obs_340337296_photo_536341964_box3.jpg,obs_340337296_photo_536341964,/gpfs_common/share03/ftrscape/snair3/wew_notebooks/outputs_crop/obs_340337296_photo_536341964_box3.jpg,3,Ancyloxypha numitor,Lotus corniculatus,FALSE,,Least Skipper,0.037432831,5,"[{""species"": ""Thymelicus lineola"", ""common_name"": ""European Skipper"", ""score"": 0.43797674775123596}, {""species"": ""Thymelicus sylvestris"", ""common_name"": ""Small Skipper"", ""score"": 0.34653952717781067}, {""species"": ""Ancyloxypha nitedula"", ""common_name"": """", ""score"": 0.07107135653495789}, {""species"": ""Thymelicus novus"", ""common_name"": """", ""score"": 0.039965782314538956}, {""species"": ""Ancyloxypha numitor"", ""common_name"": ""Least Skipper"", ""score"": 0.03743283078074455}]"
obs_340337296_photo_536341964_box4.jpg,obs_340337296_photo_536341964,/gpfs_common/share03/ftrscape/snair3/wew_notebooks/outputs_crop/obs_340337296_photo_536341964_box4.jpg,4,Lotus corniculatus,Lotus corniculatus,TRUE,,Bird's-foot trefoil,0.409991056,1,"[{""species"": ""Lotus corniculatus"", ""common_name"": ""Bird's-foot trefoil"", ""score"": 0.409991055727005}, {""species"": ""Lotus japonicus"", ""common_name"": """", ""score"": 0.1345359832048416}, {""species"": ""Lotus ucrainicus"", ""common_name"": """", ""score"": 0.11979305744171143}, {""species"": ""Lotus tenuis"", ""common_name"": ""Narrow-leaved bird's-foot-trefoil"", ""score"": 0.08924297988414764}, {""species"": ""Lotus stepposus"", ""common_name"": """", ""score"": 0.03418174386024475}]"
obs_340337296_photo_536341964_box4.jpg,obs_340337296_photo_536341964,/gpfs_common/share03/ftrscape/snair3/wew_notebooks/outputs_crop/obs_340337296_photo_536341964_box4.jpg,4,Lotus japonicus,Lotus corniculatus,FALSE,,,0.134535983,2,"[{""species"": ""Lotus corniculatus"", ""common_name"": ""Bird's-foot trefoil"", ""score"": 0.409991055727005}, {""species"": ""Lotus japonicus"", ""common_name"": """", ""score"": 0.1345359832048416}, {""species"": ""Lotus ucrainicus"", ""common_name"": """", ""score"": 0.11979305744171143}, {""species"": ""Lotus tenuis"", ""common_name"": ""Narrow-leaved bird's-foot-trefoil"", ""score"": 0.08924297988414764}, {""species"": ""Lotus stepposus"", ""common_name"": """", ""score"": 0.03418174386024475}]"
obs_340337296_photo_536341964_box4.jpg,obs_340337296_photo_536341964,/gpfs_common/share03/ftrscape/snair3/wew_notebooks/outputs_crop/obs_340337296_photo_536341964_box4.jpg,4,Lotus ucrainicus,Lotus corniculatus,FALSE,,,0.119793057,3,"[{""species"": ""Lotus corniculatus"", ""common_name"": ""Bird's-foot trefoil"", ""score"": 0.409991055727005}, {""species"": ""Lotus japonicus"", ""common_name"": """", ""score"": 0.1345359832048416}, {""species"": ""Lotus ucrainicus"", ""common_name"": """", ""score"": 0.11979305744171143}, {""species"": ""Lotus tenuis"", ""common_name"": ""Narrow-leaved bird's-foot-trefoil"", ""score"": 0.08924297988414764}, {""species"": ""Lotus stepposus"", ""common_name"": """", ""score"": 0.03418174386024475}]"
obs_340337296_photo_536341964_box4.jpg,obs_340337296_photo_536341964,/gpfs_common/share03/ftrscape/snair3/wew_notebooks/outputs_crop/obs_340337296_photo_536341964_box4.jpg,4,Lotus tenuis,Lotus corniculatus,FALSE,,Narrow-leaved bird's-foot-trefoil,0.08924298,4,"[{""species"": ""Lotus corniculatus"", ""common_name"": ""Bird's-foot trefoil"", ""score"": 0.409991055727005}, {""species"": ""Lotus japonicus"", ""common_name"": """", ""score"": 0.1345359832048416}, {""species"": ""Lotus ucrainicus"", ""common_name"": """", ""score"": 0.11979305744171143}, {""species"": ""Lotus tenuis"", ""common_name"": ""Narrow-leaved bird's-foot-trefoil"", ""score"": 0.08924297988414764}, {""species"": ""Lotus stepposus"", ""common_name"": """", ""score"": 0.03418174386024475}]"
obs_340337296_photo_536341964_box4.jpg,obs_340337296_photo_536341964,/gpfs_common/share03/ftrscape/snair3/wew_notebooks/outputs_crop/obs_340337296_photo_536341964_box4.jpg,4,Lotus stepposus,Lotus corniculatus,FALSE,,,0.034181744,5,"[{""species"": ""Lotus corniculatus"", ""common_name"": ""Bird's-foot trefoil"", ""score"": 0.409991055727005}, {""species"": ""Lotus japonicus"", ""common_name"": """", ""score"": 0.1345359832048416}, {""species"": ""Lotus ucrainicus"", ""common_name"": """", ""score"": 0.11979305744171143}, {""species"": ""Lotus tenuis"", ""common_name"": ""Narrow-leaved bird's-foot-trefoil"", ""score"": 0.08924297988414764}, {""species"": ""Lotus stepposus"", ""common_name"": """", ""score"": 0.03418174386024475}]"
obs_340337296_photo_536341964_box5.jpg,obs_340337296_photo_536341964,/gpfs_common/share03/ftrscape/snair3/wew_notebooks/outputs_crop/obs_340337296_photo_536341964_box5.jpg,5,Lotus corniculatus,Lotus corniculatus,TRUE,,Bird's-foot trefoil,0.233546525,1,"[{""species"": ""Lotus corniculatus"", ""common_name"": ""Bird's-foot trefoil"", ""score"": 0.23354652523994446}, {""species"": ""Lotus japonicus"", ""common_name"": """", ""score"": 0.1430967152118683}, {""species"": ""Lotus tenuis"", ""common_name"": ""Narrow-leaved bird's-foot-trefoil"", ""score"": 0.08271762728691101}, {""species"": ""Ancyloxypha numitor"", ""common_name"": ""Least Skipper"", ""score"": 0.06354191154241562}, {""species"": ""Lotus stepposus"", ""common_name"": """", ""score"": 0.059155769646167755}]"
obs_340337296_photo_536341964_box5.jpg,obs_340337296_photo_536341964,/gpfs_common/share03/ftrscape/snair3/wew_notebooks/outputs_crop/obs_340337296_photo_536341964_box5.jpg,5,Lotus japonicus,Lotus corniculatus,FALSE,,,0.143096715,2,"[{""species"": ""Lotus corniculatus"", ""common_name"": ""Bird's-foot trefoil"", ""score"": 0.23354652523994446}, {""species"": ""Lotus japonicus"", ""common_name"": """", ""score"": 0.1430967152118683}, {""species"": ""Lotus tenuis"", ""common_name"": ""Narrow-leaved bird's-foot-trefoil"", ""score"": 0.08271762728691101}, {""species"": ""Ancyloxypha numitor"", ""common_name"": ""Least Skipper"", ""score"": 0.06354191154241562}, {""species"": ""Lotus stepposus"", ""common_name"": """", ""score"": 0.059155769646167755}]"
obs_340337296_photo_536341964_box5.jpg,obs_340337296_photo_536341964,/gpfs_common/share03/ftrscape/snair3/wew_notebooks/outputs_crop/obs_340337296_photo_536341964_box5.jpg,5,Lotus tenuis,Lotus corniculatus,FALSE,,Narrow-leaved bird's-foot-trefoil,0.082717627,3,"[{""species"": ""Lotus corniculatus"", ""common_name"": ""Bird's-foot trefoil"", ""score"": 0.23354652523994446}, {""species"": ""Lotus japonicus"", ""common_name"": """", ""score"": 0.1430967152118683}, {""species"": ""Lotus tenuis"", ""common_name"": ""Narrow-leaved bird's-foot-trefoil"", ""score"": 0.08271762728691101}, {""species"": ""Ancyloxypha numitor"", ""common_name"": ""Least Skipper"", ""score"": 0.06354191154241562}, {""species"": ""Lotus stepposus"", ""common_name"": """", ""score"": 0.059155769646167755}]"
obs_340337296_photo_536341964_box5.jpg,obs_340337296_photo_536341964,/gpfs_common/share03/ftrscape/snair3/wew_notebooks/outputs_crop/obs_340337296_photo_536341964_box5.jpg,5,Ancyloxypha numitor,Lotus corniculatus,FALSE,,Least Skipper,0.063541912,4,"[{""species"": ""Lotus corniculatus"", ""common_name"": ""Bird's-foot trefoil"", ""score"": 0.23354652523994446}, {""species"": ""Lotus japonicus"", ""common_name"": """", ""score"": 0.1430967152118683}, {""species"": ""Lotus tenuis"", ""common_name"": ""Narrow-leaved bird's-foot-trefoil"", ""score"": 0.08271762728691101}, {""species"": ""Ancyloxypha numitor"", ""common_name"": ""Least Skipper"", ""score"": 0.06354191154241562}, {""species"": ""Lotus stepposus"", ""common_name"": """", ""score"": 0.059155769646167755}]"
obs_340337296_photo_536341964_box5.jpg,obs_340337296_photo_536341964,/gpfs_common/share03/ftrscape/snair3/wew_notebooks/outputs_crop/obs_340337296_photo_536341964_box5.jpg,5,Lotus stepposus,Lotus corniculatus,FALSE,,,0.05915577,5,"[{""species"": ""Lotus corniculatus"", ""common_name"": ""Bird's-foot trefoil"", ""score"": 0.23354652523994446}, {""species"": ""Lotus japonicus"", ""common_name"": """", ""score"": 0.1430967152118683}, {""species"": ""Lotus tenuis"", ""common_name"": ""Narrow-leaved bird's-foot-trefoil"", ""score"": 0.08271762728691101}, {""species"": ""Ancyloxypha numitor"", ""common_name"": ""Least Skipper"", ""score"": 0.06354191154241562}, {""species"": ""Lotus stepposus"", ""common_name"": """", ""score"": 0.059155769646167755}]"
obs_340337865_photo_533753896_box1.jpg,obs_340337865_photo_533753896,/gpfs_common/share03/ftrscape/snair3/wew_notebooks/outputs_crop/obs_340337865_photo_533753896_box1.jpg,1,Vicia cracca,Vicia cracca,TRUE,,Tufted Vetch,0.251138151,1,"[{""species"": ""Vicia cracca"", ""common_name"": ""Tufted Vetch"", ""score"": 0.2511381506919861}, {""species"": ""Vicia incana"", ""common_name"": """", ""score"": 0.24324250221252441}, {""species"": ""Contarinia craccae"", ""common_name"": ""Vikkeblomstgalmyg"", ""score"": 0.053606413304805756}, {""species"": ""Vicia villosa"", ""common_name"": ""Winter vetch"", ""score"": 0.037651270627975464}, {""species"": ""Vicia amurensis"", ""common_name"": """", ""score"": 0.036866169422864914}]"
obs_340337865_photo_533753896_box1.jpg,obs_340337865_photo_533753896,/gpfs_common/share03/ftrscape/snair3/wew_notebooks/outputs_crop/obs_340337865_photo_533753896_box1.jpg,1,Vicia incana,Vicia cracca,FALSE,,,0.243242502,2,"[{""species"": ""Vicia cracca"", ""common_name"": ""Tufted Vetch"", ""score"": 0.2511381506919861}, {""species"": ""Vicia incana"", ""common_name"": """", ""score"": 0.24324250221252441}, {""species"": ""Contarinia craccae"", ""common_name"": ""Vikkeblomstgalmyg"", ""score"": 0.053606413304805756}, {""species"": ""Vicia villosa"", ""common_name"": ""Winter vetch"", ""score"": 0.037651270627975464}, {""species"": ""Vicia amurensis"", ""common_name"": """", ""score"": 0.036866169422864914}]"
obs_340337865_photo_533753896_box1.jpg,obs_340337865_photo_533753896,/gpfs_common/share03/ftrscape/snair3/wew_notebooks/outputs_crop/obs_340337865_photo_533753896_box1.jpg,1,Contarinia craccae,Vicia cracca,FALSE,,Vikkeblomstgalmyg,0.053606413,3,"[{""species"": ""Vicia cracca"", ""common_name"": ""Tufted Vetch"", ""score"": 0.2511381506919861}, {""species"": ""Vicia incana"", ""common_name"": """", ""score"": 0.24324250221252441}, {""species"": ""Contarinia craccae"", ""common_name"": ""Vikkeblomstgalmyg"", ""score"": 0.053606413304805756}, {""species"": ""Vicia villosa"", ""common_name"": ""Winter vetch"", ""score"": 0.037651270627975464}, {""species"": ""Vicia amurensis"", ""common_name"": """", ""score"": 0.036866169422864914}]"
obs_340337865_photo_533753896_box1.jpg,obs_340337865_photo_533753896,/gpfs_common/share03/ftrscape/snair3/wew_notebooks/outputs_crop/obs_340337865_photo_533753896_box1.jpg,1,Vicia villosa,Vicia cracca,FALSE,,Winter vetch,0.037651271,4,"[{""species"": ""Vicia cracca"", ""common_name"": ""Tufted Vetch"", ""score"": 0.2511381506919861}, {""species"": ""Vicia incana"", ""common_name"": """", ""score"": 0.24324250221252441}, {""species"": ""Contarinia craccae"", ""common_name"": ""Vikkeblomstgalmyg"", ""score"": 0.053606413304805756}, {""species"": ""Vicia villosa"", ""common_name"": ""Winter vetch"", ""score"": 0.037651270627975464}, {""species"": ""Vicia amurensis"", ""common_name"": """", ""score"": 0.036866169422864914}]"
obs_340337865_photo_533753896_box1.jpg,obs_340337865_photo_533753896,/gpfs_common/share03/ftrscape/snair3/wew_notebooks/outputs_crop/obs_340337865_photo_533753896_box1.jpg,1,Vicia amurensis,Vicia cracca,FALSE,,,0.036866169,5,"[{""species"": ""Vicia cracca"", ""common_name"": ""Tufted Vetch"", ""score"": 0.2511381506919861}, {""species"": ""Vicia incana"", ""common_name"": """", ""score"": 0.24324250221252441}, {""species"": ""Contarinia craccae"", ""common_name"": ""Vikkeblomstgalmyg"", ""score"": 0.053606413304805756}, {""species"": ""Vicia villosa"", ""common_name"": ""Winter vetch"", ""score"": 0.037651270627975464}, {""species"": ""Vicia amurensis"", ""common_name"": """", ""score"": 0.036866169422864914}]"
obs_340337865_photo_533753896_box2.jpg,obs_340337865_photo_533753896,/gpfs_common/share03/ftrscape/snair3/wew_notebooks/outputs_crop/obs_340337865_photo_533753896_box2.jpg,2,Vicia incana,Vicia cracca,FALSE,,,0.299189717,1,"[{""species"": ""Vicia incana"", ""common_name"": """", ""score"": 0.2991897165775299}, {""species"": ""Vicia cracca"", ""common_name"": ""Tufted Vetch"", ""score"": 0.2582385838031769}, {""species"": ""Vicia villosa"", ""common_name"": ""Winter vetch"", ""score"": 0.12706628441810608}, {""species"": ""Vicia tenuifolia"", ""common_name"": ""Fine-leaved vetch"", ""score"": 0.0517420768737793}, {""species"": ""Vicia amoena"", ""common_name"": ""Cheder ebs"", ""score"": 0.03553139790892601}]"
obs_340337865_photo_533753896_box2.jpg,obs_340337865_photo_533753896,/gpfs_common/share03/ftrscape/snair3/wew_notebooks/outputs_crop/obs_340337865_photo_533753896_box2.jpg,2,Vicia cracca,Vicia cracca,TRUE,,Tufted Vetch,0.258238584,2,"[{""species"": ""Vicia incana"", ""common_name"": """", ""score"": 0.2991897165775299}, {""species"": ""Vicia cracca"", ""common_name"": ""Tufted Vetch"", ""score"": 0.2582385838031769}, {""species"": ""Vicia villosa"", ""common_name"": ""Winter vetch"", ""score"": 0.12706628441810608}, {""species"": ""Vicia tenuifolia"", ""common_name"": ""Fine-leaved vetch"", ""score"": 0.0517420768737793}, {""species"": ""Vicia amoena"", ""common_name"": ""Cheder ebs"", ""score"": 0.03553139790892601}]"
obs_340337865_photo_533753896_box2.jpg,obs_340337865_photo_533753896,/gpfs_common/share03/ftrscape/snair3/wew_notebooks/outputs_crop/obs_340337865_photo_533753896_box2.jpg,2,Vicia villosa,Vicia cracca,FALSE,,Winter vetch,0.127066284,3,"[{""species"": ""Vicia incana"", ""common_name"": """", ""score"": 0.2991897165775299}, {""species"": ""Vicia cracca"", ""common_name"": ""Tufted Vetch"", ""score"": 0.2582385838031769}, {""species"": ""Vicia villosa"", ""common_name"": ""Winter vetch"", ""score"": 0.12706628441810608}, {""species"": ""Vicia tenuifolia"", ""common_name"": ""Fine-leaved vetch"", ""score"": 0.0517420768737793}, {""species"": ""Vicia amoena"", ""common_name"": ""Cheder ebs"", ""score"": 0.03553139790892601}]"
obs_340337865_photo_533753896_box2.jpg,obs_340337865_photo_533753896,/gpfs_common/share03/ftrscape/snair3/wew_notebooks/outputs_crop/obs_340337865_photo_533753896_box2.jpg,2,Vicia tenuifolia,Vicia cracca,FALSE,,Fine-leaved vetch,0.051742077,4,"[{""species"": ""Vicia incana"", ""common_name"": """", ""score"": 0.2991897165775299}, {""species"": ""Vicia cracca"", ""common_name"": ""Tufted Vetch"", ""score"": 0.2582385838031769}, {""species"": ""Vicia villosa"", ""common_name"": ""Winter vetch"", ""score"": 0.12706628441810608}, {""species"": ""Vicia tenuifolia"", ""common_name"": ""Fine-leaved vetch"", ""score"": 0.0517420768737793}, {""species"": ""Vicia amoena"", ""common_name"": ""Cheder ebs"", ""score"": 0.03553139790892601}]"
obs_340337865_photo_533753896_box2.jpg,obs_340337865_photo_533753896,/gpfs_common/share03/ftrscape/snair3/wew_notebooks/outputs_crop/obs_340337865_photo_533753896_box2.jpg,2,Vicia amoena,Vicia cracca,FALSE,,Cheder ebs,0.035531398,5,"[{""species"": ""Vicia incana"", ""common_name"": """", ""score"": 0.2991897165775299}, {""species"": ""Vicia cracca"", ""common_name"": ""Tufted Vetch"", ""score"": 0.2582385838031769}, {""species"": ""Vicia villosa"", ""common_name"": ""Winter vetch"", ""score"": 0.12706628441810608}, {""species"": ""Vicia tenuifolia"", ""common_name"": ""Fine-leaved vetch"", ""score"": 0.0517420768737793}, {""species"": ""Vicia amoena"", ""common_name"": ""Cheder ebs"", ""score"": 0.03553139790892601}]"
obs_340337865_photo_533753896_box3.jpg,obs_340337865_photo_533753896,/gpfs_common/share03/ftrscape/snair3/wew_notebooks/outputs_crop/obs_340337865_photo_533753896_box3.jpg,3,Vicia incana,Vicia cracca,FALSE,,,0.307931364,1,"[{""species"": ""Vicia incana"", ""common_name"": """", ""score"": 0.3079313635826111}, {""species"": ""Contarinia craccae"", ""common_name"": ""Vikkeblomstgalmyg"", ""score"": 0.24216507375240326}, {""species"": ""Dasineura viciae"", ""common_name"": ""Gærdevikkegalmyg"", ""score"": 0.03309888765215874}, {""species"": ""Asphondylia miki"", ""common_name"": """", ""score"": 0.029032813385128975}, {""species"": ""Vicia cracca"", ""common_name"": ""Tufted Vetch"", ""score"": 0.029019303619861603}]"
obs_340337865_photo_533753896_box3.jpg,obs_340337865_photo_533753896,/gpfs_common/share03/ftrscape/snair3/wew_notebooks/outputs_crop/obs_340337865_photo_533753896_box3.jpg,3,Contarinia craccae,Vicia cracca,FALSE,,Vikkeblomstgalmyg,0.242165074,2,"[{""species"": ""Vicia incana"", ""common_name"": """", ""score"": 0.3079313635826111}, {""species"": ""Contarinia craccae"", ""common_name"": ""Vikkeblomstgalmyg"", ""score"": 0.24216507375240326}, {""species"": ""Dasineura viciae"", ""common_name"": ""Gærdevikkegalmyg"", ""score"": 0.03309888765215874}, {""species"": ""Asphondylia miki"", ""common_name"": """", ""score"": 0.029032813385128975}, {""species"": ""Vicia cracca"", ""common_name"": ""Tufted Vetch"", ""score"": 0.029019303619861603}]"
obs_340337865_photo_533753896_box3.jpg,obs_340337865_photo_533753896,/gpfs_common/share03/ftrscape/snair3/wew_notebooks/outputs_crop/obs_340337865_photo_533753896_box3.jpg,3,Dasineura viciae,Vicia cracca,FALSE,,Gærdevikkegalmyg,0.033098888,3,"[{""species"": ""Vicia incana"", ""common_name"": """", ""score"": 0.3079313635826111}, {""species"": ""Contarinia craccae"", ""common_name"": ""Vikkeblomstgalmyg"", ""score"": 0.24216507375240326}, {""species"": ""Dasineura viciae"", ""common_name"": ""Gærdevikkegalmyg"", ""score"": 0.03309888765215874}, {""species"": ""Asphondylia miki"", ""common_name"": """", ""score"": 0.029032813385128975}, {""species"": ""Vicia cracca"", ""common_name"": ""Tufted Vetch"", ""score"": 0.029019303619861603}]"
obs_340337865_photo_533753896_box3.jpg,obs_340337865_photo_533753896,/gpfs_common/share03/ftrscape/snair3/wew_notebooks/outputs_crop/obs_340337865_photo_533753896_box3.jpg,3,Asphondylia miki,Vicia cracca,FALSE,,,0.029032813,4,"[{""species"": ""Vicia incana"", ""common_name"": """", ""score"": 0.3079313635826111}, {""species"": ""Contarinia craccae"", ""common_name"": ""Vikkeblomstgalmyg"", ""score"": 0.24216507375240326}, {""species"": ""Dasineura viciae"", ""common_name"": ""Gærdevikkegalmyg"", ""score"": 0.03309888765215874}, {""species"": ""Asphondylia miki"", ""common_name"": """", ""score"": 0.029032813385128975}, {""species"": ""Vicia cracca"", ""common_name"": ""Tufted Vetch"", ""score"": 0.029019303619861603}]"
obs_340337865_photo_533753896_box3.jpg,obs_340337865_photo_533753896,/gpfs_common/share03/ftrscape/snair3/wew_notebooks/outputs_crop/obs_340337865_photo_533753896_box3.jpg,3,Vicia cracca,Vicia cracca,TRUE,,Tufted Vetch,0.029019304,5,"[{""species"": ""Vicia incana"", ""common_name"": """", ""score"": 0.3079313635826111}, {""species"": ""Contarinia craccae"", ""common_name"": ""Vikkeblomstgalmyg"", ""score"": 0.24216507375240326}, {""species"": ""Dasineura viciae"", ""common_name"": ""Gærdevikkegalmyg"", ""score"": 0.03309888765215874}, {""species"": ""Asphondylia miki"", ""common_name"": """", ""score"": 0.029032813385128975}, {""species"": ""Vicia cracca"", ""common_name"": ""Tufted Vetch"", ""score"": 0.029019303619861603}]"
obs_340337865_photo_533753896_box4.jpg,obs_340337865_photo_533753896,/gpfs_common/share03/ftrscape/snair3/wew_notebooks/outputs_crop/obs_340337865_photo_533753896_box4.jpg,4,Thymelicus lineola,Vicia cracca,FALSE,,European Skipper,0.975426435,1,"[{""species"": ""Thymelicus lineola"", ""common_name"": ""European Skipper"", ""score"": 0.975426435470581}, {""species"": ""Ancyloxypha numitor"", ""common_name"": ""Least Skipper"", ""score"": 0.0055895717814564705}, {""species"": ""Ancyloxypha nitedula"", ""common_name"": """", ""score"": 0.005209855269640684}, {""species"": ""Pseudocopaeodes eunus"", ""common_name"": ""Alkali skipper"", ""score"": 0.0028896064031869173}, {""species"": ""Oarisma garita"", ""common_name"": ""Garita skipperling"", ""score"": 0.002758902031928301}]"
obs_340337865_photo_533753896_box4.jpg,obs_340337865_photo_533753896,/gpfs_common/share03/ftrscape/snair3/wew_notebooks/outputs_crop/obs_340337865_photo_533753896_box4.jpg,4,Ancyloxypha numitor,Vicia cracca,FALSE,,Least Skipper,0.005589572,2,"[{""species"": ""Thymelicus lineola"", ""common_name"": ""European Skipper"", ""score"": 0.975426435470581}, {""species"": ""Ancyloxypha numitor"", ""common_name"": ""Least Skipper"", ""score"": 0.0055895717814564705}, {""species"": ""Ancyloxypha nitedula"", ""common_name"": """", ""score"": 0.005209855269640684}, {""species"": ""Pseudocopaeodes eunus"", ""common_name"": ""Alkali skipper"", ""score"": 0.0028896064031869173}, {""species"": ""Oarisma garita"", ""common_name"": ""Garita skipperling"", ""score"": 0.002758902031928301}]"
obs_340337865_photo_533753896_box4.jpg,obs_340337865_photo_533753896,/gpfs_common/share03/ftrscape/snair3/wew_notebooks/outputs_crop/obs_340337865_photo_533753896_box4.jpg,4,Ancyloxypha nitedula,Vicia cracca,FALSE,,,0.005209855,3,"[{""species"": ""Thymelicus lineola"", ""common_name"": ""European Skipper"", ""score"": 0.975426435470581}, {""species"": ""Ancyloxypha numitor"", ""common_name"": ""Least Skipper"", ""score"": 0.0055895717814564705}, {""species"": ""Ancyloxypha nitedula"", ""common_name"": """", ""score"": 0.005209855269640684}, {""species"": ""Pseudocopaeodes eunus"", ""common_name"": ""Alkali skipper"", ""score"": 0.0028896064031869173}, {""species"": ""Oarisma garita"", ""common_name"": ""Garita skipperling"", ""score"": 0.002758902031928301}]"
obs_340337865_photo_533753896_box4.jpg,obs_340337865_photo_533753896,/gpfs_common/share03/ftrscape/snair3/wew_notebooks/outputs_crop/obs_340337865_photo_533753896_box4.jpg,4,Pseudocopaeodes eunus,Vicia cracca,FALSE,,Alkali skipper,0.002889606,4,"[{""species"": ""Thymelicus lineola"", ""common_name"": ""European Skipper"", ""score"": 0.975426435470581}, {""species"": ""Ancyloxypha numitor"", ""common_name"": ""Least Skipper"", ""score"": 0.0055895717814564705}, {""species"": ""Ancyloxypha nitedula"", ""common_name"": """", ""score"": 0.005209855269640684}, {""species"": ""Pseudocopaeodes eunus"", ""common_name"": ""Alkali skipper"", ""score"": 0.0028896064031869173}, {""species"": ""Oarisma garita"", ""common_name"": ""Garita skipperling"", ""score"": 0.002758902031928301}]"
obs_340337865_photo_533753896_box4.jpg,obs_340337865_photo_533753896,/gpfs_common/share03/ftrscape/snair3/wew_notebooks/outputs_crop/obs_340337865_photo_533753896_box4.jpg,4,Oarisma garita,Vicia cracca,FALSE,,Garita skipperling,0.002758902,5,"[{""species"": ""Thymelicus lineola"", ""common_name"": ""European Skipper"", ""score"": 0.975426435470581}, {""species"": ""Ancyloxypha numitor"", ""common_name"": ""Least Skipper"", ""score"": 0.0055895717814564705}, {""species"": ""Ancyloxypha nitedula"", ""common_name"": """", ""score"": 0.005209855269640684}, {""species"": ""Pseudocopaeodes eunus"", ""common_name"": ""Alkali skipper"", ""score"": 0.0028896064031869173}, {""species"": ""Oarisma garita"", ""common_name"": ""Garita skipperling"", ""score"": 0.002758902031928301}]"
obs_340364592_photo_619375042_box1.jpg,obs_340364592_photo_619375042,/gpfs_common/share03/ftrscape/snair3/wew_notebooks/outputs_crop/obs_340364592_photo_619375042_box1.jpg,1,Aquarius najas,Aquarius najas,TRUE,,River skater,0.442073494,1,"[{""species"": ""Aquarius najas"", ""common_name"": ""River skater"", ""score"": 0.4420734941959381}, {""species"": ""Aquarius conformis"", ""common_name"": """", ""score"": 0.09646011888980865}, {""species"": ""Telmatrechus parallelus"", ""common_name"": """", ""score"": 0.07818196713924408}, {""species"": ""Ptilomera tigrina"", ""common_name"": """", ""score"": 0.04564490541815758}, {""species"": ""Aquarius fabricii"", ""common_name"": """", ""score"": 0.03908626735210419}]"
obs_340364592_photo_619375042_box1.jpg,obs_340364592_photo_619375042,/gpfs_common/share03/ftrscape/snair3/wew_notebooks/outputs_crop/obs_340364592_photo_619375042_box1.jpg,1,Aquarius conformis,Aquarius najas,FALSE,,,0.096460119,2,"[{""species"": ""Aquarius najas"", ""common_name"": ""River skater"", ""score"": 0.4420734941959381}, {""species"": ""Aquarius conformis"", ""common_name"": """", ""score"": 0.09646011888980865}, {""species"": ""Telmatrechus parallelus"", ""common_name"": """", ""score"": 0.07818196713924408}, {""species"": ""Ptilomera tigrina"", ""common_name"": """", ""score"": 0.04564490541815758}, {""species"": ""Aquarius fabricii"", ""common_name"": """", ""score"": 0.03908626735210419}]"
obs_340364592_photo_619375042_box1.jpg,obs_340364592_photo_619375042,/gpfs_common/share03/ftrscape/snair3/wew_notebooks/outputs_crop/obs_340364592_photo_619375042_box1.jpg,1,Telmatrechus parallelus,Aquarius najas,FALSE,,,0.078181967,3,"[{""species"": ""Aquarius najas"", ""common_name"": ""River skater"", ""score"": 0.4420734941959381}, {""species"": ""Aquarius conformis"", ""common_name"": """", ""score"": 0.09646011888980865}, {""species"": ""Telmatrechus parallelus"", ""common_name"": """", ""score"": 0.07818196713924408}, {""species"": ""Ptilomera tigrina"", ""common_name"": """", ""score"": 0.04564490541815758}, {""species"": ""Aquarius fabricii"", ""common_name"": """", ""score"": 0.03908626735210419}]"
obs_340364592_photo_619375042_box1.jpg,obs_340364592_photo_619375042,/gpfs_common/share03/ftrscape/snair3/wew_notebooks/outputs_crop/obs_340364592_photo_619375042_box1.jpg,1,Ptilomera tigrina,Aquarius najas,FALSE,,,0.045644905,4,"[{""species"": ""Aquarius najas"", ""common_name"": ""River skater"", ""score"": 0.4420734941959381}, {""species"": ""Aquarius conformis"", ""common_name"": """", ""score"": 0.09646011888980865}, {""species"": ""Telmatrechus parallelus"", ""common_name"": """", ""score"": 0.07818196713924408}, {""species"": ""Ptilomera tigrina"", ""common_name"": """", ""score"": 0.04564490541815758}, {""species"": ""Aquarius fabricii"", ""common_name"": """", ""score"": 0.03908626735210419}]"
obs_340364592_photo_619375042_box1.jpg,obs_340364592_photo_619375042,/gpfs_common/share03/ftrscape/snair3/wew_notebooks/outputs_crop/obs_340364592_photo_619375042_box1.jpg,1,Aquarius fabricii,Aquarius najas,FALSE,,,0.039086267,5,"[{""species"": ""Aquarius najas"", ""common_name"": ""River skater"", ""score"": 0.4420734941959381}, {""species"": ""Aquarius conformis"", ""common_name"": """", ""score"": 0.09646011888980865}, {""species"": ""Telmatrechus parallelus"", ""common_name"": """", ""score"": 0.07818196713924408}, {""species"": ""Ptilomera tigrina"", ""common_name"": """", ""score"": 0.04564490541815758}, {""species"": ""Aquarius fabricii"", ""common_name"": """", ""score"": 0.03908626735210419}]"
obs_340364592_photo_619375042_box2.jpg,obs_340364592_photo_619375042,/gpfs_common/share03/ftrscape/snair3/wew_notebooks/outputs_crop/obs_340364592_photo_619375042_box2.jpg,2,Aquarius najas,Aquarius najas,TRUE,,River skater,0.401777208,1,"[{""species"": ""Aquarius najas"", ""common_name"": ""River skater"", ""score"": 0.4017772078514099}, {""species"": ""Aquarius conformis"", ""common_name"": """", ""score"": 0.1602591574192047}, {""species"": ""Ptilomera tigrina"", ""common_name"": """", ""score"": 0.04794079810380936}, {""species"": ""Telmatrechus parallelus"", ""common_name"": """", ""score"": 0.0427609421312809}, {""species"": ""Aquarius fabricii"", ""common_name"": """", ""score"": 0.04010067880153656}]"
obs_340364592_photo_619375042_box2.jpg,obs_340364592_photo_619375042,/gpfs_common/share03/ftrscape/snair3/wew_notebooks/outputs_crop/obs_340364592_photo_619375042_box2.jpg,2,Aquarius conformis,Aquarius najas,FALSE,,,0.160259157,2,"[{""species"": ""Aquarius najas"", ""common_name"": ""River skater"", ""score"": 0.4017772078514099}, {""species"": ""Aquarius conformis"", ""common_name"": """", ""score"": 0.1602591574192047}, {""species"": ""Ptilomera tigrina"", ""common_name"": """", ""score"": 0.04794079810380936}, {""species"": ""Telmatrechus parallelus"", ""common_name"": """", ""score"": 0.0427609421312809}, {""species"": ""Aquarius fabricii"", ""common_name"": """", ""score"": 0.04010067880153656}]"
obs_340364592_photo_619375042_box2.jpg,obs_340364592_photo_619375042,/gpfs_common/share03/ftrscape/snair3/wew_notebooks/outputs_crop/obs_340364592_photo_619375042_box2.jpg,2,Ptilomera tigrina,Aquarius najas,FALSE,,,0.047940798,3,"[{""species"": ""Aquarius najas"", ""common_name"": ""River skater"", ""score"": 0.4017772078514099}, {""species"": ""Aquarius conformis"", ""common_name"": """", ""score"": 0.1602591574192047}, {""species"": ""Ptilomera tigrina"", ""common_name"": """", ""score"": 0.04794079810380936}, {""species"": ""Telmatrechus parallelus"", ""common_name"": """", ""score"": 0.0427609421312809}, {""species"": ""Aquarius fabricii"", ""common_name"": """", ""score"": 0.04010067880153656}]"
obs_340364592_photo_619375042_box2.jpg,obs_340364592_photo_619375042,/gpfs_common/share03/ftrscape/snair3/wew_notebooks/outputs_crop/obs_340364592_photo_619375042_box2.jpg,2,Telmatrechus parallelus,Aquarius najas,FALSE,,,0.042760942,4,"[{""species"": ""Aquarius najas"", ""common_name"": ""River skater"", ""score"": 0.4017772078514099}, {""species"": ""Aquarius conformis"", ""common_name"": """", ""score"": 0.1602591574192047}, {""species"": ""Ptilomera tigrina"", ""common_name"": """", ""score"": 0.04794079810380936}, {""species"": ""Telmatrechus parallelus"", ""common_name"": """", ""score"": 0.0427609421312809}, {""species"": ""Aquarius fabricii"", ""common_name"": """", ""score"": 0.04010067880153656}]"
obs_340364592_photo_619375042_box2.jpg,obs_340364592_photo_619375042,/gpfs_common/share03/ftrscape/snair3/wew_notebooks/outputs_crop/obs_340364592_photo_619375042_box2.jpg,2,Aquarius fabricii,Aquarius najas,FALSE,,,0.040100679,5,"[{""species"": ""Aquarius najas"", ""common_name"": ""River skater"", ""score"": 0.4017772078514099}, {""species"": ""Aquarius conformis"", ""common_name"": """", ""score"": 0.1602591574192047}, {""species"": ""Ptilomera tigrina"", ""common_name"": """", ""score"": 0.04794079810380936}, {""species"": ""Telmatrechus parallelus"", ""common_name"": """", ""score"": 0.0427609421312809}, {""species"": ""Aquarius fabricii"", ""common_name"": """", ""score"": 0.04010067880153656}]"
obs_340364592_photo_619375042_box3.jpg,obs_340364592_photo_619375042,/gpfs_common/share03/ftrscape/snair3/wew_notebooks/outputs_crop/obs_340364592_photo_619375042_box3.jpg,3,Aquarius conformis,Aquarius najas,FALSE,,,0.320217043,1,"[{""species"": ""Aquarius conformis"", ""common_name"": """", ""score"": 0.3202170431613922}, {""species"": ""Aquarius najas"", ""common_name"": ""River skater"", ""score"": 0.186604306101799}, {""species"": ""Aquarius paludum"", ""common_name"": ""sjöskräddare"", ""score"": 0.053645264357328415}, {""species"": ""Aquarius ventralis"", ""common_name"": """", ""score"": 0.047141022980213165}, {""species"": ""Ptilomera tigrina"", ""common_name"": """", ""score"": 0.04388565570116043}]"
obs_340364592_photo_619375042_box3.jpg,obs_340364592_photo_619375042,/gpfs_common/share03/ftrscape/snair3/wew_notebooks/outputs_crop/obs_340364592_photo_619375042_box3.jpg,3,Aquarius najas,Aquarius najas,TRUE,,River skater,0.186604306,2,"[{""species"": ""Aquarius conformis"", ""common_name"": """", ""score"": 0.3202170431613922}, {""species"": ""Aquarius najas"", ""common_name"": ""River skater"", ""score"": 0.186604306101799}, {""species"": ""Aquarius paludum"", ""common_name"": ""sjöskräddare"", ""score"": 0.053645264357328415}, {""species"": ""Aquarius ventralis"", ""common_name"": """", ""score"": 0.047141022980213165}, {""species"": ""Ptilomera tigrina"", ""common_name"": """", ""score"": 0.04388565570116043}]"
obs_340364592_photo_619375042_box3.jpg,obs_340364592_photo_619375042,/gpfs_common/share03/ftrscape/snair3/wew_notebooks/outputs_crop/obs_340364592_photo_619375042_box3.jpg,3,Aquarius paludum,Aquarius najas,FALSE,,sjöskräddare,0.053645264,3,"[{""species"": ""Aquarius conformis"", ""common_name"": """", ""score"": 0.3202170431613922}, {""species"": ""Aquarius najas"", ""common_name"": ""River skater"", ""score"": 0.186604306101799}, {""species"": ""Aquarius paludum"", ""common_name"": ""sjöskräddare"", ""score"": 0.053645264357328415}, {""species"": ""Aquarius ventralis"", ""common_name"": """", ""score"": 0.047141022980213165}, {""species"": ""Ptilomera tigrina"", ""common_name"": """", ""score"": 0.04388565570116043}]"
obs_340364592_photo_619375042_box3.jpg,obs_340364592_photo_619375042,/gpfs_common/share03/ftrscape/snair3/wew_notebooks/outputs_crop/obs_340364592_photo_619375042_box3.jpg,3,Aquarius ventralis,Aquarius najas,FALSE,,,0.047141023,4,"[{""species"": ""Aquarius conformis"", ""common_name"": """", ""score"": 0.3202170431613922}, {""species"": ""Aquarius najas"", ""common_name"": ""River skater"", ""score"": 0.186604306101799}, {""species"": ""Aquarius paludum"", ""common_name"": ""sjöskräddare"", ""score"": 0.053645264357328415}, {""species"": ""Aquarius ventralis"", ""common_name"": """", ""score"": 0.047141022980213165}, {""species"": ""Ptilomera tigrina"", ""common_name"": """", ""score"": 0.04388565570116043}]"
obs_340364592_photo_619375042_box3.jpg,obs_340364592_photo_619375042,/gpfs_common/share03/ftrscape/snair3/wew_notebooks/outputs_crop/obs_340364592_photo_619375042_box3.jpg,3,Ptilomera tigrina,Aquarius najas,FALSE,,,0.043885656,5,"[{""species"": ""Aquarius conformis"", ""common_name"": """", ""score"": 0.3202170431613922}, {""species"": ""Aquarius najas"", ""common_name"": ""River skater"", ""score"": 0.186604306101799}, {""species"": ""Aquarius paludum"", ""common_name"": ""sjöskräddare"", ""score"": 0.053645264357328415}, {""species"": ""Aquarius ventralis"", ""common_name"": """", ""score"": 0.047141022980213165}, {""species"": ""Ptilomera tigrina"", ""common_name"": """", ""score"": 0.04388565570116043}]"
obs_340364592_photo_619375042_box4.jpg,obs_340364592_photo_619375042,/gpfs_common/share03/ftrscape/snair3/wew_notebooks/outputs_crop/obs_340364592_photo_619375042_box4.jpg,4,Aquarius conformis,Aquarius najas,FALSE,,,0.25330016,1,"[{""species"": ""Aquarius conformis"", ""common_name"": """", ""score"": 0.25330016016960144}, {""species"": ""Aquarius najas"", ""common_name"": ""River skater"", ""score"": 0.23527812957763672}, {""species"": ""Aquarius cinereus"", ""common_name"": """", ""score"": 0.05218616500496864}, {""species"": ""Aquarius ventralis"", ""common_name"": """", ""score"": 0.049219999462366104}, {""species"": ""Aquarius chilensis"", ""common_name"": """", ""score"": 0.046824727207422256}]"
obs_340364592_photo_619375042_box4.jpg,obs_340364592_photo_619375042,/gpfs_common/share03/ftrscape/snair3/wew_notebooks/outputs_crop/obs_340364592_photo_619375042_box4.jpg,4,Aquarius najas,Aquarius najas,TRUE,,River skater,0.23527813,2,"[{""species"": ""Aquarius conformis"", ""common_name"": """", ""score"": 0.25330016016960144}, {""species"": ""Aquarius najas"", ""common_name"": ""River skater"", ""score"": 0.23527812957763672}, {""species"": ""Aquarius cinereus"", ""common_name"": """", ""score"": 0.05218616500496864}, {""species"": ""Aquarius ventralis"", ""common_name"": """", ""score"": 0.049219999462366104}, {""species"": ""Aquarius chilensis"", ""common_name"": """", ""score"": 0.046824727207422256}]"
obs_340364592_photo_619375042_box4.jpg,obs_340364592_photo_619375042,/gpfs_common/share03/ftrscape/snair3/wew_notebooks/outputs_crop/obs_340364592_photo_619375042_box4.jpg,4,Aquarius cinereus,Aquarius najas,FALSE,,,0.052186165,3,"[{""species"": ""Aquarius conformis"", ""common_name"": """", ""score"": 0.25330016016960144}, {""species"": ""Aquarius najas"", ""common_name"": ""River skater"", ""score"": 0.23527812957763672}, {""species"": ""Aquarius cinereus"", ""common_name"": """", ""score"": 0.05218616500496864}, {""species"": ""Aquarius ventralis"", ""common_name"": """", ""score"": 0.049219999462366104}, {""species"": ""Aquarius chilensis"", ""common_name"": """", ""score"": 0.046824727207422256}]"
obs_340364592_photo_619375042_box4.jpg,obs_340364592_photo_619375042,/gpfs_common/share03/ftrscape/snair3/wew_notebooks/outputs_crop/obs_340364592_photo_619375042_box4.jpg,4,Aquarius ventralis,Aquarius najas,FALSE,,,0.049219999,4,"[{""species"": ""Aquarius conformis"", ""common_name"": """", ""score"": 0.25330016016960144}, {""species"": ""Aquarius najas"", ""common_name"": ""River skater"", ""score"": 0.23527812957763672}, {""species"": ""Aquarius cinereus"", ""common_name"": """", ""score"": 0.05218616500496864}, {""species"": ""Aquarius ventralis"", ""common_name"": """", ""score"": 0.049219999462366104}, {""species"": ""Aquarius chilensis"", ""common_name"": """", ""score"": 0.046824727207422256}]"
obs_340364592_photo_619375042_box4.jpg,obs_340364592_photo_619375042,/gpfs_common/share03/ftrscape/snair3/wew_notebooks/outputs_crop/obs_340364592_photo_619375042_box4.jpg,4,Aquarius chilensis,Aquarius najas,FALSE,,,0.046824727,5,"[{""species"": ""Aquarius conformis"", ""common_name"": """", ""score"": 0.25330016016960144}, {""species"": ""Aquarius najas"", ""common_name"": ""River skater"", ""score"": 0.23527812957763672}, {""species"": ""Aquarius cinereus"", ""common_name"": """", ""score"": 0.05218616500496864}, {""species"": ""Aquarius ventralis"", ""common_name"": """", ""score"": 0.049219999462366104}, {""species"": ""Aquarius chilensis"", ""common_name"": """", ""score"": 0.046824727207422256}]"
obs_340368188_photo_619383348_box1.jpg,obs_340368188_photo_619383348,/gpfs_common/share03/ftrscape/snair3/wew_notebooks/outputs_crop/obs_340368188_photo_619383348_box1.jpg,1,Diplolepis rosae,Diplolepis rosae,TRUE,,Bedeguar gall,0.871172965,1,"[{""species"": ""Diplolepis rosae"", ""common_name"": ""Bedeguar gall"", ""score"": 0.8711729645729065}, {""species"": ""Asphondylia ceanothi"", ""common_name"": """", ""score"": 0.016505977138876915}, {""species"": ""Diplolepis bassetti"", ""common_name"": """", ""score"": 0.01639903336763382}, {""species"": ""Andricus seckendorffi"", ""common_name"": """", ""score"": 0.008180408738553524}, {""species"": ""Andricus quercusramuli"", ""common_name"": ""Cottonwool gall"", ""score"": 0.004926363006234169}]"
obs_340368188_photo_619383348_box1.jpg,obs_340368188_photo_619383348,/gpfs_common/share03/ftrscape/snair3/wew_notebooks/outputs_crop/obs_340368188_photo_619383348_box1.jpg,1,Asphondylia ceanothi,Diplolepis rosae,FALSE,,,0.016505977,2,"[{""species"": ""Diplolepis rosae"", ""common_name"": ""Bedeguar gall"", ""score"": 0.8711729645729065}, {""species"": ""Asphondylia ceanothi"", ""common_name"": """", ""score"": 0.016505977138876915}, {""species"": ""Diplolepis bassetti"", ""common_name"": """", ""score"": 0.01639903336763382}, {""species"": ""Andricus seckendorffi"", ""common_name"": """", ""score"": 0.008180408738553524}, {""species"": ""Andricus quercusramuli"", ""common_name"": ""Cottonwool gall"", ""score"": 0.004926363006234169}]"
obs_340368188_photo_619383348_box1.jpg,obs_340368188_photo_619383348,/gpfs_common/share03/ftrscape/snair3/wew_notebooks/outputs_crop/obs_340368188_photo_619383348_box1.jpg,1,Diplolepis bassetti,Diplolepis rosae,FALSE,,,0.016399033,3,"[{""species"": ""Diplolepis rosae"", ""common_name"": ""Bedeguar gall"", ""score"": 0.8711729645729065}, {""species"": ""Asphondylia ceanothi"", ""common_name"": """", ""score"": 0.016505977138876915}, {""species"": ""Diplolepis bassetti"", ""common_name"": """", ""score"": 0.01639903336763382}, {""species"": ""Andricus seckendorffi"", ""common_name"": """", ""score"": 0.008180408738553524}, {""species"": ""Andricus quercusramuli"", ""common_name"": ""Cottonwool gall"", ""score"": 0.004926363006234169}]"
obs_340368188_photo_619383348_box1.jpg,obs_340368188_photo_619383348,/gpfs_common/share03/ftrscape/snair3/wew_notebooks/outputs_crop/obs_340368188_photo_619383348_box1.jpg,1,Andricus seckendorffi,Diplolepis rosae,FALSE,,,0.008180409,4,"[{""species"": ""Diplolepis rosae"", ""common_name"": ""Bedeguar gall"", ""score"": 0.8711729645729065}, {""species"": ""Asphondylia ceanothi"", ""common_name"": """", ""score"": 0.016505977138876915}, {""species"": ""Diplolepis bassetti"", ""common_name"": """", ""score"": 0.01639903336763382}, {""species"": ""Andricus seckendorffi"", ""common_name"": """", ""score"": 0.008180408738553524}, {""species"": ""Andricus quercusramuli"", ""common_name"": ""Cottonwool gall"", ""score"": 0.004926363006234169}]"
obs_340368188_photo_619383348_box1.jpg,obs_340368188_photo_619383348,/gpfs_common/share03/ftrscape/snair3/wew_notebooks/outputs_crop/obs_340368188_photo_619383348_box1.jpg,1,Andricus quercusramuli,Diplolepis rosae,FALSE,,Cottonwool gall,0.004926363,5,"[{""species"": ""Diplolepis rosae"", ""common_name"": ""Bedeguar gall"", ""score"": 0.8711729645729065}, {""species"": ""Asphondylia ceanothi"", ""common_name"": """", ""score"": 0.016505977138876915}, {""species"": ""Diplolepis bassetti"", ""common_name"": """", ""score"": 0.01639903336763382}, {""species"": ""Andricus seckendorffi"", ""common_name"": """", ""score"": 0.008180408738553524}, {""species"": ""Andricus quercusramuli"", ""common_name"": ""Cottonwool gall"", ""score"": 0.004926363006234169}]"
obs_340433312_photo_619519266_box1.jpg,obs_340433312_photo_619519266,/gpfs_common/share03/ftrscape/snair3/wew_notebooks/outputs_crop/obs_340433312_photo_619519266_box1.jpg,1,Limnodynastes peronii,Limnodynastes peronii,TRUE,,Brown frog,0.982048035,1,"[{""species"": ""Limnodynastes peronii"", ""common_name"": ""Brown frog"", ""score"": 0.9820480346679688}, {""species"": ""Leptodactylus paranaru"", ""common_name"": """", ""score"": 0.0026004984974861145}, {""species"": ""Litoria latopalmata"", ""common_name"": ""Broad-palmed rocket frog"", ""score"": 0.0021548038348555565}, {""species"": ""Leptodactylus latrans"", ""common_name"": """", ""score"": 0.0011136495741084218}, {""species"": ""Leptodactylus insularum"", ""common_name"": ""San miguel island frog"", ""score"": 0.0009826273890212178}]"
obs_340433312_photo_619519266_box1.jpg,obs_340433312_photo_619519266,/gpfs_common/share03/ftrscape/snair3/wew_notebooks/outputs_crop/obs_340433312_photo_619519266_box1.jpg,1,Leptodactylus paranaru,Limnodynastes peronii,FALSE,,,0.002600498,2,"[{""species"": ""Limnodynastes peronii"", ""common_name"": ""Brown frog"", ""score"": 0.9820480346679688}, {""species"": ""Leptodactylus paranaru"", ""common_name"": """", ""score"": 0.0026004984974861145}, {""species"": ""Litoria latopalmata"", ""common_name"": ""Broad-palmed rocket frog"", ""score"": 0.0021548038348555565}, {""species"": ""Leptodactylus latrans"", ""common_name"": """", ""score"": 0.0011136495741084218}, {""species"": ""Leptodactylus insularum"", ""common_name"": ""San miguel island frog"", ""score"": 0.0009826273890212178}]"
obs_340433312_photo_619519266_box1.jpg,obs_340433312_photo_619519266,/gpfs_common/share03/ftrscape/snair3/wew_notebooks/outputs_crop/obs_340433312_photo_619519266_box1.jpg,1,Litoria latopalmata,Limnodynastes peronii,FALSE,,Broad-palmed rocket frog,0.002154804,3,"[{""species"": ""Limnodynastes peronii"", ""common_name"": ""Brown frog"", ""score"": 0.9820480346679688}, {""species"": ""Leptodactylus paranaru"", ""common_name"": """", ""score"": 0.0026004984974861145}, {""species"": ""Litoria latopalmata"", ""common_name"": ""Broad-palmed rocket frog"", ""score"": 0.0021548038348555565}, {""species"": ""Leptodactylus latrans"", ""common_name"": """", ""score"": 0.0011136495741084218}, {""species"": ""Leptodactylus insularum"", ""common_name"": ""San miguel island frog"", ""score"": 0.0009826273890212178}]"
obs_340433312_photo_619519266_box1.jpg,obs_340433312_photo_619519266,/gpfs_common/share03/ftrscape/snair3/wew_notebooks/outputs_crop/obs_340433312_photo_619519266_box1.jpg,1,Leptodactylus latrans,Limnodynastes peronii,FALSE,,,0.00111365,4,"[{""species"": ""Limnodynastes peronii"", ""common_name"": ""Brown frog"", ""score"": 0.9820480346679688}, {""species"": ""Leptodactylus paranaru"", ""common_name"": """", ""score"": 0.0026004984974861145}, {""species"": ""Litoria latopalmata"", ""common_name"": ""Broad-palmed rocket frog"", ""score"": 0.0021548038348555565}, {""species"": ""Leptodactylus latrans"", ""common_name"": """", ""score"": 0.0011136495741084218}, {""species"": ""Leptodactylus insularum"", ""common_name"": ""San miguel island frog"", ""score"": 0.0009826273890212178}]"
obs_340433312_photo_619519266_box1.jpg,obs_340433312_photo_619519266,/gpfs_common/share03/ftrscape/snair3/wew_notebooks/outputs_crop/obs_340433312_photo_619519266_box1.jpg,1,Leptodactylus insularum,Limnodynastes peronii,FALSE,,San miguel island frog,0.000982627,5,"[{""species"": ""Limnodynastes peronii"", ""common_name"": ""Brown frog"", ""score"": 0.9820480346679688}, {""species"": ""Leptodactylus paranaru"", ""common_name"": """", ""score"": 0.0026004984974861145}, {""species"": ""Litoria latopalmata"", ""common_name"": ""Broad-palmed rocket frog"", ""score"": 0.0021548038348555565}, {""species"": ""Leptodactylus latrans"", ""common_name"": """", ""score"": 0.0011136495741084218}, {""species"": ""Leptodactylus insularum"", ""common_name"": ""San miguel island frog"", ""score"": 0.0009826273890212178}]"
obs_340433312_photo_619519266_box2.jpg,obs_340433312_photo_619519266,/gpfs_common/share03/ftrscape/snair3/wew_notebooks/outputs_crop/obs_340433312_photo_619519266_box2.jpg,2,Chloris pycnothrix,Limnodynastes peronii,FALSE,,Spiderweb chloris,0.135725319,1,"[{""species"": ""Chloris pycnothrix"", ""common_name"": ""Spiderweb chloris"", ""score"": 0.13572531938552856}, {""species"": ""Chloris radiata"", ""common_name"": ""Radiate fingergrass"", ""score"": 0.11674395948648453}, {""species"": ""Chloris formosana"", ""common_name"": """", ""score"": 0.07203040271997452}, {""species"": ""Chloris barbata"", ""common_name"": ""Swollen fingergrass"", ""score"": 0.04718285799026489}, {""species"": ""Chloris paniculata"", ""common_name"": """", ""score"": 0.04203323274850845}]"
obs_340433312_photo_619519266_box2.jpg,obs_340433312_photo_619519266,/gpfs_common/share03/ftrscape/snair3/wew_notebooks/outputs_crop/obs_340433312_photo_619519266_box2.jpg,2,Chloris radiata,Limnodynastes peronii,FALSE,,Radiate fingergrass,0.116743959,2,"[{""species"": ""Chloris pycnothrix"", ""common_name"": ""Spiderweb chloris"", ""score"": 0.13572531938552856}, {""species"": ""Chloris radiata"", ""common_name"": ""Radiate fingergrass"", ""score"": 0.11674395948648453}, {""species"": ""Chloris formosana"", ""common_name"": """", ""score"": 0.07203040271997452}, {""species"": ""Chloris barbata"", ""common_name"": ""Swollen fingergrass"", ""score"": 0.04718285799026489}, {""species"": ""Chloris paniculata"", ""common_name"": """", ""score"": 0.04203323274850845}]"
obs_340433312_photo_619519266_box2.jpg,obs_340433312_photo_619519266,/gpfs_common/share03/ftrscape/snair3/wew_notebooks/outputs_crop/obs_340433312_photo_619519266_box2.jpg,2,Chloris formosana,Limnodynastes peronii,FALSE,,,0.072030403,3,"[{""species"": ""Chloris pycnothrix"", ""common_name"": ""Spiderweb chloris"", ""score"": 0.13572531938552856}, {""species"": ""Chloris radiata"", ""common_name"": ""Radiate fingergrass"", ""score"": 0.11674395948648453}, {""species"": ""Chloris formosana"", ""common_name"": """", ""score"": 0.07203040271997452}, {""species"": ""Chloris barbata"", ""common_name"": ""Swollen fingergrass"", ""score"": 0.04718285799026489}, {""species"": ""Chloris paniculata"", ""common_name"": """", ""score"": 0.04203323274850845}]"
obs_340433312_photo_619519266_box2.jpg,obs_340433312_photo_619519266,/gpfs_common/share03/ftrscape/snair3/wew_notebooks/outputs_crop/obs_340433312_photo_619519266_box2.jpg,2,Chloris barbata,Limnodynastes peronii,FALSE,,Swollen fingergrass,0.047182858,4,"[{""species"": ""Chloris pycnothrix"", ""common_name"": ""Spiderweb chloris"", ""score"": 0.13572531938552856}, {""species"": ""Chloris radiata"", ""common_name"": ""Radiate fingergrass"", ""score"": 0.11674395948648453}, {""species"": ""Chloris formosana"", ""common_name"": """", ""score"": 0.07203040271997452}, {""species"": ""Chloris barbata"", ""common_name"": ""Swollen fingergrass"", ""score"": 0.04718285799026489}, {""species"": ""Chloris paniculata"", ""common_name"": """", ""score"": 0.04203323274850845}]"
obs_340433312_photo_619519266_box2.jpg,obs_340433312_photo_619519266,/gpfs_common/share03/ftrscape/snair3/wew_notebooks/outputs_crop/obs_340433312_photo_619519266_box2.jpg,2,Chloris paniculata,Limnodynastes peronii,FALSE,,,0.042033233,5,"[{""species"": ""Chloris pycnothrix"", ""common_name"": ""Spiderweb chloris"", ""score"": 0.13572531938552856}, {""species"": ""Chloris radiata"", ""common_name"": ""Radiate fingergrass"", ""score"": 0.11674395948648453}, {""species"": ""Chloris formosana"", ""common_name"": """", ""score"": 0.07203040271997452}, {""species"": ""Chloris barbata"", ""common_name"": ""Swollen fingergrass"", ""score"": 0.04718285799026489}, {""species"": ""Chloris paniculata"", ""common_name"": """", ""score"": 0.04203323274850845}]"
obs_340433312_photo_619519266_box3.jpg,obs_340433312_photo_619519266,/gpfs_common/share03/ftrscape/snair3/wew_notebooks/outputs_crop/obs_340433312_photo_619519266_box3.jpg,3,Limnodynastes peronii,Limnodynastes peronii,TRUE,,Brown frog,0.880750358,1,"[{""species"": ""Limnodynastes peronii"", ""common_name"": ""Brown frog"", ""score"": 0.8807503581047058}, {""species"": ""Litoria latopalmata"", ""common_name"": ""Broad-palmed rocket frog"", ""score"": 0.007423333823680878}, {""species"": ""Leptodactylus insularum"", ""common_name"": ""San miguel island frog"", ""score"": 0.004582708701491356}, {""species"": ""Micryletta lineata"", ""common_name"": """", ""score"": 0.0044733756221830845}, {""species"": ""Leptodactylus paranaru"", ""common_name"": """", ""score"": 0.004041234962642193}]"
obs_340433312_photo_619519266_box3.jpg,obs_340433312_photo_619519266,/gpfs_common/share03/ftrscape/snair3/wew_notebooks/outputs_crop/obs_340433312_photo_619519266_box3.jpg,3,Litoria latopalmata,Limnodynastes peronii,FALSE,,Broad-palmed rocket frog,0.007423334,2,"[{""species"": ""Limnodynastes peronii"", ""common_name"": ""Brown frog"", ""score"": 0.8807503581047058}, {""species"": ""Litoria latopalmata"", ""common_name"": ""Broad-palmed rocket frog"", ""score"": 0.007423333823680878}, {""species"": ""Leptodactylus insularum"", ""common_name"": ""San miguel island frog"", ""score"": 0.004582708701491356}, {""species"": ""Micryletta lineata"", ""common_name"": """", ""score"": 0.0044733756221830845}, {""species"": ""Leptodactylus paranaru"", ""common_name"": """", ""score"": 0.004041234962642193}]"
obs_340433312_photo_619519266_box3.jpg,obs_340433312_photo_619519266,/gpfs_common/share03/ftrscape/snair3/wew_notebooks/outputs_crop/obs_340433312_photo_619519266_box3.jpg,3,Leptodactylus insularum,Limnodynastes peronii,FALSE,,San miguel island frog,0.004582709,3,"[{""species"": ""Limnodynastes peronii"", ""common_name"": ""Brown frog"", ""score"": 0.8807503581047058}, {""species"": ""Litoria latopalmata"", ""common_name"": ""Broad-palmed rocket frog"", ""score"": 0.007423333823680878}, {""species"": ""Leptodactylus insularum"", ""common_name"": ""San miguel island frog"", ""score"": 0.004582708701491356}, {""species"": ""Micryletta lineata"", ""common_name"": """", ""score"": 0.0044733756221830845}, {""species"": ""Leptodactylus paranaru"", ""common_name"": """", ""score"": 0.004041234962642193}]"
obs_340433312_photo_619519266_box3.jpg,obs_340433312_photo_619519266,/gpfs_common/share03/ftrscape/snair3/wew_notebooks/outputs_crop/obs_340433312_photo_619519266_box3.jpg,3,Micryletta lineata,Limnodynastes peronii,FALSE,,,0.004473376,4,"[{""species"": ""Limnodynastes peronii"", ""common_name"": ""Brown frog"", ""score"": 0.8807503581047058}, {""species"": ""Litoria latopalmata"", ""common_name"": ""Broad-palmed rocket frog"", ""score"": 0.007423333823680878}, {""species"": ""Leptodactylus insularum"", ""common_name"": ""San miguel island frog"", ""score"": 0.004582708701491356}, {""species"": ""Micryletta lineata"", ""common_name"": """", ""score"": 0.0044733756221830845}, {""species"": ""Leptodactylus paranaru"", ""common_name"": """", ""score"": 0.004041234962642193}]"
obs_340433312_photo_619519266_box3.jpg,obs_340433312_photo_619519266,/gpfs_common/share03/ftrscape/snair3/wew_notebooks/outputs_crop/obs_340433312_photo_619519266_box3.jpg,3,Leptodactylus paranaru,Limnodynastes peronii,FALSE,,,0.004041235,5,"[{""species"": ""Limnodynastes peronii"", ""common_name"": ""Brown frog"", ""score"": 0.8807503581047058}, {""species"": ""Litoria latopalmata"", ""common_name"": ""Broad-palmed rocket frog"", ""score"": 0.007423333823680878}, {""species"": ""Leptodactylus insularum"", ""common_name"": ""San miguel island frog"", ""score"": 0.004582708701491356}, {""species"": ""Micryletta lineata"", ""common_name"": """", ""score"": 0.0044733756221830845}, {""species"": ""Leptodactylus paranaru"", ""common_name"": """", ""score"": 0.004041234962642193}]"
obs_340433312_photo_619519266_box4.jpg,obs_340433312_photo_619519266,/gpfs_common/share03/ftrscape/snair3/wew_notebooks/outputs_crop/obs_340433312_photo_619519266_box4.jpg,4,Poa annua,Limnodynastes peronii,FALSE,,Annual bluegrass,0.074552499,1,"[{""species"": ""Poa annua"", ""common_name"": ""Annual bluegrass"", ""score"": 0.0745524987578392}, {""species"": ""Cynodon dactylon"", ""common_name"": ""Star Grass"", ""score"": 0.025985555723309517}, {""species"": ""Cenchrus clandestinus"", ""common_name"": ""Kikuyugrass"", ""score"": 0.025664011016488075}, {""species"": ""Hordeum muticum"", ""common_name"": """", ""score"": 0.024163614958524704}, {""species"": ""Digitaria sericea"", ""common_name"": """", ""score"": 0.02400687150657177}]"
obs_340433312_photo_619519266_box4.jpg,obs_340433312_photo_619519266,/gpfs_common/share03/ftrscape/snair3/wew_notebooks/outputs_crop/obs_340433312_photo_619519266_box4.jpg,4,Cynodon dactylon,Limnodynastes peronii,FALSE,,Star Grass,0.025985556,2,"[{""species"": ""Poa annua"", ""common_name"": ""Annual bluegrass"", ""score"": 0.0745524987578392}, {""species"": ""Cynodon dactylon"", ""common_name"": ""Star Grass"", ""score"": 0.025985555723309517}, {""species"": ""Cenchrus clandestinus"", ""common_name"": ""Kikuyugrass"", ""score"": 0.025664011016488075}, {""species"": ""Hordeum muticum"", ""common_name"": """", ""score"": 0.024163614958524704}, {""species"": ""Digitaria sericea"", ""common_name"": """", ""score"": 0.02400687150657177}]"
obs_340433312_photo_619519266_box4.jpg,obs_340433312_photo_619519266,/gpfs_common/share03/ftrscape/snair3/wew_notebooks/outputs_crop/obs_340433312_photo_619519266_box4.jpg,4,Cenchrus clandestinus,Limnodynastes peronii,FALSE,,Kikuyugrass,0.025664011,3,"[{""species"": ""Poa annua"", ""common_name"": ""Annual bluegrass"", ""score"": 0.0745524987578392}, {""species"": ""Cynodon dactylon"", ""common_name"": ""Star Grass"", ""score"": 0.025985555723309517}, {""species"": ""Cenchrus clandestinus"", ""common_name"": ""Kikuyugrass"", ""score"": 0.025664011016488075}, {""species"": ""Hordeum muticum"", ""common_name"": """", ""score"": 0.024163614958524704}, {""species"": ""Digitaria sericea"", ""common_name"": """", ""score"": 0.02400687150657177}]"
obs_340433312_photo_619519266_box4.jpg,obs_340433312_photo_619519266,/gpfs_common/share03/ftrscape/snair3/wew_notebooks/outputs_crop/obs_340433312_photo_619519266_box4.jpg,4,Hordeum muticum,Limnodynastes peronii,FALSE,,,0.024163615,4,"[{""species"": ""Poa annua"", ""common_name"": ""Annual bluegrass"", ""score"": 0.0745524987578392}, {""species"": ""Cynodon dactylon"", ""common_name"": ""Star Grass"", ""score"": 0.025985555723309517}, {""species"": ""Cenchrus clandestinus"", ""common_name"": ""Kikuyugrass"", ""score"": 0.025664011016488075}, {""species"": ""Hordeum muticum"", ""common_name"": """", ""score"": 0.024163614958524704}, {""species"": ""Digitaria sericea"", ""common_name"": """", ""score"": 0.02400687150657177}]"
obs_340433312_photo_619519266_box4.jpg,obs_340433312_photo_619519266,/gpfs_common/share03/ftrscape/snair3/wew_notebooks/outputs_crop/obs_340433312_photo_619519266_box4.jpg,4,Digitaria sericea,Limnodynastes peronii,FALSE,,,0.024006872,5,"[{""species"": ""Poa annua"", ""common_name"": ""Annual bluegrass"", ""score"": 0.0745524987578392}, {""species"": ""Cynodon dactylon"", ""common_name"": ""Star Grass"", ""score"": 0.025985555723309517}, {""species"": ""Cenchrus clandestinus"", ""common_name"": ""Kikuyugrass"", ""score"": 0.025664011016488075}, {""species"": ""Hordeum muticum"", ""common_name"": """", ""score"": 0.024163614958524704}, {""species"": ""Digitaria sericea"", ""common_name"": """", ""score"": 0.02400687150657177}]"
obs_340514309_photo_619678757_box1.jpg,obs_340514309_photo_619678757,/gpfs_common/share03/ftrscape/snair3/wew_notebooks/outputs_crop/obs_340514309_photo_619678757_box1.jpg,1,Buteo jamaicensis,Buteo jamaicensis,TRUE,,Red-tailed Hawk,0.955246091,1,"[{""species"": ""Buteo jamaicensis"", ""common_name"": ""Red-tailed Hawk"", ""score"": 0.955246090888977}, {""species"": ""Buteo ventralis"", ""common_name"": ""Rufous-tailed Hawk"", ""score"": 0.008319536224007607}, {""species"": ""Buteo platypterus"", ""common_name"": ""Broad-winged hawk"", ""score"": 0.004565726034343243}, {""species"": ""Buteo regalis"", ""common_name"": ""Ferruginous Hawk"", ""score"": 0.0043630655854940414}, {""species"": ""Accipiter cooperii"", ""common_name"": ""Cooper's Hawk"", ""score"": 0.0023670957889407873}]"
obs_340514309_photo_619678757_box1.jpg,obs_340514309_photo_619678757,/gpfs_common/share03/ftrscape/snair3/wew_notebooks/outputs_crop/obs_340514309_photo_619678757_box1.jpg,1,Buteo ventralis,Buteo jamaicensis,FALSE,,Rufous-tailed Hawk,0.008319536,2,"[{""species"": ""Buteo jamaicensis"", ""common_name"": ""Red-tailed Hawk"", ""score"": 0.955246090888977}, {""species"": ""Buteo ventralis"", ""common_name"": ""Rufous-tailed Hawk"", ""score"": 0.008319536224007607}, {""species"": ""Buteo platypterus"", ""common_name"": ""Broad-winged hawk"", ""score"": 0.004565726034343243}, {""species"": ""Buteo regalis"", ""common_name"": ""Ferruginous Hawk"", ""score"": 0.0043630655854940414}, {""species"": ""Accipiter cooperii"", ""common_name"": ""Cooper's Hawk"", ""score"": 0.0023670957889407873}]"
obs_340514309_photo_619678757_box1.jpg,obs_340514309_photo_619678757,/gpfs_common/share03/ftrscape/snair3/wew_notebooks/outputs_crop/obs_340514309_photo_619678757_box1.jpg,1,Buteo platypterus,Buteo jamaicensis,FALSE,,Broad-winged hawk,0.004565726,3,"[{""species"": ""Buteo jamaicensis"", ""common_name"": ""Red-tailed Hawk"", ""score"": 0.955246090888977}, {""species"": ""Buteo ventralis"", ""common_name"": ""Rufous-tailed Hawk"", ""score"": 0.008319536224007607}, {""species"": ""Buteo platypterus"", ""common_name"": ""Broad-winged hawk"", ""score"": 0.004565726034343243}, {""species"": ""Buteo regalis"", ""common_name"": ""Ferruginous Hawk"", ""score"": 0.0043630655854940414}, {""species"": ""Accipiter cooperii"", ""common_name"": ""Cooper's Hawk"", ""score"": 0.0023670957889407873}]"
obs_340514309_photo_619678757_box1.jpg,obs_340514309_photo_619678757,/gpfs_common/share03/ftrscape/snair3/wew_notebooks/outputs_crop/obs_340514309_photo_619678757_box1.jpg,1,Buteo regalis,Buteo jamaicensis,FALSE,,Ferruginous Hawk,0.004363066,4,"[{""species"": ""Buteo jamaicensis"", ""common_name"": ""Red-tailed Hawk"", ""score"": 0.955246090888977}, {""species"": ""Buteo ventralis"", ""common_name"": ""Rufous-tailed Hawk"", ""score"": 0.008319536224007607}, {""species"": ""Buteo platypterus"", ""common_name"": ""Broad-winged hawk"", ""score"": 0.004565726034343243}, {""species"": ""Buteo regalis"", ""common_name"": ""Ferruginous Hawk"", ""score"": 0.0043630655854940414}, {""species"": ""Accipiter cooperii"", ""common_name"": ""Cooper's Hawk"", ""score"": 0.0023670957889407873}]"
obs_340514309_photo_619678757_box1.jpg,obs_340514309_photo_619678757,/gpfs_common/share03/ftrscape/snair3/wew_notebooks/outputs_crop/obs_340514309_photo_619678757_box1.jpg,1,Accipiter cooperii,Buteo jamaicensis,FALSE,,Cooper's Hawk,0.002367096,5,"[{""species"": ""Buteo jamaicensis"", ""common_name"": ""Red-tailed Hawk"", ""score"": 0.955246090888977}, {""species"": ""Buteo ventralis"", ""common_name"": ""Rufous-tailed Hawk"", ""score"": 0.008319536224007607}, {""species"": ""Buteo platypterus"", ""common_name"": ""Broad-winged hawk"", ""score"": 0.004565726034343243}, {""species"": ""Buteo regalis"", ""common_name"": ""Ferruginous Hawk"", ""score"": 0.0043630655854940414}, {""species"": ""Accipiter cooperii"", ""common_name"": ""Cooper's Hawk"", ""score"": 0.0023670957889407873}]"
obs_340514309_photo_619678757_box2.jpg,obs_340514309_photo_619678757,/gpfs_common/share03/ftrscape/snair3/wew_notebooks/outputs_crop/obs_340514309_photo_619678757_box2.jpg,2,Buteo jamaicensis,Buteo jamaicensis,TRUE,,Red-tailed Hawk,0.955403149,1,"[{""species"": ""Buteo jamaicensis"", ""common_name"": ""Red-tailed Hawk"", ""score"": 0.9554031491279602}, {""species"": ""Buteo ventralis"", ""common_name"": ""Rufous-tailed Hawk"", ""score"": 0.010348188690841198}, {""species"": ""Buteo regalis"", ""common_name"": ""Ferruginous Hawk"", ""score"": 0.006189330015331507}, {""species"": ""Buteo platypterus"", ""common_name"": ""Broad-winged hawk"", ""score"": 0.003725230460986495}, {""species"": ""Accipiter cooperii"", ""common_name"": ""Cooper's Hawk"", ""score"": 0.003273838432505727}]"
obs_340514309_photo_619678757_box2.jpg,obs_340514309_photo_619678757,/gpfs_common/share03/ftrscape/snair3/wew_notebooks/outputs_crop/obs_340514309_photo_619678757_box2.jpg,2,Buteo ventralis,Buteo jamaicensis,FALSE,,Rufous-tailed Hawk,0.010348189,2,"[{""species"": ""Buteo jamaicensis"", ""common_name"": ""Red-tailed Hawk"", ""score"": 0.9554031491279602}, {""species"": ""Buteo ventralis"", ""common_name"": ""Rufous-tailed Hawk"", ""score"": 0.010348188690841198}, {""species"": ""Buteo regalis"", ""common_name"": ""Ferruginous Hawk"", ""score"": 0.006189330015331507}, {""species"": ""Buteo platypterus"", ""common_name"": ""Broad-winged hawk"", ""score"": 0.003725230460986495}, {""species"": ""Accipiter cooperii"", ""common_name"": ""Cooper's Hawk"", ""score"": 0.003273838432505727}]"
obs_340514309_photo_619678757_box2.jpg,obs_340514309_photo_619678757,/gpfs_common/share03/ftrscape/snair3/wew_notebooks/outputs_crop/obs_340514309_photo_619678757_box2.jpg,2,Buteo regalis,Buteo jamaicensis,FALSE,,Ferruginous Hawk,0.00618933,3,"[{""species"": ""Buteo jamaicensis"", ""common_name"": ""Red-tailed Hawk"", ""score"": 0.9554031491279602}, {""species"": ""Buteo ventralis"", ""common_name"": ""Rufous-tailed Hawk"", ""score"": 0.010348188690841198}, {""species"": ""Buteo regalis"", ""common_name"": ""Ferruginous Hawk"", ""score"": 0.006189330015331507}, {""species"": ""Buteo platypterus"", ""common_name"": ""Broad-winged hawk"", ""score"": 0.003725230460986495}, {""species"": ""Accipiter cooperii"", ""common_name"": ""Cooper's Hawk"", ""score"": 0.003273838432505727}]"
obs_340514309_photo_619678757_box2.jpg,obs_340514309_photo_619678757,/gpfs_common/share03/ftrscape/snair3/wew_notebooks/outputs_crop/obs_340514309_photo_619678757_box2.jpg,2,Buteo platypterus,Buteo jamaicensis,FALSE,,Broad-winged hawk,0.00372523,4,"[{""species"": ""Buteo jamaicensis"", ""common_name"": ""Red-tailed Hawk"", ""score"": 0.9554031491279602}, {""species"": ""Buteo ventralis"", ""common_name"": ""Rufous-tailed Hawk"", ""score"": 0.010348188690841198}, {""species"": ""Buteo regalis"", ""common_name"": ""Ferruginous Hawk"", ""score"": 0.006189330015331507}, {""species"": ""Buteo platypterus"", ""common_name"": ""Broad-winged hawk"", ""score"": 0.003725230460986495}, {""species"": ""Accipiter cooperii"", ""common_name"": ""Cooper's Hawk"", ""score"": 0.003273838432505727}]"
obs_340514309_photo_619678757_box2.jpg,obs_340514309_photo_619678757,/gpfs_common/share03/ftrscape/snair3/wew_notebooks/outputs_crop/obs_340514309_photo_619678757_box2.jpg,2,Accipiter cooperii,Buteo jamaicensis,FALSE,,Cooper's Hawk,0.003273838,5,"[{""species"": ""Buteo jamaicensis"", ""common_name"": ""Red-tailed Hawk"", ""score"": 0.9554031491279602}, {""species"": ""Buteo ventralis"", ""common_name"": ""Rufous-tailed Hawk"", ""score"": 0.010348188690841198}, {""species"": ""Buteo regalis"", ""common_name"": ""Ferruginous Hawk"", ""score"": 0.006189330015331507}, {""species"": ""Buteo platypterus"", ""common_name"": ""Broad-winged hawk"", ""score"": 0.003725230460986495}, {""species"": ""Accipiter cooperii"", ""common_name"": ""Cooper's Hawk"", ""score"": 0.003273838432505727}]"
obs_340514309_photo_619678757_box3.jpg,obs_340514309_photo_619678757,/gpfs_common/share03/ftrscape/snair3/wew_notebooks/outputs_crop/obs_340514309_photo_619678757_box3.jpg,3,Buteo jamaicensis,Buteo jamaicensis,TRUE,,Red-tailed Hawk,0.945887923,1,"[{""species"": ""Buteo jamaicensis"", ""common_name"": ""Red-tailed Hawk"", ""score"": 0.9458879232406616}, {""species"": ""Buteo ventralis"", ""common_name"": ""Rufous-tailed Hawk"", ""score"": 0.020495226606726646}, {""species"": ""Buteo regalis"", ""common_name"": ""Ferruginous Hawk"", ""score"": 0.012273979373276234}, {""species"": ""Buteo platypterus"", ""common_name"": ""Broad-winged hawk"", ""score"": 0.0021946257911622524}, {""species"": ""Accipiter cooperii"", ""common_name"": ""Cooper's Hawk"", ""score"": 0.001152637181803584}]"
obs_340514309_photo_619678757_box3.jpg,obs_340514309_photo_619678757,/gpfs_common/share03/ftrscape/snair3/wew_notebooks/outputs_crop/obs_340514309_photo_619678757_box3.jpg,3,Buteo ventralis,Buteo jamaicensis,FALSE,,Rufous-tailed Hawk,0.020495227,2,"[{""species"": ""Buteo jamaicensis"", ""common_name"": ""Red-tailed Hawk"", ""score"": 0.9458879232406616}, {""species"": ""Buteo ventralis"", ""common_name"": ""Rufous-tailed Hawk"", ""score"": 0.020495226606726646}, {""species"": ""Buteo regalis"", ""common_name"": ""Ferruginous Hawk"", ""score"": 0.012273979373276234}, {""species"": ""Buteo platypterus"", ""common_name"": ""Broad-winged hawk"", ""score"": 0.0021946257911622524}, {""species"": ""Accipiter cooperii"", ""common_name"": ""Cooper's Hawk"", ""score"": 0.001152637181803584}]"
obs_340514309_photo_619678757_box3.jpg,obs_340514309_photo_619678757,/gpfs_common/share03/ftrscape/snair3/wew_notebooks/outputs_crop/obs_340514309_photo_619678757_box3.jpg,3,Buteo regalis,Buteo jamaicensis,FALSE,,Ferruginous Hawk,0.012273979,3,"[{""species"": ""Buteo jamaicensis"", ""common_name"": ""Red-tailed Hawk"", ""score"": 0.9458879232406616}, {""species"": ""Buteo ventralis"", ""common_name"": ""Rufous-tailed Hawk"", ""score"": 0.020495226606726646}, {""species"": ""Buteo regalis"", ""common_name"": ""Ferruginous Hawk"", ""score"": 0.012273979373276234}, {""species"": ""Buteo platypterus"", ""common_name"": ""Broad-winged hawk"", ""score"": 0.0021946257911622524}, {""species"": ""Accipiter cooperii"", ""common_name"": ""Cooper's Hawk"", ""score"": 0.001152637181803584}]"
obs_340514309_photo_619678757_box3.jpg,obs_340514309_photo_619678757,/gpfs_common/share03/ftrscape/snair3/wew_notebooks/outputs_crop/obs_340514309_photo_619678757_box3.jpg,3,Buteo platypterus,Buteo jamaicensis,FALSE,,Broad-winged hawk,0.002194626,4,"[{""species"": ""Buteo jamaicensis"", ""common_name"": ""Red-tailed Hawk"", ""score"": 0.9458879232406616}, {""species"": ""Buteo ventralis"", ""common_name"": ""Rufous-tailed Hawk"", ""score"": 0.020495226606726646}, {""species"": ""Buteo regalis"", ""common_name"": ""Ferruginous Hawk"", ""score"": 0.012273979373276234}, {""species"": ""Buteo platypterus"", ""common_name"": ""Broad-winged hawk"", ""score"": 0.0021946257911622524}, {""species"": ""Accipiter cooperii"", ""common_name"": ""Cooper's Hawk"", ""score"": 0.001152637181803584}]"
obs_340514309_photo_619678757_box3.jpg,obs_340514309_photo_619678757,/gpfs_common/share03/ftrscape/snair3/wew_notebooks/outputs_crop/obs_340514309_photo_619678757_box3.jpg,3,Accipiter cooperii,Buteo jamaicensis,FALSE,,Cooper's Hawk,0.001152637,5,"[{""species"": ""Buteo jamaicensis"", ""common_name"": ""Red-tailed Hawk"", ""score"": 0.9458879232406616}, {""species"": ""Buteo ventralis"", ""common_name"": ""Rufous-tailed Hawk"", ""score"": 0.020495226606726646}, {""species"": ""Buteo regalis"", ""common_name"": ""Ferruginous Hawk"", ""score"": 0.012273979373276234}, {""species"": ""Buteo platypterus"", ""common_name"": ""Broad-winged hawk"", ""score"": 0.0021946257911622524}, {""species"": ""Accipiter cooperii"", ""common_name"": ""Cooper's Hawk"", ""score"": 0.001152637181803584}]"
obs_340514310_photo_619679014_box1.jpg,obs_340514310_photo_619679014,/gpfs_common/share03/ftrscape/snair3/wew_notebooks/outputs_crop/obs_340514310_photo_619679014_box1.jpg,1,Sciurus carolinensis,Sciurus carolinensis,TRUE,,Eastern gray squirrel,0.563417614,1,"[{""species"": ""Sciurus carolinensis"", ""common_name"": ""Eastern gray squirrel"", ""score"": 0.5634176135063171}, {""species"": ""Neotoma floridana"", ""common_name"": ""Eastern woodrat"", ""score"": 0.06648638844490051}, {""species"": ""Neotoma magister"", ""common_name"": ""Allegheny woodrat"", ""score"": 0.05487160384654999}, {""species"": ""Buteo jamaicensis"", ""common_name"": ""Red-tailed Hawk"", ""score"": 0.035966187715530396}, {""species"": ""Sciurus alleni"", ""common_name"": ""Allen's squirrel"", ""score"": 0.027941765263676643}]"
obs_340514310_photo_619679014_box1.jpg,obs_340514310_photo_619679014,/gpfs_common/share03/ftrscape/snair3/wew_notebooks/outputs_crop/obs_340514310_photo_619679014_box1.jpg,1,Neotoma floridana,Sciurus carolinensis,FALSE,,Eastern woodrat,0.066486388,2,"[{""species"": ""Sciurus carolinensis"", ""common_name"": ""Eastern gray squirrel"", ""score"": 0.5634176135063171}, {""species"": ""Neotoma floridana"", ""common_name"": ""Eastern woodrat"", ""score"": 0.06648638844490051}, {""species"": ""Neotoma magister"", ""common_name"": ""Allegheny woodrat"", ""score"": 0.05487160384654999}, {""species"": ""Buteo jamaicensis"", ""common_name"": ""Red-tailed Hawk"", ""score"": 0.035966187715530396}, {""species"": ""Sciurus alleni"", ""common_name"": ""Allen's squirrel"", ""score"": 0.027941765263676643}]"
obs_340514310_photo_619679014_box1.jpg,obs_340514310_photo_619679014,/gpfs_common/share03/ftrscape/snair3/wew_notebooks/outputs_crop/obs_340514310_photo_619679014_box1.jpg,1,Neotoma magister,Sciurus carolinensis,FALSE,,Allegheny woodrat,0.054871604,3,"[{""species"": ""Sciurus carolinensis"", ""common_name"": ""Eastern gray squirrel"", ""score"": 0.5634176135063171}, {""species"": ""Neotoma floridana"", ""common_name"": ""Eastern woodrat"", ""score"": 0.06648638844490051}, {""species"": ""Neotoma magister"", ""common_name"": ""Allegheny woodrat"", ""score"": 0.05487160384654999}, {""species"": ""Buteo jamaicensis"", ""common_name"": ""Red-tailed Hawk"", ""score"": 0.035966187715530396}, {""species"": ""Sciurus alleni"", ""common_name"": ""Allen's squirrel"", ""score"": 0.027941765263676643}]"
obs_340514310_photo_619679014_box1.jpg,obs_340514310_photo_619679014,/gpfs_common/share03/ftrscape/snair3/wew_notebooks/outputs_crop/obs_340514310_photo_619679014_box1.jpg,1,Buteo jamaicensis,Sciurus carolinensis,FALSE,,Red-tailed Hawk,0.035966188,4,"[{""species"": ""Sciurus carolinensis"", ""common_name"": ""Eastern gray squirrel"", ""score"": 0.5634176135063171}, {""species"": ""Neotoma floridana"", ""common_name"": ""Eastern woodrat"", ""score"": 0.06648638844490051}, {""species"": ""Neotoma magister"", ""common_name"": ""Allegheny woodrat"", ""score"": 0.05487160384654999}, {""species"": ""Buteo jamaicensis"", ""common_name"": ""Red-tailed Hawk"", ""score"": 0.035966187715530396}, {""species"": ""Sciurus alleni"", ""common_name"": ""Allen's squirrel"", ""score"": 0.027941765263676643}]"
obs_340514310_photo_619679014_box1.jpg,obs_340514310_photo_619679014,/gpfs_common/share03/ftrscape/snair3/wew_notebooks/outputs_crop/obs_340514310_photo_619679014_box1.jpg,1,Sciurus alleni,Sciurus carolinensis,FALSE,,Allen's squirrel,0.027941765,5,"[{""species"": ""Sciurus carolinensis"", ""common_name"": ""Eastern gray squirrel"", ""score"": 0.5634176135063171}, {""species"": ""Neotoma floridana"", ""common_name"": ""Eastern woodrat"", ""score"": 0.06648638844490051}, {""species"": ""Neotoma magister"", ""common_name"": ""Allegheny woodrat"", ""score"": 0.05487160384654999}, {""species"": ""Buteo jamaicensis"", ""common_name"": ""Red-tailed Hawk"", ""score"": 0.035966187715530396}, {""species"": ""Sciurus alleni"", ""common_name"": ""Allen's squirrel"", ""score"": 0.027941765263676643}]"
obs_340514310_photo_619679014_box2.jpg,obs_340514310_photo_619679014,/gpfs_common/share03/ftrscape/snair3/wew_notebooks/outputs_crop/obs_340514310_photo_619679014_box2.jpg,2,Buteo jamaicensis,Sciurus carolinensis,FALSE,,Red-tailed Hawk,0.151406854,1,"[{""species"": ""Buteo jamaicensis"", ""common_name"": ""Red-tailed Hawk"", ""score"": 0.15140685439109802}, {""species"": ""Accipiter cooperii"", ""common_name"": ""Cooper's Hawk"", ""score"": 0.10517453402280807}, {""species"": ""Neotoma magister"", ""common_name"": ""Allegheny woodrat"", ""score"": 0.0656585544347763}, {""species"": ""Buteo platypterus"", ""common_name"": ""Broad-winged hawk"", ""score"": 0.05210689827799797}, {""species"": ""Buteo lineatus"", ""common_name"": ""Red-shouldered hawk"", ""score"": 0.0402899831533432}]"
obs_340514310_photo_619679014_box2.jpg,obs_340514310_photo_619679014,/gpfs_common/share03/ftrscape/snair3/wew_notebooks/outputs_crop/obs_340514310_photo_619679014_box2.jpg,2,Accipiter cooperii,Sciurus carolinensis,FALSE,,Cooper's Hawk,0.105174534,2,"[{""species"": ""Buteo jamaicensis"", ""common_name"": ""Red-tailed Hawk"", ""score"": 0.15140685439109802}, {""species"": ""Accipiter cooperii"", ""common_name"": ""Cooper's Hawk"", ""score"": 0.10517453402280807}, {""species"": ""Neotoma magister"", ""common_name"": ""Allegheny woodrat"", ""score"": 0.0656585544347763}, {""species"": ""Buteo platypterus"", ""common_name"": ""Broad-winged hawk"", ""score"": 0.05210689827799797}, {""species"": ""Buteo lineatus"", ""common_name"": ""Red-shouldered hawk"", ""score"": 0.0402899831533432}]"
obs_340514310_photo_619679014_box2.jpg,obs_340514310_photo_619679014,/gpfs_common/share03/ftrscape/snair3/wew_notebooks/outputs_crop/obs_340514310_photo_619679014_box2.jpg,2,Neotoma magister,Sciurus carolinensis,FALSE,,Allegheny woodrat,0.065658554,3,"[{""species"": ""Buteo jamaicensis"", ""common_name"": ""Red-tailed Hawk"", ""score"": 0.15140685439109802}, {""species"": ""Accipiter cooperii"", ""common_name"": ""Cooper's Hawk"", ""score"": 0.10517453402280807}, {""species"": ""Neotoma magister"", ""common_name"": ""Allegheny woodrat"", ""score"": 0.0656585544347763}, {""species"": ""Buteo platypterus"", ""common_name"": ""Broad-winged hawk"", ""score"": 0.05210689827799797}, {""species"": ""Buteo lineatus"", ""common_name"": ""Red-shouldered hawk"", ""score"": 0.0402899831533432}]"
obs_340514310_photo_619679014_box2.jpg,obs_340514310_photo_619679014,/gpfs_common/share03/ftrscape/snair3/wew_notebooks/outputs_crop/obs_340514310_photo_619679014_box2.jpg,2,Buteo platypterus,Sciurus carolinensis,FALSE,,Broad-winged hawk,0.052106898,4,"[{""species"": ""Buteo jamaicensis"", ""common_name"": ""Red-tailed Hawk"", ""score"": 0.15140685439109802}, {""species"": ""Accipiter cooperii"", ""common_name"": ""Cooper's Hawk"", ""score"": 0.10517453402280807}, {""species"": ""Neotoma magister"", ""common_name"": ""Allegheny woodrat"", ""score"": 0.0656585544347763}, {""species"": ""Buteo platypterus"", ""common_name"": ""Broad-winged hawk"", ""score"": 0.05210689827799797}, {""species"": ""Buteo lineatus"", ""common_name"": ""Red-shouldered hawk"", ""score"": 0.0402899831533432}]"
obs_340514310_photo_619679014_box2.jpg,obs_340514310_photo_619679014,/gpfs_common/share03/ftrscape/snair3/wew_notebooks/outputs_crop/obs_340514310_photo_619679014_box2.jpg,2,Buteo lineatus,Sciurus carolinensis,FALSE,,Red-shouldered hawk,0.040289983,5,"[{""species"": ""Buteo jamaicensis"", ""common_name"": ""Red-tailed Hawk"", ""score"": 0.15140685439109802}, {""species"": ""Accipiter cooperii"", ""common_name"": ""Cooper's Hawk"", ""score"": 0.10517453402280807}, {""species"": ""Neotoma magister"", ""common_name"": ""Allegheny woodrat"", ""score"": 0.0656585544347763}, {""species"": ""Buteo platypterus"", ""common_name"": ""Broad-winged hawk"", ""score"": 0.05210689827799797}, {""species"": ""Buteo lineatus"", ""common_name"": ""Red-shouldered hawk"", ""score"": 0.0402899831533432}]"
obs_340514310_photo_619679014_box3.jpg,obs_340514310_photo_619679014,/gpfs_common/share03/ftrscape/snair3/wew_notebooks/outputs_crop/obs_340514310_photo_619679014_box3.jpg,3,Neotoma magister,Sciurus carolinensis,FALSE,,Allegheny woodrat,0.2283016,1,"[{""species"": ""Neotoma magister"", ""common_name"": ""Allegheny woodrat"", ""score"": 0.22830159962177277}, {""species"": ""Buteo jamaicensis"", ""common_name"": ""Red-tailed Hawk"", ""score"": 0.1182120069861412}, {""species"": ""Buteo lineatus"", ""common_name"": ""Red-shouldered hawk"", ""score"": 0.08113125711679459}, {""species"": ""Neotoma floridana"", ""common_name"": ""Eastern woodrat"", ""score"": 0.05160873755812645}, {""species"": ""Buteo platypterus"", ""common_name"": ""Broad-winged hawk"", ""score"": 0.038287453353405}]"
obs_340514310_photo_619679014_box3.jpg,obs_340514310_photo_619679014,/gpfs_common/share03/ftrscape/snair3/wew_notebooks/outputs_crop/obs_340514310_photo_619679014_box3.jpg,3,Buteo jamaicensis,Sciurus carolinensis,FALSE,,Red-tailed Hawk,0.118212007,2,"[{""species"": ""Neotoma magister"", ""common_name"": ""Allegheny woodrat"", ""score"": 0.22830159962177277}, {""species"": ""Buteo jamaicensis"", ""common_name"": ""Red-tailed Hawk"", ""score"": 0.1182120069861412}, {""species"": ""Buteo lineatus"", ""common_name"": ""Red-shouldered hawk"", ""score"": 0.08113125711679459}, {""species"": ""Neotoma floridana"", ""common_name"": ""Eastern woodrat"", ""score"": 0.05160873755812645}, {""species"": ""Buteo platypterus"", ""common_name"": ""Broad-winged hawk"", ""score"": 0.038287453353405}]"
obs_340514310_photo_619679014_box3.jpg,obs_340514310_photo_619679014,/gpfs_common/share03/ftrscape/snair3/wew_notebooks/outputs_crop/obs_340514310_photo_619679014_box3.jpg,3,Buteo lineatus,Sciurus carolinensis,FALSE,,Red-shouldered hawk,0.081131257,3,"[{""species"": ""Neotoma magister"", ""common_name"": ""Allegheny woodrat"", ""score"": 0.22830159962177277}, {""species"": ""Buteo jamaicensis"", ""common_name"": ""Red-tailed Hawk"", ""score"": 0.1182120069861412}, {""species"": ""Buteo lineatus"", ""common_name"": ""Red-shouldered hawk"", ""score"": 0.08113125711679459}, {""species"": ""Neotoma floridana"", ""common_name"": ""Eastern woodrat"", ""score"": 0.05160873755812645}, {""species"": ""Buteo platypterus"", ""common_name"": ""Broad-winged hawk"", ""score"": 0.038287453353405}]"
obs_340514310_photo_619679014_box3.jpg,obs_340514310_photo_619679014,/gpfs_common/share03/ftrscape/snair3/wew_notebooks/outputs_crop/obs_340514310_photo_619679014_box3.jpg,3,Neotoma floridana,Sciurus carolinensis,FALSE,,Eastern woodrat,0.051608738,4,"[{""species"": ""Neotoma magister"", ""common_name"": ""Allegheny woodrat"", ""score"": 0.22830159962177277}, {""species"": ""Buteo jamaicensis"", ""common_name"": ""Red-tailed Hawk"", ""score"": 0.1182120069861412}, {""species"": ""Buteo lineatus"", ""common_name"": ""Red-shouldered hawk"", ""score"": 0.08113125711679459}, {""species"": ""Neotoma floridana"", ""common_name"": ""Eastern woodrat"", ""score"": 0.05160873755812645}, {""species"": ""Buteo platypterus"", ""common_name"": ""Broad-winged hawk"", ""score"": 0.038287453353405}]"
obs_340514310_photo_619679014_box3.jpg,obs_340514310_photo_619679014,/gpfs_common/share03/ftrscape/snair3/wew_notebooks/outputs_crop/obs_340514310_photo_619679014_box3.jpg,3,Buteo platypterus,Sciurus carolinensis,FALSE,,Broad-winged hawk,0.038287453,5,"[{""species"": ""Neotoma magister"", ""common_name"": ""Allegheny woodrat"", ""score"": 0.22830159962177277}, {""species"": ""Buteo jamaicensis"", ""common_name"": ""Red-tailed Hawk"", ""score"": 0.1182120069861412}, {""species"": ""Buteo lineatus"", ""common_name"": ""Red-shouldered hawk"", ""score"": 0.08113125711679459}, {""species"": ""Neotoma floridana"", ""common_name"": ""Eastern woodrat"", ""score"": 0.05160873755812645}, {""species"": ""Buteo platypterus"", ""common_name"": ""Broad-winged hawk"", ""score"": 0.038287453353405}]"
obs_340514310_photo_619679014_box4.jpg,obs_340514310_photo_619679014,/gpfs_common/share03/ftrscape/snair3/wew_notebooks/outputs_crop/obs_340514310_photo_619679014_box4.jpg,4,Garrulus glandarius,Sciurus carolinensis,FALSE,,Eurasian jay,0.165812254,1,"[{""species"": ""Garrulus glandarius"", ""common_name"": ""Eurasian jay"", ""score"": 0.16581225395202637}, {""species"": ""Fringilla coelebs"", ""common_name"": ""Common chaffinch"", ""score"": 0.07369391620159149}, {""species"": ""Aix galericulata"", ""common_name"": ""Mandarin duck"", ""score"": 0.026234110817313194}, {""species"": ""Mareca penelope"", ""common_name"": ""Eurasian Wigeon"", ""score"": 0.025712568312883377}, {""species"": ""Streptopelia orientalis"", ""common_name"": ""Oriental Turtle-Dove"", ""score"": 0.019942332059144974}]"
obs_340514310_photo_619679014_box4.jpg,obs_340514310_photo_619679014,/gpfs_common/share03/ftrscape/snair3/wew_notebooks/outputs_crop/obs_340514310_photo_619679014_box4.jpg,4,Fringilla coelebs,Sciurus carolinensis,FALSE,,Common chaffinch,0.073693916,2,"[{""species"": ""Garrulus glandarius"", ""common_name"": ""Eurasian jay"", ""score"": 0.16581225395202637}, {""species"": ""Fringilla coelebs"", ""common_name"": ""Common chaffinch"", ""score"": 0.07369391620159149}, {""species"": ""Aix galericulata"", ""common_name"": ""Mandarin duck"", ""score"": 0.026234110817313194}, {""species"": ""Mareca penelope"", ""common_name"": ""Eurasian Wigeon"", ""score"": 0.025712568312883377}, {""species"": ""Streptopelia orientalis"", ""common_name"": ""Oriental Turtle-Dove"", ""score"": 0.019942332059144974}]"
obs_340514310_photo_619679014_box4.jpg,obs_340514310_photo_619679014,/gpfs_common/share03/ftrscape/snair3/wew_notebooks/outputs_crop/obs_340514310_photo_619679014_box4.jpg,4,Aix galericulata,Sciurus carolinensis,FALSE,,Mandarin duck,0.026234111,3,"[{""species"": ""Garrulus glandarius"", ""common_name"": ""Eurasian jay"", ""score"": 0.16581225395202637}, {""species"": ""Fringilla coelebs"", ""common_name"": ""Common chaffinch"", ""score"": 0.07369391620159149}, {""species"": ""Aix galericulata"", ""common_name"": ""Mandarin duck"", ""score"": 0.026234110817313194}, {""species"": ""Mareca penelope"", ""common_name"": ""Eurasian Wigeon"", ""score"": 0.025712568312883377}, {""species"": ""Streptopelia orientalis"", ""common_name"": ""Oriental Turtle-Dove"", ""score"": 0.019942332059144974}]"
obs_340514310_photo_619679014_box4.jpg,obs_340514310_photo_619679014,/gpfs_common/share03/ftrscape/snair3/wew_notebooks/outputs_crop/obs_340514310_photo_619679014_box4.jpg,4,Mareca penelope,Sciurus carolinensis,FALSE,,Eurasian Wigeon,0.025712568,4,"[{""species"": ""Garrulus glandarius"", ""common_name"": ""Eurasian jay"", ""score"": 0.16581225395202637}, {""species"": ""Fringilla coelebs"", ""common_name"": ""Common chaffinch"", ""score"": 0.07369391620159149}, {""species"": ""Aix galericulata"", ""common_name"": ""Mandarin duck"", ""score"": 0.026234110817313194}, {""species"": ""Mareca penelope"", ""common_name"": ""Eurasian Wigeon"", ""score"": 0.025712568312883377}, {""species"": ""Streptopelia orientalis"", ""common_name"": ""Oriental Turtle-Dove"", ""score"": 0.019942332059144974}]"
obs_340514310_photo_619679014_box4.jpg,obs_340514310_photo_619679014,/gpfs_common/share03/ftrscape/snair3/wew_notebooks/outputs_crop/obs_340514310_photo_619679014_box4.jpg,4,Streptopelia orientalis,Sciurus carolinensis,FALSE,,Oriental Turtle-Dove,0.019942332,5,"[{""species"": ""Garrulus glandarius"", ""common_name"": ""Eurasian jay"", ""score"": 0.16581225395202637}, {""species"": ""Fringilla coelebs"", ""common_name"": ""Common chaffinch"", ""score"": 0.07369391620159149}, {""species"": ""Aix galericulata"", ""common_name"": ""Mandarin duck"", ""score"": 0.026234110817313194}, {""species"": ""Mareca penelope"", ""common_name"": ""Eurasian Wigeon"", ""score"": 0.025712568312883377}, {""species"": ""Streptopelia orientalis"", ""common_name"": ""Oriental Turtle-Dove"", ""score"": 0.019942332059144974}]"
obs_340514310_photo_619679014_box5.jpg,obs_340514310_photo_619679014,/gpfs_common/share03/ftrscape/snair3/wew_notebooks/outputs_crop/obs_340514310_photo_619679014_box5.jpg,5,Glaucomys volans,Sciurus carolinensis,FALSE,,Southern flying squirrel,0.086626731,1,"[{""species"": ""Glaucomys volans"", ""common_name"": ""Southern flying squirrel"", ""score"": 0.08662673085927963}, {""species"": ""Sciurus carolinensis"", ""common_name"": ""Eastern gray squirrel"", ""score"": 0.04270963743329048}, {""species"": ""Neotoma devia"", ""common_name"": ""Arizona woodrat"", ""score"": 0.016974208876490593}, {""species"": ""Neotoma magister"", ""common_name"": ""Allegheny woodrat"", ""score"": 0.01597769930958748}, {""species"": ""Acomys nesiotes"", ""common_name"": ""Cyprus spiny mouse"", ""score"": 0.014560187235474586}]"
obs_340514310_photo_619679014_box5.jpg,obs_340514310_photo_619679014,/gpfs_common/share03/ftrscape/snair3/wew_notebooks/outputs_crop/obs_340514310_photo_619679014_box5.jpg,5,Sciurus carolinensis,Sciurus carolinensis,TRUE,,Eastern gray squirrel,0.042709637,2,"[{""species"": ""Glaucomys volans"", ""common_name"": ""Southern flying squirrel"", ""score"": 0.08662673085927963}, {""species"": ""Sciurus carolinensis"", ""common_name"": ""Eastern gray squirrel"", ""score"": 0.04270963743329048}, {""species"": ""Neotoma devia"", ""common_name"": ""Arizona woodrat"", ""score"": 0.016974208876490593}, {""species"": ""Neotoma magister"", ""common_name"": ""Allegheny woodrat"", ""score"": 0.01597769930958748}, {""species"": ""Acomys nesiotes"", ""common_name"": ""Cyprus spiny mouse"", ""score"": 0.014560187235474586}]"
obs_340514310_photo_619679014_box5.jpg,obs_340514310_photo_619679014,/gpfs_common/share03/ftrscape/snair3/wew_notebooks/outputs_crop/obs_340514310_photo_619679014_box5.jpg,5,Neotoma devia,Sciurus carolinensis,FALSE,,Arizona woodrat,0.016974209,3,"[{""species"": ""Glaucomys volans"", ""common_name"": ""Southern flying squirrel"", ""score"": 0.08662673085927963}, {""species"": ""Sciurus carolinensis"", ""common_name"": ""Eastern gray squirrel"", ""score"": 0.04270963743329048}, {""species"": ""Neotoma devia"", ""common_name"": ""Arizona woodrat"", ""score"": 0.016974208876490593}, {""species"": ""Neotoma magister"", ""common_name"": ""Allegheny woodrat"", ""score"": 0.01597769930958748}, {""species"": ""Acomys nesiotes"", ""common_name"": ""Cyprus spiny mouse"", ""score"": 0.014560187235474586}]"
obs_340514310_photo_619679014_box5.jpg,obs_340514310_photo_619679014,/gpfs_common/share03/ftrscape/snair3/wew_notebooks/outputs_crop/obs_340514310_photo_619679014_box5.jpg,5,Neotoma magister,Sciurus carolinensis,FALSE,,Allegheny woodrat,0.015977699,4,"[{""species"": ""Glaucomys volans"", ""common_name"": ""Southern flying squirrel"", ""score"": 0.08662673085927963}, {""species"": ""Sciurus carolinensis"", ""common_name"": ""Eastern gray squirrel"", ""score"": 0.04270963743329048}, {""species"": ""Neotoma devia"", ""common_name"": ""Arizona woodrat"", ""score"": 0.016974208876490593}, {""species"": ""Neotoma magister"", ""common_name"": ""Allegheny woodrat"", ""score"": 0.01597769930958748}, {""species"": ""Acomys nesiotes"", ""common_name"": ""Cyprus spiny mouse"", ""score"": 0.014560187235474586}]"
obs_340514310_photo_619679014_box5.jpg,obs_340514310_photo_619679014,/gpfs_common/share03/ftrscape/snair3/wew_notebooks/outputs_crop/obs_340514310_photo_619679014_box5.jpg,5,Acomys nesiotes,Sciurus carolinensis,FALSE,,Cyprus spiny mouse,0.014560187,5,"[{""species"": ""Glaucomys volans"", ""common_name"": ""Southern flying squirrel"", ""score"": 0.08662673085927963}, {""species"": ""Sciurus carolinensis"", ""common_name"": ""Eastern gray squirrel"", ""score"": 0.04270963743329048}, {""species"": ""Neotoma devia"", ""common_name"": ""Arizona woodrat"", ""score"": 0.016974208876490593}, {""species"": ""Neotoma magister"", ""common_name"": ""Allegheny woodrat"", ""score"": 0.01597769930958748}, {""species"": ""Acomys nesiotes"", ""common_name"": ""Cyprus spiny mouse"", ""score"": 0.014560187235474586}]"
obs_340542613_photo_619737737_box1.jpg,obs_340542613_photo_619737737,/gpfs_common/share03/ftrscape/snair3/wew_notebooks/outputs_crop/obs_340542613_photo_619737737_box1.jpg,1,Accipiter cooperii,Astur cooperii,FALSE,Same  species but slightly different name,Cooper's Hawk,0.975237191,1,"[{""species"": ""Accipiter cooperii"", ""common_name"": ""Cooper's Hawk"", ""score"": 0.9752371907234192}, {""species"": ""Accipiter striatus"", ""common_name"": ""Sharp-shinned hawk"", ""score"": 0.005289054941385984}, {""species"": ""Accipiter chilensis"", ""common_name"": ""Chilean hawk"", ""score"": 0.0020455634221434593}, {""species"": ""Accipiter gentilis"", ""common_name"": ""Northern Goshawk"", ""score"": 0.001885698176920414}, {""species"": ""Buteo platypterus"", ""common_name"": ""Broad-winged hawk"", ""score"": 0.0011884786654263735}]"
obs_340542613_photo_619737737_box1.jpg,obs_340542613_photo_619737737,/gpfs_common/share03/ftrscape/snair3/wew_notebooks/outputs_crop/obs_340542613_photo_619737737_box1.jpg,1,Accipiter striatus,Astur cooperii,FALSE,Same taxon genus but wrong species level,Sharp-shinned hawk,0.005289055,2,"[{""species"": ""Accipiter cooperii"", ""common_name"": ""Cooper's Hawk"", ""score"": 0.9752371907234192}, {""species"": ""Accipiter striatus"", ""common_name"": ""Sharp-shinned hawk"", ""score"": 0.005289054941385984}, {""species"": ""Accipiter chilensis"", ""common_name"": ""Chilean hawk"", ""score"": 0.0020455634221434593}, {""species"": ""Accipiter gentilis"", ""common_name"": ""Northern Goshawk"", ""score"": 0.001885698176920414}, {""species"": ""Buteo platypterus"", ""common_name"": ""Broad-winged hawk"", ""score"": 0.0011884786654263735}]"
obs_340542613_photo_619737737_box1.jpg,obs_340542613_photo_619737737,/gpfs_common/share03/ftrscape/snair3/wew_notebooks/outputs_crop/obs_340542613_photo_619737737_box1.jpg,1,Accipiter chilensis,Astur cooperii,FALSE,Same taxon genus but wrong species level,Chilean hawk,0.002045563,3,"[{""species"": ""Accipiter cooperii"", ""common_name"": ""Cooper's Hawk"", ""score"": 0.9752371907234192}, {""species"": ""Accipiter striatus"", ""common_name"": ""Sharp-shinned hawk"", ""score"": 0.005289054941385984}, {""species"": ""Accipiter chilensis"", ""common_name"": ""Chilean hawk"", ""score"": 0.0020455634221434593}, {""species"": ""Accipiter gentilis"", ""common_name"": ""Northern Goshawk"", ""score"": 0.001885698176920414}, {""species"": ""Buteo platypterus"", ""common_name"": ""Broad-winged hawk"", ""score"": 0.0011884786654263735}]"
obs_340542613_photo_619737737_box1.jpg,obs_340542613_photo_619737737,/gpfs_common/share03/ftrscape/snair3/wew_notebooks/outputs_crop/obs_340542613_photo_619737737_box1.jpg,1,Accipiter gentilis,Astur cooperii,FALSE,Same taxon genus but wrong species level,Northern Goshawk,0.001885698,4,"[{""species"": ""Accipiter cooperii"", ""common_name"": ""Cooper's Hawk"", ""score"": 0.9752371907234192}, {""species"": ""Accipiter striatus"", ""common_name"": ""Sharp-shinned hawk"", ""score"": 0.005289054941385984}, {""species"": ""Accipiter chilensis"", ""common_name"": ""Chilean hawk"", ""score"": 0.0020455634221434593}, {""species"": ""Accipiter gentilis"", ""common_name"": ""Northern Goshawk"", ""score"": 0.001885698176920414}, {""species"": ""Buteo platypterus"", ""common_name"": ""Broad-winged hawk"", ""score"": 0.0011884786654263735}]"
obs_340542613_photo_619737737_box1.jpg,obs_340542613_photo_619737737,/gpfs_common/share03/ftrscape/snair3/wew_notebooks/outputs_crop/obs_340542613_photo_619737737_box1.jpg,1,Buteo platypterus,Astur cooperii,FALSE,Misidentified as a different species,Broad-winged hawk,0.001188479,5,"[{""species"": ""Accipiter cooperii"", ""common_name"": ""Cooper's Hawk"", ""score"": 0.9752371907234192}, {""species"": ""Accipiter striatus"", ""common_name"": ""Sharp-shinned hawk"", ""score"": 0.005289054941385984}, {""species"": ""Accipiter chilensis"", ""common_name"": ""Chilean hawk"", ""score"": 0.0020455634221434593}, {""species"": ""Accipiter gentilis"", ""common_name"": ""Northern Goshawk"", ""score"": 0.001885698176920414}, {""species"": ""Buteo platypterus"", ""common_name"": ""Broad-winged hawk"", ""score"": 0.0011884786654263735}]"
obs_340542613_photo_619737737_box2.jpg,obs_340542613_photo_619737737,/gpfs_common/share03/ftrscape/snair3/wew_notebooks/outputs_crop/obs_340542613_photo_619737737_box2.jpg,2,Accipiter cooperii,Astur cooperii,FALSE,Same  species but slightly different name,Cooper's Hawk,0.97931093,1,"[{""species"": ""Accipiter cooperii"", ""common_name"": ""Cooper's Hawk"", ""score"": 0.979310929775238}, {""species"": ""Accipiter striatus"", ""common_name"": ""Sharp-shinned hawk"", ""score"": 0.0032382046338170767}, {""species"": ""Accipiter chilensis"", ""common_name"": ""Chilean hawk"", ""score"": 0.0022251757327467203}, {""species"": ""Accipiter gentilis"", ""common_name"": ""Northern Goshawk"", ""score"": 0.0017934164498001337}, {""species"": ""Buteo platypterus"", ""common_name"": ""Broad-winged hawk"", ""score"": 0.0010980262886732817}]"
obs_340542613_photo_619737737_box2.jpg,obs_340542613_photo_619737737,/gpfs_common/share03/ftrscape/snair3/wew_notebooks/outputs_crop/obs_340542613_photo_619737737_box2.jpg,2,Accipiter striatus,Astur cooperii,FALSE,Same taxon genus but wrong species level,Sharp-shinned hawk,0.003238205,2,"[{""species"": ""Accipiter cooperii"", ""common_name"": ""Cooper's Hawk"", ""score"": 0.979310929775238}, {""species"": ""Accipiter striatus"", ""common_name"": ""Sharp-shinned hawk"", ""score"": 0.0032382046338170767}, {""species"": ""Accipiter chilensis"", ""common_name"": ""Chilean hawk"", ""score"": 0.0022251757327467203}, {""species"": ""Accipiter gentilis"", ""common_name"": ""Northern Goshawk"", ""score"": 0.0017934164498001337}, {""species"": ""Buteo platypterus"", ""common_name"": ""Broad-winged hawk"", ""score"": 0.0010980262886732817}]"
obs_340542613_photo_619737737_box2.jpg,obs_340542613_photo_619737737,/gpfs_common/share03/ftrscape/snair3/wew_notebooks/outputs_crop/obs_340542613_photo_619737737_box2.jpg,2,Accipiter chilensis,Astur cooperii,FALSE,Same taxon genus but wrong species level,Chilean hawk,0.002225176,3,"[{""species"": ""Accipiter cooperii"", ""common_name"": ""Cooper's Hawk"", ""score"": 0.979310929775238}, {""species"": ""Accipiter striatus"", ""common_name"": ""Sharp-shinned hawk"", ""score"": 0.0032382046338170767}, {""species"": ""Accipiter chilensis"", ""common_name"": ""Chilean hawk"", ""score"": 0.0022251757327467203}, {""species"": ""Accipiter gentilis"", ""common_name"": ""Northern Goshawk"", ""score"": 0.0017934164498001337}, {""species"": ""Buteo platypterus"", ""common_name"": ""Broad-winged hawk"", ""score"": 0.0010980262886732817}]"
obs_340542613_photo_619737737_box2.jpg,obs_340542613_photo_619737737,/gpfs_common/share03/ftrscape/snair3/wew_notebooks/outputs_crop/obs_340542613_photo_619737737_box2.jpg,2,Accipiter gentilis,Astur cooperii,FALSE,Same taxon genus but wrong species level,Northern Goshawk,0.001793416,4,"[{""species"": ""Accipiter cooperii"", ""common_name"": ""Cooper's Hawk"", ""score"": 0.979310929775238}, {""species"": ""Accipiter striatus"", ""common_name"": ""Sharp-shinned hawk"", ""score"": 0.0032382046338170767}, {""species"": ""Accipiter chilensis"", ""common_name"": ""Chilean hawk"", ""score"": 0.0022251757327467203}, {""species"": ""Accipiter gentilis"", ""common_name"": ""Northern Goshawk"", ""score"": 0.0017934164498001337}, {""species"": ""Buteo platypterus"", ""common_name"": ""Broad-winged hawk"", ""score"": 0.0010980262886732817}]"
obs_340542613_photo_619737737_box2.jpg,obs_340542613_photo_619737737,/gpfs_common/share03/ftrscape/snair3/wew_notebooks/outputs_crop/obs_340542613_photo_619737737_box2.jpg,2,Buteo platypterus,Astur cooperii,FALSE,Misidentified as a different species,Broad-winged hawk,0.001098026,5,"[{""species"": ""Accipiter cooperii"", ""common_name"": ""Cooper's Hawk"", ""score"": 0.979310929775238}, {""species"": ""Accipiter striatus"", ""common_name"": ""Sharp-shinned hawk"", ""score"": 0.0032382046338170767}, {""species"": ""Accipiter chilensis"", ""common_name"": ""Chilean hawk"", ""score"": 0.0022251757327467203}, {""species"": ""Accipiter gentilis"", ""common_name"": ""Northern Goshawk"", ""score"": 0.0017934164498001337}, {""species"": ""Buteo platypterus"", ""common_name"": ""Broad-winged hawk"", ""score"": 0.0010980262886732817}]"
obs_340542613_photo_619737737_box3.jpg,obs_340542613_photo_619737737,/gpfs_common/share03/ftrscape/snair3/wew_notebooks/outputs_crop/obs_340542613_photo_619737737_box3.jpg,3,Accipiter cooperii,Astur cooperii,FALSE,Same  species but slightly different name,Cooper's Hawk,0.981615365,1,"[{""species"": ""Accipiter cooperii"", ""common_name"": ""Cooper's Hawk"", ""score"": 0.9816153645515442}, {""species"": ""Accipiter striatus"", ""common_name"": ""Sharp-shinned hawk"", ""score"": 0.003998925909399986}, {""species"": ""Accipiter chilensis"", ""common_name"": ""Chilean hawk"", ""score"": 0.0016286078607663512}, {""species"": ""Accipiter gentilis"", ""common_name"": ""Northern Goshawk"", ""score"": 0.0016067995456978679}, {""species"": ""Buteo platypterus"", ""common_name"": ""Broad-winged hawk"", ""score"": 0.0009480253211222589}]"
obs_340542613_photo_619737737_box3.jpg,obs_340542613_photo_619737737,/gpfs_common/share03/ftrscape/snair3/wew_notebooks/outputs_crop/obs_340542613_photo_619737737_box3.jpg,3,Accipiter striatus,Astur cooperii,FALSE,Same taxon genus but wrong species level,Sharp-shinned hawk,0.003998926,2,"[{""species"": ""Accipiter cooperii"", ""common_name"": ""Cooper's Hawk"", ""score"": 0.9816153645515442}, {""species"": ""Accipiter striatus"", ""common_name"": ""Sharp-shinned hawk"", ""score"": 0.003998925909399986}, {""species"": ""Accipiter chilensis"", ""common_name"": ""Chilean hawk"", ""score"": 0.0016286078607663512}, {""species"": ""Accipiter gentilis"", ""common_name"": ""Northern Goshawk"", ""score"": 0.0016067995456978679}, {""species"": ""Buteo platypterus"", ""common_name"": ""Broad-winged hawk"", ""score"": 0.0009480253211222589}]"
obs_340542613_photo_619737737_box3.jpg,obs_340542613_photo_619737737,/gpfs_common/share03/ftrscape/snair3/wew_notebooks/outputs_crop/obs_340542613_photo_619737737_box3.jpg,3,Accipiter chilensis,Astur cooperii,FALSE,Same taxon genus but wrong species level,Chilean hawk,0.001628608,3,"[{""species"": ""Accipiter cooperii"", ""common_name"": ""Cooper's Hawk"", ""score"": 0.9816153645515442}, {""species"": ""Accipiter striatus"", ""common_name"": ""Sharp-shinned hawk"", ""score"": 0.003998925909399986}, {""species"": ""Accipiter chilensis"", ""common_name"": ""Chilean hawk"", ""score"": 0.0016286078607663512}, {""species"": ""Accipiter gentilis"", ""common_name"": ""Northern Goshawk"", ""score"": 0.0016067995456978679}, {""species"": ""Buteo platypterus"", ""common_name"": ""Broad-winged hawk"", ""score"": 0.0009480253211222589}]"
obs_340542613_photo_619737737_box3.jpg,obs_340542613_photo_619737737,/gpfs_common/share03/ftrscape/snair3/wew_notebooks/outputs_crop/obs_340542613_photo_619737737_box3.jpg,3,Accipiter gentilis,Astur cooperii,FALSE,Same taxon genus but wrong species level,Northern Goshawk,0.0016068,4,"[{""species"": ""Accipiter cooperii"", ""common_name"": ""Cooper's Hawk"", ""score"": 0.9816153645515442}, {""species"": ""Accipiter striatus"", ""common_name"": ""Sharp-shinned hawk"", ""score"": 0.003998925909399986}, {""species"": ""Accipiter chilensis"", ""common_name"": ""Chilean hawk"", ""score"": 0.0016286078607663512}, {""species"": ""Accipiter gentilis"", ""common_name"": ""Northern Goshawk"", ""score"": 0.0016067995456978679}, {""species"": ""Buteo platypterus"", ""common_name"": ""Broad-winged hawk"", ""score"": 0.0009480253211222589}]"
obs_340542613_photo_619737737_box3.jpg,obs_340542613_photo_619737737,/gpfs_common/share03/ftrscape/snair3/wew_notebooks/outputs_crop/obs_340542613_photo_619737737_box3.jpg,3,Buteo platypterus,Astur cooperii,FALSE,Misidentified as a different species,Broad-winged hawk,0.000948025,5,"[{""species"": ""Accipiter cooperii"", ""common_name"": ""Cooper's Hawk"", ""score"": 0.9816153645515442}, {""species"": ""Accipiter striatus"", ""common_name"": ""Sharp-shinned hawk"", ""score"": 0.003998925909399986}, {""species"": ""Accipiter chilensis"", ""common_name"": ""Chilean hawk"", ""score"": 0.0016286078607663512}, {""species"": ""Accipiter gentilis"", ""common_name"": ""Northern Goshawk"", ""score"": 0.0016067995456978679}, {""species"": ""Buteo platypterus"", ""common_name"": ""Broad-winged hawk"", ""score"": 0.0009480253211222589}]"
obs_340542613_photo_619737737_box4.jpg,obs_340542613_photo_619737737,/gpfs_common/share03/ftrscape/snair3/wew_notebooks/outputs_crop/obs_340542613_photo_619737737_box4.jpg,4,Accipiter cooperii,Astur cooperii,FALSE,Same  species but slightly different name,Cooper's Hawk,0.98045373,1,"[{""species"": ""Accipiter cooperii"", ""common_name"": ""Cooper's Hawk"", ""score"": 0.9804537296295166}, {""species"": ""Accipiter striatus"", ""common_name"": ""Sharp-shinned hawk"", ""score"": 0.0033244146034121513}, {""species"": ""Accipiter gentilis"", ""common_name"": ""Northern Goshawk"", ""score"": 0.0022994016762822866}, {""species"": ""Accipiter chilensis"", ""common_name"": ""Chilean hawk"", ""score"": 0.001696947729215026}, {""species"": ""Buteo platypterus"", ""common_name"": ""Broad-winged hawk"", ""score"": 0.0010775845730677247}]"
obs_340542613_photo_619737737_box4.jpg,obs_340542613_photo_619737737,/gpfs_common/share03/ftrscape/snair3/wew_notebooks/outputs_crop/obs_340542613_photo_619737737_box4.jpg,4,Accipiter striatus,Astur cooperii,FALSE,Same taxon genus but wrong species level,Sharp-shinned hawk,0.003324415,2,"[{""species"": ""Accipiter cooperii"", ""common_name"": ""Cooper's Hawk"", ""score"": 0.9804537296295166}, {""species"": ""Accipiter striatus"", ""common_name"": ""Sharp-shinned hawk"", ""score"": 0.0033244146034121513}, {""species"": ""Accipiter gentilis"", ""common_name"": ""Northern Goshawk"", ""score"": 0.0022994016762822866}, {""species"": ""Accipiter chilensis"", ""common_name"": ""Chilean hawk"", ""score"": 0.001696947729215026}, {""species"": ""Buteo platypterus"", ""common_name"": ""Broad-winged hawk"", ""score"": 0.0010775845730677247}]"
obs_340542613_photo_619737737_box4.jpg,obs_340542613_photo_619737737,/gpfs_common/share03/ftrscape/snair3/wew_notebooks/outputs_crop/obs_340542613_photo_619737737_box4.jpg,4,Accipiter gentilis,Astur cooperii,FALSE,Same taxon genus but wrong species level,Northern Goshawk,0.002299402,3,"[{""species"": ""Accipiter cooperii"", ""common_name"": ""Cooper's Hawk"", ""score"": 0.9804537296295166}, {""species"": ""Accipiter striatus"", ""common_name"": ""Sharp-shinned hawk"", ""score"": 0.0033244146034121513}, {""species"": ""Accipiter gentilis"", ""common_name"": ""Northern Goshawk"", ""score"": 0.0022994016762822866}, {""species"": ""Accipiter chilensis"", ""common_name"": ""Chilean hawk"", ""score"": 0.001696947729215026}, {""species"": ""Buteo platypterus"", ""common_name"": ""Broad-winged hawk"", ""score"": 0.0010775845730677247}]"
obs_340542613_photo_619737737_box4.jpg,obs_340542613_photo_619737737,/gpfs_common/share03/ftrscape/snair3/wew_notebooks/outputs_crop/obs_340542613_photo_619737737_box4.jpg,4,Accipiter chilensis,Astur cooperii,FALSE,Same taxon genus but wrong species level,Chilean hawk,0.001696948,4,"[{""species"": ""Accipiter cooperii"", ""common_name"": ""Cooper's Hawk"", ""score"": 0.9804537296295166}, {""species"": ""Accipiter striatus"", ""common_name"": ""Sharp-shinned hawk"", ""score"": 0.0033244146034121513}, {""species"": ""Accipiter gentilis"", ""common_name"": ""Northern Goshawk"", ""score"": 0.0022994016762822866}, {""species"": ""Accipiter chilensis"", ""common_name"": ""Chilean hawk"", ""score"": 0.001696947729215026}, {""species"": ""Buteo platypterus"", ""common_name"": ""Broad-winged hawk"", ""score"": 0.0010775845730677247}]"
obs_340542613_photo_619737737_box4.jpg,obs_340542613_photo_619737737,/gpfs_common/share03/ftrscape/snair3/wew_notebooks/outputs_crop/obs_340542613_photo_619737737_box4.jpg,4,Buteo platypterus,Astur cooperii,FALSE,Misidentified as a different species,Broad-winged hawk,0.001077585,5,"[{""species"": ""Accipiter cooperii"", ""common_name"": ""Cooper's Hawk"", ""score"": 0.9804537296295166}, {""species"": ""Accipiter striatus"", ""common_name"": ""Sharp-shinned hawk"", ""score"": 0.0033244146034121513}, {""species"": ""Accipiter gentilis"", ""common_name"": ""Northern Goshawk"", ""score"": 0.0022994016762822866}, {""species"": ""Accipiter chilensis"", ""common_name"": ""Chilean hawk"", ""score"": 0.001696947729215026}, {""species"": ""Buteo platypterus"", ""common_name"": ""Broad-winged hawk"", ""score"": 0.0010775845730677247}]"
obs_340825934_photo_620308797_box1.jpg,obs_340825934_photo_620308797,/gpfs_common/share03/ftrscape/snair3/wew_notebooks/outputs_crop/obs_340825934_photo_620308797_box1.jpg,1,Guira guira,Guira guira,TRUE,,Guira cuckoo,0.970504701,1,"[{""species"": ""Guira guira"", ""common_name"": ""Guira cuckoo"", ""score"": 0.9705047011375427}, {""species"": ""Opisthocomus hoazin"", ""common_name"": ""Hoatzin"", ""score"": 0.0012455092510208488}, {""species"": ""Lophoceros pallidirostris"", ""common_name"": ""Pale-billed hornbill"", ""score"": 0.0012293467298150063}, {""species"": ""Tockus rufirostris"", ""common_name"": ""Southern Red-billed Hornbill"", ""score"": 0.0011187609052285552}, {""species"": ""Fregilupus varius"", ""common_name"": ""Hoopoe starling"", ""score"": 0.0009109143284149468}]"
obs_340825934_photo_620308797_box1.jpg,obs_340825934_photo_620308797,/gpfs_common/share03/ftrscape/snair3/wew_notebooks/outputs_crop/obs_340825934_photo_620308797_box1.jpg,1,Opisthocomus hoazin,Guira guira,FALSE,,Hoatzin,0.001245509,2,"[{""species"": ""Guira guira"", ""common_name"": ""Guira cuckoo"", ""score"": 0.9705047011375427}, {""species"": ""Opisthocomus hoazin"", ""common_name"": ""Hoatzin"", ""score"": 0.0012455092510208488}, {""species"": ""Lophoceros pallidirostris"", ""common_name"": ""Pale-billed hornbill"", ""score"": 0.0012293467298150063}, {""species"": ""Tockus rufirostris"", ""common_name"": ""Southern Red-billed Hornbill"", ""score"": 0.0011187609052285552}, {""species"": ""Fregilupus varius"", ""common_name"": ""Hoopoe starling"", ""score"": 0.0009109143284149468}]"
obs_340825934_photo_620308797_box1.jpg,obs_340825934_photo_620308797,/gpfs_common/share03/ftrscape/snair3/wew_notebooks/outputs_crop/obs_340825934_photo_620308797_box1.jpg,1,Lophoceros pallidirostris,Guira guira,FALSE,,Pale-billed hornbill,0.001229347,3,"[{""species"": ""Guira guira"", ""common_name"": ""Guira cuckoo"", ""score"": 0.9705047011375427}, {""species"": ""Opisthocomus hoazin"", ""common_name"": ""Hoatzin"", ""score"": 0.0012455092510208488}, {""species"": ""Lophoceros pallidirostris"", ""common_name"": ""Pale-billed hornbill"", ""score"": 0.0012293467298150063}, {""species"": ""Tockus rufirostris"", ""common_name"": ""Southern Red-billed Hornbill"", ""score"": 0.0011187609052285552}, {""species"": ""Fregilupus varius"", ""common_name"": ""Hoopoe starling"", ""score"": 0.0009109143284149468}]"
obs_340825934_photo_620308797_box1.jpg,obs_340825934_photo_620308797,/gpfs_common/share03/ftrscape/snair3/wew_notebooks/outputs_crop/obs_340825934_photo_620308797_box1.jpg,1,Tockus rufirostris,Guira guira,FALSE,,Southern Red-billed Hornbill,0.001118761,4,"[{""species"": ""Guira guira"", ""common_name"": ""Guira cuckoo"", ""score"": 0.9705047011375427}, {""species"": ""Opisthocomus hoazin"", ""common_name"": ""Hoatzin"", ""score"": 0.0012455092510208488}, {""species"": ""Lophoceros pallidirostris"", ""common_name"": ""Pale-billed hornbill"", ""score"": 0.0012293467298150063}, {""species"": ""Tockus rufirostris"", ""common_name"": ""Southern Red-billed Hornbill"", ""score"": 0.0011187609052285552}, {""species"": ""Fregilupus varius"", ""common_name"": ""Hoopoe starling"", ""score"": 0.0009109143284149468}]"
obs_340825934_photo_620308797_box1.jpg,obs_340825934_photo_620308797,/gpfs_common/share03/ftrscape/snair3/wew_notebooks/outputs_crop/obs_340825934_photo_620308797_box1.jpg,1,Fregilupus varius,Guira guira,FALSE,,Hoopoe starling,0.000910914,5,"[{""species"": ""Guira guira"", ""common_name"": ""Guira cuckoo"", ""score"": 0.9705047011375427}, {""species"": ""Opisthocomus hoazin"", ""common_name"": ""Hoatzin"", ""score"": 0.0012455092510208488}, {""species"": ""Lophoceros pallidirostris"", ""common_name"": ""Pale-billed hornbill"", ""score"": 0.0012293467298150063}, {""species"": ""Tockus rufirostris"", ""common_name"": ""Southern Red-billed Hornbill"", ""score"": 0.0011187609052285552}, {""species"": ""Fregilupus varius"", ""common_name"": ""Hoopoe starling"", ""score"": 0.0009109143284149468}]"
obs_340825934_photo_620308797_box2.jpg,obs_340825934_photo_620308797,/gpfs_common/share03/ftrscape/snair3/wew_notebooks/outputs_crop/obs_340825934_photo_620308797_box2.jpg,2,Guira guira,Guira guira,TRUE,,Guira cuckoo,0.98334527,1,"[{""species"": ""Guira guira"", ""common_name"": ""Guira cuckoo"", ""score"": 0.9833452701568604}, {""species"": ""Opisthocomus hoazin"", ""common_name"": ""Hoatzin"", ""score"": 0.000760162016376853}, {""species"": ""Coryphistera alaudina"", ""common_name"": ""Lark-like Brushrunner"", ""score"": 0.000682669342495501}, {""species"": ""Fregilupus varius"", ""common_name"": ""Hoopoe starling"", ""score"": 0.0006529500242322683}, {""species"": ""Taraba major"", ""common_name"": ""Great Antshrike"", ""score"": 0.0004561213427223265}]"
obs_340825934_photo_620308797_box2.jpg,obs_340825934_photo_620308797,/gpfs_common/share03/ftrscape/snair3/wew_notebooks/outputs_crop/obs_340825934_photo_620308797_box2.jpg,2,Opisthocomus hoazin,Guira guira,FALSE,,Hoatzin,0.000760162,2,"[{""species"": ""Guira guira"", ""common_name"": ""Guira cuckoo"", ""score"": 0.9833452701568604}, {""species"": ""Opisthocomus hoazin"", ""common_name"": ""Hoatzin"", ""score"": 0.000760162016376853}, {""species"": ""Coryphistera alaudina"", ""common_name"": ""Lark-like Brushrunner"", ""score"": 0.000682669342495501}, {""species"": ""Fregilupus varius"", ""common_name"": ""Hoopoe starling"", ""score"": 0.0006529500242322683}, {""species"": ""Taraba major"", ""common_name"": ""Great Antshrike"", ""score"": 0.0004561213427223265}]"
obs_340825934_photo_620308797_box2.jpg,obs_340825934_photo_620308797,/gpfs_common/share03/ftrscape/snair3/wew_notebooks/outputs_crop/obs_340825934_photo_620308797_box2.jpg,2,Coryphistera alaudina,Guira guira,FALSE,,Lark-like Brushrunner,0.000682669,3,"[{""species"": ""Guira guira"", ""common_name"": ""Guira cuckoo"", ""score"": 0.9833452701568604}, {""species"": ""Opisthocomus hoazin"", ""common_name"": ""Hoatzin"", ""score"": 0.000760162016376853}, {""species"": ""Coryphistera alaudina"", ""common_name"": ""Lark-like Brushrunner"", ""score"": 0.000682669342495501}, {""species"": ""Fregilupus varius"", ""common_name"": ""Hoopoe starling"", ""score"": 0.0006529500242322683}, {""species"": ""Taraba major"", ""common_name"": ""Great Antshrike"", ""score"": 0.0004561213427223265}]"
obs_340825934_photo_620308797_box2.jpg,obs_340825934_photo_620308797,/gpfs_common/share03/ftrscape/snair3/wew_notebooks/outputs_crop/obs_340825934_photo_620308797_box2.jpg,2,Fregilupus varius,Guira guira,FALSE,,Hoopoe starling,0.00065295,4,"[{""species"": ""Guira guira"", ""common_name"": ""Guira cuckoo"", ""score"": 0.9833452701568604}, {""species"": ""Opisthocomus hoazin"", ""common_name"": ""Hoatzin"", ""score"": 0.000760162016376853}, {""species"": ""Coryphistera alaudina"", ""common_name"": ""Lark-like Brushrunner"", ""score"": 0.000682669342495501}, {""species"": ""Fregilupus varius"", ""common_name"": ""Hoopoe starling"", ""score"": 0.0006529500242322683}, {""species"": ""Taraba major"", ""common_name"": ""Great Antshrike"", ""score"": 0.0004561213427223265}]"
obs_340825934_photo_620308797_box2.jpg,obs_340825934_photo_620308797,/gpfs_common/share03/ftrscape/snair3/wew_notebooks/outputs_crop/obs_340825934_photo_620308797_box2.jpg,2,Taraba major,Guira guira,FALSE,,Great Antshrike,0.000456121,5,"[{""species"": ""Guira guira"", ""common_name"": ""Guira cuckoo"", ""score"": 0.9833452701568604}, {""species"": ""Opisthocomus hoazin"", ""common_name"": ""Hoatzin"", ""score"": 0.000760162016376853}, {""species"": ""Coryphistera alaudina"", ""common_name"": ""Lark-like Brushrunner"", ""score"": 0.000682669342495501}, {""species"": ""Fregilupus varius"", ""common_name"": ""Hoopoe starling"", ""score"": 0.0006529500242322683}, {""species"": ""Taraba major"", ""common_name"": ""Great Antshrike"", ""score"": 0.0004561213427223265}]"
obs_340825934_photo_620308797_box3.jpg,obs_340825934_photo_620308797,/gpfs_common/share03/ftrscape/snair3/wew_notebooks/outputs_crop/obs_340825934_photo_620308797_box3.jpg,3,Guira guira,Guira guira,TRUE,,Guira cuckoo,0.984946847,1,"[{""species"": ""Guira guira"", ""common_name"": ""Guira cuckoo"", ""score"": 0.9849468469619751}, {""species"": ""Coryphistera alaudina"", ""common_name"": ""Lark-like Brushrunner"", ""score"": 0.0009444380411878228}, {""species"": ""Clamator levaillantii"", ""common_name"": ""Levaillant's Cuckoo"", ""score"": 0.0008944557630456984}, {""species"": ""Fregilupus varius"", ""common_name"": ""Hoopoe starling"", ""score"": 0.000740421877708286}, {""species"": ""Tapera naevia"", ""common_name"": ""Striped cuckoo"", ""score"": 0.0007121980306692421}]"
obs_340825934_photo_620308797_box3.jpg,obs_340825934_photo_620308797,/gpfs_common/share03/ftrscape/snair3/wew_notebooks/outputs_crop/obs_340825934_photo_620308797_box3.jpg,3,Coryphistera alaudina,Guira guira,FALSE,,Lark-like Brushrunner,0.000944438,2,"[{""species"": ""Guira guira"", ""common_name"": ""Guira cuckoo"", ""score"": 0.9849468469619751}, {""species"": ""Coryphistera alaudina"", ""common_name"": ""Lark-like Brushrunner"", ""score"": 0.0009444380411878228}, {""species"": ""Clamator levaillantii"", ""common_name"": ""Levaillant's Cuckoo"", ""score"": 0.0008944557630456984}, {""species"": ""Fregilupus varius"", ""common_name"": ""Hoopoe starling"", ""score"": 0.000740421877708286}, {""species"": ""Tapera naevia"", ""common_name"": ""Striped cuckoo"", ""score"": 0.0007121980306692421}]"
obs_340825934_photo_620308797_box3.jpg,obs_340825934_photo_620308797,/gpfs_common/share03/ftrscape/snair3/wew_notebooks/outputs_crop/obs_340825934_photo_620308797_box3.jpg,3,Clamator levaillantii,Guira guira,FALSE,,Levaillant's Cuckoo,0.000894456,3,"[{""species"": ""Guira guira"", ""common_name"": ""Guira cuckoo"", ""score"": 0.9849468469619751}, {""species"": ""Coryphistera alaudina"", ""common_name"": ""Lark-like Brushrunner"", ""score"": 0.0009444380411878228}, {""species"": ""Clamator levaillantii"", ""common_name"": ""Levaillant's Cuckoo"", ""score"": 0.0008944557630456984}, {""species"": ""Fregilupus varius"", ""common_name"": ""Hoopoe starling"", ""score"": 0.000740421877708286}, {""species"": ""Tapera naevia"", ""common_name"": ""Striped cuckoo"", ""score"": 0.0007121980306692421}]"
obs_340825934_photo_620308797_box3.jpg,obs_340825934_photo_620308797,/gpfs_common/share03/ftrscape/snair3/wew_notebooks/outputs_crop/obs_340825934_photo_620308797_box3.jpg,3,Fregilupus varius,Guira guira,FALSE,,Hoopoe starling,0.000740422,4,"[{""species"": ""Guira guira"", ""common_name"": ""Guira cuckoo"", ""score"": 0.9849468469619751}, {""species"": ""Coryphistera alaudina"", ""common_name"": ""Lark-like Brushrunner"", ""score"": 0.0009444380411878228}, {""species"": ""Clamator levaillantii"", ""common_name"": ""Levaillant's Cuckoo"", ""score"": 0.0008944557630456984}, {""species"": ""Fregilupus varius"", ""common_name"": ""Hoopoe starling"", ""score"": 0.000740421877708286}, {""species"": ""Tapera naevia"", ""common_name"": ""Striped cuckoo"", ""score"": 0.0007121980306692421}]"
obs_340825934_photo_620308797_box3.jpg,obs_340825934_photo_620308797,/gpfs_common/share03/ftrscape/snair3/wew_notebooks/outputs_crop/obs_340825934_photo_620308797_box3.jpg,3,Tapera naevia,Guira guira,FALSE,,Striped cuckoo,0.000712198,5,"[{""species"": ""Guira guira"", ""common_name"": ""Guira cuckoo"", ""score"": 0.9849468469619751}, {""species"": ""Coryphistera alaudina"", ""common_name"": ""Lark-like Brushrunner"", ""score"": 0.0009444380411878228}, {""species"": ""Clamator levaillantii"", ""common_name"": ""Levaillant's Cuckoo"", ""score"": 0.0008944557630456984}, {""species"": ""Fregilupus varius"", ""common_name"": ""Hoopoe starling"", ""score"": 0.000740421877708286}, {""species"": ""Tapera naevia"", ""common_name"": ""Striped cuckoo"", ""score"": 0.0007121980306692421}]"
obs_340848497_photo_620354560_box1.jpg,obs_340848497_photo_620354560,/gpfs_common/share03/ftrscape/snair3/wew_notebooks/outputs_crop/obs_340848497_photo_620354560_box1.jpg,1,Paratendipes albimanus,Aleuroplatus coronata,FALSE,Prey not in the image,,0.013021884,1,"[{""species"": ""Paratendipes albimanus"", ""common_name"": """", ""score"": 0.013021884486079216}, {""species"": ""Helopeltis bergrothi"", ""common_name"": """", ""score"": 0.009306889958679676}, {""species"": ""Issikiomartyria nudata"", ""common_name"": """", ""score"": 0.00791995506733656}, {""species"": ""Paratendipes fuscitibia"", ""common_name"": """", ""score"": 0.007832106202840805}, {""species"": ""Helopeltis cinchonae"", ""common_name"": """", ""score"": 0.007695224601775408}]"
obs_340848497_photo_620354560_box1.jpg,obs_340848497_photo_620354560,/gpfs_common/share03/ftrscape/snair3/wew_notebooks/outputs_crop/obs_340848497_photo_620354560_box1.jpg,1,Helopeltis bergrothi,Aleuroplatus coronata,FALSE,Prey not in the image,,0.00930689,2,"[{""species"": ""Paratendipes albimanus"", ""common_name"": """", ""score"": 0.013021884486079216}, {""species"": ""Helopeltis bergrothi"", ""common_name"": """", ""score"": 0.009306889958679676}, {""species"": ""Issikiomartyria nudata"", ""common_name"": """", ""score"": 0.00791995506733656}, {""species"": ""Paratendipes fuscitibia"", ""common_name"": """", ""score"": 0.007832106202840805}, {""species"": ""Helopeltis cinchonae"", ""common_name"": """", ""score"": 0.007695224601775408}]"
obs_340848497_photo_620354560_box1.jpg,obs_340848497_photo_620354560,/gpfs_common/share03/ftrscape/snair3/wew_notebooks/outputs_crop/obs_340848497_photo_620354560_box1.jpg,1,Issikiomartyria nudata,Aleuroplatus coronata,FALSE,Prey not in the image,,0.007919955,3,"[{""species"": ""Paratendipes albimanus"", ""common_name"": """", ""score"": 0.013021884486079216}, {""species"": ""Helopeltis bergrothi"", ""common_name"": """", ""score"": 0.009306889958679676}, {""species"": ""Issikiomartyria nudata"", ""common_name"": """", ""score"": 0.00791995506733656}, {""species"": ""Paratendipes fuscitibia"", ""common_name"": """", ""score"": 0.007832106202840805}, {""species"": ""Helopeltis cinchonae"", ""common_name"": """", ""score"": 0.007695224601775408}]"
obs_340848497_photo_620354560_box1.jpg,obs_340848497_photo_620354560,/gpfs_common/share03/ftrscape/snair3/wew_notebooks/outputs_crop/obs_340848497_photo_620354560_box1.jpg,1,Paratendipes fuscitibia,Aleuroplatus coronata,FALSE,Prey not in the image,,0.007832106,4,"[{""species"": ""Paratendipes albimanus"", ""common_name"": """", ""score"": 0.013021884486079216}, {""species"": ""Helopeltis bergrothi"", ""common_name"": """", ""score"": 0.009306889958679676}, {""species"": ""Issikiomartyria nudata"", ""common_name"": """", ""score"": 0.00791995506733656}, {""species"": ""Paratendipes fuscitibia"", ""common_name"": """", ""score"": 0.007832106202840805}, {""species"": ""Helopeltis cinchonae"", ""common_name"": """", ""score"": 0.007695224601775408}]"
obs_340848497_photo_620354560_box1.jpg,obs_340848497_photo_620354560,/gpfs_common/share03/ftrscape/snair3/wew_notebooks/outputs_crop/obs_340848497_photo_620354560_box1.jpg,1,Helopeltis cinchonae,Aleuroplatus coronata,FALSE,Prey not in the image,,0.007695225,5,"[{""species"": ""Paratendipes albimanus"", ""common_name"": """", ""score"": 0.013021884486079216}, {""species"": ""Helopeltis bergrothi"", ""common_name"": """", ""score"": 0.009306889958679676}, {""species"": ""Issikiomartyria nudata"", ""common_name"": """", ""score"": 0.00791995506733656}, {""species"": ""Paratendipes fuscitibia"", ""common_name"": """", ""score"": 0.007832106202840805}, {""species"": ""Helopeltis cinchonae"", ""common_name"": """", ""score"": 0.007695224601775408}]"
obs_340848497_photo_620354560_box2.jpg,obs_340848497_photo_620354560,/gpfs_common/share03/ftrscape/snair3/wew_notebooks/outputs_crop/obs_340848497_photo_620354560_box2.jpg,2,Allocyclosa bifurca,Aleuroplatus coronata,FALSE,The prey features but not be very clear. Tiny part of the image. ,Orb weavers,0.330959558,1,"[{""species"": ""Allocyclosa bifurca"", ""common_name"": ""Orb weavers"", ""score"": 0.3309595584869385}, {""species"": ""Acanthepeira marion"", ""common_name"": """", ""score"": 0.04259811341762543}, {""species"": ""Celaenia atkinsoni"", ""common_name"": """", ""score"": 0.029808469116687775}, {""species"": ""Acanthepeira stellata"", ""common_name"": ""Starbellied orbweaver"", ""score"": 0.025557490065693855}, {""species"": ""Micrathena horrida"", ""common_name"": ""Orb weavers"", ""score"": 0.023770641535520554}]"
obs_340848497_photo_620354560_box2.jpg,obs_340848497_photo_620354560,/gpfs_common/share03/ftrscape/snair3/wew_notebooks/outputs_crop/obs_340848497_photo_620354560_box2.jpg,2,Acanthepeira marion,Aleuroplatus coronata,FALSE,The prey features but not be very clear. Tiny part of the image. ,,0.042598113,2,"[{""species"": ""Allocyclosa bifurca"", ""common_name"": ""Orb weavers"", ""score"": 0.3309595584869385}, {""species"": ""Acanthepeira marion"", ""common_name"": """", ""score"": 0.04259811341762543}, {""species"": ""Celaenia atkinsoni"", ""common_name"": """", ""score"": 0.029808469116687775}, {""species"": ""Acanthepeira stellata"", ""common_name"": ""Starbellied orbweaver"", ""score"": 0.025557490065693855}, {""species"": ""Micrathena horrida"", ""common_name"": ""Orb weavers"", ""score"": 0.023770641535520554}]"
obs_340848497_photo_620354560_box2.jpg,obs_340848497_photo_620354560,/gpfs_common/share03/ftrscape/snair3/wew_notebooks/outputs_crop/obs_340848497_photo_620354560_box2.jpg,2,Celaenia atkinsoni,Aleuroplatus coronata,FALSE,The prey features but not be very clear. Tiny part of the image. ,,0.029808469,3,"[{""species"": ""Allocyclosa bifurca"", ""common_name"": ""Orb weavers"", ""score"": 0.3309595584869385}, {""species"": ""Acanthepeira marion"", ""common_name"": """", ""score"": 0.04259811341762543}, {""species"": ""Celaenia atkinsoni"", ""common_name"": """", ""score"": 0.029808469116687775}, {""species"": ""Acanthepeira stellata"", ""common_name"": ""Starbellied orbweaver"", ""score"": 0.025557490065693855}, {""species"": ""Micrathena horrida"", ""common_name"": ""Orb weavers"", ""score"": 0.023770641535520554}]"
obs_340848497_photo_620354560_box2.jpg,obs_340848497_photo_620354560,/gpfs_common/share03/ftrscape/snair3/wew_notebooks/outputs_crop/obs_340848497_photo_620354560_box2.jpg,2,Acanthepeira stellata,Aleuroplatus coronata,FALSE,The prey features but not be very clear. Tiny part of the image. ,Starbellied orbweaver,0.02555749,4,"[{""species"": ""Allocyclosa bifurca"", ""common_name"": ""Orb weavers"", ""score"": 0.3309595584869385}, {""species"": ""Acanthepeira marion"", ""common_name"": """", ""score"": 0.04259811341762543}, {""species"": ""Celaenia atkinsoni"", ""common_name"": """", ""score"": 0.029808469116687775}, {""species"": ""Acanthepeira stellata"", ""common_name"": ""Starbellied orbweaver"", ""score"": 0.025557490065693855}, {""species"": ""Micrathena horrida"", ""common_name"": ""Orb weavers"", ""score"": 0.023770641535520554}]"
obs_340848497_photo_620354560_box2.jpg,obs_340848497_photo_620354560,/gpfs_common/share03/ftrscape/snair3/wew_notebooks/outputs_crop/obs_340848497_photo_620354560_box2.jpg,2,Micrathena horrida,Aleuroplatus coronata,FALSE,The prey features but not be very clear. Tiny part of the image. ,Orb weavers,0.023770642,5,"[{""species"": ""Allocyclosa bifurca"", ""common_name"": ""Orb weavers"", ""score"": 0.3309595584869385}, {""species"": ""Acanthepeira marion"", ""common_name"": """", ""score"": 0.04259811341762543}, {""species"": ""Celaenia atkinsoni"", ""common_name"": """", ""score"": 0.029808469116687775}, {""species"": ""Acanthepeira stellata"", ""common_name"": ""Starbellied orbweaver"", ""score"": 0.025557490065693855}, {""species"": ""Micrathena horrida"", ""common_name"": ""Orb weavers"", ""score"": 0.023770641535520554}]"
obs_340848497_photo_620354560_box3.jpg,obs_340848497_photo_620354560,/gpfs_common/share03/ftrscape/snair3/wew_notebooks/outputs_crop/obs_340848497_photo_620354560_box3.jpg,3,Aceria genistae,Aleuroplatus coronata,FALSE,The prey features but not be very clear. Tiny part of the image. ,,0.052615121,1,"[{""species"": ""Aceria genistae"", ""common_name"": """", ""score"": 0.05261512100696564}, {""species"": ""Contarinia partheniicola"", ""common_name"": """", ""score"": 0.03186621516942978}, {""species"": ""Rhopalomyia giraldii"", ""common_name"": """", ""score"": 0.03013167716562748}, {""species"": ""Rhopalomyia mammilla"", ""common_name"": """", ""score"": 0.02747269906103611}, {""species"": ""Neoerysiphe chelones"", ""common_name"": """", ""score"": 0.02615470066666603}]"
obs_340848497_photo_620354560_box3.jpg,obs_340848497_photo_620354560,/gpfs_common/share03/ftrscape/snair3/wew_notebooks/outputs_crop/obs_340848497_photo_620354560_box3.jpg,3,Contarinia partheniicola,Aleuroplatus coronata,FALSE,The prey features but not be very clear. Tiny part of the image. ,,0.031866215,2,"[{""species"": ""Aceria genistae"", ""common_name"": """", ""score"": 0.05261512100696564}, {""species"": ""Contarinia partheniicola"", ""common_name"": """", ""score"": 0.03186621516942978}, {""species"": ""Rhopalomyia giraldii"", ""common_name"": """", ""score"": 0.03013167716562748}, {""species"": ""Rhopalomyia mammilla"", ""common_name"": """", ""score"": 0.02747269906103611}, {""species"": ""Neoerysiphe chelones"", ""common_name"": """", ""score"": 0.02615470066666603}]"
obs_340848497_photo_620354560_box3.jpg,obs_340848497_photo_620354560,/gpfs_common/share03/ftrscape/snair3/wew_notebooks/outputs_crop/obs_340848497_photo_620354560_box3.jpg,3,Rhopalomyia giraldii,Aleuroplatus coronata,FALSE,The prey features but not be very clear. Tiny part of the image. ,,0.030131677,3,"[{""species"": ""Aceria genistae"", ""common_name"": """", ""score"": 0.05261512100696564}, {""species"": ""Contarinia partheniicola"", ""common_name"": """", ""score"": 0.03186621516942978}, {""species"": ""Rhopalomyia giraldii"", ""common_name"": """", ""score"": 0.03013167716562748}, {""species"": ""Rhopalomyia mammilla"", ""common_name"": """", ""score"": 0.02747269906103611}, {""species"": ""Neoerysiphe chelones"", ""common_name"": """", ""score"": 0.02615470066666603}]"
obs_340848497_photo_620354560_box3.jpg,obs_340848497_photo_620354560,/gpfs_common/share03/ftrscape/snair3/wew_notebooks/outputs_crop/obs_340848497_photo_620354560_box3.jpg,3,Rhopalomyia mammilla,Aleuroplatus coronata,FALSE,The prey features but not be very clear. Tiny part of the image. ,,0.027472699,4,"[{""species"": ""Aceria genistae"", ""common_name"": """", ""score"": 0.05261512100696564}, {""species"": ""Contarinia partheniicola"", ""common_name"": """", ""score"": 0.03186621516942978}, {""species"": ""Rhopalomyia giraldii"", ""common_name"": """", ""score"": 0.03013167716562748}, {""species"": ""Rhopalomyia mammilla"", ""common_name"": """", ""score"": 0.02747269906103611}, {""species"": ""Neoerysiphe chelones"", ""common_name"": """", ""score"": 0.02615470066666603}]"
obs_340848497_photo_620354560_box3.jpg,obs_340848497_photo_620354560,/gpfs_common/share03/ftrscape/snair3/wew_notebooks/outputs_crop/obs_340848497_photo_620354560_box3.jpg,3,Neoerysiphe chelones,Aleuroplatus coronata,FALSE,The prey features but not be very clear. Tiny part of the image. ,,0.026154701,5,"[{""species"": ""Aceria genistae"", ""common_name"": """", ""score"": 0.05261512100696564}, {""species"": ""Contarinia partheniicola"", ""common_name"": """", ""score"": 0.03186621516942978}, {""species"": ""Rhopalomyia giraldii"", ""common_name"": """", ""score"": 0.03013167716562748}, {""species"": ""Rhopalomyia mammilla"", ""common_name"": """", ""score"": 0.02747269906103611}, {""species"": ""Neoerysiphe chelones"", ""common_name"": """", ""score"": 0.02615470066666603}]"
obs_340848497_photo_620354560_box4.jpg,obs_340848497_photo_620354560,/gpfs_common/share03/ftrscape/snair3/wew_notebooks/outputs_crop/obs_340848497_photo_620354560_box4.jpg,4,Microbotryum lychnidis-dioicae,Aleuroplatus coronata,FALSE,The prey features but not be very clear. Tiny part of the image. ,Campion anther smut,0.029914897,1,"[{""species"": ""Microbotryum lychnidis-dioicae"", ""common_name"": ""Campion anther smut"", ""score"": 0.029914896935224533}, {""species"": ""Metarhizium pemphigi"", ""common_name"": """", ""score"": 0.02129959873855114}, {""species"": ""Microbotryum flosculorum"", ""common_name"": """", ""score"": 0.01875114068388939}, {""species"": ""Aceria gersoni"", ""common_name"": """", ""score"": 0.016318392008543015}, {""species"": ""Corethrella brakeleyi"", ""common_name"": """", ""score"": 0.01402532309293747}]"
obs_340848497_photo_620354560_box4.jpg,obs_340848497_photo_620354560,/gpfs_common/share03/ftrscape/snair3/wew_notebooks/outputs_crop/obs_340848497_photo_620354560_box4.jpg,4,Metarhizium pemphigi,Aleuroplatus coronata,FALSE,The prey features but not be very clear. Tiny part of the image. ,,0.021299599,2,"[{""species"": ""Microbotryum lychnidis-dioicae"", ""common_name"": ""Campion anther smut"", ""score"": 0.029914896935224533}, {""species"": ""Metarhizium pemphigi"", ""common_name"": """", ""score"": 0.02129959873855114}, {""species"": ""Microbotryum flosculorum"", ""common_name"": """", ""score"": 0.01875114068388939}, {""species"": ""Aceria gersoni"", ""common_name"": """", ""score"": 0.016318392008543015}, {""species"": ""Corethrella brakeleyi"", ""common_name"": """", ""score"": 0.01402532309293747}]"
obs_340848497_photo_620354560_box4.jpg,obs_340848497_photo_620354560,/gpfs_common/share03/ftrscape/snair3/wew_notebooks/outputs_crop/obs_340848497_photo_620354560_box4.jpg,4,Microbotryum flosculorum,Aleuroplatus coronata,FALSE,The prey features but not be very clear. Tiny part of the image. ,,0.018751141,3,"[{""species"": ""Microbotryum lychnidis-dioicae"", ""common_name"": ""Campion anther smut"", ""score"": 0.029914896935224533}, {""species"": ""Metarhizium pemphigi"", ""common_name"": """", ""score"": 0.02129959873855114}, {""species"": ""Microbotryum flosculorum"", ""common_name"": """", ""score"": 0.01875114068388939}, {""species"": ""Aceria gersoni"", ""common_name"": """", ""score"": 0.016318392008543015}, {""species"": ""Corethrella brakeleyi"", ""common_name"": """", ""score"": 0.01402532309293747}]"
obs_340848497_photo_620354560_box4.jpg,obs_340848497_photo_620354560,/gpfs_common/share03/ftrscape/snair3/wew_notebooks/outputs_crop/obs_340848497_photo_620354560_box4.jpg,4,Aceria gersoni,Aleuroplatus coronata,FALSE,The prey features but not be very clear. Tiny part of the image. ,,0.016318392,4,"[{""species"": ""Microbotryum lychnidis-dioicae"", ""common_name"": ""Campion anther smut"", ""score"": 0.029914896935224533}, {""species"": ""Metarhizium pemphigi"", ""common_name"": """", ""score"": 0.02129959873855114}, {""species"": ""Microbotryum flosculorum"", ""common_name"": """", ""score"": 0.01875114068388939}, {""species"": ""Aceria gersoni"", ""common_name"": """", ""score"": 0.016318392008543015}, {""species"": ""Corethrella brakeleyi"", ""common_name"": """", ""score"": 0.01402532309293747}]"
obs_340848497_photo_620354560_box4.jpg,obs_340848497_photo_620354560,/gpfs_common/share03/ftrscape/snair3/wew_notebooks/outputs_crop/obs_340848497_photo_620354560_box4.jpg,4,Corethrella brakeleyi,Aleuroplatus coronata,FALSE,The prey features but not be very clear. Tiny part of the image. ,,0.014025323,5,"[{""species"": ""Microbotryum lychnidis-dioicae"", ""common_name"": ""Campion anther smut"", ""score"": 0.029914896935224533}, {""species"": ""Metarhizium pemphigi"", ""common_name"": """", ""score"": 0.02129959873855114}, {""species"": ""Microbotryum flosculorum"", ""common_name"": """", ""score"": 0.01875114068388939}, {""species"": ""Aceria gersoni"", ""common_name"": """", ""score"": 0.016318392008543015}, {""species"": ""Corethrella brakeleyi"", ""common_name"": """", ""score"": 0.01402532309293747}]"
obs_340848497_photo_620354560_box5.jpg,obs_340848497_photo_620354560,/gpfs_common/share03/ftrscape/snair3/wew_notebooks/outputs_crop/obs_340848497_photo_620354560_box5.jpg,5,Eryngium carlinae,Aleuroplatus coronata,FALSE,The prey features but not be very clear. Tiny part of the image. ,,0.042225722,1,"[{""species"": ""Eryngium carlinae"", ""common_name"": """", ""score"": 0.04222572222352028}, {""species"": ""Phyllomorpha laciniata"", ""common_name"": ""Golden egg bug"", ""score"": 0.03461594507098198}, {""species"": ""Leontopodium jacotianum"", ""common_name"": """", ""score"": 0.025775466114282608}, {""species"": ""Leontopodium nivale"", ""common_name"": ""Edelweiss"", ""score"": 0.022619741037487984}, {""species"": ""Tephritis pura"", ""common_name"": """", ""score"": 0.019536960870027542}]"
obs_340848497_photo_620354560_box5.jpg,obs_340848497_photo_620354560,/gpfs_common/share03/ftrscape/snair3/wew_notebooks/outputs_crop/obs_340848497_photo_620354560_box5.jpg,5,Phyllomorpha laciniata,Aleuroplatus coronata,FALSE,The prey features but not be very clear. Tiny part of the image. ,Golden egg bug,0.034615945,2,"[{""species"": ""Eryngium carlinae"", ""common_name"": """", ""score"": 0.04222572222352028}, {""species"": ""Phyllomorpha laciniata"", ""common_name"": ""Golden egg bug"", ""score"": 0.03461594507098198}, {""species"": ""Leontopodium jacotianum"", ""common_name"": """", ""score"": 0.025775466114282608}, {""species"": ""Leontopodium nivale"", ""common_name"": ""Edelweiss"", ""score"": 0.022619741037487984}, {""species"": ""Tephritis pura"", ""common_name"": """", ""score"": 0.019536960870027542}]"
obs_340848497_photo_620354560_box5.jpg,obs_340848497_photo_620354560,/gpfs_common/share03/ftrscape/snair3/wew_notebooks/outputs_crop/obs_340848497_photo_620354560_box5.jpg,5,Leontopodium jacotianum,Aleuroplatus coronata,FALSE,The prey features but not be very clear. Tiny part of the image. ,,0.025775466,3,"[{""species"": ""Eryngium carlinae"", ""common_name"": """", ""score"": 0.04222572222352028}, {""species"": ""Phyllomorpha laciniata"", ""common_name"": ""Golden egg bug"", ""score"": 0.03461594507098198}, {""species"": ""Leontopodium jacotianum"", ""common_name"": """", ""score"": 0.025775466114282608}, {""species"": ""Leontopodium nivale"", ""common_name"": ""Edelweiss"", ""score"": 0.022619741037487984}, {""species"": ""Tephritis pura"", ""common_name"": """", ""score"": 0.019536960870027542}]"
obs_340848497_photo_620354560_box5.jpg,obs_340848497_photo_620354560,/gpfs_common/share03/ftrscape/snair3/wew_notebooks/outputs_crop/obs_340848497_photo_620354560_box5.jpg,5,Leontopodium nivale,Aleuroplatus coronata,FALSE,The prey features but not be very clear. Tiny part of the image. ,Edelweiss,0.022619741,4,"[{""species"": ""Eryngium carlinae"", ""common_name"": """", ""score"": 0.04222572222352028}, {""species"": ""Phyllomorpha laciniata"", ""common_name"": ""Golden egg bug"", ""score"": 0.03461594507098198}, {""species"": ""Leontopodium jacotianum"", ""common_name"": """", ""score"": 0.025775466114282608}, {""species"": ""Leontopodium nivale"", ""common_name"": ""Edelweiss"", ""score"": 0.022619741037487984}, {""species"": ""Tephritis pura"", ""common_name"": """", ""score"": 0.019536960870027542}]"
obs_340848497_photo_620354560_box5.jpg,obs_340848497_photo_620354560,/gpfs_common/share03/ftrscape/snair3/wew_notebooks/outputs_crop/obs_340848497_photo_620354560_box5.jpg,5,Tephritis pura,Aleuroplatus coronata,FALSE,The prey features but not be very clear. Tiny part of the image. ,,0.019536961,5,"[{""species"": ""Eryngium carlinae"", ""common_name"": """", ""score"": 0.04222572222352028}, {""species"": ""Phyllomorpha laciniata"", ""common_name"": ""Golden egg bug"", ""score"": 0.03461594507098198}, {""species"": ""Leontopodium jacotianum"", ""common_name"": """", ""score"": 0.025775466114282608}, {""species"": ""Leontopodium nivale"", ""common_name"": ""Edelweiss"", ""score"": 0.022619741037487984}, {""species"": ""Tephritis pura"", ""common_name"": """", ""score"": 0.019536960870027542}]"
obs_340848514_photo_620354575_box1.jpg,obs_340848514_photo_620354575,/gpfs_common/share03/ftrscape/snair3/wew_notebooks/outputs_crop/obs_340848514_photo_620354575_box1.jpg,1,Neoconis marginata,Paraleyrodes minei,FALSE,,,0.150359333,1,"[{""species"": ""Neoconis marginata"", ""common_name"": """", ""score"": 0.15035933256149292}, {""species"": ""Anotia burnetii"", ""common_name"": """", ""score"": 0.07644237577915192}, {""species"": ""Cryptoscenea australiensis"", ""common_name"": """", ""score"": 0.07159270346164703}, {""species"": ""Feuerborniella obscura"", ""common_name"": """", ""score"": 0.03079492412507534}, {""species"": ""Saccharodite coccinea"", ""common_name"": """", ""score"": 0.02632342092692852}]"
obs_340848514_photo_620354575_box1.jpg,obs_340848514_photo_620354575,/gpfs_common/share03/ftrscape/snair3/wew_notebooks/outputs_crop/obs_340848514_photo_620354575_box1.jpg,1,Anotia burnetii,Paraleyrodes minei,FALSE,,,0.076442376,2,"[{""species"": ""Neoconis marginata"", ""common_name"": """", ""score"": 0.15035933256149292}, {""species"": ""Anotia burnetii"", ""common_name"": """", ""score"": 0.07644237577915192}, {""species"": ""Cryptoscenea australiensis"", ""common_name"": """", ""score"": 0.07159270346164703}, {""species"": ""Feuerborniella obscura"", ""common_name"": """", ""score"": 0.03079492412507534}, {""species"": ""Saccharodite coccinea"", ""common_name"": """", ""score"": 0.02632342092692852}]"
obs_340848514_photo_620354575_box1.jpg,obs_340848514_photo_620354575,/gpfs_common/share03/ftrscape/snair3/wew_notebooks/outputs_crop/obs_340848514_photo_620354575_box1.jpg,1,Cryptoscenea australiensis,Paraleyrodes minei,FALSE,,,0.071592703,3,"[{""species"": ""Neoconis marginata"", ""common_name"": """", ""score"": 0.15035933256149292}, {""species"": ""Anotia burnetii"", ""common_name"": """", ""score"": 0.07644237577915192}, {""species"": ""Cryptoscenea australiensis"", ""common_name"": """", ""score"": 0.07159270346164703}, {""species"": ""Feuerborniella obscura"", ""common_name"": """", ""score"": 0.03079492412507534}, {""species"": ""Saccharodite coccinea"", ""common_name"": """", ""score"": 0.02632342092692852}]"
obs_340848514_photo_620354575_box1.jpg,obs_340848514_photo_620354575,/gpfs_common/share03/ftrscape/snair3/wew_notebooks/outputs_crop/obs_340848514_photo_620354575_box1.jpg,1,Feuerborniella obscura,Paraleyrodes minei,FALSE,,,0.030794924,4,"[{""species"": ""Neoconis marginata"", ""common_name"": """", ""score"": 0.15035933256149292}, {""species"": ""Anotia burnetii"", ""common_name"": """", ""score"": 0.07644237577915192}, {""species"": ""Cryptoscenea australiensis"", ""common_name"": """", ""score"": 0.07159270346164703}, {""species"": ""Feuerborniella obscura"", ""common_name"": """", ""score"": 0.03079492412507534}, {""species"": ""Saccharodite coccinea"", ""common_name"": """", ""score"": 0.02632342092692852}]"
obs_340848514_photo_620354575_box1.jpg,obs_340848514_photo_620354575,/gpfs_common/share03/ftrscape/snair3/wew_notebooks/outputs_crop/obs_340848514_photo_620354575_box1.jpg,1,Saccharodite coccinea,Paraleyrodes minei,FALSE,,,0.026323421,5,"[{""species"": ""Neoconis marginata"", ""common_name"": """", ""score"": 0.15035933256149292}, {""species"": ""Anotia burnetii"", ""common_name"": """", ""score"": 0.07644237577915192}, {""species"": ""Cryptoscenea australiensis"", ""common_name"": """", ""score"": 0.07159270346164703}, {""species"": ""Feuerborniella obscura"", ""common_name"": """", ""score"": 0.03079492412507534}, {""species"": ""Saccharodite coccinea"", ""common_name"": """", ""score"": 0.02632342092692852}]"
obs_340848514_photo_620354575_box2.jpg,obs_340848514_photo_620354575,/gpfs_common/share03/ftrscape/snair3/wew_notebooks/outputs_crop/obs_340848514_photo_620354575_box2.jpg,2,Neoconis marginata,Paraleyrodes minei,FALSE,,,0.117527723,1,"[{""species"": ""Neoconis marginata"", ""common_name"": """", ""score"": 0.11752772331237793}, {""species"": ""Paraleyrodes minei"", ""common_name"": ""Nesting whitefly"", ""score"": 0.07780861109495163}, {""species"": ""Saccharodite coccinea"", ""common_name"": """", ""score"": 0.04379076510667801}, {""species"": ""Aleurodicus dugesii"", ""common_name"": ""Giant whitefly"", ""score"": 0.035391755402088165}, {""species"": ""Paraleyrodes perseae"", ""common_name"": ""Whitefly"", ""score"": 0.02655092068016529}]"
obs_340848514_photo_620354575_box2.jpg,obs_340848514_photo_620354575,/gpfs_common/share03/ftrscape/snair3/wew_notebooks/outputs_crop/obs_340848514_photo_620354575_box2.jpg,2,Paraleyrodes minei,Paraleyrodes minei,TRUE,,Nesting whitefly,0.077808611,2,"[{""species"": ""Neoconis marginata"", ""common_name"": """", ""score"": 0.11752772331237793}, {""species"": ""Paraleyrodes minei"", ""common_name"": ""Nesting whitefly"", ""score"": 0.07780861109495163}, {""species"": ""Saccharodite coccinea"", ""common_name"": """", ""score"": 0.04379076510667801}, {""species"": ""Aleurodicus dugesii"", ""common_name"": ""Giant whitefly"", ""score"": 0.035391755402088165}, {""species"": ""Paraleyrodes perseae"", ""common_name"": ""Whitefly"", ""score"": 0.02655092068016529}]"
obs_340848514_photo_620354575_box2.jpg,obs_340848514_photo_620354575,/gpfs_common/share03/ftrscape/snair3/wew_notebooks/outputs_crop/obs_340848514_photo_620354575_box2.jpg,2,Saccharodite coccinea,Paraleyrodes minei,FALSE,,,0.043790765,3,"[{""species"": ""Neoconis marginata"", ""common_name"": """", ""score"": 0.11752772331237793}, {""species"": ""Paraleyrodes minei"", ""common_name"": ""Nesting whitefly"", ""score"": 0.07780861109495163}, {""species"": ""Saccharodite coccinea"", ""common_name"": """", ""score"": 0.04379076510667801}, {""species"": ""Aleurodicus dugesii"", ""common_name"": ""Giant whitefly"", ""score"": 0.035391755402088165}, {""species"": ""Paraleyrodes perseae"", ""common_name"": ""Whitefly"", ""score"": 0.02655092068016529}]"
obs_340848514_photo_620354575_box2.jpg,obs_340848514_photo_620354575,/gpfs_common/share03/ftrscape/snair3/wew_notebooks/outputs_crop/obs_340848514_photo_620354575_box2.jpg,2,Aleurodicus dugesii,Paraleyrodes minei,FALSE,,Giant whitefly,0.035391755,4,"[{""species"": ""Neoconis marginata"", ""common_name"": """", ""score"": 0.11752772331237793}, {""species"": ""Paraleyrodes minei"", ""common_name"": ""Nesting whitefly"", ""score"": 0.07780861109495163}, {""species"": ""Saccharodite coccinea"", ""common_name"": """", ""score"": 0.04379076510667801}, {""species"": ""Aleurodicus dugesii"", ""common_name"": ""Giant whitefly"", ""score"": 0.035391755402088165}, {""species"": ""Paraleyrodes perseae"", ""common_name"": ""Whitefly"", ""score"": 0.02655092068016529}]"
obs_340848514_photo_620354575_box2.jpg,obs_340848514_photo_620354575,/gpfs_common/share03/ftrscape/snair3/wew_notebooks/outputs_crop/obs_340848514_photo_620354575_box2.jpg,2,Paraleyrodes perseae,Paraleyrodes minei,FALSE,,Whitefly,0.026550921,5,"[{""species"": ""Neoconis marginata"", ""common_name"": """", ""score"": 0.11752772331237793}, {""species"": ""Paraleyrodes minei"", ""common_name"": ""Nesting whitefly"", ""score"": 0.07780861109495163}, {""species"": ""Saccharodite coccinea"", ""common_name"": """", ""score"": 0.04379076510667801}, {""species"": ""Aleurodicus dugesii"", ""common_name"": ""Giant whitefly"", ""score"": 0.035391755402088165}, {""species"": ""Paraleyrodes perseae"", ""common_name"": ""Whitefly"", ""score"": 0.02655092068016529}]"
obs_340848514_photo_620354575_box3.jpg,obs_340848514_photo_620354575,/gpfs_common/share03/ftrscape/snair3/wew_notebooks/outputs_crop/obs_340848514_photo_620354575_box3.jpg,3,Marmara opuntiella,Paraleyrodes minei,FALSE,,,0.051218953,1,"[{""species"": ""Marmara opuntiella"", ""common_name"": """", ""score"": 0.05121895298361778}, {""species"": ""Shivaphis celti"", ""common_name"": ""Asian wooly hackberry aphid"", ""score"": 0.01636706292629242}, {""species"": ""Graminorthezia tillandsiae"", ""common_name"": ""Spanish moss orthezia"", ""score"": 0.014912731014192104}, {""species"": ""Eulachnus rileyi"", ""common_name"": ""Active gray pine needle aphid"", ""score"": 0.01210658811032772}, {""species"": ""Gyalideopsis buckii"", ""common_name"": """", ""score"": 0.010751813650131226}]"
obs_340848514_photo_620354575_box3.jpg,obs_340848514_photo_620354575,/gpfs_common/share03/ftrscape/snair3/wew_notebooks/outputs_crop/obs_340848514_photo_620354575_box3.jpg,3,Shivaphis celti,Paraleyrodes minei,FALSE,,Asian wooly hackberry aphid,0.016367063,2,"[{""species"": ""Marmara opuntiella"", ""common_name"": """", ""score"": 0.05121895298361778}, {""species"": ""Shivaphis celti"", ""common_name"": ""Asian wooly hackberry aphid"", ""score"": 0.01636706292629242}, {""species"": ""Graminorthezia tillandsiae"", ""common_name"": ""Spanish moss orthezia"", ""score"": 0.014912731014192104}, {""species"": ""Eulachnus rileyi"", ""common_name"": ""Active gray pine needle aphid"", ""score"": 0.01210658811032772}, {""species"": ""Gyalideopsis buckii"", ""common_name"": """", ""score"": 0.010751813650131226}]"
obs_340848514_photo_620354575_box3.jpg,obs_340848514_photo_620354575,/gpfs_common/share03/ftrscape/snair3/wew_notebooks/outputs_crop/obs_340848514_photo_620354575_box3.jpg,3,Graminorthezia tillandsiae,Paraleyrodes minei,FALSE,,Spanish moss orthezia,0.014912731,3,"[{""species"": ""Marmara opuntiella"", ""common_name"": """", ""score"": 0.05121895298361778}, {""species"": ""Shivaphis celti"", ""common_name"": ""Asian wooly hackberry aphid"", ""score"": 0.01636706292629242}, {""species"": ""Graminorthezia tillandsiae"", ""common_name"": ""Spanish moss orthezia"", ""score"": 0.014912731014192104}, {""species"": ""Eulachnus rileyi"", ""common_name"": ""Active gray pine needle aphid"", ""score"": 0.01210658811032772}, {""species"": ""Gyalideopsis buckii"", ""common_name"": """", ""score"": 0.010751813650131226}]"
obs_340848514_photo_620354575_box3.jpg,obs_340848514_photo_620354575,/gpfs_common/share03/ftrscape/snair3/wew_notebooks/outputs_crop/obs_340848514_photo_620354575_box3.jpg,3,Eulachnus rileyi,Paraleyrodes minei,FALSE,,Active gray pine needle aphid,0.012106588,4,"[{""species"": ""Marmara opuntiella"", ""common_name"": """", ""score"": 0.05121895298361778}, {""species"": ""Shivaphis celti"", ""common_name"": ""Asian wooly hackberry aphid"", ""score"": 0.01636706292629242}, {""species"": ""Graminorthezia tillandsiae"", ""common_name"": ""Spanish moss orthezia"", ""score"": 0.014912731014192104}, {""species"": ""Eulachnus rileyi"", ""common_name"": ""Active gray pine needle aphid"", ""score"": 0.01210658811032772}, {""species"": ""Gyalideopsis buckii"", ""common_name"": """", ""score"": 0.010751813650131226}]"
obs_340848514_photo_620354575_box3.jpg,obs_340848514_photo_620354575,/gpfs_common/share03/ftrscape/snair3/wew_notebooks/outputs_crop/obs_340848514_photo_620354575_box3.jpg,3,Gyalideopsis buckii,Paraleyrodes minei,FALSE,,,0.010751814,5,"[{""species"": ""Marmara opuntiella"", ""common_name"": """", ""score"": 0.05121895298361778}, {""species"": ""Shivaphis celti"", ""common_name"": ""Asian wooly hackberry aphid"", ""score"": 0.01636706292629242}, {""species"": ""Graminorthezia tillandsiae"", ""common_name"": ""Spanish moss orthezia"", ""score"": 0.014912731014192104}, {""species"": ""Eulachnus rileyi"", ""common_name"": ""Active gray pine needle aphid"", ""score"": 0.01210658811032772}, {""species"": ""Gyalideopsis buckii"", ""common_name"": """", ""score"": 0.010751813650131226}]"
obs_340848514_photo_620354575_box4.jpg,obs_340848514_photo_620354575,/gpfs_common/share03/ftrscape/snair3/wew_notebooks/outputs_crop/obs_340848514_photo_620354575_box4.jpg,4,Neoconis marginata,Paraleyrodes minei,FALSE,,,0.216062173,1,"[{""species"": ""Neoconis marginata"", ""common_name"": """", ""score"": 0.21606217324733734}, {""species"": ""Cryptoscenea australiensis"", ""common_name"": """", ""score"": 0.08280768245458603}, {""species"": ""Conwentzia californica"", ""common_name"": """", ""score"": 0.02547319605946541}, {""species"": ""Anotia burnetii"", ""common_name"": """", ""score"": 0.025412246584892273}, {""species"": ""Paraleyrodes perseae"", ""common_name"": ""Whitefly"", ""score"": 0.022566622123122215}]"
obs_340848514_photo_620354575_box4.jpg,obs_340848514_photo_620354575,/gpfs_common/share03/ftrscape/snair3/wew_notebooks/outputs_crop/obs_340848514_photo_620354575_box4.jpg,4,Cryptoscenea australiensis,Paraleyrodes minei,FALSE,,,0.082807682,2,"[{""species"": ""Neoconis marginata"", ""common_name"": """", ""score"": 0.21606217324733734}, {""species"": ""Cryptoscenea australiensis"", ""common_name"": """", ""score"": 0.08280768245458603}, {""species"": ""Conwentzia californica"", ""common_name"": """", ""score"": 0.02547319605946541}, {""species"": ""Anotia burnetii"", ""common_name"": """", ""score"": 0.025412246584892273}, {""species"": ""Paraleyrodes perseae"", ""common_name"": ""Whitefly"", ""score"": 0.022566622123122215}]"
obs_340848514_photo_620354575_box4.jpg,obs_340848514_photo_620354575,/gpfs_common/share03/ftrscape/snair3/wew_notebooks/outputs_crop/obs_340848514_photo_620354575_box4.jpg,4,Conwentzia californica,Paraleyrodes minei,FALSE,,,0.025473196,3,"[{""species"": ""Neoconis marginata"", ""common_name"": """", ""score"": 0.21606217324733734}, {""species"": ""Cryptoscenea australiensis"", ""common_name"": """", ""score"": 0.08280768245458603}, {""species"": ""Conwentzia californica"", ""common_name"": """", ""score"": 0.02547319605946541}, {""species"": ""Anotia burnetii"", ""common_name"": """", ""score"": 0.025412246584892273}, {""species"": ""Paraleyrodes perseae"", ""common_name"": ""Whitefly"", ""score"": 0.022566622123122215}]"
obs_340848514_photo_620354575_box4.jpg,obs_340848514_photo_620354575,/gpfs_common/share03/ftrscape/snair3/wew_notebooks/outputs_crop/obs_340848514_photo_620354575_box4.jpg,4,Anotia burnetii,Paraleyrodes minei,FALSE,,,0.025412247,4,"[{""species"": ""Neoconis marginata"", ""common_name"": """", ""score"": 0.21606217324733734}, {""species"": ""Cryptoscenea australiensis"", ""common_name"": """", ""score"": 0.08280768245458603}, {""species"": ""Conwentzia californica"", ""common_name"": """", ""score"": 0.02547319605946541}, {""species"": ""Anotia burnetii"", ""common_name"": """", ""score"": 0.025412246584892273}, {""species"": ""Paraleyrodes perseae"", ""common_name"": ""Whitefly"", ""score"": 0.022566622123122215}]"
obs_340848514_photo_620354575_box4.jpg,obs_340848514_photo_620354575,/gpfs_common/share03/ftrscape/snair3/wew_notebooks/outputs_crop/obs_340848514_photo_620354575_box4.jpg,4,Paraleyrodes perseae,Paraleyrodes minei,FALSE,,Whitefly,0.022566622,5,"[{""species"": ""Neoconis marginata"", ""common_name"": """", ""score"": 0.21606217324733734}, {""species"": ""Cryptoscenea australiensis"", ""common_name"": """", ""score"": 0.08280768245458603}, {""species"": ""Conwentzia californica"", ""common_name"": """", ""score"": 0.02547319605946541}, {""species"": ""Anotia burnetii"", ""common_name"": """", ""score"": 0.025412246584892273}, {""species"": ""Paraleyrodes perseae"", ""common_name"": ""Whitefly"", ""score"": 0.022566622123122215}]"
obs_340848514_photo_620354575_box5.jpg,obs_340848514_photo_620354575,/gpfs_common/share03/ftrscape/snair3/wew_notebooks/outputs_crop/obs_340848514_photo_620354575_box5.jpg,5,Neoconis marginata,Paraleyrodes minei,FALSE,,,0.241163224,1,"[{""species"": ""Neoconis marginata"", ""common_name"": """", ""score"": 0.2411632239818573}, {""species"": ""Anotia burnetii"", ""common_name"": """", ""score"": 0.0790649875998497}, {""species"": ""Saccharodite coccinea"", ""common_name"": """", ""score"": 0.06445321440696716}, {""species"": ""Saccharodite securifera"", ""common_name"": """", ""score"": 0.028891315683722496}, {""species"": ""Saccharodite obtusa"", ""common_name"": """", ""score"": 0.02095748856663704}]"
obs_340848514_photo_620354575_box5.jpg,obs_340848514_photo_620354575,/gpfs_common/share03/ftrscape/snair3/wew_notebooks/outputs_crop/obs_340848514_photo_620354575_box5.jpg,5,Anotia burnetii,Paraleyrodes minei,FALSE,,,0.079064988,2,"[{""species"": ""Neoconis marginata"", ""common_name"": """", ""score"": 0.2411632239818573}, {""species"": ""Anotia burnetii"", ""common_name"": """", ""score"": 0.0790649875998497}, {""species"": ""Saccharodite coccinea"", ""common_name"": """", ""score"": 0.06445321440696716}, {""species"": ""Saccharodite securifera"", ""common_name"": """", ""score"": 0.028891315683722496}, {""species"": ""Saccharodite obtusa"", ""common_name"": """", ""score"": 0.02095748856663704}]"
obs_340848514_photo_620354575_box5.jpg,obs_340848514_photo_620354575,/gpfs_common/share03/ftrscape/snair3/wew_notebooks/outputs_crop/obs_340848514_photo_620354575_box5.jpg,5,Saccharodite coccinea,Paraleyrodes minei,FALSE,,,0.064453214,3,"[{""species"": ""Neoconis marginata"", ""common_name"": """", ""score"": 0.2411632239818573}, {""species"": ""Anotia burnetii"", ""common_name"": """", ""score"": 0.0790649875998497}, {""species"": ""Saccharodite coccinea"", ""common_name"": """", ""score"": 0.06445321440696716}, {""species"": ""Saccharodite securifera"", ""common_name"": """", ""score"": 0.028891315683722496}, {""species"": ""Saccharodite obtusa"", ""common_name"": """", ""score"": 0.02095748856663704}]"
obs_340848514_photo_620354575_box5.jpg,obs_340848514_photo_620354575,/gpfs_common/share03/ftrscape/snair3/wew_notebooks/outputs_crop/obs_340848514_photo_620354575_box5.jpg,5,Saccharodite securifera,Paraleyrodes minei,FALSE,,,0.028891316,4,"[{""species"": ""Neoconis marginata"", ""common_name"": """", ""score"": 0.2411632239818573}, {""species"": ""Anotia burnetii"", ""common_name"": """", ""score"": 0.0790649875998497}, {""species"": ""Saccharodite coccinea"", ""common_name"": """", ""score"": 0.06445321440696716}, {""species"": ""Saccharodite securifera"", ""common_name"": """", ""score"": 0.028891315683722496}, {""species"": ""Saccharodite obtusa"", ""common_name"": """", ""score"": 0.02095748856663704}]"
obs_340848514_photo_620354575_box5.jpg,obs_340848514_photo_620354575,/gpfs_common/share03/ftrscape/snair3/wew_notebooks/outputs_crop/obs_340848514_photo_620354575_box5.jpg,5,Saccharodite obtusa,Paraleyrodes minei,FALSE,,,0.020957489,5,"[{""species"": ""Neoconis marginata"", ""common_name"": """", ""score"": 0.2411632239818573}, {""species"": ""Anotia burnetii"", ""common_name"": """", ""score"": 0.0790649875998497}, {""species"": ""Saccharodite coccinea"", ""common_name"": """", ""score"": 0.06445321440696716}, {""species"": ""Saccharodite securifera"", ""common_name"": """", ""score"": 0.028891315683722496}, {""species"": ""Saccharodite obtusa"", ""common_name"": """", ""score"": 0.02095748856663704}]"
obs_340848746_photo_620355031_box1.jpg,obs_340848746_photo_620355031,/gpfs_common/share03/ftrscape/snair3/wew_notebooks/outputs_crop/obs_340848746_photo_620355031_box1.jpg,1,Pseudozaphanera splendida,Tetraleurodes perileuca,FALSE,,,0.132425398,1,"[{""species"": ""Pseudozaphanera splendida"", ""common_name"": """", ""score"": 0.13242539763450623}, {""species"": ""Tetraleurodes perileuca"", ""common_name"": """", ""score"": 0.11628246307373047}, {""species"": ""Aleuroplatus gelatinosus"", ""common_name"": """", ""score"": 0.08810671418905258}, {""species"": ""Aleuroparadoxus arctostaphyli"", ""common_name"": """", ""score"": 0.037231095135211945}, {""species"": ""Pseudozaphanera wariensis"", ""common_name"": """", ""score"": 0.03211260214447975}]"
obs_340848746_photo_620355031_box1.jpg,obs_340848746_photo_620355031,/gpfs_common/share03/ftrscape/snair3/wew_notebooks/outputs_crop/obs_340848746_photo_620355031_box1.jpg,1,Tetraleurodes perileuca,Tetraleurodes perileuca,TRUE,,,0.116282463,2,"[{""species"": ""Pseudozaphanera splendida"", ""common_name"": """", ""score"": 0.13242539763450623}, {""species"": ""Tetraleurodes perileuca"", ""common_name"": """", ""score"": 0.11628246307373047}, {""species"": ""Aleuroplatus gelatinosus"", ""common_name"": """", ""score"": 0.08810671418905258}, {""species"": ""Aleuroparadoxus arctostaphyli"", ""common_name"": """", ""score"": 0.037231095135211945}, {""species"": ""Pseudozaphanera wariensis"", ""common_name"": """", ""score"": 0.03211260214447975}]"
obs_340848746_photo_620355031_box1.jpg,obs_340848746_photo_620355031,/gpfs_common/share03/ftrscape/snair3/wew_notebooks/outputs_crop/obs_340848746_photo_620355031_box1.jpg,1,Aleuroplatus gelatinosus,Tetraleurodes perileuca,FALSE,,,0.088106714,3,"[{""species"": ""Pseudozaphanera splendida"", ""common_name"": """", ""score"": 0.13242539763450623}, {""species"": ""Tetraleurodes perileuca"", ""common_name"": """", ""score"": 0.11628246307373047}, {""species"": ""Aleuroplatus gelatinosus"", ""common_name"": """", ""score"": 0.08810671418905258}, {""species"": ""Aleuroparadoxus arctostaphyli"", ""common_name"": """", ""score"": 0.037231095135211945}, {""species"": ""Pseudozaphanera wariensis"", ""common_name"": """", ""score"": 0.03211260214447975}]"
obs_340848746_photo_620355031_box1.jpg,obs_340848746_photo_620355031,/gpfs_common/share03/ftrscape/snair3/wew_notebooks/outputs_crop/obs_340848746_photo_620355031_box1.jpg,1,Aleuroparadoxus arctostaphyli,Tetraleurodes perileuca,FALSE,,,0.037231095,4,"[{""species"": ""Pseudozaphanera splendida"", ""common_name"": """", ""score"": 0.13242539763450623}, {""species"": ""Tetraleurodes perileuca"", ""common_name"": """", ""score"": 0.11628246307373047}, {""species"": ""Aleuroplatus gelatinosus"", ""common_name"": """", ""score"": 0.08810671418905258}, {""species"": ""Aleuroparadoxus arctostaphyli"", ""common_name"": """", ""score"": 0.037231095135211945}, {""species"": ""Pseudozaphanera wariensis"", ""common_name"": """", ""score"": 0.03211260214447975}]"
obs_340848746_photo_620355031_box1.jpg,obs_340848746_photo_620355031,/gpfs_common/share03/ftrscape/snair3/wew_notebooks/outputs_crop/obs_340848746_photo_620355031_box1.jpg,1,Pseudozaphanera wariensis,Tetraleurodes perileuca,FALSE,,,0.032112602,5,"[{""species"": ""Pseudozaphanera splendida"", ""common_name"": """", ""score"": 0.13242539763450623}, {""species"": ""Tetraleurodes perileuca"", ""common_name"": """", ""score"": 0.11628246307373047}, {""species"": ""Aleuroplatus gelatinosus"", ""common_name"": """", ""score"": 0.08810671418905258}, {""species"": ""Aleuroparadoxus arctostaphyli"", ""common_name"": """", ""score"": 0.037231095135211945}, {""species"": ""Pseudozaphanera wariensis"", ""common_name"": """", ""score"": 0.03211260214447975}]"
obs_340848746_photo_620355031_box2.jpg,obs_340848746_photo_620355031,/gpfs_common/share03/ftrscape/snair3/wew_notebooks/outputs_crop/obs_340848746_photo_620355031_box2.jpg,2,Purpureocillium atypicola,Tetraleurodes perileuca,FALSE,,,0.100508638,1,"[{""species"": ""Purpureocillium atypicola"", ""common_name"": """", ""score"": 0.10050863772630692}, {""species"": ""Ornithodoros hermsi"", ""common_name"": """", ""score"": 0.02432313747704029}, {""species"": ""Hapalotremus major"", ""common_name"": """", ""score"": 0.021586954593658447}, {""species"": ""Acanthoscurria maga"", ""common_name"": """", ""score"": 0.021003559231758118}, {""species"": ""Anoploscelus celeripes"", ""common_name"": """", ""score"": 0.017767243087291718}]"
obs_340848746_photo_620355031_box2.jpg,obs_340848746_photo_620355031,/gpfs_common/share03/ftrscape/snair3/wew_notebooks/outputs_crop/obs_340848746_photo_620355031_box2.jpg,2,Ornithodoros hermsi,Tetraleurodes perileuca,FALSE,,,0.024323137,2,"[{""species"": ""Purpureocillium atypicola"", ""common_name"": """", ""score"": 0.10050863772630692}, {""species"": ""Ornithodoros hermsi"", ""common_name"": """", ""score"": 0.02432313747704029}, {""species"": ""Hapalotremus major"", ""common_name"": """", ""score"": 0.021586954593658447}, {""species"": ""Acanthoscurria maga"", ""common_name"": """", ""score"": 0.021003559231758118}, {""species"": ""Anoploscelus celeripes"", ""common_name"": """", ""score"": 0.017767243087291718}]"
obs_340848746_photo_620355031_box2.jpg,obs_340848746_photo_620355031,/gpfs_common/share03/ftrscape/snair3/wew_notebooks/outputs_crop/obs_340848746_photo_620355031_box2.jpg,2,Hapalotremus major,Tetraleurodes perileuca,FALSE,,,0.021586955,3,"[{""species"": ""Purpureocillium atypicola"", ""common_name"": """", ""score"": 0.10050863772630692}, {""species"": ""Ornithodoros hermsi"", ""common_name"": """", ""score"": 0.02432313747704029}, {""species"": ""Hapalotremus major"", ""common_name"": """", ""score"": 0.021586954593658447}, {""species"": ""Acanthoscurria maga"", ""common_name"": """", ""score"": 0.021003559231758118}, {""species"": ""Anoploscelus celeripes"", ""common_name"": """", ""score"": 0.017767243087291718}]"
obs_340848746_photo_620355031_box2.jpg,obs_340848746_photo_620355031,/gpfs_common/share03/ftrscape/snair3/wew_notebooks/outputs_crop/obs_340848746_photo_620355031_box2.jpg,2,Acanthoscurria maga,Tetraleurodes perileuca,FALSE,,,0.021003559,4,"[{""species"": ""Purpureocillium atypicola"", ""common_name"": """", ""score"": 0.10050863772630692}, {""species"": ""Ornithodoros hermsi"", ""common_name"": """", ""score"": 0.02432313747704029}, {""species"": ""Hapalotremus major"", ""common_name"": """", ""score"": 0.021586954593658447}, {""species"": ""Acanthoscurria maga"", ""common_name"": """", ""score"": 0.021003559231758118}, {""species"": ""Anoploscelus celeripes"", ""common_name"": """", ""score"": 0.017767243087291718}]"
obs_340848746_photo_620355031_box2.jpg,obs_340848746_photo_620355031,/gpfs_common/share03/ftrscape/snair3/wew_notebooks/outputs_crop/obs_340848746_photo_620355031_box2.jpg,2,Anoploscelus celeripes,Tetraleurodes perileuca,FALSE,,,0.017767243,5,"[{""species"": ""Purpureocillium atypicola"", ""common_name"": """", ""score"": 0.10050863772630692}, {""species"": ""Ornithodoros hermsi"", ""common_name"": """", ""score"": 0.02432313747704029}, {""species"": ""Hapalotremus major"", ""common_name"": """", ""score"": 0.021586954593658447}, {""species"": ""Acanthoscurria maga"", ""common_name"": """", ""score"": 0.021003559231758118}, {""species"": ""Anoploscelus celeripes"", ""common_name"": """", ""score"": 0.017767243087291718}]"
obs_340848746_photo_620355031_box3.jpg,obs_340848746_photo_620355031,/gpfs_common/share03/ftrscape/snair3/wew_notebooks/outputs_crop/obs_340848746_photo_620355031_box3.jpg,3,Tetraleurodes perileuca,Tetraleurodes perileuca,TRUE,,,0.255063653,1,"[{""species"": ""Tetraleurodes perileuca"", ""common_name"": """", ""score"": 0.25506365299224854}, {""species"": ""Aleuroplatus gelatinosus"", ""common_name"": """", ""score"": 0.22833949327468872}, {""species"": ""Aleuroparadoxus arctostaphyli"", ""common_name"": """", ""score"": 0.03913557529449463}, {""species"": ""Trialeurodes drewsi"", ""common_name"": """", ""score"": 0.03493720665574074}, {""species"": ""Euthoracaphis umbellulariae"", ""common_name"": ""Aphid"", ""score"": 0.024070845916867256}]"
obs_340848746_photo_620355031_box3.jpg,obs_340848746_photo_620355031,/gpfs_common/share03/ftrscape/snair3/wew_notebooks/outputs_crop/obs_340848746_photo_620355031_box3.jpg,3,Aleuroplatus gelatinosus,Tetraleurodes perileuca,FALSE,,,0.228339493,2,"[{""species"": ""Tetraleurodes perileuca"", ""common_name"": """", ""score"": 0.25506365299224854}, {""species"": ""Aleuroplatus gelatinosus"", ""common_name"": """", ""score"": 0.22833949327468872}, {""species"": ""Aleuroparadoxus arctostaphyli"", ""common_name"": """", ""score"": 0.03913557529449463}, {""species"": ""Trialeurodes drewsi"", ""common_name"": """", ""score"": 0.03493720665574074}, {""species"": ""Euthoracaphis umbellulariae"", ""common_name"": ""Aphid"", ""score"": 0.024070845916867256}]"
obs_340848746_photo_620355031_box3.jpg,obs_340848746_photo_620355031,/gpfs_common/share03/ftrscape/snair3/wew_notebooks/outputs_crop/obs_340848746_photo_620355031_box3.jpg,3,Aleuroparadoxus arctostaphyli,Tetraleurodes perileuca,FALSE,,,0.039135575,3,"[{""species"": ""Tetraleurodes perileuca"", ""common_name"": """", ""score"": 0.25506365299224854}, {""species"": ""Aleuroplatus gelatinosus"", ""common_name"": """", ""score"": 0.22833949327468872}, {""species"": ""Aleuroparadoxus arctostaphyli"", ""common_name"": """", ""score"": 0.03913557529449463}, {""species"": ""Trialeurodes drewsi"", ""common_name"": """", ""score"": 0.03493720665574074}, {""species"": ""Euthoracaphis umbellulariae"", ""common_name"": ""Aphid"", ""score"": 0.024070845916867256}]"
obs_340848746_photo_620355031_box3.jpg,obs_340848746_photo_620355031,/gpfs_common/share03/ftrscape/snair3/wew_notebooks/outputs_crop/obs_340848746_photo_620355031_box3.jpg,3,Trialeurodes drewsi,Tetraleurodes perileuca,FALSE,,,0.034937207,4,"[{""species"": ""Tetraleurodes perileuca"", ""common_name"": """", ""score"": 0.25506365299224854}, {""species"": ""Aleuroplatus gelatinosus"", ""common_name"": """", ""score"": 0.22833949327468872}, {""species"": ""Aleuroparadoxus arctostaphyli"", ""common_name"": """", ""score"": 0.03913557529449463}, {""species"": ""Trialeurodes drewsi"", ""common_name"": """", ""score"": 0.03493720665574074}, {""species"": ""Euthoracaphis umbellulariae"", ""common_name"": ""Aphid"", ""score"": 0.024070845916867256}]"
obs_340848746_photo_620355031_box3.jpg,obs_340848746_photo_620355031,/gpfs_common/share03/ftrscape/snair3/wew_notebooks/outputs_crop/obs_340848746_photo_620355031_box3.jpg,3,Euthoracaphis umbellulariae,Tetraleurodes perileuca,FALSE,,Aphid,0.024070846,5,"[{""species"": ""Tetraleurodes perileuca"", ""common_name"": """", ""score"": 0.25506365299224854}, {""species"": ""Aleuroplatus gelatinosus"", ""common_name"": """", ""score"": 0.22833949327468872}, {""species"": ""Aleuroparadoxus arctostaphyli"", ""common_name"": """", ""score"": 0.03913557529449463}, {""species"": ""Trialeurodes drewsi"", ""common_name"": """", ""score"": 0.03493720665574074}, {""species"": ""Euthoracaphis umbellulariae"", ""common_name"": ""Aphid"", ""score"": 0.024070845916867256}]"
obs_340848746_photo_620355031_box4.jpg,obs_340848746_photo_620355031,/gpfs_common/share03/ftrscape/snair3/wew_notebooks/outputs_crop/obs_340848746_photo_620355031_box4.jpg,4,Aleuroplatus gelatinosus,Tetraleurodes perileuca,FALSE,,,0.275316745,1,"[{""species"": ""Aleuroplatus gelatinosus"", ""common_name"": """", ""score"": 0.2753167450428009}, {""species"": ""Tetraleurodes perileuca"", ""common_name"": """", ""score"": 0.1280771642923355}, {""species"": ""Aleuroparadoxus arctostaphyli"", ""common_name"": """", ""score"": 0.055066391825675964}, {""species"": ""Trialeurodes drewsi"", ""common_name"": """", ""score"": 0.03017297200858593}, {""species"": ""Pseudozaphanera splendida"", ""common_name"": """", ""score"": 0.026005368679761887}]"
obs_340848746_photo_620355031_box4.jpg,obs_340848746_photo_620355031,/gpfs_common/share03/ftrscape/snair3/wew_notebooks/outputs_crop/obs_340848746_photo_620355031_box4.jpg,4,Tetraleurodes perileuca,Tetraleurodes perileuca,TRUE,,,0.128077164,2,"[{""species"": ""Aleuroplatus gelatinosus"", ""common_name"": """", ""score"": 0.2753167450428009}, {""species"": ""Tetraleurodes perileuca"", ""common_name"": """", ""score"": 0.1280771642923355}, {""species"": ""Aleuroparadoxus arctostaphyli"", ""common_name"": """", ""score"": 0.055066391825675964}, {""species"": ""Trialeurodes drewsi"", ""common_name"": """", ""score"": 0.03017297200858593}, {""species"": ""Pseudozaphanera splendida"", ""common_name"": """", ""score"": 0.026005368679761887}]"
obs_340848746_photo_620355031_box4.jpg,obs_340848746_photo_620355031,/gpfs_common/share03/ftrscape/snair3/wew_notebooks/outputs_crop/obs_340848746_photo_620355031_box4.jpg,4,Aleuroparadoxus arctostaphyli,Tetraleurodes perileuca,FALSE,,,0.055066392,3,"[{""species"": ""Aleuroplatus gelatinosus"", ""common_name"": """", ""score"": 0.2753167450428009}, {""species"": ""Tetraleurodes perileuca"", ""common_name"": """", ""score"": 0.1280771642923355}, {""species"": ""Aleuroparadoxus arctostaphyli"", ""common_name"": """", ""score"": 0.055066391825675964}, {""species"": ""Trialeurodes drewsi"", ""common_name"": """", ""score"": 0.03017297200858593}, {""species"": ""Pseudozaphanera splendida"", ""common_name"": """", ""score"": 0.026005368679761887}]"
obs_340848746_photo_620355031_box4.jpg,obs_340848746_photo_620355031,/gpfs_common/share03/ftrscape/snair3/wew_notebooks/outputs_crop/obs_340848746_photo_620355031_box4.jpg,4,Trialeurodes drewsi,Tetraleurodes perileuca,FALSE,,,0.030172972,4,"[{""species"": ""Aleuroplatus gelatinosus"", ""common_name"": """", ""score"": 0.2753167450428009}, {""species"": ""Tetraleurodes perileuca"", ""common_name"": """", ""score"": 0.1280771642923355}, {""species"": ""Aleuroparadoxus arctostaphyli"", ""common_name"": """", ""score"": 0.055066391825675964}, {""species"": ""Trialeurodes drewsi"", ""common_name"": """", ""score"": 0.03017297200858593}, {""species"": ""Pseudozaphanera splendida"", ""common_name"": """", ""score"": 0.026005368679761887}]"
obs_340848746_photo_620355031_box4.jpg,obs_340848746_photo_620355031,/gpfs_common/share03/ftrscape/snair3/wew_notebooks/outputs_crop/obs_340848746_photo_620355031_box4.jpg,4,Pseudozaphanera splendida,Tetraleurodes perileuca,FALSE,,,0.026005369,5,"[{""species"": ""Aleuroplatus gelatinosus"", ""common_name"": """", ""score"": 0.2753167450428009}, {""species"": ""Tetraleurodes perileuca"", ""common_name"": """", ""score"": 0.1280771642923355}, {""species"": ""Aleuroparadoxus arctostaphyli"", ""common_name"": """", ""score"": 0.055066391825675964}, {""species"": ""Trialeurodes drewsi"", ""common_name"": """", ""score"": 0.03017297200858593}, {""species"": ""Pseudozaphanera splendida"", ""common_name"": """", ""score"": 0.026005368679761887}]"
obs_341060278_photo_547585371_box1.jpg,obs_341060278_photo_547585371,/gpfs_common/share03/ftrscape/snair3/wew_notebooks/outputs_crop/obs_341060278_photo_547585371_box1.jpg,1,Epilobium latifolium L.,Chamaenerion angustifolium,FALSE,,,0.54411763,1,"[{""species"": ""Epilobium latifolium L."", ""common_name"": """", ""score"": 0.5441176295280457}, {""species"": ""Chamaenerion speciosum"", ""common_name"": """", ""score"": 0.15867862105369568}, {""species"": ""Chamaenerion latifolium"", ""common_name"": ""river beauty"", ""score"": 0.07244689017534256}, {""species"": ""Chamaenerion angustifolium"", ""common_name"": ""Rosebay Willowherb"", ""score"": 0.044757358729839325}, {""species"": ""Epilobium angustifolium L."", ""common_name"": """", ""score"": 0.027282502502202988}]"
obs_341060278_photo_547585371_box1.jpg,obs_341060278_photo_547585371,/gpfs_common/share03/ftrscape/snair3/wew_notebooks/outputs_crop/obs_341060278_photo_547585371_box1.jpg,1,Chamaenerion speciosum,Chamaenerion angustifolium,FALSE,,,0.158678621,2,"[{""species"": ""Epilobium latifolium L."", ""common_name"": """", ""score"": 0.5441176295280457}, {""species"": ""Chamaenerion speciosum"", ""common_name"": """", ""score"": 0.15867862105369568}, {""species"": ""Chamaenerion latifolium"", ""common_name"": ""river beauty"", ""score"": 0.07244689017534256}, {""species"": ""Chamaenerion angustifolium"", ""common_name"": ""Rosebay Willowherb"", ""score"": 0.044757358729839325}, {""species"": ""Epilobium angustifolium L."", ""common_name"": """", ""score"": 0.027282502502202988}]"
obs_341060278_photo_547585371_box1.jpg,obs_341060278_photo_547585371,/gpfs_common/share03/ftrscape/snair3/wew_notebooks/outputs_crop/obs_341060278_photo_547585371_box1.jpg,1,Chamaenerion latifolium,Chamaenerion angustifolium,FALSE,,river beauty,0.07244689,3,"[{""species"": ""Epilobium latifolium L."", ""common_name"": """", ""score"": 0.5441176295280457}, {""species"": ""Chamaenerion speciosum"", ""common_name"": """", ""score"": 0.15867862105369568}, {""species"": ""Chamaenerion latifolium"", ""common_name"": ""river beauty"", ""score"": 0.07244689017534256}, {""species"": ""Chamaenerion angustifolium"", ""common_name"": ""Rosebay Willowherb"", ""score"": 0.044757358729839325}, {""species"": ""Epilobium angustifolium L."", ""common_name"": """", ""score"": 0.027282502502202988}]"
obs_341060278_photo_547585371_box1.jpg,obs_341060278_photo_547585371,/gpfs_common/share03/ftrscape/snair3/wew_notebooks/outputs_crop/obs_341060278_photo_547585371_box1.jpg,1,Chamaenerion angustifolium,Chamaenerion angustifolium,TRUE,,Rosebay Willowherb,0.044757359,4,"[{""species"": ""Epilobium latifolium L."", ""common_name"": """", ""score"": 0.5441176295280457}, {""species"": ""Chamaenerion speciosum"", ""common_name"": """", ""score"": 0.15867862105369568}, {""species"": ""Chamaenerion latifolium"", ""common_name"": ""river beauty"", ""score"": 0.07244689017534256}, {""species"": ""Chamaenerion angustifolium"", ""common_name"": ""Rosebay Willowherb"", ""score"": 0.044757358729839325}, {""species"": ""Epilobium angustifolium L."", ""common_name"": """", ""score"": 0.027282502502202988}]"
obs_341060278_photo_547585371_box1.jpg,obs_341060278_photo_547585371,/gpfs_common/share03/ftrscape/snair3/wew_notebooks/outputs_crop/obs_341060278_photo_547585371_box1.jpg,1,Epilobium angustifolium L.,Chamaenerion angustifolium,FALSE,,,0.027282503,5,"[{""species"": ""Epilobium latifolium L."", ""common_name"": """", ""score"": 0.5441176295280457}, {""species"": ""Chamaenerion speciosum"", ""common_name"": """", ""score"": 0.15867862105369568}, {""species"": ""Chamaenerion latifolium"", ""common_name"": ""river beauty"", ""score"": 0.07244689017534256}, {""species"": ""Chamaenerion angustifolium"", ""common_name"": ""Rosebay Willowherb"", ""score"": 0.044757358729839325}, {""species"": ""Epilobium angustifolium L."", ""common_name"": """", ""score"": 0.027282502502202988}]"
obs_341060278_photo_547585371_box2.jpg,obs_341060278_photo_547585371,/gpfs_common/share03/ftrscape/snair3/wew_notebooks/outputs_crop/obs_341060278_photo_547585371_box2.jpg,2,Chamaenerion angustifolium,Chamaenerion angustifolium,TRUE,,Rosebay Willowherb,0.343061954,1,"[{""species"": ""Chamaenerion angustifolium"", ""common_name"": ""Rosebay Willowherb"", ""score"": 0.3430619537830353}, {""species"": ""Epilobium latifolium L."", ""common_name"": """", ""score"": 0.18050116300582886}, {""species"": ""Epilobium angustifolium L."", ""common_name"": """", ""score"": 0.12615826725959778}, {""species"": ""Chamaenerion speciosum"", ""common_name"": """", ""score"": 0.08949851989746094}, {""species"": ""Chamaenerion latifolium"", ""common_name"": ""river beauty"", ""score"": 0.06883325427770615}]"
obs_341060278_photo_547585371_box2.jpg,obs_341060278_photo_547585371,/gpfs_common/share03/ftrscape/snair3/wew_notebooks/outputs_crop/obs_341060278_photo_547585371_box2.jpg,2,Epilobium latifolium L.,Chamaenerion angustifolium,FALSE,,,0.180501163,2,"[{""species"": ""Chamaenerion angustifolium"", ""common_name"": ""Rosebay Willowherb"", ""score"": 0.3430619537830353}, {""species"": ""Epilobium latifolium L."", ""common_name"": """", ""score"": 0.18050116300582886}, {""species"": ""Epilobium angustifolium L."", ""common_name"": """", ""score"": 0.12615826725959778}, {""species"": ""Chamaenerion speciosum"", ""common_name"": """", ""score"": 0.08949851989746094}, {""species"": ""Chamaenerion latifolium"", ""common_name"": ""river beauty"", ""score"": 0.06883325427770615}]"
obs_341060278_photo_547585371_box2.jpg,obs_341060278_photo_547585371,/gpfs_common/share03/ftrscape/snair3/wew_notebooks/outputs_crop/obs_341060278_photo_547585371_box2.jpg,2,Epilobium angustifolium L.,Chamaenerion angustifolium,FALSE,,,0.126158267,3,"[{""species"": ""Chamaenerion angustifolium"", ""common_name"": ""Rosebay Willowherb"", ""score"": 0.3430619537830353}, {""species"": ""Epilobium latifolium L."", ""common_name"": """", ""score"": 0.18050116300582886}, {""species"": ""Epilobium angustifolium L."", ""common_name"": """", ""score"": 0.12615826725959778}, {""species"": ""Chamaenerion speciosum"", ""common_name"": """", ""score"": 0.08949851989746094}, {""species"": ""Chamaenerion latifolium"", ""common_name"": ""river beauty"", ""score"": 0.06883325427770615}]"
obs_341060278_photo_547585371_box2.jpg,obs_341060278_photo_547585371,/gpfs_common/share03/ftrscape/snair3/wew_notebooks/outputs_crop/obs_341060278_photo_547585371_box2.jpg,2,Chamaenerion speciosum,Chamaenerion angustifolium,FALSE,,,0.08949852,4,"[{""species"": ""Chamaenerion angustifolium"", ""common_name"": ""Rosebay Willowherb"", ""score"": 0.3430619537830353}, {""species"": ""Epilobium latifolium L."", ""common_name"": """", ""score"": 0.18050116300582886}, {""species"": ""Epilobium angustifolium L."", ""common_name"": """", ""score"": 0.12615826725959778}, {""species"": ""Chamaenerion speciosum"", ""common_name"": """", ""score"": 0.08949851989746094}, {""species"": ""Chamaenerion latifolium"", ""common_name"": ""river beauty"", ""score"": 0.06883325427770615}]"
obs_341060278_photo_547585371_box2.jpg,obs_341060278_photo_547585371,/gpfs_common/share03/ftrscape/snair3/wew_notebooks/outputs_crop/obs_341060278_photo_547585371_box2.jpg,2,Chamaenerion latifolium,Chamaenerion angustifolium,FALSE,,river beauty,0.068833254,5,"[{""species"": ""Chamaenerion angustifolium"", ""common_name"": ""Rosebay Willowherb"", ""score"": 0.3430619537830353}, {""species"": ""Epilobium latifolium L."", ""common_name"": """", ""score"": 0.18050116300582886}, {""species"": ""Epilobium angustifolium L."", ""common_name"": """", ""score"": 0.12615826725959778}, {""species"": ""Chamaenerion speciosum"", ""common_name"": """", ""score"": 0.08949851989746094}, {""species"": ""Chamaenerion latifolium"", ""common_name"": ""river beauty"", ""score"": 0.06883325427770615}]"
obs_341060278_photo_547585371_box3.jpg,obs_341060278_photo_547585371,/gpfs_common/share03/ftrscape/snair3/wew_notebooks/outputs_crop/obs_341060278_photo_547585371_box3.jpg,3,Chamaenerion angustifolium,Chamaenerion angustifolium,TRUE,,Rosebay Willowherb,0.142817885,1,"[{""species"": ""Chamaenerion angustifolium"", ""common_name"": ""Rosebay Willowherb"", ""score"": 0.142817884683609}, {""species"": ""Epilobium latifolium L."", ""common_name"": """", ""score"": 0.05291629955172539}, {""species"": ""Lygus borealis"", ""common_name"": """", ""score"": 0.030450399965047836}, {""species"": ""Chamaenerion speciosum"", ""common_name"": """", ""score"": 0.029680408537387848}, {""species"": ""Epilobium angustifolium L."", ""common_name"": """", ""score"": 0.01548316515982151}]"
obs_341060278_photo_547585371_box3.jpg,obs_341060278_photo_547585371,/gpfs_common/share03/ftrscape/snair3/wew_notebooks/outputs_crop/obs_341060278_photo_547585371_box3.jpg,3,Epilobium latifolium L.,Chamaenerion angustifolium,FALSE,,,0.0529163,2,"[{""species"": ""Chamaenerion angustifolium"", ""common_name"": ""Rosebay Willowherb"", ""score"": 0.142817884683609}, {""species"": ""Epilobium latifolium L."", ""common_name"": """", ""score"": 0.05291629955172539}, {""species"": ""Lygus borealis"", ""common_name"": """", ""score"": 0.030450399965047836}, {""species"": ""Chamaenerion speciosum"", ""common_name"": """", ""score"": 0.029680408537387848}, {""species"": ""Epilobium angustifolium L."", ""common_name"": """", ""score"": 0.01548316515982151}]"
obs_341060278_photo_547585371_box3.jpg,obs_341060278_photo_547585371,/gpfs_common/share03/ftrscape/snair3/wew_notebooks/outputs_crop/obs_341060278_photo_547585371_box3.jpg,3,Lygus borealis,Chamaenerion angustifolium,FALSE,,,0.0304504,3,"[{""species"": ""Chamaenerion angustifolium"", ""common_name"": ""Rosebay Willowherb"", ""score"": 0.142817884683609}, {""species"": ""Epilobium latifolium L."", ""common_name"": """", ""score"": 0.05291629955172539}, {""species"": ""Lygus borealis"", ""common_name"": """", ""score"": 0.030450399965047836}, {""species"": ""Chamaenerion speciosum"", ""common_name"": """", ""score"": 0.029680408537387848}, {""species"": ""Epilobium angustifolium L."", ""common_name"": """", ""score"": 0.01548316515982151}]"
obs_341060278_photo_547585371_box3.jpg,obs_341060278_photo_547585371,/gpfs_common/share03/ftrscape/snair3/wew_notebooks/outputs_crop/obs_341060278_photo_547585371_box3.jpg,3,Chamaenerion speciosum,Chamaenerion angustifolium,FALSE,,,0.029680409,4,"[{""species"": ""Chamaenerion angustifolium"", ""common_name"": ""Rosebay Willowherb"", ""score"": 0.142817884683609}, {""species"": ""Epilobium latifolium L."", ""common_name"": """", ""score"": 0.05291629955172539}, {""species"": ""Lygus borealis"", ""common_name"": """", ""score"": 0.030450399965047836}, {""species"": ""Chamaenerion speciosum"", ""common_name"": """", ""score"": 0.029680408537387848}, {""species"": ""Epilobium angustifolium L."", ""common_name"": """", ""score"": 0.01548316515982151}]"
obs_341060278_photo_547585371_box3.jpg,obs_341060278_photo_547585371,/gpfs_common/share03/ftrscape/snair3/wew_notebooks/outputs_crop/obs_341060278_photo_547585371_box3.jpg,3,Epilobium angustifolium L.,Chamaenerion angustifolium,FALSE,,,0.015483165,5,"[{""species"": ""Chamaenerion angustifolium"", ""common_name"": ""Rosebay Willowherb"", ""score"": 0.142817884683609}, {""species"": ""Epilobium latifolium L."", ""common_name"": """", ""score"": 0.05291629955172539}, {""species"": ""Lygus borealis"", ""common_name"": """", ""score"": 0.030450399965047836}, {""species"": ""Chamaenerion speciosum"", ""common_name"": """", ""score"": 0.029680408537387848}, {""species"": ""Epilobium angustifolium L."", ""common_name"": """", ""score"": 0.01548316515982151}]"
obs_341060278_photo_547585371_box4.jpg,obs_341060278_photo_547585371,/gpfs_common/share03/ftrscape/snair3/wew_notebooks/outputs_crop/obs_341060278_photo_547585371_box4.jpg,4,Epilobium latifolium L.,Chamaenerion angustifolium,FALSE,,,0.511500597,1,"[{""species"": ""Epilobium latifolium L."", ""common_name"": """", ""score"": 0.5115005970001221}, {""species"": ""Epilobium angustifolium L."", ""common_name"": """", ""score"": 0.20414036512374878}, {""species"": ""Chamaenerion angustifolium"", ""common_name"": ""Rosebay Willowherb"", ""score"": 0.10178571194410324}, {""species"": ""Chamaenerion speciosum"", ""common_name"": """", ""score"": 0.061404984444379807}, {""species"": ""Chamaenerion latifolium"", ""common_name"": ""river beauty"", ""score"": 0.025015700608491898}]"
obs_341060278_photo_547585371_box4.jpg,obs_341060278_photo_547585371,/gpfs_common/share03/ftrscape/snair3/wew_notebooks/outputs_crop/obs_341060278_photo_547585371_box4.jpg,4,Epilobium angustifolium L.,Chamaenerion angustifolium,FALSE,,,0.204140365,2,"[{""species"": ""Epilobium latifolium L."", ""common_name"": """", ""score"": 0.5115005970001221}, {""species"": ""Epilobium angustifolium L."", ""common_name"": """", ""score"": 0.20414036512374878}, {""species"": ""Chamaenerion angustifolium"", ""common_name"": ""Rosebay Willowherb"", ""score"": 0.10178571194410324}, {""species"": ""Chamaenerion speciosum"", ""common_name"": """", ""score"": 0.061404984444379807}, {""species"": ""Chamaenerion latifolium"", ""common_name"": ""river beauty"", ""score"": 0.025015700608491898}]"
obs_341060278_photo_547585371_box4.jpg,obs_341060278_photo_547585371,/gpfs_common/share03/ftrscape/snair3/wew_notebooks/outputs_crop/obs_341060278_photo_547585371_box4.jpg,4,Chamaenerion angustifolium,Chamaenerion angustifolium,TRUE,,Rosebay Willowherb,0.101785712,3,"[{""species"": ""Epilobium latifolium L."", ""common_name"": """", ""score"": 0.5115005970001221}, {""species"": ""Epilobium angustifolium L."", ""common_name"": """", ""score"": 0.20414036512374878}, {""species"": ""Chamaenerion angustifolium"", ""common_name"": ""Rosebay Willowherb"", ""score"": 0.10178571194410324}, {""species"": ""Chamaenerion speciosum"", ""common_name"": """", ""score"": 0.061404984444379807}, {""species"": ""Chamaenerion latifolium"", ""common_name"": ""river beauty"", ""score"": 0.025015700608491898}]"
obs_341060278_photo_547585371_box4.jpg,obs_341060278_photo_547585371,/gpfs_common/share03/ftrscape/snair3/wew_notebooks/outputs_crop/obs_341060278_photo_547585371_box4.jpg,4,Chamaenerion speciosum,Chamaenerion angustifolium,FALSE,,,0.061404984,4,"[{""species"": ""Epilobium latifolium L."", ""common_name"": """", ""score"": 0.5115005970001221}, {""species"": ""Epilobium angustifolium L."", ""common_name"": """", ""score"": 0.20414036512374878}, {""species"": ""Chamaenerion angustifolium"", ""common_name"": ""Rosebay Willowherb"", ""score"": 0.10178571194410324}, {""species"": ""Chamaenerion speciosum"", ""common_name"": """", ""score"": 0.061404984444379807}, {""species"": ""Chamaenerion latifolium"", ""common_name"": ""river beauty"", ""score"": 0.025015700608491898}]"
obs_341060278_photo_547585371_box4.jpg,obs_341060278_photo_547585371,/gpfs_common/share03/ftrscape/snair3/wew_notebooks/outputs_crop/obs_341060278_photo_547585371_box4.jpg,4,Chamaenerion latifolium,Chamaenerion angustifolium,FALSE,,river beauty,0.025015701,5,"[{""species"": ""Epilobium latifolium L."", ""common_name"": """", ""score"": 0.5115005970001221}, {""species"": ""Epilobium angustifolium L."", ""common_name"": """", ""score"": 0.20414036512374878}, {""species"": ""Chamaenerion angustifolium"", ""common_name"": ""Rosebay Willowherb"", ""score"": 0.10178571194410324}, {""species"": ""Chamaenerion speciosum"", ""common_name"": """", ""score"": 0.061404984444379807}, {""species"": ""Chamaenerion latifolium"", ""common_name"": ""river beauty"", ""score"": 0.025015700608491898}]"
obs_341060278_photo_547585371_box5.jpg,obs_341060278_photo_547585371,/gpfs_common/share03/ftrscape/snair3/wew_notebooks/outputs_crop/obs_341060278_photo_547585371_box5.jpg,5,Epilobium latifolium L.,Chamaenerion angustifolium,FALSE,,,0.741615295,1,"[{""species"": ""Epilobium latifolium L."", ""common_name"": """", ""score"": 0.7416152954101562}, {""species"": ""Chamaenerion latifolium"", ""common_name"": ""river beauty"", ""score"": 0.07572898268699646}, {""species"": ""Chamaenerion speciosum"", ""common_name"": """", ""score"": 0.05604349449276924}, {""species"": ""Epilobium angustifolium L."", ""common_name"": """", ""score"": 0.046833235770463943}, {""species"": ""Chamaenerion angustifolium"", ""common_name"": ""Rosebay Willowherb"", ""score"": 0.0180890504270792}]"
obs_341060278_photo_547585371_box5.jpg,obs_341060278_photo_547585371,/gpfs_common/share03/ftrscape/snair3/wew_notebooks/outputs_crop/obs_341060278_photo_547585371_box5.jpg,5,Chamaenerion latifolium,Chamaenerion angustifolium,FALSE,,river beauty,0.075728983,2,"[{""species"": ""Epilobium latifolium L."", ""common_name"": """", ""score"": 0.7416152954101562}, {""species"": ""Chamaenerion latifolium"", ""common_name"": ""river beauty"", ""score"": 0.07572898268699646}, {""species"": ""Chamaenerion speciosum"", ""common_name"": """", ""score"": 0.05604349449276924}, {""species"": ""Epilobium angustifolium L."", ""common_name"": """", ""score"": 0.046833235770463943}, {""species"": ""Chamaenerion angustifolium"", ""common_name"": ""Rosebay Willowherb"", ""score"": 0.0180890504270792}]"
obs_341060278_photo_547585371_box5.jpg,obs_341060278_photo_547585371,/gpfs_common/share03/ftrscape/snair3/wew_notebooks/outputs_crop/obs_341060278_photo_547585371_box5.jpg,5,Chamaenerion speciosum,Chamaenerion angustifolium,FALSE,,,0.056043494,3,"[{""species"": ""Epilobium latifolium L."", ""common_name"": """", ""score"": 0.7416152954101562}, {""species"": ""Chamaenerion latifolium"", ""common_name"": ""river beauty"", ""score"": 0.07572898268699646}, {""species"": ""Chamaenerion speciosum"", ""common_name"": """", ""score"": 0.05604349449276924}, {""species"": ""Epilobium angustifolium L."", ""common_name"": """", ""score"": 0.046833235770463943}, {""species"": ""Chamaenerion angustifolium"", ""common_name"": ""Rosebay Willowherb"", ""score"": 0.0180890504270792}]"
obs_341060278_photo_547585371_box5.jpg,obs_341060278_photo_547585371,/gpfs_common/share03/ftrscape/snair3/wew_notebooks/outputs_crop/obs_341060278_photo_547585371_box5.jpg,5,Epilobium angustifolium L.,Chamaenerion angustifolium,FALSE,,,0.046833236,4,"[{""species"": ""Epilobium latifolium L."", ""common_name"": """", ""score"": 0.7416152954101562}, {""species"": ""Chamaenerion latifolium"", ""common_name"": ""river beauty"", ""score"": 0.07572898268699646}, {""species"": ""Chamaenerion speciosum"", ""common_name"": """", ""score"": 0.05604349449276924}, {""species"": ""Epilobium angustifolium L."", ""common_name"": """", ""score"": 0.046833235770463943}, {""species"": ""Chamaenerion angustifolium"", ""common_name"": ""Rosebay Willowherb"", ""score"": 0.0180890504270792}]"
obs_341060278_photo_547585371_box5.jpg,obs_341060278_photo_547585371,/gpfs_common/share03/ftrscape/snair3/wew_notebooks/outputs_crop/obs_341060278_photo_547585371_box5.jpg,5,Chamaenerion angustifolium,Chamaenerion angustifolium,TRUE,,Rosebay Willowherb,0.01808905,5,"[{""species"": ""Epilobium latifolium L."", ""common_name"": """", ""score"": 0.7416152954101562}, {""species"": ""Chamaenerion latifolium"", ""common_name"": ""river beauty"", ""score"": 0.07572898268699646}, {""species"": ""Chamaenerion speciosum"", ""common_name"": """", ""score"": 0.05604349449276924}, {""species"": ""Epilobium angustifolium L."", ""common_name"": """", ""score"": 0.046833235770463943}, {""species"": ""Chamaenerion angustifolium"", ""common_name"": ""Rosebay Willowherb"", ""score"": 0.0180890504270792}]"
obs_341067936_photo_620805844_box1.jpg,obs_341067936_photo_620805844,/gpfs_common/share03/ftrscape/snair3/wew_notebooks/outputs_crop/obs_341067936_photo_620805844_box1.jpg,1,Apis mellifera,Apis mellifera,TRUE,,Honey bee,0.245456114,1,"[{""species"": ""Apis mellifera"", ""common_name"": ""Honey bee"", ""score"": 0.24545611441135406}, {""species"": ""Andrena balsamorhizae"", ""common_name"": """", ""score"": 0.01968993991613388}, {""species"": ""Hesperapis cockerelli"", ""common_name"": """", ""score"": 0.01497234869748354}, {""species"": ""Varroa destructor"", ""common_name"": ""Honey bee mite"", ""score"": 0.013364417478442192}, {""species"": ""Andrena binominata"", ""common_name"": """", ""score"": 0.010275349952280521}]"
obs_341067936_photo_620805844_box1.jpg,obs_341067936_photo_620805844,/gpfs_common/share03/ftrscape/snair3/wew_notebooks/outputs_crop/obs_341067936_photo_620805844_box1.jpg,1,Andrena balsamorhizae,Apis mellifera,FALSE,,,0.01968994,2,"[{""species"": ""Apis mellifera"", ""common_name"": ""Honey bee"", ""score"": 0.24545611441135406}, {""species"": ""Andrena balsamorhizae"", ""common_name"": """", ""score"": 0.01968993991613388}, {""species"": ""Hesperapis cockerelli"", ""common_name"": """", ""score"": 0.01497234869748354}, {""species"": ""Varroa destructor"", ""common_name"": ""Honey bee mite"", ""score"": 0.013364417478442192}, {""species"": ""Andrena binominata"", ""common_name"": """", ""score"": 0.010275349952280521}]"
obs_341067936_photo_620805844_box1.jpg,obs_341067936_photo_620805844,/gpfs_common/share03/ftrscape/snair3/wew_notebooks/outputs_crop/obs_341067936_photo_620805844_box1.jpg,1,Hesperapis cockerelli,Apis mellifera,FALSE,,,0.014972349,3,"[{""species"": ""Apis mellifera"", ""common_name"": ""Honey bee"", ""score"": 0.24545611441135406}, {""species"": ""Andrena balsamorhizae"", ""common_name"": """", ""score"": 0.01968993991613388}, {""species"": ""Hesperapis cockerelli"", ""common_name"": """", ""score"": 0.01497234869748354}, {""species"": ""Varroa destructor"", ""common_name"": ""Honey bee mite"", ""score"": 0.013364417478442192}, {""species"": ""Andrena binominata"", ""common_name"": """", ""score"": 0.010275349952280521}]"
obs_341067936_photo_620805844_box1.jpg,obs_341067936_photo_620805844,/gpfs_common/share03/ftrscape/snair3/wew_notebooks/outputs_crop/obs_341067936_photo_620805844_box1.jpg,1,Varroa destructor,Apis mellifera,FALSE,,Honey bee mite,0.013364417,4,"[{""species"": ""Apis mellifera"", ""common_name"": ""Honey bee"", ""score"": 0.24545611441135406}, {""species"": ""Andrena balsamorhizae"", ""common_name"": """", ""score"": 0.01968993991613388}, {""species"": ""Hesperapis cockerelli"", ""common_name"": """", ""score"": 0.01497234869748354}, {""species"": ""Varroa destructor"", ""common_name"": ""Honey bee mite"", ""score"": 0.013364417478442192}, {""species"": ""Andrena binominata"", ""common_name"": """", ""score"": 0.010275349952280521}]"
obs_341067936_photo_620805844_box1.jpg,obs_341067936_photo_620805844,/gpfs_common/share03/ftrscape/snair3/wew_notebooks/outputs_crop/obs_341067936_photo_620805844_box1.jpg,1,Andrena binominata,Apis mellifera,FALSE,,,0.01027535,5,"[{""species"": ""Apis mellifera"", ""common_name"": ""Honey bee"", ""score"": 0.24545611441135406}, {""species"": ""Andrena balsamorhizae"", ""common_name"": """", ""score"": 0.01968993991613388}, {""species"": ""Hesperapis cockerelli"", ""common_name"": """", ""score"": 0.01497234869748354}, {""species"": ""Varroa destructor"", ""common_name"": ""Honey bee mite"", ""score"": 0.013364417478442192}, {""species"": ""Andrena binominata"", ""common_name"": """", ""score"": 0.010275349952280521}]"
obs_341067936_photo_620805844_box2.jpg,obs_341067936_photo_620805844,/gpfs_common/share03/ftrscape/snair3/wew_notebooks/outputs_crop/obs_341067936_photo_620805844_box2.jpg,2,Apis mellifera,Apis mellifera,TRUE,,Honey bee,0.340535581,1,"[{""species"": ""Apis mellifera"", ""common_name"": ""Honey bee"", ""score"": 0.34053558111190796}, {""species"": ""Clematis pauciflora"", ""common_name"": """", ""score"": 0.024664554744958878}, {""species"": ""Clematis drummondii"", ""common_name"": ""Texas virgin's bower"", ""score"": 0.015899017453193665}, {""species"": ""Hesperapis cockerelli"", ""common_name"": """", ""score"": 0.01319634448736906}, {""species"": ""Lasioglossum actinosum"", ""common_name"": """", ""score"": 0.009883378632366657}]"
obs_341067936_photo_620805844_box2.jpg,obs_341067936_photo_620805844,/gpfs_common/share03/ftrscape/snair3/wew_notebooks/outputs_crop/obs_341067936_photo_620805844_box2.jpg,2,Clematis pauciflora,Apis mellifera,FALSE,,,0.024664555,2,"[{""species"": ""Apis mellifera"", ""common_name"": ""Honey bee"", ""score"": 0.34053558111190796}, {""species"": ""Clematis pauciflora"", ""common_name"": """", ""score"": 0.024664554744958878}, {""species"": ""Clematis drummondii"", ""common_name"": ""Texas virgin's bower"", ""score"": 0.015899017453193665}, {""species"": ""Hesperapis cockerelli"", ""common_name"": """", ""score"": 0.01319634448736906}, {""species"": ""Lasioglossum actinosum"", ""common_name"": """", ""score"": 0.009883378632366657}]"
obs_341067936_photo_620805844_box2.jpg,obs_341067936_photo_620805844,/gpfs_common/share03/ftrscape/snair3/wew_notebooks/outputs_crop/obs_341067936_photo_620805844_box2.jpg,2,Clematis drummondii,Apis mellifera,FALSE,,Texas virgin's bower,0.015899017,3,"[{""species"": ""Apis mellifera"", ""common_name"": ""Honey bee"", ""score"": 0.34053558111190796}, {""species"": ""Clematis pauciflora"", ""common_name"": """", ""score"": 0.024664554744958878}, {""species"": ""Clematis drummondii"", ""common_name"": ""Texas virgin's bower"", ""score"": 0.015899017453193665}, {""species"": ""Hesperapis cockerelli"", ""common_name"": """", ""score"": 0.01319634448736906}, {""species"": ""Lasioglossum actinosum"", ""common_name"": """", ""score"": 0.009883378632366657}]"
obs_341067936_photo_620805844_box2.jpg,obs_341067936_photo_620805844,/gpfs_common/share03/ftrscape/snair3/wew_notebooks/outputs_crop/obs_341067936_photo_620805844_box2.jpg,2,Hesperapis cockerelli,Apis mellifera,FALSE,,,0.013196344,4,"[{""species"": ""Apis mellifera"", ""common_name"": ""Honey bee"", ""score"": 0.34053558111190796}, {""species"": ""Clematis pauciflora"", ""common_name"": """", ""score"": 0.024664554744958878}, {""species"": ""Clematis drummondii"", ""common_name"": ""Texas virgin's bower"", ""score"": 0.015899017453193665}, {""species"": ""Hesperapis cockerelli"", ""common_name"": """", ""score"": 0.01319634448736906}, {""species"": ""Lasioglossum actinosum"", ""common_name"": """", ""score"": 0.009883378632366657}]"
obs_341067936_photo_620805844_box2.jpg,obs_341067936_photo_620805844,/gpfs_common/share03/ftrscape/snair3/wew_notebooks/outputs_crop/obs_341067936_photo_620805844_box2.jpg,2,Lasioglossum actinosum,Apis mellifera,FALSE,,,0.009883379,5,"[{""species"": ""Apis mellifera"", ""common_name"": ""Honey bee"", ""score"": 0.34053558111190796}, {""species"": ""Clematis pauciflora"", ""common_name"": """", ""score"": 0.024664554744958878}, {""species"": ""Clematis drummondii"", ""common_name"": ""Texas virgin's bower"", ""score"": 0.015899017453193665}, {""species"": ""Hesperapis cockerelli"", ""common_name"": """", ""score"": 0.01319634448736906}, {""species"": ""Lasioglossum actinosum"", ""common_name"": """", ""score"": 0.009883378632366657}]"
obs_341067936_photo_620805844_box3.jpg,obs_341067936_photo_620805844,/gpfs_common/share03/ftrscape/snair3/wew_notebooks/outputs_crop/obs_341067936_photo_620805844_box3.jpg,3,Apis mellifera,Apis mellifera,TRUE,,Honey bee,0.208966494,1,"[{""species"": ""Apis mellifera"", ""common_name"": ""Honey bee"", ""score"": 0.20896649360656738}, {""species"": ""Clematis pauciflora"", ""common_name"": """", ""score"": 0.14398688077926636}, {""species"": ""Clematis lasiantha"", ""common_name"": """", ""score"": 0.03956102207303047}, {""species"": ""Crossosoma californicum"", ""common_name"": """", ""score"": 0.02202524244785309}, {""species"": ""Clematis montevidensis"", ""common_name"": """", ""score"": 0.01945011503994465}]"
obs_341067936_photo_620805844_box3.jpg,obs_341067936_photo_620805844,/gpfs_common/share03/ftrscape/snair3/wew_notebooks/outputs_crop/obs_341067936_photo_620805844_box3.jpg,3,Clematis pauciflora,Apis mellifera,FALSE,,,0.143986881,2,"[{""species"": ""Apis mellifera"", ""common_name"": ""Honey bee"", ""score"": 0.20896649360656738}, {""species"": ""Clematis pauciflora"", ""common_name"": """", ""score"": 0.14398688077926636}, {""species"": ""Clematis lasiantha"", ""common_name"": """", ""score"": 0.03956102207303047}, {""species"": ""Crossosoma californicum"", ""common_name"": """", ""score"": 0.02202524244785309}, {""species"": ""Clematis montevidensis"", ""common_name"": """", ""score"": 0.01945011503994465}]"
obs_341067936_photo_620805844_box3.jpg,obs_341067936_photo_620805844,/gpfs_common/share03/ftrscape/snair3/wew_notebooks/outputs_crop/obs_341067936_photo_620805844_box3.jpg,3,Clematis lasiantha,Apis mellifera,FALSE,,,0.039561022,3,"[{""species"": ""Apis mellifera"", ""common_name"": ""Honey bee"", ""score"": 0.20896649360656738}, {""species"": ""Clematis pauciflora"", ""common_name"": """", ""score"": 0.14398688077926636}, {""species"": ""Clematis lasiantha"", ""common_name"": """", ""score"": 0.03956102207303047}, {""species"": ""Crossosoma californicum"", ""common_name"": """", ""score"": 0.02202524244785309}, {""species"": ""Clematis montevidensis"", ""common_name"": """", ""score"": 0.01945011503994465}]"
obs_341067936_photo_620805844_box3.jpg,obs_341067936_photo_620805844,/gpfs_common/share03/ftrscape/snair3/wew_notebooks/outputs_crop/obs_341067936_photo_620805844_box3.jpg,3,Crossosoma californicum,Apis mellifera,FALSE,,,0.022025242,4,"[{""species"": ""Apis mellifera"", ""common_name"": ""Honey bee"", ""score"": 0.20896649360656738}, {""species"": ""Clematis pauciflora"", ""common_name"": """", ""score"": 0.14398688077926636}, {""species"": ""Clematis lasiantha"", ""common_name"": """", ""score"": 0.03956102207303047}, {""species"": ""Crossosoma californicum"", ""common_name"": """", ""score"": 0.02202524244785309}, {""species"": ""Clematis montevidensis"", ""common_name"": """", ""score"": 0.01945011503994465}]"
obs_341067936_photo_620805844_box3.jpg,obs_341067936_photo_620805844,/gpfs_common/share03/ftrscape/snair3/wew_notebooks/outputs_crop/obs_341067936_photo_620805844_box3.jpg,3,Clematis montevidensis,Apis mellifera,FALSE,,,0.019450115,5,"[{""species"": ""Apis mellifera"", ""common_name"": ""Honey bee"", ""score"": 0.20896649360656738}, {""species"": ""Clematis pauciflora"", ""common_name"": """", ""score"": 0.14398688077926636}, {""species"": ""Clematis lasiantha"", ""common_name"": """", ""score"": 0.03956102207303047}, {""species"": ""Crossosoma californicum"", ""common_name"": """", ""score"": 0.02202524244785309}, {""species"": ""Clematis montevidensis"", ""common_name"": """", ""score"": 0.01945011503994465}]"
obs_341067936_photo_620805844_box4.jpg,obs_341067936_photo_620805844,/gpfs_common/share03/ftrscape/snair3/wew_notebooks/outputs_crop/obs_341067936_photo_620805844_box4.jpg,4,Eucnide bartonioides,Apis mellifera,FALSE,,,0.084479243,1,"[{""species"": ""Eucnide bartonioides"", ""common_name"": """", ""score"": 0.08447924256324768}, {""species"": ""Astridia citrina"", ""common_name"": """", ""score"": 0.01972888596355915}, {""species"": ""Epiphyllum phyllanthus"", ""common_name"": ""Climbing cactus"", ""score"": 0.014727519825100899}, {""species"": ""Capparicordis tweedieana"", ""common_name"": """", ""score"": 0.013857832178473473}, {""species"": ""Kleinia kleinioides"", ""common_name"": """", ""score"": 0.012860183604061604}]"
obs_341067936_photo_620805844_box4.jpg,obs_341067936_photo_620805844,/gpfs_common/share03/ftrscape/snair3/wew_notebooks/outputs_crop/obs_341067936_photo_620805844_box4.jpg,4,Astridia citrina,Apis mellifera,FALSE,,,0.019728886,2,"[{""species"": ""Eucnide bartonioides"", ""common_name"": """", ""score"": 0.08447924256324768}, {""species"": ""Astridia citrina"", ""common_name"": """", ""score"": 0.01972888596355915}, {""species"": ""Epiphyllum phyllanthus"", ""common_name"": ""Climbing cactus"", ""score"": 0.014727519825100899}, {""species"": ""Capparicordis tweedieana"", ""common_name"": """", ""score"": 0.013857832178473473}, {""species"": ""Kleinia kleinioides"", ""common_name"": """", ""score"": 0.012860183604061604}]"
obs_341067936_photo_620805844_box4.jpg,obs_341067936_photo_620805844,/gpfs_common/share03/ftrscape/snair3/wew_notebooks/outputs_crop/obs_341067936_photo_620805844_box4.jpg,4,Epiphyllum phyllanthus,Apis mellifera,FALSE,,Climbing cactus,0.01472752,3,"[{""species"": ""Eucnide bartonioides"", ""common_name"": """", ""score"": 0.08447924256324768}, {""species"": ""Astridia citrina"", ""common_name"": """", ""score"": 0.01972888596355915}, {""species"": ""Epiphyllum phyllanthus"", ""common_name"": ""Climbing cactus"", ""score"": 0.014727519825100899}, {""species"": ""Capparicordis tweedieana"", ""common_name"": """", ""score"": 0.013857832178473473}, {""species"": ""Kleinia kleinioides"", ""common_name"": """", ""score"": 0.012860183604061604}]"
obs_341067936_photo_620805844_box4.jpg,obs_341067936_photo_620805844,/gpfs_common/share03/ftrscape/snair3/wew_notebooks/outputs_crop/obs_341067936_photo_620805844_box4.jpg,4,Capparicordis tweedieana,Apis mellifera,FALSE,,,0.013857832,4,"[{""species"": ""Eucnide bartonioides"", ""common_name"": """", ""score"": 0.08447924256324768}, {""species"": ""Astridia citrina"", ""common_name"": """", ""score"": 0.01972888596355915}, {""species"": ""Epiphyllum phyllanthus"", ""common_name"": ""Climbing cactus"", ""score"": 0.014727519825100899}, {""species"": ""Capparicordis tweedieana"", ""common_name"": """", ""score"": 0.013857832178473473}, {""species"": ""Kleinia kleinioides"", ""common_name"": """", ""score"": 0.012860183604061604}]"
obs_341067936_photo_620805844_box4.jpg,obs_341067936_photo_620805844,/gpfs_common/share03/ftrscape/snair3/wew_notebooks/outputs_crop/obs_341067936_photo_620805844_box4.jpg,4,Kleinia kleinioides,Apis mellifera,FALSE,,,0.012860184,5,"[{""species"": ""Eucnide bartonioides"", ""common_name"": """", ""score"": 0.08447924256324768}, {""species"": ""Astridia citrina"", ""common_name"": """", ""score"": 0.01972888596355915}, {""species"": ""Epiphyllum phyllanthus"", ""common_name"": ""Climbing cactus"", ""score"": 0.014727519825100899}, {""species"": ""Capparicordis tweedieana"", ""common_name"": """", ""score"": 0.013857832178473473}, {""species"": ""Kleinia kleinioides"", ""common_name"": """", ""score"": 0.012860183604061604}]"
obs_341067936_photo_620805844_box5.jpg,obs_341067936_photo_620805844,/gpfs_common/share03/ftrscape/snair3/wew_notebooks/outputs_crop/obs_341067936_photo_620805844_box5.jpg,5,Apis mellifera,Apis mellifera,TRUE,,Honey bee,0.243258566,1,"[{""species"": ""Apis mellifera"", ""common_name"": ""Honey bee"", ""score"": 0.24325856566429138}, {""species"": ""Anemone berlandieri"", ""common_name"": ""Ten-petal anemone"", ""score"": 0.016031794250011444}, {""species"": ""Hesperapis cockerelli"", ""common_name"": """", ""score"": 0.01340150460600853}, {""species"": ""Clematis drummondii"", ""common_name"": ""Texas virgin's bower"", ""score"": 0.010971671901643276}, {""species"": ""Calliopsis gilva"", ""common_name"": """", ""score"": 0.009604845196008682}]"
obs_341067936_photo_620805844_box5.jpg,obs_341067936_photo_620805844,/gpfs_common/share03/ftrscape/snair3/wew_notebooks/outputs_crop/obs_341067936_photo_620805844_box5.jpg,5,Anemone berlandieri,Apis mellifera,FALSE,,Ten-petal anemone,0.016031794,2,"[{""species"": ""Apis mellifera"", ""common_name"": ""Honey bee"", ""score"": 0.24325856566429138}, {""species"": ""Anemone berlandieri"", ""common_name"": ""Ten-petal anemone"", ""score"": 0.016031794250011444}, {""species"": ""Hesperapis cockerelli"", ""common_name"": """", ""score"": 0.01340150460600853}, {""species"": ""Clematis drummondii"", ""common_name"": ""Texas virgin's bower"", ""score"": 0.010971671901643276}, {""species"": ""Calliopsis gilva"", ""common_name"": """", ""score"": 0.009604845196008682}]"
obs_341067936_photo_620805844_box5.jpg,obs_341067936_photo_620805844,/gpfs_common/share03/ftrscape/snair3/wew_notebooks/outputs_crop/obs_341067936_photo_620805844_box5.jpg,5,Hesperapis cockerelli,Apis mellifera,FALSE,,,0.013401505,3,"[{""species"": ""Apis mellifera"", ""common_name"": ""Honey bee"", ""score"": 0.24325856566429138}, {""species"": ""Anemone berlandieri"", ""common_name"": ""Ten-petal anemone"", ""score"": 0.016031794250011444}, {""species"": ""Hesperapis cockerelli"", ""common_name"": """", ""score"": 0.01340150460600853}, {""species"": ""Clematis drummondii"", ""common_name"": ""Texas virgin's bower"", ""score"": 0.010971671901643276}, {""species"": ""Calliopsis gilva"", ""common_name"": """", ""score"": 0.009604845196008682}]"
obs_341067936_photo_620805844_box5.jpg,obs_341067936_photo_620805844,/gpfs_common/share03/ftrscape/snair3/wew_notebooks/outputs_crop/obs_341067936_photo_620805844_box5.jpg,5,Clematis drummondii,Apis mellifera,FALSE,,Texas virgin's bower,0.010971672,4,"[{""species"": ""Apis mellifera"", ""common_name"": ""Honey bee"", ""score"": 0.24325856566429138}, {""species"": ""Anemone berlandieri"", ""common_name"": ""Ten-petal anemone"", ""score"": 0.016031794250011444}, {""species"": ""Hesperapis cockerelli"", ""common_name"": """", ""score"": 0.01340150460600853}, {""species"": ""Clematis drummondii"", ""common_name"": ""Texas virgin's bower"", ""score"": 0.010971671901643276}, {""species"": ""Calliopsis gilva"", ""common_name"": """", ""score"": 0.009604845196008682}]"
obs_341067936_photo_620805844_box5.jpg,obs_341067936_photo_620805844,/gpfs_common/share03/ftrscape/snair3/wew_notebooks/outputs_crop/obs_341067936_photo_620805844_box5.jpg,5,Calliopsis gilva,Apis mellifera,FALSE,,,0.009604845,5,"[{""species"": ""Apis mellifera"", ""common_name"": ""Honey bee"", ""score"": 0.24325856566429138}, {""species"": ""Anemone berlandieri"", ""common_name"": ""Ten-petal anemone"", ""score"": 0.016031794250011444}, {""species"": ""Hesperapis cockerelli"", ""common_name"": """", ""score"": 0.01340150460600853}, {""species"": ""Clematis drummondii"", ""common_name"": ""Texas virgin's bower"", ""score"": 0.010971671901643276}, {""species"": ""Calliopsis gilva"", ""common_name"": """", ""score"": 0.009604845196008682}]"
obs_341194952_photo_621071156_box1.jpg,obs_341194952_photo_621071156,/gpfs_common/share03/ftrscape/snair3/wew_notebooks/outputs_crop/obs_341194952_photo_621071156_box1.jpg,1,Ardea alba,Ardea alba,TRUE,,Great Egret,0.640128016,1,"[{""species"": ""Ardea alba"", ""common_name"": ""Great Egret"", ""score"": 0.6401280164718628}, {""species"": ""Ardea modesta"", ""common_name"": ""Great Egret"", ""score"": 0.35371455550193787}, {""species"": ""Egretta intermedia"", ""common_name"": ""Plumed Egret"", ""score"": 0.0007629382307641208}, {""species"": ""Egretta thula"", ""common_name"": ""Snowy Egret"", ""score"": 0.0006411901558749378}, {""species"": ""Bubulcus ibis"", ""common_name"": ""Western Cattle Egret"", ""score"": 0.00011093229113612324}]"
obs_341194952_photo_621071156_box1.jpg,obs_341194952_photo_621071156,/gpfs_common/share03/ftrscape/snair3/wew_notebooks/outputs_crop/obs_341194952_photo_621071156_box1.jpg,1,Ardea modesta,Ardea alba,FALSE,,Great Egret,0.353714556,2,"[{""species"": ""Ardea alba"", ""common_name"": ""Great Egret"", ""score"": 0.6401280164718628}, {""species"": ""Ardea modesta"", ""common_name"": ""Great Egret"", ""score"": 0.35371455550193787}, {""species"": ""Egretta intermedia"", ""common_name"": ""Plumed Egret"", ""score"": 0.0007629382307641208}, {""species"": ""Egretta thula"", ""common_name"": ""Snowy Egret"", ""score"": 0.0006411901558749378}, {""species"": ""Bubulcus ibis"", ""common_name"": ""Western Cattle Egret"", ""score"": 0.00011093229113612324}]"
obs_341194952_photo_621071156_box1.jpg,obs_341194952_photo_621071156,/gpfs_common/share03/ftrscape/snair3/wew_notebooks/outputs_crop/obs_341194952_photo_621071156_box1.jpg,1,Egretta intermedia,Ardea alba,FALSE,,Plumed Egret,0.000762938,3,"[{""species"": ""Ardea alba"", ""common_name"": ""Great Egret"", ""score"": 0.6401280164718628}, {""species"": ""Ardea modesta"", ""common_name"": ""Great Egret"", ""score"": 0.35371455550193787}, {""species"": ""Egretta intermedia"", ""common_name"": ""Plumed Egret"", ""score"": 0.0007629382307641208}, {""species"": ""Egretta thula"", ""common_name"": ""Snowy Egret"", ""score"": 0.0006411901558749378}, {""species"": ""Bubulcus ibis"", ""common_name"": ""Western Cattle Egret"", ""score"": 0.00011093229113612324}]"
obs_341194952_photo_621071156_box1.jpg,obs_341194952_photo_621071156,/gpfs_common/share03/ftrscape/snair3/wew_notebooks/outputs_crop/obs_341194952_photo_621071156_box1.jpg,1,Egretta thula,Ardea alba,FALSE,,Snowy Egret,0.00064119,4,"[{""species"": ""Ardea alba"", ""common_name"": ""Great Egret"", ""score"": 0.6401280164718628}, {""species"": ""Ardea modesta"", ""common_name"": ""Great Egret"", ""score"": 0.35371455550193787}, {""species"": ""Egretta intermedia"", ""common_name"": ""Plumed Egret"", ""score"": 0.0007629382307641208}, {""species"": ""Egretta thula"", ""common_name"": ""Snowy Egret"", ""score"": 0.0006411901558749378}, {""species"": ""Bubulcus ibis"", ""common_name"": ""Western Cattle Egret"", ""score"": 0.00011093229113612324}]"
obs_341194952_photo_621071156_box1.jpg,obs_341194952_photo_621071156,/gpfs_common/share03/ftrscape/snair3/wew_notebooks/outputs_crop/obs_341194952_photo_621071156_box1.jpg,1,Bubulcus ibis,Ardea alba,FALSE,,Western Cattle Egret,0.000110932,5,"[{""species"": ""Ardea alba"", ""common_name"": ""Great Egret"", ""score"": 0.6401280164718628}, {""species"": ""Ardea modesta"", ""common_name"": ""Great Egret"", ""score"": 0.35371455550193787}, {""species"": ""Egretta intermedia"", ""common_name"": ""Plumed Egret"", ""score"": 0.0007629382307641208}, {""species"": ""Egretta thula"", ""common_name"": ""Snowy Egret"", ""score"": 0.0006411901558749378}, {""species"": ""Bubulcus ibis"", ""common_name"": ""Western Cattle Egret"", ""score"": 0.00011093229113612324}]"
obs_341194952_photo_621071156_box2.jpg,obs_341194952_photo_621071156,/gpfs_common/share03/ftrscape/snair3/wew_notebooks/outputs_crop/obs_341194952_photo_621071156_box2.jpg,2,Ardea alba,Ardea alba,TRUE,,Great Egret,0.71517843,1,"[{""species"": ""Ardea alba"", ""common_name"": ""Great Egret"", ""score"": 0.7151784300804138}, {""species"": ""Ardea modesta"", ""common_name"": ""Great Egret"", ""score"": 0.2776086628437042}, {""species"": ""Egretta thula"", ""common_name"": ""Snowy Egret"", ""score"": 0.0012049051001667976}, {""species"": ""Egretta intermedia"", ""common_name"": ""Plumed Egret"", ""score"": 0.0004370090609882027}, {""species"": ""Bubulcus ibis"", ""common_name"": ""Western Cattle Egret"", ""score"": 0.00013192811456974596}]"
obs_341194952_photo_621071156_box2.jpg,obs_341194952_photo_621071156,/gpfs_common/share03/ftrscape/snair3/wew_notebooks/outputs_crop/obs_341194952_photo_621071156_box2.jpg,2,Ardea modesta,Ardea alba,FALSE,,Great Egret,0.277608663,2,"[{""species"": ""Ardea alba"", ""common_name"": ""Great Egret"", ""score"": 0.7151784300804138}, {""species"": ""Ardea modesta"", ""common_name"": ""Great Egret"", ""score"": 0.2776086628437042}, {""species"": ""Egretta thula"", ""common_name"": ""Snowy Egret"", ""score"": 0.0012049051001667976}, {""species"": ""Egretta intermedia"", ""common_name"": ""Plumed Egret"", ""score"": 0.0004370090609882027}, {""species"": ""Bubulcus ibis"", ""common_name"": ""Western Cattle Egret"", ""score"": 0.00013192811456974596}]"
obs_341194952_photo_621071156_box2.jpg,obs_341194952_photo_621071156,/gpfs_common/share03/ftrscape/snair3/wew_notebooks/outputs_crop/obs_341194952_photo_621071156_box2.jpg,2,Egretta thula,Ardea alba,FALSE,,Snowy Egret,0.001204905,3,"[{""species"": ""Ardea alba"", ""common_name"": ""Great Egret"", ""score"": 0.7151784300804138}, {""species"": ""Ardea modesta"", ""common_name"": ""Great Egret"", ""score"": 0.2776086628437042}, {""species"": ""Egretta thula"", ""common_name"": ""Snowy Egret"", ""score"": 0.0012049051001667976}, {""species"": ""Egretta intermedia"", ""common_name"": ""Plumed Egret"", ""score"": 0.0004370090609882027}, {""species"": ""Bubulcus ibis"", ""common_name"": ""Western Cattle Egret"", ""score"": 0.00013192811456974596}]"
obs_341194952_photo_621071156_box2.jpg,obs_341194952_photo_621071156,/gpfs_common/share03/ftrscape/snair3/wew_notebooks/outputs_crop/obs_341194952_photo_621071156_box2.jpg,2,Egretta intermedia,Ardea alba,FALSE,,Plumed Egret,0.000437009,4,"[{""species"": ""Ardea alba"", ""common_name"": ""Great Egret"", ""score"": 0.7151784300804138}, {""species"": ""Ardea modesta"", ""common_name"": ""Great Egret"", ""score"": 0.2776086628437042}, {""species"": ""Egretta thula"", ""common_name"": ""Snowy Egret"", ""score"": 0.0012049051001667976}, {""species"": ""Egretta intermedia"", ""common_name"": ""Plumed Egret"", ""score"": 0.0004370090609882027}, {""species"": ""Bubulcus ibis"", ""common_name"": ""Western Cattle Egret"", ""score"": 0.00013192811456974596}]"
obs_341194952_photo_621071156_box2.jpg,obs_341194952_photo_621071156,/gpfs_common/share03/ftrscape/snair3/wew_notebooks/outputs_crop/obs_341194952_photo_621071156_box2.jpg,2,Bubulcus ibis,Ardea alba,FALSE,,Western Cattle Egret,0.000131928,5,"[{""species"": ""Ardea alba"", ""common_name"": ""Great Egret"", ""score"": 0.7151784300804138}, {""species"": ""Ardea modesta"", ""common_name"": ""Great Egret"", ""score"": 0.2776086628437042}, {""species"": ""Egretta thula"", ""common_name"": ""Snowy Egret"", ""score"": 0.0012049051001667976}, {""species"": ""Egretta intermedia"", ""common_name"": ""Plumed Egret"", ""score"": 0.0004370090609882027}, {""species"": ""Bubulcus ibis"", ""common_name"": ""Western Cattle Egret"", ""score"": 0.00013192811456974596}]"
obs_341194952_photo_621071156_box3.jpg,obs_341194952_photo_621071156,/gpfs_common/share03/ftrscape/snair3/wew_notebooks/outputs_crop/obs_341194952_photo_621071156_box3.jpg,3,Xerospermophilus tereticaudus,Ardea alba,FALSE,,Round-tailed ground squirrel,0.055275057,1,"[{""species"": ""Xerospermophilus tereticaudus"", ""common_name"": ""Round-tailed ground squirrel"", ""score"": 0.05527505651116371}, {""species"": ""Aspidoscelis inornatus"", ""common_name"": ""Little striped whiptail"", ""score"": 0.0278131365776062}, {""species"": ""Aspidoscelis neomexicanus"", ""common_name"": ""New mexico whiptail"", ""score"": 0.024338390678167343}, {""species"": ""Aspidoscelis neotesselatus"", ""common_name"": ""Colorado checkered whiptail"", ""score"": 0.020867185667157173}, {""species"": ""Aspidoscelis uniparens"", ""common_name"": ""Desert grassland whiptail"", ""score"": 0.017713533714413643}]"
obs_341194952_photo_621071156_box3.jpg,obs_341194952_photo_621071156,/gpfs_common/share03/ftrscape/snair3/wew_notebooks/outputs_crop/obs_341194952_photo_621071156_box3.jpg,3,Aspidoscelis inornatus,Ardea alba,FALSE,,Little striped whiptail,0.027813137,2,"[{""species"": ""Xerospermophilus tereticaudus"", ""common_name"": ""Round-tailed ground squirrel"", ""score"": 0.05527505651116371}, {""species"": ""Aspidoscelis inornatus"", ""common_name"": ""Little striped whiptail"", ""score"": 0.0278131365776062}, {""species"": ""Aspidoscelis neomexicanus"", ""common_name"": ""New mexico whiptail"", ""score"": 0.024338390678167343}, {""species"": ""Aspidoscelis neotesselatus"", ""common_name"": ""Colorado checkered whiptail"", ""score"": 0.020867185667157173}, {""species"": ""Aspidoscelis uniparens"", ""common_name"": ""Desert grassland whiptail"", ""score"": 0.017713533714413643}]"
obs_341194952_photo_621071156_box3.jpg,obs_341194952_photo_621071156,/gpfs_common/share03/ftrscape/snair3/wew_notebooks/outputs_crop/obs_341194952_photo_621071156_box3.jpg,3,Aspidoscelis neomexicanus,Ardea alba,FALSE,,New mexico whiptail,0.024338391,3,"[{""species"": ""Xerospermophilus tereticaudus"", ""common_name"": ""Round-tailed ground squirrel"", ""score"": 0.05527505651116371}, {""species"": ""Aspidoscelis inornatus"", ""common_name"": ""Little striped whiptail"", ""score"": 0.0278131365776062}, {""species"": ""Aspidoscelis neomexicanus"", ""common_name"": ""New mexico whiptail"", ""score"": 0.024338390678167343}, {""species"": ""Aspidoscelis neotesselatus"", ""common_name"": ""Colorado checkered whiptail"", ""score"": 0.020867185667157173}, {""species"": ""Aspidoscelis uniparens"", ""common_name"": ""Desert grassland whiptail"", ""score"": 0.017713533714413643}]"
obs_341194952_photo_621071156_box3.jpg,obs_341194952_photo_621071156,/gpfs_common/share03/ftrscape/snair3/wew_notebooks/outputs_crop/obs_341194952_photo_621071156_box3.jpg,3,Aspidoscelis neotesselatus,Ardea alba,FALSE,,Colorado checkered whiptail,0.020867186,4,"[{""species"": ""Xerospermophilus tereticaudus"", ""common_name"": ""Round-tailed ground squirrel"", ""score"": 0.05527505651116371}, {""species"": ""Aspidoscelis inornatus"", ""common_name"": ""Little striped whiptail"", ""score"": 0.0278131365776062}, {""species"": ""Aspidoscelis neomexicanus"", ""common_name"": ""New mexico whiptail"", ""score"": 0.024338390678167343}, {""species"": ""Aspidoscelis neotesselatus"", ""common_name"": ""Colorado checkered whiptail"", ""score"": 0.020867185667157173}, {""species"": ""Aspidoscelis uniparens"", ""common_name"": ""Desert grassland whiptail"", ""score"": 0.017713533714413643}]"
obs_341194952_photo_621071156_box3.jpg,obs_341194952_photo_621071156,/gpfs_common/share03/ftrscape/snair3/wew_notebooks/outputs_crop/obs_341194952_photo_621071156_box3.jpg,3,Aspidoscelis uniparens,Ardea alba,FALSE,,Desert grassland whiptail,0.017713534,5,"[{""species"": ""Xerospermophilus tereticaudus"", ""common_name"": ""Round-tailed ground squirrel"", ""score"": 0.05527505651116371}, {""species"": ""Aspidoscelis inornatus"", ""common_name"": ""Little striped whiptail"", ""score"": 0.0278131365776062}, {""species"": ""Aspidoscelis neomexicanus"", ""common_name"": ""New mexico whiptail"", ""score"": 0.024338390678167343}, {""species"": ""Aspidoscelis neotesselatus"", ""common_name"": ""Colorado checkered whiptail"", ""score"": 0.020867185667157173}, {""species"": ""Aspidoscelis uniparens"", ""common_name"": ""Desert grassland whiptail"", ""score"": 0.017713533714413643}]"
obs_64497720_photo_103704678_box1.jpg,obs_64497720_photo_103704678,/gpfs_common/share03/ftrscape/snair3/wew_notebooks/outputs_crop/obs_64497720_photo_103704678_box1.jpg,1,Bucephala albeola,Alitta williami,FALSE,Tiny part of the image. ,Bufflehead,0.349286407,1,"[{""species"": ""Bucephala albeola"", ""common_name"": ""Bufflehead"", ""score"": 0.34928640723228455}, {""species"": ""Platichthys stellatus"", ""common_name"": ""Starry flounder"", ""score"": 0.03325711563229561}, {""species"": ""Dorosoma cepedianum"", ""common_name"": ""Gizzard shad"", ""score"": 0.030128853395581245}, {""species"": ""Lepomis cyanellus"", ""common_name"": ""Green sunfish"", ""score"": 0.0190842617303133}, {""species"": ""Ameiurus nebulosus"", ""common_name"": ""Brown bullhead"", ""score"": 0.01874185912311077}]"
obs_64497720_photo_103704678_box1.jpg,obs_64497720_photo_103704678,/gpfs_common/share03/ftrscape/snair3/wew_notebooks/outputs_crop/obs_64497720_photo_103704678_box1.jpg,1,Platichthys stellatus,Alitta williami,FALSE,Tiny part of the image. ,Starry flounder,0.033257116,2,"[{""species"": ""Bucephala albeola"", ""common_name"": ""Bufflehead"", ""score"": 0.34928640723228455}, {""species"": ""Platichthys stellatus"", ""common_name"": ""Starry flounder"", ""score"": 0.03325711563229561}, {""species"": ""Dorosoma cepedianum"", ""common_name"": ""Gizzard shad"", ""score"": 0.030128853395581245}, {""species"": ""Lepomis cyanellus"", ""common_name"": ""Green sunfish"", ""score"": 0.0190842617303133}, {""species"": ""Ameiurus nebulosus"", ""common_name"": ""Brown bullhead"", ""score"": 0.01874185912311077}]"
obs_64497720_photo_103704678_box1.jpg,obs_64497720_photo_103704678,/gpfs_common/share03/ftrscape/snair3/wew_notebooks/outputs_crop/obs_64497720_photo_103704678_box1.jpg,1,Dorosoma cepedianum,Alitta williami,FALSE,Tiny part of the image. ,Gizzard shad,0.030128853,3,"[{""species"": ""Bucephala albeola"", ""common_name"": ""Bufflehead"", ""score"": 0.34928640723228455}, {""species"": ""Platichthys stellatus"", ""common_name"": ""Starry flounder"", ""score"": 0.03325711563229561}, {""species"": ""Dorosoma cepedianum"", ""common_name"": ""Gizzard shad"", ""score"": 0.030128853395581245}, {""species"": ""Lepomis cyanellus"", ""common_name"": ""Green sunfish"", ""score"": 0.0190842617303133}, {""species"": ""Ameiurus nebulosus"", ""common_name"": ""Brown bullhead"", ""score"": 0.01874185912311077}]"
obs_64497720_photo_103704678_box1.jpg,obs_64497720_photo_103704678,/gpfs_common/share03/ftrscape/snair3/wew_notebooks/outputs_crop/obs_64497720_photo_103704678_box1.jpg,1,Lepomis cyanellus,Alitta williami,FALSE,Tiny part of the image. ,Green sunfish,0.019084262,4,"[{""species"": ""Bucephala albeola"", ""common_name"": ""Bufflehead"", ""score"": 0.34928640723228455}, {""species"": ""Platichthys stellatus"", ""common_name"": ""Starry flounder"", ""score"": 0.03325711563229561}, {""species"": ""Dorosoma cepedianum"", ""common_name"": ""Gizzard shad"", ""score"": 0.030128853395581245}, {""species"": ""Lepomis cyanellus"", ""common_name"": ""Green sunfish"", ""score"": 0.0190842617303133}, {""species"": ""Ameiurus nebulosus"", ""common_name"": ""Brown bullhead"", ""score"": 0.01874185912311077}]"
obs_64497720_photo_103704678_box1.jpg,obs_64497720_photo_103704678,/gpfs_common/share03/ftrscape/snair3/wew_notebooks/outputs_crop/obs_64497720_photo_103704678_box1.jpg,1,Ameiurus nebulosus,Alitta williami,FALSE,Tiny part of the image. ,Brown bullhead,0.018741859,5,"[{""species"": ""Bucephala albeola"", ""common_name"": ""Bufflehead"", ""score"": 0.34928640723228455}, {""species"": ""Platichthys stellatus"", ""common_name"": ""Starry flounder"", ""score"": 0.03325711563229561}, {""species"": ""Dorosoma cepedianum"", ""common_name"": ""Gizzard shad"", ""score"": 0.030128853395581245}, {""species"": ""Lepomis cyanellus"", ""common_name"": ""Green sunfish"", ""score"": 0.0190842617303133}, {""species"": ""Ameiurus nebulosus"", ""common_name"": ""Brown bullhead"", ""score"": 0.01874185912311077}]"
